#DEPTH,CASE,POR,Vma,Vsh,Sw,Sh,Sxo,Vma1,Vma2,Vma3,Shm,Shr,DEN,AC,CNL,RT,RXO,GR,SP,CAL
1500.0,非储层,0.675958787909328,14.828912099249825,84.49512911284086,98.44020775183591,1.5597922481640825,99.99,13.638282804283374,1.1758003828672008,0.01482891209924897,1.5497922481640887,0.009999999999998899,2.4376955807927825,221.55397256741864,31.26999915050327,0.4808680905491658,0.473988524353753,187.60878000602375,65.89139937205803,21.93883680546118
1500.125,非储层,0.6587979915964981,13.47297777450429,85.86822423389921,97.83737428144661,2.1626257185533904,99.39341318398652,12.391217904232471,1.0682868924973152,0.013472977774504902,1.5560389025399162,0.6065868160134769,2.3886635578245996,211.92093524924064,31.26999915050327,0.4808680905491658,0.473988524353753,206.71005255793426,66.51490502740924,21.959435633829873
1500.25,非储层,0.6437428407382256,15.040342847950717,84.31591431131106,95.8485064296466,4.151493570353393,97.37435362990176,13.832737550862525,1.1925649542402408,0.015040342847949875,1.5258472002551569,2.6256463700982335,2.3921402114287846,225.32962244789672,31.215003290726344,0.4921604303398892,0.4849721398768822,187.98953534476743,66.09017935673047,22.039490662705692
1500.375,非储层,0.6507910709628006,16.729945320947735,82.61926360808947,93.40866299358645,6.591337006413555,94.94571910792618,15.386680024816204,1.3265353508105844,0.01672994532094796,1.537056114339732,5.054280892073826,2.6179555431609893,229.29406689432497,30.9829719529215,0.5019403894488392,0.49451140521661263,191.91852890480976,65.66733568983727,21.876434130793193
1500.5,非储层,0.6323544735804715,17.429688616602277,81.93795690981725,93.72185680775583,6.278143192244167,95.25948141582907,16.030240178970782,1.382018749014893,0.017429688616602337,1.5376246080732354,4.740518584170927,2.51080715038239,220.1861628209803,30.665054130440122,0.5089343284889164,0.5013395179449202,197.92854167715248,64.84714940025037,21.917673537294068
1500.625,非储层,0.6162151631172993,16.967220093047132,82.41656474383558,96.24208541594498,3.757914584055011,97.80818732830237,15.604903750370363,1.3453491225837213,0.016967220093045722,1.5661019123573716,2.191812671697635,2.7858463736537935,221.37103692251725,30.39654500394512,0.5100941436810522,0.5024721553797393,195.18728388469617,64.42148486688662,22.150102094241923
1500.75,非储层,0.6138075180949949,17.944157424093945,81.44203505781105,98.42465413360742,1.5753458663925857,99.99,16.503401732805113,1.4228115338647358,0.01794415742409506,1.5653458663925843,0.009999999999998899,2.5578326734239525,212.6215639589727,30.38130747014058,0.5060222489597397,0.49843168954640504,192.01515615267212,65.2134216107538,22.00064229721083
1500.875,非储层,0.6058886803325195,16.90022955108439,82.4938817685831,96.73041263245113,3.269587367548865,98.3414975105003,15.543291951043134,1.3400373704901702,0.016900229551084986,1.6110848780491651,1.6585024894997025,2.5935799391522165,205.65138631217175,30.42940893322153,0.4992343543012424,0.49175816297615516,189.93255766606876,64.23755836615254,21.94775547534424
1501.0,非储层,0.6008073734767434,16.890450766295206,82.50874186022806,98.38756188798885,1.6124381120111497,99.99,15.534298315397816,1.3392620001310946,0.0168904507662963,1.6024381120111533,0.009999999999998899,2.5027430261706582,221.78456620040814,30.5620855446075,0.4944503550891094,0.48704172652609745,187.34302506314052,65.10593206562382,21.994515082394255
1501.125,非储层,0.5963670561712711,15.529753987149986,83.87387895667874,98.38442873676401,1.615571263235993,99.99,14.282853343531077,1.2313708896317577,0.01552975398715125,1.6055712632359949,0.009999999999998899,2.694414404970795,213.31291727473155,30.888159395259187,0.4892874531885869,0.48193661117360376,193.7111615140933,65.69419675271001,22.012768828114677
1501.25,非储层,0.5931589672840019,14.439121709828184,84.96771932288782,98.404641574713,1.5953584252870079,99.99,13.279789104290844,1.144893483827513,0.014439121709828445,1.5853584252870128,0.009999999999998899,2.6652103286338806,234.70307185628315,31.242123578888442,0.48172358870604237,0.4745724747923011,189.19696320252342,65.52127516257613,21.80766141554109
1501.375,非储层,0.5773343493508568,13.084704438111016,86.33796121253813,98.4201138718458,1.5798861281542065,99.99,12.03411945144968,1.0375002822232253,0.013084704438110807,1.569886128154208,0.009999999999998899,2.6560119865935947,207.47453841303076,31.753661153020193,0.4738861092593023,0.46693993961139624,182.6838063593566,65.87354323851787,22.209913031831057
1501.5,非储层,0.5802790781308489,11.380284841956612,88.03943607991253,98.45395460276048,1.546045397239526,99.99,10.466549537086765,0.9023550200278894,0.011380284841956863,1.536045397239527,0.009999999999998899,2.5061482445681604,234.65767026230145,32.10816301425584,0.4700605400296885,0.46324374963269027,201.0204047516468,65.1706142604785,22.07693657823534
1501.625,非储层,0.5724708956721203,11.733491938153918,87.69403716617397,97.10645956202082,2.8935404379791807,98.63381855863055,10.791397255798529,0.930361190417234,0.01173349193815381,1.527358996609734,1.3661814413694517,2.5122503730193517,222.58583372780134,32.448732464026634,0.4650620859566715,0.4583426161155094,185.68795030427574,65.11294004836006,22.022531067500044
1501.75,非储层,0.5714185194706676,10.778439020846765,88.65014245968257,98.41722241352348,1.5827775864765248,99.99,9.913026563996414,0.8546340178295028,0.010778439020846589,1.572777586476531,0.009999999999998899,2.507872417442714,228.07719373885905,32.4426685744561,0.46781122136051695,0.46095461931830867,204.97938374347882,66.10349442839183,22.020255635265325
1501.875,非储层,0.5579308587017534,13.189465754145434,86.25260338715282,96.19086068359054,3.80913931640946,97.80367690871174,12.130469368791127,1.0458069196001625,0.01318946575414523,1.6128162251211904,2.196323091288266,2.700119348588221,226.0019570785249,32.183996039947445,0.47628872193614086,0.46912575657177824,201.26322553625883,65.77162991854465,21.983863902597253
1502.0,非储层,0.5698619898502802,14.222366505179663,85.20777150497005,94.63735217051494,5.362647829485057,96.25366034020931,13.080437408056403,1.1277067306180795,0.01422236650517987,1.616308169694373,3.7463396597906873,2.3878869677876975,205.99841494730543,31.96121144127659,0.48410327512391654,0.47664459298744755,198.83787599701293,64.99922728678568,21.851100637925683
1502.125,非储层,0.5818015968703673,14.166984146923877,85.25121425620576,93.52977605738417,6.470223942615827,95.14044034850738,13.029501758886378,1.1233154038905755,0.01416698414692455,1.6106642911232125,4.859559651492617,2.5100738509657217,226.5278877766211,31.839267579092684,0.48933975787043316,0.48165261229497813,193.9260897155972,66.25370854623517,21.97355068000836
1502.25,非储层,0.57075698458816,12.124746405407816,87.30449661000402,95.46625748045491,4.533742519545081,97.11512276987803,11.151237481240141,0.961384177762267,0.012124746405407956,1.648865289423107,2.884877230121974,2.6120323228482425,216.30423643948603,31.738156768339714,0.48977151928722396,0.48199823215922327,195.14305479280085,64.98582364511718,22.037641033321382
1502.375,非储层,0.5619290743878459,14.269479825040266,85.16859110057189,97.10535797643439,2.894642023565608,98.80033967523755,13.123767948814013,1.1314423964012115,0.014269479825040378,1.6949816988031676,1.1996603247624416,2.6315886537910886,219.77736615354328,31.6383512015602,0.48683969110184133,0.4790733567388562,193.5570554032109,65.97912273689433,21.995040574668007
1502.5,非储层,0.5683110949526695,15.267366280553961,84.16432262449337,98.27840956443347,1.7215904355665224,99.99,14.041533027989864,1.2105658862835444,0.015267366280554036,1.7115904355665272,0.009999999999998899,2.4608706407768803,210.41627863344198,31.72554448462696,0.47963037549958043,0.47197252959297153,200.29794155237346,65.84728562879891,21.769385131767244
1502.625,非储层,0.5667670142484336,13.19194854110821,86.24128444464336,98.28972937448155,1.7102706255184508,99.99,12.132752810119426,1.0460037824476776,0.013191948541108924,1.7002706255184508,0.009999999999998899,2.674761257531307,227.02066430897983,31.823517766963253,0.47490453859086795,0.46729599854286,194.06283990778093,65.97431262543213,21.975384685381727
1502.75,非储层,0.5754147877814952,11.033692837499975,88.39089237471853,98.26274559568795,1.7372544043120608,99.99,10.147785777287949,0.8748733673745271,0.011033692837499574,1.7272544043120612,0.009999999999998899,2.5056462816575653,225.86378247406324,32.2556259205901,0.46726829232743994,0.4597948576815985,189.85879964435924,65.62941882625674,22.143459022253126
1502.875,非储层,0.5726685756791903,9.576449233113172,89.85088219120763,98.26598526561222,1.7340147343877899,99.99,8.807545828575467,0.7593269553045909,0.009576449233113758,1.7240147343877872,0.009999999999998899,2.564836251150241,254.0338550289615,33.01002784511437,0.45684265659655127,0.44955442356597963,188.5039521952169,66.79537935274429,21.95327331030677
1503.0,非储层,0.5840739271975369,7.099074379130088,92.31685169367238,97.97692604767747,2.0230739523225294,99.70885863044685,6.529082065036754,0.5628932397142042,0.007099074379130193,1.7319325827693952,0.2911413695531384,2.7923365764677803,216.04557742210514,33.407179842120485,0.4512236061339815,0.4440333958813927,207.49516601778475,66.15323023770466,21.91742397563279
1503.125,非储层,0.5857222339698033,8.879973718928047,90.53430404710215,98.2748054755344,1.725194524465612,99.99,8.166991082202944,0.7041026630061743,0.00887997371892841,1.7151945244656175,0.009999999999998899,2.8489854674628434,242.44902120077143,33.79219913398436,0.44602789015598204,0.4389173285009771,194.09108249214052,67.68900957918397,21.934224364139798
1503.25,非储层,0.5959606014530805,6.8513350598675355,92.55270433867938,98.22504344434061,1.7749565556593905,99.99,6.3012340020615705,0.5432497227460981,0.006851335059867604,1.7649565556593958,0.009999999999998899,2.840224869842229,212.08270224506947,34.068996541090925,0.4428651284647632,0.43583095804962535,198.54301711708385,67.80537141583228,21.916486472779663
1503.375,非储层,0.5828387443291962,6.578969459540007,92.8381917961308,97.77690942912552,2.2230905708744753,99.49431938597144,6.050736928603756,0.521653561476711,0.006578969459540215,1.717409956845905,0.5056806140285697,3.064812007001018,233.8872537901881,34.3106901382562,0.43943302301248965,0.432522080408502,204.39297660871887,68.38089375424539,22.03735852038066
1503.5,非储层,0.5889046575320509,4.478732539990937,94.93236280247702,98.27706807215596,1.7229319278440403,99.99,4.119130289283519,0.35512351816742777,0.0044787325399907665,1.7129319278440376,0.009999999999998899,2.555547237546454,229.0563976975693,34.657862951435845,0.43727954595964025,0.43044850359382336,197.18912018228622,68.06187587632246,22.141253088850544
1503.625,非储层,0.5857079303732191,5.14855930376762,94.26573276585917,96.0859554637649,3.914044536235095,97.75885006733249,4.735175942067881,0.40823480239596965,0.005148559303767668,1.6728946035675818,2.2411499326675077,2.7964615794293723,240.5584079539286,34.80803393323042,0.4352123030466788,0.42857317284527724,199.04859873053164,67.94253267645055,21.958117776375218
1503.75,非储层,0.5760999289913334,5.247185532869469,94.1767145381392,98.36169598588617,1.6383040141138228,99.99,4.825883365202389,0.4160549821342102,0.005247185532869774,1.6283040141138265,0.009999999999998899,2.7682576263285505,227.6953177259153,35.159908269942775,0.43112422959196744,0.424746231271378,190.1361114231193,68.645495280868,21.804399817937153
1503.875,非储层,0.5599163865099683,2.8014976285235083,96.63858598496653,97.41879725132732,2.581202748672684,99.01561809148146,2.576562372047892,0.22213375884709272,0.002801497628523433,1.596820840154135,0.9843819085185501,2.7212829407531043,236.9873310506176,35.25541028439435,0.4297852049889966,0.423601111593629,208.25671965694553,69.33885904072777,21.933014973328103
1504.0,非储层,0.5606355315167723,3.4737786575605,95.96558581092273,98.43112591342498,1.5688740865750228,99.99,3.194865234496242,0.2754396444066976,0.003473778657560409,1.5588740865750188,0.009999999999998899,2.8894748658793756,252.51597471815165,35.46886959462911,0.42454542389026145,0.41866959485654937,191.18688532457753,68.29333230568665,22.019931582542334
1504.125,非储层,0.57237585994027,2.8320693081422044,96.59555483191753,98.43719912215434,1.5628008778456604,99.99,2.6046794186424846,0.22455782019157763,0.002832069308142133,1.5528008778456657,0.009999999999998899,2.771183704253707,227.95301961965845,35.50534724441161,0.42582262323941616,0.41998209439406586,197.57444716113042,68.8856324876536,22.06935638224396
1504.25,非储层,0.5751252472175553,4.869909118364024,94.55496563441842,96.75284665871763,3.2471533412823717,98.30803349355716,4.478898879626296,0.38614032961936334,0.0048699091183641505,1.5551868348395348,1.6919665064428324,3.0156540409759365,232.02142512868699,35.518897515697915,0.42561346786196796,0.4198255425736544,195.5455656954087,67.7591459557779,22.07011600603147
1504.375,非储层,0.5618788509998222,2.653195504150585,96.7849256448496,97.4516245358893,2.548375464110708,99.00876700675566,2.4401675846800273,0.21037472396640694,0.002653195504150746,1.5571424708663713,0.9912329932443398,2.7316222995535915,254.03896621493428,35.550646116291134,0.42906629412092767,0.4231357922828008,209.9019199316655,68.82507143015745,21.996848158254952
1504.5,非储层,0.5721443177118215,3.15300691932201,96.27484876296617,94.8579985681387,5.142001431861298,96.4613185555605,2.8998486039816274,0.25000530842106083,0.003153006919321983,1.6033199874217898,3.5386814444395065,2.795121424502149,244.84875347573202,35.70109186399834,0.4306598388486502,0.4247267584389107,202.00649117285462,68.28370006761774,22.024874645233073
1504.625,非储层,0.5622520954326877,1.246527524455332,98.19122038011197,95.06862814253657,4.931371857463429,96.67631605652474,1.1464424893789147,0.09883850755196193,0.0012465275244552976,1.607687913988165,3.323683943475264,2.936650067888841,230.99871751993496,36.09454027393229,0.4256943023280881,0.42013333339743886,207.66232931491203,68.49780765007175,21.890348391956927
1504.75,非储层,0.5634708289432141,0.6298171086208337,98.80671206243595,96.44833253850787,3.551667461492136,98.05274950626179,0.5792484158552351,0.049938875656977744,0.0006298171086208419,1.6044169677539264,1.9472504937382062,2.8016860932385383,234.22241517710003,36.09725168766074,0.4257342147934017,0.4200921760315839,196.77875294418314,69.18518748773809,22.143582876591868
1504.875,非储层,0.5529600043004478,2.632306236007087,96.81473375969246,97.38895380654182,2.6110461934581775,99.02021712920934,2.4209555383337586,0.20871839143732118,0.0026323062360070204,1.63126332266752,0.9797828707906575,2.9493539134518247,250.3422411286893,36.02428468030204,0.4228361703263172,0.4172780685882537,209.76215442632292,69.28399332608575,21.96883101630306
1505.0,非储层,0.5568150211008432,3.9230996644595395,95.52008531443961,98.39679721262047,1.6032027873795318,99.99,3.608109774687728,0.3110667901073518,0.003923099664459575,1.593202787379535,0.009999999999998899,2.8430548069390613,226.86173279125194,35.757448562658396,0.4246502291382416,0.4189082650079074,198.35550812111416,68.64236929856517,21.826661910483782
1505.125,非储层,0.5554838731176702,4.123008906170322,95.32150722071201,96.63334508832878,3.3666549116712186,98.23661070406622,3.791968088459743,0.3269178088044092,0.0041230089061704365,1.6032656157374359,1.7633892959337816,2.807929432140425,257.424120172597,35.20421911182181,0.42989092995357087,0.4237282193008825,193.70065326717898,69.53579196513535,22.070362293557466
1505.25,非储层,0.5711131590610047,6.585046317960764,92.84384052297823,98.39083213494956,1.6091678650504426,99.99,6.056325869528698,0.5221354021141045,0.006585046317960502,1.599167865050448,0.009999999999998899,2.949431098491828,255.53505011019476,35.07955037944332,0.43040585729388775,0.42423325850527005,193.99743224681558,67.81727072889218,21.816650202768777
1505.375,非储层,0.5603091360666937,3.963989345091523,95.47570151884179,98.38529260748524,1.6147073925147581,99.99,3.6457163789014,0.31430897684503134,0.003963989345091715,1.6047073925147592,0.009999999999998899,2.8222039583840295,226.54651729787605,35.04069049423915,0.43368309040225805,0.4273938134038181,208.2674213564251,68.22281812269479,22.029972641588582
1505.5,非储层,0.5690493988299101,4.355647941064566,95.07530266010552,95.8149539662372,4.1850460337628075,97.42369172604997,4.005928285132819,0.345364007990683,0.004355647941064501,1.6087377598127728,2.5763082739500343,2.873544559740975,242.8578464128927,35.162280422101816,0.4323072463858526,0.4260533901765854,199.18516648136574,68.96929257305598,22.004147412855616
1505.625,非储层,0.5573177153049954,2.808051426804603,96.6346308578904,96.47013533495884,3.5298646650411603,98.10114782373988,2.5825899588190295,0.22265341655876908,0.0028080514268045455,1.6310124887810376,1.898852176260124,2.8408255177566355,244.29305918462117,35.27599208041337,0.43088925438887354,0.42463792821749263,193.51931631805522,68.68111455448954,22.10615228796274
1505.75,非储层,0.5498499951609783,5.376415992633032,94.07373401220599,98.36445135632819,1.6355486436718136,99.99,4.944737772416268,0.426301804224132,0.005376415992632867,1.6255486436718165,0.009999999999998899,2.8329251539423588,245.67844829738232,34.95620059754462,0.43504568318329756,0.4286138332541274,203.4235949448645,67.80757486981064,21.96475993807459
1505.875,非储层,0.5414040991103238,7.439585469860377,92.0190104310293,98.32928501595117,1.6707149840488267,99.99,6.8422531542098834,0.5898927301806326,0.007439585469861017,1.660714984048824,0.009999999999998899,2.7574435712011165,238.1690857816688,34.79084317292454,0.43447866609867725,0.42796132183562613,210.8445465076149,67.79558044130087,22.089355696690504
1506.0,非储层,0.539764041722448,6.147441634606898,93.31279432367066,98.2864224864027,1.7135775135972975,99.99,5.6538569366687605,0.4874372563035306,0.006147441634606933,1.7035775135973037,0.009999999999998899,2.8569692122343557,243.77459701065953,34.35679597873964,0.4393585438585548,0.432557268571943,210.04349932238728,68.79203839871866,22.15498775839368
1506.125,非储层,0.5363001744222753,7.513255290187349,91.95044453539037,97.13881877388019,2.8611812261198133,98.88197433387732,6.910007945460606,0.5957340894365549,0.007513255290187825,1.7431555599971302,1.1180256661226795,2.5382341327548823,237.89617642624847,33.982769022349174,0.4443665162458309,0.4373632123078851,204.1750273661491,67.83106631136877,21.783893586175676
1506.25,非储层,0.5285097316902475,9.440710561775823,90.03077970653392,98.28753606440925,1.7124639355907467,99.99,8.682705761092022,0.7485640901220255,0.00944071056177536,1.702463935590743,0.009999999999998899,2.745932975246728,225.4808994809177,33.604206466253984,0.4496435854305487,0.4424433324549896,187.98226956857422,66.69294041777565,21.97587381634001
1506.375,非储层,0.5311065874807541,11.542171110256616,87.92672230226263,98.24867587636159,1.7513241236384092,99.99,10.615437782861536,0.9151911562848247,0.011542171110256148,1.741324123638409,0.009999999999998899,2.789440169447768,222.05453401086632,33.11715204580564,0.4585846236452671,0.4511285059118872,192.65079001051018,67.33255990139408,22.66079084497372
1506.5,非储层,0.5450228507848653,11.425872574721296,88.02910457449384,96.26050392180535,3.7394960781946485,97.99764573980237,10.508476981776543,0.9059697203700322,0.011425872574720788,1.737141817997016,2.0023542601976363,2.8063005498627778,226.27293909906408,32.97781166327364,0.46196473929641296,0.4543915601982238,199.60187097952948,67.0945720117673,23.72986454184272
1506.625,非储层,0.5321198165499247,9.034953228614807,90.43292695483527,95.84003912516208,4.15996087483792,97.60397604875028,8.30952712043896,0.7163911549472305,0.009034953228615437,1.7639369235882072,2.396023951249715,2.367118605684399,227.0169992778001,33.166870475500275,0.46351134721676346,0.4558328717276937,196.99614628197202,65.99981460443621,23.68914033718863
1506.75,非储层,0.5437545180220889,7.414429000409816,92.04181648156809,94.68474770846119,5.315252291538808,96.41022511709248,6.819116524737153,0.587898046672255,0.00741442900040936,1.7254774086312832,3.589774882907526,2.7219513410987486,224.04554320509652,33.45740791011946,0.46132966612644444,0.4536876206643455,192.8233846086033,65.71551159295139,23.79065083068042
1506.875,非储层,0.5309778484412673,8.415949626738762,91.05307252481997,96.61479780034988,3.385202199650128,98.33958643526903,7.740223983246408,0.6673096938656148,0.008415949626738254,1.7247886349191461,1.6604135647309781,2.9898532362363834,227.86578496818802,33.729506754271505,0.4565129184481098,0.44903879493046817,202.5014332231329,66.04921721917395,23.045787710204277
1507.0,非储层,0.5160060639380715,8.504571966592367,90.97942196946957,97.12681982029476,2.873180179705248,98.80608639952983,7.821730740155564,0.6743366544702115,0.008504571966591774,1.6792665792350823,1.1939136004701645,2.6493143118740354,222.83297418093744,33.73689815182725,0.4571672199345023,0.4497064005660595,201.13736097926116,67.42199541247301,21.897326130535866
1507.125,非储层,0.5141593671653768,8.977584831993113,90.50825580084151,95.20082982573976,4.799170174260237,96.92778946872161,8.25676489405861,0.71184235310251,0.008977584831992586,1.7269596429818506,3.0722105312783854,2.8084953109197217,236.93640668963664,33.74463359882614,0.4597275496706501,0.4521840020722728,199.9394411756276,67.8077111161358,21.949850704681136
1507.25,非储层,0.5018161427273353,7.387638040213574,92.11054581705909,92.477863201418,7.522136798582002,94.1867289674474,6.794476639537944,0.5857737626354161,0.007387638040213043,1.708865766029401,5.813271032552603,2.645893422880624,241.93758312651312,33.94993714008146,0.46491743219080695,0.4572308965091747,190.5479783984693,67.71513441172793,22.27327934795205
1507.375,非储层,0.5091771565136316,6.273702414553595,93.21712042893277,89.99252459664153,10.007475403358468,91.65266968912341,5.769980102850962,0.49744860928807944,0.006273702414553214,1.6601450924818795,8.347330310876588,2.6917443364759674,237.2369128636799,34.03809428390875,0.4691395735596293,0.46133968339745446,203.86382410261325,66.70219582306495,22.09436912774838
1507.5,非储层,0.5061372961959177,7.600012088186226,91.89385061561785,92.52574648910289,7.47425351089711,94.16561946320505,6.989798946876187,0.602613129221852,0.007600012088186409,1.639872974102153,5.834380536794958,2.7151029431599687,225.02296206822805,34.30212640415145,0.465809113104365,0.45819173689286796,199.23269598811086,67.22624995911004,22.027871031471136
1507.625,非储层,0.5064226891083813,6.1329683122311796,93.36060899866044,94.98714342966723,5.012856570332769,96.61256123106982,5.640545692906813,0.4862896510121356,0.006132968312231191,1.6254178014025882,3.3874387689301844,3.0004251724643383,225.12408316760317,34.3031736558577,0.4622407936932128,0.454845098184928,193.6893962755843,67.67935754912631,21.922104660378768
1507.75,非储层,0.5195624995282575,7.335764732476003,92.14467276799574,95.45579282727394,4.5442071727260664,97.08004416700537,6.746768295447455,0.5816606722960709,0.007335764732475762,1.6242513397314262,2.9199558329946362,2.6112838806948973,221.95181362918726,34.432018487306024,0.45689017843021407,0.44968593583435024,191.6275034097732,68.56935150462144,22.011508468483154
1507.875,非储层,0.5183815777522851,4.848097633161352,94.63352078908636,92.90909736184307,7.090902638156937,94.55462146357594,4.458838662020008,0.384410873508183,0.004848097633161413,1.6455241017328754,5.4453785364240614,2.545673070450696,229.60321375137016,34.69061142835632,0.45282199995416883,0.44576231380989706,182.21171609106054,65.97351377866445,21.795047211265906
1508.0,非储层,0.5330395146171717,4.7770588020363824,94.68990168334645,92.98139043697209,7.018609563027911,94.59590601128089,4.39350361501969,0.3787781282146558,0.004777058802036627,1.6145155743088095,5.404093988719105,2.93183040185472,248.31043808420802,34.93048380556242,0.45087900640488854,0.4439266075926085,196.38015905553792,67.89562665362264,22.02229049774604
1508.125,非储层,0.5372162428725145,3.521287391651362,95.94149636547613,93.9332977405946,6.06670225940541,95.52352623082186,3.238559441250455,0.2792066630092556,0.0035212873916516587,1.590228490227266,4.476473769178146,2.720040650083351,253.07102847224982,35.19048735939051,0.4470351201505207,0.44023309119067755,192.83540753446312,66.91560309950479,21.84177228453238
1508.25,非储层,0.5287244831501339,4.513507741728462,94.95776777512141,95.83261028037438,4.167389719625614,97.4143764066555,4.151113352686825,0.3578808812999083,0.004513507741728696,1.581766126281126,2.585623593344488,2.9940897031558427,227.23680828021614,35.08579991043017,0.44222741061318693,0.43562505155308895,181.47089734098768,68.40555117687416,21.918231592563096
1508.375,非储层,0.5251399422313323,5.926371616166204,93.54848844160246,98.37543879035738,1.6245612096426165,99.99,5.450536867680365,0.4699083768696726,0.005926371616165986,1.614561209642618,0.009999999999998899,2.9488131724836646,226.46570656582992,35.123788842838465,0.43572043071617317,0.42931548246382667,199.08105659784778,68.39288108338607,22.11321292014826
1508.5,非储层,0.5396685693478824,4.312037851220296,95.14829357943182,98.36032774934485,1.6396722506551553,99.99,3.9658196962872183,0.3419061170818577,0.004312037851220011,1.629672250655155,0.009999999999998899,2.822349901576077,233.36682349717069,35.06419621603274,0.43157094335805707,0.42529450972246285,217.09168435924028,68.33926855291541,22.04203236752177
1508.625,非储层,0.5511416569864385,4.112020635281965,95.33683770773159,98.3952195752576,1.6047804247424025,99.99,3.781862077654468,0.3260465369922152,0.004112020635282281,1.5947804247423998,0.009999999999998899,2.8485678113420745,251.58214029944486,35.25858450938726,0.4265634847515835,0.4204793251587576,202.41430356503392,66.85952119739459,21.916371403131926
1508.75,非储层,0.5350111397325966,2.3851501271402675,97.07983873312713,98.19298319738206,1.8070168026179445,99.77287284637835,2.193643859164627,0.1891211178485004,0.002385150127140207,1.5798896489962893,0.22712715362165348,2.9597275187842933,241.33516121148554,35.527605497424275,0.4231307140075537,0.4172120033310341,198.75587120957476,68.70217889126172,21.80775389905316
1508.875,非储层,0.5310470649336876,3.012290134070139,96.45666280099617,98.42345642278298,1.5765435772170266,99.99,2.7704301207018114,0.23884772323425796,0.003012290134070004,1.5665435772170329,0.009999999999998899,3.013080643833446,245.58879910197345,35.71743505941829,0.42067271228853464,0.4149515329348051,179.29363440983832,68.45811280190094,21.937053151288016
1509.0,非储层,0.5176650575304834,2.281231488202584,97.20110345426693,98.45843909392462,1.5415609060753788,99.99,2.0980689594698587,0.18088129724452312,0.002281231488202441,1.5315609060753785,0.009999999999998899,2.9318238941348684,245.17182605603853,35.704117004308685,0.420837796942184,0.415121392398804,193.40939774331034,68.26673571759116,22.1984639607623
1509.125,非储层,0.5130793756770009,4.293026771761577,95.19389385256142,98.42139887954423,1.5786011204557693,99.99,3.9483350368369927,0.34039870815282286,0.004293026771761245,1.5686011204557735,0.009999999999998899,2.924434456160526,250.1574061056101,35.602752505656596,0.4222141470470986,0.4164346266861375,200.31587850559697,68.48542807534956,21.957711073852764
1509.25,非储层,0.5204445972276966,3.495954777372623,95.98360062539967,98.10673631230567,1.8932636876943354,99.67423840899333,3.2152608098071718,0.2771980127880789,0.0034959547773724155,1.5675020966876625,0.325761591006668,2.7559735015753093,240.3299799866967,35.65456967769291,0.42387273602027864,0.41808254775118936,195.1248329715724,69.122602127476,22.046592370412725
1509.375,非储层,0.5060571226044492,2.494962394064726,96.99898048333083,96.26194166621377,3.7380583337862316,97.7886829893835,2.2946391811188906,0.19782825055177033,0.002494962394064765,1.52674132316973,2.211317010616498,2.73346046123349,249.13945593645352,35.67629146258058,0.42362134407092217,0.4178748074752275,187.89416670831815,68.2606648227404,22.088670890436962
1509.5,非储层,0.49111729908028806,2.0725456484562144,97.4363370524635,98.46393252332523,1.536067476674774,99.95104821304948,1.9061387301542276,0.1643343726535305,0.0020725456484562256,1.487115689724248,0.048951786950524045,2.762897725792342,258.27298351282025,36.00862717125646,0.4192651115465404,0.41389794943299535,208.09608933244945,71.13678804746105,21.98072340637082
1509.625,非储层,0.48772707689577294,0.7248711377503603,98.78740178535386,98.49456104969904,1.5054389503009524,99.99,0.6666704547936583,0.057475811818951575,0.0007248711377503842,1.495438950300959,0.009999999999998899,2.952716777516525,234.75925382091947,36.12078335670472,0.41747682723853546,0.41226127945074853,211.62376920741713,69.66234982801548,21.937460171631532
1509.75,非储层,0.4754882981650838,2.3244517433463674,97.20005995848855,98.52067122975609,1.479328770243904,99.99,2.137819013862184,0.18430827774083675,0.0023244517433464954,1.469328770243906,0.009999999999998899,2.900439269845061,251.55705439144478,35.94691830871412,0.4195619594996769,0.4143203184397173,185.2228302383801,69.0283313805937,22.101512418235586
1509.875,非储层,0.4631716967622461,4.414230150736342,95.12259815250141,96.39707691648547,3.60292308351452,97.85198217631986,4.059806866208495,0.35000905437711116,0.00441423015073621,1.4549052598343786,2.1480178236801373,2.891482800820359,242.84435481339324,35.66799539656829,0.42529264277403134,0.4198914084344622,201.02553970552742,68.63406520386667,22.031992778081502
1510.0,非储层,0.47646044363912543,5.118993140122285,94.40454641623859,96.38837641185029,3.611623588149715,97.8300535014599,4.707983677488124,0.4058904694940398,0.0051189931401221,1.44167708960962,2.1699464985400985,3.059881726858222,226.62016603840462,35.062727302339646,0.43533346672685436,0.42952751954203533,195.0175136395661,68.20697364680866,21.96292921970119
1510.125,非储层,0.48820003771282044,7.284981499634757,92.22681846265243,96.43906770274158,3.5609322972584234,97.88165532827779,6.700062502967931,0.5776340151671915,0.007284981499634888,1.4425876255362216,2.1183446717222054,2.8694394455386445,216.99141244741273,34.8525897184158,0.44118243566356574,0.4352312474160497,194.3570055362136,69.11070439766856,21.920883484492435
1510.25,非储层,0.48246734528352214,4.613779460175205,94.90375319454128,95.52881409982521,4.47118590017479,96.95593375596003,4.243334147057663,0.3658315336573659,0.004613779460175497,1.4271196561348258,3.044066244039967,2.863426397979237,215.40507147886828,34.65898164334892,0.44579611712719497,0.43972331300788564,197.99415328250913,68.60649244857157,22.087881299886487
1510.375,非储层,0.49458005029477703,6.493147238938524,93.0122727107667,94.53099762567001,5.46900237432999,95.99487927745253,5.9718054663615705,0.5148486253380146,0.0064931472389387,1.4638816517825117,4.005120722547472,2.555238147969667,226.90294920907877,34.380452493906404,0.45029266898953635,0.44408179204861825,188.36501956165105,68.00937012952701,22.018453089523913
1510.5,非储层,0.4980501444883341,8.115648869021664,91.38630098649,95.65619775006797,4.343802249932027,97.13647776062582,7.4640346962188335,0.6434985239338072,0.008115648869022087,1.480280010557859,2.863522239374172,2.7483398595209674,236.18614317072263,34.51543570810008,0.4473089262995339,0.4411119307364854,201.89536582800966,69.33950850704888,22.2522445245478
1510.625,非储层,0.4912351189351313,5.813410349628523,93.69535453143635,97.53862888534694,2.461371114653066,99.03726948216794,5.346645382677304,0.4609515566015905,0.005813410349628668,1.4986405968210093,0.9627305178320555,2.624029292908045,226.65951389802999,34.33816947949199,0.4494788467448621,0.4431940132148907,192.4921790097335,67.60437328263946,22.08486571455449
1510.75,非储层,0.48944976587045563,6.522477996807597,92.98807223732194,95.64692136460303,4.353078635396967,97.11021927961121,5.998781226147928,0.5171742926628607,0.006522477996807885,1.463297915008174,2.8897807203887904,2.793691684084914,235.70585349916948,34.40834286493524,0.4483317447448314,0.4420659880952668,200.96958458547573,68.68296976377508,22.0905689666345
1510.875,非储层,0.49268334865215596,5.734641125476592,93.77267552587125,94.7184211062425,5.2815788937575,96.18920182124553,5.274200624217081,0.4547058601340338,0.005734641125476614,1.4707807150030296,3.810798178754471,2.6770192743157586,242.25271939574134,34.67991259278053,0.44665631415015716,0.44038730417073685,191.80103370722892,69.46300485937348,22.236735391134328
1511.0,非储层,0.49916287250699554,5.192546955466715,94.30829017202629,93.9711158124524,6.0288841875476,95.47299008041887,4.775631777921068,0.41172263059017966,0.005192546955466899,1.5018742679664658,4.527009919581138,2.8960369109121293,227.25055584114588,34.90089758602333,0.4454101050354896,0.4392039573448206,211.69863848395462,68.5833662643252,22.01559565742084
1511.125,非储层,0.4955337576385911,3.432299424308227,96.07216681805319,96.10504891401776,3.8949510859822456,97.5788354702965,3.1567164134759897,0.27215071140792907,0.0034322994243081786,1.473786556278748,2.421164529703501,2.8202772244816545,245.69439255027402,35.27158838598577,0.4376066078190537,0.43161290204386893,213.24224500452067,67.88708306313306,22.057753252223527
1511.25,非储层,0.4824247455065042,2.4983851500053222,97.01919010448817,98.50747113664042,1.492528863359588,99.99,2.2977871203052223,0.19809964455009457,0.0024983851500052015,1.4825288633595868,0.009999999999998899,2.760371352953978,235.35326855711713,35.59363149070522,0.43001470789984986,0.42423654138380523,198.8226855062374,68.48736783698467,22.05398688978412
1511.375,非储层,0.47634966105918175,2.2424158467614697,97.28123449217935,97.91787391262466,2.0821260873753467,99.41009417329916,2.0623698676106272,0.1778035633040807,0.0022424158467614953,1.4922202606745059,0.5899058267008428,2.9753360317723,246.44167151064147,36.037929478277306,0.41924351161186013,0.41414649071569337,185.16578264881684,69.89687193688034,22.07448050328398
1511.5,非储层,0.48859659532233146,0.36350978408503654,99.14789362059263,98.35955668798087,1.6404433120191242,99.81392902027054,0.33432319271260075,0.02882308158835076,0.0003635097840850373,1.4543723322896667,0.18607097972945796,2.8112016436075553,256.49814220407546,36.35310319064899,0.4118321973759209,0.4076366732157225,209.00411451248087,70.31311025207948,22.06085253703388
1511.625,非储层,0.49052483426089966,0.009999999999998899,99.4994751657391,98.56500634800611,1.4349936519938988,99.99,0.009197089249029814,0.000792910750969084,9.999999999999396e-06,1.424993651993902,0.009999999999998899,2.930906192920849,250.88492031719213,36.330372046724044,0.4120089207215579,0.40790032846729785,196.66609987507064,68.757080665498,22.059818286304942
1511.75,非储层,0.49748387825429796,2.7294776487050476,96.77303847304066,98.59779847824713,1.4022015217528772,99.99,2.5103249538375136,0.21642321721882873,0.0027294776487051496,1.3922015217528771,0.009999999999998899,2.6059159013180513,240.40228627493917,36.172926386716895,0.4132628568429185,0.4091798707186486,208.81880844894113,69.14925083451976,22.211272285839556
1511.875,非储层,0.5006309101810058,3.9163128516608414,95.58305623815815,98.57574184365654,1.4242581563434498,99.99,3.6018678823851196,0.3105286564240614,0.003916312851660582,1.4142581563434515,0.009999999999998899,2.818891553121504,256.7815630405847,35.72299623406938,0.4189658442330748,0.4144670066182474,196.16537244265152,68.96373133745062,21.96456312463444
1512.0,非储层,0.513912077397909,5.201560393382476,94.28452752921962,98.5944786697113,1.405521330288706,99.99,4.783921517216254,0.4124373157728397,0.005201560393382557,1.395521330288702,0.009999999999998899,2.8393399088085816,236.16905991212872,35.02912547132185,0.42848334565486046,0.4231484976302702,178.07558127273586,69.34794815796923,22.17804768246225
1512.125,非储层,0.5204978116935082,7.482147687655106,91.99735450065138,98.61542586433639,1.3845741356636077,99.99,6.8813980057793644,0.5932675341880858,0.0074821476876552225,1.3745741356636108,0.009999999999998899,2.8636771754674926,249.61514792042541,34.76021181794321,0.43200050924891287,0.4265424946311292,193.14932337494454,68.68952424938092,21.818781428283863
1512.25,非储层,0.5191357949508418,5.616869866443441,93.86399433860572,98.43194281891249,1.5680571810875121,99.84190133076952,5.16588534618722,0.44536765038977777,0.0056168698664437605,1.4099585118570301,0.15809866923047755,2.5444643248149443,229.68234094234907,34.37492130186425,0.43692963204710306,0.43134280557459986,200.24383891040722,66.46584419468397,22.059757341338354
1512.375,非储层,0.5272265363170091,8.055743377572423,91.41703008611057,98.55574392236112,1.4442560776388835,99.99,7.408939081082262,0.6387485531125878,0.008055743377571867,1.4342560776388797,0.009999999999998899,2.652952029748624,229.23384857338996,34.05628104463928,0.44107671962362716,0.43538971913107516,194.53484600749758,66.73708101523933,22.62827228982314
1512.5,非储层,0.5119296402595077,8.648248455166819,90.83982190457367,98.58102912219826,1.4189708778017396,99.99,7.953871288996221,0.6857289177154298,0.008648248455167193,1.4089708778017371,0.009999999999998899,2.6085983151542713,226.4781256208488,33.76408240969557,0.44504301427899284,0.43927223520449504,191.51118150531894,68.20761334786815,22.827933616761317
1512.625,非储层,0.5062351239904425,10.654926659168929,88.83883821684063,98.60418786808152,1.3958121319184724,99.99,9.799431142625451,0.8448405898843079,0.010654926659168715,1.38581213191847,0.009999999999998899,2.8768225225130353,235.85109272271333,33.28641306567713,0.45118876241928263,0.4453517136994211,203.44785412431017,67.17701217179375,22.710245404848465
1512.75,非储层,0.5195758685518631,10.779153994926471,88.70127013652167,98.62429690782449,1.3757030921755176,99.99,9.913684132038595,0.8546907088929492,0.01077915399492653,1.3657030921755176,0.009999999999998899,2.5895175263821186,219.82940134051304,33.1165954305121,0.4562465339407765,0.45037260127053547,201.2138247532108,68.38731519019366,22.85035538026447
1512.875,非储层,0.5269058665425342,9.913755071093766,89.55933906236369,96.14078209758928,3.8592179024107165,97.50216550733559,9.117769018188133,0.7860722978345388,0.00991375507109378,1.3613834097463111,2.497834492664408,2.7754043347567716,217.9808906417864,32.87990869839271,0.4617655058263953,0.4558578393031981,203.92934445065404,65.98622487911939,22.069628575965265
1513.0,非储层,0.5171126701760317,11.21947041071445,88.26341691910952,96.62268025596316,3.377319744036833,97.95921870500808,10.318647069420136,0.889603870883599,0.01121947041071384,1.3365384490449146,2.0407812949919224,2.46659062113729,223.41318116791254,33.00475533605744,0.4656478319802201,0.45967387882726884,204.91505333982542,68.13238338756862,21.927619657388885
1513.125,非储层,0.5164274619740841,9.337130708889319,90.14644182913659,93.79005101471012,6.2099489852898815,95.12678122972167,8.587442445952155,0.740351132228274,0.009337130708889432,1.3367302150115536,4.873218770278331,2.5838612301210206,249.98241643017974,33.35104327362151,0.4685413666012456,0.46248599013749675,209.72766867720122,68.1606525602906,21.93536225271784
1513.25,非储层,0.5101340937776568,7.100535298166067,92.38933060805627,92.08636458637399,7.913635413626007,93.41207069113605,6.530425685312704,0.5630090775551965,0.007100535298166632,1.3257061047620562,6.587929308863949,2.7702868918693175,210.22642720754186,33.858387229731726,0.4663513756039484,0.4603103266266861,198.65745900791998,67.95288603476672,22.01096101131904
1513.375,非储层,0.5014293412017389,4.485943632685119,95.01262702611314,92.16194299878747,7.8380570012125395,93.51400481500886,4.125762395592661,0.35569529345977297,0.004485943632684874,1.3520618162214042,6.4859951849911335,2.734919501398008,239.5585799993938,34.29257304458843,0.46646165590706334,0.460352240816232,196.2121409540135,68.82174626671986,21.90349471882958
1513.5,非储层,0.4970394557423538,6.586924073435507,92.91603647082214,91.48040225310827,8.519597746891726,92.81764857384897,6.058052857997605,0.5222842913644661,0.006586924073435658,1.337246320740701,7.1823514261510235,2.7017486851034773,239.9501339577749,34.638922810272085,0.46315871688683297,0.4571138844521083,176.3697956736766,68.20893221829589,22.045284065685145
1513.625,非储层,0.5039902732479439,5.6142386882932165,93.88177103845884,92.56979088635113,7.430209113648878,93.8925416866442,5.163465428159448,0.4451590214454749,0.0056142386882932285,1.3227508002930695,6.1074583133558065,2.8317650203849403,239.32338628956512,34.955387386965306,0.4612807194871057,0.4553165888458195,191.60260504523382,68.47980131308557,21.95405294487293
1513.75,非储层,0.5168934538704838,3.6906504260435735,95.79245612008594,90.1196855822041,9.8803144177959,91.41331933306468,3.3943241355296396,0.29263564008789017,0.0036906504260437838,1.2936337508605773,8.58668066693532,2.9497127415028177,237.33621612627397,35.286798341363365,0.46227404741319184,0.4565147941708839,194.90744866203286,68.56006402089223,22.063418646656842
1513.875,非储层,0.5092992766400686,0.9352114899271569,98.55548923343277,87.63223170604704,12.367768293952963,88.92105638686168,0.8601223539579157,0.07415392447931395,0.0009352114899271861,1.2888246808146437,11.078943613138314,3.118433470266641,259.6850964597287,35.899903029013764,0.46055297026917985,0.4555844423998544,186.80956733773806,70.91112029245514,22.151197896429537
1514.0,非储层,0.4950458424993346,0.009999999999998899,99.49495415750067,85.54427824770885,14.45572175229115,86.7957669378541,0.009197089249029814,0.000792910750969084,9.999999999999396e-06,1.251488690145239,13.20423306214591,3.0630714994038217,234.50208570812424,36.42626451923946,0.46305619494263917,0.4587621257575275,197.80500833092333,69.78734073848636,21.918508638533975
1514.125,非储层,0.481996459095554,0.009999999999998899,99.50800354090444,84.29946072600136,15.700539273998636,85.5236416307337,0.009197089249029814,0.000792910750969084,9.999999999999396e-06,1.2241809047323402,14.476358369266295,2.7293544238489362,243.39587875208844,36.71477171894003,0.46661989801122067,0.4625093289087103,194.65994523998882,69.58242839138612,22.100245491799573
1514.25,非储层,0.46948899040181075,0.6576572445476159,98.87285376505058,84.21793685847413,15.782063141525871,85.4215664747443,0.6048532373376116,0.0521463499654566,0.0006576572445476546,1.2036296162701625,14.578433525255708,3.04703650164952,261.0060861738943,36.730607898972124,0.472755404065796,0.4686071245345009,200.19422250471038,69.10959310963744,21.931839889261834
1514.375,非储层,0.48327145862445575,0.8231830836596954,98.69354545771584,82.91676695761001,17.08323304238999,84.09943488726532,0.757088828871063,0.06527107170497272,0.0008231830836597041,1.1826679296553055,15.900565112734688,2.864231090044038,257.7363112823865,36.54061227812963,0.47815311072179423,0.47329733179005734,188.5397761855607,70.51789134118404,22.185166375895765
1514.5,非储层,0.4764918145519763,2.0888735397672664,97.43463464568076,84.21581130861084,15.784188691389167,85.41500875670408,1.9211556375178498,0.16562902870964943,0.002088873539767282,1.199197448093245,14.584991243295919,2.9017015476852572,245.59240671501075,36.32090044464245,0.4818422165550797,0.47626356121159913,196.6100513607861,69.73596995066798,22.062531571518104
1514.625,非储层,0.46502161736148884,2.395896733320968,97.13908164931753,84.52856023531558,15.471439764684424,85.7524080195897,2.2035276087814357,0.1899732278062113,0.002395896733321085,1.2238477842741105,14.247591980410313,2.8492882599247493,266.2428640612817,36.23855591633445,0.48051188326342126,0.4748478361867748,201.37021992985646,68.56960734240236,22.11151903775695
1514.75,非储层,0.46574443413770067,1.5354811583360939,97.9987744075262,86.18159800926918,13.818401990730822,87.37694691279052,1.4121957253422293,0.12174995183552853,0.001535481158336082,1.1953489035213292,12.62305308720949,3.075407224980302,242.8853031828818,36.164813956540684,0.47579195639338434,0.4701066988855052,210.8956454493673,68.74926615208656,21.997938692464633
1514.875,非储层,0.47318454382222624,1.5931688900667096,97.93364656611107,87.25754114100538,12.74245885899462,88.47286360266243,1.4652516470722914,0.12632407410435156,0.001593168890066726,1.21532246165705,11.527136397337568,2.9726266726577997,248.74468512972715,36.35467098997071,0.4684130699274739,0.46347419528886663,188.41214279487724,69.01443245597889,21.91557018052808
1515.0,非储层,0.4806186376491342,0.009999999999998899,99.50938136235087,87.09790617026304,12.90209382973696,88.34215724976873,0.009197089249029814,0.000792910750969084,9.999999999999396e-06,1.2442510795056838,11.657842750231273,2.813773850406079,261.60703240781953,36.571603482883624,0.4605139440186041,0.45639438425222373,191.318447363133,69.82724798236136,22.122636018903286
1515.125,非储层,0.4871941203670251,0.009999999999998899,99.50280587963297,87.52181772091944,12.478182279080563,88.76838178928074,0.009197089249029814,0.000792910750969084,9.999999999999396e-06,1.2465640683612977,11.231618210719263,2.902901707959987,252.71036871997177,36.70764939605465,0.45280554703708725,0.44941060165234736,199.80257978838725,70.27410937987156,21.998664098310588
1515.25,非储层,0.4943931496183593,0.009999999999998899,99.49560685038165,90.11622176575004,9.883778234249963,91.38243647638839,0.009197089249029814,0.000792910750969084,9.999999999999396e-06,1.2662147106383546,8.617563523611604,2.9170113287179786,240.48639386775605,36.84362717125195,0.44772410219163916,0.44490732966076535,205.8106625278641,69.9143648887847,23.220412863955303
1515.375,非储层,0.4873486748238938,0.09549459428052076,99.41715673089558,89.27943223861557,10.720567761384425,90.52318668429315,0.08782723063979384,0.007571869046446404,9.549459428052649e-05,1.243754445677585,9.476813315706845,2.925260724824945,257.24850788488664,36.84181595887333,0.44528588445923767,0.4425877404717302,186.12207627955044,69.72582185249023,23.213970316968673
1515.5,非储层,0.4858711616622032,0.009999999999998899,99.5041288383378,89.054755879987,10.945244120012998,90.26210774228434,0.009197089249029814,0.000792910750969084,9.999999999999396e-06,1.207351862297335,9.737892257715664,2.883196621769334,254.49612083502828,36.84055101295152,0.4441623396974985,0.4415238807327697,206.8780209789979,71.14130723284372,23.04365155423822
1515.625,非储层,0.4954038040116663,0.009999999999998899,99.49459619598834,88.41322343071174,11.58677656928826,89.6472619101108,0.009197089249029814,0.000792910750969084,9.999999999999396e-06,1.2340384793990598,10.352738089889202,2.9778196586385834,241.1327223040542,36.843348339102775,0.4492818382744218,0.44659222959306333,202.63169148165605,69.79269510993066,23.072432129124106
1515.75,非储层,0.4999121986441043,0.009999999999998899,99.4900878013559,85.98852201490195,14.011477985098054,87.19141631767772,0.009197089249029814,0.000792910750969084,9.999999999999396e-06,1.2028943027757686,12.808583682322283,2.765467403167093,252.76492931341562,36.64085029829938,0.45883871907104484,0.45547516518411213,200.6187851271219,70.46344195922504,22.096551146484803
1515.875,非储层,0.5046354630866567,2.3102238637119132,97.18514067320143,84.61211538711908,15.38788461288092,85.79601111538014,2.12473350597993,0.18318013386827134,0.002310223863711885,1.1838957282610612,14.203988884619855,3.0347610528175446,256.9054958730503,36.42494517912115,0.46683895389206403,0.46271875147404623,198.4174794527043,69.71816832995012,21.946366845674774
1516.0,非储层,0.49041411306892413,2.367190745714698,97.14239514121637,85.82487391707751,14.175126082922485,86.97732779094028,2.1771264557817918,0.18769709918719138,0.0023671907457146384,1.1524538738627674,13.022672209059715,2.8832569771405088,242.2678733217195,35.94870516357565,0.47920607312647834,0.4742342817140864,201.23346664807752,68.63979841708506,21.991421139389804
1516.125,非储层,0.4788183743436431,5.201394386597014,94.31978723905934,84.79433521896908,15.205664781030926,85.92494382828923,4.78376883929407,0.412424152916347,0.005201394386596895,1.1306086093201486,14.075056171710775,2.824732820740862,256.9661782948203,35.68976722872894,0.4866884062558141,0.4809633431697511,198.16278121557067,68.43495958497137,22.22483414130171
1516.25,非储层,0.46472905101403184,2.852989143929985,96.68228180505598,83.86963547788689,16.130364522113105,84.98966790323523,2.6239195783240135,0.22621657646204174,0.0028529891439298474,1.1200324253483365,15.010332096764767,2.7634548715765037,228.28795433094032,35.672285102735344,0.4910197383067339,0.4852579154922264,196.95781541951635,68.22819030073052,22.025059641258647
1516.375,非储层,0.453583845666887,2.5585883705375845,96.98782778379554,81.790677192591,18.209322807409002,82.89243812861139,2.3531565595366524,0.20287322263039445,0.002558588370537608,1.1017609360203955,17.10756187138861,2.7815220581491644,243.39085635581208,35.70136842596648,0.49394710329110314,0.48813277081761897,201.6705031182405,69.08726453411778,21.97094514649975
1516.5,非储层,0.4625878001944824,2.092397933802548,97.44501426600297,83.4219362002727,16.578063799727303,84.55180459763713,1.9243970541669733,0.16590848170177205,0.0020923979338024904,1.1298683973644297,15.448195402362874,2.7597824079187148,239.46916560661668,35.90147850521569,0.49167388389134054,0.48595059407710717,198.47323181223385,68.58259337975989,22.02170445845612
1516.625,非储层,0.457179836315861,3.0573365269138897,96.48548363677025,84.38156733617153,15.618432663828475,85.48434736481212,2.8118596902348987,0.24241950015207703,0.003057336526914034,1.1027800286405958,14.51565263518788,2.845212982726424,243.14493063954168,35.984008759073824,0.4875923369484781,0.4819909791407554,184.58194172585198,69.44896980682644,22.210641082713426
1516.75,非储层,0.44812870259859205,1.9569916897932527,97.59487960760815,85.99086012536759,14.009139874632414,87.10892516120086,1.7998627230640198,0.15517197503943955,0.0019569916897933543,1.1180650358332667,12.891074838799144,2.6985327770929093,253.25826320137358,36.06101448980799,0.48076815045345245,0.4753377591640096,205.21666717055078,67.7632937886392,22.55329581066827
1516.875,非储层,0.44303543626838215,1.7033475447974955,97.85361701893413,85.85093600846052,14.149063991539478,86.97314825838629,1.5665839391620104,0.1350602580906876,0.0017033475447973592,1.1222122499257692,13.02685174161371,3.003219701645162,245.63521196921528,36.25489279364878,0.4756048718292869,0.4708062133283612,205.63928971519823,69.04377511667532,22.430572108765748
1517.0,非储层,0.43140155692653664,0.009999999999998899,99.55859844307346,84.61381543118101,15.386184568818983,85.76722170033494,0.009197089249029814,0.000792910750969084,9.999999999999396e-06,1.1534062691539204,14.23277829966506,2.8894228007597564,253.0392302006704,36.52782435526829,0.4707366419906216,0.46641851511533344,191.54237165022215,70.87036923163488,22.705575410466782
1517.125,非储层,0.43781663686392003,0.11811714420042474,99.44406621893566,84.7031263316283,15.296873668371703,85.86201012392844,0.10863339170519505,0.009365635351029269,0.00011811714420041896,1.1588837923001436,14.137989876071554,2.9388328219520545,242.72589885076897,36.70895773733879,0.4680124660463453,0.4642379394424312,196.5136049608832,69.20185763465506,22.6700907923179
1517.25,非储层,0.43699507629881407,0.009999999999998899,99.55300492370118,85.55390874783083,14.446091252169168,86.72594112481748,0.009197089249029814,0.000792910750969084,9.999999999999396e-06,1.1720323769866587,13.274058875182515,2.812249630679124,242.02487596709022,36.800697217579646,0.467594954858362,0.46390625270990504,180.00671074433262,69.58894223086631,21.922754759340496
1517.375,非储层,0.4435250754837568,0.716439175466943,98.8400357490493,85.10738534121522,14.892614658784787,86.26123865334768,0.6589155038271532,0.05680723246432277,0.0007164391754669762,1.1538533121324552,13.738761346652328,2.878978079226401,252.52245728328427,36.53623039350627,0.469604626208097,0.4653228486100405,183.4581189468401,69.37564901777189,22.192226291818425
1517.5,非储层,0.44286085119436946,2.847295877971112,96.70984327083451,86.4491561415899,13.5508438584101,87.58858430111263,2.6186834308097913,0.22576515128335004,0.0028472958779710445,1.1394281595227278,12.411415698887375,3.094879094961842,242.435351219908,36.19559596110133,0.4715465719583415,0.46677867052149596,198.8963086305678,69.25878390601643,22.06075887197539
1517.625,非储层,0.44576832211106077,3.7761437534577835,95.77808792443115,87.22775286252606,12.772247137473947,88.3833771994096,3.47295311177215,0.2994144979321756,0.003776143753457875,1.1556243368835413,11.616622800590404,2.9998110344904614,233.50959516565183,35.67045246075582,0.4767706049584207,0.4713180450839606,195.05805756677904,68.56037116604564,22.09156298175692
1517.75,非储层,0.4554285529521306,5.657183592864568,93.8873878541833,87.70955044521534,12.290449554784654,88.8693784324845,5.20296224017283,0.44856416909887187,0.00565718359286484,1.1598279872691428,11.130621567515508,2.7729631190244133,239.78682097642786,35.14391430315607,0.48287961797172785,0.47715591757351095,191.24662006690957,68.71574044611381,22.135897511338108
1517.875,非储层,0.45191322199681533,6.394599341344032,93.15348743665915,86.18299724870452,13.81700275129547,87.31618419537696,5.881170085413482,0.5070346565892064,0.006394599341343933,1.1331869466724238,12.683815804623045,2.588454554756486,230.5180397782182,34.842420082983914,0.48543165145321454,0.4796242949282625,195.86579329396199,67.71603775907207,21.816557017392647
1518.0,非储层,0.4524911321348098,6.089890960328159,93.45761790753703,87.68604796488326,12.313952035116738,88.8444237098128,5.600927067900415,0.4828740014674169,0.0060898909603279185,1.1583757449295438,11.155576290187197,2.6780651968565086,240.56633803636703,34.78778169959391,0.4887619457354736,0.48291246184307063,205.4354828890652,68.59124970685895,21.97665734168361
1518.125,非储层,0.4601891196214806,4.370289967145046,95.16952091323347,85.33388233725965,14.66611766274034,86.46091907922381,4.019394687197701,0.34652498998020137,0.0043702899671448515,1.1270367419641643,13.53908092077618,2.6982136791771723,237.44903933562205,34.829710465156055,0.494530132674621,0.4886180004911752,209.918457768238,67.67240679161527,22.08722938545751
1518.25,非储层,0.46055994237107994,5.235031420635727,94.3044086369932,83.17168985490576,16.82831014509424,84.26881043960378,4.814705119706743,0.41509126950834824,0.0052350314206355865,1.0971205846980223,15.731189560396219,2.860055010741056,231.27116201032982,34.748849408987624,0.4989759348775643,0.4930534642023465,183.68332202180466,67.96725700171285,22.053860666041274
1518.375,非储层,0.46352005795327544,7.277802729795924,92.2586772122508,83.92506599094911,16.07493400905089,84.99499371531627,6.6934601242773315,0.577064802788797,0.007277802729795373,1.0699277243671552,15.00500628468373,2.660183159268189,230.88075412229682,34.64621210714664,0.5069617066854206,0.5009326733704702,199.38937533191276,68.81163356549592,22.139038303582847
1518.5,非储层,0.4533551133834792,7.23347053040766,92.31317435620886,83.13941779345653,16.860582206543473,84.23684838162494,6.6526874048393605,0.5735496550378907,0.007233470530408105,1.097430588168414,15.76315161837506,3.0618605221564588,242.53157372894523,34.341044070051844,0.5158132995097175,0.5096700851926411,202.8153949461672,68.40148546792116,22.05321142667077
1518.625,非储层,0.46216258260649795,7.6909851726836065,91.8468522447099,82.38457086442547,17.615429135574534,83.45467833575138,7.073467704614391,0.609826482896532,0.007690985172684097,1.070107471325917,16.545321664248615,2.4974159058261653,243.2513586610758,33.92424656166131,0.5223117778340571,0.5160872809708508,203.86122827472445,69.27920729600591,21.922181971026212
1518.75,非储层,0.45030204737141766,9.748827750659073,89.8008702019695,83.112389794659,16.88761020534101,84.18876500425732,8.966083889623995,0.7729950332844182,0.009748827750659383,1.0763752095983385,15.811234995742673,2.7143596043390117,219.71366353129008,33.84610918981238,0.5233351007354966,0.5171053383473136,193.50019792465676,67.52677112086967,23.058975135914125
1518.875,非储层,0.44360392562111056,8.136135827389545,91.42026024698934,84.039451989619,15.960548010381004,85.09966660289304,7.482876734673893,0.6451229568882624,0.008136135827389868,1.0602146132740398,14.90033339710697,2.7466413453849814,231.1868909985404,33.808779341172944,0.5228883804545508,0.516726903357875,195.78437744570434,68.40137334589683,23.033089970617127
1519.0,非储层,0.4550711898711741,7.630969088554496,91.91395972157433,83.81761587938622,16.18238412061378,84.87931918108075,7.0182703764031125,0.6050677430628277,0.007630969088554939,1.0617033016945225,15.120680818919253,2.790060484297583,234.75428430092947,34.03399163040885,0.5177796501518088,0.5117680953891627,196.5746258562304,67.3474966897975,23.039758707285518
1519.125,非储层,0.4597435032766717,5.2495338015063675,94.29072269521697,83.5205123984178,16.47948760158221,84.55703219363195,4.828043088825814,0.4162411788790462,0.005249533801506608,1.0365197952141625,15.442967806368046,2.7401490866056233,246.75502424872505,34.31342151782809,0.5093686659642824,0.5036150399277235,211.33467108535964,66.42199788157617,22.859573805563414
1519.25,非储层,0.46236218445225113,6.698533033643539,92.83910478190421,85.89928745010451,14.100712549895489,86.91121370283125,6.160700614800085,0.53113388580981,0.00669853303364356,1.011926252726735,13.088786297168753,2.858014501919661,251.99309443177344,34.563279267251076,0.5038896570211012,0.4982874222211092,192.983814997841,68.9015313196514,22.20845774376239
1519.375,非储层,0.4543730706442112,5.418276816587831,94.12735011276796,85.25206236961316,14.747937630386843,86.28036243875826,4.983237545811292,0.42962099395995074,0.005418276816587537,1.0283000691451034,13.719637561241738,2.8989810247734122,240.56866301600496,34.991640834813126,0.49361667459168734,0.48826474984506096,193.9656172378422,68.97344443972017,22.33546530822622
1519.5,非储层,0.462946548961362,2.9721977368009855,96.56485571423765,86.71493886906755,13.285061130932451,87.76423154723143,2.7335567851126106,0.23566875395157408,0.0029721977368009356,1.0492926781638776,12.23576845276857,2.8941823101786426,233.2756236441654,35.45179655077678,0.480751055891092,0.4760680760151159,192.3393347081527,67.62509413211447,21.851061901575353
1519.625,非储层,0.4639606941563902,0.23812950991040083,99.29790979593321,87.89092593472657,12.109074065273429,88.93751285733194,0.21900983554739278,0.018881544853097662,0.00023812950991038747,1.046586922605363,11.062487142668065,2.699887749014356,239.06367918360274,36.041075856450846,0.4685274176076249,0.46435896311907643,188.66304360739147,69.12866363095438,22.12880765715855
1519.75,非储层,0.4558098397044189,0.31149527471993066,99.23269488557564,88.66279315153888,11.337206848461124,89.73780851004307,0.28648498422505786,0.024698795220152857,0.0003114952747199247,1.0750153585041882,10.26219148995694,3.1262081879280332,248.5160360609792,36.5397454724509,0.458900473821817,0.4554957505129368,194.42138252103507,69.29310820363109,22.626120390369973
1519.875,非储层,0.46321229587812557,0.009999999999998899,99.52678770412187,86.57544352186623,13.424556478133765,87.66994713875773,0.009197089249029814,0.000792910750969084,9.999999999999396e-06,1.094503616891493,12.330052861242269,2.8186644705529367,255.40281693123114,36.81423564526543,0.4556512720786007,0.452921831725682,186.36841091884733,70.04302048734918,22.769763460647084
1520.0,非储层,0.4667784597507046,0.009999999999998899,99.5232215402493,85.63965783903046,14.36034216096953,86.70521866417738,0.009197089249029814,0.000792910750969084,9.999999999999396e-06,1.0655608251469137,13.294781335822615,2.9584865480124667,255.03378111637684,36.83430408207091,0.4551398188269406,0.4526987032337301,198.23031300602045,68.98059366042222,22.876344879682147
1520.125,非储层,0.4797342598828261,0.009999999999998899,99.51026574011718,87.73950654150582,12.260493458494182,88.7807982050244,0.009197089249029814,0.000792910750969084,9.999999999999396e-06,1.0412916635185836,11.219201794975596,2.8280426115696518,244.00264904310168,36.744048316831936,0.4602094904544869,0.45751473286036815,197.66247624425264,70.70947052447669,22.69738605515377
1520.25,非储层,0.49083351620175275,1.2821749019629625,98.22699158183529,85.90293080753678,14.09706919246323,86.91768896555814,1.179227700622072,0.10166502643892761,0.001282174901962984,1.0147581580213774,13.082311034441851,2.8781535656713104,239.24446652194882,36.714526072105016,0.46416797116174074,0.4611830162333577,208.94324121488486,68.9535435231137,22.088719982510824
1520.375,非储层,0.478251965742913,0.3366502546650052,99.18509777959208,84.2471529847066,15.752847015293392,85.27485596519777,0.309620243786301,0.026693360624039205,0.0003366502546650054,1.0277029804911673,14.725144034802229,2.6472451265498496,216.02578371880452,29.015661071235115,3.1165282508385577,0.9023398834368704,181.3618184752669,63.47695524608948,22.174031181263672
1520.5,油层,11.006785404839384,73.61545363321036,15.377760961950246,19.646173146847858,80.35382685315214,96.67047396573773,57.20293020640293,12.592546466027308,3.8199769607801275,77.02430081888987,3.3295260342622757,2.3912888726293753,192.5105982112906,21.25841316094605,5.848879805333,1.3491631810237261,145.96695983264186,58.235578254119986,21.84795027969126
1520.625,油层,10.774758027657512,74.15037782799025,15.074864144352231,19.534807314126958,80.46519268587305,98.21353558611882,57.61859335686277,12.684049777439752,3.847734693687735,78.67872827199187,1.7864644138811725,2.0948245790380446,164.6051329693,13.56647348867755,8.637799462876618,1.7898214863283504,134.09462272101032,51.65272982022876,21.81341975744791
1520.75,油层,10.50338282225246,74.59166805961192,14.904949118135619,19.398025175938194,80.60197482406181,99.99,57.96149818287927,12.759536206884139,3.8706336698485195,80.59197482406181,0.009999999999998899,1.9356789388291542,134.2330408405208,5.7888069946871585,11.527751282047486,2.2271137839583264,120.94670202479574,44.62662954622229,22.106050255517495
1520.875,油层,10.60553938259663,74.45102337200389,14.943437245399476,18.700154144450487,81.2998458555495,99.99,57.85221014820614,12.73547774257407,3.863335481223679,81.28984585554952,0.009999999999998899,1.9633884106275135,113.52340733144001,5.675445413696462,11.739725182447355,2.227740255655431,109.23508743258189,44.833859343705925,22.07633829965943
1521.0,油层,10.571321023842083,74.53402943025881,14.894649545899108,18.935261458547437,81.06473854145257,99.99,57.91671005308648,12.749676631447931,3.8676427457243925,81.05473854145256,0.009999999999998899,1.9733371579359062,141.46719064177825,5.657118793059018,11.878006368099522,2.2319833100003077,99.89936601462182,45.244387622051,22.004085812753207
1521.125,油层,10.646843755629574,74.40964392364204,14.943512320728388,18.840671035130203,81.15932896486979,98.4873737462886,57.82005622427033,12.728399437673152,3.8611882616985476,79.6467027111584,1.5126262537114021,2.1007397763405127,140.82321407827482,5.664194834356342,12.018766668239948,2.2453793623690395,107.8702939932334,44.44910687826389,22.053637980290343
1521.25,油层,10.610602568436743,74.68179257118706,14.707604860376192,18.73725995300607,81.26274004699393,98.70949098867301,58.03152948596959,12.774952767452962,3.875310317764513,79.97223103566694,1.2905090113269901,1.9872741784789087,137.4303798831237,5.721951903609989,12.10175054806689,2.2743151883860184,107.10638910578514,44.19304112769976,22.16610539053898
1521.375,油层,10.494727335397581,74.69415593998416,14.811116724618268,18.387331416141627,81.61266858385837,96.33745760298375,58.041136448740474,12.777067626336121,3.875951864907559,77.95012618684211,3.662542397016255,2.1522731759341096,129.28421168633324,5.806918815829884,12.255031876231158,2.3222919117690046,109.47785829435178,45.21860596724572,22.11927638441182
1521.5,油层,10.661537916237386,74.75756200588518,14.58090007787744,18.375996758042184,81.62400324195782,94.16296976645171,58.09040616839023,12.787913770612633,3.8792420668823073,75.78697300840952,5.83703023354829,1.9598199731969743,130.31859695360637,5.805075075186456,12.555904412317531,2.373282052598592,98.33965046395159,43.63818955152265,21.938031811534362
1521.625,油层,10.474642004522629,75.29980207332245,14.225555922154918,17.997523277204543,82.00247672279546,95.05564808360809,58.511754121868535,12.880668523968733,3.9073794274851887,77.05812480640355,4.944351916391909,2.1634253503587906,140.35603240077677,5.880394148707149,12.810745928595825,2.4164453614542913,118.55613113439695,44.842749027800835,21.982307501322857
1521.75,油层,10.270108750873586,75.18474715862624,14.545144090500187,17.583009010201334,82.41699098979866,93.76528622959745,58.422350634822685,12.860987406921273,3.9014091168822733,76.18227721939611,6.234713770402555,1.9513634250937113,154.0880313206379,5.892272940039996,12.980947220196224,2.454571706153637,109.37778313019862,43.993845124501355,21.949319710603064
1521.875,油层,10.232187232179902,75.36681541318136,14.400997354638745,17.966520739127763,82.03347926087223,93.49416487646924,58.563826875803414,12.892131722989708,3.9108568143882305,75.52764413734148,6.5058351235307565,2.2513174176855024,113.92592772301158,5.902665479157913,13.044436463210427,2.4588702105317726,101.36072995934933,44.32258427701241,22.113592602372677
1522.0,油层,10.074933496154005,75.2034082151531,14.721658288692902,17.98275813395917,82.01724186604082,93.82575056983819,58.43685121943366,12.864179538597737,3.9023774571217027,75.84299243587903,6.1742494301618045,2.0049198981933367,135.85652079662665,5.942881655791593,13.008182627999602,2.446164499812844,111.1141024118007,43.93272719943407,22.00711879523751
1522.125,油层,10.127025185689929,75.18250474817377,14.690470066136294,17.73117717065429,82.26882282934571,94.96099483914038,58.42060816850243,12.860603823632374,3.901292756038968,77.22981766848609,5.039005160859622,2.029680328301193,116.68411014051075,5.9644138302167615,12.88294590088435,2.431033419983623,105.52545063295794,46.65959871795613,22.150590687075265
1522.25,油层,10.208789195595191,74.9096268551116,14.881583949293208,17.88593166205544,82.11406833794456,94.23509152123579,58.20856824615841,12.813925750234114,3.887132858719075,76.34915985918035,5.764908478764208,2.1267361825179014,136.95475723193059,5.985783973564111,12.677542121348901,2.394833845859023,109.28591394420802,45.58210009101226,21.800395844550078
1522.375,油层,10.35303810382562,74.65994376946077,14.987018126713611,18.421311705830323,81.57868829416968,95.35579167332966,58.014551862134375,12.771215344977293,3.8741765623490965,76.93447996749934,4.6442083266703404,1.8159826384562407,121.18682383618403,5.975440369094221,12.39905417565696,2.3488929302677137,118.72430765195126,44.63658602640125,21.978717418847072
1522.5,油层,10.154856817164266,74.52990849751477,15.315234685320961,18.924864797734408,81.07513520226559,97.44768566643258,57.9135078799488,12.748971711020202,3.867428906545772,78.52282086869818,2.552314333567418,2.269005138430903,115.47226338344782,5.942074152098574,12.241444424797912,2.3230072532800072,117.18496446347473,44.05783984294339,22.21577934955536
1522.625,油层,9.932724005557466,75.13590138347782,14.93137461096472,18.36914519239554,81.63085480760446,97.92060300790314,58.384394997401564,12.852631923624378,3.898874462451865,79.5514578155076,2.0793969920968602,2.125589180202724,146.67104655780653,5.924813406887526,12.111931655626051,2.287759805598375,99.5443067920524,44.689658382293686,22.145972960616902
1522.75,油层,10.050935413594182,74.60359538905169,15.345469197354122,18.133229780396125,81.86677021960388,97.4225370894874,57.970766321019,12.761576477544349,3.8712525904883472,79.28930730909128,2.5774629105125957,2.240041828917004,146.5444900583212,5.957743992699285,12.024761846396158,2.262695571726506,109.06764723066526,46.0040387031477,22.134304474899977
1522.875,油层,10.309136320516574,74.14210132503568,15.54876235444774,18.323534329867574,81.67646567013243,96.34475343343948,57.61216209552432,12.682634011552457,3.847305217958902,78.02121910357191,3.6552465665605216,2.0575685169973514,132.94984031524777,6.00789581390805,12.139547233629681,2.279810425396852,121.77506882377202,43.67808870370692,21.991749866238347
1523.0,油层,10.344280064453722,74.38080912284325,15.274910812703023,18.237370026929764,81.76262997307023,94.65889608148495,57.79765012587384,12.723467000922758,3.8596919960466574,76.42152605455519,5.341103918515044,2.1609131225290286,141.460191789662,6.11098020481195,12.115997675609595,2.286029016962309,108.14924533153257,44.94302264140424,22.20903369293189
1523.125,油层,10.137804329326679,74.52683808117949,15.335357589493823,18.015602627303487,81.98439737269652,94.4175438866807,57.911122011185334,12.748446490316342,3.867269579677815,76.40194125937722,5.58245611331929,2.265020627956895,135.12000773766837,6.210542073205506,12.142205044448982,2.3024898235265296,107.13036773984858,44.94328975173124,21.954710972159916
1523.25,油层,9.990221297756387,74.365964204932,15.64381449731162,17.675467164336336,82.32453283566366,93.39754743072041,57.786114873949316,12.720927652058414,3.8589216789242737,75.72208026638407,6.602452569279594,2.0338303684557886,128.91013307717557,6.302213783611899,12.301486228096746,2.318926737144611,110.54217035217526,45.39844077272882,22.02685229468561
1523.375,油层,10.111426399250565,74.05180153599413,15.836772064755298,17.157190585704363,82.84280941429564,92.6591567634714,57.54199459297882,12.667187468289356,3.8426194747259586,75.50196617776703,7.340843236528604,2.088527513764863,129.8144254078143,6.38614228333447,12.400901347356784,2.291539045812466,101.54262245058065,45.71979861712998,22.008804050000144
1523.5,油层,10.190146812464572,73.62869097671462,16.1811622108208,16.781300232551892,83.21869976744811,94.53751893808662,57.21321629171818,12.594810825681934,3.8206638593145104,77.75621870553472,5.462481061913382,2.178637957740962,132.96318776850472,6.52187268269921,12.415545139310472,2.264742408024398,104.17395837602149,45.357085325268386,21.995901651408285
1523.625,油层,10.140825066983616,73.381420125577,16.477754807439386,16.771989904088517,83.22801009591149,92.76827931567117,57.021074335897616,12.55251305355709,3.8078327361222963,75.99628941158265,7.231720684328835,2.1711680300303713,129.40623112967387,6.674241604996391,12.343387221110522,2.242373145475092,86.0937922306355,45.139831551093096,22.037266274393236
1523.75,油层,10.218284123509054,73.01731022549093,16.764405651000015,16.92122107819798,83.07877892180203,90.93534065398785,56.73814253049354,12.49022897311904,3.7889387218783472,74.01411957578988,9.06465934601215,2.146851905693397,132.3044388897686,6.858385130112736,12.0687350473833,2.2158745496204877,110.31578744181587,45.396573636223934,22.01418262868573
1523.875,油层,10.313827533341902,72.46952951374857,17.216642952909538,17.32454356150905,82.67545643849094,89.78600458731168,56.312489216199815,12.396526445655468,3.7605138518932852,72.46146102580262,10.213995412688327,2.2618110701271745,137.25576708217622,7.069556985917253,11.695481326200195,2.1952512534470827,103.53836924151533,45.524419888856954,21.975817258533933
1524.0,油层,10.535257312842456,71.86301478576756,17.601727901389978,17.499302211613283,82.50069778838672,90.58428276076785,55.841196601109544,12.292776967556957,3.7290412171010647,73.08498054915455,9.415717239232158,1.7779445727137775,141.00956722206254,7.2439911996641,11.369281599361079,2.159505576944676,102.87890637398614,46.24579262260556,22.037941026963033
1524.125,油层,10.668161920340646,71.42137087850773,17.91046720115162,17.218888370926148,82.78111162907385,91.07222561165165,55.49801695123681,12.217230038900956,3.7061238883699668,73.85333724072551,8.927774388348354,2.0254970339003258,140.9111683920324,7.302608629838678,11.120038102733739,2.1187973039655095,103.96254662287694,45.28454643827098,22.149218242158934
1524.25,油层,10.897484532722473,71.51137296355907,17.591142503718455,17.4903156047183,82.5096843952817,92.5922497308083,55.56795312272703,12.2326256573766,3.71079418345544,75.10193412609001,7.407750269191693,1.9661945589599228,134.05420874226874,7.261740052303612,10.993474191457402,2.087048516036723,104.34465367170544,44.941033886871935,22.094711039333497
1524.375,油层,11.173877645619864,71.5336965457394,17.29242580864073,17.87890085124389,82.1210991487561,93.18181431824861,55.58529967498467,12.236444295067738,3.7119525756869955,75.30291346700471,6.8181856817513875,1.7819633606292866,129.29356225203978,7.221130328502181,10.941783727686179,2.0883281017603514,124.24030400675319,46.749712580739896,21.960608742436865
1524.5,油层,11.072263075858721,71.72775191697121,17.199985007170064,18.11126760937989,81.8887323906201,91.36227286486638,55.736090511811675,12.26963910890933,3.722022296250212,73.2510052554865,8.637727135133611,2.047547918973414,136.06146296235795,7.119980855180691,10.8628281094583,2.091805621319931,112.41796964116814,45.905663400296234,22.02718576063559
1524.625,油层,11.393962565962688,71.51767723662783,17.088360197409486,18.36069850785804,81.63930149214195,93.04126981778063,55.572851861708536,12.233704056647877,3.711121318271414,74.6805713099226,6.958730182219364,1.859608926036833,135.5206968101179,7.146173202474129,10.77811061305676,2.097720696439171,98.22982406876095,45.397526017995936,21.93164558077139
1524.75,油层,11.069067561416576,71.34958525778858,17.581347180794847,18.00710933534459,81.9928906646554,91.39625296806359,55.44223589373928,12.2049505008436,3.7023988632056954,73.389143632719,8.603747031936404,1.871531380364986,134.49009239789552,7.230536927944505,10.658326079617126,2.108220184003862,117.47196194672587,45.08984831909031,22.039674026733678
1524.875,油层,10.79632703218706,71.52622944665909,17.677443521153855,18.36922448476116,81.63077551523884,90.34002277476797,55.57949736138808,12.235166984564378,3.7115651007066317,71.97079829000681,9.65997722523203,2.0739333981143497,141.68628322140424,7.347776425924327,10.558442986828906,2.109318706274555,103.17410692470398,46.12274674322439,22.098265167331036
1525.0,油层,10.71584770239488,71.33850177132494,17.945650526280176,18.126725485990104,81.87327451400989,88.4506015905494,55.43362346426514,12.203054576667213,3.7018237303925976,70.32387610455929,11.549398409450607,1.937808207463959,122.75876535065721,7.437635408228594,10.579331097465055,2.13311209363337,117.16876488381615,44.192021814365134,22.18350287092197
1525.125,油层,10.530373153016491,72.04741037109109,17.42221647589242,18.061766686430445,81.93823331356955,89.11079060008036,55.984481295790445,12.324319393253147,3.7386096820475,71.04902391364992,10.88920939991963,1.9416338024213033,155.48406032268835,7.42718754648641,10.516255740014811,2.1382864420452057,115.20448752873935,46.390034728945764,21.947183307715353
1525.25,油层,10.787386922813976,71.70084264089829,17.511770436287726,18.550096570754786,81.44990342924523,91.3000690877922,55.71518064350095,12.265036049462005,3.720625947935334,72.7499725170374,8.69993091220781,1.9939529700458263,130.34573933166544,7.357790162663954,10.629385319143758,2.1381317152486914,113.14052618901398,45.33123522088618,22.06970229783732
1525.375,油层,10.958540397705688,71.79349425287494,17.24796534941938,18.00338447850988,81.99661552149013,92.03323115128109,55.787175631398696,12.28088489194529,3.7254337295309456,74.0298466727712,7.966768848718919,1.9503104973717889,129.08330676938203,7.246307635926639,10.730007335216833,2.114433848777571,114.87112865316435,44.705142631516296,22.00841210239988
1525.5,油层,11.217461925030706,71.18391020710557,17.59862786786373,17.702704733650553,82.29729526634945,93.04182766319529,55.31349800117148,12.176610381058667,3.693801824875424,75.33912292954474,6.958172336804703,2.047946797618932,142.80889641625404,7.2128732084581175,10.747525297781156,2.08351801801096,113.2204679056753,45.86991959769128,22.112372921579627
1525.625,油层,11.20818744064576,71.2161672344116,17.57564532494264,17.68356469642288,82.31643530357712,92.32351879823936,55.33856334262609,12.18212821862075,3.695475673164757,74.63995410181649,7.676481201760632,1.9858426020279454,147.71196073722894,7.260160350084384,10.851517259397454,2.0558874927526176,110.71937014283637,45.44871684776694,22.1297840121626
1525.75,油层,11.426621219829798,70.47107570310793,18.102303077062277,17.211030818276498,82.7889691817235,92.30494967013315,54.75958954352532,12.054674005322903,3.656812154259696,75.09391885185666,7.695050329866849,2.000279213552183,144.14690747022712,7.336787111322807,10.761453518973411,2.0146504271614756,118.4356443325411,45.01584457154023,22.083224694175186
1525.875,油层,11.378671885513468,70.29134424960284,18.32998386488369,17.51167988244358,82.48832011755643,93.56286074532763,54.61992911513249,12.02392941885406,3.647485715616286,76.05118086288405,6.437139254672375,2.019162787139728,141.23758345152982,7.383951824016069,10.626894965626857,1.9703709410512138,115.43632334923643,44.75610705392677,21.95587635111098
1526.0,油层,11.535187569272452,69.79787791806771,18.66693451265983,17.559625135012517,82.44037486498749,95.74287080685536,54.236480820937935,11.939517825872004,3.6218792712577774,78.18324567184285,4.257129193144637,1.9785807348166833,148.79633973301992,7.457141404197882,10.534106808593759,1.9293765699513816,108.3020802658238,45.98365079640925,21.774019643118223
1526.125,油层,11.838556666536448,69.54687403682746,18.6145692966361,17.239136659518746,82.76086334048125,93.93368963552416,54.041438111948295,11.896581487349662,3.6088544375295,76.6945529760054,6.0663103644758465,1.9786942111282084,145.68602548540466,7.475715781907342,10.372995634204116,1.9005567842694366,108.41907899179981,47.10429729901814,22.298610301124608
1526.25,油层,11.826305634087134,69.48825996360944,18.685434402303436,17.667642271609743,82.33235772839026,94.2870147231675,53.99589201294428,11.886555053983665,3.605812896681489,76.61937245155777,5.7129852768324945,1.8819234683447728,147.3518629310835,7.5115382041382315,10.232062381488333,1.86995471690053,102.44353261307205,45.496320770817036,22.193920505765863
1526.375,油层,12.122812365360435,68.89316128791569,18.98402634672388,17.75136976782213,82.24863023217786,95.2121756397221,53.53347024779095,11.784758388260693,3.574932651864042,77.46080587189998,4.7878243602778925,2.20773449430343,140.60011733590423,7.564527365472204,10.03416641311118,1.838253408851878,127.91614982772288,45.82126928704477,22.277480373663387
1526.5,油层,12.341461885205698,68.16969682057412,19.488841294220197,18.087741552216695,81.9122584477833,97.15539143144082,52.971301771069335,11.661003667317038,3.537391382187738,79.06764987922412,2.8446085685591815,1.9621855972962525,147.35355599091164,7.510605137396841,9.85590284354231,1.8067062639216125,120.85115381667302,46.55279961426528,22.029743832353642
1526.625,油层,12.259338908990973,68.80209871892697,18.938562372082053,18.083339932183744,81.91666006781627,97.8891730588338,53.462710026652715,11.769181365031036,3.5702073272432218,79.80583312665007,2.1108269411661884,2.0018126489472152,136.391592065272,7.524899095223083,9.71268041543481,1.7704435824523665,116.8893748083321,45.19432377996303,22.50387851744956
1526.75,油层,12.270073524285865,68.23834692097132,19.491579554742817,17.893064980400055,82.10693501959994,97.2113711505586,53.024646370713455,11.672746848082543,3.5409537021753272,79.31830617015855,2.788628849441399,1.9589826986455756,164.38105184321637,7.496531915515597,9.677650922491303,1.7489036403950278,114.53445075827834,46.849754237550144,22.30922622240121
1526.875,油层,12.049303283121606,68.58375545448897,19.366941262389435,17.682729457990895,82.3172705420091,98.00377781134341,53.29304626856577,11.731831901470313,3.558877284452877,80.32104835335251,1.9962221886565934,1.9154057060769105,136.6821581713699,7.554572741399209,9.677481204563643,1.7469159759658943,117.61695743006854,45.82996063182359,22.21489688232018
1527.0,油层,12.32810815926803,67.81840796556335,19.853483875168607,17.788106781550212,82.21189321844979,96.09885314523088,52.69833256604901,11.600912735163565,3.5191626643507794,78.31074636368068,3.901146854769122,1.795440700495043,152.4788261228035,7.6927286636642,9.671506360597032,1.74719927113828,122.6670509489034,45.74742444303395,22.259403172134466
1527.125,油层,12.638201857815389,67.7990837527949,19.56271438938971,17.531561337962255,82.46843866203774,94.62338709100669,52.6833166755025,11.597607164998655,3.5181599122937417,77.09182575304445,5.376612908993305,1.8447634552722327,158.2764485597707,7.813461164347084,9.728657190309137,1.7647633773789568,122.12995726251972,45.90573220370019,22.011654368190246
1527.25,油层,12.360557921667906,67.94700337852595,19.69243869980615,17.314146293161322,82.68585370683867,92.81309778960794,52.798257704990824,11.62291006905378,3.5258356044813435,75.49895149644661,7.1869022103920654,2.0358109931872868,127.46935929113964,7.948834393373595,9.783990769410751,1.778384187194343,134.98902200095813,46.20832831591336,22.04142720639671
1527.375,油层,12.055671085055865,68.17430197493344,19.770026940010702,16.980339443988452,83.01966055601156,93.63603669181269,52.974880208889175,11.661791417950784,3.537630348093479,76.65569724782424,6.363963308187315,1.8036461748690413,153.04344528650105,8.0632877949004,9.885019699374762,1.7970481893864139,122.01555999390399,47.399906758088065,22.005718426222145
1527.5,油层,12.093205299135766,67.81068500987827,20.096109690985966,16.935761154049278,83.06423884595073,91.86689941768554,52.69233143893184,11.599591658222245,3.5187619127241847,74.93113826363627,8.133100582314457,2.164713629556175,139.4622877634991,8.110206218889864,10.02541199572116,1.801201764055581,116.83472287344073,47.08126801961185,21.971842676233283
1527.625,油层,12.009458561909794,68.0929693139352,19.897572124155005,16.45154370281282,83.54845629718717,93.49336469841523,52.911680618300984,11.647878777842243,3.533409917791978,77.04182099560242,6.506635301584762,2.1108541910461787,151.9625020244032,8.126914773121502,10.045278114943716,1.7766278278321672,119.39673548457922,46.786416961789584,21.90284041163027
1527.75,油层,12.238218264222695,67.33873521984133,20.423046515935983,16.633405907870298,83.3665940921297,94.9572475634294,52.32560258557285,11.518860651791405,3.4942719824770734,78.32384165555911,5.042752436570597,1.8191427209463487,130.74818301887976,8.18815882490986,9.980082936490833,1.760035807616085,136.29452580428807,46.75581853920794,21.998160668228316
1527.875,油层,12.103605118312903,67.39660061521403,20.499794266473074,16.837656011844075,83.16234398815592,93.95138976179129,52.37056692403039,11.528759017474734,3.497274673708893,77.11373374994722,6.048610238208707,2.1373333490978546,146.0500022955757,8.182182316032947,9.921549291108981,1.7282733216897603,117.11614356121189,46.86605113217446,21.922500282139907
1528.0,油层,12.115911739851084,67.04082909478699,20.843259165361943,16.753817591942685,83.24618240805731,95.24321456924845,52.09411446129324,11.467901287458035,3.4788133460357056,78.48939697730577,4.756785430751542,1.9142083804381662,148.99068076808047,8.24811964544913,9.809323644802364,1.7124611365877764,116.99716630062275,46.59170722240137,22.24604960438756
1528.125,油层,12.476319765699047,67.00754161950088,20.516138614800063,16.625632354470238,83.37436764552977,93.45884446395922,52.06824840964836,11.46220718304668,3.4770860268058423,76.833212109489,6.541155536040777,2.115829983293439,152.5670811008541,8.32782684515633,9.774297734087423,1.7160684100648924,107.78273156576437,46.165502002979956,21.969369583133844
1528.25,油层,12.626732970037505,66.71397869326142,20.659288336701074,16.626166883588102,83.3738331164119,92.72570553714446,51.84013517048349,11.411990759633841,3.4618527631440883,76.09953865355637,7.274294462855535,1.9290387312075314,152.84490814198153,8.443648248112371,9.742083908425705,1.7146218736636565,127.7224192760361,45.60048151206941,21.884377539852906
1528.375,油层,12.598439908620826,66.36296165141803,21.03859843996114,16.57624406918466,83.42375593081533,91.46454226564641,51.5673771780398,11.351946323423421,3.44363814995481,74.88829819646175,8.53545773435359,1.8764173071450803,135.68902830500994,8.552580430288451,9.82824407506644,1.743674691121722,115.03607160517029,46.707690628079106,21.97319631560051
1528.5,油层,12.725113753889762,66.73653346405382,20.538352782056414,16.32655380430296,83.67344619569704,89.77383636148089,51.85766136798392,11.415848944093982,3.463023151975923,73.44728255717793,10.226163638519115,2.027698921342886,142.66945362572824,8.6825077702741,9.81665539462065,1.7675574216161374,106.8181107904425,47.23006153475133,21.835663457693173
1528.625,油层,12.36728378758627,66.92865077116487,20.70406544124887,16.578257869343123,83.42174213065687,88.41421604928563,52.00694623098118,11.448712235662867,3.4729923045208224,71.83595817994251,11.585783950714369,1.7300416604407274,157.34794291944894,8.700770085332316,9.922291804950957,1.7912563960216472,116.48284566273908,46.09655567729851,21.937009495814298
1528.75,油层,12.539139166761954,67.2520739554258,20.208786877812244,16.301066048782495,83.6989339512175,90.05908932223535,52.25826240066195,11.504036508964079,3.48977504579978,73.75802327345285,9.940910677764647,1.98220416888655,153.8670397499499,8.630155061555678,10.153355708851311,1.8288753387657923,110.45464408043291,46.67648112788105,21.948653461441957
1528.875,油层,12.740878955897058,67.56461644634224,19.694504597760698,16.103138820805064,83.89686117919494,89.30291583724187,52.5011237213774,11.557499547568483,3.5059931773963604,73.19977701643681,10.69708416275813,1.739967106591705,159.75865811161668,8.537073318249446,10.214045947265987,1.828754972017952,111.09830371824407,46.94093734038604,22.30496036583237
1529.0,油层,12.778453358528289,67.21462718628126,20.00691945519046,16.33407089298156,83.66592910701844,91.69657859373737,52.229164367353576,11.49763092213166,3.4878318967960245,75.3625077007558,8.303421406262634,1.9400332292061089,145.2627898830806,8.32088520381507,10.375175017509381,1.8218846204081292,112.05625925179827,45.61708151248096,22.438462684582987
1529.125,油层,13.01195235653797,67.52490393491168,19.463143708550355,16.401431092596322,83.59856890740367,93.38018704820159,52.47026509173419,11.550706386339542,3.5039324568379397,76.97875595560527,6.6198129517984095,1.7816226364411885,150.6715916897722,8.151960498278818,10.417171437425989,1.805167950746651,119.91739850596032,46.42461530652254,22.47714493303604
1529.25,油层,13.163400014674362,67.32927109790225,19.507328887423395,16.475312231838306,83.52468776816168,94.92145122657438,52.318248484225535,11.517241733624143,3.4937808800525634,78.44613899473607,5.078548773425617,1.9432267551138542,159.58447801320455,8.069677483064783,10.285058046913683,1.771264573293126,110.30771887850236,45.232739970810194,22.25645919167345
1529.375,油层,13.426228932812325,66.72307654633788,19.850694520849796,16.68434418504227,83.31565581495772,93.8879244133201,51.84720466240231,11.413547024411848,3.4623248595237173,77.20358022827783,6.112075586679899,1.9445017541235186,148.861931673069,8.0111394183381,10.33738281746724,1.7808421623557993,116.19217677355739,44.69428556793082,21.726318686025827
1529.5,油层,13.318661272046404,67.39354074101534,19.287797986938248,16.47643987420829,83.52356012579172,91.8369001015887,52.3681892470402,11.528235600092577,3.4971158938825715,75.36046022738041,8.163099898411307,1.9357528117254215,154.18949193273585,8.04004386373058,10.405148629797084,1.797979759698755,104.39980768131366,46.034802538889075,22.10131052332746
1529.625,油层,13.501409643412405,67.44833958229918,19.050250774288408,16.23941368180516,83.76058631819484,91.06711086491204,52.41077071789507,11.537609405741991,3.4999594586621248,74.82769718310688,8.932889135087962,1.903787078666346,154.92284310641634,8.08776881852947,10.591416798984264,1.8328264322786794,91.44779329145584,47.141622439448945,21.839094229143626
1529.75,油层,13.575386188312152,67.63854051983084,18.786073291857004,15.885974299202413,84.11402570079758,90.66479713847274,52.558566464818334,11.570144886073104,3.5098291689393974,74.77882283927032,9.33520286152727,1.999255678334031,158.52416327575992,8.004510248510408,10.974255303467785,1.872514647108473,111.89910308207965,47.00471915374996,21.899631440504486
1529.875,油层,13.75887840007746,67.90069535833626,18.34042624158627,15.592749515748455,84.40725048425155,91.9244624017581,52.76227403150692,11.614988690223546,3.523432636605808,76.33171288600965,8.075537598241889,2.1730317531101733,174.67203089395068,7.9122358142326785,11.155222198142209,1.8812878456106203,104.019855399227,44.664712870571506,21.95855717159765
1530.0,油层,13.480349771481027,67.97417279104909,18.54547743746989,15.986705290763883,84.01329470923612,92.90671659410674,52.81936971247845,11.627557627042853,3.5272454515277816,76.92001130334286,7.093283405893258,1.8711997466738752,134.14865724675366,7.802066193809042,11.271365383104005,1.8876602898295591,121.84357174590406,45.788205959005914,21.823735580997983
1530.125,油层,13.648840402621342,68.06990072464822,18.281258872730437,16.159396649075283,83.84060335092471,92.7252629591464,52.89375515784647,11.64393270037936,3.532212866422399,76.56586631007112,7.274737040853596,2.211419919907203,141.55771931759637,7.626284754372778,11.325163708243567,1.8837716305723775,123.56941298473157,45.707705967367346,22.057618988453836
1530.25,油层,13.880947288395145,68.2408368684739,17.87821584313094,16.254118135590186,83.74588186440981,94.45090396438913,53.0265811858396,11.673172774679157,3.541082907955145,78.19678582879894,5.549096035610868,2.0472757858590285,161.01484461033857,7.545069211279866,11.28724004179206,1.8658395763164266,109.48406229758783,45.1482241960125,22.052269175469423
1530.375,油层,13.831213930886415,67.83827019998859,18.33051586912499,15.786270003312216,84.21372999668777,95.05134391466784,52.71376652663058,11.604310338486979,3.5201933348710246,79.26507391135561,4.948656085332159,1.828123092412472,142.602234473431,7.463443228558635,11.436157654107912,1.8695592431252925,117.99487818552078,45.74482332211835,22.070983264230723
1530.5,油层,13.459192667016657,68.49239867810499,18.04840865487836,15.59356506388134,84.40643493611866,94.29764453359928,53.22205743340336,11.716204551575364,3.5541366931262712,78.70407946971794,5.702355466400721,2.0270961060281683,140.22853385889582,7.463673336666002,11.612434412612135,1.871236292865016,116.02759142420531,45.613886201782044,21.87997161432874
1530.625,油层,13.213942274691307,68.40383508923058,18.38222263607811,15.232445235432065,84.76755476456793,92.75738338609042,53.15323904618736,11.701055000047015,3.5495410429962044,77.52493815065836,7.242616613909569,1.658653987303167,160.7995267215675,7.558273965688441,11.737419956446685,1.8543801384023126,110.70068914690266,45.72750377531459,21.882089576016565
1530.75,油层,13.435328352230355,67.66549993209904,18.899171715670608,14.903544497109516,85.09645550289049,94.17523902616183,52.57951529148818,11.574756521741012,3.5112281188698495,79.27169452905231,5.824760973838172,2.190818833958116,175.02513370545094,7.683793902939269,11.755760388045012,1.857351584686799,120.44931998789842,47.840988010283354,21.90704783081249
1530.875,油层,13.054832856872196,67.7988140901021,19.146353053025713,15.197353642065442,84.80264635793455,92.5639177103962,52.68310713395336,11.597561036912477,3.5181459192362667,77.36656406833077,7.436082289603796,1.9676559508982896,158.70872281001087,7.888733176077679,11.755320138911184,1.855518700930468,129.48056074739077,46.12743992456339,22.538021350270313
1531.0,油层,13.40973890309083,67.41782915490066,19.1724319420085,14.77142929650791,85.2285707034921,90.24212284391135,52.38706257289415,11.53239033887828,3.498376243128237,75.47069354740343,9.757877156088657,1.812889520385998,150.6737056826441,7.993029562522089,11.618538058619922,1.8311828399332204,111.08593910661936,46.78891926151794,22.358066092343662
1531.125,油层,13.506023254701535,67.08285576677994,19.411120978518525,15.125065725386852,84.87493427461314,92.61661749298376,52.12677131072052,11.475090305439513,3.4809941506199022,77.49155176759692,7.383382507016234,1.786804426496038,156.1361825383271,8.024763645034577,11.632591366739153,1.8290683915706423,112.16274161826593,45.892227885985896,22.269913789903185
1531.25,油层,13.649302980458444,67.30165002599675,19.049046993544806,14.700337200463734,85.29966279953626,93.61464427624907,52.2967855145574,11.512516915474622,3.4923475959647314,78.91430707578535,6.38535572375093,2.1243283086091003,159.39430813071039,7.9669767050590465,11.796936513398919,1.8121182435486416,96.70888330697113,46.48515137545302,22.357820627718848
1531.375,油层,13.381621513412856,67.45976292923105,19.158615557356093,14.35309350254693,85.64690649745307,95.15373988130699,52.41964723613977,11.539563465928236,3.5005522271630465,80.80064637876005,4.846260118693014,1.9107030198487263,149.37506493733602,7.770439106215754,11.874332560697601,1.779167618400434,117.7381046206916,45.998741605086224,22.03546760248422
1531.5,油层,13.225553174681465,67.76659596757185,19.007850857746707,14.54534199015062,85.45465800984938,97.35878456470661,52.65807202347693,11.592049854341601,3.5164740897533076,82.81344257455599,2.641215435293387,1.9384240043645828,151.20575933979134,7.637344266628166,12.039599666000923,1.7712047990593303,116.55841328188168,46.137392171374934,21.893885086012336
1531.625,油层,13.020051061380814,67.91977724563034,19.060171692988842,14.628301827500367,85.37169817249963,96.3481661043181,52.777101622905434,11.618252808564883,3.524422814160028,81.71986427681773,3.6518338956818996,1.9114824764812883,158.97998885908666,7.560411625728513,11.991386383082887,1.7441035327905523,119.59824309357545,46.145529551263344,21.88122245900374
1531.75,油层,13.379602721896866,67.18382354033606,19.43657373776707,14.697820585111735,85.30217941488827,97.87265460310006,52.20522837671382,11.492361697753575,3.4862334658686684,83.17483401798833,2.127345396899938,2.1009766116940662,148.68257341578234,7.550714488392123,11.906074320635382,1.739376284028134,117.10579126174642,45.14805594038599,22.040051880452474
1531.875,油层,13.763963711120603,67.11949471000345,19.11654157887595,14.729891460243522,85.27010853975648,95.57484555883508,52.1552416224365,11.48135770681025,3.4828953807566982,80.84495409859157,4.4251544411649135,2.049389686175666,161.4177143537122,7.605825622501835,11.78215189736241,1.7211965113889915,118.48225740781373,45.0323911148983,21.930046870355714
1532.0,油层,14.090998341749152,66.37398402964989,19.535017628600954,14.653290452215131,85.34670954778487,97.40122117588506,51.575942123327614,11.353831794519511,3.444210111802769,82.74793072366992,2.5987788241149445,1.8148248081265952,170.83124792937903,7.598971280766608,11.660888444260399,1.6778221488056184,118.52060133011162,46.25515983979926,21.964956353630264
1532.125,油层,14.464733844177513,65.7021149942236,19.833151161598888,14.486303582973225,85.51369641702678,99.69266666297926,51.0538659063851,11.238902908937344,3.409346178901161,85.20636308000603,0.30733333702074317,1.8615614139354206,149.44828854540447,7.580347977154082,11.929427136539253,1.6491581619937108,130.42259995164764,46.654741076375316,22.07161866112193
1532.25,油层,14.817380863236401,65.39725080119368,19.785368335569913,13.122113226303734,86.87788677369626,99.99,50.816971011418985,11.186753308179801,3.3935264815948845,86.86788677369627,0.009999999999998899,1.8784782717458146,176.19056333887397,7.552895623324086,12.680641991650182,1.5980875178225689,130.8324049592459,45.621772057936205,21.79831598993495
1532.375,油层,15.237934682259821,64.71707684475352,20.04498847298666,11.19978978616124,88.80021021383875,99.99,50.28844145086886,11.070403795560752,3.358231598323906,88.79021021383876,0.009999999999998899,1.6687138999894207,150.5190239102498,7.483421322603011,14.58977424177685,1.578168200815504,134.14552955039775,45.91144859219796,22.086018666391944
1532.5,油层,14.999874736321125,65.47451492944552,19.525610334233363,8.920268152893762,91.07973184710623,99.99,50.87700914631753,11.199969991323753,3.3975357918042306,91.06973184710624,0.009999999999998899,1.8796410501674046,165.13422359169317,7.431190026496463,18.250865393456074,1.5776042146068425,130.45508001615846,46.51522130901118,22.06090873957638
1532.625,油层,15.380913859348674,65.28424699840339,19.33483914224794,6.6385081752394886,93.3614918247605,99.99,50.72916134204877,11.167423051185603,3.3876626051690133,93.35149182476052,0.009999999999998899,1.7638805897137622,177.39353097162706,7.445878194224399,21.458061711280987,1.5748476692903504,117.08363054239067,45.581827325750545,22.038427306940683
1532.75,油层,15.084734495516528,65.04751699846577,19.867748506017698,6.620806607619397,93.3791933923806,99.77638573841567,50.54521016066143,11.126928380882136,3.3753784569221996,93.15557913079627,0.22361426158432618,2.0789214652014256,161.18972033396022,7.409622007959265,26.82949771631419,1.5846798515764637,128.0953136514996,47.19243574867991,22.546549694225856
1532.875,油层,14.85384785004697,65.4826402939005,19.66351185605252,4.728830267083417,95.27116973291658,99.99,50.88332296539873,11.201359903691376,3.397957424810395,95.26116973291658,0.009999999999998899,1.799347907452273,153.11282823798607,7.418540040334362,42.16056075959277,1.5834367980663204,112.7880071540056,45.588597716667564,22.44084216174907
1533.0,油层,14.944925931555133,65.43155298650821,19.62352108193666,2.1211181000284074,97.87888189997159,99.99,50.84362554406985,11.192620987330592,3.3953064551077716,97.8688818999716,0.009999999999998899,1.8699455798812497,170.20008104092196,7.449018480786516,475.9568086472466,1.5786073049778961,119.51631276881166,45.861586897132014,22.344076301310043
1533.125,油层,15.26960023519385,65.06302589232806,19.6673738724781,0.09000000000000119,99.91,99.99,50.55726135547718,11.129581308453167,3.376183228397707,99.9,0.009999999999998899,1.7463908236943462,178.4756188705027,7.529832422377649,896.0718462089701,1.575932609247726,114.51799047946679,46.51696225826812,22.40957600756713
1533.25,油层,15.499245194070552,64.27828358023199,20.222471225697458,0.09037621827539448,99.9096237817246,98.25986614607972,49.947476894560786,10.99534449347456,3.335462192196639,98.16948992780432,1.7401338539202893,1.6842725330661796,161.26337918698732,7.744085899894042,1316.0878686195547,1.5701037746757351,118.17457947871463,47.02316977425302,22.05476389646201
1533.375,油层,15.8429135230722,63.56471513326994,20.592371343657852,0.0881604847216066,99.91183951527839,95.99626730666962,49.392998126115806,10.873282570582235,3.298434436571904,95.90810682194801,4.003732693330376,1.6718157726519849,170.9615771104333,7.94171050049443,1732.9886589408502,1.5777733313474842,126.9044124506086,46.0344615839407,21.89791043241385
1533.5,油层,15.877306161172285,64.07188723128175,20.050806607545965,0.08891341291718424,99.91108658708282,95.0488194981634,49.78709649396334,10.960038650933344,3.3247520863850593,94.95990608524622,4.951180501836605,1.8819997365733379,171.002474257731,8.271370593982178,1711.5371913655565,1.5941674758292474,120.27614781154234,46.186798985800564,22.03656892346823
1533.625,油层,15.765591211064583,63.61829431617014,20.616114472765272,0.09026052355723582,99.90973947644277,92.2356357874052,49.43463186072847,10.882447743341263,3.3012147121004074,92.14537526384797,7.764364212594799,1.9899378414085718,170.49953635924945,8.48896323693191,1710.0037110224484,1.6093105105209482,124.25583161435065,46.907962766017064,22.017041842693825
1533.75,油层,16.118794685690563,63.27986875268058,20.60133656162886,0.08899459845532157,99.91100540154468,92.6492873382116,49.17165808371676,10.824557186084528,3.2836534828792936,92.56029273975628,7.350712661788405,1.996858940787395,174.18716503358803,8.554214131106134,1721.1773284449744,1.6240394942784113,111.44498487371719,47.03654058021411,22.144686295751256
1533.875,油层,16.334366921223513,63.39820468095194,20.267428397824546,0.08727331489548502,99.91272668510452,93.22274691957237,49.26361108423135,10.844799548276335,3.2897940484442554,93.13547360467689,6.777253080427625,1.8631690143530037,169.91851532670907,8.754611039850975,1710.4147926978144,1.6216460210522559,106.9484870516552,46.439021377146105,22.11665856771808
1534.0,油层,16.60432305863283,62.538294862593666,20.8573820787735,0.08759532467513796,99.91240467532486,91.5184910798605,48.59541766972853,10.697704695092076,3.245172497773062,91.43089575518536,8.481508920139502,1.8479603288053097,179.1747073633575,8.871268355383894,1723.0300978201954,1.6294258555459435,122.41825674333097,45.46365872096585,21.964050732520423
1534.125,油层,16.643505421989016,62.72285516919727,20.633639408813725,0.08746880313687426,99.91253119686313,89.25319635314085,48.738830361174,10.729275297757516,3.2547495102657504,89.16572755000398,10.74680364685915,2.0122438286299262,164.71795769940775,8.882709552561145,1744.9397602123786,1.6470242785851401,123.85892520891467,47.045807369674776,21.95887928624086
1534.25,油层,16.189150855425336,63.7135337733509,20.097315371223754,0.08669248685343435,99.91330751314656,90.84374952235517,49.50863773521716,10.898739258651668,3.3061567794820834,90.75705703550173,9.156250477644834,1.6606267732925704,172.79532772116022,8.960429379255471,1768.0458677203208,1.6813771159338402,114.31611934091832,48.44875577667891,21.860966016423365
1534.375,油层,16.526691499514186,63.909031323977004,19.564277176508817,0.08586187505990824,99.9141381249401,88.88248648063285,49.66054921836453,10.932180769486061,3.316301336126415,88.79662460557294,11.11751351936715,1.8805158862294054,168.64269759262328,8.917127698710722,1811.5872594862208,1.7317870530768473,109.86234129842452,46.554678679695755,22.006885667743543
1534.5,油层,16.396716085685696,64.35080007331155,19.252483841002753,0.0860602801529877,99.91393971984701,88.03023512245197,50.003825876842576,11.007749053435674,3.3392251430333015,87.94417484229898,11.969764877548029,1.9523676093286106,178.05940510751472,8.830412768841136,1849.941072898586,1.76332520724777,97.36489700837431,45.64797694067211,21.886686723941732
1534.625,油层,16.45453093475983,64.1724692532053,19.372999812034852,0.08550327797718887,99.91449672202282,88.13218143885287,49.86525381143067,10.977244057165441,3.3299713846091983,88.04667816087569,11.867818561147136,1.9819793513008332,179.68189746235586,8.852215333580778,1859.6417786086254,1.7703635243126368,105.60045329806303,45.773882299248186,22.196573800710382
1534.75,油层,16.71267241536886,63.49254673695837,19.79478084767276,0.08612835884724213,99.91387164115277,89.70620722144722,49.336919632626,10.860937555519769,3.2946895488126002,89.62007886259997,10.29379277855279,1.9433270654041677,159.93510760637278,8.976524351757506,1836.5470966560783,1.7562378341331462,115.1488255783823,46.09355113807669,22.061033359163613
1534.875,油层,17.105788049448194,62.540030131148704,20.354181819403102,0.08688366065378696,99.9131163393462,87.84687097768969,48.59676606114832,10.698001527466692,3.2452625425336903,87.7599873170359,12.153129022310317,2.011433710196527,171.76662631221217,9.151485883418843,1811.6523078842165,1.7311364430506921,120.20678169596411,46.62161310094959,21.81589847762493
1535.0,油层,17.517252074952484,62.12149685954786,20.36125106549965,0.08591802742187225,99.91408197257813,86.93529770510466,48.271544543887444,10.626407868661412,3.2235444469990076,86.84937967768278,13.064702294895348,2.0122533465684476,176.43408361254396,9.372399476790983,1771.023265365061,1.7064584706546326,112.72927687083683,45.17013946405256,22.01674254687018
1535.125,油层,16.999212803085058,62.033852234435784,20.96693496247916,0.08650777644902184,99.91349222355097,86.39509500689437,48.203440237986776,10.611415513663228,3.218996482785777,86.30858723044534,13.604904993105638,1.813568404602546,170.2544335594814,9.643644247151746,1755.450548228091,1.7231582941249197,121.99588191289088,45.42442754375268,22.064553439885596
1535.25,油层,17.160703744932775,62.326782900653434,20.5125133544138,0.0860459518086219,99.91395404819137,83.83514932318626,48.431062179141314,10.661523783647533,3.2341969378645836,83.74910337137764,16.164850676813735,2.0250835905082067,166.69893890378205,9.730594260781242,1757.2692730203032,1.7430645754678906,113.04300977742722,46.46315334827422,21.938148905654653
1535.375,油层,17.230917127867396,62.595456687377336,20.17362618475527,0.08731056000874306,99.91268943999125,84.81494015913799,48.63983529825885,10.70748270907074,3.248138680047748,84.72762959912924,15.185059840862003,2.0553892995306833,149.76400195652113,9.856759054515278,1735.7869130216109,1.7670413439080306,116.02334690872675,46.682268070955104,22.19435820479047
1535.5,油层,16.762473904725297,62.55865701505292,20.67886908022179,0.08897834579214496,99.91102165420786,83.04835826742102,48.6112400919034,10.701187813626795,3.24622910952273,82.95937992162888,16.95164173257898,1.9238545918175065,168.26050261908085,9.846451301171255,1741.6051417299677,1.7958365207414382,95.96991980275297,47.31926735238943,22.04126219794887
1535.625,油层,16.47633536346694,63.18640481418836,20.3372598223447,0.08803628435091304,99.9119637156491,84.25253472785975,49.09903187703705,10.808569388274773,3.2788035488765384,84.16449844350883,15.747465272140248,1.9111947549197799,159.9093460157755,9.830504829287532,1739.0322228402417,1.8060187416461586,108.35403102363111,46.61785061989093,22.16881573820279
1535.75,油层,16.61377620413413,62.979677733279374,20.406546062586497,0.087029944622245,99.91297005537776,83.30784104037333,48.938394480982545,10.773206971232515,3.2680762810643125,83.22081109575109,16.692158959626667,2.087446405655153,166.86021713446505,9.846878492188582,1722.7557070921744,1.8004338481315114,106.64031563234151,45.61053063368447,22.026913444199884
1535.875,油层,16.236961851523198,62.90781356247135,20.85522458600546,0.08770424893388165,99.91229575106611,85.08170649988952,48.88255238609368,10.760913996517566,3.2643471798601027,84.99400225095563,14.91829350011048,2.116439712603063,157.39094533713387,9.740189657701354,1732.9772241305013,1.777645813154569,110.38759357542288,47.48074218386453,22.149824996371322
1536.0,油层,16.04691801085492,62.89465002834357,21.058431960801517,0.08522375290773403,99.91477624709226,86.76832104140875,48.872323654396496,10.758662262581547,3.2636641113655274,86.68309728850102,13.231678958591242,1.9193426975811143,169.5719255504102,9.609897707782777,1752.4655928358766,1.7513317761908538,113.39958344151393,47.621035941621884,22.066687830632006
1536.125,油层,15.952347353226395,63.44431694510229,20.603335701671323,0.0830495648275249,99.91695043517248,88.724944033393,49.29944264537331,10.852687441379054,3.2921868583499228,88.64189446856547,11.275055966607006,2.139170679024577,186.6847474778674,9.364091801001228,1764.1033539646767,1.718122509247351,112.69179230666839,46.84338332690183,22.25367529180228
1536.25,油层,15.882742648056375,63.7644862518454,20.352771100098224,0.0849542257909995,99.915045774209,90.3447679732746,49.54823038767415,10.907455111388217,3.3088007527830294,90.25981374748359,9.655232026725402,2.040410511173161,156.54348916403364,9.197253255813218,1800.5644310457762,1.709642300052304,120.85830862734139,46.457034613933715,22.002864725589586
1536.375,油层,15.797203567255613,63.80471497617079,20.39808145657359,0.08246501167315165,99.91753498832685,88.71695293890595,49.57949014084153,10.914336575202329,3.3108882601269403,88.6344879272328,11.283047061094054,1.8277067189084273,162.22234936328977,9.114965428689215,1828.5846726421905,1.6985492789698704,113.68813197026121,46.285496896466995,21.867316361032675
1536.5,油层,16.0260715019084,63.01481369376445,20.95911480432715,0.08030446018143471,99.91969553981856,89.15073626167765,48.96569689910493,10.779217274683763,3.2698995199757594,89.07043180149621,10.849263738322346,1.8414254577901745,154.5743170361945,9.05114594801797,1831.4455331627223,1.6826689842542981,104.8726916282688,47.015916908088286,21.952818759017926
1536.625,油层,15.588923950359185,63.52985315680466,20.881222892836163,0.08139097495907044,99.91860902504092,91.37953996165542,49.365908607432175,10.867319134416727,3.29662541495576,91.29814898669636,8.620460038344568,1.9502272843600958,166.98351524666734,9.037942105285966,1850.1532543726444,1.6728571372127492,108.89975590249841,45.28423374269306,22.080244476248932
1536.75,油层,15.676559315875357,63.67029280281476,20.653147881309888,0.08025880734451299,99.9197411926555,91.53323267950982,49.475037314414735,10.89134252462588,3.303912963774136,91.45297387216532,8.466767320490176,1.7855572483691589,171.90696779840607,8.997949358508166,1838.6415847510643,1.6487064044217699,112.18213707741383,45.941189963424364,21.959088981882434
1536.875,油层,15.506633256896462,63.48388808672745,21.00947865637609,0.08210308267210568,99.9178969173279,91.69693335903742,49.33019142352864,10.859456420106147,3.2942402430926583,91.61483027636531,8.303066640962587,2.0212708775315997,159.44329778132771,8.853308758162067,1842.0469526828178,1.6311305947780796,131.32194000495258,46.625875784438726,21.968816451856743
1537.0,油层,15.805821138341539,63.352794915633936,20.841383946024525,0.08016410989690624,99.91983589010309,93.34581164755407,49.22832540020748,10.837031823545228,3.2874376918812245,93.26564753765717,6.654188352445923,1.8213795829754755,169.161402370604,8.750942587300448,1857.096705472682,1.6033886972132343,128.7433954969301,47.125569207734856,21.99270703235276
1537.125,油层,16.10952387036354,62.81934266432938,21.071133465307074,0.07799767056040732,99.9220023294396,95.57805641893255,48.81380602426416,10.745780300523586,3.2597563395416334,95.50005874837214,4.421943581067456,1.9773696851473987,166.00169071635622,8.765021500685233,1862.7762044232543,1.569502898439315,118.01814996712437,46.21215612778935,21.923983643747995
1537.25,油层,16.38586858865913,62.04878994666688,21.56534146467398,0.07582759149435787,99.92417240850564,94.23863001040651,48.21504759579043,10.613970735781447,3.219771615095009,94.16280241891215,5.76136998959349,2.19910105552879,176.66604896391544,8.639661445137497,1910.1348185852783,1.5373043801474475,109.18162828146848,45.5126610404439,22.15031299864846
1537.375,油层,16.420789860921765,62.46037100322924,21.118839135848987,0.07369723034770286,99.9263027696523,96.53054538173349,48.534866890392905,10.684375159356987,3.2411289534793526,96.45684815138578,3.46945461826651,1.8274233945659335,189.0593478878184,8.620467976907275,1944.454060440799,1.5179372124316446,114.47231476992563,46.85353377585784,22.197970209381257
1537.5,油层,16.8086313125769,62.15752375342755,21.033844933995553,0.07380596198394053,99.92619403801606,95.02635840618039,48.29953926231194,10.63257057381116,3.22541391730445,94.95255244419644,4.973641593819611,1.7944964274316013,168.37836506826233,8.6537952408489,1974.1185353085475,1.5221639637520665,105.18406069833094,46.622554657068264,21.84252022015618
1537.625,油层,17.17463826870553,62.11984774865541,20.705513982639058,0.07459139630212365,99.92540860369787,94.0386076770754,48.270263101328474,10.626125774284267,3.2234588730426674,93.96401628077328,5.961392322924597,1.9444383764763733,187.47506407418993,8.482157689989528,2017.9916949151607,1.5297794968817242,130.02144209992713,46.371297889384614,22.26505515855193
1537.75,油层,17.09352375349772,62.6998649132533,20.206611333248976,0.07402387184485007,99.92597612815514,95.93536626516969,48.72096576968833,10.72534261987601,3.2535565236889665,95.86134239332483,4.0646337348303145,1.771533292054667,159.29260782078558,8.474130640799117,2057.2818531882203,1.5604475670429108,106.06048089766092,47.061258975254425,22.097107219323238
1537.875,油层,17.0851723733875,63.109920098176154,19.80490752843634,0.07281256421121281,99.9271874357888,93.41685095413719,49.03959938486358,10.795486030191789,3.274834683120789,93.34403838992597,6.583149045862813,1.86204614307082,182.31995001220795,8.514581179435039,2093.422667931345,1.586412622140061,113.19623038761887,46.22382178092578,21.88799298202606
1538.0,油层,17.150182710159186,62.617778666237655,20.232038623603167,0.07148969768046673,99.92851030231952,91.80034511562869,48.65718060465576,10.711301072500419,3.249296989081478,91.72885541794822,8.19965488437131,1.907747604767344,182.31793579554719,8.585946808596582,2140.2046218580444,1.6260884769234256,118.82403520919614,45.415702928296255,21.974777384488508
1538.125,油层,17.56165797927504,62.81161038112673,19.626731639598237,0.07191117423269701,99.9280888257673,89.2908159514181,48.80779764919414,10.744457628031434,3.2593551039011457,89.2189047771854,10.7091840485819,1.9328439509742763,169.29817214247217,8.815320935908852,2181.4957446080766,1.6849283927979934,119.83871798575048,47.150396670572206,21.961774829346794
1538.25,油层,17.756293672057737,63.020634746169655,19.223071581772604,0.07201263100994029,99.92798736899006,87.04027544799719,48.97022015119438,10.780213014970291,3.2702015800049833,86.96826281698725,12.959724552002804,2.051630843417805,167.86670722674643,8.20079810488154,1645.0709263298681,2.3179918280254754,110.23960462041757,45.7391356989426,21.942134447728495
1538.375,水层,6.668195124989475,80.01952118433154,13.31228369067898,76.61870371114581,23.38129628885419,78.78870238397322,69.03274430277153,10.90675736037568,0.08001952118433103,2.1699986728274148,21.21129761602678,1.9382744379519905,144.34881847577242,7.468906850824333,1110.5070519962924,2.9472470621824876,99.08348203241434,44.87421689770241,22.15763401550578
1538.5,水层,6.718358434516437,80.10801651436407,13.173625051119497,77.67272049718372,22.32727950281628,79.807019501564,69.10908911713317,10.91881938071654,0.08010801651436722,2.134299004380279,20.192980498435997,2.012043764033352,134.5426372580647,6.687081418770785,562.5980111228948,3.5538910094218044,79.42632038599713,45.41233070126772,22.148975114281626
1538.625,水层,6.742482152508175,80.14437541226751,13.113142435224317,78.11670568624736,21.883294313752643,80.30079484258002,69.14045589445138,10.923775142403866,0.08014437541226382,2.184089156332661,19.699205157419986,2.1831993547699917,106.22326261285961,5.812137214601904,3.9356146016353373,4.138689180592063,88.48189866700835,45.12617978998786,22.085467389450095
1538.75,水层,6.880274872824235,80.32823828350494,12.791486843670816,80.16698677264614,19.833013227353856,82.31574885846833,69.29907417145492,10.94883587376652,0.08032823828350716,2.148762085822182,17.68425114153167,2.558735484669584,104.22042938440934,5.712791467704383,3.8980638510924885,4.11249790084101,84.12433577600937,44.799477266962334,22.08868563501081
1538.875,水层,6.888303806517637,80.34343603487008,12.768260158612277,81.71226924716639,18.28773075283361,83.89000123049428,69.31218525320647,10.950907345628755,0.08034343603487148,2.177731983327881,16.10999876950573,2.389894031608928,110.99936417176627,5.624855187527886,3.9158552586251894,4.142269012051381,95.58792387926866,43.41329069721908,22.11084546330006
1539.0,水层,6.934044667354778,80.66871433639305,12.397240996252169,79.7940418167174,20.2059581832826,81.96282750346049,69.5928024511593,10.995243170897362,0.080668714336396,2.1687856867430857,18.03717249653951,2.278218791850377,97.55959106179806,5.533562072029002,3.948599808512731,4.187456090730743,72.63745628450052,43.387629028089776,22.0016820949844
1539.125,水层,6.879505283309133,80.85859952944111,12.261895187249756,79.7675668741839,20.232433125816108,81.87359509094436,69.75661617791697,11.02112475199471,0.08085859952943752,2.1060282167604734,18.126404909055637,2.4140818171649894,95.04043811668603,5.468079614037759,3.9727687449842035,4.221646247622933,87.70381758692534,45.01858223683766,22.051228862491186
1539.25,水层,7.0295828670417215,80.80784629431709,12.162570838641194,81.2546281900217,18.745371809978295,83.39424563154475,69.7128314232596,11.014207024763168,0.08080784629431598,2.1396174415230473,16.60575436845525,2.2572657789261124,109.54295484754331,5.410338035344049,3.988622668771256,4.251291533158453,76.3005573955071,45.208571751515066,22.076513536384585
1539.375,水层,7.22610333503498,80.61600451670414,12.15789214826087,82.73832541591219,17.261674584087817,84.91276029218324,69.54732975336037,10.988058758827066,0.08061600451670092,2.17443487627106,15.087239707816757,2.119222388005044,110.87182039095597,5.380009645387386,3.9829441561319694,4.2582498594985445,81.8739474609135,43.70981114044245,22.01755414216453
1539.5,水层,7.315883192543763,80.62173518961907,12.06238161783717,80.8926819855714,19.1073180144286,83.04852704421106,69.55227359796434,10.988839856465113,0.08062173518961491,2.155845058639656,16.951472955788937,2.303346318524436,115.29153146267454,5.346080711820578,4.013625937339853,4.3020617209283465,74.80582712190517,43.591885812595564,22.214823959400682
1539.625,水层,7.2098571573567805,81.05955178776387,11.730591054879353,79.48971218789407,20.510287812105933,81.61094749516104,69.9299774485237,11.048514787452394,0.08105955178776131,2.1212353072669816,18.389052504838954,2.4291570578224713,98.20277496834078,5.373357165637776,4.048352615396406,4.345656232508685,85.02203797865542,44.767168441419415,21.840231831026987
1539.75,水层,7.3832778955542775,80.63626733462446,11.980454769821256,78.65464559825836,21.345354401741645,80.78786027341442,69.56481046191304,10.9908206053768,0.08063626733462587,2.1332146751560663,19.212139726585576,2.101561720643529,94.21505439918684,5.423374184241659,4.104629139661563,4.402508831522299,81.98260154472415,44.143539026693105,22.118726442358074
1539.875,水层,7.295228354385307,80.58660437938592,12.11816726622877,78.54521501454259,21.454784985457408,80.68503054886365,69.52196629039638,10.984051484610154,0.08058660437938875,2.1398155343210523,19.314969451136356,2.069326662760372,92.52101033180531,5.458834447323721,4.089882899281853,4.385172414008752,86.67040597085753,44.215601886549464,21.92921731016014
1540.0,水层,7.341811883937479,80.29973449299425,12.35845362306828,80.34806769469357,19.65193230530643,82.46389926041515,69.27448398579945,10.944950772701805,0.08029973449299038,2.115831565721568,17.53610073958486,2.4559939164282936,109.52642787582451,5.527335299612402,4.004306241211242,4.289074446581964,81.35968931255098,44.20284393484094,21.858503261313007
1540.125,水层,7.149635883314365,80.17467340937704,12.675690707308599,80.95506470803775,19.04493529196225,83.01184501069159,69.16659393997318,10.927904795994491,0.08017467340937223,2.0567803026538325,16.988154989308413,2.2948701936600915,98.76855379054027,5.5258674463484905,3.9462948703620495,4.227297713974695,79.8556765836531,44.71695017557219,21.84956643578871
1540.25,水层,7.32539393249279,80.34708621376872,12.327519853738503,81.25582361149358,18.744176388506418,83.35129795829353,69.31533425813474,10.9514048694202,0.08034708621377229,2.095474346799955,16.648702041706464,2.22800114534312,119.27565962377915,5.5461304876134445,3.9127164637283087,4.186028961559474,73.66539637583199,43.16034435173897,22.13482669248418
1540.375,水层,7.121594328822225,80.36104652913787,12.517359142039911,79.38884079725732,20.61115920274269,81.52441588831445,69.32737780534674,10.95330767726199,0.08036104652913434,2.135575091057143,18.47558411168555,2.0815930385866435,106.54853553222847,5.528914405754373,3.9414414009096923,4.207725745938561,75.34599795020631,44.26650994035216,22.010339167630036
1540.5,水层,6.984390301035778,80.76736453235728,12.248245166606942,79.83460674538539,20.165393254614617,81.97392549098916,69.67790785609829,11.008689311726632,0.08076736453235811,2.1393187456037777,18.026074509010837,2.2250273550325397,126.5574963599404,5.473030455099124,3.9685533995496582,4.234745843579092,72.62764188758003,43.132433155121,21.938998402356965
1540.625,水层,6.971996224363039,80.7855530044782,12.242450771158753,81.6947924224064,18.305207577593606,83.84499264280736,69.69359902903457,11.011168422439154,0.08078555300448237,2.1502002204009685,16.15500735719264,2.063840756739022,109.86270125460554,5.4457570159019895,4.01900908771319,4.2850686352461596,73.99572624574422,43.96659052152914,22.14887173722041
1540.75,水层,7.156057075589442,80.90000003766458,11.943942886745988,80.05836268346253,19.941637316537463,82.18110693715836,69.79233234637056,11.026767691256362,0.08090000003765918,2.1227442536958145,17.818893062841646,2.2909171264040564,119.59926082018936,5.378119279965082,4.037863586163505,4.307950273405493,77.9030579558567,43.97511215763636,22.11806311865201
1540.875,水层,6.987309738061864,80.98158521522029,12.031105046717846,80.98413593212307,19.01586406787693,83.04541264962442,69.86271578053439,11.037887849470673,0.08098158521522292,2.061276717501363,16.954587350375572,2.3032795428839754,99.91798341340319,5.354397984140586,4.00877063842747,4.284039269489337,84.37798596005602,42.78587778339654,22.005695475195783
1541.0,水层,7.085414979815417,80.7076661011483,12.206918919036285,81.95680205635398,18.043197943646017,83.96876208259575,69.6264060915797,11.000552343467456,0.08070766610114855,2.011960026241761,16.03123791740425,2.1587855882746654,104.66857652246333,5.306918953195015,3.9959415160481035,4.275527658199753,78.65059585057192,44.160615652850225,22.00758004540229
1541.125,水层,6.926297771290534,81.05069885240106,12.023003376308417,84.0705354724482,15.929464527551806,86.06136069688979,69.92234003187605,11.047308121672593,0.08105069885240429,1.990825224441601,13.9386393031102,2.3396658378924107,101.54155592173939,5.25355080576138,3.909470427192315,4.181753414931299,88.54157342369275,44.187950967533055,22.33294234625944
1541.25,水层,6.780448077206586,80.96339996203275,12.25615196076065,86.28093708760196,13.719062912398039,88.25145807111535,69.84702738456807,11.035409177502661,0.0809633999620335,1.970520983513387,11.748541928884649,2.1584948707351943,102.2312659551684,5.1807182503154525,3.836467589445951,4.103109605534127,80.9051907517733,43.55287324340453,22.124723046065064
1541.375,水层,6.61569520423255,81.24613844838876,12.138166347378682,87.40787118253327,12.59212881746673,89.37945005100724,70.09094553534285,11.073946774597514,0.08124613844839312,1.9715788684739666,10.620549948992764,2.1009776856454567,109.66940392284754,5.052943000660937,3.79179042731863,4.055412515471355,80.83077140031901,43.17365278264376,22.226104226478853
1541.5,水层,6.617798096957143,81.52815061338727,11.8540512896556,89.22071772842352,10.779282271576474,91.16994499910618,70.33423708955956,11.112385373214313,0.08152815061339136,1.9492272706826514,8.830055000893822,2.256862032031651,120.24124775326823,4.98125060892039,3.784016033461886,4.04402746360998,62.95893661456882,43.82419857529209,22.231334963150427
1541.625,水层,6.548256629741428,81.68861816752701,11.763125202731565,87.47712168423715,12.522878315762853,89.4158074519853,70.4726722547526,11.134257294606886,0.08168861816753026,1.9386857677481464,10.584192548014704,2.3012061294718777,106.68390275024935,4.885463989004978,3.8206694253589095,4.0902300467643755,84.57899340008275,43.21967780997974,21.953756912203627
1541.75,水层,6.744229036874142,81.80503896311289,11.450732000012964,88.13462712293496,11.865372877065038,90.044673703742,70.57310833452733,11.150125589622451,0.08180503896311059,1.9100465808070428,9.955326296257994,2.188915654911786,94.29345445842263,4.836503011744215,3.875444069852948,4.151434172384334,86.0815019377294,43.09702865912879,21.965485427068103
1541.875,水层,6.555568598936436,81.91754888045678,11.526882520606781,86.71186440389434,13.288135596105665,88.56846407875764,70.67017050436505,11.165460827211275,0.08191754888045716,1.8565996748633178,11.431535921242354,2.2835155922925274,122.53983250835803,4.826646225598118,3.926106974018338,4.20063653554627,84.46103277830353,43.95596956166847,22.190308946087125
1542.0,水层,6.375433728642889,82.04817566799575,11.576390603361366,87.43097649748283,12.569023502517174,89.26040353003863,70.78286207624409,11.18326541608367,0.08204817566799943,1.8294270325558002,10.739596469961377,2.202688589143014,105.00213829095922,4.804179487998799,3.977444666930278,4.255634689699891,70.0233471557638,42.633138007113686,22.111499966796806
1542.125,水层,6.477999207723689,82.16485421465194,11.357146577624363,86.03594678813921,13.964053211860783,87.8828993858275,70.88352051755594,11.199168842881349,0.08216485421464748,1.8469525976882815,12.117100614172504,2.3130110996571287,101.97249430999697,4.820530038521767,3.965064326676163,4.238290399320174,76.11702826593236,44.486352901478156,22.21742002148397
1542.25,水层,6.629899527572667,81.70455929372923,11.665541178698097,88.24269764647494,11.757302353525068,90.14119777174876,70.48642464507846,11.136430089357036,0.08170455929373266,1.8985001252738294,9.858802228251239,2.1730464042481215,105.19264376145595,4.786077640140185,3.9518236096636485,4.2239952697041865,76.27475956481271,43.077299925924414,22.10650707457404
1542.375,水层,6.46085082532942,82.11244593697246,11.426703237698106,88.76193071574528,11.238069284254726,90.67835639897078,70.83830795968444,11.192025531351048,0.0821124459369757,1.9164256832254973,9.321643601029228,1.8910310441413036,107.6111492789427,4.719821088677885,3.9480364944587567,4.231905324128627,69.00873938422416,42.531268699790736,22.205866044624877
1542.5,水层,6.623786327405721,82.27264044828104,11.10357322431325,89.91211237060311,10.087887629396885,91.77729847916049,70.97650757115672,11.213860236676036,0.08227264044828597,1.8651861085573787,8.222701520839504,2.1429568079076917,102.63116123246354,4.649394518159033,3.952104388616829,4.245459853121648,77.79460018414989,44.053241997965884,22.00215554608533
1542.625,水层,6.607739184713639,82.53308278884916,10.859178026437215,88.45826926291372,11.541730737086286,90.36855106791974,71.20119086388273,11.249358842177577,0.08253308278885346,1.9102818050060248,9.631448932080266,2.1806605275963737,97.64142290612779,4.576976715740772,3.972929910941072,4.269309220081236,94.5851980139076,43.4656855416346,21.980712476015285
1542.75,水层,6.4665233928758195,82.37458811296328,11.158888494160886,90.27996485165703,9.720035148342976,92.16734845204726,71.06445769837708,11.227755826473242,0.08237458811296422,1.8873836003902484,7.832651547952729,2.13058198739562,89.44517009139203,4.512901676151953,3.9569415238053054,4.2556868027969825,87.04210817360955,43.75169561911849,22.00249563513715
1542.875,水层,6.34482184325558,82.49395311967031,11.161225037074122,92.31261131569217,7.687388684307828,94.14895566933545,71.1674337455309,11.244025421019728,0.08249395311967084,1.8363443536432835,5.851044330664545,2.1486222838620126,103.59769251201732,4.470853018740176,3.9391920258977495,4.232545996551869,77.80533629882108,43.23070898775298,21.82782097402275
1543.0,水层,6.3146737809841165,82.63166271263422,11.053663506381662,92.93859743174552,7.061402568254483,94.76002799635265,71.28623564509762,11.262795404823976,0.08263166271263028,1.8214305646071294,5.2399720036473525,2.0217233705008404,116.65028222329268,4.448931242687514,3.890507314428167,4.18026209815142,88.59769475147345,44.032245307598835,22.052948995448904
1543.125,水层,6.471587534812167,82.4892161179112,11.039196347276631,91.82957208776863,8.170427912231371,93.63667224761149,71.16334713983322,11.24337976196007,0.08248921611791055,1.8071001598428522,6.363327752388514,2.218837400506272,97.33940047982577,4.4311469408384365,3.880717902667441,4.168218133463005,74.19659753766904,43.746079095084454,22.123273310136454
1543.25,水层,6.302408946758955,82.54242039688435,11.15517065635669,91.75216577848046,8.247834221519545,93.53909517162326,71.2092464070596,11.250631569427865,0.08254242039688747,1.7869293931428116,6.4609048283767345,2.2595294966793693,104.8595049449369,4.413836192529489,3.8615669539258604,4.1445014828684,97.75337425548118,43.03681189581116,22.123254733161247
1543.375,水层,6.128497949660374,82.63994694898196,11.231555101357666,94.39016477602445,5.609835223975546,96.16156583474262,71.29338244579165,11.263924556241323,0.08263994694898136,1.7714010587181683,3.838434165257376,2.076600760009128,102.49355736408478,4.412671522247113,3.897666683383772,4.174321944509064,77.47030343384593,43.258228900696466,22.1069602414018
1543.5,水层,5.966037579282073,83.0824941853136,10.951468235404326,91.77313825439846,8.226861745601543,93.50766403396867,71.67516741220261,11.324244278925683,0.08308249418531033,1.734525779570209,6.492335966031337,2.4294215167135005,111.63467495910567,4.428175038000788,3.904179323548996,4.170553139239859,82.5681915766112,44.266728514070124,21.947565824356555
1543.625,水层,6.081238241139012,82.70019897201321,11.21856278684777,91.47612601342433,8.52387398657567,93.1913058193988,71.34536179330688,11.272136979734334,0.08270019897201053,1.7151798059744816,6.808694180601194,2.3710224665641144,100.36287020546548,4.388531695890832,3.9171020414233095,4.180885921195071,81.19824347807365,43.22086730838606,22.13681625678234
1543.75,水层,6.035026505683592,83.04115678988637,10.923816704430028,93.20667426502985,6.793325734970157,94.94608476786851,71.63950569108212,11.318609942014367,0.08304115678988838,1.7394105028386662,5.053915232131489,2.1718892183550915,120.65587900649511,4.36787485386496,4.001894751960851,4.272582400005613,74.16380595571333,42.24257772568843,21.980057015500233
1543.875,水层,6.119628507752552,83.2421389317267,10.638232560520754,91.13525676028068,8.864743239719319,92.84612558093414,71.8128927421634,11.34600405063158,0.08324213893172311,1.710868820653462,7.153874419065853,2.1916987622077584,108.21648419971565,4.3780478181372615,4.004696092636115,4.284107959004816,67.13199979043259,43.79627801369347,21.985024726813133
1544.0,水层,6.3005402197095846,82.81104443615529,10.88841534413514,90.75224885874307,9.247751141256922,92.46557141492993,71.44098804137718,11.287245350341935,0.08281104443615822,1.7133225561868506,7.534428585070074,2.1571943418138235,99.2666765828025,4.394066427272438,4.061460625088823,4.344016386810987,83.01859342622765,42.68572900658522,21.928563997211498
1544.125,水层,6.125316747472483,82.87545986053829,10.999223391989235,88.05542762756131,11.944572372438689,89.72818369641843,71.49655915021128,11.296025250466464,0.08287545986053607,1.6727560688571192,10.271816303581572,2.2961533627034756,111.82392612395154,4.495454088537808,4.117274785466689,4.394216637313775,84.48638026658728,43.0881872008908,22.08189573258332
1544.25,水层,5.9889123613810415,82.74112401458396,11.269963624035006,86.35282273467666,13.64717726532334,87.98204415057391,71.38066777811596,11.277715112453397,0.08274112401458894,1.6292214158972567,12.017955849426087,2.391653567585195,98.12175332196573,4.589814094534311,4.16335610634421,4.429494793380403,66.64570017160769,44.13909639243964,22.09279184160418
1544.375,水层,5.916746812640829,83.02153044172043,11.061722745638745,85.30041418305761,14.699585816942385,86.93187123111534,71.62257406421803,11.315934847060683,0.08302153044171673,1.6314570480577242,13.068128768884657,2.3456542395819433,97.61805186102299,4.654058851299598,4.229184113804937,4.479269644447252,80.05869304109439,42.83024250260303,22.109517279396197
1544.5,水层,5.743990922699074,83.1138985207378,11.142110556563118,85.65093400035512,14.349065999644871,87.23755010280806,71.70225989445258,11.328524727764492,0.08311389852073275,1.5866161024529268,12.76244989719194,2.346407499426329,96.47494925206365,4.698708701989013,4.294300947063109,4.535949204036703,84.23606001112387,43.76396444893732,21.959644285565922
1544.625,水层,5.831768181713699,83.09492679462402,11.073305023662288,83.55988683483025,16.440113165169745,85.16616639159686,71.68589300924242,11.32593885858697,0.0830949267946246,1.6062795567665988,14.833833608403147,2.2812745190043993,118.09898028954304,4.651003510907678,4.351713285693539,4.591900751207986,81.12142394189128,44.028086311365925,22.000725483046136
1544.75,水层,5.709815022191013,83.49515700114655,10.795027976662446,86.02496872802489,13.975031271975114,87.6551583893382,72.03117112513453,11.380490719010862,0.08349515700114413,1.6301896613133058,12.344841610661806,2.028873680259443,86.54345075977712,4.5867140676609575,4.357608283545547,4.595637233949244,74.21686567824854,43.08147262187609,22.02433074214602
1544.875,水层,5.61248285852019,83.65723790406108,10.730279237418738,88.09313947656486,11.906860523435137,89.68504845988426,72.17099812436747,11.402582541789547,0.08365723790406121,1.5919089833193876,10.314951540115747,2.284945764337935,79.48099046646136,4.505777695204377,4.371577649812116,4.61471304609138,86.31979156548078,43.641529214248074,22.235795021547858
1545.0,水层,5.652107193739586,83.75341716920964,10.594475637050772,88.65113278438584,11.348867215614167,90.21452565586296,72.25397186027543,11.415691891765011,0.08375341716920781,1.5633928714771175,9.785474344137047,2.2892510191587614,98.00276281542786,4.383650415458256,4.362413134991092,4.611924849999466,63.94535160328087,42.970419399218024,22.28137943022971
1545.125,水层,5.681583033686375,83.92352540172122,10.3948915645924,89.41315385308609,10.586846146913908,91.00141061357316,72.40072402705879,11.438877849260711,0.08392352540172732,1.5882567604870577,8.998589386426847,2.1491415698103356,106.84758931932014,4.312013346576402,4.408096646946381,4.661759289731097,75.52640133867871,44.31426241399545,22.00073232703283
1545.25,水层,5.549617095207002,84.25213741359687,10.198245491196118,87.4222268898695,12.577773110130497,89.00794316822865,72.68421721290746,11.483668063275818,0.08425213741359988,1.585716278359143,10.992056831771357,2.199252526688816,98.79818753549236,4.260649295124262,4.5156718248030465,4.771153295987652,85.65491271769248,43.09118784880668,21.889016229072784
1545.375,水层,5.389236497723311,84.58220986242306,10.028553639853634,86.0284783243902,13.9715216756098,87.62872295910913,72.96897031594987,11.528657336610749,0.08458220986242576,1.6002446347189336,12.37127704089087,2.2445631368822205,107.78378039547279,4.245583527307728,4.587445268303473,4.843723096757447,60.805822098110625,43.46895990288442,22.029024274936926
1545.5,水层,5.544247565463561,84.22929306516454,10.226459369371907,86.33113129279991,13.668868707200089,87.90918442821894,72.66450942109925,11.480554351000118,0.08422929306516197,1.5780531354190177,12.090815571781066,2.2270384013583344,100.49214329280115,4.28550002159769,4.66973966224953,4.923722214654391,64.81765829933804,43.41913204801407,22.014773947343134
1545.625,水层,5.596724792419332,84.0830232185478,10.320251989032874,84.23496693781823,15.765033062181766,85.77550358598327,72.5383226010427,11.460617594286552,0.08408302321854799,1.5405366481650347,14.22449641401673,2.19546215597451,91.17176865248133,4.3596435631859585,4.722858125974374,4.970638889730064,87.10795589895291,43.652379466854626,21.853886819378786
1545.75,水层,5.469145621526747,84.04928023250756,10.48157414596569,81.98493765076293,18.015062349237077,83.4812118825896,72.50921256773019,11.456018384544873,0.08404928023250241,1.4962742318266942,16.518788117410388,2.230670782317576,102.76678714069499,4.460560458129226,4.699585930149777,4.944508300527021,84.315519682965,43.31811143992738,21.82397991806192
1545.875,水层,5.568899977324821,83.73641290023795,10.694687122437227,82.35798209893575,17.642017901064257,83.83204727418142,72.23930229796606,11.413374189371646,0.08373641290023992,1.4740651752456766,16.16795272581858,2.1623121773352203,89.6761327634684,4.549563883677642,4.686530677806011,4.921118916049,67.82643226732887,43.67012356554564,22.01307076106522
1546.0,水层,5.425266509007742,83.68613867908928,10.888594811902975,82.98752270807307,17.01247729192693,84.47208784787897,72.19593078808684,11.406521752323352,0.08368613867909408,1.4845651398058932,15.527912152121036,2.2854236391354767,93.4439286715691,4.611376499698514,4.6125761321815215,4.835323354192836,81.53205228046797,45.28642477488425,22.231284260077604
1546.125,水层,5.438273044743254,83.47852853239999,11.08319842285674,84.72861865153402,15.271381348465985,86.2536296131494,72.01682576522563,11.37822423864196,0.08347852853240328,1.5250109616153764,13.746370386850604,2.188427026378079,114.41175489360916,4.6497059170210076,4.487865973627163,4.69977419987125,83.09158748601273,44.41643009434641,22.107765035377092
1546.25,水层,5.306129261259153,83.38673655787368,11.30713418086717,85.7431190177872,14.256880982212806,87.24958771635436,71.93763693963987,11.365712881675925,0.08338673655787915,1.50646869856716,12.750412283645641,2.4343586417549274,98.14094190705023,4.682050879150271,4.3537503825705866,4.554689819644883,80.12147574102183,43.36795685542723,22.11955722256087
1546.375,水层,5.40743404277839,83.03883700166482,11.553728955556801,87.04390401617907,12.956095983820937,88.55532481973314,71.6375044125845,11.318293752078642,0.08303883700166298,1.5114208035540733,11.444675180266861,2.477330951688981,97.5484426069788,4.710106028961542,4.279219407962334,4.476500275341651,70.60480774135823,44.315912579289105,22.081310304683353
1546.5,水层,5.470579420959033,83.14826541494705,11.38115516409391,85.03355427570243,14.966445724297571,86.57310483374779,71.73190817258913,11.333208976942972,0.08314826541495068,1.5395505580453617,13.426895166252207,2.263786980715488,90.57995005316405,4.747056198324952,4.22550938643354,4.422047705327163,69.46835911015046,42.14815535921967,22.483281044074293
1546.625,水层,5.585005070096825,82.89654274891244,11.518452180990732,85.50778350174075,14.492216498259246,87.05003962678208,71.51474733255424,11.298898873609286,0.08289654274891145,1.54225612504133,12.949960373217916,2.2674976603962858,93.54341926436457,4.787726754811371,4.243061989103105,4.4416420198165305,79.42313337577093,43.64174718430675,22.40143702947438
1546.75,水层,5.521259439376841,83.05352000659394,11.425220554029218,83.02486231250703,16.975137687492968,84.58267812903381,71.65017142320725,11.320295063380096,0.08305352000659016,1.5578158165267717,15.417321870966195,2.148675185064138,103.34479257464942,4.845800045266349,4.317558135846612,4.514369414169779,78.18202797526934,44.12205349588117,22.527175347581544
1546.875,水层,5.464699583363116,82.94960684239689,11.58569357424,81.01244759525065,18.98755240474935,82.5672727821961,71.56052566192879,11.306131573625697,0.08294960684240016,1.5548251869454544,17.4327272178039,2.3737398438886754,73.7885772503272,4.885651342930268,4.360037784141317,4.558596441597195,66.09381783328132,43.9304070443036,22.40600928035524
1547.0,水层,5.6077331921244085,82.98747675161617,11.404790056259422,81.3680608860013,18.631939113998698,82.88736887072085,71.59319598688465,11.311293287979908,0.08298747675161561,1.5193079847195388,17.112631129279155,2.234772633233629,94.69923476011279,4.940904384544061,4.381007673541418,4.580248659542572,81.88586612624549,42.824422410672064,22.073285230248658
1547.125,水层,5.759669504528415,82.51995822126642,11.720372274205157,82.1307381791057,17.869261820894287,83.68046517872335,71.18986831527691,11.247569947768236,0.08251995822126795,1.5497269996176357,16.319534821276648,2.2743986184659626,105.95917470115351,5.02207206227732,4.37110030576367,4.567689965159482,85.96494532980316,44.77563835828991,21.936248646744154
1547.25,水层,5.672499691498939,82.3718236374359,11.95567667106516,80.05672113899398,19.94327886100602,81.62653186949412,71.06207278867768,11.227379025120774,0.08237182363744072,1.569810730500127,18.373468130505888,2.227890073803328,114.44300090383544,5.087924071478486,4.307982693385123,4.5031671529835515,76.36720246630689,43.378301631545526,22.175490911918438
1547.375,水层,5.661461314562889,82.09845031253596,12.24008837290115,81.13754327910982,18.862456720890176,82.71431745499093,70.82623395138269,11.190117910840746,0.08209845031253021,1.5767741758811034,17.285682545009074,2.2522216067087997,100.16775846827237,5.165242608744504,4.243558078039372,4.431650345370643,88.48161303858221,42.43441826818178,22.448084929058616
1547.5,水层,5.635604488439898,82.15680665117958,12.207588860380527,81.07897304373296,18.92102695626704,82.65689946359889,70.87657789426571,11.198071950262696,0.08215680665118325,1.5779264198659295,17.343100536401113,2.3722314785448444,113.08381155563612,5.207257044656517,4.238784812939331,4.423639127335343,79.30361596830356,44.379793304981874,22.293312521945943
1547.625,水层,5.765308846709816,82.21261074824227,12.022080405047912,80.64622083678313,19.353779163216878,82.20849709978889,70.92472002141868,11.205678116075356,0.08221261074824598,1.562276263005768,17.79150290021111,2.2932561252216335,88.50920785945313,5.179665285922031,4.257798264025812,4.445784287789931,80.0632186742383,43.57532138210088,22.43810297795143
1547.75,水层,5.7166040239870135,82.61441246911745,11.668983506895533,80.31239390466057,19.687606095339426,81.90975562243226,71.27135388084523,11.260444175803103,0.08261441246912166,1.5973617177716801,18.090244377567743,2.237263241196137,96.02889396406813,5.133951410003962,4.297264239036356,4.494835622294198,82.71991746091057,45.564949912782495,22.1675362580121
1547.875,水层,5.87693899729464,82.46017696117256,11.662884041532797,81.10899243278237,18.89100756721763,82.67551576159579,71.13829509437936,11.239421689832035,0.08246017696116881,1.566523328813422,17.324484238404214,2.3434156137453326,101.19240149827559,5.115187309353675,4.317417315060808,4.523604311522638,88.57308570171261,44.47033554506212,22.089097773609502
1548.0,水层,5.91117531262629,82.21342787266505,11.87539681470866,80.82761561683155,19.17238438316845,82.3895728172994,70.92542495367154,11.20578949112085,0.08221342787266134,1.5619572004678453,17.610427182700604,2.056833269494064,85.81795832232396,5.074085680666541,4.34151527220102,4.554983339759437,78.23310117045979,43.993721178478985,22.00076703365159
1548.125,水层,5.883399576361578,82.52999613936342,11.586604284274998,81.20066124024461,18.79933875975539,82.71928478622208,71.19852801509849,11.248938128125568,0.08252999613936468,1.5186235459774766,17.28071521377792,2.399634268201962,88.28725153033895,5.055782910176401,4.302116205372031,4.522803278266472,87.9334331677903,44.033452080187075,22.12216764511606
1548.25,水层,5.951332192954027,82.41673316271526,11.631934644330714,82.738526218038,17.26147378196199,84.27687618106683,71.10081618190829,11.233500247644255,0.08241673316271708,1.5383499630288169,15.723123818933171,2.1285912218864844,95.55388560753136,5.015161934328871,4.300152811519586,4.521181535947754,78.21272862565587,44.426296393383865,22.238336449311397
1548.375,水层,5.7759580717568655,82.77938554750781,11.444656380735323,82.88666177957896,17.11333822042104,84.46664022815874,71.41367595636888,11.282930205591423,0.08277938554750452,1.5799784485797723,15.53335977184126,2.10603091089758,104.03278491568044,4.980488553711174,4.302880575587272,4.522527212361837,80.32640639242118,43.578024321120814,22.003777766930423
1548.5,水层,5.759123867040881,82.54698759071263,11.693888542246473,82.14537438442693,17.85462561557307,83.72639740730693,71.21318651966043,11.251254083461511,0.08254698759070783,1.5810230228800028,16.27360259269307,2.340371611519952,100.05357391203783,4.99913455897339,4.255999910807194,4.468604280821147,73.26753433966148,43.05134589638455,22.33438043406523
1548.625,水层,5.733017247147603,82.27466496074733,11.992317792105062,82.61460111783035,17.385398882169657,84.18333625525554,70.9782541156168,11.214136180169776,0.08227466496074642,1.5687351374251959,15.816663744744464,2.1685310826798516,83.51508060416324,5.01197538961449,4.238486358044422,4.4410243460408925,82.79973065690766,43.18911869138303,22.229733122447346
1548.75,水层,5.633131089704521,82.44116024521718,11.925708665078298,83.1569028726304,16.8430971273696,84.75407689248465,71.12188939648718,11.23682968848478,0.08244116024521964,1.597174019854251,15.245923107515347,2.2331451018826107,92.91929099726774,5.069071355243533,4.218979827358017,4.409083342662868,86.12904184171522,43.98452535970467,22.284634328443996
1548.875,水层,5.4781355723835645,82.49031313164215,12.031551295974271,81.51604884736977,18.48395115263023,83.13497184962377,71.16429353225429,11.243529286256233,0.08249031313163763,1.618923002253987,16.865028150376236,2.242950005453029,96.15918344606638,5.099193633790194,4.2439846939853,4.423027247604113,91.10395049642293,43.767221394415216,22.294163449198734
1549.0,水层,5.382551993727543,82.68302084788056,11.934427158391891,79.86459656036197,20.135403439638022,81.46068493721242,71.33054224636008,11.269795580672602,0.08268302084787488,1.596088376850434,18.539315062787587,2.246887960138802,92.53294795030317,5.120968622691544,4.276921170731454,4.44774211130359,80.13926446059475,44.262138402739446,22.009879519949113
1549.125,水层,5.4314014694724175,82.46258520344468,12.106013327082911,80.2686923616251,19.731307638374908,81.85658118450367,71.14037268207957,11.239749936161658,0.08246258520344663,1.5878888228785686,18.143418815496336,2.3211133841449887,99.67484520865719,5.14250494027225,4.3179694238584165,4.484688522201306,80.99449464530358,44.5663458149717,22.213590727037385
1549.25,水层,5.467231876655123,82.58829601708035,11.944472106264527,80.42692306117378,19.57307693882622,81.98205073384166,71.24882324920824,11.256884471855034,0.08258829601708179,1.555127672667872,18.01794926615834,2.145154684890944,92.37785288493296,5.14860619097956,4.336429877542925,4.505250915767282,85.19847504027484,43.55599803591639,22.125442961122147
1549.375,水层,5.53663309150381,82.5000004574257,11.963366451070499,80.42115410742893,19.57884589257106,81.97700641856812,71.17265077651037,11.2448496804579,0.08250000045742084,1.5558523111391804,18.02299358143188,2.213494702590928,113.96072115945617,5.1348340788135385,4.34763231583394,4.522169077188986,67.65511833033395,43.30719712795725,21.965330483610035
1549.5,水层,5.541686617280899,82.73263120581417,11.725682176904929,79.93423301348474,20.065766986515253,81.4784841314263,71.37334104224529,11.276557532363075,0.08273263120581603,1.5442511179415503,18.5215158685737,2.2422583769999824,92.4230703877195,5.12486956992943,4.365621870002231,4.543780394347319,81.75976560770059,43.56676410452934,21.871883385244036
1549.625,水层,5.524487635559626,82.55616946373236,11.919342900708015,79.85715179549423,20.14284820450577,81.40923678865373,71.22110771042748,11.252505583841138,0.08255616946373778,1.552084993159499,18.59076321134627,2.392953202111332,109.71043853212093,5.113529849581634,4.372934936999665,4.550416590015847,89.15364190124117,43.24609907237528,21.882203876244994
1549.75,水层,5.372717202066638,82.75793269706826,11.869350100865109,80.59831491344167,19.40168508655833,82.10720418006616,71.39516860819883,11.280006156172362,0.082757932697064,1.5088892666244929,17.892795819933838,1.9827210415879997,99.14305260097365,5.0986370412766115,4.414615606143353,4.5925579554472336,64.38738788094031,43.4677232106039,22.078484741829584
1549.875,水层,5.463515082793799,82.82687878774162,11.709606129464575,79.2050865967451,20.79491340325489,80.72627564605203,71.45464831737087,11.28940359158301,0.08282687878773676,1.5211890493069111,19.273724353947973,2.247792861017238,110.37627354198747,5.0817782519623185,4.443259086749589,4.624462400900685,88.60853072157752,45.35779930448098,22.089163129762795
1550.0,水层,5.595657527347511,82.93569263185861,11.468649840793876,79.39403161908666,20.605968380913342,80.93291952237524,71.54852188929873,11.30423504992803,0.08293569263186362,1.5388879032885856,19.067080477624753,2.164936491434663,109.19896231924292,5.068390806575421,4.447364598140045,4.633196241070466,64.50062548736739,44.15977172188968,22.109486912981275
1550.125,水层,5.673171364753786,82.5759303262852,11.750898308961006,80.19448067089448,19.805519329105525,81.75026594813458,71.23815538269073,11.25519901326818,0.08257593032628963,1.5557852772401068,18.249734051865417,2.2598316819343998,105.522835867447,5.100808635516998,4.424856144891826,4.613214273056726,86.25322782879459,44.50450161910442,21.932481085914194
1550.25,水层,5.634381392733781,82.27436463107276,12.091253976193467,80.2208904252319,19.779109574768093,81.80245688043235,70.9779950215692,11.214095244872485,0.08227436463106863,1.5815664552004287,18.197543119567662,2.3315851575465634,112.53215647237842,5.1533441755771445,4.342008740189415,4.530076341783109,81.6462739211848,44.38992858252582,21.891851300588964
1550.375,水层,5.715983023417916,81.94253188061951,12.341485095962582,80.75611987256218,19.24388012743782,82.36389321704863,70.69172330843865,11.168866040300234,0.08194253188061468,1.6077733444864528,17.636106782951366,2.3490428686227007,103.26855742348019,5.237086004930033,4.235251430488057,4.4157458371666,71.56697577627928,43.775505764530486,22.062297249450225
1550.5,水层,5.64121346494128,81.85814035897155,12.500646176087171,80.78852327631283,19.21147672368717,82.38639339057059,70.61891884461508,11.15736337399751,0.08185814035896882,1.5978701142577605,17.61360660942941,2.182292266864247,96.9790690003191,5.280202764876467,4.181246467365135,4.3533407501208226,82.65301450629306,43.159243896112855,21.993550402382102
1550.625,水层,5.483369321540859,82.15172739554878,12.364903282910362,80.96865067660057,19.031349323399425,82.52758949480558,70.87219602656617,11.197379641587055,0.08215172739555326,1.5589388182050015,17.472410505194425,2.299261826074745,93.38827247196834,5.2683135382758755,4.174484355591019,4.340605762111428,72.84119722587118,44.53790768886009,21.922266864366392
1550.75,水层,5.348723039336289,82.49807857909637,12.153198381567327,81.07743016515774,18.922569834842264,82.66870164555786,71.17099277439632,11.244587726120962,0.08249807857909214,1.591271480400127,17.331298354442136,2.2561104187166743,94.5296846961533,5.252781302400175,4.228870619410636,4.387102927251387,92.59767138526256,44.06957550919624,22.143693223500158
1550.875,水层,5.281764274381272,82.55572589429308,12.162509831325648,78.92178229665912,21.078217703340883,80.51253776438831,71.22072504360783,11.252445124790958,0.08255572589429272,1.590755467729197,19.487462235611687,2.1317884013705926,102.66987981720673,5.236965816267407,4.312055225857849,4.466756901175353,87.28902700710427,42.92827565536015,21.782480377107326
1551.0,水层,5.372758296244999,82.50100461993864,12.126237083816372,77.61905663219366,22.38094336780634,79.18016397093332,71.17351706629776,11.244986549020933,0.08250100461993648,1.5611073387396557,20.819836029066686,2.3950659631793734,105.95606038268131,5.216084999993812,4.359752957501661,4.5122145052340645,69.75454926512217,43.46286730400843,22.139581818859998
1551.125,水层,5.301643383960043,82.61878781806719,12.07956879797277,79.61006364652738,20.389936353472628,81.17538115100311,71.27512848910096,11.261040541148153,0.08261878781806314,1.5653175044757373,18.824618848996888,2.4013700621962597,106.4759588980216,5.2384274263582,4.422273399819092,4.572273295513217,83.00023573672178,44.249060475792824,22.026659636270768
1551.25,水层,5.281141178826201,82.64924649061895,12.069612330554852,77.30862227147995,22.691377728520056,78.89798017171663,71.30140514913276,11.26519209499557,0.08264924649061672,1.5893579002366771,21.10201982828338,2.2813377148945193,102.47585895148333,5.209328337267904,4.450343089829708,4.603855316273409,71.83844811401113,43.1261398691309,22.001362197117867
1551.375,水层,5.33367722420882,82.84426451190267,11.822058263888511,78.87436513065555,21.125634869344445,80.45985142670031,71.46964696061147,11.29177328677929,0.08284426451189986,1.5854862960447569,19.54014857329969,2.293740873417283,99.3541863588094,5.155541261080968,4.508962123310722,4.664160971672159,76.72989370542872,43.890838008123104,22.07724090967339
1551.5,水层,5.276382826791729,83.16334449421593,11.560272678992344,77.31688672635525,22.68311327364475,78.90128374205078,71.74491687606653,11.335264273655191,0.08316334449421647,1.584397015695528,21.098716257949224,2.285732032760996,115.9691279385061,5.139625716533131,4.627814716957724,4.787023487242179,94.66061633380387,44.651144913300115,21.739556144138128
1551.625,水层,5.403976493813245,83.13770040840909,11.458323097777667,75.2428541737986,24.7571458262014,76.85409367535327,71.722793754206,11.331768953794683,0.08313770040841162,1.611239501554669,23.145906324646724,2.0728513643375917,89.2065118612239,5.13401001501397,4.700074605916163,4.861626837817841,82.9688141895521,43.38434221730513,21.983016827412374
1551.75,水层,5.3596779676651405,82.922170917623,11.718151114711848,74.54352719675053,25.456472803249465,76.15458761618615,71.53685672275503,11.302392023950352,0.08292217091762782,1.6110604194356197,23.845412383813848,2.112853657786185,74.64669948847676,5.129797388949986,4.78454360461552,4.944115748293576,80.93914600816369,43.34662535772139,22.09798090313958
1551.875,水层,5.215168556330594,83.26757893457317,11.517252509096235,75.50221994377134,24.497780056228656,77.09006979989206,71.83483980190044,11.34947155373816,0.08326757893457049,1.5878498561207137,22.909930200107944,2.3214415474882113,90.5295725372074,5.135880648083571,4.776888695574154,4.932602097931319,92.86873090210369,43.78125534091538,21.97369525789692
1552.0,水层,5.1446359800757335,83.16814545986895,11.68721856005533,77.3546417908334,22.6453582091666,78.94865168731333,71.74905866333825,11.335918651070825,0.08316814545987206,1.594009896479932,21.05134831268667,2.2631411468868508,84.24897946982686,5.126398857029718,4.684736363212348,4.836029672030788,69.28353626054026,43.540269985156,21.965103724232417
1552.125,水层,5.228264328056633,82.9480400408561,11.823695631087269,79.4536408104164,20.546359189583598,81.06692263134649,71.55917398413145,11.305918016683787,0.08294804004085748,1.6132818209300837,18.933077368653517,2.2968809937741828,98.49945578374911,5.081662877827812,4.602419826250064,4.75229687046568,82.1286543587338,42.926650201096436,21.850901190095822
1552.25,水层,5.166499540639432,83.02877921015461,11.804721249205958,79.86303320754993,20.136966792450075,81.43858768138388,71.62882756799335,11.316922862951095,0.08302877921015916,1.5755544738339542,18.56141231861612,2.48869714740155,81.12131405716514,5.03619849186414,4.512732670127805,4.6656158707254125,91.34171847093091,44.598962631396844,21.92843283183556
1552.375,水层,5.236862557625045,83.22193713723401,11.541200305140945,81.22213154163741,18.77786845836259,82.81789453782532,71.79546467844806,11.343250521648718,0.08322193713723447,1.5957629961879143,17.18210546217468,2.2248944493917686,97.29459709121763,4.97120440111239,4.452515756896137,4.612966943123418,84.30561055741619,43.20280688459114,22.151539824079574
1552.5,水层,5.271515900263106,83.29684535155751,11.431638748179399,82.79793098885132,17.20206901114868,84.36087741322767,71.86008790449385,11.353460601712097,0.0832968453515534,1.562946424376352,15.639122586772325,2.210383360519098,89.3009469511265,4.916562375650535,4.477775764665567,4.644127687477833,91.07080413899556,43.48134020344128,22.022657441596092
1552.625,水层,5.242535472196601,83.42154465970614,11.335919868097262,80.7220105464086,19.277989453591402,82.24460673168188,71.96766584706023,11.370457267986204,0.08342154465970919,1.5225961852732997,17.75539326831811,2.4533610830374983,102.20509165364479,4.874153044995353,4.557143121351021,4.728004244871838,81.76856206619783,43.409420007287956,22.06087839903573
1552.75,水层,5.13863751025155,83.6511209749226,11.210241514825835,78.32316702206715,21.676832977932847,79.80938738309705,72.16572105698586,11.40174879696183,0.08365112097492716,1.4862203610299047,20.190612616902946,2.2293315215080955,105.17416868769752,4.849756887788033,4.660087189367841,4.832598582080637,78.68899670009024,43.18613657743056,22.25974302590149
1552.875,水层,5.109574841711968,83.8672178855445,11.023207272743523,77.99318853164831,22.006811468351685,79.47052961310283,72.35214760084403,11.431203066814938,0.08386721788554152,1.4773410814545114,20.529470386897174,2.327252200089618,94.28352173435947,4.879201864445692,4.760738370126491,4.932117238121614,86.23305902687369,43.94573303029324,22.03828496572416
1553.0,水层,5.185987071011881,83.55052680535499,11.263486123633136,77.27034054928536,22.729659450714635,78.71018729723372,72.07893858836655,11.388037690183083,0.08355052680535519,1.4398467479483439,21.289812702766287,2.282862532770224,106.63793390083025,4.925141281958633,4.819033423680194,4.989044269307801,79.14387391845652,42.80863670874207,22.20369860756781
1553.125,水层,5.22329001348584,83.34687821591393,11.429831770600234,76.36351106754142,23.636488932458576,77.76592523995627,71.90325119615984,11.360280141538173,0.08334687821591469,1.4024141724148589,22.234074760043722,2.169900187616387,90.5583554078571,4.985899889026418,4.821947549509746,4.989806844128548,74.57890696608773,43.27540820708255,22.35560864913084
1553.25,水层,5.186071695614007,83.21608205849637,11.597846245889633,75.64235693876213,24.357643061237866,77.05299487144075,71.79041350909105,11.342452467346813,0.08321608205849595,1.4106379326786103,22.94700512855925,2.140379334025467,93.2555047716734,5.034009391121947,4.788868918685656,4.9593308056888805,82.31710303169413,43.38843868953714,22.308840582205967
1553.375,水层,5.333911013767484,83.28749634524728,11.37859264098524,77.30132456667874,22.69867543332126,78.71972581952204,71.85202252803887,11.352186320863161,0.08328749634524679,1.4184012528432908,21.280274180477964,2.4258882358161222,103.14000789474886,5.020058303362252,4.791932833034404,4.9701354592098745,74.26082328797176,44.05489752270866,22.29618635015907
1553.5,水层,5.395400175450192,83.53897423413964,11.065625590410168,77.801556352554,22.198443647446,79.17965330516559,72.06897219912871,11.38646306077679,0.08353897423413886,1.3780969526115836,20.820346694834413,2.2457275988243666,87.40476055613983,4.962223078016737,4.763697290654134,4.9522927033956625,94.28352707791612,42.38879062833254,22.19324748255038
1553.625,水层,5.46969152029919,83.48860621970022,11.041702260000585,79.98402301340845,20.015976986591554,81.40209245919462,72.0255197738908,11.379597839589712,0.08348860621970045,1.4180694457861787,18.59790754080538,2.3184167209774493,94.47701372749289,4.8501239047040015,4.74379935598885,4.94597485829766,84.7478446091286,44.13094079264697,22.200623409422025
1553.75,水层,5.381620509600901,83.79024233501579,10.828137155383311,81.28652524494983,18.713474755050175,82.70250893510186,72.28574088635028,11.420711206330491,0.08379024233501342,1.415983690152029,17.29749106489814,2.379874757281002,110.18676536819332,4.744345659795147,4.709265530216054,4.9194197522532885,73.99685358712686,43.63553474397858,22.049170499883903
1553.875,水层,5.3610485494361395,83.84474803473542,10.794203415828436,83.31261062228911,16.687389377710893,84.76853942680913,72.33276288768319,11.428140399017488,0.08384474803474068,1.4559288045200285,15.23146057319087,2.3056882116067308,98.3764321372691,4.645725281524452,4.6826878535150875,4.89672706500235,73.70331870967021,44.198485955766145,21.85536647990269
1554.0,水层,5.295514581125051,84.15172876548192,10.55275665339304,83.20778346486696,16.79221653513303,84.65678194134419,72.59759479342135,11.469982243295087,0.08415172876547888,1.4489984764772268,15.343218058655806,1.9993821095447077,107.33053743265992,4.541190772876196,4.67443922398644,4.894832311603221,77.40413404726733,44.08508731587257,21.870608939578993
1554.125,水层,5.385025552102025,84.1935737460234,10.421400701874571,84.99051720973976,15.00948279026023,86.40886878781919,72.633694407607,11.47568576467038,0.0841935737460206,1.4183515780794125,13.591131212180818,2.4139574153977925,100.84508860499626,4.471757222026128,4.630020878973644,4.858220275876658,91.51557588712193,43.82049921795297,22.07264308550393
1554.25,水层,5.492346157177328,83.99110861693471,10.516545225887958,86.20311858031208,13.796881419687923,87.61608809502867,72.45902798521725,11.448089523100519,0.0839911086169376,1.412969514716586,12.383911904971335,2.2490718427547653,104.09788734635558,4.418803204527641,4.598676078895743,4.8337431776510424,91.11261165551944,44.33161088923018,22.020842256895982
1554.375,水层,5.455133157980736,83.99855291801191,10.546313924007345,87.0212544743753,12.978745525624703,88.4247912105011,72.46545017476762,11.44910419032628,0.08399855291801595,1.403536736125799,11.575208789498904,2.3463590428260583,103.64799179722829,4.4276539577397145,4.55071790740367,4.788349053837994,74.49146671827843,44.22970132060976,22.055200284873067
1554.5,水层,5.435958601254744,83.81423134207483,10.749810056670418,84.78254584559106,15.217454154408937,86.18127064962714,72.30643617377358,11.42398093695918,0.08381423134207894,1.3987248040360758,13.81872935037286,2.330787058596286,88.79437869571437,4.466879358760009,4.533772110287306,4.766240420152457,85.45423065641351,43.88414405386018,22.109038741410718
1554.625,水层,5.326626807105305,83.91019295260047,10.76318024029422,83.96167788261944,16.038322117380567,85.3577375683807,72.38922213930114,11.437060620346726,0.08391019295259927,1.3960596857612648,14.6422624316193,2.265966846541176,93.44346716178427,4.504041564495594,4.514903275588889,4.743239678184909,71.99361969118388,44.06622496265706,22.004321481876268
1554.75,水层,5.480491427217052,83.68011569737791,10.839392875405036,85.36154455264408,14.638455447355925,86.77582289695633,72.19073476903715,11.405700812643389,0.08368011569737516,1.414278344312256,13.224177103043665,2.079681458035045,103.42153892800297,4.533366098929382,4.493247747783514,4.718535727109983,86.75053799577637,43.95831939348927,21.886335763756477
1554.875,水层,5.471019331069981,83.70547292191337,10.823507747016642,86.63357093271841,13.366429067281583,88.05872779971972,72.21261041602524,11.409157032966224,0.08370547292191055,1.4251568670013024,11.941272200280284,2.455417404707265,99.36870443791084,4.499928304918498,4.489015608082296,4.713013744612416,88.10356763933648,45.0992881930643,21.981942692543445
1555.0,水层,5.315385560736261,84.08923595733162,10.595378481932112,86.5500075921744,13.449992407825606,87.99252563700394,72.54368232328967,11.46146439808462,0.08408923595732837,1.4425180448295467,12.007474362996062,2.4155221093167003,106.64218863789839,4.451163958767724,4.467746771502231,4.697560003503315,89.55844677811152,42.77404877487855,22.054315225148425
1555.125,水层,5.435523528156707,84.06276343153583,10.501713040307465,87.01162540161236,12.988374598387631,88.45448382938788,72.520844507251,11.457856160853284,0.08406276343153746,1.4428584277755205,11.545516170612114,2.35503684337124,104.48263330369615,4.394061154419405,4.531820709308245,4.762292836630331,76.41750394257711,44.06045192980027,22.102723436815527
1555.25,水层,5.287658317085235,84.43294614569223,10.279395537222547,85.33096437334576,14.669035626654237,86.79945274253446,72.84020068776097,11.508312511785558,0.08443294614569469,1.468488369188696,13.200547257465544,2.4290435195565996,88.27561553699786,4.348870015693662,4.666975423112998,4.900682380526702,73.53608696996271,44.02832478654689,22.171548582832827
1555.375,水层,5.3319401234145545,84.62204532035356,10.046014556231876,83.1318361536438,16.8681638463562,84.62444995420957,73.00333631740553,11.534086957627686,0.08462204532034973,1.4926138005657699,15.375550045790431,2.505588815644436,109.08352190229604,4.3085230377911765,4.744385493705716,4.980209150531289,73.19471816386486,42.731053216788396,22.022609127120315
1555.5,水层,5.194869499804203,84.73247248688463,10.07265801331118,85.25251685145301,14.74748314854699,86.71328687721022,73.09860170063193,11.549138313765816,0.08473247248688143,1.460770025757217,13.286713122789774,2.248816939259018,88.98088742789335,4.247962825688553,4.807449782773263,5.044235207983488,79.86500642516842,43.60814341984989,22.106227195507714
1555.625,水层,5.221465011253652,84.84275301068293,9.93578197806342,87.35671239039108,12.643287609608922,88.82599371278592,73.19374057534984,11.564169682322403,0.08484275301068184,1.4692813223948447,11.174006287214077,2.2334857515191295,85.7864333968879,4.206631897654692,4.78228667352722,5.021545644433264,86.11516258555187,44.41879821202447,22.017189664138566
1555.75,水层,5.252590583308406,84.62211188485871,10.125297531832892,88.39561477447685,11.604385225523151,89.82131508246599,73.00339374252374,11.534096030450112,0.08462211188485919,1.4257003079891328,10.17868491753402,2.245399594369748,92.06894934467269,4.162364815095673,4.732606340623963,4.973382552707307,74.193026298058,43.27531940909225,21.846634636220763
1555.875,水层,5.269610882154723,84.76099597511816,9.969393142727117,87.26210774826662,12.737892251733385,88.7019915444092,73.12320887948911,11.55302609965394,0.08476099597512082,1.4398837961425783,11.298008455590802,2.2369928228308833,107.30203758182637,4.139587101408186,4.72302527136646,4.964360380761384,73.97127447766485,41.800431198581656,22.029761196058736
1556.0,水层,5.127222616231711,84.89018201428418,9.982595369484114,86.80841396762263,13.191586032377367,88.21709347258505,73.23465751948649,11.570634312783406,0.08489018201428,1.408679504962414,11.78290652741495,2.202811803274273,91.07366651601565,4.141766609637493,4.759043457768252,4.997068271661673,77.21621987039329,42.717945302312195,22.070366055483444
1556.125,水层,5.064151639198591,85.07090828220325,9.864940078598163,85.91554985991606,14.084450140083948,87.34784965030207,73.3905698525947,11.595267521326342,0.08507090828220737,1.4322997903860155,12.652150349697934,2.1276463743008236,97.28282540048028,4.153621767287557,4.8029539964344465,5.038065671293019,78.38996782636222,42.9431809310246,22.2802050207732
1556.25,水层,5.145828873773499,84.7895811648833,10.064589961343206,86.06159296287852,13.93840703712148,87.49545271036163,73.1478692881831,11.55692229553532,0.08478958116487911,1.433859747483111,12.504547289638367,2.073041817961166,81.41692706853115,4.19304670871789,4.806514201910968,5.037606263942566,84.0892284665186,43.4590627703213,21.98681032393917
1556.375,水层,5.229120572971837,84.55347103193102,10.217408395097138,85.28516553054092,14.714834469459081,86.67802496530724,72.94417736158633,11.524740199312772,0.08455347103192845,1.3928594347663268,13.321975034692757,2.1588264368030345,93.18506331288172,4.24085471401244,4.83121791268151,5.063776488927335,91.80224779021052,42.93876214685142,22.0476069258894
1556.5,水层,5.275601545084196,84.5802467229728,10.144151731943,83.46641084009802,16.533589159901986,84.83149340618472,72.96727671791663,11.528389758333207,0.08458024672297199,1.3650825660867043,15.168506593815279,2.255122198415581,102.4277500404199,4.317532612599837,4.837779001665215,5.067825064974446,96.72755607177017,43.15484385901473,22.251208934132876
1556.625,水层,5.186283017826874,84.52078874555434,10.292928236618785,81.95608424588282,18.04391575411718,83.34205284812246,72.91598239259277,11.520285564216023,0.08452078874554986,1.3859686022396451,16.65794715187754,2.288311370663329,103.63110321689143,4.382450134527426,4.833826070285866,5.0597867772098155,73.08875861994053,42.629192500643725,22.107790431078428
1556.75,水层,5.1786407836816375,84.33515991451202,10.486199301806332,83.15737197329025,16.84262802670975,84.53811013240504,72.75584062419793,11.494984130399581,0.08433515991451285,1.3807381591147811,15.46188986759497,2.0743775020360147,96.35286130591341,4.397336470032347,4.853992525340595,5.074063129248757,77.30181351553544,43.45120313898134,21.987570330725823
1556.875,水层,5.051769795551371,84.64857645025441,10.29965375419422,83.83814643402184,16.16185356597817,85.2298488217881,73.02622469113486,11.537703182669304,0.0846485764502497,1.3917023877662615,14.77015117821191,2.2856619216290426,122.15781572302166,10.481536551362897,3.765931539245659,3.9228110742312685,96.55950763571772,46.55851044505692,22.04998284917773
1557.0,非储层,1.6941639642338149,20.949095262398632,77.35674077336755,93.8439955555953,6.156004444404706,96.64669561352032,19.73171913110966,0.952620837673616,0.2647552936153558,2.802700057925027,3.353304386479683,2.3352966219464264,140.6782812714032,16.500316971973266,2.6651176743881244,2.763797518993301,133.6296124069134,53.962622276959294,22.14574026775855
1557.125,非储层,1.6744957460224943,21.364992235608504,76.960512018369,95.69277576680169,4.307224233198315,98.50378857177223,20.123447850658966,0.9715329729254059,0.2700114120241331,2.811012804970552,1.4962114282277672,2.5742888733207874,173.44077090565025,22.643524289903844,1.5983549978410068,1.6407709326505076,166.67769020697162,57.67491508421585,22.098580354936637
1557.25,非储层,1.722430172074744,19.84951629646018,78.42805353146508,97.15085212229091,2.8491478777090906,99.99,18.69603796938825,0.90261954537434,0.2508587816975901,2.8391478777090895,0.009999999999998899,2.42175906462499,205.51694818809858,28.901995618815363,0.5153865832379565,0.5025932227322922,203.50660097986125,63.51683635763101,21.77832803544544
1557.375,非储层,1.7380010105875463,18.88736507442761,79.37463391498486,96.75982390247772,3.240176097522285,99.66919206012174,17.789798466583733,0.8588675221188776,0.2386990857250002,2.90936815764403,0.33080793987825263,2.2906381909597773,205.98188397501875,28.927908764232267,0.5103680908805648,0.4977292000000102,191.8108893722182,63.24926105365768,21.960656956612112
1557.5,非储层,1.7348260346542446,20.536598907489424,77.72857505785633,96.95407876666,3.0459212333399988,99.86697612986734,19.34319341600233,0.9338633391645406,0.25954215232255223,2.9128973632073483,0.1330238701326536,2.2445154517403942,207.3648689726807,28.850587656885324,0.5129838287991018,0.5001506454794095,197.14342089838183,63.92619527237308,22.01251589306425
1557.625,非储层,1.747944209844781,22.153450401639596,76.09860538851562,94.86097712631137,5.139022873688637,97.76240669323607,20.86608780163955,1.0073866300493624,0.27997596995068197,2.9014295669247043,2.2375933067639298,2.591945324431144,213.6545426114662,28.633125054645518,0.520888581470665,0.5075946697453647,201.2236281594054,63.401916775949374,21.98299342875385
1557.75,非储层,1.724878473179571,22.274958258590395,76.00016326823004,94.46013024710173,5.539869752898263,97.3744682502679,20.980534696626922,1.0129119720759536,0.2815115898875167,2.914338003166158,2.625531749732102,2.4994539347322204,207.6546559875282,28.283736279705693,0.5283769935232627,0.514791348139146,205.04285106002536,63.256135142967025,22.05801011377115
1557.875,非储层,1.684685065542442,22.737644447250105,75.57767048720746,96.03268921943406,3.967310780565936,98.91862723238481,21.416333656253773,1.0339517591932594,0.28735903180307343,2.885938012950734,1.0813727676151963,2.304901085021571,201.44712759214678,27.915192166765756,0.5351294968064264,0.5214083001129354,203.19796765093355,62.04956115800234,21.975964040343108
1558.0,非储层,1.6839668919036388,24.566694662944567,73.74933844515179,97.16563171210008,2.8343682878999243,99.99,23.139095650541748,1.1171243891707157,0.3104746232321036,2.824368287899927,0.009999999999998899,2.4743650143637934,201.0405506651489,27.89450054502074,0.5322723038786947,0.5187575835498559,205.27264638953648,61.91538389243431,22.263642700986445
1558.125,非储层,1.654778908560592,22.401387250295134,75.94383384114427,97.15566278774912,2.8443372122508803,99.99,21.09961675354157,1.0186610934807419,0.28310940327282086,2.8343372122508805,0.009999999999998899,2.4201826689997716,209.2580480343172,27.67788399687931,0.5325286086871817,0.5192452106167809,202.4607932517304,63.08437793819769,22.09693236505057
1558.25,非储层,1.6119437536743522,24.64974473719208,73.73831150913357,97.2302631969191,2.769736803080902,99.99,23.217319589014693,1.1209009356185486,0.31152421255883944,2.7597368030809033,0.009999999999998899,2.583965084081793,193.1909891448736,27.608727987908136,0.5322193227420562,0.5190857311659898,200.29625148293653,61.42438278332912,22.026338446003116
1558.375,非储层,1.6266364540451859,23.51099794246213,74.86236560349269,97.20532765507298,2.7946723449270183,99.99,22.14474668628925,1.069118559725644,0.29713269644723767,2.7846723449270185,0.009999999999998899,2.2361129641343287,207.9398276725115,27.703345089696363,0.5302888509280216,0.517294311925868,195.199933542918,62.17434657978426,22.268289519592816
1558.5,非储层,1.6474553061271577,23.579325441699773,74.77321925217308,97.23856249689877,2.7614375031012384,99.99,22.209103595597316,1.072225624672584,0.2979962214298727,2.751437503101242,0.009999999999998899,2.178432932692875,195.5594931908092,27.644490945729846,0.5313217708654748,0.5183833121000234,187.59012948168802,62.940046905182314,22.11497972228223
1558.625,非储层,1.6331118438563972,23.058725927500067,75.30816222864354,97.23224128054478,2.7677587194552156,99.99,21.71875672069344,1.0485523376357186,0.29141686917090787,2.7577587194552193,0.009999999999998899,2.4513839142885985,202.92619264516708,27.61274135559803,0.5319978355235109,0.5190078458054599,194.93524022235206,60.89220657540536,23.0937041633077
1558.75,非储层,1.5843800796041692,25.019797424581792,73.39582249581404,97.2188541676694,2.7811458323305893,99.99,23.565868087163537,1.1377283879084474,0.3162009495098081,2.771145832330593,0.009999999999998899,2.335528353966393,198.80034810076157,27.53108686813762,0.5334635673335311,0.5205575456816258,190.63147398878874,62.08853629020618,23.17006790065277
1558.875,非储层,1.6253515074029612,24.394999150985562,73.97964934161148,97.30133422810287,2.698665771897124,99.99,22.977377563167924,1.1093168576101162,0.30830473020752225,2.6886657718971287,0.009999999999998899,2.35854231072712,208.58043134447513,27.30575134331466,0.5392867595340716,0.5263160260788771,199.7553234420985,62.492032517483715,23.08912620222627
1559.0,非储层,1.615379978004197,26.07304859849,72.31157142350581,96.39224733321599,3.6077526667840143,99.02723138503504,24.557913618378937,1.1856230107072687,0.32951196940379424,2.6349840518190613,0.9727686149649584,2.281724423866961,204.6517220812485,26.903355589428738,0.551221678353966,0.5379683757569484,192.62970927138943,62.27944121537755,23.175180470199408
1559.125,非储层,1.5671134365919042,27.540335193678033,70.89255136973006,94.85028526102658,5.14971473897341,97.46677413084632,25.93993449414718,1.2523451181733671,0.3480555813574846,2.616488869819731,2.533225869153677,2.2541946532633634,194.29248288511658,26.810362965690615,0.5560824310073491,0.5428402648862557,200.71145152025582,61.86471948165685,21.978471152876413
1559.25,非储层,1.5394218293575925,26.1237667467368,72.33681142390562,95.29766447540031,4.702335524599688,97.88981090500113,24.60568447642893,1.187929323426885,0.3301529468809839,2.5921464296008114,2.110189094998871,2.444661297093311,197.97102499504558,26.859033963398943,0.5614299391657115,0.5479848185952729,194.47051292447733,62.75697033750342,22.192778153034485
1559.375,非储层,1.5428289331291696,24.060026306256212,74.39714476061462,93.17009570465686,6.829904295343137,95.75426812917979,22.66187037748951,1.0940845954075213,0.3040713333591792,2.5841724245229383,4.245731870820202,2.3769642249834075,200.98160592561558,27.225083044861414,0.559379943397356,0.5459398837317082,188.47817850760902,61.240478745172204,22.085755310957715
1559.5,非储层,1.5660210584863845,22.256810742438404,76.17716819907521,92.92477246025835,7.075227539741647,95.49611259328935,20.963441753607036,1.012086747796725,0.2812822410346421,2.571340133031001,4.50388740671065,2.4653690591696225,184.17585220964492,27.85007367635429,0.5492725275232837,0.5360853550214224,204.8121340430457,62.01456353186328,22.062493898751384
1559.625,非储层,1.5294373287616123,20.86266019193449,77.6079024793039,93.1731785530713,6.826821446928699,95.7705139313638,19.650306902461423,0.9486903648680569,0.2636629246050102,2.59733537829249,4.229486068636213,2.382877357786355,196.42461857945284,28.178920316786044,0.5469776764769609,0.5337295974019007,198.05401378891438,63.31723090801148,21.901552452741235
1559.75,非储层,1.4906443824535776,22.685639183442596,75.82371643410383,92.4720713524376,7.5279286475623985,95.06639528638556,21.3673504784155,1.0315869173062369,0.28670178772086174,2.5943239339479565,4.933604713614437,2.3775716876233868,216.0498954002576,28.337483315728015,0.5454234931772645,0.5320723975574311,205.66617167389637,63.2578622307599,23.189884215289585
1559.875,非储层,1.4511870122075987,22.451664950452376,76.09714803734002,92.16885704705479,7.831142952945214,94.79919701918872,21.146972758449404,1.0209473776491116,0.2837448143538592,2.6303399721339336,5.200802980811281,2.5331049954976717,203.24827215642918,28.183749958696325,0.554192887411854,0.5402269422305508,203.16688869654146,61.93185668192293,22.9937278635789
1560.0,非储层,1.4302415820434982,24.12074056699014,74.44901785096636,89.5014920230772,10.498507976922788,92.1657958743189,22.719056462380017,1.0968454626046316,0.30483864200549216,2.6643038512416877,7.834204125681099,2.260223781589433,191.35004509485083,28.058666988502594,0.5644863008905541,0.5499613123255433,199.60795138466557,63.965509204903036,22.95956687106051
1560.125,非储层,1.4595464660858504,22.397210710575834,76.14324282333833,88.32177389377924,11.678226106220768,90.92883993307962,21.095682917371132,1.0184711731659908,0.2830566200387078,2.607066039300379,9.071160066920392,2.861775783080666,206.58499670844722,28.28911864439887,0.5672452175743885,0.5523703790359591,199.00823746580477,63.18331154007614,23.304698889121255
1560.25,非储层,1.4988818934096453,20.299920005753304,78.20119810083706,87.94994389534274,12.050056104657259,90.60979609624232,19.120268198716268,0.9231008097661364,0.25655099727089903,2.6598522008995857,9.390203903757676,2.527641838004697,176.79522204086032,28.33593069558298,0.5706696124434829,0.5555059885799067,217.22248467216644,61.397474308264734,21.892491825364495
1560.375,非储层,1.5379716156218415,21.938223908553447,76.52380447582472,89.42910900948125,10.570890990518745,92.14067904344755,20.663368368749666,0.9975996087214632,0.27725593108231594,2.7115700339662943,7.859320956552452,2.3134890590263306,211.96612992403726,28.45174764850132,0.5668417122977976,0.5517421333222097,195.69627441266496,63.28964829230253,22.04499749668935
1560.5,非储层,1.5814524698523835,22.717999232614595,75.70054829753302,90.28995337369314,9.710046626306855,93.06798151817675,21.397830047739756,1.0330584298829504,0.28711075499188893,2.778028144483609,6.932018481823244,2.392233691469769,202.35285464083077,28.561550964624438,0.5607067901617296,0.545841596357038,200.2917284597687,62.7626921104194,22.285840033465682
1560.625,非储层,1.6203595621564415,21.012870846575105,77.36676959126846,90.63665169692445,9.363348303075558,93.34131927277828,19.791788642400267,0.9555209128157806,0.2655612913590587,2.704667575853834,6.658680727221721,2.43746634707004,233.60812069609625,28.39578601981841,0.5631781426778979,0.5481152715094735,195.94966191650053,62.32739833008357,22.120660673381913
1560.75,非储层,1.5830399007520313,22.008047904582227,76.40891219466573,88.42469153651246,11.575308463487543,91.19984315172884,20.729134811691218,1.0007747240547755,0.2781383688362343,2.775151615216384,8.800156848271158,2.4584867117469553,205.12981340428112,28.49317625390012,0.5641334158111653,0.54875612891744,216.60574065427627,64.71750233936086,22.19216050602361
1560.875,非储层,1.5510938927052116,20.916436459285357,77.53246964800942,87.68481526429129,12.315184735708707,90.53741004178163,19.70095816878085,0.9511357398214417,0.26434255068306795,2.852594777490338,9.46258995821837,2.284373505786561,197.54035999122004,28.460281815557266,0.5676855419526304,0.5519348349146583,207.67111710555238,62.863451682464294,22.295936042480342
1561.0,非储层,1.5421640053083991,23.148640621085892,75.3091953736057,88.5950349432734,11.40496505672659,91.47527210177063,21.803446367543238,1.0526410397801322,0.2925532137625208,2.880237158497219,8.524727898229367,2.5102763904895036,202.8772032997041,28.270815659086544,0.5755381591800863,0.5591126763016854,185.59916302752777,63.203431239043084,22.08024306900663
1561.125,非储层,1.5285528905942682,23.19691201350874,75.274535095897,88.2601998826934,11.739800117306597,91.13238156601429,21.848912653577308,1.0548360908651337,0.2931632690662978,2.8721816833208806,8.867618433985713,2.331751718067633,186.63604046735904,28.325474298073935,0.5706580189383452,0.5543480737360427,197.14661252640954,62.62429665202543,21.996842842338317
1561.25,非储层,1.5611277972120745,21.371957771937534,77.0669144308504,90.723644644093,9.276355355906995,93.58996775229926,20.1300086116236,0.9718497176329691,0.2700994426809629,2.866323108206252,6.410032247700748,2.4880200315315313,197.61038295370156,28.14901976755133,0.5670404312695541,0.5509180760691748,194.90400941392,63.21444332405552,21.852068254120233
1561.375,非储层,1.5304947083980585,22.725764995407804,75.74374029619413,92.04902455867241,7.950975441327579,94.97636105340594,21.405144533084115,1.033411563388936,0.2872088989347517,2.9273364947335083,5.023638946594067,2.3887237539428776,200.9665725496857,28.192575912703983,0.5571619320994137,0.5416609830281911,195.1165243728857,63.40319971113408,21.99808120520642
1561.5,非储层,1.5439997096393236,22.531114753741743,75.92488553661893,94.18251238616378,5.817487613836214,97.02520316813322,21.22180564186951,1.024560208523883,0.2847489033483509,2.8426907819694374,2.9747968318667772,2.5089841327600233,207.31044424106076,28.044766356788227,0.5506154388553606,0.5356046350869264,189.4611772096132,63.035605510221274,22.051373947917277
1561.625,非储层,1.5143508239719292,24.656382305327583,73.82926687070048,94.13418136036695,5.865818639633047,96.98810190129996,23.223571440396476,1.1212027665872926,0.31160809834381575,2.8539205409330055,3.0118980987000388,2.276864817685239,189.75931746823045,27.6038420485747,0.5536183110118312,0.5385833269182738,191.83713585478063,62.85127237227331,22.43434235524554
1561.75,非储层,1.4988888509320797,26.094894618876687,72.40621653019123,94.53060862574144,5.46939137425857,97.42737684963035,24.578490141279012,1.1866164175336702,0.3297880600640041,2.8967682238889236,2.572623150369646,2.165116690789642,194.42603241521303,27.45312089505699,0.5517002775024169,0.5368961778558731,195.80269826630933,62.06232474956685,22.11848406869985
1561.875,非储层,1.4650052488542589,24.33436262482813,74.20063212631761,95.27817559673188,4.721824403268116,98.15255056370246,22.920264695607855,1.1065595252471578,0.3075384039731182,2.874374966970587,1.8474494362975324,2.1716029374380055,194.05137646543142,27.104418803849413,0.5597160729672186,0.5445235011280184,203.38600692432036,61.24962797028894,22.118768375412582
1562.0,非储层,1.4654261081644773,26.385121400407296,72.14945249142822,93.65753239835917,6.342467601640833,96.5464836040689,24.851851509192915,1.1998139363894487,0.33345595482493234,2.8889512057097333,3.4535163959311,2.4521148783664217,195.40720421238973,27.101077772048427,0.5591188916372352,0.5437709807590985,185.63927339918138,60.96722848355636,22.133641261495143
1562.125,非储层,1.4628503511414959,24.72579463225959,73.81135501659891,94.58546717014288,5.414532829857121,97.55743364042789,23.28895013680813,1.1243591620401086,0.3124853334113529,2.9719664702850186,2.442566359572107,2.427946831537176,213.9978649633336,27.277338995918885,0.5585055212830601,0.5430175677967645,193.64091308780004,61.71588836417629,22.027858032628274
1562.25,非储层,1.4837732656842024,24.250868501785593,74.2653582325302,92.59254659536114,7.407453404638864,95.53885416588436,22.84162251252844,1.1027627865127472,0.3064832027444075,2.946307570523223,4.4611458341156425,2.12703768286702,190.22951990547804,27.481627808915306,0.5552763512380177,0.5398852567402294,197.1790029290559,62.53617224783402,22.212379656830215
1562.375,非储层,1.441229421809886,22.16088906081809,76.39788151737203,94.77471134099432,5.225288659005689,97.63297538869274,20.873094191738197,1.0077248891316293,0.28006997994826244,2.858264047698434,2.3670246113072557,2.4723823621325347,188.4068486467684,27.66975623085246,0.5520508682943137,0.5368352427165738,197.21160206320067,62.22807128457261,21.96475189645107
1562.5,非储层,1.4076508036532371,24.41638807133224,74.17596112501452,93.22127830607518,6.778721693924816,96.02802155068547,22.99752354863947,1.110289478669039,0.30857504402373104,2.8067432446102902,3.9719784493145283,2.347692151532369,188.12232400413558,27.60412741522581,0.5570106752977846,0.5417917609000341,195.2640468764024,63.29946407446744,21.981822266392278
1562.625,非储层,1.390012181375075,25.560162725393354,73.04982509323156,92.35379047846585,7.6462095215341535,95.1286055197291,24.074832135980913,1.1623004870402325,0.32303010237220725,2.7748150412632597,4.871394480270896,2.408201902082561,198.83044894794017,27.632167772557825,0.5581615753409289,0.5431514435665247,186.22500009781507,61.68008614363043,21.759570785826664
1562.75,非储层,1.4046151140300172,24.048576596130687,74.54680828983929,91.5543346899276,8.445665310072403,94.27643587542978,22.651086023248926,1.0935639413022116,0.3039266315795512,2.7221011855021913,5.723564124570213,2.462934528657392,196.26536698186396,27.525569057411488,0.5662241520146668,0.550875250132681,179.63642282197412,61.52392718666038,22.06794555872293
1562.875,非储层,1.4280528137416513,23.419418264649693,75.15252892160865,90.94861751663277,9.051382483367231,93.7488380288012,22.05848880937005,1.0649541455445624,0.29597530973508174,2.800220512168438,6.251161971198793,2.559054309882852,200.3587865393289,27.82512071609697,0.5672284534833756,0.5516554345572796,193.09952637863472,61.39219060061884,21.96237951349032
1563.0,非储层,1.4708067970602967,21.229478522833855,77.29971468010585,88.82740961027396,11.172590389726045,91.66315101575745,19.995808996312707,0.9653707408594056,0.2682987856617445,2.8357414054834984,8.33684898424255,2.5274151812615093,198.3436150476631,28.04472427225994,0.5728827606429708,0.5568631778846564,203.04292683357377,62.815570879065966,21.952625155751104
1563.125,非储层,1.4786293389439131,23.258567977428324,75.26280268362775,86.28202308289545,13.717976917104547,89.07626284291858,21.906985718193265,1.057639780249375,0.29394247898568443,2.7942397600231232,10.923737157081426,2.394580980180904,209.60980634202096,28.04231862187038,0.5805735642325872,0.5640152351872296,197.45098845360346,61.791093093933675,21.999254600070863
1563.25,非储层,1.4668848237519065,24.12967906033251,74.40343611591558,87.06015815270776,12.939841847292243,89.85815301422959,22.727475529546297,1.09725192383404,0.3049516069521741,2.7979948615218206,10.14184698577042,2.3148672053359114,216.4809037179129,28.051937609511583,0.5858791211666063,0.5689692064532377,192.39353225590713,63.28507651231289,21.875204023430772
1563.375,非储层,1.4735957038197458,23.356676650721752,75.16972764545851,87.67782614239975,12.32217385760025,90.511174156543,21.999393183122137,1.0621010882612578,0.2951823793383575,2.8333480141432594,9.488825843456993,2.3852403521133376,193.4732448550689,27.78086229415171,0.5975066449652743,0.5800988908703772,202.16644317361366,63.19358403298061,21.95534133647761
1563.5,非储层,1.4397155673709188,24.26812211825191,74.29216231437718,85.48459076440223,14.515409235597776,88.27177079387106,22.857873501406242,1.1035473623793977,0.30670125446627133,2.7871800294688267,11.728229206128947,2.3469850109137473,204.14819942197522,27.60669337278242,0.6043286984131873,0.586572927249853,204.45543663767356,62.60278998427391,21.99038996608277
1563.625,非储层,1.4349077496214573,25.213305672164697,73.35178657821385,84.72160173257862,15.278398267421379,87.52214891343839,23.748131346890677,1.1465278127332537,0.3186465125407675,2.8005471808597617,12.47785108656162,2.275326370814966,200.16867130860768,27.445888955156498,0.6135295028404957,0.595152232911004,193.26832122562388,62.07034463418558,21.91073019675992
1563.75,非储层,1.4034085931452887,25.986306817517214,72.61028458933751,84.13161809205711,15.868381907942886,86.99807716528855,24.4762125025241,1.1816785908162621,0.3284157241768507,2.8664590732314283,13.001922834711454,2.22249232264946,195.10042662197037,27.30519032007178,0.6244285466042957,0.6054185765338579,189.84272176397806,62.56414761023289,22.132181267565326
1563.875,非储层,1.3613459601435698,25.06382681253382,73.57482722732261,83.52730291032739,16.472697089672607,86.35078388767037,23.607338876508003,1.1397305417918373,0.3167573942339786,2.823480977342979,13.649216112329633,2.5383126659416817,202.55219849233757,27.31035719108646,0.6280726498118817,0.6087828627397687,200.90656339559663,62.1096997851595,21.963138978523023
1564.0,非储层,1.3525658117578334,24.323803353272755,74.3236308349694,83.52786152177552,16.472138478224473,86.31886445791127,22.91031903552325,1.1060793621666851,0.30740495558281755,2.7910029361357527,13.681135542088718,2.4073032220428114,177.16329464650886,27.60323824429217,0.6256181629989547,0.6064062641038346,188.87198644895835,63.09055599817371,21.951151068882957
1564.125,非储层,1.3703531128512902,22.146740038935462,76.48290684821325,82.59433750332555,17.405662496674456,85.31595028553828,20.85976738586563,1.0070814888840645,0.2798911641857672,2.721612782212736,14.684049714461722,2.367333196191383,180.2995072435018,27.750097259916934,0.62181143516794,0.6029538356444764,199.34032814747772,62.59237573023136,22.034273774500825
1564.25,非储层,1.3317543897497663,24.45049964378938,74.21774596646085,84.34934772928109,15.650652270718911,87.07710037844284,23.029652858206976,1.1118406384838881,0.3090061470985171,2.727752649161753,12.92289962155716,2.408928353621432,189.69940133282245,27.703926918752416,0.6231629756784799,0.6043889700142301,186.38027771597504,62.130114509231504,22.117190318339023
1564.375,非储层,1.2974131854605997,25.61487565830194,73.08771115623746,83.40138386363203,16.598616136367962,86.13270499634409,24.12636563714023,1.1647884551040613,0.3237215660576484,2.731321132712051,13.867295003655912,2.558160881735257,183.91260118843664,27.663130459109478,0.6289107419587038,0.6098421995193046,197.7489135014111,63.39538377129946,22.087998402109598
1564.5,非储层,1.2629952325269291,24.882184110901516,73.85482065657155,81.15308817090124,18.846911829098755,83.8979399347252,23.436251642146257,1.1314706804269963,0.31446178832826577,2.7448517638239553,16.102060065274802,2.233875199305897,193.07755655165363,27.530538873777964,0.6348155014363859,0.6155015142385334,193.61377496110777,62.46767309047204,21.945251131321957
1564.625,非储层,1.2464748240005363,23.700962943406147,75.05256223259332,81.13664038464512,18.86335961535488,83.80434676689693,22.32367260153372,1.0777568620514142,0.29953347982101114,2.667706382251812,16.19565323310307,2.413617257239608,181.81654201959725,27.497431598608,0.6458495480605578,0.6259618846086905,187.903204738932,62.43608312933706,21.934416014905594
1564.75,非储层,1.2313248254835736,24.98892780652512,73.7797473679913,79.3302158735808,20.6697841264192,81.9840537223453,23.536792338280378,1.1363246498928685,0.3158108183518733,2.6538378487644905,18.015946277654706,2.5248968634752877,201.78957014146047,27.5507843136888,0.6570167620865871,0.6365933656835263,200.47566818651228,62.945314981218495,21.896827328226095
1564.875,非储层,1.2364037097285645,25.20660875076991,73.55698753950153,77.5494789233931,22.4505210766069,80.16132980518408,23.741823591336082,1.1462232827863024,0.3185618766475239,2.611850881790979,19.838670194815922,2.5112295068508894,198.4250471637303,27.616307460849683,0.6614061445898082,0.6410078939448534,204.4120422088299,62.40763622160973,21.974680470448657
1565.0,非储层,1.2380957136129143,24.252702257947377,74.5092020284397,78.36899674325912,21.631003256740875,80.93078661973846,22.843349707000854,1.1028461731368016,0.30650637780972273,2.561789876479328,19.06921338026155,2.4048728829378727,189.8706206642902,27.56498362913604,0.6668991949892349,0.6465410379330818,188.3249085959328,60.943503873846446,21.799586375315766
1565.125,非储层,1.2283590230150732,24.31396794141858,74.45767303556636,79.10361256911582,20.89638743088418,81.58997943994444,22.901055170816228,1.1056321152492392,0.3072806553531116,2.486366870828629,18.41002056005555,2.5015916031203336,191.82956360362,27.72803073329595,0.6633063932043821,0.6433550679825228,194.73268295900735,63.012278035854614,22.1444716915682
1565.25,非储层,1.197817504900104,23.25438885666514,75.54779363843475,79.19368381155816,20.80631618844184,81.69079949850433,21.90304945096639,1.057449742566492,0.2938896631322617,2.4971156869461772,18.30920050149567,2.4079937815397643,208.52381236307207,27.91138703267175,0.6550008960567886,0.6356036399323606,193.2836929519167,62.75640873659224,21.934832843032282
1565.375,非储层,1.2304766878978026,23.193569692037606,75.57595362006458,79.30957354181284,20.69042645818716,81.8393643466567,21.845764558268744,1.0546841050614641,0.29312102870740037,2.529790804843852,18.160635653343306,2.444463751470131,188.0865701949066,27.85504372045672,0.657782185465879,0.638319025153068,193.7907437807912,61.87453117738252,22.185622880036572
1565.5,非储层,1.2572274511838495,24.86322205381779,73.87955049499836,77.74385562475797,22.256144375242027,80.27699271632596,23.418391492109336,1.130608416425766,0.3142221452826886,2.533137091567986,19.723007283674043,2.59088441442962,182.32159958618,27.7174799578663,0.6663256852266771,0.6464328192154709,198.35077640453707,61.663366728827526,21.976658162120643
1565.625,非储层,1.249665611970586,25.834454282106133,72.91588010592328,76.83388389438937,23.166116105610623,79.32796786966534,24.333184293403473,1.174773381418231,0.3264966072844299,2.4940839752759696,20.67203213033465,2.2212611459134077,194.2914117850708,27.59001635458985,0.6760180864729842,0.6556226241142137,185.47216318637342,62.01383378274153,22.085849638908517
1565.75,非储层,1.2428345866059758,24.66400662247622,74.0931587909178,76.23863313219566,23.761366867804345,78.74323358189628,23.230752699666105,1.1215494681177334,0.31170445469238217,2.5046004497006202,21.256766418103723,2.438585014440988,177.0290414438529,27.452418476413722,0.6869171018169489,0.6659028676077825,195.73565366626818,62.155906701408135,21.9842862922389
1565.875,非储层,1.209731975850837,24.76287892764025,74.02738909650891,75.93386360448595,24.06613639551405,78.47693478424662,23.323879420935242,1.1260455008574926,0.3129540058475178,2.543071179760672,21.523065215753377,2.462384841254316,189.95763327060556,27.347111457067633,0.6972345235418631,0.6754888277946136,197.51509321358432,62.915433627498196,23.01202015243979
1566.0,非储层,1.1815972203128742,26.111963952008253,72.70643882767888,74.53562628489532,25.46437371510468,77.12390552047168,24.594567555739577,1.1873926134611148,0.33000378280756276,2.588279235576366,22.87609447952832,2.5332024503144344,187.45439163608285,27.39991594353417,0.7018787390097634,0.6795106171399278,181.45771855198998,60.8629376737379,22.833183786964764
1566.125,非储层,1.1813633861263753,25.353038027426923,73.4655985864467,74.32933924939708,25.670660750602913,76.93822365495839,23.879743693535136,1.1528818796584697,0.3204124542333167,2.6088844055613065,23.061776345041608,2.3201703747251683,190.78645059655756,27.382374564269945,0.707369061546688,0.6844517246204913,202.10538305661808,62.0929422223279,22.805044324954974
1566.25,非储层,1.2142089190388012,24.91177176961449,73.8740193113467,74.14373771133002,25.856262288669985,76.73726141927794,23.464119927824413,1.1328161237444718,0.31483571804560173,2.5935237079479245,23.262738580722065,2.436033201257446,206.1434297966639,27.181508976690367,0.7144885871516828,0.6911332126260329,200.17647354838186,59.645372519614746,22.660727549360047
1566.375,非储层,1.2219318938907306,26.941281931322216,71.83678617478706,75.171686446043,24.828313553957003,77.77872375738755,25.375692909041774,1.225104294001795,0.34048472827864407,2.6070373113445613,22.221276242612443,2.2907028563006278,182.9434733852208,26.905080760313602,0.7239734471072119,0.7002826117221128,198.6604834355674,63.17590187475351,22.03878661473592
1566.5,非储层,1.2129234226196948,29.095988855352573,69.69108772202773,73.86716297538332,26.132837024616673,76.44065616475235,27.405187324064844,1.323085552342587,0.3677159789451408,2.57349318936903,23.55934383524765,2.3573696435962663,192.40559997045176,26.61542159199067,0.7363210792365064,0.7120439015341378,190.71502322698558,61.86750119855881,22.00945377471474
1566.625,非储层,1.239496552044368,28.484597726329074,70.27590572162656,72.68444424796253,27.31555575203747,75.30799021185099,26.82932483997958,1.295283686811813,0.3599891995376829,2.6235459638884606,24.692009788149004,2.3822037690841276,187.21019777187428,26.45423753915355,0.7405535498754661,0.7162456667546047,181.83345588141748,60.88485655075827,21.951466266915297
1566.75,非储层,1.2639429360857797,26.6258184582277,72.11023860568652,74.17938754190733,25.82061245809266,76.73220630562523,25.078561382870433,1.2107591839036935,0.3364978914535731,2.5528187637178883,23.267793694374774,2.439722898034856,181.84667603501617,26.37813388820947,0.7470711783959051,0.7225375257451969,183.20609743161228,60.64867202825715,22.048494070099213
1566.875,非储层,1.2908785877928404,27.761017041075466,70.94810437113169,73.4642476419151,26.535752358084906,76.02551372598545,26.14779226440594,1.2623802115124305,0.35084456515709456,2.561266084070355,23.974486274014552,2.1370113950697878,189.02290640595703,26.3491625637225,0.7476857602722122,0.7230635859917026,181.57047297485494,59.95973076901268,22.065692388556826
1567.0,非储层,1.3046170506165125,29.35364797440534,69.34173497497815,73.97164538001522,26.028354619984782,76.59265540036861,27.647873573997728,1.334802117795743,0.37097228261186843,2.621010020353402,23.407344599631386,2.584976861391491,186.31795060786717,26.341483683590095,0.7454390399451187,0.7208570765851603,187.97964134500094,61.888826345854525,22.101460641955676
1567.125,非储层,1.3323042212851965,28.494294772334072,70.17340100638073,73.61757346486554,26.38242653513445,76.30778434307967,26.83845837943679,1.2957246418016364,0.3601117510956445,2.6902108782141316,23.692215656920325,2.2876672457673504,187.2047871761563,26.260994976279687,0.7536746968718074,0.7281064441152663,191.9422138938763,60.86342572483071,21.83408102393542
1567.25,非储层,1.3349136397580743,27.500634470653917,71.16445188958801,71.92611073973198,28.073889260268015,74.69681908857478,25.902540826010117,1.2505398022134284,0.3475538424303714,2.770708348842801,25.303180911425216,2.1584938851625064,194.89007092888963,26.280587532913618,0.7554066327890151,0.7290185170599757,185.11137562220244,62.31292547181582,21.96421682243075
1567.375,非储层,1.3219949242947793,27.544418163042927,71.1335869126623,72.60306314829884,27.39693685170116,75.45061930191167,25.94378019744462,1.2525307835516502,0.34810718204665597,2.847556153612831,24.54938069808833,2.4786059402028653,190.88217165614347,26.600872642609154,0.7457515851918177,0.7191988990907727,197.18647861887482,61.626545404029635,21.763719424561476
1567.5,非储层,1.3138056133377902,25.875544679468554,72.81064970719365,74.20964846683505,25.79035153316496,77.06200628108812,24.371886880297346,1.1766418902137392,0.3270159089574705,2.852357814253071,22.937993718911887,2.3595242845155244,192.17145492208704,26.678697059682946,0.7425790853201347,0.7157649820042777,193.84396047469224,62.73695424062297,21.956536713563896
1567.625,非储层,1.2892215304517685,27.666321307086093,71.04445716246214,73.96620170662615,26.033798293373845,76.82042392458742,26.05859940893469,1.2580741005177956,0.34964779763360865,2.8542222179612717,23.179576075412577,2.4316276179832346,177.02179089974837,26.675177832711647,0.7336768241877446,0.707319868079244,201.4850702368094,61.28528672711474,22.25944832718335
1567.75,非储层,1.297384902688447,27.48300399082484,71.21961110648671,75.35667999960938,24.643320000390624,78.19817301964918,25.88593487373501,1.2497380891917922,0.3473310278980355,2.8414930200398003,21.801826980350825,2.2394877033767644,199.03906776121303,26.506263682875208,0.7313645170197286,0.7055040251588814,198.891670760814,61.71446908700955,21.934027695079845
1567.875,非储层,1.3009973032281328,29.32428457344042,69.37471812333145,75.33539726563136,24.664602734368646,78.10963916825426,27.620216514190766,1.3334668721789855,0.370601187070667,2.7742419026229053,21.89036083174574,2.239045262806788,183.9443791595986,26.2223637552469,0.7337429760059537,0.7080815886201632,180.83901181403172,61.323388670021274,22.22649221871594
1568.0,非储层,1.3193031533122634,28.894475534979268,69.78622131170846,76.38821485338514,23.61178514661486,79.19451226235886,27.215384175576602,1.313922111838263,0.365169247564405,2.80629740897372,20.805487737641137,2.4552239105606586,200.8545852177212,26.085844090383457,0.7336598885235763,0.7080795333374834,194.45458458764028,61.91723423097726,21.98542381081613
1568.125,非储层,1.310416367858673,29.0954550507044,69.59412858143693,75.51384510174411,24.486154898255887,78.39709647826206,27.40468453942156,1.3230612785768359,0.3677092327060049,2.883251376517938,21.60290352173795,2.3237675533708235,174.53618051397626,25.76355952270199,0.7380688122965388,0.7123661632563338,192.18737201063269,61.42596797391046,22.173923590590057
1568.25,非储层,1.319775810862599,30.909965497914595,67.7702586912228,77.28122582131753,22.718774178682466,80.1800794609044,29.113751687971835,1.405572739837478,0.3906410701052814,2.898853639586868,19.819920539095605,2.2457127581927514,189.94285769255902,25.694310219873724,0.7325022560706244,0.7071390520590675,203.95858042666478,60.90668236721549,21.990839473042644
1568.375,非储层,1.3463141795176552,29.975831360969362,68.67785445951297,78.38358521859993,21.61641478140006,81.21525016032591,28.233901165067948,1.3630947410079286,0.37883545489348586,2.8316649417259727,18.784749839674085,2.33970894193828,166.1481533014708,25.402766131253347,0.7342554185835743,0.7088344175387578,189.1377212497727,59.81835579299891,22.06514882816382
1568.5,非储层,1.3625350020818026,31.954655125252827,66.68280987266537,79.1299497279976,20.870050272002405,82.04252956798538,30.09773319398087,1.4530780423547733,0.4038438889171865,2.912579839987784,17.95747043201462,2.3140234634713535,172.97129445701003,25.088696214517263,0.7293764655544366,0.7047220831470724,188.80458717454587,60.29503497883968,22.130617923293617
1568.625,非储层,1.3996208756521344,32.30234172727582,66.29803739707205,81.2946394036668,18.705360596333186,84.13806938523675,30.4252153258265,1.468888438838173,0.40823796261114637,2.8434299815699378,15.861930614763253,2.3320085614335966,180.92404454179862,24.82610376010211,0.7228585025375794,0.6990680913414113,173.71350901059617,58.26121105938377,21.99001112335272
1568.75,非储层,1.4317776929596615,33.53394634656149,65.03427596047885,83.3265601488913,16.673439851108697,86.17066326670866,31.58524997763034,1.5248933502394055,0.4238030186917464,2.8441031178173524,13.829336733291342,2.438100539898708,179.4469731353751,24.390616847858183,0.7231452286299443,0.6996326506256557,172.67094166611122,60.93695107590062,21.97963912349894
1568.875,非储层,1.4724502149607646,34.466462376216825,64.06108740882242,83.77095930294008,16.229040697059915,86.68599469224681,32.46357642332859,1.5672977686731122,0.4355881842151216,2.915035389306728,13.314005307753185,2.088381110355223,187.84035133763317,24.084801730691936,0.7223285578496819,0.6993809665548327,186.12790133007312,59.461642812988416,21.81887679511945
1569.0,非储层,1.4672851174964374,35.08695046019367,63.44576442230989,83.43250271907017,16.56749728092982,86.27132263062146,33.0480072278038,1.5955133011780154,0.44342993121185176,2.838819911551273,13.72867736937855,2.298106823452601,187.08423280098884,23.705963616521288,0.7323526617619773,0.7091699094985592,166.60420645104182,60.205653681335576,21.817151198333008
1569.125,非储层,1.4806574739322103,36.32245737891058,62.19688514715721,82.0522369209828,17.9477630790172,84.89294781354812,34.21171741191002,1.651695662330966,0.45904430466958623,2.840710892565326,15.107052186451874,2.2776712341204703,186.78056543929827,23.41081956401924,0.7476197647870159,0.723736308038833,184.95226466084281,59.32201613190529,21.966452712233533
1569.25,非储层,1.440193218876491,36.778074289184914,61.78173249193859,80.86463721925995,19.13536278074005,83.71187958241056,34.640857897086654,1.6724139872651624,0.46480240483309443,2.8472423631506123,16.288120417589436,2.2454091006201007,166.33973888613366,23.358876165601917,0.7567755259764702,0.7323067307264105,171.13425655363383,58.50973789561107,22.04925937338446
1569.375,非储层,1.3978871418983208,35.15827437439532,63.44383848370636,80.58795781647893,19.41204218352106,83.49876333640417,33.11518642694011,1.5987566224786203,0.444331324976582,2.9108055199252325,16.50123666359583,2.275767573933465,170.6513502623789,23.38939267930851,0.7584094838108768,0.7338167003078367,187.42685586301099,58.08272143750288,22.088303276221197
1569.5,非储层,1.4273895431147938,34.81340827958243,63.75920217730277,82.32145147451891,17.678548525481098,85.14567054589449,32.79036089937166,1.5830744832735184,0.43997289693725566,2.824219071375585,14.854329454105509,2.1693939476638997,174.28856172672468,23.56547442875488,0.7519769741740323,0.7276306994494667,179.33059151411234,59.696026462157135,21.983651016204732
1569.625,非储层,1.404470497814402,34.46573862266351,64.12979087952209,82.38466182794956,17.615338172050443,85.2044733044143,32.46289472793052,1.567264857336962,0.4355790373960299,2.819811476464735,14.795526695585703,2.0889605965680613,169.8353302857569,23.735211085699113,0.7423506659272642,0.7185119420943931,185.8287078604005,60.095107493364765,21.99544420196485
1569.75,非储层,1.4152405960993437,34.921159595466314,63.66359980843435,82.54257627790504,17.457423722094955,85.35893906229532,32.89185066178848,1.5879742723819277,0.4413346612959036,2.8163627843902703,14.641060937704687,2.323448885291345,174.07647833843896,23.698620862734142,0.7372118267361665,0.7137811407788914,172.2745649882232,58.63771197848126,22.159406989057153
1569.875,非储层,1.3942208087562988,35.494910884859635,63.11086830638407,83.2237043727783,16.776295627221693,86.12153161539335,33.43226060081535,1.6140645367619464,0.44858574728233525,2.897827242615042,13.878468384606645,2.1505462715354247,177.68273914090423,23.740246954727816,0.7375362967289685,0.7140132963097133,189.39702477139548,58.76996159113143,22.139071369142187
1570.0,非储层,1.3962188674467224,34.40173463631163,64.20204649624165,81.63218476264261,18.367815237357387,84.46338858618837,32.40261008717882,1.5643543960340143,0.43477015309879363,2.831203823545756,15.53661141381163,2.1587880619025914,187.02062597262275,23.718664868179026,0.7401356293919474,0.7163880222618302,167.9019027498662,59.2230955848695,22.222147605570438
1570.125,非储层,1.3702463144190011,34.74175585541772,63.88799783016328,81.5685082431406,18.43149175685941,84.41646946555362,32.72287228036581,1.57981622359814,0.43906735145377085,2.8479612224130255,15.583530534446389,2.1538745477419763,163.87849091064624,23.771060935568006,0.7399651652688081,0.7160787019241801,175.86144849775863,59.07128929788678,22.051692655099057
1570.25,非储层,1.347176810792648,34.417203181082044,64.23562000812531,81.91643505180916,18.083564948190844,84.76382493927133,32.41717973693953,1.5650577991114367,0.43496564503107576,2.8473898874621697,15.236175060728673,2.3691023060202774,162.88638312480654,23.87958393361245,0.7439993362221241,0.7197136029965986,174.07795445452732,59.180800697316684,21.881345042072788
1570.375,非储层,1.3484657017598582,34.42610753524773,64.22542676299241,80.09641702379861,19.903582976201395,82.9923292084881,32.42556664879613,1.5654627079257795,0.4350781785258221,2.8959121846894953,17.0076707915119,2.190420890984754,168.52405425689017,23.90531975719624,0.7466536872312675,0.7218638968209616,180.7914607653147,59.412645234038635,21.88615718473693
1570.5,非储层,1.3434758200388623,34.190385682890664,64.46613849707047,80.19009173920733,19.809908260792675,83.14668757803273,32.20354286564388,1.554743698553885,0.4320991186928962,2.9565958388253892,16.85331242196728,2.1271478137085835,165.34528569119635,23.841018704188187,0.7525244388532204,0.7269889016843826,184.98043743016598,58.52961962619455,22.23541040747538
1570.625,非储层,1.3741961471130577,35.465704063224415,63.160099789662524,80.01302531443363,19.986974685566373,83.04780426752185,33.404751021332316,1.612736411296697,0.44821663059539696,3.0347789530882214,16.95219573247815,2.2567741106240664,163.11674058365108,23.664644454250475,0.7587497576510006,0.7324726072007326,166.89492801080547,59.578948009031,21.872862814877486
1570.75,非储层,1.3715025865827637,36.30677349108813,62.321723922329106,81.67457449102639,18.325425508973602,84.75957431507156,34.196944932930855,1.6509824669319162,0.4588460912253567,3.0849998240451666,15.240425684928438,2.1375485817476716,166.75393338750735,23.53684944563615,0.761865760028738,0.7352135652785283,183.11018208767342,59.983767302730314,21.84131375134391
1570.875,非储层,1.3670957121868264,35.782402297603944,62.85050199020923,80.5086373302391,19.491362669760903,83.54162821343525,33.7030455553837,1.6271376698496567,0.452219072370583,3.0329908831961476,16.45837178656475,2.262042498003143,175.10453294955948,23.38615879671391,0.7677218852952304,0.7408824276425127,178.6735772010723,59.074537966116566,21.810673221749617
1571.0,非储层,1.3917717735161683,35.79580668010668,62.81242154637715,79.80623630061015,20.193763699389844,82.74893259961515,33.71567099373114,1.6277472090172587,0.4523884773582808,2.942696299004988,17.251067400384855,2.4553993226364224,173.8735995846179,23.525681212847747,0.7696989572699546,0.7427005821217394,182.64289480522373,59.723106095970024,21.920871971475307
1571.125,非储层,1.4193614389198919,33.98850823967313,64.59213032140697,77.4670639172452,22.532936082754794,80.44976737540904,32.01339675391062,1.545563700245773,0.4295477855167422,2.9827034581638388,19.550232624590958,2.4331689448362352,173.4896632264777,23.586620830006687,0.776991310976457,0.7495152835168731,178.00052201661833,59.803619196339405,22.09027667160219
1571.25,非储层,1.4600101033333355,35.675699928418034,62.864289968248634,78.01762156458302,21.982378435416983,81.06894717117183,33.60254378416023,1.6222855796260718,0.4508705646317321,3.0513256065888137,18.931052828828165,2.1909920165520846,173.7300222767876,23.638796584123668,0.7818574050392029,0.7538496142462904,180.37549236556254,58.34340744897569,22.09758142902846
1571.375,非储层,1.4699978758844017,35.20906795598119,63.320934168134414,77.94210739251614,22.057892607483865,81.04707378527051,33.16302833481068,1.6010663653879296,0.44497325578257385,3.1049663927543705,18.952926214729494,2.470435752413707,177.57623815892714,23.78001823623453,0.7879033960494205,0.75886815979049,185.18269633207166,59.97894383999521,22.109531054670786
1571.5,非储层,1.49610904871294,34.29590095511577,64.2079899961713,75.73962721050921,24.26037278949078,78.8780010654615,32.302926523482576,1.559541807768408,0.43343262386478526,3.1383738549522784,21.1219989345385,2.422002215352755,166.37279889771438,23.911915374664066,0.7892814902740691,0.7597634710759437,178.69276491560467,59.22431653736801,21.807556392609463
1571.625,非储层,1.508565718468396,32.55643885601176,65.93499542551984,75.35781058202458,24.642189417975413,78.45345226071565,30.664546576815567,1.4804430294586741,0.41144924973752045,3.0956416786910594,21.54654773928435,2.0149631304566538,182.42659256323924,24.226110016591317,0.7899567773528112,0.7598062774667721,171.91242381930653,59.02773870785602,21.890762540670135
1571.75,非储层,1.5213258215887255,32.34100099315381,66.13767318525746,73.94533870884801,26.054661291151994,77.08870123847953,30.461628057095545,1.4706463964866183,0.4087265395716473,3.143362529631527,22.91129876152047,2.165120643833412,176.84476172900082,24.4524706675696,0.7925540052872626,0.7619742377846548,168.93237225990742,58.882281371098045,22.1835104489489
1571.875,非储层,1.5508247738477894,32.806299270342755,65.64287595580946,74.23631416860022,25.763685831399783,77.33900647213697,30.89988731376906,1.4918049634333928,0.4146069931403019,3.102692303536753,22.660993527863027,2.2070457357651905,134.66241026364543,19.820591502559104,1.4846351757581453,1.5011907160149147,156.60161925545776,56.25501336060453,22.033620076160915
1572.0,水层,5.57263274837906,81.36068555891791,13.066681692703034,83.90599418958067,16.094005810419333,85.18781894729494,77.77146743672249,3.5078574366365065,0.08136068555891912,1.2818247577142738,14.812181052705053,2.15090669819339,150.19802012329157,15.0440425712174,2.1564459402216727,2.2174406410811485,135.54593948060813,52.34437607443459,21.909695016620283
1572.125,水层,5.530005147347591,81.12844540807977,13.341549444572633,84.71161308048455,15.288386919515439,86.02875501177803,77.54947253581511,3.497844426856578,0.08112844540808517,1.3171419312934773,13.971244988221965,2.2080228474427526,114.24178423093238,10.226106461786678,2.8066532658888574,2.91340220796671,100.85265299233006,48.43667054509754,22.06636594859944
1572.25,水层,5.556777553120725,81.12998976306723,13.313232683812041,86.56465198895863,13.43534801104137,87.8908080061631,77.55094876174405,3.497911011560116,0.08112998976306379,1.3261560172044768,12.109191993836898,2.1208003027016225,102.86761522001186,5.468621779500786,3.4790439763236116,3.6320114889258086,83.61550982541881,43.05379464983805,21.937907189348056
1572.375,水层,5.620057418259952,81.12047704361125,13.259465538128797,84.53312013519859,15.466879864801408,85.88126692992672,77.54185569491057,3.497500871657077,0.0811204770436065,1.3481467947281316,14.118733070073276,2.222163219747525,98.50994042284346,5.492234251694094,3.4125878366056868,3.5623566877411856,64.20982314578193,43.87161239133107,22.096907967471314
1572.5,水层,5.556231208507663,80.80269593795893,13.641072853533409,87.0332979023028,12.96670209769719,88.35581229409158,77.23809346945157,3.4837997725693874,0.08080269593796208,1.3225143917887756,11.644187705908415,2.2190392330960513,127.99900511244829,5.49559825394449,3.379447447739858,3.5261126935671347,66.81264139094787,44.45440236743207,21.915871230927767
1572.625,水层,5.395234846301557,80.99204222692876,13.612722926769685,86.7243701977354,13.27562980226461,88.05132800371823,77.41908676671451,3.4919634179873134,0.08099204222693085,1.326957805982843,11.948671996281767,2.0650565724120464,106.89536476293523,5.55413255552387,3.360157192152129,3.5025430164567903,84.53915717211251,43.753870712953145,22.062846210347207
1572.75,水层,5.501912765655917,80.6368473671153,13.861239867228795,85.52293819254757,14.47706180745243,86.87867553744005,77.07956129094072,3.4766492288074615,0.08063684736712012,1.3557373448924688,13.121324462559958,2.3691043779232155,86.57495548424893,5.59642747856542,3.3402130703956736,3.4770480709247704,61.87429541940313,43.74319132211939,22.122976631726225
1572.875,水层,5.439775025743208,80.82093136109971,13.739293613157082,84.18805860401203,15.811941395987972,85.5478795315833,77.25552443881038,3.4845859909282324,0.0808209313610947,1.3598209275712771,14.452120468416696,2.150515586227475,96.00786473414466,5.627527026387923,3.3873140288533454,3.5202579835333254,70.42868673303423,43.42390472083221,22.046476503725632
1573.0,水层,5.377331063705668,80.98610786428617,13.636561072008163,82.96635502366743,17.033644976332564,84.31175786174354,77.41341419785837,3.4917075585635082,0.0809861078642872,1.3454028380761074,15.68824213825646,2.4274801398670514,108.14420415906706,5.700754306129214,3.4291717660792096,3.5611553895633774,69.16693212244463,44.41398256679143,21.998813779264896
1573.125,水层,5.502645935076686,80.65580650172781,13.841547563195503,81.25661570775253,18.743384292247466,82.58245632424624,77.09768404531548,3.4774666499106126,0.08065580650172544,1.3258406164937013,17.417543675753766,2.2694627209740323,106.34027462116343,5.702203285982121,3.4625080518828217,3.5942045574558064,75.57657293650666,45.21602520821413,21.908273153648135
1573.25,水层,5.441692394748724,80.87048417172007,13.687823433531218,83.4173094629188,16.582690537081202,84.74634603206957,77.30289123238008,3.4867224551682603,0.08087048417172032,1.3290365691507668,15.253653967930436,2.337975246115908,85.35689404322493,5.713940196523227,3.4519364489417503,3.583072229199896,71.85226374947209,45.3800963347994,22.088570206659135
1573.375,水层,5.438861388414005,80.6750586930409,13.886079918545102,84.40216481778484,15.597835182215169,85.75091688710887,77.11608692822513,3.4782967061227152,0.08067505869303951,1.348752069324045,14.249083112891125,2.1433421599862292,113.09072856424943,5.717342795080758,3.4098400892664964,3.540602079975431,71.53440906223798,44.33262644233824,21.951939512889712
1573.5,水层,5.399433839084546,80.69548202892142,13.905084131994041,85.45552143909117,14.544478560908825,86.80607981857011,77.13560929078231,3.479177256110185,0.08069548202891755,1.3505583794789373,13.193920181429885,2.23607829115372,102.32073489644297,5.707597403620226,3.3524698231596783,3.4791015101295746,87.92408648154337,43.18482396435628,22.024352429705836
1573.625,水层,5.254123417541717,80.54014430928223,14.205732273176064,85.33119601921005,14.668803980789946,86.65866461112873,76.98712427837584,3.4724798865970943,0.08054014430927889,1.3274685919186808,13.341335388871267,2.1340712954570384,96.51200677683634,5.760160586983694,3.3282490560176283,3.4497070045313016,81.24512213265346,44.463679884257104,21.9798477062442
1573.75,水层,5.248614433637751,80.47545143310208,14.27593413326017,82.99339523517915,17.006604764820842,84.28610469718126,76.92528532165284,3.469690660016135,0.0804754514331027,1.292709462002109,15.713895302818736,2.2164586018720565,91.71476968014721,5.795411654755445,3.349302548882119,3.465577716039727,72.54484046106185,44.56695940889783,22.04555709955797
1573.875,水层,5.128119255542146,80.7493458644666,14.122534879991239,81.8490545065022,18.150945493497805,83.10756680112664,77.1870969288638,3.481499589738337,0.0807493458644705,1.2585122946244387,16.89243319887337,2.258882284927994,88.30191159651126,5.802725683239197,3.3943298832556383,3.5057493077768758,70.80765877541775,44.12162678035797,22.04601759775875
1574.0,水层,5.027524259087526,81.15309680128242,13.81937893963006,82.49070226942132,17.509297730578677,83.76025103166272,77.57303643538846,3.4989072690926695,0.08115309680128621,1.2695487622414001,16.239748968337274,2.162574559456123,75.37693933723462,5.7587407849527255,3.4508382082691584,3.5633915424049767,82.3694932811435,45.648518401379924,21.863600473193394
1574.125,水层,5.151300986018537,81.25886047813357,13.589838535847889,83.50152156050112,16.498478439498875,84.79578886523372,77.6741343587124,3.503467258943046,0.08125886047813183,1.2942673047325957,15.204211134766277,2.2737080192622443,99.12622600702679,5.6634567453024545,3.478776259399498,3.592517690115905,55.56664864716542,43.79980110348015,21.88836918762472
1574.25,水层,5.069608014048963,81.43904310781524,13.4913488781358,85.04867428022695,14.951325719773045,86.36536360765811,77.8463682505569,3.51123581415051,0.08143904310781713,1.316689327431151,13.634636392341893,2.0543935964701845,106.21658509976241,5.557282802374011,3.4593082722114894,3.578196592012832,74.51941525829308,44.35507628952851,21.60442283543046
1574.375,水层,5.20765492307971,81.34203220362512,13.450312873295168,87.27167810506057,12.728321894939432,88.56693726398845,77.7536369722448,3.5070531991767004,0.0813420322036254,1.2952591589278828,11.433062736011546,2.45422948450187,109.40216215083286,5.501855423498464,3.4243621793015286,3.546809944575439,80.82987253777524,45.09390091178433,22.158177068231026
1574.5,水层,5.126897131769133,81.28547974938488,13.587623118845999,86.91213137428925,13.087868625710753,88.18155725398036,77.69957932360039,3.5046149460351006,0.08128547974938227,1.2694258796911058,11.818442746019642,2.3678889497817175,96.87738466855177,5.457390743809913,3.3783110343415723,3.502985456754583,69.40764815050736,44.84795708210724,22.02265868398113
1574.625,水层,5.198319838019991,81.27269078262364,13.528989379356357,88.22333462840436,11.77666537159564,89.50726587495804,77.6873545407684,3.504063551072631,0.08127269078262167,1.2839312465536685,10.49273412504197,2.2135774504775974,97.16603812741124,5.456562731295152,3.3359916145672646,3.460932948261599,85.77705042931711,44.39795225508303,21.94706685847333
1574.75,水层,5.103231228627415,81.17378553057256,13.722983240800021,87.82734952578966,12.172650474210345,89.12842598521655,77.59281248355279,3.499799261489199,0.08117378553057636,1.3010764594269009,10.871574014783448,2.1906194677984274,95.72453022486894,5.48189249230503,3.2805912946498585,3.400485725516592,68.90048991754655,43.520711941424594,22.00373854849957
1574.875,水层,5.008453643130182,80.9546016091039,14.036944747765906,90.19341092474907,9.806589075250926,91.51630302882826,77.38329783782369,3.490349169671103,0.08095460160910672,1.3228921040791897,8.483696971171739,2.1811181456856885,102.05629346901404,5.502569124630552,3.2095489782771582,3.3251574227173926,73.57192784172689,44.67658139555617,22.221422299708514
1575.0,水层,4.9949155468016855,80.77675974736553,14.228324705832787,91.14600509021425,8.853994909785756,92.4889916473088,77.2133014511898,3.4826815364283568,0.08077675974736895,1.3429865570945523,7.511008352691206,2.064735370217274,101.64259373279553,5.582171736431041,3.138141014784216,3.2476309366083678,64.09180489286204,44.758585195786,22.16698151830056
1575.125,水层,5.099103076533635,80.30713067302668,14.59376625043969,90.1412137978584,9.858786202141602,91.49822465831146,76.76439001427924,3.4624335280744036,0.08030713067303033,1.3570108604530557,8.501775341688544,2.4046572978934537,96.89689611091302,5.600864578084225,3.090623163145114,3.19782360843208,82.5630240719981,44.01526711111333,22.056599211065112
1575.25,水层,5.080437971995937,80.7480223641764,14.171539663827662,90.41465677478473,9.58534322521527,91.78746579861425,77.1858318146503,3.4814425271619402,0.08074802236417156,1.3728090238295159,8.212534201385758,2.1626304528817526,87.7718610317874,5.603953553028981,3.089728907275264,3.197788541775212,65.53668062509682,44.19656894594583,21.96251597320843
1575.375,水层,5.095175905352062,80.8625254374774,14.042298657170535,90.03977429684453,9.960225703155468,91.39199876970217,77.29528359686498,3.486379315174939,0.08086252543747299,1.3522244728576298,8.608001230297834,2.153988577800848,87.4317029289989,5.610034022727352,3.0968866807727373,3.2048198506706704,65.28261878404763,43.801352849899395,21.98425075470589
1575.5,水层,5.0125378596345405,80.76714083789808,14.220321302467381,90.33192885212426,9.668071147875734,91.70032168333347,77.2041068789061,3.482266818154095,0.08076714083789516,1.3683928312092093,8.299678316666526,2.1838985037883747,116.65599415553085,5.548013526925127,3.15382096018521,3.261939524124136,67.28514619677523,45.72438645796225,21.982757972660636
1575.625,水层,4.926966978755083,81.24459786454851,13.828435156696406,88.66332887247002,11.336671127529986,90.03909430576735,77.66050093883186,3.502852327852107,0.08124459786454374,1.3757654332973384,9.960905694232647,2.2919849773036667,115.91872192868854,5.499938600571113,3.1911847113635385,3.3006241535825582,77.16281591186537,43.677815847552594,22.0284624642094
1575.75,水层,5.0231776012214135,81.37000669568808,13.606815703090502,89.77973594509635,10.22026405490365,91.16624678669218,77.78037737252028,3.5082593164721123,0.08137000669568573,1.386510841595833,8.833753213307816,2.3655754276136998,96.29539191432806,5.470610832580299,3.2257621815409485,3.3371668375973234,68.3389437256211,46.359154367220135,22.173678348423497
1575.875,水层,5.129739158398206,81.26532702954938,13.604933812052405,88.78457875333456,11.215421246665436,90.15298023102696,77.68031563888977,3.5037460636300697,0.08126532702955047,1.3684014776923972,9.847019768973041,2.1232037757591224,100.65541808009577,5.425847907638235,3.2942485215915323,3.408031649896796,68.31497987749407,43.22541189745694,22.277928011486452
1576.0,水层,4.997199835108604,81.52504133715584,13.477758827735556,87.41280162821641,12.58719837178358,88.76207913807343,77.9285726770171,3.5149436188015843,0.08152504133715627,1.3492775098570138,11.237920861926565,2.303719104113763,88.9609222001266,5.373403809399013,3.3391800282233928,3.456555056892201,76.4822831367044,45.10331639377951,22.100094884937548
1576.125,水层,4.994139844104505,81.83508004316809,13.170780112727412,87.80427958378615,12.19572041621385,89.18514503811099,78.22493405798522,3.5283109051396853,0.08183508004317025,1.3808654543248464,10.814854961889008,2.4401183986021757,88.81498610547712,5.377931909289629,3.375958488294123,3.493355409427349,72.0423549516599,45.052559226561364,22.01823944909448
1576.25,水层,5.029769358588014,81.55316151149945,13.417069129912546,87.10188207598077,12.898117924019225,88.51597678579209,77.95545233281467,3.5161560171732686,0.08155316151150296,1.4140947098113252,11.484023214207905,2.3230597417768855,110.53034604627605,5.352342995845216,3.389760263589946,3.5061546018438,62.458339163370994,42.81782113552789,21.97798907615375
1576.375,水层,5.016043071693107,81.6071344006554,13.376822527651486,89.00064461701677,10.999355382983222,90.41722432113659,78.00704421361831,3.518483052636427,0.08160713440065887,1.41657970411981,9.58277567886341,2.0834432624221724,96.30508536611481,5.352210188659825,3.4027515658419176,3.5186389983987914,70.922456099307,44.50545403303325,22.39939796077598
1576.5,水层,4.985944665445602,81.6061947564599,13.407860578094516,86.56336709731801,13.436632902681989,87.95721919116748,78.00614602172809,3.5184425399753505,0.08160619475645822,1.393852093849468,12.042780808832521,2.1524412515642295,107.71602373777637,5.388584535621985,3.4345507793547463,3.5502673853595565,61.44998173880227,44.08078410829299,22.200607647609683
1576.625,水层,5.054663754825167,81.7139837818876,13.231352463287225,84.26902696142241,15.73097303857759,85.63411971789427,78.10917994558822,3.5230898525174816,0.08171398378189337,1.3650927564718525,14.365880282105737,2.26484198831208,98.69723511100827,5.424159716502414,3.4896984293909137,3.6070879862667526,72.34155552324972,45.0723367181237,22.08670014725271
1576.75,水层,5.161679410602992,81.52194648695969,13.316374102437306,82.21457208499348,17.785427915006522,83.56965128030454,77.92561435581322,3.514810184659514,0.08152194648695932,1.3550791953110701,16.430348719695452,2.5429368025340957,139.3557622558344,12.36132242865651,2.769938586980422,2.8569991755190576,112.99224518925001,51.291843418066435,22.111661678815505
1576.875,非储层,0.4653132520092066,10.219503027845589,89.31518372014521,93.11946930392384,6.880530696076159,94.14186139870694,8.579350740165442,1.629932784652301,0.01021950302784562,1.0223920947830962,5.858138601293062,2.725076990644899,156.44892269643938,19.38542830391092,2.0237900926837735,2.081588016301929,146.25149094878688,56.02045781289676,21.92623812646916
1577.0,非储层,0.4635507046741478,9.02741362847932,90.50903566684654,94.57737691292151,5.4226230870784935,95.57941068414868,7.5785825968487455,1.4398036180020937,0.009027413628479898,1.002033771227168,4.42058931585132,2.462227397664965,196.71135321611413,26.445670667893197,1.246043019722316,1.2730230420082207,197.38319892706346,60.904706298775615,22.008704723263083
1577.125,非储层,0.4516944845790312,8.61229482980571,90.93601068561526,92.6634377722953,7.336562227704702,93.6762393310676,7.230087199083028,1.3735953358928772,0.008612294829805738,1.0128015587723056,6.323760668932399,2.6788012320517334,227.72746713861338,33.68404272229763,0.4512230977237355,0.4467251423359192,246.0480287062456,67.04788908777616,22.026805287799508
1577.25,非储层,0.4631906510199079,6.373391985241971,93.16341736373812,92.32559710416226,7.67440289583774,93.32320188290835,5.350511184052891,1.0165074092038386,0.006373391985241977,0.9976047787460918,6.6767981170916535,2.7313860995894763,230.06812120473114,33.906402914618134,0.4468185781711695,0.44241108307148,224.94936768104992,67.32797599823557,21.728745918848624
1577.375,非储层,0.46472839217558415,7.807179950941478,91.72809165688294,94.29344405908736,5.706555940912638,95.29916680087038,6.554187117339207,1.2451856536513304,0.007807179950941601,1.0057227417830243,4.700833199129617,2.7413008259506793,241.64721941725125,34.07511727115385,0.4465066935895427,0.44209830811042755,240.30911228879484,68.02738180030784,21.96449327225307
1577.5,非储层,0.4686948408567833,7.211740150079637,92.31956500906358,92.92739878460625,7.072601215393748,93.92526627335576,6.054310862855143,1.1502175470744147,0.007211740150079617,0.9978674887495025,6.074733726644244,2.62903218343583,215.60528431760267,33.9794479762085,0.4506481594200525,0.4462171782565039,245.1641060139965,66.350966380732,22.01243253804271
1577.625,非储层,0.47146051489057483,9.647502048213251,89.88103743689618,90.39765295214526,9.602347047854732,91.36866172039876,8.099151554880931,1.538702991284108,0.00964750204821268,0.9710087682534878,8.631338279601241,2.6232218697438396,241.5710460693285,33.67437526933186,0.45623992640600824,0.4517299441922525,259.3504217646931,67.6630254421475,22.04553997814439
1577.75,非储层,0.47960918879362935,9.666901008761975,89.8534898024444,91.13467371945433,8.865326280545672,92.12381158336709,8.115437130225313,1.5417969775278992,0.009666901008762406,0.9891378639127613,7.876188416632912,2.530995603937482,219.87655810951773,33.282134580942824,0.4670410824918145,0.46233841479688065,252.3470416902012,68.20658700691288,22.030230890701866
1577.875,非储层,0.4691557084562012,12.076906308611457,87.45393798293235,90.02405466698696,9.975945333013048,91.03556989043743,10.138654961535565,1.9261744407672814,0.012076906308610899,1.011515223450473,8.96443010956257,2.6106233567857378,226.7399561522604,32.623018045401466,0.4818473127201154,0.47692406135900023,237.5314294792795,67.1600505804249,21.90560134507259
1578.0,非储层,0.48206192014118976,14.35833172106763,85.15960635879118,88.86295598175778,11.137044018242214,89.84990431217264,12.05392899664825,2.2900443926983134,0.014358331721067707,0.9869483304148592,10.150095687827354,2.725772532330449,237.3952420654038,32.351843663363766,0.4901280030083516,0.48507508787422804,242.93377217042334,67.66709453050765,21.904003669990715
1578.125,非储层,0.4830617594147079,12.594722576483619,86.92221566410167,87.26269113753793,12.737308862462072,88.226868172137,10.573365668008664,2.008762185898471,0.012594722576482822,0.964177034599078,11.773131827862994,2.4214634102285113,201.94393442238436,32.01167805698079,0.5018815188004955,0.4966868895509653,238.90816290318267,65.40318274315806,22.11922325136691
1578.25,非储层,0.48845627706549466,13.376767787086862,86.13477593584764,86.2717664894561,13.728233510543896,87.21466009104196,11.229898587285682,2.1334924320140947,0.013376767787086352,0.9428936015858624,12.785339908958038,2.545496355028091,205.76293858677454,31.84896813074881,0.5087502602043864,0.5035584728681758,245.65539698445684,65.46227855743611,23.113809823285987
1578.375,非储层,0.4984052250877087,13.838395410876704,85.66319936403559,86.91034829293154,13.089651707068462,87.832924883255,11.617438498478123,2.2071185169877023,0.013838395410877002,0.9225765903234703,12.167075116744996,2.5471212234127414,213.51994789268096,31.95376742214826,0.5114828823208991,0.5062861567686788,243.4951411673793,65.87465043228943,23.034260185264277
1578.5,非储层,0.5038896158315913,13.23396486920837,86.26214551496004,85.78980257047297,14.210197429527028,86.72992277613893,11.110014448510988,2.110716455828173,0.01323396486920883,0.9401202056659609,13.270077223861065,2.6648103403792107,211.37099771189258,32.00303911221534,0.5162871231079014,0.510999646886587,240.77564625668748,66.63446171457048,23.1161177698862
1578.625,非储层,0.4943366891403893,12.084437002967007,87.42122630789261,83.48386369292025,16.516136307079744,84.43498648892717,10.144977036886706,1.9273755290773353,0.012084437002966852,0.95112279600691,15.565013511072834,2.574224247611973,221.8401322605384,32.01524742636801,0.5226211252844056,0.5171490377929918,254.90795165970155,66.37473277633198,23.171665887064723
1578.75,非储层,0.49960381109051577,13.271282649641769,86.22911353926771,82.02770657980483,17.97229342019517,83.0007047233269,11.141343009822654,2.116668357169473,0.013271282649641655,0.9729981435220777,16.9992952766731,2.5030957292500466,221.64301681079243,32.29609668425472,0.5249839875111838,0.5193270049592769,244.05525105094276,66.19359490020341,22.00851782639307
1578.875,非储层,0.501816558150145,10.837143420033923,88.66104002181594,82.33698665356555,17.663013346434454,83.3228685140367,9.097864560401,1.72844171621289,0.010837143420034182,0.9858818604711517,16.677131485963304,2.715873180762032,224.3424784663367,32.724384493602635,0.526428895465086,0.5205816465219928,247.62118935786674,66.56123197335404,22.000112640869315
1579.0,非储层,0.5010232023123942,8.650139371712584,90.84883742597502,80.41522824119907,19.584771758800922,81.41975984343564,7.261857980669498,1.3796312516713733,0.008650139371713106,1.0045316022365705,18.580240156564354,2.7504317333960033,228.54804399555383,32.94633640326239,0.5291576984753074,0.5231603413025886,248.79436548117835,66.15630218766394,22.11667018724097
1579.125,非储层,0.5110642650048446,9.706335727006987,89.78260000798817,79.52169646506586,20.47830353493414,80.51013947035527,8.14854287697657,1.5480865143034095,0.00970633572700691,0.9884430052894096,19.48986052964473,2.652669144544203,229.12042517609112,33.521172983540566,0.5212172636764277,0.5152873279822114,246.6716777359947,66.81071348099464,22.127647276422437
1579.25,非储层,0.4991175789121314,7.063325647606278,92.43755677348159,81.25961626089546,18.740383739104537,82.25719696376753,5.92971575601123,1.1265465659474405,0.007063325647606658,0.9975807028720571,17.74280303623248,2.637564757515355,237.35094322480765,33.88263404638573,0.5146135299832009,0.5088125827508622,243.4875123576285,66.87690708196295,22.07091891177642
1579.375,非储层,0.4935677398652607,6.9294781513138615,92.57695410882087,83.04784990897367,16.95215009102633,84.01853050626693,5.817349761964677,1.10519891119787,0.0069294781513138184,0.9706805972932574,15.98146949373307,2.7133432258721975,227.55141737473542,33.87045261170595,0.5111267304935019,0.5054178772428021,262.291171717752,67.21238127875912,21.960553062556677
1579.5,非储层,0.4955918265207226,8.766001119584432,90.73840705389485,82.7832067672315,17.21679323276849,83.78171856623362,7.359124801732396,1.3981103167324516,0.008766001119584789,0.9985117990021095,16.21828143376638,2.6709261245293225,232.37647285425484,33.82659872622281,0.5096939482920706,0.5040485382605528,245.282583864731,67.1763616125156,22.20556058975318
1579.625,非储层,0.5051943532062803,10.173352526770518,89.3214531200232,80.83458365642791,19.165416343572094,81.80749375289848,8.540607042504355,1.6225721317393926,0.010173352526770055,0.9729100964705653,18.192506247101527,2.6867564259218053,220.20212772055095,33.43341704112135,0.52039181375488,0.5145943908394731,219.44313657544984,67.81625478264087,22.06239512599063
1579.75,非储层,0.5188528228748682,11.324305443551829,88.1568417335733,78.53547885050271,21.464521149497283,79.50431029405947,9.506840794926363,1.8061403431819143,0.011324305443552105,0.9688314435567512,20.495689705940535,2.6348536060191963,217.90314107853422,33.26006591845419,0.5303927172441979,0.524431466964752,242.76996013204806,66.2818121854551,21.970646847763447
1579.875,非储层,0.5039139134805725,8.835528919628732,90.6605571668907,78.37910477194869,21.620895228051307,79.32048369553058,7.4174939201862795,1.4091994705228237,0.008835528919628674,0.94137892358189,20.679516304469413,2.6523163077389063,243.42019585139124,33.41445032579387,0.5377121734631921,0.5316772052793928,252.499921979595,67.39969252558518,21.8992023325846
1580.0,非储层,0.499317301956936,7.144930906169112,92.35575179187396,76.75127440545302,23.248725594546983,77.6769930378065,5.998223993011091,1.1395619822518506,0.007144930906168891,0.9257186323534786,22.323006962193503,2.516881997784197,231.6090791142558,33.56262294358214,0.5410887902600976,0.5349910775569683,234.73078905285266,67.3079227970341,22.057295707919916
1580.125,非储层,0.49808090307205943,8.605090529729997,90.89682856719794,77.36620023027074,22.63379976972927,78.31490673682717,7.2240391342193515,1.3724463049809157,0.008605090529730484,0.948706506556442,21.685093263172828,2.8149082234908023,227.11365368079342,33.91630138216972,0.535550304271313,0.5295413253968788,248.37952948203025,67.56091102097626,21.91147777254306
1580.25,非储层,0.49154700067305934,7.519083148673678,91.98936985065326,78.40450396741802,21.595496032581973,79.36499937161777,6.312327654404381,1.1992364111206224,0.007519083148673465,0.9604954041997451,20.635000628382226,2.7716344248416673,238.49998049891167,33.934294660536665,0.536083381762472,0.5300181763031185,253.5583532691337,68.71980942090138,21.763398229499366
1580.375,非储层,0.49528432116912297,8.650223663017552,90.85449201581332,77.89142487142972,22.108575128570283,78.85667465855171,7.261928743862944,1.379644695491592,0.008650223663017077,0.9652497871219893,21.143325341448293,2.6124932055418717,214.68567348413748,33.67790195778306,0.5416610412534124,0.5354008915746535,248.4287153643463,67.07851293185878,21.965283036822864
1580.5,非储层,0.5016070912584641,9.92137931482221,89.57701359391933,75.97277767461992,24.02722232538008,76.95450915812894,8.329073609172,1.5823843263353885,0.009921379314821455,0.9817314835090218,23.045490841871064,2.6489877470150964,225.1741566159074,33.62982873954365,0.546000977689971,0.539542695485914,242.91748305139618,66.45707300512385,21.96648734889461
1580.625,非储层,0.5107855688499343,9.1334989970694,90.35571543408066,75.36535617854445,24.634643821455548,76.37285898046491,7.667642072936196,1.456723425136135,0.009133498997069937,1.0075028019204542,23.62714101953509,2.6312637830328196,223.76971212296002,33.54267561862993,0.5516416165475211,0.5449471918539864,247.642364319457,67.73346873576375,21.841272113416903
1580.75,非储层,0.5080697287833502,8.47113410660315,91.0207961646135,75.93721657914534,24.06278342085466,76.9646580850726,7.111581695264464,1.3510812772320828,0.008471134106603773,1.0274415059272572,23.0353419149274,2.76522659209342,234.1114375869748,33.67623312260401,0.5518723834341989,0.5450531090303532,253.5774961676588,66.30458152825234,22.98700941995143
1580.875,非储层,0.502763666560952,7.212726397727199,92.28450993571184,76.50983594794796,23.49016405205203,77.53746712421145,6.055138825277781,1.1503748460516903,0.007212726397727576,1.027631176263481,22.462532875788554,2.856713803178549,233.5903772327976,34.00112112469873,0.544583874345612,0.537822886971022,240.6230330912278,68.26972888153851,22.883798891837127
1581.0,非储层,0.5069604537526856,6.395852828299741,93.09718671794758,77.12265886158097,22.877341138419027,78.15391090692763,5.369367233117837,1.020089742353605,0.0063958528283000055,1.0312520453466631,21.84608909307236,2.782083261998491,239.94172078833444,34.29811010983732,0.5356899246086023,0.5290556448394524,240.25966322635244,68.65772739596281,22.866766110176435
1581.125,非储层,0.5171164345819971,5.898429048107157,93.58445451731085,77.7411950777814,22.2588049222186,78.78982366526981,4.951776175593505,0.940754443465544,0.005898429048107473,1.0486285874884111,21.210176334730193,2.9505881359674455,234.89339696829666,34.7462267303904,0.5244187212429625,0.5179919455953046,254.33936636952055,67.62966173867314,23.067460207554085
1581.25,非储层,0.5139530833107332,3.600965866367256,95.88508105032201,78.50496165067707,21.495038349322925,79.5706207247882,3.0230383108405694,0.5743265896603196,0.003600965866367139,1.0656590741111236,20.4293792752118,2.795475438860598,232.0936324233893,35.03033966204481,0.5167721402766833,0.5105151415772405,235.73350991608984,69.11496150309085,21.876256527040532
1581.375,非储层,0.5037455199827486,4.12405309538989,95.37220138462736,78.48952217646573,21.51047782353428,79.52437427094934,3.462174029403246,0.657755012891254,0.0041240530953897715,1.0348520944836233,20.475625729050662,3.0622618906591943,239.0176410171213,35.324874448225415,0.5090526938727726,0.5029982247973199,252.8001438894658,68.01951091673584,21.97243165843794
1581.5,非储层,0.510918606296365,3.1920944482929703,96.29698694541067,79.15218376713722,20.847816232862783,80.18326078851982,2.6797876367392846,0.5091147171053928,0.0031920944482928017,1.0310770213826033,19.816739211480183,2.6816371144732956,238.26115387608291,35.56483899426251,0.5036178719649615,0.4977007900426404,253.07955306808995,67.91598538738481,22.04088177501507
1581.625,非储层,0.5078798009503399,3.300240290782297,96.19187990826737,78.88758944317517,21.112410556824823,79.93932842004602,2.77057689638122,0.5263631541102944,0.0033002402907822415,1.051738976870838,20.060671579953983,2.9028410838103293,249.4744633645262,35.730404328665976,0.4972565823392307,0.49158750735878787,246.98515324740328,68.06089871468001,21.974041839664956
1581.75,非储层,0.503725787663436,1.7960781564163364,97.70019605592023,81.09196571885052,18.90803428114949,82.13666856013027,1.5078213117271266,0.2864607665327934,0.0017960781564162805,1.0447028412797636,17.86333143986972,2.7988301963153424,255.48008719665012,36.10848190407782,0.4860194098365941,0.48131419348306204,247.3679251367559,67.37958050604702,22.15555991134969
1581.875,非储层,0.503524698247806,0.009999999999998899,99.4864753017522,81.67152286202662,18.328477137973376,82.7406757859494,0.00839507627404964,0.0015949237259492586,9.999999999999227e-06,1.0691529239227813,17.259324214050597,3.0563375823533523,254.4889220152868,36.163146552970595,0.48210108317619416,0.4774121207704412,250.5891050268782,70.02961120570929,23.086487988854806
1582.0,非储层,0.49736171739785456,2.5921790243145337,96.9104592582876,81.22721737360237,18.772782626397632,82.32076498763084,2.176154062511449,0.4134327827787705,0.0025921790243145157,1.0935476140284686,17.679235012369166,2.8392599702386745,248.06061186302887,36.27866133784222,0.4796580596494763,0.4749755042081577,256.7032740307236,68.4174983178556,23.873984809769805
1582.125,非储层,0.5079543879322506,2.0468199805258047,97.44522563154194,79.36390998010856,20.63609001989144,80.4810372398762,1.7183209855764825,0.32645217496879647,0.0020468199805257457,1.117127259767635,19.518962760123802,3.0141049165201172,243.7704775337239,36.33513260470512,0.48157253602294703,0.476824783815817,247.93732213121038,70.09319649127741,23.75689144643949
1582.25,非储层,0.5208837509839709,1.189784875880362,98.28933137313567,79.2026287772279,20.7973712227721,80.31296701337348,0.9988334782727424,0.1897616127317392,0.0011897848758803337,1.110338236145577,19.68703298662652,2.6711968445652934,251.79589587117852,36.21438568439147,0.48522501985308414,0.4797407555966379,250.686247030828,68.71081221603839,23.93635522972484
1582.375,非储层,0.5131767906330581,1.3146473524814573,98.17217585688547,80.9580661743848,19.0419338256152,82.05099933643413,1.1036564797560473,0.2096762253729285,0.001314647352481475,1.0929331620493332,17.94900066356586,2.8918372356569373,221.02852726819546,36.34227628270175,0.48460067296033443,0.47929265448349556,225.3121896933503,68.08472589985907,22.681611292516003
1582.5,非储层,0.5282964582266106,1.1967543202739739,98.27494922149941,80.32502659356551,19.674973406434493,81.39627749959656,1.004684379999955,0.1908731859537449,0.001196754320273918,1.0712509060310638,18.60372250040343,2.857500574943573,254.06470546640986,36.484821117501184,0.479121470648521,0.4743493798088713,235.2475837716075,68.50061800031852,21.982080768118138
1582.625,非储层,0.539956932238478,0.46725160195267845,98.99279146580884,81.41014491345001,18.58985508654999,82.4757478133513,0.392261283756505,0.07452306659422078,0.0004672516019526532,1.0656028999012963,17.52425218664869,2.9091382018636383,250.60711530196315,36.59093808340015,0.4736244269285589,0.4697401100547458,249.78703545818038,70.08214655858721,22.026561642407277
1582.75,非储层,0.5440482231242081,0.009999999999998899,99.4459517768758,81.22174663340897,18.778253366591024,82.27111811771837,0.00839507627404964,0.0015949237259492586,9.999999999999227e-06,1.049371484309391,17.728881882281634,3.0147329935205978,246.9287953039546,36.71131951348031,0.47218831309803116,0.46904326838527366,248.45915868544802,70.20809463418925,22.64460861673324
1582.875,非储层,0.5297843783521674,0.009999999999998899,99.46021562164783,80.08754995164634,19.91245004835366,81.1487030444766,0.00839507627404964,0.0015949237259492586,9.999999999999227e-06,1.0611530928302573,18.8512969555234,3.1300530414445658,232.24633480552538,36.81959776657643,0.46699786853155756,0.46464406254648527,251.22464345862807,68.39589497797533,22.585293180795308
1583.0,非储层,0.528117565764032,0.009999999999998899,99.46188243423597,82.21029989473902,17.789700105260977,83.25532090659382,0.00839507627404964,0.0015949237259492586,9.999999999999227e-06,1.0450210118548007,16.744679093406177,2.864434541178429,254.30313047451187,36.78920804735858,0.46356802443447975,0.4611991115838787,242.19331072585126,68.21897964956959,22.69478236886992
1583.125,非储层,0.5171906078939599,0.7863044594394242,98.69650493266661,84.35274953400938,15.647250465990625,85.38071047705115,0.6601085911620066,0.12540956381797821,0.000786304459439403,1.027960943041783,14.619289522948842,2.839194654878789,250.909819434591,36.68002430154453,0.4632705168400633,0.4603025929268599,251.42474609735768,69.17342813704741,22.623370473213427
1583.25,非储层,0.5198232369152076,1.1896923285819705,98.29048443450283,83.23749927777402,16.76250072222598,84.24556617286869,0.998755784109847,0.18974685214354148,0.0011896923285820366,1.0080668950946685,15.754433827131308,2.904371182969415,248.5910201886687,36.351557820334,0.46776853786471206,0.4639873678427018,247.88619151894912,68.8916490265005,22.101286500158487
1583.375,非储层,0.5353431037024403,3.5500371674237585,95.9146197288738,80.94879078396312,19.05120921603688,81.97034945403337,2.9802832796236873,0.5662038506326477,0.00355003716742356,1.021558670070242,18.029650545966636,3.1304989205199085,250.75065473883996,36.11165744580129,0.47479029314105997,0.4701429492152372,238.90887420456937,69.01359058490495,22.08058286260891
1583.5,非储层,0.5216307956922633,2.623633482838017,96.85473572146972,80.43932047205644,19.56067952794357,81.45043856442992,2.202560320357809,0.4184495289973701,0.0026236334828379226,1.011118092373488,18.549561435570084,2.829389115078737,242.8745316884122,35.679751808056984,0.49006821143415186,0.48485357117484973,244.6623757470829,69.1755227905924,22.09126293548743
1583.625,非储层,0.5346759442749064,5.496421659190576,93.96890239653452,78.32869459537461,21.671305404625386,79.34306171250688,4.6142879063248445,0.8766373312065404,0.005496421659190696,1.014367117132262,20.65693828749312,2.7958401577539798,225.08038398719714,35.212908151335355,0.5073867469701745,0.5015723609165454,234.61728459016686,68.33992956324832,21.898740664643586
1583.75,非储层,0.5283224850252483,6.2894935991359535,93.1821839158388,76.49688308346353,23.50311691653647,77.53111861207907,5.280077848989914,1.0031262565469032,0.0062894935991361645,1.0342355286155498,22.468881387920923,2.9669981107979235,247.56151593824217,35.175150593076594,0.5119939109855496,0.5060554707496322,255.63762638173688,67.48001238369443,21.894529036820312
1583.875,非储层,0.5430827144956266,3.976653813068498,95.48026347243588,78.32348276096914,21.676517239030858,79.35017852794296,3.338431207620406,0.6342459516350234,0.003976653813068335,1.026695766973822,20.649821472057038,2.847178805143013,233.0430679679058,34.93336047853009,0.5220498687575068,0.5158173542152793,259.8734585051074,69.20446839011386,22.095214880802168
1584.0,非储层,0.5340929088975808,5.2650583739219154,94.2008487171805,76.3955524235447,23.6044475764553,77.41843289606024,4.420056663640313,0.8397366519076811,0.005265058373921973,1.022880472515542,22.581567103939758,2.9225157569220825,243.4999294424028,34.89070523237086,0.5281085203074378,0.5217186535459357,255.83745656238958,67.06887422845388,22.025799068710334
1584.125,非储层,0.5357408458170559,5.985116627051667,93.47914252713127,75.14917903451935,24.850820965480647,76.16642549043885,5.024551059318701,0.9545804511059156,0.005985116627051264,1.0172464559195051,23.83357450956114,2.7174076529962092,236.16950824147864,34.938757399437016,0.5333823897479686,0.5268744502736125,218.28942605901722,68.38618090182749,22.0821196410087
1584.25,非储层,0.5425884736541192,5.791961358947939,93.66545016739795,73.1230752486577,26.8769247513423,74.1451387332143,4.862395738472151,0.9237736591168395,0.005791961358948133,1.0220634845566032,25.8548612667857,2.9741405286836047,236.95469069812341,34.922301714644234,0.544553562234567,0.5377705272957116,256.456558541032,67.38141568199076,22.067526097603295
1584.375,非储层,0.5358314181885004,4.214978204058517,95.24919037775298,72.04718520115026,27.952814798849744,73.05985262958012,3.5385063516531923,0.6722568742012665,0.004214978204058334,1.0126674284298687,26.940147370419876,2.897310745554573,233.9673085548181,35.19115657607733,0.5465015824546385,0.5396991262239306,238.3138235947515,67.73235098727851,22.18439060878812
1584.5,非储层,0.529102183101722,2.392185681731407,97.07871213516687,72.8958331521398,27.1041668478602,73.91813482065567,2.0082581259826813,0.3815353700669943,0.002392185681731468,1.0223016685158652,26.081865179344334,2.8762643916007495,224.47707468428555,35.282641338487615,0.5481066505172683,0.5412647948588698,251.55609420191476,66.89547216320905,21.918641798176523
1584.625,非储层,0.5275028761720594,5.015724616655692,94.45677250717225,73.45056796145536,26.54943203854464,74.46148321723479,4.210739072645757,0.7999698193932795,0.0050157246166559685,1.0109152557794179,25.53851678276522,2.973355040223009,246.795297250184,35.370426510201675,0.547386013157972,0.540526932538528,232.61967230039835,67.52382478686114,21.789571569667956
1584.75,非储层,0.5393460614386064,4.847883862994529,94.61277007556687,72.74761992225758,27.252380077742412,73.7870142538448,4.0698354797577965,0.773200499373737,0.004847883862994871,1.039394331587207,26.212985746155205,2.676095640838687,242.3888595048003,35.40664903352285,0.5453180811065332,0.5384923336144998,249.40717375630965,69.07706293713353,22.213694994204445
1584.875,非储层,0.5362137385445853,3.815978844138701,95.64780741731671,72.84403354640705,27.15596645359295,73.87078977122937,3.203543345670771,0.6086195196237912,0.0038159788441389716,1.0267562248223219,26.129210228770628,2.8539898888467334,225.934337945425,35.28333615785161,0.5449400524990762,0.5380746402638326,249.90281388905922,69.27593465440489,22.048640245458422
1585.0,非储层,0.5515244541452685,3.70128130317835,95.74719424267639,74.18961508451413,25.810384915485873,75.23030491944695,3.1072538851899525,0.590326136685219,0.003701281303178372,1.0406898349328293,24.769695080553046,2.8797795730211933,233.2975577602697,35.19507338193739,0.5488407822586847,0.5418336067274685,249.22689033633392,69.36351283121446,21.963132851859484
1585.125,非储层,0.5467442997038904,5.971077468379127,93.48217823191698,72.1380612780646,27.86193872193541,73.17561644991527,5.0127650785307525,0.9523413123799953,0.005971077468379209,1.0375551718506837,26.82438355008473,2.7899735022246466,231.3030041360631,35.21908469896656,0.5482467674007607,0.5412052443005697,252.63089314590508,69.146036738913,21.94669824449064
1585.25,非储层,0.5315593631805431,4.591245299469559,94.87719533734989,72.85920388765447,27.140796112345523,73.9249256905748,3.8543854481923088,0.7322686059777815,0.0045912452994693355,1.0657218029203193,26.075074309425204,2.676876737956409,247.89415037741693,35.038622551317964,0.5499196149574632,0.5427889218768576,230.6137425630349,67.70338437263027,21.91827216936545
1585.375,非储层,0.5361212608842447,5.76087537468778,93.70300336442797,73.50474761515179,26.49525238484821,74.55681729146337,4.836298817580354,0.9188156817327375,0.005760875374687807,1.0520696763115815,25.443182708536625,2.8035596400889453,227.90755235582128,35.024341804428474,0.548799447015155,0.5416847727642243,246.97087954611789,67.9784683844208,21.91213987648976
1585.5,非储层,0.5236778841196466,3.8645545989961727,95.61176751688419,74.95644444571754,25.04355555428246,75.99662231720448,3.2443230623805768,0.6163669820165998,0.003864554598996192,1.0401778714869496,24.003377682795513,2.744519839537995,212.8164581012827,35.34576261907428,0.541015621517748,0.5341263593512657,245.36376198877073,68.16436763459167,21.837764807904467
1585.625,非储层,0.5107430880515758,2.5031112461792127,96.98614566576921,73.56195979550854,26.438040204491454,74.59466879671672,2.1013809834108255,0.39922715152220817,0.0025031112461792494,1.0327090012081672,25.40533120328329,2.9781440278991016,247.5927602354347,35.63723505075282,0.5323444306719922,0.5258125930802315,240.64355013805658,69.01293256335616,22.767329311392945
1585.75,非储层,0.5027008396761062,1.4367320073625733,98.06056715296133,75.1589781097088,24.841021890291202,76.1991157646433,1.206147478717858,0.22914779663735255,0.0014367320073625962,1.0401376549344878,23.800884235356712,2.8743680444658835,243.5636895904791,36.0971514636831,0.5211228520666196,0.5150636959758825,247.64427667860605,69.77696888178407,22.576621569785633
1585.875,非储层,0.4961653505317872,0.7923035314892801,98.71153111797894,75.7366393201007,24.263360679899293,76.78996710837218,0.665144857905213,0.12636637005257775,0.0007923035314892895,1.0533277882714702,23.21003289162782,2.8739699799963256,234.8776845367198,36.26343457583562,0.5203464578867388,0.5142653840189051,250.6057699950947,68.29911647919907,22.659612696456694
1586.0,非储层,0.5065410957177988,2.0850132005653,97.40844570371691,73.91992754100795,26.080072458992042,75.00451354896369,1.7503844851147983,0.3325437022499363,0.0020850132005653145,1.084586007955728,24.99548645103632,2.9545999424658684,252.17170486262273,36.49453291875064,0.5158754354868428,0.5104904005046179,248.66284146353985,70.0820403923469,23.903839384872782
1586.125,非储层,0.5011493422736887,0.009999999999998899,99.48885065772632,73.49710150908768,26.50289849091232,74.59542599630021,0.00839507627404964,0.0015949237259492586,9.999999999999227e-06,1.098324487212533,25.404574003699786,2.7649502763612475,242.56884929729182,36.62651071938861,0.5129168575983694,0.5081076448655469,252.61644503835217,71.07575025459415,22.990835666113224
1586.25,非储层,0.5013548714248262,0.009999999999998899,99.48864512857517,75.1645191089368,24.8354808910632,76.28556747990864,0.00839507627404964,0.0015949237259492586,9.999999999999227e-06,1.1210483709718282,23.714432520091368,3.011555582231705,266.8173854716903,36.69707629342506,0.5084202606628063,0.5041938693513416,257.85097759307126,70.21878967501037,22.920710202457958
1586.375,非储层,0.5054902441757906,0.009999999999998899,99.4845097558242,77.35765265174398,22.64234734825602,78.45848253734907,0.00839507627404964,0.0015949237259492586,9.999999999999227e-06,1.1008298856050904,21.541517462650926,2.994161816968335,253.67006745529252,36.790164847401215,0.49825837942214624,0.4943716930670863,254.95229146937112,69.39290909158915,24.134898103235173
1586.5,非储层,0.5156836838683692,1.0280138790624616,98.45630243706917,79.21222227685706,20.78777772314293,80.33370872138005,0.8630254925511959,0.16396037263220323,0.0010280138790624274,1.1214864445229824,19.66629127861995,2.8293821070955216,232.2172171856783,36.478006411133805,0.4962234424356483,0.4916542214898104,237.97724445461486,69.1698385246713,22.926651976656782
1586.625,非储层,0.506198735284089,3.342614296493651,96.15118696822226,78.15844047457249,21.841559525427513,79.27966035526084,2.8061501973796075,0.5331214848175501,0.003342614296493636,1.1212198806883529,20.720339644739163,3.0116205811207926,257.8830439038437,36.24225947509286,0.4970331693015346,0.49170827516035037,253.50127538516853,70.0076994532109,23.09014583740656
1586.75,非储层,0.505478685425109,2.53690954010225,96.95761177447264,77.44208631500338,22.55791368499662,78.59238462391721,2.129754908952493,0.40461772160965465,0.002536909540102293,1.1502983089138372,21.407615376082788,2.922097700320304,252.3433430174661,36.022039120919075,0.4990064678585221,0.49286448746690953,256.2384411971944,69.18939744397333,22.995862524959982
1586.875,非储层,0.5044248832080019,2.378876709065947,97.11669840772605,78.8098513239215,21.19014867607849,79.95708226448346,1.9970851419171023,0.3794126904397788,0.00237887670906582,1.1472309405619532,20.04291773551654,3.0494673562603016,233.17620312319065,35.74601271931868,0.5039805065902573,0.49753254086036913,237.62269997138088,69.02260932115837,21.88261646364617
1587.0,非储层,0.508428330112932,4.021001624389653,95.47057004549741,78.70025825361195,21.299741746388044,79.82972069678254,3.375661533483236,0.6413190892820273,0.004021001624389658,1.1294624431705977,20.170279303217452,2.7899865751509223,250.22846161315405,35.68805183629727,0.5026145457337854,0.49622091678543195,255.19000361905285,67.89418921338944,22.05821297135178
1587.125,非储层,0.49469425499627623,3.964970026832848,95.54033571817088,79.57236334190844,20.42763665809155,80.67524622250058,3.328622579958608,0.6323824768474073,0.003964970026832607,1.102882880592122,19.324753777499424,2.8254488205901023,235.99673613487164,35.337593114064745,0.5059356554788927,0.4995262119673992,247.60703871394307,68.16379945072948,22.22090560834646
1587.25,非储层,0.4856274650851254,6.328685956334656,93.18568657858022,78.64188089713686,21.35811910286315,79.73076866818515,5.312980131794209,1.0093771385841128,0.006328685956335026,1.0888877710482996,20.26923133181485,2.8116969197031785,240.90888220949014,35.00585037278251,0.5092916568742332,0.5028329993024324,243.46576812786265,68.2247403120601,22.130827479789907
1587.375,非储层,0.4806458621268814,5.9729801586354885,93.54637397923763,79.7948967699719,20.205103230028097,80.89298901570798,5.014362401513557,0.9526447769632955,0.005972980158635427,1.0980922457360822,19.107010984292017,2.614346240469061,245.08727422632904,34.715841536728085,0.513197846211644,0.5066674674189497,256.3843118762568,68.26274428237554,21.86988665420035
1587.5,非储层,0.4946645854940797,7.162729011998548,92.34260640250737,78.98847166138351,21.01152833861648,80.10335150296024,6.013165638608266,1.1424006443782835,0.007162729011998478,1.1148798415767203,19.89664849703976,2.8148187049309805,236.82247438092398,34.27014870911638,0.5221465501076458,0.5153871558632065,245.23073996803905,68.18448820239216,22.06799991132598
1587.625,非储层,0.5048304579425151,8.787657465095078,90.7075120769624,78.24456329493083,21.755436705069176,79.36544511834929,7.377305468970302,1.40156433865968,0.008787657465095591,1.120881823418459,20.634554881650715,2.713308784677352,208.75456133869412,33.915551844166494,0.5295248893671842,0.5226018571204387,234.57413502567863,67.41934004311426,21.886922934320545
1587.75,非储层,0.5052980839314128,10.15816911471078,89.3365328013578,77.61803252198489,22.381967478015106,78.72055943427101,8.52786045227017,1.6201504933258983,0.010158169114710819,1.1025269122861214,21.27944056572899,2.5742942516570366,216.0543867287274,33.70290101506203,0.5333565298101337,0.5263544982849746,242.45382788791795,67.2126614545891,22.20821483632788
1587.875,非储层,0.5065369944345169,8.257978867402505,91.23548413816297,79.43460886369039,20.565391136309607,80.5388247001165,6.932636246134173,1.317084642400929,0.008257978867402295,1.1042158364261114,19.461175299883493,2.7164620688680245,220.25320311085082,33.65453484788401,0.5341945612192703,0.527175443306252,251.01089154311933,68.34566284152352,22.015659577374137
1588.0,非储层,0.5151231919570868,7.67293761431207,91.81193919373084,78.93563659030264,21.06436340969736,80.05452027649707,6.4414896518181415,1.2237750248796169,0.007672937614311426,1.1188836861944262,19.945479723502935,2.813968622548585,232.72017624044344,33.69349962528581,0.5358786403693312,0.5288641636430317,248.32754615840045,67.76563570155635,22.14099995670026
1588.125,非储层,0.5168225495019715,8.370746418440945,91.11243103205709,76.8945101658318,23.105489834168203,77.9826572337639,7.027305465354732,1.3350702066677713,0.00837074641844137,1.0881470679320981,22.017342766236105,2.697643485707687,229.94975098184042,34.081712353929895,0.533333704428862,0.5263757583181892,242.91115657362909,67.77297173493972,21.967545573259546
1588.25,非储层,0.523198370362286,5.969049076494681,93.50775255314304,75.47307678391468,24.526923216085315,76.55248871304991,5.011062228072394,0.9520177993457927,0.005969049076494891,1.0794119291352264,23.447511286950096,2.79132989659059,235.5879584337277,34.13815208357501,0.5397530525099761,0.5326147960434817,239.94025755529026,67.0922264443132,22.39287929536355
1588.375,非储层,0.5251831598883846,7.672970800814893,91.80184603929672,75.16244971999757,24.83755028000243,76.26660434605755,6.441517512140388,1.2237803178736903,0.0076729708008151445,1.1041546260599846,23.733395653942445,2.808227769384599,243.4723343766305,34.22397417906206,0.5435747641277442,0.5362969704833197,244.41925194573753,68.63400714105121,22.0577799970131
1588.5,非储层,0.5192179285213377,6.768698448860544,92.71208362261811,75.88150018308704,24.11849981691295,77.01385720958245,5.682373975423202,1.0795557749884814,0.006768698448860258,1.1323570264953957,22.986142790417553,2.9399745995949793,234.21302093217966,34.45268571718383,0.5396797815983309,0.5324077220619786,249.87719378020432,67.97501580065777,22.17850350216557
1588.625,非储层,0.5176118412778986,5.8959662297078825,93.58642192901422,77.0533351066467,22.946664893353308,78.18609910313855,4.949708620762402,0.9403616427157735,0.0058959662297077345,1.132763996491861,21.813900896861448,2.8171142816977452,248.07654231708432,34.45273435647877,0.5338079433462959,0.5266538899064853,249.5319902952522,67.79432366395672,21.878762846418873
1588.75,非储层,0.5173760128361929,5.941704732783903,93.5409192543799,78.96769956904488,21.032300430955118,80.07207034754667,4.98810644296081,0.947656585090309,0.005941704732784214,1.104370778501793,19.927929652453326,2.752576469551148,235.48742740175624,34.66739444049001,0.5265560409555721,0.5196230024947626,252.45043384803114,67.90526281858226,21.885183111058844
1588.875,非储层,0.5207101218457856,5.335878593489984,94.14341128466423,77.39186584974247,22.60813415025753,78.46923449668337,4.479510778142207,0.8510319367542871,0.005335878593489864,1.0773686469409038,21.53076550331663,2.8406656020971806,241.0824166265911,34.9992942653568,0.5178289451834283,0.5111987302865333,244.92431015722474,68.0648740789397,22.21101187037157
1589.0,非储层,0.5257969669501958,3.158060783016625,96.31614225003318,78.05865939877367,21.941340601226322,79.1542351537844,2.6512161151512426,0.5036866070823663,0.0031580607830164475,1.0955757550107215,20.845764846215598,3.07351272137014,232.59528606110436,34.98344350648894,0.514305005270292,0.5078142741795467,241.25294027017665,67.71873628932711,22.00549957482904
1589.125,非储层,0.5180834210245018,6.04750479833982,93.43441178063567,79.35215154986221,20.647848450137786,80.4593288189819,5.076926404974957,0.9645308885665227,0.006047504798339931,1.1071772691196862,19.540671181018098,2.6976149638175824,249.13821569637898,35.197610532689296,0.5072445204656117,0.5009661280301748,232.83570997339075,67.48688187465088,22.153338046206173
1589.25,非储层,0.5178314114916699,3.6043196369399344,95.8778489515684,81.5177782681672,18.482221731832794,82.60620469336037,3.025853826816899,0.5748614904860951,0.0036043196369400267,1.0884264251931683,17.393795306639625,2.9241088039811225,255.97722097021824,35.30473644921039,0.49701893671833575,0.49103008017955124,249.98348787643877,68.3078654868983,21.906317572752727
1589.375,非储层,0.522763764498738,4.1278932515595335,95.34934298394174,83.01080789331282,16.989192106687177,84.07277271988583,3.4653978697980885,0.6583674885098857,0.004127893251559475,1.0619648265730137,15.927227280114165,2.838608376851537,236.64199793820327,35.02800770616897,0.4972285019734226,0.4913123204879214,253.34811133826628,68.45947810993562,22.163913627524984
1589.5,非储层,0.5301703127062791,6.12571046553434,93.34411922175939,80.53462002144441,19.465379978555585,81.57387337701435,5.142580659091058,0.9770040959777472,0.006125710465534374,1.0392533555699306,18.42612662298565,2.7050211229636374,254.6640660578096,35.03525215752928,0.49364227639554153,0.4878894629144853,254.82644721805624,67.61759484696505,21.98394183162416
1589.625,非储层,0.5323477332048601,5.940533423577299,93.52711884321783,81.59685142126614,18.403148578733862,82.66035442693575,4.987123119947816,0.9474697702059054,0.005940533423577643,1.063503005669621,17.339645573064246,2.85931428817913,219.69193845535278,35.035155499855804,0.4943751102081364,0.4886649760511105,252.53521420663796,69.28991493801216,22.673329286740888
1589.75,非储层,0.5357826014918058,3.597895690847064,95.86632170766113,81.01921587052692,18.980784129473083,82.0710592946087,3.0204608750738955,0.5738369200823212,0.003597895690847161,1.051843424081785,17.928940705391295,3.0287263262603004,241.75893738639041,35.26439905411564,0.49470663979851337,0.4891048366448769,255.84148662258912,68.59825596224805,22.611492893671514
1589.875,非储层,0.526721087654297,1.66886996792589,97.80440894441982,80.50802276301464,19.49197723698536,81.54775038365622,1.4010290672210168,0.26617203073694734,0.0016688699679259355,1.0397276206415882,18.452249616343774,2.9445016912994024,269.40499471070336,35.83145786169568,0.4885237304680471,0.4838079142078766,247.93470249051052,68.10431292850079,22.608505263983176
1590.0,非储层,0.5355029109180396,0.009999999999998899,99.45449708908197,78.45715628606081,21.542843713939185,79.52630434361194,0.00839507627404964,0.0015949237259492586,9.999999999999227e-06,1.0691480575511318,20.47369565638806,3.1232437087368052,268.0604566217138,36.381125726198306,0.48248169820824766,0.4786724476564303,243.05288887280577,69.6060073303723,22.486504900437954
1590.125,非储层,0.5410231551381827,0.009999999999998899,99.44897684486182,79.5996194314324,20.4003805685676,80.68514609411645,0.00839507627404964,0.0015949237259492586,9.999999999999227e-06,1.085526662684047,19.314853905883556,3.05305171390712,243.93002597979236,36.55866668760243,0.47930194129339865,0.4755849287195424,252.82738689535663,69.49946103334912,21.96324804242419
1590.25,非储层,0.5365101045299165,1.674031007312593,97.78945888815748,81.42107509373511,18.57892490626488,82.52173403011405,1.405361799151492,0.26699517715378857,0.001674031007312506,1.1006589363789252,17.478265969885953,2.740017334653816,243.7037314582717,36.70264377436,0.4740397437753304,0.470902611423485,253.64182393635576,70.04901128881062,22.16548807107714
1590.375,非储层,0.5351419551115092,0.09122280917286396,99.37363523571562,82.1657593142932,17.834240685706803,83.29822454114267,0.07658224409393526,0.014549342269755842,9.122280917286854e-05,1.13246522684948,16.701775458857327,2.8522278181048097,263.2739833720227,36.57227199710501,0.46934220781631447,0.46557091605237877,253.09843744330027,69.35627704660989,21.971625560303938
1590.5,非储层,0.532744087637191,1.37442077658132,98.09283513578148,83.6697885966733,16.3302114033267,84.81179004106552,1.1538367252039992,0.21920963060073936,0.001374420776581323,1.1420014443922137,15.188209958934484,2.933715627381875,248.76563575983673,36.46503124624538,0.4684478535253516,0.46398772998555965,260.88923574587557,70.06558150522446,22.10555899845787
1590.625,非储层,0.543626964713752,1.1461539251880315,98.31021911009822,81.91845694416246,18.081543055837546,83.06926326249129,0.962204962375597,0.18280280888724643,0.0011461539251879631,1.1508063183288315,16.93073673750871,3.0517175199011386,240.0085013189571,36.39544292391297,0.4673514087569913,0.4628536454406957,244.79961936449297,70.288532367779,21.922711495870367
1590.75,非储层,0.5427042309409191,2.4086395940975724,97.04865617496151,82.90105432506405,17.09894567493595,84.01837016211333,2.0220713109147312,0.3841596435887433,0.0024086395940977473,1.1173158370492782,15.981629837886668,2.8789930159979176,251.15325409134772,36.191024747773255,0.47083756808087607,0.46565171831984215,241.20311063514646,71.02908027938874,22.407238652011888
1590.875,非储层,0.5557609140794809,2.285335207002226,97.1589038789183,82.32945679739456,17.670543202605437,83.46428513577578,1.9185563374556827,0.3644935343395412,0.002285335207002177,1.1348283383812263,16.535714864224214,2.8924918303262537,235.68349697338923,36.13077438723326,0.4729462727904923,0.46772229692212397,243.0584870772864,69.23001927929786,22.541328235995167
1591.0,非储层,0.5673503021084697,2.0097337379250124,97.42291595996652,82.77237469734132,17.227625302658677,83.87809189455058,1.6871868020413228,0.3205372021457644,0.0020097337379251443,1.1057171972092499,16.12190810544942,2.9649416482605395,264.8459032022294,36.20605115777772,0.47150890016567243,0.466726863600163,253.1228118244872,69.3411993507485,22.58006436244468
1591.125,非储层,0.5579147943146419,0.32361263619800074,99.11847256948735,81.8684430729821,18.1315569270179,82.95031169632979,0.27167527641287936,0.05161374714892341,0.0003236126361979793,1.081868623347697,17.04968830367021,2.8973139041907556,248.76950273135313,36.42798104955582,0.4701204563853972,0.466251411408904,243.81023279707387,69.62359056909713,22.544284149269146
1591.25,非储层,0.569941601963898,0.009999999999998899,99.4200583980361,80.87177305136542,19.128226948634573,81.92762661441367,0.00839507627404964,0.0015949237259492586,9.999999999999227e-06,1.0558535630482515,18.072373385586328,3.0134575761460636,243.17040461345184,36.63869371984134,0.46860987441316,0.46567593077426234,257.66461258158284,70.5855243691449,22.21813464755302
1591.375,非储层,0.5782620174970903,0.009999999999998899,99.41173798250291,80.50093576130632,19.499064238693677,81.56091118124358,0.00839507627404964,0.0015949237259492586,9.999999999999227e-06,1.0599754199372697,18.43908881875641,2.896603211302632,254.34686642294602,36.82471652969411,0.4689867587639332,0.46690767127627236,238.7940738049898,69.9609647326252,21.98456344819356
1591.5,非储层,0.592657598759263,0.009999999999998899,99.39734240124073,79.86920306885548,20.130796931144523,80.92360414879597,0.00839507627404964,0.0015949237259492586,9.999999999999227e-06,1.0544010799404984,19.07639585120402,3.0321515872808846,253.48563606253217,36.85449400674749,0.4724581749154303,0.47074518622475725,257.64967228784633,69.74086251973077,22.119291170469687
1591.625,非储层,0.5905360787814258,0.009999999999998899,99.39946392121858,78.7749016954053,21.22509830459469,79.82007892405503,0.00839507627404964,0.0015949237259492586,9.999999999999227e-06,1.0451772286497218,20.179921075944975,2.9088864050456187,268.44471100736473,36.62974853587285,0.4780137704787142,0.4754009125959886,258.0474765347597,69.28315981247226,21.893470228718215
1591.75,非储层,0.606199841297141,2.423746236923452,96.97005392177941,80.03813733928074,19.961862660719266,81.10021556730258,2.0347534527915414,0.3865690378949872,0.0024237462369233916,1.0620782280218475,18.89978443269742,2.8481542675736935,262.8646215161185,36.381350666413475,0.48450413959884264,0.480896020197382,236.12471516684772,68.37770051647857,22.03366022542717
1591.875,非储层,0.5911960794930328,2.69805306420674,96.71075085630024,79.32776315290305,20.672236847096947,80.41525196295676,2.265036126545143,0.43031888459739026,0.002698053064206698,1.087488810053708,19.58474803704324,2.861157793922571,250.65336544972672,36.375664727728584,0.48239519540451825,0.4787695935211138,246.51174581400272,69.40327192707694,22.05601302717165
1592.0,非储层,0.6075360204170109,0.045889419384670393,99.34657456019832,81.41286830875019,18.5871316912498,82.49633612963304,0.03852451759062025,0.007319012374665469,4.588941938467225e-05,1.0834678208828303,17.50366387036697,2.694945946625954,263.9007824615433,36.37344421148957,0.47938079094767705,0.4757519744185544,248.64169382788444,69.02632993039623,21.990436765838517
1592.125,非储层,0.5955158481656837,0.009999999999998899,99.39448415183432,80.81970398614453,19.180296013855468,81.92808313736995,0.00839507627404964,0.0015949237259492586,9.999999999999227e-06,1.108379151225427,18.071916862630044,2.736579734416863,249.6931602812321,36.597564835450484,0.47398236773929686,0.47119411510692427,239.77756202288987,69.16916931954532,22.23693501266252
1592.25,非储层,0.5810414699489315,0.009999999999998899,99.40895853005107,80.7477827390306,19.252217260969406,81.85766091162517,0.00839507627404964,0.0015949237259492586,9.999999999999227e-06,1.109878172594579,18.142339088374825,2.7439244274501897,270.47153230540147,36.84401699067874,0.4642685441375395,0.46249678887500684,258.02553985569375,71.10148023295824,22.016165376425008
1592.375,非储层,0.5762117873168892,0.009999999999998899,99.4137882126831,82.79893945972695,17.20106054027305,83.90065576380361,0.00839507627404964,0.0015949237259492586,9.999999999999227e-06,1.1017163040766575,16.099344236196387,3.1446674279765556,255.4109262426055,36.71888838084011,0.46194467038251324,0.45952523977820753,238.1844301051983,70.10133835998636,22.00159223363898
1592.5,非储层,0.5592538710264675,1.3967441401125935,98.04400198886094,85.14667152349743,14.85332847650257,86.22715325836371,1.1725773591578392,0.2227700368146416,0.0013967441401126733,1.080481734866288,13.772846741636279,2.7882069356744146,240.7951432364935,36.70689893859003,0.4590932064691353,0.4566039621537338,258.63053507941197,70.58795533967866,22.00400866196342
1592.625,非储层,0.5689585158848608,0.13524985839250547,99.29579162572263,83.2222864299865,16.777713570013496,84.27093237980925,0.11354328772596216,0.02157132080815082,0.00013524985839250242,1.0486459498227438,15.72906762019075,3.049323966809103,255.42219072861977,36.5747510799119,0.46081378803792405,0.45767699977371024,236.8608641405005,69.265503250683,22.082874182660007
1592.75,非储层,0.5765582269232039,1.4341883408369949,97.98925343223979,81.59812207971775,18.40187792028224,82.63384955635831,1.2040120512680603,0.2287421012280977,0.0014341883408369206,1.0357274766405604,17.366150443641683,3.049306795484809,235.11153912637403,36.575445147514536,0.4612185214384089,0.45811894442906115,247.3547171851559,70.376283463043,21.954066653821258
1592.875,非储层,0.5699885730539117,0.009999999999998899,99.42001142694609,82.51212347477788,17.487876525222124,83.56991004261643,0.00839507627404964,0.0015949237259492586,9.999999999999227e-06,1.0577865678385505,16.430089957383576,2.962529336013146,252.2513280497688,36.70632408718309,0.46470976483287374,0.4622795165964049,244.03538381107276,70.58597625214324,22.002329891404884
1593.0,非储层,0.5818054817904633,0.009999999999998899,99.40819451820954,80.53010022103352,19.469899778966482,81.58444052015604,0.00839507627404964,0.0015949237259492586,9.999999999999227e-06,1.0543402991225295,18.415559479843957,2.8517313561875457,243.28999962999717,36.62109997780264,0.4674763660508785,0.46449216292379525,258.83472714498043,69.24133842415853,21.97275507238617
1593.125,非储层,0.5828222448712228,1.0528523321243988,98.36432542300437,82.55995932491145,17.440040675088554,83.64263639534879,0.8838775633496345,0.16792191644263973,0.0010528523321244728,1.0826770704373412,16.35736360465121,2.9220388715635814,239.99784538325173,36.72550544197666,0.4653363106411666,0.462720852601778,249.85120567771705,70.91977751770649,21.899487376240614
1593.25,非储层,0.5697981704853129,0.3087669007843741,99.12143492873031,81.71079250773283,18.289207492267167,82.77321498909618,0.2592121682987024,0.049245965584887315,0.0003087669007843731,1.062422481363343,17.22678501090382,2.7417805859551185,247.0701304992154,36.43664099126697,0.4689574502118137,0.4654252128395118,241.50876805760706,68.2604298918349,21.908089112496047
1593.375,非储层,0.5848763666653989,3.111474569446071,96.30364906388853,83.6213763607067,16.3786236392933,84.702625552017,2.612106633526841,0.49625646134978396,0.0031114745694458927,1.0812491913102995,15.297374447983003,3.033670386487024,237.7363221583283,36.06592038690193,0.4730923470674671,0.46856585265400846,244.20228242149014,69.17371227510019,21.99101797577287
1593.5,非储层,0.5940555128118306,3.9935171966563265,95.41242729053184,82.12241272924427,17.877587270755726,83.2202952940314,3.3525881467662457,0.6369355326934248,0.003993517196655954,1.0978825647871182,16.7797047059686,2.936429311933017,253.68030908219185,35.679088245568984,0.47795175696998826,0.47309119641773767,256.23097800940525,69.49060461790434,22.106475200529264
1593.625,非储层,0.583205694728994,5.22910713717073,94.18768716810028,83.11805740111245,16.881942598887544,84.20465989494774,4.389875326173047,0.8340027038605119,0.005229107137171007,1.0866024938352878,15.795340105052258,3.033934838118507,232.63562924975923,35.46668397255169,0.4825949924250912,0.47711768929920667,255.25348675670256,68.88032778195472,21.988380266037
1593.75,非储层,0.5768790741593129,2.606649771650993,96.8164711541897,80.99790816628001,19.00209183371999,82.09894628592119,2.188302365274658,0.41574075660468435,0.002606649771650857,1.1010381196411725,17.90105371407882,2.9700338089837985,247.91530942421718,35.39413416676292,0.4908354133386097,0.48512403492096157,240.2110234971661,68.96741041532528,22.186631975202356
1593.875,非储层,0.5923452435785499,3.938014768994602,95.46963998742685,78.78260684498107,21.217393155018925,79.86910361949094,3.3059934354047305,0.6280833188208771,0.003938014768994566,1.0864967745098728,20.130896380509057,2.92681212660451,238.59309175479174,35.66574184630558,0.4929633695259643,0.48744240043024106,251.726706502748,70.24613611559215,22.064752013939408
1594.0,非储层,0.6003167202457118,1.0945355249985522,98.30514775475574,77.97842075415168,22.021579245848322,79.04392299203195,0.9188709217020826,0.1745700677714711,0.0010945355249984863,1.0655022378802632,20.956077007968055,2.9086795621550694,231.14229361655072,35.8270687824852,0.5008405725158287,0.4951638005733509,236.00285122488566,69.7082220632769,21.953647694606808
1594.125,非储层,0.6061521856926828,3.53555923164246,95.85828858266485,76.50329357668168,23.496706423318315,77.57403519055568,2.9681289421062065,0.5638947303046111,0.0035355592316425877,1.070741613873994,22.42596480944432,3.02888562655798,255.9826760343252,35.5135192542263,0.515795623033095,0.5097608449490995,252.24943147030072,68.34941523446696,21.852638216636127
1594.25,非储层,0.6181188687949539,6.0333215969482605,93.34855953425678,74.73843345122398,25.261566548776017,75.79872006315505,5.065019499225721,0.962268776125591,0.00603332159694811,1.0602866119310603,24.201279936844955,2.890788685095357,245.18729188560388,35.15928572221949,0.5295152069779914,0.5231525770382389,249.92400239430768,69.18976306861326,22.084325096684832
1594.375,非储层,0.6147756632769921,7.80188229014006,91.58334204658296,74.04162320841165,25.958376791588343,75.11096425552924,6.5497396906890115,1.2443407171609089,0.007801882290140068,1.0693410471175766,24.889035744470767,2.720603195875146,236.05192806064986,34.723432715149855,0.5424087425689196,0.5355290902720354,258.3555589216335,69.25580581228562,21.816197182954557
1594.5,非储层,0.5985158648909928,5.843196476226165,93.55828765888285,74.40906193871378,25.590938061286217,75.45763009385821,4.905408010218214,0.9319452695317239,0.005843196476226255,1.048568155144428,24.542369906141793,2.890616914291997,231.4329399936864,34.59207241960655,0.5478420605234621,0.5408736207674929,232.26913484234643,68.07620341362633,22.077571707484527
1594.625,非储层,0.6078015357306573,4.974892183712598,94.41730628055674,74.54249175598224,25.457508244017756,75.57060087615662,4.176459933744524,0.7934573577843613,0.00497489218371297,1.0281091201743828,24.429399123843375,2.7320345920476092,230.2660825716995,34.56211738953224,0.5463436639612098,0.539435788512681,247.70777269266895,67.75509582160021,21.973812750826976
1594.75,非储层,0.6099932507936302,6.350601186108307,93.03940556309807,75.85381531026827,24.146184689731733,76.90155694581685,5.331378134345523,1.0128724505766757,0.006350601186108293,1.0477416355485865,23.09844305418315,2.8604442809902224,240.1111375491195,34.89858487891939,0.5408940176809258,0.5341434262242905,243.81957403182147,68.03568978719031,22.152561973604172
1594.875,非储层,0.5993856911104289,4.173150006873961,95.2274643020156,74.0357911028139,25.964208897186104,75.08981467227868,3.5033912610761537,0.6655855957909323,0.00417315000687396,1.054023569464784,24.910185327721322,2.825151557263633,252.08931837683534,34.91442315445004,0.541136033437369,0.5343883151627111,243.44118803241693,68.56211449846836,22.053471249183563
1595.0,非储层,0.5971643622756854,5.675504713412238,93.72733092431208,74.13504030405987,25.864959695940126,75.17750282983864,4.764629496282923,0.9051997124159022,0.0056755047134121606,1.0424625257787676,24.822497170161363,2.7969486855514276,234.11874854548125,35.05616265331973,0.5367901515838167,0.530138792610661,255.54315283358366,66.45786767476098,22.149017810652754
1595.125,非储层,0.6131530952254395,3.426913841365342,95.95993306340922,75.76181231734928,24.238187682650715,76.81377511137924,2.876920308286167,0.5465666192378099,0.00342691384136529,1.0519627940299638,23.186224888620753,2.870364906958128,215.65624164466516,35.223219253973596,0.5318805591146617,0.5253649710763973,242.4904692975203,69.7529092861991,22.08007578261596
1595.25,非储层,0.631144420700388,4.518033897983898,94.85082168131571,77.20408592156693,22.795914078433064,78.25478435688412,3.7929239182320815,0.7205919458538323,0.004518033897983609,1.050698435317176,21.74521564311589,2.834314412502411,248.06040868222553,35.06581387462299,0.5272195447989159,0.5208445702315538,246.14783435186533,69.25284091999943,21.822898854528724
1595.375,非储层,0.6225197114803444,5.819231029653549,93.55824925886611,78.1810567686197,21.818943231380306,79.2286715296624,4.885288835026335,0.9281229635975601,0.005819231029653704,1.04761476104271,20.77132847033759,2.729199438361549,235.5320585251997,34.96983665504519,0.5182563314384718,0.5120721049297858,244.0470961289689,68.36900236919959,22.0945390026224
1595.5,非储层,0.6108888460865187,6.64227767504123,92.74683347887225,80.33038102980125,19.669618970198755,81.40799011729922,5.576242771539438,1.0593926258267505,0.0066422776750414,1.077609087497972,18.59200988270078,2.6951222487095876,234.98584247764325,34.89791352144785,0.5127166286477005,0.5066313497104492,241.9367441109816,68.06150030155096,22.003607224717268
1595.625,非储层,0.5936317997335816,4.1753856926779465,95.23098250758846,79.85308210123969,20.146917898760307,80.9206086312708,3.5052681363610816,0.6659421706241869,0.004175385692677808,1.0675265300311039,19.079391368729205,2.6923783386147897,244.40083931232826,35.014003370625716,0.5040741700168091,0.4981539946622241,246.14971184919497,68.64717939694994,21.92527535599328
1595.75,非储层,0.5933727205259627,3.2417251128761704,96.16490216659787,81.65175584164894,18.34824415835107,82.7439214998588,2.721452958210063,0.5170304295532312,0.0032417251128762613,1.0921656582098669,17.256078500141204,3.0201337448461265,233.10716838371317,35.095893501078066,0.4991520343789432,0.4933124831329916,242.4929397339098,68.43423680204009,22.13167523376741
1595.875,非储层,0.584385284942149,4.934893203462232,94.48072151159562,80.51390704899781,19.4860929510022,81.58199540973295,4.142880484735918,0.7870778255228522,0.004934893203461903,1.0680883607351488,18.418004590267046,2.837005346501116,246.83884841657664,35.4487269578262,0.49076797686709545,0.4851951230755189,248.6451773227174,67.59867682614075,21.92554856161952
1596.0,非储层,0.6012882754954891,2.812806256573752,96.58590546793076,82.48497927777343,17.51502072222656,83.54960487438788,2.3613723068063295,0.44862114351084886,0.002812806256573871,1.064625596614444,16.450395125612115,2.786185182020433,238.72005675695434,35.32528586088098,0.48825386052263153,0.4827592807406462,245.7090958784452,69.96065439929446,22.085866602442717
1596.125,非储层,0.6002185563798299,5.477105666456506,93.92267577716366,82.72225145966017,17.277748540339832,83.77666058058175,4.598071983093692,0.8735565776963569,0.005477105666456573,1.054409120921581,16.22333941941825,2.6283215576783947,232.93513722918794,34.97053366330083,0.4952414666217009,0.48958144891884037,244.2257689794188,69.06964591027524,21.993615944923075
1596.25,非储层,0.5843855300332047,7.094558130599083,92.32105633936771,80.48731656939033,19.512683430609666,81.55543837707317,5.955935663706489,1.1315279087619943,0.007094558130598706,1.0681218076828405,18.444561622926827,2.7648849570172325,243.06212656003527,34.77357477868625,0.49523527588412675,0.4895406545437021,246.13771358622017,68.04652984562435,22.020085782077622
1596.375,非储层,0.5849875423307851,7.0448087732483895,92.37020368442083,82.43820994302358,17.561790056976424,83.53407586004764,5.914170698752083,1.1235932657230585,0.007044808773248347,1.095865917024058,16.46592413995237,2.729779401329191,236.46800335679188,34.509826236362635,0.5012584913967196,0.4953470967007529,247.28587337839437,66.93750521428522,21.834341060610438
1596.5,非储层,0.5951945092386915,5.682965649675797,93.72183984108551,80.99623194740495,19.00376805259505,82.07524104694922,4.770893009183765,0.906389674842357,0.005682965649675929,1.0790090995442712,17.92475895305078,2.896309602279434,243.36810783606956,34.74344827232502,0.5038396189636393,0.4978711008884539,241.17089901141387,68.93056205123392,22.010161060511628
1596.625,非储层,0.6028816731488376,2.9891323329224173,96.40798599392875,78.75716992741644,21.242830072583562,79.82935129961218,2.5093993928114404,0.47674380777805464,0.002989132332922341,1.0721813721957436,20.170648700387815,2.660524640409549,244.72575108560335,35.097547654786716,0.5005751805608335,0.4947562002437203,243.09606279062803,68.0729416736518,21.831633689226937
1596.75,非储层,0.6183317910596375,3.2575563662208262,96.12411184271954,79.18400095118554,20.81599904881446,80.23112378267172,2.7347434161442834,0.519555393710322,0.003257556366220715,1.0471228314861771,19.76887621732828,3.0865908471756973,261.67703777303035,35.654344610731194,0.4937988768358936,0.4884939579590858,253.44854465752806,68.56084977458187,22.126372775844796
1596.875,非储层,0.6101267420863477,1.0188986384823018,98.37097461943135,81.42640096796532,18.573599032034682,82.4477170157214,0.8553731785585196,0.16250656128529983,0.001018898638482338,1.0213160477560745,17.552282984278612,2.943414636794796,241.9502097390294,36.10250783505874,0.4889398345178251,0.4841162124947537,240.0063312467882,69.14528095443055,21.821728531728755
1597.0,非储层,0.6274078053936676,0.8304668456968534,98.54212534890948,79.67195485627691,20.328045143723084,80.71881455544069,0.6971832512695265,0.13245312758162991,0.0008304668456969025,1.0468596991637678,19.281185444559313,2.950897198184572,245.543003436105,36.372963383323494,0.48346107215979955,0.47963938551150853,249.49096107602455,69.87553281582166,21.860920336931944
1597.125,非储层,0.625524649825234,0.04888369928918168,99.32559165088558,78.98537378475352,21.01462621524648,80.02678371746799,0.041038238409043165,0.007796577180849335,4.888369928918103e-05,1.041409932714476,19.973216282532004,3.1350238691647996,259.1275927724728,36.60575374877903,0.47795082437462505,0.4745755150552817,233.9948540562513,68.14704625242122,22.12654777766653
1597.25,非储层,0.6384656391268765,0.7157358862341368,98.645798474639,80.32585521960843,19.67414478039158,81.38794129666425,0.6008657357010757,0.11415441464682698,0.0007157358862341142,1.062086077055826,18.612058703335755,2.854454383999645,252.3032883730782,36.62707854393861,0.4776081970276422,0.4742722581948222,251.9615268417202,70.01287580576039,21.863386271681815
1597.375,非储层,0.6431061639793926,0.7662757424658939,98.59061809355471,81.34085769002564,18.659142309974364,82.42312976887625,0.6432943304955908,0.12221513622783725,0.0007662757424658877,1.082272078850624,17.576870231123742,2.975630606983681,255.58251586321975,36.697807599538876,0.47084768856311165,0.4683005796260813,254.41439021978982,69.72402382934641,21.917411289946468
1597.5,非储层,0.657542308221195,0.009999999999998899,99.33245769177881,82.95891082986971,17.041089170130284,84.03781017247697,0.00839507627404964,0.0015949237259492586,9.999999999999227e-06,1.0788993426072524,15.962189827523032,2.9678880212625733,251.6490080186694,36.55635543871456,0.4650793180068459,0.4619877947393677,248.6333867460525,70.41191079281174,22.200378114447243
1597.625,非储层,0.6383078435547178,1.5040863531954884,97.8576058032498,85.18557394588312,14.81442605411688,86.2333213226108,1.2626919657834685,0.2398903010588245,0.0015040863531954728,1.0477473767276873,13.766678677389187,2.9709557270947657,254.97462214466182,36.362046919639226,0.46228982418296405,0.45901575508965636,241.02959551768174,68.97747446408289,22.26415525439147
1597.75,非储层,0.620205145942571,2.7859093473151186,96.59388550674231,84.49344233778432,15.50655766221568,85.5110029143503,2.3387921463300847,0.44433129163771856,0.00278590934731527,1.0175605765659843,14.488997085649702,2.8040777281178073,242.82587211802314,36.084144098484394,0.46500468260012645,0.46139834182990463,242.11300166515537,68.4914049851002,22.12105979602901
1597.875,非储层,0.6174768185723848,3.776959079637543,95.60556410179008,82.46256720669113,17.53743279330886,83.49757492629247,3.1707859557524998,0.6023961648054056,0.0037769590796377095,1.0350077196013379,16.502425073707528,2.9148337077197626,258.5216652838438,35.75658306892335,0.4715468198221756,0.46691245966788675,236.832249402625,69.28039292728943,21.931649138748774
1598.0,非储层,0.6225187570184425,3.580780270029482,95.79670097295208,82.54148723674803,17.458512763251978,83.56261053752162,3.0060923487512885,0.5711071410081643,0.00358078027002948,1.0211233007735938,16.43738946247838,2.895332858834212,250.22118819521526,35.74472573860243,0.4753583967003872,0.47060986107241215,236.0218747467952,68.15977864892007,22.087747300639112
1598.125,非储层,0.632705484986856,1.664266097925171,97.70302841708798,82.54365448940099,17.456345510599004,83.58767000964544,1.397164083239832,0.265437748587414,0.0016642660979252107,1.0440155202444357,16.412329990354568,3.0908360929262773,256.97188219907247,36.00419947565968,0.4759785676017665,0.47210482282304833,249.5200420822741,69.55437066201117,22.075649652235114
1598.25,非储层,0.6374097028073977,0.009999999999998899,99.3525902971926,80.55608417074804,19.443915829251967,81.57143057109934,0.00839507627404964,0.0015949237259492586,9.999999999999227e-06,1.015346400351308,18.428569428900655,2.8059215640324595,235.27888936778854,36.200000795054784,0.4732202141091327,0.46960235697100394,230.72540384517166,70.47444398660929,22.070217637470307
1598.375,非储层,0.626378126880605,1.6553678112954162,97.71825406182398,82.37856303782549,17.621436962174506,83.36616304552801,1.3896939037433163,0.2640185397408045,0.0016553678112954124,0.9876000077025203,16.63383695447199,2.6880907635130225,248.059235170329,36.2558334826529,0.4712769466100182,0.4677381467286512,255.76486765926583,70.04284906045287,22.08921225961368
1598.5,非储层,0.6142341013151276,2.974830232567982,96.4109356661169,83.35070052287614,16.649299477123858,84.35808724650607,2.4973926704759792,0.47446273185943477,0.0029748302325680563,1.0073867236299325,15.641912753493925,2.9870571841550193,254.52265413402267,36.167797472241965,0.47069865563570157,0.4670941303860939,245.4324756595392,69.14014211473109,21.85840540748439
1598.625,非储层,0.597355029365091,2.6271778636824172,96.77546710695249,83.91759002683563,16.08240997316438,84.94351215539857,2.205535855111111,0.4190148307076235,0.002627177863682474,1.0259221285629414,15.05648784460144,2.9683991579725655,227.875026900592,36.0522840585301,0.47028384929361783,0.4658590499936971,254.4948405325657,68.81093463779868,22.018474058377702
1598.75,非储层,0.5864287342994191,1.2701688367006692,98.14340242899992,82.81983443752725,17.180165562472748,83.87369758063534,1.0663164265024194,0.20258224136154895,0.0012701688367007438,1.0538631431080863,16.126302419364656,2.7070152498374136,242.26928061996114,36.01818612159455,0.4730900737882652,0.468437876367196,260.4052832192757,69.95121396253595,22.032664462401026
1598.875,非储层,0.5880906317961739,2.0650594827827162,97.34684988542111,80.8293867351072,19.17061326489279,81.8794666586474,1.7336331868412314,0.32936123645870213,0.0020650594827826847,1.0500799235401925,18.120533341352598,2.7507682864042073,252.57243484516263,36.2914622549427,0.4697263159394038,0.4658581844863629,248.81735577489678,69.01498524608462,21.949886455542014
1599.0,非储层,0.5980777040004137,0.042553458476990436,99.3593688375226,82.23312427761294,17.766875722387056,83.29252294146256,0.03572395296389783,0.006786952054615611,4.255345847699213e-05,1.0593986638496244,16.707477058537435,2.864489139902493,257.9215881163126,36.38820076242372,0.4738285076463423,0.4698580084273105,252.55002497532686,70.09845776062217,22.236486318231393
1599.125,非储层,0.5843286102163027,1.627638480648974,97.78803290913473,80.06970901051365,19.930290989486355,81.14183430646557,1.3664149191627915,0.2595959230055338,0.0016276384806489588,1.0721252959519205,18.858165693534435,2.8622013410830176,257.88255576843426,36.41185988891095,0.4779110007823396,0.4738524441544645,258.3929165886608,69.35622816345091,22.546556181895784
1599.25,非储层,0.574938961604679,1.0517682424764696,98.37329279591886,79.74081372284927,20.259186277150732,80.80446634634399,0.8829674618214073,0.16774901241258589,0.0010517682424764302,1.0636526234947203,19.195533653656017,2.894798109655931,243.29691438200175,36.32525877288942,0.4807388618292252,0.47657393932428394,250.22786926156456,69.82452338125162,23.41643609246962
1599.375,非储层,0.5803567468160445,3.016422099838234,96.40322115334573,79.80730336469644,20.192696635303562,80.84559653070265,2.5323093602873747,0.4810963174510212,0.0030164220998382847,1.0382931660062207,19.154403469297343,2.955484870326883,246.9003485560697,36.170724852297994,0.4906823945728375,0.4855332944660564,253.09864906413904,69.9480131899727,23.308077638276337
1599.5,非储层,0.5630117072538213,1.7791045720857768,97.6578837206604,77.78169933607572,22.218300663924285,78.83746418647121,1.493571858217219,0.2837536092964721,0.0017791045720857296,1.055764850395491,21.162535813528795,2.6211112214029018,251.15605338827297,36.3224603128671,0.4890370263686839,0.4846090780853937,257.95303039536645,70.53468615473865,23.97517677829219
1599.625,非储层,0.5646807301132785,0.009999999999998899,99.42531926988673,79.00915993203925,20.990840067960747,80.09099502253892,0.00839507627404964,0.0015949237259492586,9.999999999999227e-06,1.0818350904996605,19.909004977461088,3.052504912796951,247.29863656223847,36.42007716504172,0.48738447733117507,0.4835612823264125,235.00207740753038,68.22233047395248,23.329435369977208
1599.75,非储层,0.5603077177534415,0.009999999999998899,99.42969228224656,79.27737108200638,20.722628917993614,80.37133004976339,0.00839507627404964,0.0015949237259492586,9.999999999999227e-06,1.093958967757001,19.62866995023661,3.052650212979614,251.10313425547753,36.70137343969745,0.4843569352636968,0.4812283230552282,252.4538521731118,70.56160574612854,23.99111920279428
1599.875,非储层,0.5454993763062378,0.009999999999998899,99.44450062369377,78.40396245556616,21.596037544433845,79.52980114921726,0.00839507627404964,0.0015949237259492586,9.999999999999227e-06,1.1258386936511073,20.47019885078274,3.0766306290993666,267.13613242166457,36.86630189858674,0.48059087037595166,0.4781035951053366,240.68270700934013,69.24387660671651,23.97240444716453
1600.0,非储层,0.5362684067545953,0.009999999999998899,99.45373159324541,77.98896974108986,22.011030258910136,79.13223892145726,0.00839507627404964,0.0015949237259492586,9.999999999999227e-06,1.1432691803673865,20.867761078542745,2.964939765540303,249.10732454492413,36.867268048400845,0.4792540774982397,0.47666718261332347,245.3539660711728,69.26994392917516,23.259019628418564
1600.125,非储层,0.5345050742139529,0.009999999999998899,99.45549492578604,79.94939381283822,20.05060618716178,81.08722513042066,0.00839507627404964,0.0015949237259492586,9.999999999999227e-06,1.1378313175824355,18.91277486957934,2.9965818638716253,250.2335794732961,36.70490033613505,0.48055558805739323,0.47711215967491494,249.54726258363414,69.48796071620879,23.349168571892996
1600.25,非储层,0.5255775200383634,1.7746601459817102,97.69976233397992,80.71779557602726,19.28220442397275,81.86450351782526,1.489840728603417,0.28304475723231165,0.0017746601459816321,1.1467079417980026,18.13549648217475,2.49907281325074,229.60612057262557,31.354837580344675,1.2564155167261946,0.6184825267352835,215.66021542022685,66.0529339303854,22.046293026524864
1600.375,油层,11.453175969694017,49.53664481529032,39.01017921501566,25.44081821867558,74.55918178132441,89.06196817716673,38.90003542670703,6.418846431607133,4.2177629569761566,63.62114995849115,10.93803182283326,2.410837704745872,206.26796718312596,26.027196501793327,2.0526027697820677,0.7598521151664985,185.50518569763435,61.08041786050623,22.08456398065587
1600.5,油层,11.184744928461992,49.5804278807792,39.234827190758814,24.775321340583954,75.22467865941604,88.58939285981921,38.93441730309284,6.424519742238606,4.2214908354477485,63.81407151923526,11.410607140180783,2.251129808187229,190.8345740202588,20.830370013946204,2.8427460006390937,0.8994133638320425,161.989354634145,57.13723875490804,22.077866817754206
1600.625,油层,11.507401325906834,48.17730236137637,40.315296312716804,24.30950797109955,75.69049202890045,87.58624086163181,37.83257375643343,6.242705909935298,4.102022695007634,63.27673289053226,12.413759138368196,2.0659236359419544,163.38527039635963,15.739724622047016,3.6367148857405924,1.0441298695322438,140.72171553482457,53.444655311950996,21.9083422603161
1600.75,油层,11.5353084409665,48.90887670722155,39.55581485181195,24.59666361793443,75.40333638206558,86.98942148871924,38.407062966931264,6.337501659562535,4.164312080727749,62.39275787078481,13.010578511280757,1.8769869584598293,177.084256856942,15.890351125566973,3.621527581452546,1.046675522485112,136.81813365621844,51.16447502744308,22.397189495889663
1600.875,油层,11.204050674934454,48.716430039927964,40.079519285137586,25.246203912944893,74.75379608705511,86.14858052680748,38.255938840471224,6.312564855541226,4.147926343915513,60.902376613862586,13.851419473192529,2.077306042792652,150.380058448365,16.005820177473943,3.595651368859087,1.0467750417582748,138.4866256508963,50.848664546532646,22.304944000349494
1601.0,油层,11.246928809149908,48.6880291510074,40.065042039842695,24.959830797747028,75.04016920225297,86.74441233391967,38.233636248334044,6.30888473257,4.145508170103359,61.78458153617263,13.255587666080338,2.004284158393735,185.27973069501505,16.131198265889992,3.567411861912801,1.049795313920078,147.10979452781712,51.722234082003915,22.20200999862226
1601.125,油层,11.332621951742654,47.503910790021706,41.16346725823565,24.604749734984072,75.39525026501592,85.00287674389897,37.30377419644271,6.155449352673874,4.044687240905116,60.398127008914905,14.99712325610103,2.12676877143731,172.8994104679466,16.34258768694345,3.5408754465175485,1.0466568214982623,155.23052071538513,52.858706052236336,22.40108716761796
1601.25,油层,11.056375303210302,47.481392488673215,41.462232208116475,24.26479742409734,75.73520257590266,84.45516427379232,37.28609107067851,6.152531482099564,4.0427699358951426,60.19036684969499,15.544835726207673,2.2308418898243003,186.45356859503372,16.517234794043134,3.554806301595994,1.0382217950312418,139.81441874594992,52.76375468743652,22.10720301690024
1601.375,油层,11.188425388697928,47.00109860294237,41.8104760083597,23.854218674754733,76.14578132524527,85.38924324362412,36.90892686749465,6.090296086342712,4.001875649105007,61.53502456886939,14.610756756375876,2.2385656610669566,184.55588038556635,16.70918947057694,3.5608101136185812,1.027756986943295,130.2916220306028,52.83470232712598,22.165756916705817
1601.5,油层,11.436593734175522,46.60488221266952,41.95852405315495,23.671219596419757,76.32878040358024,86.2043596298245,36.597786868495405,6.038955262346047,3.9681400818280745,62.53314003340474,13.7956403701755,1.7155153213155403,180.040242005203,16.668765771468024,3.5678374980344065,1.0162423668850091,139.75877468286401,51.215461904206805,21.858035374568054
1601.625,油层,11.718613090991688,46.966639297716206,41.314747611292105,24.260645158028264,75.73935484197175,88.23471248402151,36.881866734555175,6.085830927484833,3.9989416356761995,63.97406732599325,11.765287515978484,1.8753922336645972,178.13720331901382,16.62308974221641,3.588972564997754,1.011068711659914,141.7335511246462,53.06286651779251,22.198750167452864
1601.75,油层,11.404612209585018,47.35235728791712,41.24303050249786,23.775066010145757,76.22493398985424,86.31943789963347,37.18476257135401,6.135811392537314,4.031783324025802,62.54437188948773,13.680562100366522,1.9181359296189942,191.03010334907685,16.6704764339558,3.5825207303493674,1.0043551404950277,133.7651946332617,53.42280870750009,21.97453663875819
1601.875,油层,11.454148251102893,46.130983694050464,42.41486805484664,23.648863533753968,76.35113646624603,86.24465702659305,36.22564480615582,5.977548563799461,3.9277903240951826,62.59579349283909,13.755342973406947,2.1648532683493324,181.3939608406567,16.61886769794487,3.6035782696952117,1.011615340354355,134.12512229920478,52.88831267855877,22.021058023156275
1602.0,油层,11.253273608487717,47.47478449162712,41.271941899885164,23.53933442531372,76.46066557468629,85.31476624754889,37.28090195623301,6.151675232783172,4.042207302610938,61.77543182223517,14.68523375245111,2.0092620413446953,187.12610615336843,16.582447213568972,3.6485459754583225,1.026107970405776,143.87654174053975,53.639859865020824,22.11160973740481
1602.125,油层,11.334592271431019,48.22418715087495,40.44122057769403,23.653133683809976,76.34686631619002,85.50685000781226,37.86939134832463,6.248781134950875,4.106014667599441,61.853716324002285,14.493149992187737,2.02212513716795,188.49567564193956,16.488993094554797,3.6597716605999486,1.037885697047678,139.14056652442292,52.88331790967079,22.039091248198545
1602.25,油层,11.386470682198903,48.635179076063466,39.97835024173763,24.216478215661976,75.78352178433802,85.12567528427577,38.192134249252575,6.302036539354069,4.141008287456824,60.90919706861379,14.87432471572423,2.054992551777044,178.83348372788552,16.392325838183368,3.676563266750496,1.051384498540876,127.65400407585828,52.672181110957425,21.983163614332636
1602.375,油层,11.412616969179885,47.56216204544816,41.02522098537195,23.9905755633819,76.0094244366181,84.60292224270673,37.349517623519546,6.162997418644529,4.049647003284084,60.61234667932482,15.397077757293276,1.9242195046569681,177.91826908173542,16.393452780939437,3.651375554645087,1.0526523704952222,157.81525484010427,51.838663632895184,22.100090778212422
1602.5,油层,11.703689310351189,47.243166799072554,41.05314389057626,24.246959472331064,75.75304052766893,85.01642546827998,37.09901768693257,6.121662735875185,4.022486376264803,60.76946599594891,14.983574531720024,2.086497281436075,183.1542464941256,16.552735036613157,3.5827570237046142,1.036542210219659,141.82562232254094,51.52493990818435,22.015057992256025
1602.625,油层,11.865847724458957,45.87240943407985,42.2617428414612,24.34626732205382,75.65373267794618,86.77314742740779,36.022592138564036,5.944043095835156,3.905774199680655,62.42688010535397,13.226852572592207,2.09619398648379,197.14375281864156,16.670647526310724,3.5600102235139017,1.0214208781625334,152.8245690868148,52.80496076909081,22.095442565076084
1602.75,油层,11.690149021244755,46.81283160294466,41.49701937581058,23.886466751699302,76.1135332483007,86.70665348985442,36.76108494164564,6.065900874159272,3.9858457871397435,62.82018673815513,13.293346510145575,2.114164874592329,170.90286858645845,16.663153245353286,3.5651751000114578,1.0200205670901887,132.45731346071312,52.34147570831314,22.1455923751096
1602.875,油层,11.42690778446945,47.54205108752056,41.03104112800999,23.850542298327852,76.14945770167213,85.02539905471436,37.33372493148791,6.160391486187636,4.047934669845018,61.17485675638651,14.974600945285644,2.038898604611656,189.8276055184806,16.609766425947537,3.6037899849105597,1.0175164350375154,139.49219440302727,53.63269942749429,21.949478278123255
1603.0,油层,11.249037432714132,47.811000980958646,40.93996158632723,23.388486064746868,76.61151393525314,86.3894371994159,37.544925355371305,6.195241405277095,4.070834220310244,63.00095113466904,13.610562800584102,1.8757050578552408,176.39718356091242,16.52782697074221,3.6552514630562087,1.0289003596343638,140.8159544329709,51.72072331963921,21.927025455519615
1603.125,油层,11.222166507417057,47.48574896045684,41.29208453212611,23.623660257021044,76.37633974297896,85.38776297572181,37.289512111957144,6.153095983863197,4.043140864636493,61.76410271870076,14.612237024278185,2.180895844999613,189.04226992196425,16.380563211222416,3.6884035328690947,1.0359571154067568,148.07056381507505,51.59672131788431,21.866011166885674
1603.25,油层,11.454787300722005,48.41929387090295,40.12591882837505,23.852131687524572,76.14786831247542,87.3508379371507,38.022604355571644,6.274062622591066,4.122626892740238,63.498706249626125,12.649162062849307,2.185878188665059,184.7168429635946,16.20329192488103,3.7230721031846126,1.0392338027453156,140.56327068132592,51.57223532498416,22.302807299465172
1603.375,油层,11.165427063812878,49.195900228864865,39.638672707322264,23.81534698767192,76.18465301232808,87.0266298964782,38.63245621271639,6.374693518529916,4.188750497618556,63.21128290880629,12.973370103521798,2.0036590744983362,179.80872411689785,16.027961271061336,3.77229924001543,1.0583422532687128,140.17546529909333,52.4181343824185,22.186362104515315
1603.5,油层,11.17275373088511,50.06422990188491,38.76301636722998,23.458136183720907,76.5418638162791,84.95057044003664,39.31433636767017,6.487209714245353,4.26268381996938,61.49243425631574,15.049429559963357,1.963691404834828,182.29598452276227,15.84770452110301,3.8480046290402417,1.0699582255622797,137.45383122644427,51.866396438151384,22.28949601823784
1603.625,油层,11.352129124550297,49.3054769977164,39.3423938777333,22.874841314653267,77.12515868534673,85.59907233508622,38.71850443431401,6.38889222848196,4.198080334920426,62.72423102043295,14.400927664913787,1.9411634789036882,167.76718054210374,15.90957424423257,3.8817125350617534,1.08069745612876,140.80405594097002,52.92627967120097,21.95922476337938
1603.75,油层,11.1582077554106,48.65771492307286,40.18407732151654,23.039689592698533,76.96031040730146,84.04516250862758,38.209831153237594,6.3049566834554485,4.142927086379816,61.00547291592906,15.954837491372409,1.9465866677101402,182.42278619137178,16.043891706662066,3.8865756283353363,1.0889699307874106,145.83701835838622,51.66530772462336,22.159868612446306
1603.875,油层,10.902359221591992,48.72786512060447,40.36977565780354,23.314108801732058,76.68589119826794,83.13759335429506,38.26491855730675,6.314046587440291,4.148899975857429,59.823484552563,16.86240664570494,2.003437500256867,173.4805058661702,16.110140383745506,3.9035769028270764,1.0907632955132038,135.8505812350606,52.43226683494839,22.04391056752684
1604.0,油层,10.627039232614614,49.985764675026005,39.38719609235939,22.782508715731336,77.21749128426868,83.49400017689011,39.25271935432667,6.477042367560762,4.256002953138569,60.711491461158786,16.505999823109885,2.0986701532029364,168.1804460006756,16.226700365354112,3.9034348977711906,1.0910555444862116,154.3847044226204,53.15799909928473,22.077172161878096
1604.125,油层,10.741406550035945,48.825545151974396,40.43304829798966,22.35807539231415,77.64192460768585,83.70280358364775,38.34162453315433,6.326703745048282,4.157216873771782,61.344728191333594,16.297196416352257,2.129693044786734,185.31901316380262,16.254318149895553,3.9475883028431733,1.0858754916505489,141.33038161694668,52.409374471378214,22.12371280681614
1604.25,油层,10.4563346360916,48.658288147403816,40.88537721650458,21.757645445367444,78.24235455463256,84.71493386671041,38.21028129367131,6.305030960568179,4.142975893164332,62.95728842134296,15.285066133289593,2.2053345864766234,172.86196417810427,16.38270345312565,3.963865292915137,1.0738008981936966,130.45264506045234,52.75139134328859,22.147998424768943
1604.375,油层,10.708075203843993,47.31606174382753,41.97586305232848,22.087040265618004,77.91295973438199,83.8285191951584,37.156260480504265,6.131108297999293,4.028692965323972,61.741478929540406,16.171480804841586,2.077136643356741,185.22227382030593,16.680762887054833,3.892595410521216,1.0512367935127158,151.1456187066508,53.033136232868415,22.104096433545706
1604.5,油层,10.460913382260422,46.78543387142156,42.75365274631801,22.642987172595447,77.35701282740455,83.89331182574662,36.739570106903926,6.062350738055446,3.9835130264621856,61.25032465315117,16.10668817425338,2.0318624854815943,188.71140097179978,16.81856685172079,3.826522221193348,1.0460752350981954,154.1940415097621,51.65652269752232,21.842083712125042
1604.625,油层,10.245153028244312,47.83518957024084,41.91965740151484,23.178533475002887,76.82146652499712,82.67739885619258,37.56392012143808,6.198375707985295,4.072893740817467,59.4988653811897,17.322601143807415,2.040540277877676,170.68953525396944,16.921812169570345,3.764283535540521,1.046196019426589,162.0583218432365,52.753675802555094,21.882708739627414
1604.75,油层,10.137315782095436,48.05819195686738,41.80449226103718,22.721378409401076,77.27862159059893,83.06252454308184,37.73903898086747,6.227271853030543,4.0918811229693635,60.341146133680766,16.93747545691816,2.1004157342829415,185.90342811590483,16.858544731969413,3.7857815131337085,1.062809280936884,160.53111114161388,53.34726086933618,22.097896981883217
1604.875,油层,9.9478686908592,48.98556196504028,41.06656934410052,22.17653750998796,77.82346249001205,81.02707671206598,38.46728220981657,6.347438361883455,4.170841393340259,58.850539202078025,18.97292328793402,2.1585357456995307,177.87784016930502,16.621644589013545,3.8677346506667845,1.0847613038270196,128.42243297136125,52.871811642776365,21.967614415618048
1605.0,油层,9.879033978812554,49.951460121922494,40.16950589926495,22.20532051161696,77.79467948838304,82.55800464924718,39.225780744818515,6.472597261133038,4.2530821159709475,60.35268413763022,17.441995350752816,2.1392801751283743,179.15567533677927,16.320304034147412,3.9792067792606876,1.1016095635368104,141.9027659496518,52.16316936125959,22.385967218684566
1605.125,油层,9.744409950169409,51.20656805999799,39.0490219898326,22.256676987901468,77.74332301209853,83.68766062811986,40.21138934704681,6.6352313099193,4.359947403031882,61.43098364021839,16.312339371880135,1.914759164637742,174.98770498195316,16.166980186202117,4.0622133854479126,1.1123987957338186,130.8426873853653,52.52423119654895,22.406945173310923
1605.25,油层,9.954121933877795,49.829566138439496,40.21631192768271,21.731116631471945,78.26888336852805,83.04203351135361,39.13006008603204,6.45680251435857,4.2427035380488896,61.31091687988166,16.95796648864639,2.0295973683015553,159.0559807453908,16.117522337656983,4.081503059230103,1.099799060958269,140.38262360122803,52.046862114466556,22.3461712345893
1605.375,油层,10.161367705364505,48.7207888340996,41.117843460535894,21.700063530193713,78.29993646980628,84.60985380953515,38.259361705469985,6.313129658234646,4.148297470394967,62.909790279341436,15.390146190464849,2.167226893009481,176.99208138560903,16.30427409392103,4.046267742983585,1.0820937141647762,153.287260621525,52.28474704986416,22.39873685385775
1605.5,油层,10.244745768958117,47.50816563684398,42.247088594197905,21.842625937666575,78.15737406233343,83.64571764614138,37.307115433878934,6.156000686104791,4.0450495168602485,61.80309170847481,16.35428235385862,2.1384102240031075,181.9166665582461,16.59566286534243,3.985600797803152,1.0666129078358035,136.4933457358161,53.414195707298134,21.931131968958727
1605.625,油层,10.387811376757602,47.885185894316095,41.7270027289263,22.057458300706852,77.94254169929316,82.5407637268463,37.60318113285669,6.204854118616061,4.077150642843345,60.483305426139445,17.45923627315371,1.8953362888417338,184.7575854969663,16.70248617002992,3.925005344964325,1.056663240588036,145.52672492109568,51.97108587721406,21.836075013130955
1605.75,油层,10.32797245046811,48.34086855357053,41.33115899596135,22.424102351863024,77.57589764813697,83.60901704397419,37.96101868229972,6.263900447292681,4.115949423978127,61.18491469211116,16.390982956025812,2.2177499479897853,175.2429988157739,16.82613266718573,3.8729824721954977,1.0491475190868216,139.27037554333714,52.818585073027904,21.857890065626144
1605.875,油层,10.496827543966122,47.20245370213469,42.30071875389918,22.203439097282015,77.79656090271799,84.45892478323664,37.06704658919029,6.116387224827278,4.019019888117121,62.255485685954625,15.541075216763357,2.234478402461507,182.32740819169695,16.918490037849626,3.8474722432810355,1.0460795341525666,146.5049179190705,52.27820316593633,21.76018897257687
1606.0,油层,10.601179788418449,46.42135819668566,42.97746201489589,22.006856401777963,77.99314359822203,82.99984866962885,36.453669503461015,6.01517463530712,3.9525140579175213,60.99299226785089,17.00015133037115,2.0426371467148896,181.02683408923284,16.974608363967008,3.831722536872824,1.0333552755421938,141.27193238839004,53.319404947474005,21.88945740077819
1606.125,油层,10.33928570084039,46.90406061242578,42.75665368673383,21.89024400973282,78.10975599026717,84.61621506783017,36.832725072179144,6.077722122936828,3.993613417309806,62.72597105809734,15.383784932169831,1.8490630007780111,177.51835027324583,17.043719125473686,3.8137286582337935,1.0161816164274444,150.01973965562908,53.31939452410694,22.13246239477728
1606.25,油层,10.20821264769042,47.09263680173474,42.69915055057484,22.138097214203924,77.86190278579608,86.59279174946516,36.98080979758,6.1021573991721345,4.009669604982604,64.45469453526125,13.40720825053483,1.8880401021539093,179.36179723871265,17.128685466628106,3.7909014661435485,0.9980822352109278,145.18008010362635,54.009870715897506,21.874137947524595
1606.375,油层,10.398192482048252,45.71845392836583,43.883353589585916,21.945615058267748,78.05438494173225,87.64062895199571,35.901694272979014,5.924093889501876,3.8926657658849386,65.69501389372797,12.359371048004286,2.011622712885629,176.34952375251595,17.138863655305133,3.790502106070319,0.9847478236514864,137.32980614397678,52.3442923008162,22.095418231271932
1606.5,油层,10.47665462151949,45.77997924744727,43.74336613103324,21.64989136804939,78.3501086319506,86.061750721652,35.950008750086454,5.932066201238206,3.897904296122612,64.41185935360261,13.938249278348003,2.1949711316589844,172.88947681124898,17.299348340704384,3.7584918433531005,0.9745263423578627,160.59931526173773,54.147162312511874,22.109223814481226
1606.625,油层,10.448380606098455,45.07952010711548,44.47209928678607,21.764747663219342,78.23525233678066,84.72182280385874,35.39995362472485,5.841302289589157,3.838264192801471,62.957075140639404,15.278177196141252,2.2064785131867715,184.40558885477475,17.37623519228883,3.7549889951440902,0.9711872546454507,140.66845574690853,53.62970937553987,22.26348673637925
1606.75,油层,10.653166852421458,46.03414449690618,43.312688650672364,21.85309442887171,78.14690557112829,86.23909733077872,36.149599118894336,5.965000359589283,3.9195450184225558,64.386002901907,13.760902669221286,2.0455784350939985,178.7384087067322,17.324396648833122,3.796668415858334,0.9819087832554065,153.68083107000615,54.21348197847848,22.02895736681911
1606.875,油层,10.496806698339753,46.59412253491818,42.90907076674206,21.469898815362896,78.5301011846371,85.71908046042684,36.58933753069169,6.037561047630921,3.9672239565955754,64.24918164506394,14.280919539573167,1.9668657727039949,179.37731003827875,17.28047072913577,3.837497126940167,0.9833060587114704,141.6543609950706,53.64613734647942,22.040696977129766
1607.0,油层,10.543873352586608,46.14827404805044,43.30785259936295,20.957249769206896,79.0427502307931,86.37222053360657,36.23922254008688,5.979789008776867,3.92926249918669,65.41497076439967,13.62777946639343,2.1290961164747397,181.03994327274214,17.237505664040725,3.9003656020691615,0.9772183897146649,153.33709578420743,52.93642664451673,21.9214082906517
1607.125,油层,10.368102849900609,45.16277341266491,44.46912373743448,20.39591047526504,79.60408952473497,86.92216756217128,35.465330610738725,5.852090064684505,3.845352737241682,66.52625708690624,13.077832437828718,1.8824872340856327,185.98408200452053,17.34327808490331,3.93708443013101,0.9654268505758964,145.92346628421407,54.118915860077266,22.200329616082723
1607.25,油层,10.448104266081295,44.735430357880034,44.81646537603867,20.362734117879192,79.63726588212081,87.70386322717843,35.129747528104154,5.796715917878516,3.8089669118973637,67.34112910929925,12.296136772821564,2.1483671492278313,189.0712999134093,17.429391354742364,3.932827414576244,0.9530835050794371,171.35127768443328,53.37523750840059,22.16438813829511
1607.375,油层,10.393528141470629,45.36983074217099,44.23664111635838,20.93413995181611,79.0658600481839,87.54638501032868,35.627928168227314,5.878920085280247,3.8629824886634316,66.61224505851257,12.453614989671324,1.9374464914844571,177.66780468656333,17.54025007814618,3.904265580843479,0.9369474707138215,166.11103584932675,54.327814433132474,21.946470274537138
1607.5,油层,10.085847136400961,44.75510115525291,45.159051708346134,20.75153656825294,79.24846343174706,88.9864246806059,35.14519457175294,5.799264815325942,3.8106417681740243,68.23488811235295,11.013575319394109,2.1389769575384276,182.71907816326177,17.67622287891247,3.8318361552541202,0.9273818493812059,135.27016514796722,53.877325971967196,22.16746976362813
1607.625,油层,10.10458336258206,43.76209865573084,46.1333179816871,21.2435934563673,78.75640654363269,87.49645219095211,34.36541159383325,5.670593796640664,3.726093265256921,66.2528587345848,12.503547809047888,2.0081262986125172,197.26085759417592,17.815889349574043,3.7329936311241974,0.9186549452115588,156.19164972121771,52.41085811542297,22.029054523702627
1607.75,油层,10.067445724419507,43.42102756342939,46.511526712151095,21.85761586353171,78.1423841364683,88.06941056690748,34.09757598197412,5.626398575670274,3.697053005785004,66.21179470337577,11.93058943309252,1.9734067686156904,196.8861152825489,17.95403319866793,3.676996091850519,0.9121930237433836,147.17601974007195,53.02257141157416,21.92266266326718
1607.875,油层,9.96314630159847,44.23322164880789,45.80363204959364,21.50902818230439,78.49097181769561,87.23934992132068,34.73537409713499,5.731640848863048,3.7662067028098574,65.73032173901629,12.760650078679314,2.075332392479725,189.6936674703212,18.09597331821907,3.640568100649865,0.9076144796911716,162.55242812968672,54.05790117218731,21.925672032508736
1608.0,油层,9.832188408599107,43.55703905680478,46.61077253459611,20.927813254312753,79.07218674568725,88.17221257546362,34.20438281014083,5.6440226374565645,3.708633609207395,67.24439932115087,11.827787424536385,2.0652623161379964,190.2474762382699,18.133746451926893,3.6605822063218714,0.9051834019373239,159.17060274443568,54.400614832280596,22.070974247928234
1608.125,油层,9.626384155188228,43.6574241682768,46.716191676534976,20.58066263176918,79.41933736823081,87.65597031143348,34.28321302577485,5.6570303132279305,3.717180829274018,67.0753076796643,12.344029688566515,2.085806964401025,196.84064707893177,18.10519213566355,3.7403975716485465,0.9086124807585435,139.72465918514246,53.72219677514717,21.974124038838855
1608.25,油层,9.691620825412603,44.090928860098074,46.21745031448932,20.213913735872033,79.78608626412796,87.54982540923987,34.62363470617671,5.713202871029484,3.754091282891879,67.33591167336783,12.450174590760133,1.8311013706318782,196.76194416894887,18.145660967661954,3.791648321396333,0.902835912299012,157.16694352134837,55.03798424887627,22.08168812144001
1608.375,油层,9.793992130385057,43.720132999943026,46.48587486967192,20.0843619446197,79.9156380553803,88.27691808402498,34.33245688923148,5.665155981849048,3.7225201288624983,68.1925561394053,11.723081915975008,2.1210915403701467,191.16128584555784,18.217831581432172,3.842612137178523,0.9055707298118523,142.42224608975528,54.437045001306835,21.941706223796164
1608.5,油层,9.620707283669942,43.2613799503849,47.117912765945164,19.63745286507844,80.36254713492156,86.32944795212543,33.97220822995182,5.605711798939103,3.683459921493979,66.69199508704699,13.670552047874562,1.9112283754264974,184.1689625011107,18.407895772227512,3.8703196246893814,0.9048708394582592,163.41171814214653,54.083681917440664,22.039889548079
1608.625,油层,9.898030021223212,41.89491818322676,48.20705179555003,19.344960835698334,80.65503916430167,85.0721542717726,32.89915591989134,5.428648772754025,3.5671134905813853,65.72719343607427,14.927845728227396,2.218603894450944,195.30882011212185,18.582372117635074,3.891845323158022,0.9088761970175768,147.1349040048845,52.56989707135356,22.011859314496157
1608.75,油层,9.654853453777928,42.89692438138096,47.44822216484111,19.261503282077513,80.73849671792249,83.86976219476074,33.686009303912776,5.558486470350474,3.6524286071177157,64.60825891268323,16.130237805239254,1.9330245717149266,185.85916367111716,18.78078071034049,3.9101659960623874,0.9213172675154221,140.39182872633418,54.533391506931565,21.907423416210452
1608.875,油层,9.793109153490391,42.73400998089217,47.47288086561745,19.29934706670707,80.70065293329293,81.97095461358083,33.55807621570776,5.537376390688556,3.638557374495851,62.67160754687375,18.029045386419174,2.1707361170290134,182.46326388948486,18.875164433291104,3.925324783567085,0.9360153698652706,159.21926695234578,55.020439505345685,21.991681700137715
1609.0,油层,9.897783478009737,43.03204319005344,47.07017333193682,19.33027938307547,80.66972061692452,81.0460886670066,33.792115126456316,5.575994860071344,3.6639332035257812,61.71580928393114,18.9539113329934,2.228164370388335,178.77095656405461,18.844873863328754,3.9349559322309324,0.9470575201550462,152.84069004298522,53.798876516406764,22.138593573693953
1609.125,油层,10.190915020012888,42.523334433359175,47.28575054662793,19.499368449278467,80.50063155072154,82.51298567420483,33.39263735134518,5.510077529581766,3.6206195524322338,63.013617224926364,17.48701432579517,2.0198544481245566,157.04132935453077,18.897208885125927,3.9299978801427393,0.945428756179893,162.0148426792199,53.90197130071856,22.006190699571572
1609.25,油层,9.901911359454845,42.231488117309326,47.86660052323584,19.167786281865066,80.83221371813494,83.58079003317337,33.163456871403,5.472260743819642,3.59577050208668,64.41300375130831,16.41920996682663,1.9867956194394707,182.0276888736068,18.97802900206075,3.9172345465222627,0.9312067945643924,151.312058928506,54.275659654828445,22.031219517605063
1609.375,油层,9.862395552625578,41.31338415023581,48.82422029713861,19.00574506608657,80.99425493391344,84.72501956433153,32.44249006031337,5.3532949076216445,3.5175991823007986,65.71927449824496,15.274980435668473,2.0690367750691205,207.7249871865273,19.076056825128845,3.894054810319751,0.9092068826884292,156.58866622117787,55.991709032626645,22.106031547572446
1609.5,油层,10.018719631637637,41.04364178638463,48.93763858197773,19.028236235070718,80.97176376492928,85.6441345341793,32.23066732687996,5.318342302007852,3.494632157496823,66.6158982991086,14.355865465820694,2.0200425712813947,182.65649500891303,19.060747152195265,3.877665375921971,0.8920692268664951,162.73839038538654,55.33183338056793,22.12837866362404
1609.625,油层,9.995204150105758,41.8702042670778,48.13459158281644,19.502003931362573,80.49799606863743,87.48436035899287,32.879748626213875,5.42544639937821,3.565009241485722,67.9823564276303,12.515639641007127,2.066175606623401,177.48781819785117,18.92885263317539,3.895708241997168,0.8868197474988243,144.64884103634017,55.06866924323585,21.99069701436854
1609.75,油层,10.001815535792314,42.96451246679404,47.03367199741365,19.145360842418917,80.85463915758109,86.93811885329296,33.73908473780208,5.5672443816399975,3.658183347351967,67.79275801087405,13.061881146707034,2.0809464507522097,172.3946428978829,18.687239620735234,3.9446098253394046,0.8938226679360541,159.23367372964788,53.011165692563466,22.010521221829336
1609.875,油层,10.288057805070364,43.363621807695985,46.348320387233656,19.020552268530125,80.97944773146988,86.22435424091785,34.05249650717212,5.618960067638149,3.692165232885716,67.20380197238772,13.775645759082156,2.020028117572675,178.16193867806345,18.36980841143098,3.9875185546342653,0.9004198429102735,154.0095492956892,53.98609476232366,21.933898273638178
1610.0,油层,9.987806981001048,43.98072136329543,46.03147165570352,19.370726221537836,80.62927377846216,88.36815487568876,34.537091187819804,5.698922432775628,3.744707742699998,68.99742865415092,11.631845124311235,2.0879566661781697,188.58066924156358,18.156407307001487,4.057303002746187,0.9127086193531301,156.34111900111722,54.68834978978807,21.910566808754933
1610.125,油层,9.82959964568233,44.35886594325963,45.81153441105804,19.11228866718705,80.88771133281296,87.12640388738116,34.83403979247145,5.7479215524533,3.7769045983348795,68.01411522019411,12.873596112618834,1.9078220370950718,164.84512541109223,18.087178698113664,4.061651557333982,0.9169313584408655,156.53615432767845,53.66629215271773,22.15702288797253
1610.25,油层,9.581654392736432,44.027501689469396,46.39084391779418,19.36420321119624,80.63579678880376,86.78805216709071,34.57382674696447,5.704984121669795,3.74869082083513,67.42384895589447,13.211947832909289,2.0474843950218578,186.22418820222887,17.94107469696425,4.061691880207718,0.9173523459573716,170.84349655992207,53.43036911925112,22.116114060294798
1610.375,油层,9.775098675447056,44.89877978188403,45.326121542668915,19.495719537729975,80.50428046227003,88.31830932235324,35.2580222306881,5.817882366903935,3.8228751842919984,68.82258978462328,11.681690677646749,2.15865689389707,175.7342590029463,17.834876755613358,4.055234554622494,0.9265092884632727,152.7629856161852,53.0660522362498,22.10009348240095
1610.5,油层,9.762506834154761,45.45865540518397,44.778837760661276,20.061941171940315,79.9380588280597,87.453949784229,35.69768021846919,5.890429784278746,3.870545402436036,67.39200861228868,12.54605021577101,2.111605149605044,183.7349941159138,17.814747960501922,4.042940193925808,0.9292267355387186,175.70529187294332,53.56631499427418,22.073320667783594
1610.625,油层,10.016422179609602,44.53336166340899,45.450216156981405,19.48045836742685,80.51954163257315,86.67640890507656,34.97106743576318,5.770532313331189,3.7917619143146184,67.19595053764972,13.323591094923437,2.0246992859435378,177.70402996722692,16.68505018487045,3.5349165930026376,1.1453571976992656,141.80871327571526,52.57357184530515,21.967825083117344
1610.75,油水同层,9.95205667569475,58.84034218293861,31.207601141366638,60.82142939031851,39.17857060968149,71.20310531961147,46.78158581814982,10.884053366360229,1.174702998428563,10.381675929292962,28.79689468038853,1.9483937673921348,150.11713495080707,15.672285306735812,3.0039248219312693,1.3561160993136763,127.13279487682112,53.11888596456049,22.027740694609715
1610.875,油水同层,10.20034875223783,58.650261729102525,31.149389518659635,61.49367839673806,38.50632160326194,71.87047378830208,46.630460506270445,10.8488930371252,1.1709081857068828,10.37679539156402,28.129526211697918,1.8001133527784585,152.4999284476072,14.724752336415778,2.4863273539983335,1.5596059762012613,126.74681118700491,50.75385109522867,22.107552955633473
1611.0,油水同层,10.174378557623584,58.39332300142006,31.43229844095636,61.40627191567768,38.59372808432232,71.6109294495851,46.42617887409175,10.801365529292461,1.1657785980358493,10.204657533907422,28.389070550414896,2.0381040455413824,147.73774603927134,13.64427542310348,1.9773267984596998,1.7857500960274848,109.62924881262963,48.5386529090151,22.03144053222577
1611.125,油水同层,10.391395710753033,59.09721864967492,30.511385639572037,60.286337278578706,39.713662721421294,70.30766203514668,46.98581794915827,10.931569357409831,1.1798313431068241,10.021324756567978,29.692337964853323,2.0232029102542883,138.31911556041936,13.599398203282652,2.0009625200795496,1.8101419835850097,106.99696973562273,48.66589008056147,21.980343462126665
1611.25,油水同层,10.52797222501855,59.39842937612314,30.07359839885831,59.610335423496394,40.389664576503606,69.71728111116298,47.22529846415722,10.987286124164687,1.185844787801238,10.106945687666585,30.282718888837024,2.0163109973479307,136.9100286915218,13.53800582472409,2.0234622426384976,1.8324901796653454,96.78757577865166,48.75434244947666,22.11158257243476
1611.375,油水同层,10.49703920411267,59.43052159606144,30.072439199825894,60.53409301932924,39.46590698067076,70.66789515034735,47.250813695466896,10.993222415856657,1.1864854847378814,10.133802131018108,29.33210484965265,2.0035388058110697,152.2154585829984,13.524954130735171,2.038781836270041,1.8488074770714495,97.78251091585476,49.66752189422783,21.921585352751666
1611.5,油水同层,10.592079996213108,58.63243696954539,30.775483034241496,60.36282738610888,39.63717261389112,70.29190902668113,46.61628875797712,10.845595883725595,1.1705523278426777,9.929081640572248,29.708090973318868,2.216794753374093,149.24616647603162,13.549676769638225,2.0351178776648737,1.8464304077880782,104.94491362430067,49.66180981624069,21.927943254481818
1611.625,油水同层,10.367138764356156,58.87045701289353,30.762404222750312,60.28336246656636,39.71663753343364,70.13357693810474,46.805528906338445,10.889623888287671,1.1753042182674132,9.85021447153838,29.866423061895265,2.0669135523525948,165.65315138429526,13.661814012774329,2.01152109339232,1.8285239925526597,110.17229963699484,49.12974430352919,22.047065125615898
1611.75,油水同层,10.659308949621357,58.12555874150368,31.21513230887496,60.08908835273494,39.91091164726506,69.81033481418667,46.21329029731621,10.75183555739881,1.1604328867886593,9.721246461451727,30.18966518581333,2.127790766904065,149.5167239598769,13.807259807200007,2.000671020877936,1.8195580060075784,115.22687969293871,49.77367833554548,22.335556209239268
1611.875,油水同层,10.67373865962698,58.053646442493935,31.272614897879077,59.509649117792854,40.490350882207146,69.32536171647604,46.15611572519959,10.738533505250874,1.1589972120434666,9.815712598683186,30.674638283523958,2.121426130791287,163.5121660260884,13.763732779259755,1.9980774718402408,1.8177325714815642,94.54335882581564,50.63240305349838,22.301036867997375
1612.0,油水同层,10.606257788367333,58.92383414643903,30.46990806519364,61.15136197501205,38.84863802498795,71.20849809149453,46.84796691504209,10.899497378965993,1.1763698524309376,10.057136116482475,28.791501908505467,2.194141535468917,152.64204870474947,13.674647596243432,1.9899044981125698,1.816406781520854,94.33523363266895,50.53784993673872,22.20291894432642
1612.125,油水同层,10.823448467561628,59.315342699784566,29.86120883265381,62.25300608220267,37.74699391779733,72.01159370643654,47.15923959476123,10.971917079972336,1.1841860250509997,9.758587624233868,27.98840629356346,2.2735975109925888,146.21645977128324,13.42620391874339,1.9847365918104467,1.8179342791544544,99.7044630375826,48.5104713487585,22.36379552917967
1612.25,油水同层,10.535373342232438,60.10822323590477,29.356403421862804,64.05067555593543,35.94932444406458,73.73307963815884,47.789626969612414,11.118580980081042,1.2000152862113116,9.682404082223421,26.266920361841162,1.9752247707738235,143.14408823021216,13.222300801050565,1.9785962207193475,1.8157895241035873,105.47051376174737,48.94505402529981,22.088191928847742
1612.375,油水同层,10.428907222876514,59.68867517457205,29.882417602551435,62.82809539458564,37.17190460541436,72.78722195032753,47.456061206601504,11.04097464198224,1.1916393259883056,9.95912655574189,27.21277804967247,2.078770942907826,164.68244350907847,13.11053096893058,1.9591980283310284,1.8029568077973948,113.63360280445207,48.36294561594897,22.177194676155057
1612.5,油水同层,10.723913656840372,59.44337010736377,29.832716235795854,64.38814086161226,35.61185913838775,74.54164494458333,47.26102902922985,10.995599082570424,1.1867419955634881,10.153504082971072,25.45835505541667,1.8612513209666937,150.92916664714232,12.987462119050935,1.943303155436437,1.7894482329641495,98.14276624167464,49.56485429493836,21.982099043748942
1612.625,油水同层,10.675066954620169,60.024630338878474,29.30030270650136,65.30950152135188,34.690498478648124,75.49832828269568,47.72316562453959,11.10311829719157,1.198346417147314,10.188826761343806,24.50167171730432,2.0497083899818995,156.2960870798386,12.979794690323857,1.919017887368378,1.7659153871213413,77.85640730844435,48.56341201982164,21.98866636912693
1612.75,油水同层,10.707696286385342,59.56978826083347,29.722515452781185,66.13001883275912,33.86998116724088,76.55425258852824,47.36153901058122,11.018983411719345,1.189265838532906,10.424233755769132,23.44574741147175,2.013065663869005,158.992113138563,12.988319830210804,1.8839008114876168,1.737021066746637,100.50125349906581,48.43249413281217,22.17355284528805
1612.875,油水同层,10.641313419351356,58.89474097446402,30.463945606184627,65.80251635857658,34.19748364142342,75.9869747864339,46.8248361059581,10.894115839283778,1.1757890292221491,10.184458427857326,24.013025213566095,1.8333598551411836,157.26979413247147,13.03598959365414,1.865895257413406,1.7197336175552287,116.60751962264742,49.52759982275179,22.08341251769553
1613.0,油水同层,10.349415726297446,58.898026278630546,30.75255799507201,65.40385190737148,34.59614809262853,75.53895106327442,46.82744811895977,10.894723541831834,1.1758546178389353,10.135099155902962,24.46104893672557,1.8579517877122171,157.70218205526857,13.228806819038786,1.8306652209457441,1.6866904351146752,103.93660274606822,48.88676865273766,22.118345046451996
1613.125,油水同层,10.324626716656555,58.01838704497815,31.65698623836529,65.94065851453664,34.05934148546337,75.90333293009192,46.128082398580716,10.732011361599255,1.1582932847981757,9.962674415555286,24.096667069908083,2.023728736625481,146.6516590130043,13.410656716976,1.8256276712181294,1.6780346512223057,101.75592910563473,51.13262947681643,22.16560176224336
1613.25,油水同层,10.03637482010612,58.35233019114807,31.611294988745804,64.14163047011769,35.8583695298823,74.15600679086403,46.39358714194812,10.79378284166549,1.1649602075344656,10.014376320746337,25.843993209135974,2.2037940194117027,141.5769610586933,13.528121142109466,1.8210545710093147,1.670901994010188,109.44298238552902,49.58207028770201,22.17744012383184
1613.375,油水同层,10.258715540142736,58.04127414068637,31.70001031917089,64.63407456204148,35.36592543795852,74.68155730319017,46.146279006422894,10.736244925882666,1.1587502083808154,10.04748274114869,25.31844269680983,1.978639572952975,147.79874681745048,13.574134418031132,1.8423365420014657,1.6876487450824185,117.06717870987409,49.21432206765627,22.034385379424698
1613.5,油水同层,9.97342997245418,59.09266126922035,30.93390875832546,62.873882425675944,37.126117574324056,72.62907403488,46.982194559542705,10.93072635123009,1.179740358447552,9.75519160920406,27.370925965119998,2.197020414031209,152.60044556892836,13.595557813835995,1.8624875758927062,1.7034818915782857,111.1566085265775,48.58899634774917,22.175709139010088
1613.625,油水同层,10.035376222001581,58.356456387316804,31.60816739068162,63.74558714498937,36.25441285501063,73.49108898122945,46.39686771430729,10.794546089084427,1.1650425839250813,9.745501836240091,26.508911018770544,2.0942488207102694,162.20730041491737,13.681582807250102,1.8655400882432704,1.7048060581433666,108.08996052692753,49.96797762046032,22.017873441273863
1613.75,油水同层,9.769450223984286,57.83955735290442,32.39099242311129,62.69981822066153,37.30018177933847,72.42227752545786,45.98590211416684,10.698932153698514,1.1547230850390722,9.72245930479633,27.577722474542142,1.8262551410256056,140.54789527030348,13.78583564638354,1.8858827413915964,1.7194917429537688,110.18115651926277,49.38285612139763,21.93909331547303
1613.875,油水同层,9.646880336111845,57.83445850304625,32.518661160841894,61.36217926549292,38.63782073450708,70.88872262352173,45.981848224040355,10.697988988653844,1.1546212903520494,9.526543358028807,29.111277376478274,2.0900207615943662,159.676753443775,13.872421857683127,1.8729244265626028,1.7073610012161453,101.42298524872713,49.578956891208335,21.975952317832725
1614.0,油水同层,9.417232687221402,58.43602519104236,32.14674212173624,62.91044543841156,37.08955456158844,72.27308569240256,46.4601296648983,10.809264411138942,1.166631115005122,9.362640253991009,27.72691430759744,2.3668858364004963,141.74231495391467,13.826106949331496,1.8753199386023691,1.710236729424905,111.51013856880643,51.15310759751162,22.172300144332063
1614.125,油水同层,9.198775632320165,59.19838516323301,31.60283920444682,64.34629721497025,35.65370278502975,73.51397060907287,47.06625136882171,10.950282738257133,1.1818510561541706,9.167673394102627,26.486029390927122,2.0428708518488947,152.68255176654205,13.71544856685876,1.8783786248598981,1.7155326150704542,119.17703105603708,49.370321528942924,21.98434995797107
1614.25,油水同层,9.377240049144719,59.01644622811235,31.60631372274293,64.08808076068303,35.91191923931697,73.45415705712746,46.92159905051011,10.916628394896666,1.1782187827055757,9.366076296444435,26.545842942872532,2.2522787475616792,132.06571755101265,13.537048528884018,1.866720137131405,1.70822147915365,119.21426117900401,51.01480799126043,21.85260434115034
1614.375,油水同层,9.22285953070226,59.31088276652401,31.46625770277372,65.07118998469112,34.92881001530888,74.57091929240033,47.155693681484195,10.971092099188448,1.1840969858513657,9.499729307709227,25.42908070759966,2.0556287680381153,147.57804582707215,13.32887043971687,1.8616572402276068,1.706882027369838,126.13752275271366,48.79854286108427,22.01236359880426
1614.5,油水同层,9.030154272446103,60.25348649241218,30.716359235141727,66.56047601798475,33.43952398201524,75.89183561160758,47.90511993325625,11.145451201723914,1.2029153574320133,9.331359593622807,24.108164388392428,2.0627460548610768,130.0928918870977,13.265109767042592,1.8556591071293793,1.7010503768719951,105.26407222844094,49.97462684772561,21.90677780393228
1614.625,油水同层,8.923722610124504,59.730040933990345,31.34623645588514,65.88296090931264,34.11703909068735,75.22210457575098,47.48894945558795,11.04862631626464,1.1924651621377595,9.33914366643832,24.77789542424903,2.363347455407963,148.26116412529117,13.15346454112685,1.8676907280573958,1.7131837921452342,95.37693168729017,49.57300700689943,22.122559414449054
1614.75,油水同层,8.969507563657912,60.34507527553619,30.685417160805905,64.68551690203181,35.3144830979682,73.75665349850442,47.97793848526899,11.162392931943332,1.204743858323859,9.07113659647262,26.24334650149558,2.1778335930210413,139.8320219654288,13.127795970696484,1.8836354642482633,1.727837234937609,108.31313434818684,49.45042547998489,22.18981224146353
1614.875,油水同层,8.968016236977576,59.93363239577243,31.09835136725,63.99202410129684,36.00797589870316,73.11842902219765,47.65081682562447,11.086285858217712,1.1965297119302525,9.126404920900798,26.88157097780236,2.1591869404962596,131.3114975760641,13.231391785908627,1.8875727939093203,1.7304296470220069,100.0061915803524,49.338214618193135,21.927995980807918
1615.0,油水同层,8.77318938933092,59.6174328781361,31.60937773253299,64.65804517377822,35.34195482622178,73.57868848891201,47.39941932654176,11.027796524255798,1.1902170273385444,8.920643315133788,26.421311511087985,2.3713710675421265,136.64678584069432,13.347576507768034,1.8823533160778294,1.7254784048843903,106.19468819644912,48.09185169460157,22.161416922672917
1615.125,油水同层,8.688031566901644,58.82236000905565,32.4896084240427,64.73469424364392,35.26530575635608,73.67234541905198,46.76728891606711,10.880727095082324,1.1743439979062158,8.937651175408053,26.327654580948025,2.138063452900849,137.0201793914871,13.477524757315551,1.858989928817854,1.7035742128064577,110.30348066273508,49.31920588082403,22.16790154473576
1615.25,油水同层,8.689337896245366,59.02409138710638,32.286570716648264,65.04419810482034,34.95580189517966,73.98831508001804,46.92767740845814,10.918042566116586,1.178371412531655,8.944116975197696,26.01168491998196,2.374821719873645,146.28277271052983,13.465650907432797,1.8369852444874362,1.6866002066833201,118.46990690159066,50.46101560346057,22.059914407913052
1615.375,油水同层,8.685420222123838,59.845919170207374,31.468660607668784,66.4411086364113,33.55889136358871,75.266658281988,47.581079573308685,11.070061013280245,1.1947785836184457,8.825549645576707,24.733341718012003,2.1467683867544056,155.3879464491099,13.34615125973577,1.827763894192107,1.6829404930890763,128.16573346931946,49.89045504308598,21.879147361247263
1615.5,油水同层,8.767398819222853,60.500814957771134,30.73178622300602,67.53229768924164,32.46770231075836,76.19366856140263,48.101760832989434,11.191201041308759,1.2078530834729415,8.661370872161006,23.80633143859736,2.0599912056011185,141.605808967524,13.165642983966617,1.8304925649490347,1.6896844263407587,103.52336678675528,50.61704949369696,22.02935591106741
1615.625,油水同层,8.628013262637891,60.43619197322324,30.93579476413887,67.31501389486371,32.684986105136296,76.02469840098708,48.050381701167716,11.17924733766907,1.2065629343864557,8.709684506123375,23.975301599012923,1.9828478088251233,134.17768441625935,13.02993014124361,1.8244397890149184,1.687585871491508,103.40915736424695,49.18170556224625,22.121448426457306
1615.75,油水同层,8.679785638142445,60.07384032102243,31.246374040835118,67.8131462382742,32.1868537617258,76.69601699572944,47.762290499028246,11.112220964714258,1.1993288572799257,8.882870757455226,23.303983004270567,2.134659960484803,139.91106681921733,12.949585172744458,1.8187909523973682,1.6853347284423208,114.29794580285487,49.88701794323531,22.08725172801054
1615.875,油水同层,8.608819284023642,60.48212618966205,30.909054526314318,68.37534242824658,31.62465757175341,76.99613463121942,48.0869021463011,11.187744067030492,1.2074799763304556,8.62079220297282,23.003865368780584,2.0558648688352177,169.4236001850293,13.032919127373654,1.8139004251891861,1.6778050496797774,102.3714508646759,49.373089531136884,22.002133123512756
1616.0,油水同层,8.475806732673895,59.846499840183974,31.677693427142124,66.70688088699464,33.29311911300535,75.48699984850555,47.58154124061609,11.070168423311852,1.1947901762560358,8.78011896151091,24.513000151494445,2.07464801967118,133.94934333030102,13.158080555847565,1.7962669075780349,1.6607358202610965,103.61854629678005,49.05716083904623,22.089738007901985
1616.125,油水同层,8.390497968291072,59.22074696098164,32.388755070727285,67.26433322105903,32.73566677894097,75.86023269036153,47.08403033341666,10.954419135005255,1.182297492559721,8.595899469302493,24.139767309638472,1.8601276139810272,145.3782656212227,13.308403051448831,1.7834813923027024,1.6491610294860106,111.71943191205041,49.19469086008874,22.186145012138528
1616.25,油水同层,8.494150277477491,58.73244814642309,32.77340157609943,66.94792370844675,33.05207629155325,75.42857801471864,46.69580361598613,10.864095554971303,1.1725489754656537,8.480654306271887,24.57142198528136,1.9871776780759447,157.4058472077069,13.098113609745871,1.5780667277608518,1.5135796512719524,102.10194244846802,50.561043868134576,22.088378408266696
1616.375,水层,15.35883843955285,54.85567908181515,29.78548247863201,90.08792102908882,9.912078970911175,92.7291657376669,42.62090274911012,8.812231702584034,3.4225446301209885,2.6412447085780704,7.2708342623331035,1.8678433405463502,173.5529152719153,12.892891658956803,1.3796286379396119,1.3872603214545427,102.51521045331373,49.25193496288903,22.18091838099159
1616.5,水层,15.131974490770533,54.881492460471314,29.98653304875815,87.43801942348772,12.561980576512276,90.0578010848382,42.6409588220591,8.816378465098913,3.424155173313302,2.6197816613504794,9.942198915161793,2.079173709014363,175.4531901999829,12.673948427841637,1.199974049210482,1.2768935133055184,116.60570914849727,50.36458205473674,22.046841505226983
1616.625,水层,14.994755623069207,54.95912712402821,30.046117252902594,85.98034577499644,14.019654225003563,88.61803114388846,42.70127818189207,8.828850002319246,3.428998939816889,2.637685368892033,11.381968856111534,1.869752038015947,190.67274820796536,12.321556270843383,1.0313165030688303,1.1763606612273503,115.88198112881287,50.195028681385,22.066238484847496
1616.75,水层,14.605628868917517,56.062883413468256,29.33148771761423,86.3298051968828,13.670194803117198,88.96077930999465,43.558857383505455,9.006161747038027,3.4978642829247746,2.6309741131118383,11.039220690005358,1.993890224961956,175.19167321063534,12.265826865878628,1.0485737951292844,1.1916309409393921,122.1128089838011,48.04217169329105,21.97499209192305
1616.875,水层,14.463129374089407,56.53139272049772,29.005477905412874,88.89356605897126,11.106433941028737,91.48652066722165,43.92287237604933,9.081424921926502,3.5270954225218922,2.5929546082504022,8.51347933277834,1.980119415058682,171.18128315390675,12.059595059937188,1.0612132919324457,1.206863988103743,115.7883083279554,48.627971245596676,22.014921310019446
1617.0,水层,14.891414211115178,56.97174441582501,28.136841373059816,88.45894215027727,11.541057849722735,91.0832232284196,44.26500991032282,9.152164747497928,3.5545697580042654,2.6242810781423267,8.916776771580404,1.9508571325018538,197.6365517315749,11.801598128268939,1.0753755474232365,1.2233727504436698,132.73706276956784,49.012379770788506,21.796869207653245
1617.125,水层,14.575091175659455,57.51586653613939,27.909042288201157,87.72526488483162,12.274735115168378,90.37943728261088,44.68777335727551,9.239574661639365,3.588518517224516,2.6541723977792673,9.620562717389113,1.8695166668618604,175.11304454963806,11.62310349197421,1.0728699431383306,1.2220586291029016,122.50198132391367,48.622384064163256,22.0018374477042
1617.25,水层,14.441115424413667,57.1730744068938,28.385810168692537,89.49560667634704,10.50439332365296,92.13971382185393,44.42143612021485,9.184507187873722,3.5671310988052234,2.644107145506891,7.86028617814607,2.0026141535663244,189.65891613442548,11.570790049359607,1.0741539612881321,1.2224817327405244,118.59799530330667,48.12176370049139,22.113917359087925
1617.375,水层,14.240092283745067,57.011477773382325,28.74842994287261,89.64109014970002,10.35890985029998,92.36238080959541,44.295881309541485,9.158547670086389,3.557048793754451,2.721290659895379,7.637619190404599,1.969445117864226,173.1074654335599,11.604146979900383,1.0666548513196186,1.210678747364925,110.53342892112342,49.32232023099959,21.856354791774148
1617.5,水层,14.404970259061786,56.551946202661306,29.0430835382769,89.72687145826063,10.273128541739363,92.51798312009656,43.93884169735047,9.084726714013522,3.5283777912973187,2.7911116618359237,7.482016879903441,1.930200204825409,178.83603924170808,11.578363996274032,1.0474794441564406,1.1891924625667738,114.94803522504749,49.58156203993884,22.10466511728038
1617.625,水层,14.449260788469353,56.76286599198962,28.787873219541027,91.45544878668669,8.544551213313312,94.17042923002364,44.10271883786343,9.118609697240275,3.541537456885914,2.714980443336954,5.829570769976355,1.818123786079748,173.55934783619347,11.511465929317147,1.0351612482263923,1.1764461424486434,126.04665459306452,47.9322349852669,22.088947060515707
1617.75,水层,14.418872297094099,56.97262347177061,28.608504231135296,92.65334092288441,7.346659077115591,95.30071514928777,44.265692905385414,9.152305962497028,3.5546246038881666,2.647374226403362,4.6992848507122265,2.0493570306675224,178.00307646787843,11.450142211713416,1.0186353006913853,1.162272468287756,126.37643010589133,50.56030303432234,21.92966875187289
1617.875,水层,14.838721502138053,56.264589091647736,28.89668940621422,92.72910736074476,7.2708926392552335,95.42124235342033,43.715575488859855,9.038564539266583,3.5104490635212966,2.6921349926755496,4.578757646579678,2.014250911881261,190.00791023397898,11.520071635960313,1.0071955100355203,1.1523635532608631,100.74262760260979,49.94358154855176,22.015352964356335
1618.0,水层,15.005155687436792,55.24756121162897,29.747283100934236,90.09603431853618,9.903965681463811,92.77144221092533,42.92538116271245,8.875185186814374,3.4469948621021524,2.6754078923891345,7.228557789074674,1.9813495682547333,183.7663538760377,11.625813429894544,0.9998433358080342,1.1442297789736666,132.03201772603623,49.818587495414874,21.990086053480336
1618.125,水层,14.616689628808052,55.62326625066616,29.760044120525787,91.0808798989988,8.919120101001198,93.70305739918405,43.21729055476048,8.93553991965591,3.4704357762497695,2.622177500185238,6.296942600815958,1.7894371371819713,159.53890991685708,11.736852367922015,0.9870684313675817,1.129605343118437,112.35173117303228,49.839913549431685,22.03424446583198
1618.25,水层,14.57584331663341,55.467346785908504,29.956809897458097,93.18970675248963,6.81029324751038,95.86293667379712,43.09614670137351,8.910492404551082,3.4607076799839014,2.6732299213075015,4.137063326202872,1.854913159296923,186.405029709367,11.749735871678611,0.9741363252525916,1.1152711499998371,113.54464542838424,48.87261469737927,22.0962054866114
1618.375,水层,14.847374136881871,55.420384096995335,29.73224176612279,94.98126155722292,5.018738442777082,97.6538002023774,43.05965836998272,8.902948133784477,3.4577775932281396,2.672538645154474,2.3461997976226057,1.824804875713966,191.98589042558748,11.756769561116059,0.9621014898221685,1.1019561496458787,122.00698487351517,49.24245224464298,22.085294785306335
1618.5,水层,14.99088411884879,54.50990253697936,30.499213344171842,92.25961498159265,7.7403850184073475,94.9271321748954,42.352246727763834,8.756684800578368,3.4009710086371605,2.6675171933027637,5.072867825104588,1.966424066601055,183.0253838883199,11.762693069303177,0.9394430300421401,1.0786416306881212,128.2362251314959,49.3069541414872,22.03111080642533
1618.625,水层,14.949343797919218,54.07640268289817,30.974253519182614,94.96307219679004,5.036927803209956,97.5690301113564,42.01543282933426,8.687045681691474,3.3739241718724386,2.6059579145663605,2.430969888643597,1.8784863276360197,189.87886252409268,11.959945914446912,0.9272817134934102,1.0645127466979027,130.7278959367417,50.16498691468989,22.095722387511408
1618.75,水层,14.74779190925897,53.39643657219424,31.855771518546796,92.63487964093318,7.3651203590668235,95.18034401675905,41.48712345531705,8.577813255482857,3.3314998613943394,2.545464375825867,4.819655983240956,1.846649139988355,195.17403001378838,12.148637736803453,0.9210322291501798,1.054543201537651,123.3842979564053,49.63219961557668,22.059540090011936
1618.875,水层,14.473875781262219,54.02704226073507,31.499081958002705,94.14229748049465,5.857702519505348,96.64680809501665,41.97708154487507,8.679116229639847,3.3708444862201494,2.504510614522007,3.3531919049833436,1.9444195496570837,178.40339660307072,12.200674320095825,0.9229533745012047,1.0537464410305297,126.88396411996216,50.45890380313293,21.89899028987506
1619.0,水层,14.304029923154134,54.63672040291585,31.059249673930005,92.12442668864368,7.875573311356321,94.55413575217054,42.450779678615966,8.777057320568373,3.4088834037315148,2.429709063526865,5.445864247829457,1.7781827337776874,170.86752143763357,12.37445460692421,0.9397426121405381,1.0684719424700804,126.44624743480155,49.82706709622056,22.106386136573356
1619.125,水层,14.37783092857195,54.264777679294895,31.35739139213316,90.00990068106874,9.990099318931255,92.38382048614699,42.1617934712254,8.71730698084968,3.385677227219815,2.3739198050782364,7.616179513853016,2.1080109963551523,189.31122952485103,12.281042591876776,0.9542672417447164,1.0840383525553112,122.44696059165734,49.19873208969237,21.9757961182342
1619.25,水层,14.38797298150551,55.06250602680226,30.549520991692226,91.58830376751017,8.41169623248983,94.00428328386852,42.78159989580015,8.845457195223469,3.4354489357786426,2.415979516358349,5.995716716131483,2.0531270476273353,185.02029731248857,12.231649275010632,0.9639057609284689,1.0962355647524173,116.445102838986,50.440678946851484,22.10425851841923
1619.375,水层,14.617373131388828,54.89913786553211,30.48348900307906,92.77853689986578,7.221463100134217,95.1243216659074,42.65466867135188,8.819213092260302,3.425256101919928,2.3457847660416298,4.875678334092592,1.7673528274254877,170.65415233689842,12.114996134621364,0.9667376181970345,1.1015146456064402,118.80119780543593,48.77970807857602,21.937738829168275
1619.5,水层,14.448366540954755,55.50975092887103,30.041882530174213,93.10173518604962,6.898264813950372,95.4458632322892,43.12909320542955,8.917304372595046,3.4633533508464334,2.344128046239571,4.554136767710803,1.818069552701042,194.01769280535282,11.816347515259753,0.9657783146395164,1.1022974557697398,126.70723665421322,49.26839703209265,22.218620731777236
1619.625,水层,14.017049249502925,56.34442603037775,29.638524720119335,95.05520655642259,4.944793443577411,97.33154105313022,43.777605937818905,9.051389858618924,3.51543023393992,2.2763344967076273,2.6684589468697784,1.842877071901844,183.15282854867465,11.56215036351255,0.9574182210894217,1.0941249614582806,120.469512910466,48.01661191844708,22.028749630075595
1619.75,水层,13.933503164113963,56.44875954451534,29.617737291370688,97.68541766576233,2.3145823342376692,99.99,43.85866935064985,9.068150404041287,3.521939789824202,2.3045823342376726,0.009999999999998899,2.0410640227795933,165.84625875134023,11.396216441770044,0.9543373734086604,1.0893727212473774,132.382933292539,49.0025821395216,21.966294374189445
1619.875,水层,13.950573741134198,56.09786002300048,29.95156623586532,96.75899315164878,3.2410068483512133,99.12192792894494,43.58603295945891,9.011780526944278,3.500046536597286,2.362934777296158,0.8780720710550582,1.7164088850404227,184.27288649168253,11.343219730347549,0.9564341539861521,1.090548616817368,125.31434504886211,49.10720505250087,21.94080936609465
1620.0,水层,14.141410045485072,56.1023598503464,29.756230104168523,93.85690816404502,6.143091835954973,96.27469817186066,43.58952916453574,9.012503396879675,3.500327288930992,2.41779000781563,3.725301828139338,1.8309199071216777,173.21744545329807,11.395850267297007,0.9602925949825258,1.0943679882212758,122.19523597865604,49.513768246267546,22.12910808981604
1620.125,水层,14.157355785971998,56.13192206135336,29.710722152674652,93.27185232941667,6.728147670583329,95.69213784650711,43.612497946282055,9.017252386544817,3.5021717285264877,2.4202855170904334,4.307862153492891,2.1333205878996297,189.03245629000952,11.51489953840822,0.9684456617551794,1.101677094382143,122.8062105248963,50.13920263278288,22.43004029405811
1620.25,水层,13.92645718176019,56.14932763444705,29.924215183792775,94.22547642055792,5.774523579442081,96.62421138035847,43.62602145470517,9.020048486157203,3.503257693584674,2.3987349598005503,3.3757886196415288,1.982179139211736,187.19651336331196,11.63759115665145,0.9866771582451456,1.119515233502112,130.99146095468703,48.10729435942861,22.457117927372355
1620.375,水层,13.850509038561757,56.368718706387156,29.78077225505109,91.47391761113116,8.52608238886885,93.89128551228775,43.79648047914339,9.055292329488921,3.516945897754843,2.4173679011566014,6.108714487712252,1.975249048606236,164.50395310064926,11.645717147881175,0.9912792405192576,1.1233141160358728,129.5361246806428,49.83289535142982,22.329252392812645
1620.5,水层,13.889354224296788,56.43108534637804,29.679560429325175,93.20040167571406,6.799598324285938,95.5956812414142,43.84493713016535,9.065311151447021,3.520837064765668,2.395279565700137,4.404318758585801,1.755448230167155,169.75459423391106,11.630604424617877,1.0033872446143481,1.1359946363003592,128.57894441543914,48.07783923176979,22.28569922175353
1620.625,水层,14.03852765968628,56.93359669623352,29.027875644080197,91.39524990312337,8.604750096876623,93.84262858295334,44.23537049515153,9.146036548019,3.552189653062997,2.4473786798299635,6.157371417046664,1.9471294480429104,175.52532627686142,11.691876630844401,1.0245647132561142,1.1605127155696593,127.04285075953887,49.93399630164673,21.8796835542836
1620.75,水层,14.41531102957859,56.647780354517785,28.93690861590362,88.8158890092046,11.184110990795403,91.27180766562776,44.01330140935634,9.10012188850257,3.5343570566588767,2.4559186564231705,8.728192334372231,2.0157168445811027,169.9030614815464,11.761601711051386,1.0401575605956959,1.1780280902257654,119.93660667023198,48.7091615996046,22.086045321694506
1620.875,水层,14.202463953877926,56.53017266502276,29.267363381099326,87.26120949338615,12.738790506613851,89.73777726419327,43.92192443653573,9.08122892742392,3.5270193010631083,2.4765677708071263,10.262222735806725,1.9820422912256106,186.1206713772875,11.889216806290781,1.07388730427086,1.2149215334780836,124.18210839212698,50.58199971727172,21.996947136613837
1621.0,水层,14.390562953913285,57.02376946396832,28.585667582118397,84.87674440569761,15.123255594302398,87.41731354557717,44.305431513966205,9.160522255530838,3.5578156944712807,2.5405691398795662,12.58268645442283,1.869281995658582,170.8441804854437,11.929079941110315,1.1035532207715169,1.2475036322576951,120.63839805301932,49.459096051907935,21.98302596548737
1621.125,水层,14.228286507385329,58.00120976956109,27.770503723053586,85.66150689259615,14.338493107403849,88.12617576860686,45.0648677091794,9.317542104569283,3.618799955812407,2.4646688760107027,11.873824231393149,1.9419882331511706,168.80016479429423,11.933698025471056,1.1131671894951305,1.2575460665720373,119.98729412056063,49.69468438638188,22.32547098780356
1621.25,水层,14.394870428265586,57.085064012323116,28.520065559411297,87.14458712484617,12.855412875153826,89.65942682756402,44.35305518809088,9.170368852478477,3.561639971753762,2.5148397027178433,10.340573172435985,1.7703392237343436,171.6093102795117,11.824559466730928,1.1226602484514538,1.2678323199081203,132.52639650811835,48.197242653547654,22.170283855948114
1621.375,水层,13.987084084967208,57.78001224217695,28.23290367285585,87.50487026471889,12.495129735281107,90.03813853912078,44.89300513340266,9.282008065141195,3.6049990436330948,2.533268274401886,9.961861460879218,1.9757011405658098,175.80737237114562,11.701906267748207,1.1276133091551717,1.2723448842718077,130.27984612247906,48.81498761349927,21.913786755027207
1621.5,水层,13.882280667492264,58.27646432729483,27.84125500521291,86.42106799898609,13.57893200101391,88.89649345632503,45.278730666174646,9.361760077631367,3.6359735834888203,2.4754254573389383,11.103506543674968,2.139026650900846,171.58997675161586,11.648329005378537,1.1320322394912583,1.2769947949191545,113.19189411817969,48.90536453479752,21.942537945613214
1621.625,水层,14.130310780097782,58.570795846875676,27.298893373026534,85.84856533858198,14.151434661418028,88.395075511013,45.50741574093861,9.409042648758627,3.65433745717844,2.546510172431034,11.60492448898699,1.983454253799407,166.05384678107995,11.612805246010407,1.1549107423814673,1.2990439097899198,110.45998282949202,47.42909187270911,22.08560965534374
1621.75,水层,13.846655012408354,58.55569676193926,27.59764822565238,84.62115130912937,15.378848690870628,87.15264769650007,45.4956842914069,9.40661707246126,3.653395398071095,2.5314963873706913,12.847352303499937,2.1610919766473424,171.76803612234602,11.743703952768012,1.178097663677413,1.3204177463697697,117.33856575180013,48.35050075772193,22.01275150030155
1621.875,水层,13.646133110283373,58.04428461165316,28.30958227806346,82.2863704386047,17.713629561395294,84.75383366543326,45.09833532249618,9.324461816355212,3.621487472801771,2.467463226828554,15.246166334566736,2.050838192507146,182.72346036693074,11.81214300184516,1.1977930661379006,1.339106777525056,127.28842914433369,48.29334870173565,21.99429687124034
1622.0,水层,13.634805021425283,58.73154224240413,27.63365273617058,82.64317230470496,17.356827695295042,85.11486842377698,45.632309947076685,9.434865580977537,3.6643667143499146,2.4716961190720252,14.88513157622302,2.120361912611753,155.08785880997817,11.83259584647918,1.2154183371509628,1.354810926136697,101.29542043941387,49.38915539868127,22.044231068154552
1622.125,水层,13.55865944505639,59.40070275886151,27.040637796082102,83.49440679352968,16.505593206470326,85.9463338545321,46.15222376042931,9.542362154093482,3.7061168443387236,2.4519270610024178,14.053666145467902,1.9455124039054486,169.22490543567665,11.733679504747762,1.2256698438545475,1.3685131544154308,104.04862435930625,48.443387217094966,21.921515569266802
1622.25,水层,13.962650556196138,59.59274514763616,26.444604296167697,84.56612981748044,15.43387018251956,86.9940595222242,46.301433835168574,9.573212597564902,3.718098714902683,2.4279297047437565,13.005940477775802,2.0572207359355414,162.67511034604584,11.513633838843596,1.2192198210337,1.3681974440815,118.29743282581939,48.80697559550518,22.061254543214524
1622.375,水层,14.244472699552002,58.9986087146203,26.756918585827695,86.01155650998315,13.988443490016845,88.5018346769424,45.839811054170745,9.47776818782797,3.6810294726215873,2.4902781669592398,11.498165323057608,1.8972724493054163,171.80647226700071,11.325985406189744,1.1966611339308222,1.3508741050992559,110.08341734386384,49.1136437289927,21.85860062313343
1622.5,水层,14.346314064565973,58.73432234969906,26.919363585734974,88.19589906840432,11.804100931595684,90.64169503588164,45.634469991116475,9.435312188330704,3.6645401702518883,2.445795967477331,9.358304964118357,2.154374740486084,153.20870639336368,11.237889628986164,1.1761734050159667,1.3356067018394975,123.59375654827195,47.53772530369735,22.116043399181297
1622.625,水层,14.445710878325514,58.784110403333756,26.770178718340738,87.04280715709365,12.957192842906352,89.43005977348592,45.67315352995056,9.443310336781208,3.6676465366019873,2.387252616392277,10.569940226514074,2.053830646904582,178.40706030025808,11.24508550407037,1.1592242739460015,1.3199350067275595,118.11228339179723,48.45680440709702,22.100482838335612
1622.75,水层,14.447432141963112,58.643917535086246,26.90865032295065,86.4692922616087,13.530707738391301,88.90397656823336,45.5642286801682,9.420789203897147,3.6588996510208944,2.434684306624672,11.096023431766632,1.851613823257363,183.4957734904142,11.3909795725623,1.1567859853920075,1.3174537404670967,101.7103980013041,46.87200314837949,21.97415027783604
1622.875,水层,14.6211637919769,57.7975488369169,27.5812873711062,83.8921543440631,16.10784565593689,86.34126580190218,44.906630440963745,9.284825212585352,3.606093183367803,2.449111457839066,13.658734198097822,1.9124664124205466,170.20679085282163,11.589080384850218,1.1596646435311384,1.318101423069002,114.69895733829006,48.6446636044118,21.990244818158043
1623.0,水层,14.458584416281028,57.515686356311456,28.02572922740752,84.69724797191111,15.302752028088895,87.19726123215835,44.68763336398671,9.23954571684425,3.588507275480496,2.500013260247251,12.802738767841648,1.9883492926298487,168.68119514052222,11.650254349994007,1.1564267279686824,1.3132414224647242,110.89919811341828,48.77356176021174,21.942383795064984
1623.125,水层,14.515444912823616,58.1837820542382,27.300773032938192,86.48270699527055,13.517293004729448,89.0542886269445,45.20671985138514,9.346871233329956,3.630190969523106,2.5715816316739484,10.9457113730555,1.905747605818537,173.52969047575533,11.671774576419644,1.147614698462272,1.3029703395833356,102.99695514391667,48.49880756488585,22.135781527618896
1623.25,水层,14.523026020279866,58.04820396301227,27.428770016707873,87.34945324473807,12.650546755261926,89.95897219937473,45.101380518470634,9.32509143634859,3.6217320081930433,2.6095189546366626,10.041027800625269,1.9387719706010895,175.93840117120303,11.570148973812366,1.1338741635150642,1.2873234038386023,106.50830080307225,48.24461669165598,22.061823629114773
1623.375,水层,14.401369673362701,57.89882543621685,27.69980489042045,87.59501866638504,12.404981333614963,90.26422419796667,44.98531874018406,9.301094683203877,3.612412012828907,2.6692055315816363,9.73577580203333,2.055034502181932,178.16624196061125,11.437603024001042,1.1144718203680024,1.2674626248620438,120.17909295777316,48.36033214151173,22.325679465194874
1623.5,水层,14.429976566770685,57.46673895369868,28.103284479530632,89.71966186897659,10.280338131023415,92.32763023492963,44.64960298096166,9.23168261387509,3.58545335886193,2.6079683659530435,7.672369765070375,2.0813751271427714,159.8130272188712,11.430208930222442,1.1055599086724333,1.2571783562523111,103.26707937235682,46.8349346493667,22.11238342192606
1623.625,水层,14.448675565824068,57.83862017821062,27.71270425596532,88.02218828809487,11.97781171190513,90.66406695498166,44.93854140574178,9.291423074135407,3.6086556983334295,2.641878666886785,9.33593304501834,1.957988728897306,171.4152621337903,11.51318403369082,1.1021203660106147,1.2540763770253063,117.37015147764811,47.611391298017864,22.131881573468263
1623.75,水层,14.848801026944846,57.219714697974275,27.931484275080877,86.35293825472687,13.647061745273136,88.95597932660829,44.457673960008364,9.191999667386447,3.5700410705794647,2.603041071881424,11.044020673391708,1.8055182005323382,166.5786240986868,11.583646965472694,1.0890518504781932,1.2421952304016521,125.0915827338783,47.60669679635997,22.08372630085586
1623.875,水层,14.98985944994191,56.575525586231294,28.434614963826803,88.07286134074046,11.92713865925954,90.69901380559891,43.95716203593421,9.088514598784995,3.529848951512085,2.6261524648584498,9.300986194401094,1.8911084022200084,161.04293342322828,11.571398525120335,1.0858977893715693,1.242085707082714,123.85045554476382,47.423093670373184,21.926471751643167
1624.0,水层,15.065833715347217,57.10556442519471,27.828601859458068,89.65905040313353,10.340949596866466,92.32491861235407,44.36898327644821,9.17366211930603,3.5629190294404642,2.6658682092205366,7.675081387645932,1.8761166818397133,163.38671172095886,11.45476209621162,1.0737820183774134,1.233464063256345,119.20640400338472,48.49480272702377,22.05989941293908
1624.125,水层,14.990437798538208,57.76125698179757,27.24830521966421,91.07645568162005,8.92354431837995,93.69680429178173,44.878432966180526,9.278995146463096,3.603828869153948,2.6203486101616864,6.303195708218268,2.0149254548266966,167.76023963365694,11.349663132846935,1.0690191597915746,1.2283062012121655,114.29499569783935,49.432495701080306,21.955323352038306
1624.25,水层,14.653257903086644,57.7358748044445,27.610867292468853,88.79951728448043,11.200482715519566,91.48838870182789,44.85871192123799,9.274917653818848,3.6022452293876626,2.6888714173474586,8.511611298172106,1.9670684952431672,169.4370363068686,11.251550914645321,1.0746838791566706,1.2325253218936674,129.2867140711039,48.27711005413763,21.783359981568488
1624.375,水层,14.384531179522448,57.739445628872765,27.87602319160478,89.22743751569614,10.77256248430386,91.86923276070488,44.86148632423944,9.275491285077413,3.6024680195559116,2.641795245008743,8.130767239295123,1.7638161812119806,190.59010175263268,11.267294232878927,1.0687450632967674,1.2215467263075492,124.07108407311372,49.14929265258857,22.183885368113625
1624.5,水层,14.216008689762063,57.077757071615665,28.70623423862228,91.49163340197155,8.508366598028438,94.10182166959959,44.3473779562254,9.169195036829324,3.5611840785609377,2.610188267628039,5.898178330400405,1.7523365510619437,182.94370530355798,11.35351027663404,1.070457850498543,1.2177664745204608,116.66420021560079,48.099122646557575,22.135640475455354
1624.625,水层,14.121173205971136,57.689610230227494,28.189216563801367,90.5948601370528,9.405139862947198,93.16473264426007,44.82276600002369,9.267485530938488,3.5993586992653177,2.5698725072072763,6.835267355739926,1.7875319502870157,163.25199716275543,11.377301097844933,1.0661120928634118,1.212533167656274,105.52429952606873,48.989783521926576,21.966646238231817
1624.75,水层,14.521099330168516,57.45273777517246,28.026162894659016,89.36883090701096,10.631169092989046,91.91234732391543,44.6387245654844,9.22943340957487,3.5845798001131817,2.543516416904475,8.087652676084566,2.0573229774776736,170.7330361228133,11.527696181995156,1.0672720853931699,1.2126469597884089,122.67206692355921,47.90724175083861,21.995154092503487
1624.875,水层,14.43224653002631,56.82199876828544,28.74575470168825,86.84455726413408,13.155442735865918,89.33237758104244,44.14866289233462,9.128109018635215,3.5452268573156047,2.487820316908368,10.667622418957556,1.802785208621789,177.50694611274523,11.651248862794459,1.0885982464728405,1.234139530553234,121.64206258987527,48.57310107114674,22.131326153808597
1625.0,水层,14.135154563656686,57.3611459255041,28.50369951083922,86.19954707010228,13.800452929897721,88.7036108102636,44.56756097070867,9.214719735168579,3.578865219626849,2.504063740161326,11.2963891897364,1.7702389889640244,173.64772354141462,11.873947941881296,1.098232842908385,1.241630691100908,133.70497441834223,48.72477886512951,22.281580820473426
1625.125,水层,14.011206324386597,56.755813760161075,29.232979915452333,85.84435065611339,14.155649343886612,88.2807787740681,44.097239505696564,9.117476799025656,3.54109745543886,2.4364281179547143,11.719221225931896,1.871081175779792,168.72505717883115,12.191933663935057,1.110370893381179,1.2476359553533989,111.94776865839773,47.30592423590697,22.431831204051857
1625.25,水层,13.836961369854519,56.22009073860518,29.942947891540307,83.47174236022273,16.528257639777266,85.85881295415557,43.681001858394104,9.031416149091527,3.5076727311195475,2.3870705939328314,14.14118704584444,1.9172568480989898,175.28442535772308,12.353471821037267,1.1251303287032706,1.260345359823269,112.94585884523326,48.98636823908238,22.311764332843993
1625.375,水层,14.214613204264417,56.504244417241786,29.281142378493797,82.38995321790722,17.61004678209278,84.84022326736984,43.90177911438086,9.077063711881749,3.5254015909791825,2.4502700494626097,15.15977673263017,2.2148343759389286,169.40362111912947,12.551116373338198,1.1262775232981022,1.2592104972907272,137.66016582009303,48.96624579221257,22.29005218532673
1625.5,水层,14.096119789983838,56.11788641341753,29.785993796598635,83.21684655967643,16.783153440323574,85.6214485229765,43.60159274930506,9.014997644943278,3.5012960191691866,2.4046019633000713,14.378551477023505,1.884914969399601,183.96674084937416,12.724209797324548,1.120447584125288,1.2510103145977924,123.29003752365708,48.67539985537128,22.364085550100896
1625.625,水层,14.009668784745449,55.31814707290283,30.672184142351718,84.32568587644471,15.674314123555288,86.73324375132381,42.98022385501288,8.886524376755746,3.451398841134205,2.4075578748791115,13.266756248676181,1.947989412546558,177.65786962947325,12.76658521731836,1.1077660504067222,1.2364231921674433,117.98176165423337,48.2921304931389,22.20267954565049
1625.75,水层,13.662396104870716,55.42905048128577,30.908553413843503,85.15546380406309,14.844536195936907,87.49664430853218,43.066391840941634,8.904340335789252,3.458318304554886,2.3411805044690865,12.50335569146782,1.7082643403343991,176.07252682024085,12.721867259789471,1.0930528941748043,1.2172429813901025,123.19302951073803,50.08111660187551,22.365428702453197
1625.875,水层,13.318465939404547,56.5416581247143,30.139875935881154,86.27075988005693,13.729240119943075,88.60864944904728,43.93084822836067,9.083073996771464,3.527735899582167,2.337889568990363,11.391350550952717,1.964208036764142,181.64669593398827,12.737832525950623,1.0867341349073052,1.207917498656596,121.74671850502556,49.85405079226614,21.95641721659146
1626.0,水层,13.570245434941395,55.9453071443068,30.484447420751803,84.49270068711236,15.507299312887636,86.84628880702456,43.46750482316144,8.987273833445144,3.4905284877002147,2.3535881199121946,13.153711192975436,1.8890701722736412,169.6386011730398,12.734112614270934,1.0926599660746519,1.2130657944695973,121.25590627361919,50.24005710732713,22.316912373865733
1626.125,水层,13.785080964563493,55.70516119581126,30.50975783962525,83.57414209177267,16.425857908227325,85.99622341247422,43.28092000117508,8.948695845240437,3.4755453493957393,2.422081320701539,14.003776587525785,1.7573216703983912,182.38951587676172,12.784475838118235,1.0941879444608233,1.2150056523665886,119.17032020044276,49.486186236356446,22.267356466912133
1626.25,水层,13.936294847106897,55.02351989608905,31.040185256804058,83.88549684730765,16.11450315269235,86.33543659169037,42.75130906514224,8.839194310089558,3.433016520857253,2.4499397443827156,13.664563408309638,2.019500715720198,177.22958313714636,13.057403455279326,1.0868349781016802,1.2081042530288222,126.72223543819638,48.71418641844194,22.3994368828798
1626.375,水层,14.251886701330896,53.90952963505311,31.838583663615992,82.73146143925221,17.268538560747782,85.2131922551317,41.88577843324076,8.660238539985437,3.3635126618269173,2.4817308158794944,14.786807744868291,1.9299667724807925,178.9614429544086,13.219278740697685,1.0890600827497403,1.209605192138553,118.16465584117647,48.8388858963492,22.45763967432597
1626.5,水层,13.946001030513107,54.7396214324375,31.31437753704939,81.42638197513872,18.573618024861272,83.97897785818307,42.5307301020805,8.793587746036751,3.4153035843202506,2.552595883044342,16.021022141816932,1.9001569357048902,173.21723704262106,13.43548892600949,1.0868648045474931,1.2044282703368459,133.68858114960045,49.142505148147244,22.03400300458032
1626.625,水层,13.830696736792492,54.052122582296306,32.117180680911204,80.7892373924638,19.210762607536203,83.3719022864024,41.99656805865214,8.683145230984326,3.372409292659842,2.5826648939386043,16.6280977135976,1.9864488031795733,163.358208270391,13.485064355610872,1.0921688821082403,1.2085451425873401,117.1330485556353,49.29462607141928,21.78333079842115
1626.75,水层,13.8565703658863,54.93465508615214,31.20877454796156,82.30920865452057,17.69079134547943,84.88738551374657,42.68226428280548,8.824918718054645,3.4274720852920173,2.5781768592259984,15.112614486253428,1.990520002366388,187.29447567641384,13.45258538261013,1.091538513096831,1.2056804528613072,119.65085680927311,50.01894290096948,21.90735029722843
1626.875,水层,13.783977010118281,54.27085269293228,31.94517029694944,83.64981893780389,16.35018106219611,86.22968820428758,42.16651353977204,8.718282894896594,3.3860562582636478,2.579869266483689,13.77031179571242,1.7911186520331497,174.99144577408725,13.562256397257226,1.080631803974475,1.193295338088873,109.2589306329683,49.59159088616521,21.878272510591326
1627.0,水层,14.076191472768897,53.40001246598107,32.52379606125004,81.61009464914675,18.389905350853255,84.26047630180172,41.489901797028985,8.57838770110309,3.3317229678490006,2.650381652654974,15.739523698198276,1.947368287500171,175.3149821674596,13.515926426189157,1.0740979906368193,1.185846233374543,125.17467242524464,49.740859502428854,22.11895324554528
1627.125,水层,13.694088696005519,54.10715088251561,32.198760421478866,82.609479395502,17.390520604497993,85.3257637007562,42.039323081857624,8.69198519322431,3.375842607433678,2.71628430525419,14.674236299243804,2.1541783744305234,177.7351799681171,13.556264088678649,1.0642956817643916,1.174077992044697,124.4018959295688,50.898261524895624,22.168803747672722
1627.25,水层,13.686544102520848,54.25254049730055,32.0609154001786,83.53141297448076,16.468587025519245,86.18326176163872,42.1522856180289,8.715341151879446,3.3849137273922025,2.6518487871579586,13.816738238361282,2.1198219299493846,166.42509763829986,13.620273381235561,1.064152174543449,1.1715443245849897,134.38976215107138,49.51699090734426,22.20097786421847
1627.375,水层,13.466722116816635,53.931183264126624,32.60209461905675,83.00897588235499,16.991024117645015,85.66549932830628,41.90260252938459,8.663717063992278,3.3648636707497612,2.6565234459512954,14.334500671693718,1.8626556463606045,178.99855116553462,13.598455566096595,1.0659279436920799,1.1710010857600406,117.50971025363825,49.27926545896088,22.23673175944959
1627.5,水层,13.531126568535079,53.84201585882532,32.6268575726396,82.01160885851884,17.988391141481163,84.70229896885361,41.83332264126089,8.649392861849755,3.359300355714677,2.6906901103347693,15.297701031146394,2.016456874723945,157.64792341939216,13.748258954747378,1.0692919498629185,1.1710384152002258,136.4476787593053,50.7372864124649,21.87263428855386
1627.625,水层,13.315020775560232,53.335385223166575,33.34959400127319,80.19371898461472,19.806281015385274,82.9634164576875,41.43968873838046,8.568005727030156,3.3276907577559607,2.769697473072772,17.0365835423125,1.960867568627177,179.74501366232371,14.02692325907587,1.072336677962619,1.1693773558145113,123.49235832068206,50.283175252525105,21.997443661893644
1627.75,水层,13.383351671730326,52.495658538704745,34.12098978956492,79.28924358779645,20.71075641220356,82.11400431778797,40.787251106519214,8.433108734883115,3.2752986973024214,2.824760729991524,17.88599568221203,2.0293189986215894,176.85974259666474,14.154481773498029,1.0687816615334569,1.1650204680579606,131.06727060255866,49.22614760756325,22.162592249577656
1627.875,水层,13.693564475049333,52.746751693325386,33.55968383162528,81.64997901262706,18.35002098737294,84.41410285252401,40.982341516540245,8.473445325268763,3.2909648515163816,2.7641238398969494,15.585897147475992,1.7923960754403079,179.85607079227483,14.284056933428378,1.0555728502336152,1.1496111254451797,128.82446245395076,51.38575541992277,22.070802337903046
1628.0,水层,13.487395084883428,52.2847555411383,34.22784937397827,82.60734093979525,17.39265906020475,85.39411752487626,40.62338701260528,8.399228449150927,3.2621400793821005,2.7867765850810136,14.605882475123732,1.9555795041930768,167.49756802461096,14.210886607956006,1.0478409053023987,1.14221631078343,138.14348283176165,50.42194396316482,22.06595443339313
1628.125,水层,13.274392903927001,53.52008720115523,33.20551989491777,82.62407013527836,17.37592986472164,85.39765116845841,41.58319557619905,8.597676978087573,3.3392146468686073,2.773581033180052,14.60234883154159,1.709477379173042,179.03279938092467,14.07002178552207,1.0419425815415029,1.1371387726120155,121.6955724777118,51.28123870206491,22.204008235739824
1628.25,水层,13.181245733426621,53.341287293037375,33.477466973535996,82.49158954994012,17.508410450059884,85.19475823630425,41.444274435799436,8.568953858711268,3.32805899852667,2.7031686863641293,14.805241763695754,1.953683131237025,176.90010324870246,14.064729325989648,1.0292362373379664,1.1236156212600013,114.26763371664902,52.26648818613731,21.91605810264142
1628.375,水层,13.465638427797503,52.265300142686954,34.26906142951554,84.33622647362169,15.66377352637831,86.96442842844563,40.60827086311593,8.396103057543549,3.2609262220274755,2.6282019548239424,13.035571571554371,2.107034705111094,176.9650084531861,14.098889160084852,1.0214821485712826,1.1146701196598807,118.64816599577036,52.74181283273518,21.991847306512742
1628.5,水层,13.182389271583576,51.799803886173365,35.01780684224306,83.94169916122897,16.058300838771032,86.57569585709581,40.24659690317188,8.32132391092201,3.2318830720794818,2.6339966958668515,13.424304142904187,1.8836187141787317,182.9183152912635,14.317243158649296,0.9999555123825825,1.0908749039184027,127.66368594149318,50.474598700346405,21.77610657556799
1628.625,水层,13.15406191729842,50.95619170672505,35.88974637597653,83.8941958935575,16.105804106442513,86.47705120741641,39.59114038052806,8.185802737602236,3.1792485885947532,2.5828553138589263,13.52294879258359,1.9325048349048761,191.94969703285443,14.58292266330817,0.9738602421373549,1.0610051758083898,110.22850298906471,51.555870077055545,21.980176314967974
1628.75,水层,12.878331125653682,50.235055529557094,36.88661334478922,84.21754703260045,15.782452967399552,86.87109248235286,39.030843335802764,8.069956590244516,3.1342556035098155,2.653545449752412,13.128907517647137,1.8344058813353301,165.0402666166472,14.755640377076576,0.9675956301884965,1.0520790042283006,125.36890347576215,50.8393707039003,21.907152298912465
1628.875,水层,13.181214147391461,50.81950860152642,35.99927725108211,83.45274174198961,16.547258258010388,86.06090546426238,39.48494249123699,8.163845426836973,3.170720683452456,2.6081637222727627,13.939094535737627,1.7402576503047125,179.837546439481,14.804088756725246,0.9649885657918207,1.049075564310317,120.11064715514303,51.336372934006675,22.07743291469014
1629.0,水层,13.14346526058591,51.3424551561088,35.514079583305296,83.84654265405447,16.153457345945522,86.41660824753903,39.89125328018184,8.247853614944074,3.2033482609828843,2.5700655934845456,13.583391752460972,2.018282818546662,170.4891109794593,14.774652888855588,0.9596499470793332,1.0426970203040167,120.7463433524648,51.044117769575735,21.934130032802546
1629.125,水层,12.820906680911712,51.034508137990585,36.144585181097696,85.73844806837147,14.261551931628535,88.28898585580261,39.651989449512286,8.198383796664546,3.184134891813754,2.550537787431142,11.711014144197396,2.064464839897829,173.19291880540172,14.619521814574714,0.9697729968511092,1.0556901350470334,134.30784033434955,50.03297745627826,22.01846825726005
1629.25,水层,13.10543823917534,51.82959432511798,35.06496743570668,84.13602629691002,15.863973703089984,86.61082062261076,40.26974300987157,8.326109564019294,3.2337417512271176,2.4747943257007474,13.389179377389237,1.9376023818967119,180.44177979042664,14.607170605074177,0.9677267685282732,1.0540625313459404,107.02750661352965,50.45812143301653,21.944029826902774
1629.375,水层,13.136676550689533,50.8473422275386,36.015981221771874,84.13478484893766,15.86521515106234,86.58106419126203,39.50656822420168,8.168316729820507,3.17245727351641,2.4462793423243636,13.418935808737976,1.909563104284839,181.55149426723045,14.678841987886106,0.9664814669091688,1.0524267755497587,120.00429220165574,51.42656067563031,22.00393942869012
1629.5,水层,13.079857445311283,50.80646006161154,36.11368249307718,83.20742642081905,16.79257357918096,85.64544661472395,39.47480424192463,8.161749258144232,3.169906561542672,2.438020193904916,14.354553385276049,1.98578677402521,175.55449003610474,14.69844937820077,0.9828842791273993,1.0700960763592366,135.05749928811892,51.93597030097696,21.915947425542115
1629.625,水层,12.968505484416108,51.69962451880576,35.331869996778124,82.02933764761994,17.970662352380064,84.43581513994548,40.16876111396081,8.305230703949857,3.225632700895098,2.406477492325526,15.564184860054532,2.0304471867896217,190.48603281449243,14.80717015942108,0.9798539794451461,1.0666336405058452,126.99834600185065,50.27581126170894,22.011410464476814
1629.75,水层,13.16182074912396,50.876405699463476,35.96177355141257,83.2217497283959,16.7782502716041,85.60819865637256,39.5291495035003,8.172985600080988,3.1742705958821906,2.3864489279766703,14.391801343627431,1.9624433502938237,174.73529289819854,14.932098391662565,0.9853111883740018,1.072986744751717,135.9553860174926,49.672131845893006,22.147806679285388
1629.875,水层,13.516889726421585,50.08488782199534,36.39822245158307,81.06357455246648,18.936425447533523,83.42994087929456,38.9141683922568,8.045833060002435,3.1248863697361045,2.3663663268280835,16.570059120705437,1.8861256274278269,190.32921723185794,15.020505555134667,0.9968386740334912,1.085013814315078,135.52824341778057,50.639434289363045,22.133555146531698
1630.0,水层,13.258487483323474,50.67879879157697,36.06271372509954,79.63145832973508,20.368541670264918,81.99698404278746,39.375615996221654,8.141241250407916,3.161941544947405,2.36552571305237,18.003015957212543,2.020430077192399,164.33070538014184,15.086322769000159,0.9998577374219466,1.088337826506339,117.4238456349849,51.283642869014386,21.96498690418246
1630.125,水层,13.182316735592922,51.27562356936942,35.54205969503765,80.38407893315816,19.615921066841835,82.80806021100346,39.83932752506104,8.237117526406726,3.19917851790166,2.4239812778453036,17.191939788996535,2.0194852077279473,198.7262108093841,15.108879370079563,1.0219693601367643,1.1108007056723312,134.43929425640127,51.33034464522798,21.9162807509518
1630.25,水层,13.256788581088902,51.736654023481265,35.00655739542983,78.60459607262514,21.395403927374858,81.08346697902522,40.19753171609425,8.311179268993518,3.2279430383934993,2.478870906400081,18.91653302097478,2.0000660645774997,170.82553703841026,15.099209039737469,1.0354658654414353,1.1233178206205983,115.00442725512897,51.35274493638607,21.782795507862268
1630.375,水层,13.282513702092691,50.88924794388381,35.8282383540235,78.74612423997841,21.25387576002159,81.23024930265174,39.53912746858397,8.175048628655375,3.1750718466444656,2.484125062673322,18.769750697348265,2.0298332870089637,178.08374869946462,15.214353831778752,1.0343879938572682,1.1217755400105636,123.59697187492095,49.30086531575678,21.780670145243377
1630.5,水层,13.446709139095228,49.69121238662952,36.86207847427525,78.17381603325988,21.82618396674012,80.60699713416156,38.60829664431225,7.982591492126025,3.100324250191254,2.4331811009016824,19.393002865838437,1.9624778430904397,168.17821065170196,15.311052091506026,1.0331178797184506,1.1214709335883057,124.2019074888151,50.807566961749586,21.905620867159097
1630.625,水层,13.625462182144709,50.339225796386856,36.035312021468435,79.03531853551105,20.964681464488944,81.44886060929637,39.11177991130806,8.086690910978286,3.140754974100504,2.4135420737853086,18.551139390703632,2.2087270694165886,185.7018004328587,15.464866910775973,1.0143263483124487,1.103610941843731,138.99180891939886,51.38205350918224,22.100879563068478
1630.75,水层,13.88593409337862,49.471890205741744,36.64217570087964,79.65293066712074,20.347069332879254,82.09549076091648,38.437891145760325,7.9473587157234835,3.0866403442579307,2.442560093795733,17.90450923908352,1.9011193140057139,192.04078103148134,15.648937337503739,1.0009272574994266,1.0923358618981116,124.8589461101509,51.02064078400068,22.068832887325897
1630.875,水层,14.198648263490782,48.56052970298445,37.24082203352478,78.3166613536087,21.683338646391302,80.71240824982907,37.729796596434525,7.800954185703854,3.0297789208460686,2.3957468962203774,19.28759175017093,2.1071224081567363,184.52846290691602,15.766389785507734,1.0010547067318187,1.0929859260420096,134.025483519804,50.67386514656772,21.957182066851637
1631.0,水层,13.824147675285964,48.691255378904266,37.48459694580976,76.42814031455444,23.571859685445563,78.861204288598,37.83136577602449,7.821954471635312,3.037935131244468,2.433063974043571,21.138795711401993,1.9564604503809393,192.18940323749072,15.924332498419759,0.9976251270975621,1.0877670045671401,138.66458461224357,49.70722768577147,21.822682357082687
1631.125,水层,13.508142707924065,49.03980714619788,37.452050145878054,77.70501028979994,22.294989710200053,80.11807975457106,38.10217804606667,7.877947196274731,3.0596819038564815,2.413069464771116,19.88192024542894,2.019353958832402,170.62615399676284,15.930181281336367,0.9991820908072031,1.0876205249614073,124.88351126097902,51.80202294156421,22.321274056710738
1631.25,水层,13.37672511649821,49.70677819785416,36.91649668564763,79.64810013002653,20.351899869973465,82.01705872602868,38.62039072349459,7.985092045167136,3.101295429192441,2.3689585960021473,17.98294127397132,2.164163853861632,194.21941204555088,15.851081021301383,0.9967736905859882,1.0829971021471974,125.92568188946483,51.77043821127659,22.40418726858659
1631.375,水层,13.398351429612044,49.316805493440555,37.2848430769474,80.36566006749361,19.634339932506396,82.68471814548496,38.3173958652078,7.922445298531283,3.0769643297014704,2.3190580779913694,17.315281854515028,1.8476664336337654,206.295834980931,15.7859702941735,0.9942756837394269,1.0799743342030332,122.79298266327086,52.67611114193683,22.59479713174824
1631.5,水层,13.412879019556328,49.22405518680657,37.36306579363711,78.01321144923918,21.986788550760817,80.29103453063473,38.245332190759406,7.907545525048845,3.0711774709983124,2.2778230813955465,19.708965469365268,2.1854746269472267,182.11800919814334,15.726351067863536,0.9946608829917956,1.0807238692500674,129.54542746586606,50.9272406320414,22.432736437515526
1631.625,水层,13.344328998299032,49.58757359444997,37.068097407251,78.54753105996505,21.45246894003494,80.81927811891399,38.5277730056215,7.965942549567133,3.093858039261345,2.271747058948926,19.180721881086015,1.8715584293954282,183.4698426416061,15.758274185569512,0.9995078353059157,1.086217523822215,125.33896342928648,52.21715244454649,21.943483065563207
1631.75,水层,13.42754495540645,49.719914637087776,36.85254040750577,78.31921119669975,21.680788803300246,80.52411519065693,38.6305972674371,7.987202334351613,3.1021150352990565,2.204903993957172,19.475884809343068,2.123082609056981,162.8325338573395,15.725117270586017,1.0081499922895,1.0945687647721134,140.3443426705559,50.42511339629013,22.004523187487205
1631.875,水层,13.074408331466095,50.14376742579132,36.78182424274259,79.37039410726227,20.62960589273772,81.54758028379216,38.95991574074102,8.055291710772808,3.128559974277492,2.1771861765298794,18.452419716207846,1.974604661422691,179.45030251781043,15.503826936978326,1.0080844737867076,1.0946873323104787,115.7955129939497,50.78821062718853,22.39425494740737
1632.0,水层,12.959397699591882,51.045920092950595,35.99468220745752,81.29319339714232,18.706806602857682,83.51183051996348,39.66085613078702,8.200217057923366,3.1848469042402057,2.2186371228211637,16.488169480036518,1.9155571097706494,181.98510795995492,15.289586684701531,1.0069585422390384,1.0937129893862403,132.26338614080422,51.461497623631395,22.446828701020934
1632.125,水层,12.958113211130119,51.26576333467787,35.77612345419202,81.90884210438077,18.091157895619236,84.18293334346244,39.831666474994634,8.23553353958534,3.1985633200978953,2.2740912390816748,15.817066656537559,2.088357060340983,176.62207416086827,15.197461181020099,1.0033450934214156,1.0891361743324401,127.02459578116776,52.797951862673074,22.386649909060765
1632.25,水层,13.119772033843743,50.3204350047919,36.55979296136436,80.39961005904725,19.600389940952756,82.72009651963269,39.0971801376009,8.083672284426187,3.139582582764808,2.320486460585445,17.27990348036731,2.141382594565651,183.6404704952516,15.245030005042276,1.0011501991246676,1.0870728400557055,122.74235458996337,49.72227435924205,22.35167342482797
1632.375,水层,13.404090154909929,49.525081791699364,37.070828053390706,78.89093056574748,21.109069434252515,81.26587142615222,38.47921910760708,7.955903620971807,3.089959063120483,2.374940860404731,18.734128573847787,2.122400731390975,166.0584957622444,15.314049475780433,1.000964318292,1.0880920914881484,126.00150601185332,50.314466953916295,22.109951049502143
1632.5,水层,13.492078704987224,50.307680077275954,36.200241217736824,79.9925967970135,20.007403202986495,82.29999103140466,39.08727001463226,8.08162328278221,3.1387867798614826,2.3073942343911624,17.700008968595338,1.9718308869957277,160.53891330679502,15.455862199035401,1.0005177589990408,1.0877316916211526,127.82603135889401,51.30209619897849,22.024418712305923
1632.625,水层,13.350884996349052,50.030233880853125,36.618881122797816,79.77019605432261,20.229803945677393,82.12974390139513,38.87170423267901,8.037053236274682,3.1214764118994336,2.3595478470725326,17.870256098604862,1.7139281167942375,175.97628181191044,15.403472743547583,0.9957805073585219,1.0828281117462348,134.00240240146076,51.72049895569614,21.95406407291081
1632.75,水层,12.998289239725711,50.51634422666379,36.485366533610495,82.14204418445756,17.857955815542436,84.46446382529295,39.24939460350155,8.115143911151167,3.151805712011076,2.3224196408353825,15.535536174707055,1.9489267142656528,197.975172727197,15.17848834795318,0.993357906286734,1.0797397182156254,130.01950312677494,50.764724169596846,22.023127916779828
1632.875,水层,12.759076633357228,51.32616783120461,35.914755535438175,82.88179198774206,17.11820801225794,85.22785141815025,39.87859861064891,8.245237155112141,3.202332065443557,2.3460594304081828,14.772148581849754,2.0519812321587723,168.6983283976079,14.994035245633238,0.9904141152187322,1.0756293929973304,142.16390806668846,50.11037685895166,22.052857571072394
1633.0,水层,12.903441043557596,51.72981089331196,35.36674806313045,83.505416395058,16.494583604941994,85.89070636463379,40.192214848445765,8.310079961690569,3.227516083175626,2.3852899695757785,14.109293635366216,2.2102212232849725,170.46822887927888,14.824054024033607,0.9871817490779444,1.0723245943316113,124.640853408564,50.55396853599321,21.875979790988033
1633.125,水层,13.0144302018202,51.24708429025683,35.73848550792297,82.95443105751488,17.045568942485122,85.32554281579313,39.81715352484907,8.232532864538083,3.1973979008696753,2.371111758278252,14.674457184206869,2.1066752299229687,182.79813094464623,14.84372688152953,0.9932916656077094,1.0772288318264727,132.4594189041605,51.08163514563361,21.866275501647284
1633.25,水层,12.727059368049124,50.77868378119052,36.49425685076036,80.83647048124942,19.16352951875058,83.20095123903916,39.45322306443542,8.157287167381654,3.16817354937345,2.364480757789735,16.799048760960844,2.1460878905942637,170.79720700418665,15.037890877648039,0.9912809556617207,1.07305888592314,132.18680705902042,51.24983902299779,22.132176622039083
1633.375,水层,12.650455834420596,49.81437177091702,37.53517239466239,80.67308755505672,19.32691244494328,83.10413947551338,38.70398708563426,8.002376299257303,3.1080083860254555,2.431051920456653,16.89586052448663,1.9237401182895961,181.7964309031203,15.338274121279431,0.9976518332040121,1.0749914132564242,131.48227953033862,51.54813092516354,22.03845842458306
1633.5,水层,12.344131563579941,50.02124188506863,37.634626551351424,78.47910449705839,21.520895502941606,80.90848408704264,38.86471777322274,8.035608726760845,3.1209153850850435,2.4293795899842463,19.09151591295736,2.0629951585124666,184.83956436887567,15.643917592110206,1.0084318946574884,1.0804009882891108,124.33037681498101,50.951819790714985,22.055928892951695
1633.625,水层,12.277377471373654,49.744590542167245,37.9780319864591,77.11864828432442,22.881351715675578,79.61623481172074,38.64976956405693,7.991166368644341,3.103654609465974,2.4975865273963254,20.383765188279256,1.9614244254527868,186.58047244118592,15.799819265719535,1.0058714770810695,1.0753124111965549,125.20862464560105,50.63200216311431,21.93845061393514
1633.75,水层,12.409627915794895,49.59880735227456,37.991564731930545,79.42276600090048,20.57723399909952,81.84845497938761,38.53650123408868,7.967747184538351,3.094558933647526,2.4256889784871336,18.151545020612392,1.7693871180829528,186.9485018493192,15.80151798100695,1.0010095227084246,1.0705822366055389,127.75353204276882,50.732244449870976,21.94835074902601
1633.875,水层,12.665985054959336,49.55617258187136,37.777842363169306,81.65995510881142,18.34004489118858,84.0490157757231,38.503375540751165,7.960898167596657,3.0918988735235367,2.3890606669116847,15.950984224276898,2.131238110142252,179.18958506191032,15.824412219524955,0.9820066000502492,1.0530429851119973,120.27483293879851,50.74127886679307,22.081169868534417
1634.0,水层,12.76558263133781,48.74943817153943,38.484979197122755,81.82071688664033,18.179283113359666,84.17130262907207,37.8765717271326,7.8313011839244755,3.0415652604823555,2.3505857424317416,15.828697370927925,2.013859727519193,174.4720109216354,15.801327713778646,0.9629452837033651,1.037787630467353,137.87613837010846,52.14144858548125,21.972160296866683
1634.125,水层,13.144841033597965,48.689581116769794,38.16557784963224,80.75395317721473,19.246046822785278,83.06314272974915,37.83006493416446,7.821685511591305,3.037830671014029,2.3091895525344293,16.936857270250847,1.9705992188553338,184.26548567610334,15.808318925301329,0.9638254271518554,1.0432215498174724,137.73955200557035,51.29518302488431,22.105177436663457
1634.25,水层,13.52727722372383,49.19247423121899,37.280248545057184,78.483382745778,21.516617254222005,80.77398969248809,38.22079491660016,7.902472236326783,3.0692070782920426,2.290606946710097,19.22601030751191,1.9158882799723143,179.61306098755014,15.913463524028467,0.9789498707978019,1.0626490876091335,138.12614019605363,51.817210434231924,22.00293575323676
1634.375,水层,13.797993512353315,49.135162312799665,37.06684417484703,76.63077253939483,23.36922746060518,78.85370205781405,38.176265603642946,7.8932654246915215,3.0656312844651965,2.222929518419228,21.146297942185953,1.9461620329922007,188.4429955817882,16.071891274488223,0.9989498578397917,1.0848341112443198,124.7317844073944,51.72310009480471,22.027133646573695
1634.5,水层,13.543017691837239,48.28665820463836,38.17032410352441,75.31338741411562,24.686612585884372,77.59634234225854,37.51700822716919,7.756958392732992,3.0126915847361726,2.2829549281429102,22.403657657741462,2.298303714797947,178.02555266650444,16.25658416326893,1.0061611381878741,1.0920254915067042,135.57154035454388,51.986524477041,22.080015920335516
1634.625,水层,13.431283953127851,47.572090143583274,38.99662590328888,76.75562999628781,23.244370003712188,79.02783969185707,36.96181437399629,7.642167373340232,2.968108396246748,2.2722096955692637,20.97216030814293,2.2492025463808214,182.6986339174149,16.51019569645446,1.0031052970767929,1.0866337526967604,130.07997839764457,51.7819744487343,22.206918435270875
1634.75,水层,13.333059784915804,47.202468104042985,39.46447211104122,75.99452511927215,24.00547488072785,78.21477067973,36.674631255222415,7.582789837425441,2.9450470113951246,2.220245560457851,21.785229320270005,2.267609565016377,174.32415400091466,16.75684165196202,0.9953445307486901,1.0755917662933743,143.5424762454041,51.436973469451104,22.12119235749408
1634.875,水层,13.38039516568561,47.034235304582566,39.58536952973182,75.24538446708927,24.75461553291074,77.4069708529231,36.54392038070533,7.555764259880254,2.934550663996982,2.1615863858338336,22.593029147076905,2.0168009006284136,184.21000245088635,16.902385379256053,0.9778802941855108,1.0575201452348708,138.39380347676493,51.252460347686764,22.074623140365734
1635.0,水层,13.578632727511797,46.32097838607599,40.100388886412205,76.9084949518289,23.0915050481711,79.05304864334332,35.989745238447796,7.441183867575265,2.890049280052935,2.144553691514419,20.946951356656683,2.049243631925364,196.49500286550497,17.08881404411608,0.960025994543926,1.0388838926736539,130.8580588445081,51.44111083875653,22.151177737192533
1635.125,水层,13.53207056764144,45.187588577435534,41.280340854923026,78.07705765650574,21.922942343494256,80.26652460103786,35.1091418511695,7.25911167796312,2.819335048302918,2.1894669445321147,19.733475398962142,1.8648608139595089,198.21788490015143,17.166615464004735,0.9407818781215749,1.0184805191857198,140.52960192824673,51.56382434233693,22.00543256239195
1635.25,水层,13.137527487737621,45.6750466329089,41.187425879353476,79.15232723090907,20.84767276909094,81.31797855190169,35.48787934424865,7.3374188542121965,2.849748434448063,2.165651320992638,18.682021448098308,2.09745879905799,172.1262664187564,17.198561973778098,0.9258396613165225,1.0013895292183097,133.7571727981947,51.88554061573715,22.12222328575619
1635.375,水层,12.85420265247184,46.20823397639436,40.9375633711338,78.18457292272002,21.81542707727998,80.35289374340235,35.90214686028571,7.423072162863637,2.8830149532450164,2.168320820682329,19.647106256597645,1.969254358054369,188.16760062216375,17.16953667808955,0.9290137288664672,1.0012901020185538,127.08565565954513,53.03913625523376,21.938977849375352
1635.5,水层,12.550379927599128,47.06336552802489,40.38625454437598,77.21345131821778,22.786548681782225,79.34838594010048,36.56655352354809,7.560443853366626,2.9363681511101762,2.1349346218827145,20.651614059899515,1.9964169719780995,196.91504103031275,16.959843304557307,0.9435014327144551,1.0149011161367092,143.58542914373317,51.261205349537704,21.78105445012876
1635.625,水层,12.730161364471885,47.86288914942032,39.4069494861078,78.1962118665477,21.803788133452308,80.27069918965066,37.18775481179186,7.688882467587724,2.986251870040732,2.0744873231029652,19.729300810349336,2.147492089565372,178.97554810979545,16.911533714753787,0.962945107175416,1.034192728010428,141.91612307717043,52.671037900028075,21.79792833971738
1635.75,水层,12.86294958691874,47.16767616649239,39.96937424658887,75.87469218159603,24.125307818403975,77.94831592549235,36.64759916280068,7.577200723951514,2.942876279740199,2.0736237438963236,22.051684074507648,2.0267340597570347,202.79806499319588,16.79030136911975,0.9801490119459593,1.0514800948082161,140.71469744009767,52.067060102423184,22.057772926638542
1635.875,水层,12.554892364688614,48.121441028646856,39.32366660666454,76.37325208347889,23.626747916521108,78.4674324370637,37.3886403843445,7.730417256784018,3.002383387518341,2.0941803535848087,21.5325675629363,2.1520396813322367,193.4528230892083,16.80688117133677,0.9800067478047572,1.0523370022849023,120.53186687719838,53.004546473613374,22.127213265513056
1636.0,水层,12.86768736664563,46.81630952534567,40.316003108008694,76.85627495777403,23.14372504222597,78.98237113291358,36.37459983634516,7.520755806922494,2.920953882078017,2.126096175139559,21.01762886708641,2.114924702123866,188.361856673264,16.96252196289256,0.9787124360881887,1.0511453225406582,137.77258582438063,52.563526359073705,21.990272957439565
1636.125,水层,13.11027080578604,46.45540202978378,40.43432716443019,76.25074130987214,23.74925869012786,78.38596444254797,36.09418760688708,7.462778209573871,2.8984362133228205,2.135223132675838,21.614035557452027,1.9599973447911152,181.1935743075522,16.957856573274107,0.9682037632342861,1.0412793670227853,136.03219383363958,52.40380850586868,22.14881818578316
1636.25,水层,13.137134646192472,46.567952835348784,40.294912518458744,77.90391955261084,22.096080447389156,80.04566057592683,36.18163556156769,7.480858812959933,2.9054584608211655,2.141741023315981,19.954339424073176,2.0143421699917456,192.3347091168666,17.085333807311027,0.942094145076405,1.014981868228146,145.72702254506373,52.96180067823137,22.028876989634263
1636.375,水层,12.860227671155311,45.67173474995962,41.46803757888507,80.07035187278244,19.929648127217558,82.24552255439048,35.48530612952484,7.336886820329662,2.8495418001051225,2.1751706816080354,17.754477445609517,2.0215356472839883,200.4207551321436,17.061814823166376,0.939259264927491,1.011495496867886,127.7573057477336,54.212156671769435,21.89573533010965
1636.5,水层,12.63798804755937,46.937451681264314,40.42456027117632,77.87805123542016,22.121948764579834,80.00545529371368,36.468722963296614,7.540216558567067,2.928512159400634,2.1274040582935174,19.99454470628632,1.92348172999469,172.44163645641896,16.94634022852362,0.9392569205413801,1.0115922145418639,118.93456281729135,52.56170137749591,21.931261873893625
1636.625,水层,12.883726681668154,47.43067974336568,39.68559357496617,77.84849552088839,22.151504479111605,79.94079858688646,36.851943545373466,7.619450651339325,2.959285546652886,2.0923030659980584,20.05920141311355,1.9654505067222752,188.48741935882882,16.785275004172703,0.9431156215192917,1.0165386240126,151.11168127254916,51.38879793817274,22.131349912818255
1636.75,水层,13.085793180925867,48.02300365881105,38.89120316026309,79.20363924561735,20.796360754382647,81.29247886170464,37.31215806497711,7.714603891136091,2.996241702697844,2.0888396160872817,18.70752113829537,2.3447299094814404,186.6450109231226,16.53080263265462,0.9510872696193091,1.0269725077614889,139.0410350082089,51.35893955609748,22.020963826291624
1636.875,水层,12.987015583228342,48.01860597678427,38.99437843998738,81.5324112377908,18.467588762209207,83.57655425274564,37.30874122316379,7.713897430225883,2.9959673233945967,2.0441430149548427,16.423445747254362,2.113474370450223,195.10538385093258,16.35302868003636,0.9534358440010129,1.0311689636771852,143.97451804621113,52.190958167464615,21.859057834543606
1637.0,水层,12.767340990418646,48.38488150218615,38.8477775073952,79.63549141942242,20.364508580577578,81.68235623735731,37.593324220017216,7.772737368967923,3.018819913201011,2.0468648179348854,18.31764376264269,2.0046626938204235,152.45573410318576,16.240478809639185,0.9425757817270437,1.0195094402197813,130.85113200092192,51.51125863427232,21.884098232226755
1637.125,水层,12.464356218060288,47.888026407046844,39.64761737489287,81.94778027487925,18.052219725120754,84.02268731436766,37.20728556285743,7.692920615365314,2.987820228824098,2.0749070394884197,15.977312685632338,2.006641109602845,181.71600539492522,16.275680889858336,0.9342594098419149,1.009054352070336,132.53066218111462,53.41700356859779,22.040161183298363
1637.25,水层,12.533187609051929,47.535908754375896,39.93090363657217,80.91084902680166,19.089150973198343,82.97132001778958,36.933702727279915,7.636355052895867,2.9658509742001167,2.0604709909879295,17.028679982210416,2.045015212202165,183.67198842054142,16.359416634588346,0.9396531831878979,1.0113617862169921,125.23862425053672,53.01704087172275,22.048060211849254
1637.375,水层,12.261179047220654,47.945420463931555,39.793400488847794,79.75180119808097,20.248198801919038,81.84866655927597,37.251878694467585,7.702140622046209,2.9914011474177564,2.096865361195009,18.151333440724027,1.9562174192621715,188.06898147441876,16.382133702674864,0.9486349324348534,1.0190270547255422,133.2491053428719,50.74228096766135,21.879986242893562
1637.5,水层,12.495187309797345,48.74086311066,38.76394957954265,77.64342064715494,22.356579352845063,79.77662039751652,37.86990921120121,7.829923652471067,3.0410302469877233,2.133199750361582,20.223379602483483,2.0441720188546495,181.26920961049336,16.412356123356975,0.9714698464642769,1.0407861859316818,139.7599594234743,52.50549324166113,22.220991865019766
1637.625,水层,12.169130264438458,48.90306346786705,38.9278062676945,76.90041060723695,23.099589392763054,78.99026643804429,37.99593309361604,7.855980154803643,3.0511502194473628,2.089855830807343,21.009733561955713,2.0426688719174235,179.61129560413536,16.453083886728706,0.9888802725320871,1.0560788583359426,139.49451651514084,51.906541986896045,22.034035202574604
1637.75,水层,12.007425665221898,48.28150735364936,39.71106698112873,76.9736636607068,23.026336339293195,79.09355087741604,37.51300619998164,7.756130939803044,3.0123702138646764,2.1198872167092233,20.90644912258397,2.143022649161754,185.38612786883354,16.601823496203966,1.003857307436689,1.0689518670379476,120.28211546391562,51.91294105178663,22.068255476325437
1637.875,水层,11.886324548238985,47.63377897928029,40.479896472480725,74.88786815390225,25.112131846097753,76.9771192034756,37.009744395298675,7.652077310154867,2.9719572738267392,2.0892510495733463,23.022880796524404,2.0368879213610125,167.26208902064295,16.86932712210341,1.000462020301902,1.0612320053152622,129.87437105836258,53.18880359291083,22.162384514344318
1638.0,水层,11.5875545032519,46.83077056907555,41.58167492767256,75.33401256427945,24.66598743572055,77.38399649246843,36.38583555065548,7.523078885774891,2.92185613264518,2.049983928188974,22.61600350753158,1.957121334585551,173.7070563789194,16.990184963796224,0.9964664822961055,1.053698710212993,137.29167961641204,51.98912916559378,22.08710943354837
1638.125,水层,11.253101551535458,48.13239631374612,40.61450213471842,76.58537894214533,23.414621057854678,78.61174065111105,37.397152249453455,7.732177156803095,3.0030669074895697,2.026361708965724,21.38825934888895,1.995387190500888,173.01799092285643,17.11297924321577,0.9876851465481659,1.0422419197770314,140.5545741122172,52.76898044394869,21.98865947145668
1638.25,水层,11.219506573704397,47.23412959916083,41.546363827134776,77.67005510312622,22.329944896873776,79.64353442697367,36.69923110571915,7.587876064333919,2.947022429107761,1.9734793238474473,20.356465573026327,2.1168341550035943,183.77231153430483,17.02703213427148,0.9747676970598664,1.027557203426005,149.0540148081955,52.71447345867071,22.066444986576965
1638.375,水层,11.041797488736009,48.078935201289994,40.879267309974004,79.24239880716797,20.75760119283203,81.22171872650573,37.355614875147076,7.723588953759639,2.999731372383277,1.9793199193377673,18.77828127349427,2.12580356302278,174.61892449859505,16.776355316807148,0.9811789670863494,1.0330001360104724,147.6653957406086,52.068304812236875,21.9581780938782
1638.5,水层,10.761342756910036,49.463135134368905,39.77552210872106,77.77718656327191,22.222813436728096,79.7276916772856,38.43108876810702,7.945952266677524,3.086094099584365,1.9505051140137046,20.272308322714395,2.1265625069363447,185.38779907816655,16.68576910023772,0.9826588381303432,1.033645683523602,135.30723985176277,52.22706614874296,21.980430422299357
1638.625,水层,10.76229427402344,49.13331407929219,40.10439164668437,77.77175186576414,22.22824813423585,79.72815783329526,38.174829592241785,7.892968517202982,3.0655159698474197,1.9564059675311063,20.271842166704744,1.9669066452309474,173.7729591584898,16.523802080830684,0.999043646046712,1.0497130638363628,141.71894482133905,51.74928478016909,22.090054692964394
1638.75,水层,10.906478621772862,49.376742195237036,39.716779182990095,76.52152097360032,23.47847902639968,78.51269787821694,38.36396454107015,7.932073765675616,3.0807038884912665,1.9911769046166226,21.48730212178306,2.173123976280477,183.964551838415,16.476408714980142,1.026193438087692,1.0757450689061807,129.913757466767,52.82706521651834,22.081684176271665
1638.875,水层,10.715186441734708,49.741024811514635,39.543788746750664,74.34087255453551,25.65912744546449,76.33983730201672,38.64699911873717,7.9905935556699,3.1034321371075646,1.9989647474812147,23.660162697983278,2.0264070607691056,189.12759128135738,16.490711343621932,1.0461428700326594,1.0952899890517895,136.58271870063666,52.74293642730326,22.027478284274718
1639.0,水层,10.761766349016293,50.138089406013094,39.10014424497062,73.56887819955772,26.43112180044228,75.54802333164845,38.95550412223906,8.054379571378401,3.1282057123956375,1.9791451320907358,24.45197666835155,2.20756558301953,171.7652849922014,16.38196030062896,1.0665861986973941,1.1164082761322847,138.6144245926268,51.151897759496265,22.049861044520952
1639.125,水层,10.843635432389119,50.79915858016022,38.35720598745066,75.10957883578044,24.890421164219568,77.0749793755881,39.469131251706116,8.160576319491422,3.1694510089626786,1.9654005398076708,22.925020624411896,2.3124278366074633,169.76893744359631,16.21575218808311,1.0848124201960512,1.1353809906499392,130.72414069580427,50.79292309019162,22.269865979994382
1639.25,水层,10.788113802586526,51.48658889614444,37.72529730126904,75.3269638621268,24.673036137873193,77.23767462924653,40.00324004654311,8.271007824947741,3.212341024653581,1.91071076711972,22.762325370753477,2.2428905007083615,163.79791945969433,15.958365514818068,1.0920944246550104,1.1439056746134568,127.56302683157429,52.14852823104365,22.015647046561703
1639.375,水层,10.544900026600022,52.168082642383816,37.28701733101615,76.6612664477875,23.3387335522125,78.57303492634433,40.53273633879163,8.380485656527703,3.2548606470644836,1.9117684785568276,21.42696507365567,2.022711851414034,161.80957210424845,15.693878669543523,1.0960197357283414,1.1493167345354016,137.40985818943574,49.56519377698964,22.23167791013906
1639.5,水层,10.700785890932272,52.43138997186678,36.86782413720094,76.59530361868826,23.40469638131174,78.55946414122377,40.737316726289585,8.42278437992755,3.2712888656496464,1.9641605225355079,21.440535858776233,2.098332271394069,154.8712705760824,15.460097578355057,1.111033150786049,1.165155307802439,123.06236692005832,51.36448386087724,21.94744440371057
1639.625,水层,10.6232650533754,53.309806480207,36.0669284664176,75.76976279925799,24.23023720074201,77.69015432906406,41.41981496898461,8.563896657314979,3.3260948539074073,1.9203915298060603,22.309845670935946,2.0263968124517526,170.67723141455096,15.257276449169334,1.1235362349251823,1.1776992976742,119.94264206981235,51.126396464662434,21.844767390316072
1639.75,水层,10.492839678950743,53.667518440956165,35.83964188009309,76.06956977947455,23.930430220525444,78.02394333108626,41.697744382064066,8.621360911402615,3.348413147489482,1.9543735516117149,21.976056668913735,1.859829073412988,167.71396426082939,15.129346456587925,1.1463490720673977,1.2015036195520077,122.72895618249456,50.37343117768999,21.98395586134511
1639.875,水层,10.697617089973201,53.92124401161513,35.38113889841167,74.32354251587422,25.67645748412578,76.30603535296463,41.89488008529526,8.662120383437998,3.364243542881874,1.982492837090405,23.693964647035372,2.097982643917946,150.4799256242623,14.997540975816996,1.172190488149187,1.228673495162051,132.01855731535431,50.87351396193954,21.892307434887936
1640.0,水层,10.903619353188693,54.29216189647692,34.80421875033439,73.86649481178897,26.133505188211036,75.88842058711698,42.18307002958565,8.72170608903394,3.3873857778573297,2.0219257753280147,24.11157941288302,2.0453498390789524,158.75252948110577,14.941152875535476,1.1939713639015488,1.2519525165045624,121.00226455635703,51.343731515381755,22.27839319672351
1640.125,水层,10.981620256595704,54.34554232831593,34.67283741508837,72.76011290908355,27.239887090916458,74.72443568482082,42.22454471793511,8.730281331226234,3.3907162791545904,1.9643227757372774,25.275564315179178,1.946976529148374,160.87152937942065,14.953910328680259,1.2226303942776915,1.2821037350591313,145.7095546992056,50.45850226000014,21.892693797119037
1640.25,水层,10.966875417253952,54.323334384989366,34.70979019775668,70.96262848319263,29.037371516807376,72.92119138917919,42.20728993942133,8.726713760001026,3.3893306855670047,1.958562905986557,27.078808610820815,2.2582743991461385,152.91886519328855,14.876943043630268,1.256792169193479,1.316507833351445,127.41347127027329,49.94876316756238,22.20136306795324
1640.375,水层,10.653263659586118,55.60277942818526,33.74395691222862,70.06921491226925,29.93078508773076,72.02528118249344,43.201373025651144,8.932248836042085,3.4691575664920244,1.9560662702242155,27.97471881750655,2.0659981672602514,160.03833028330106,14.812643911025061,1.2762434260650415,1.335055816037321,117.39754591756675,49.87308839786808,22.142143426683425
1640.5,水层,10.490141991869276,55.575884686223056,33.93397332190768,71.83961192052091,28.16038807947909,73.77269940944468,43.18047677204861,8.927928359079278,3.4674795550951725,1.9330874889237804,26.227300590555313,2.0305474862016517,153.98525192011198,14.775501612044788,1.2805703150573509,1.3367018694294865,125.24862079989259,49.72729817643917,22.181643512354686
1640.625,水层,10.198722814641304,55.077850871433974,34.72342631392472,72.80713829670364,27.192861703296355,74.73234424039045,42.793522291834535,8.84792225132337,3.43640632827607,1.9252059436868023,25.267655759609553,2.012138291154033,164.46290848345024,14.755032437451423,1.2643844429608602,1.3178012220454034,108.63661062498974,50.766497878198805,22.11302733673137
1640.75,水层,10.211335392391849,54.25936512140132,35.52929948620682,74.06709231600445,25.932907683995555,76.04724096441926,42.157588107123324,8.716437486294875,3.3853395279831275,1.980148648414817,23.95275903558074,1.9897151030373539,155.06120811537662,14.779347467304502,1.2309823074288424,1.2831309489899794,125.88573218909742,51.18454211069941,22.029250532514162
1640.875,水层,10.262567278985113,54.54821583454056,35.18921688647433,75.13364234975165,24.86635765024835,77.05834957296562,42.38201479110178,8.762839599152564,3.4033614442862152,1.924707223213971,22.941650427034375,2.126122284897829,161.23059555433034,14.863153817882562,1.208432984263701,1.2592465165568805,129.30004440736016,50.54277540125497,22.5764894828644
1641.0,水层,10.29251592465724,54.284664570464194,35.422819504878575,74.29800957215413,25.701990427845868,76.26160343740305,42.177244875140104,8.720501689141717,3.3869180061823685,1.9635938652489189,23.738396562596954,1.949080345353639,157.23466138043557,14.803246842441965,1.1930292025804752,1.2453094138482024,131.9739131407269,50.74326844815121,22.402028282653443
1641.125,水层,10.415554030230947,54.97676405663693,34.607681913132126,76.25374059724209,23.746259402757907,78.17293846652036,42.714981448392294,8.831683268432663,3.430099339811969,1.9191978692782732,21.82706153347963,2.1454436442958933,142.6364531194436,14.710573806462861,1.1934393903902463,1.2467650004841075,125.19247088352674,50.51548711143772,22.64535333149504
1641.25,水层,10.230494966113008,55.01348312827121,34.75602190561577,75.41376003316957,24.586239966830437,77.32489924664063,42.74351085514393,8.83758196429353,3.4323903088337464,1.9111392134710536,22.675100753359377,2.109562217636546,184.01700551328622,14.67713742109659,1.1907096744371075,1.244500623199025,129.45799401617282,50.33059835357736,22.30398000238111
1641.375,水层,10.325790508923879,54.69501944080275,34.979190050273374,76.09711877210273,23.902881227897264,78.03225688744459,42.49607594813144,8.786422706951265,3.4125207857200452,1.9351381153418477,21.967743112555414,1.8106965031227324,159.5636488226163,14.615925400052422,1.1771992720954851,1.2307739859099298,131.10041630244336,51.05976872701469,21.990725588537252
1641.5,水层,10.071224075069344,54.413513154152994,35.51526277077767,77.74077078739359,22.259229212606414,79.69703178370504,42.27735562113179,8.741200431605956,3.3949571014152466,1.9562609963114552,20.302968216294957,2.215194116397052,152.97358615805712,14.603642433460667,1.1607336478138306,1.2130452511390617,141.07202433730274,49.33106103595558,21.95827246121578
1641.625,水层,10.079701537805722,54.64365672469379,35.27664173750049,79.60629900060641,20.393700999393594,81.57308613149786,42.456168952814785,8.778171598537291,3.409316173341717,1.9667871308914513,18.426913868502137,2.07198097040746,160.00723792364943,14.550095101870314,1.1363980941238454,1.1891619838391767,126.77768974350562,51.49590269834643,22.40887789300426
1641.75,水层,10.324101055664844,54.524891589079076,35.151007355256084,80.65077543213556,19.349224567864443,82.67020632499877,42.36389268571269,8.759092700768752,3.401906202597625,2.0194308928632134,17.329793675001227,1.8663627255099677,150.45899066364026,14.47934236004708,1.1152593593608793,1.168411190820268,114.67903926600279,50.0523323114334,22.015514523638416
1641.875,水层,10.371501678982314,54.45512322694132,35.17337509407638,81.0925374642856,18.9074625357144,83.1298453538341,42.3096851610332,8.747884837098871,3.3975532288092443,2.0373078895484986,16.8701546461659,2.1071291698233123,151.4598565669294,14.457417791099882,1.1027044980128695,1.1579162698117007,124.7956297361348,50.141751293401065,22.0985521976245
1642.0,水层,10.655708403446804,53.84544756376558,35.498844032787616,80.16218199189424,19.837818008105756,82.19481789305874,41.835988953390654,8.649944144407453,3.359514465967471,2.0326359011645048,17.805182106941253,1.9237324337548019,169.80132108262453,14.50230374238609,1.0920154681750809,1.149531295279379,142.75908483024588,50.11766283068423,22.338400016084357
1642.125,水层,10.906715984087347,53.48487809697959,35.60840591893306,80.49399625904134,19.506003740958654,82.57870245400363,41.555839360214286,8.59202084932881,3.337017887436497,2.084706194962288,17.421297545996374,1.8471731550667176,159.6171313699716,14.50525653148446,1.1007335003511858,1.1600738966968813,127.67960289014114,49.78001832367783,22.08359130964092
1642.25,水层,10.821762865340846,54.59869277239715,34.579544362262006,78.68420767623611,21.315792323763894,80.70833389306294,42.42123356836366,8.77094841266968,3.406510791363811,2.0241262168268404,19.291666106937054,1.8849135822204381,179.39744809376901,14.48149801425872,1.1248657756034128,1.1870660269045124,131.93582370809574,51.68861103886069,22.104776218631773
1642.375,水层,11.02005864182041,55.23567577824047,33.74426557993912,76.72687345438335,23.273126545616652,78.72103111484464,42.916146605615324,8.873275864121478,3.446253308503666,1.9941576604612858,21.27896888515537,2.072490227673657,150.13686654971727,14.461513286733672,1.1494861502303628,1.2135070007753501,111.66228600970527,50.231223291236205,22.07893094732822
1642.5,水层,11.108692457208267,54.70719785433409,34.18410968845764,75.78249418953077,24.21750581046923,77.83047977117134,42.50553814033188,8.788379095124819,3.4132806188773914,2.047985581640574,22.169520228828652,2.079987796753754,154.82470228251637,14.541678851919478,1.1769067829271425,1.2419985406027496,113.41593106824,50.058536481871016,22.491818205885703
1642.625,水层,11.264529962610112,53.75049227392667,34.98497776346322,74.20563979834132,25.794360201658673,76.20704620574698,41.762212085772234,8.63469015376414,3.353590034390291,2.001406407405653,23.792953794253023,1.9253264645959596,167.11732657102567,17.363073307253885,1.0514923293930651,1.100565560676284,154.91007639368394,52.59001116649843,22.314297090575934
1642.75,非储层,0.23979172172062302,30.385042535640505,69.37516574263887,90.92470283116683,9.075297168833174,91.1719267888005,28.027789597057488,2.3268678960473754,0.030385042535640075,0.24722395763367633,8.828073211199495,2.0541239421102815,178.1291966426326,20.34659782205001,0.9051988031232203,0.9371155257089494,175.98700203217626,54.5507915693511,23.299644775043845
1642.875,非储层,0.24091406287957665,28.95731231229911,70.80177362482132,93.51620511279836,6.483794887201643,93.75751164302866,26.710821807585578,2.2175331924012345,0.028957312312298533,0.24130653023030596,6.242488356971343,2.2687743173545356,186.13224250991678,23.12555927634541,0.7611163033830852,0.7762539958271152,205.66223125201074,60.380521068289184,23.15111098326495
1643.0,非储层,0.2394490735856593,30.498988183513266,69.26156274290108,94.35232667519666,5.647673324803337,94.59809345688693,28.13289541154934,2.335593783780409,0.03049898818351486,0.24576678169026742,5.401906543113066,2.389062325932397,188.89510718224477,25.724364892478945,0.619685959661612,0.6181539624119736,213.2524499991949,61.201756404825254,22.974329121114533
1643.125,非储层,0.23987973913518956,31.226904452190198,68.53321580867461,94.17327889716944,5.826721102830568,94.41264990909526,28.80434038316067,2.391337164577333,0.031226904452192825,0.23937101192582516,5.587350090904741,2.328742987637579,156.74954741057692,25.514703616063695,0.6185289160502903,0.6170203958891636,222.508172574069,61.320884632063866,23.149108574079133
1643.25,非储层,0.2394314014451242,32.63714289897464,67.12342569958024,94.66225585389454,5.337744146105461,94.90729636494169,30.105173397358136,2.499332358717523,0.03263714289897593,0.24504051104714195,5.0927036350583155,2.199905599743312,163.74008024797146,25.02840419188498,0.6335102789406006,0.6319549142997269,220.32006369381176,59.883979138681646,22.022439943288575
1643.375,非储层,0.24641957445788293,34.21623858469323,65.5373418408489,91.94167536199565,8.058324638004354,92.1838739801204,31.561763809598908,2.620258536509627,0.03421623858469065,0.24219861812475973,7.816126019879599,2.2327067819940223,174.73461148068895,24.650324873042997,0.6521208910988999,0.6504993924507597,211.84316629926212,60.96907572651149,21.926274473855358
1643.5,非储层,0.25194023790324976,34.59570757666176,65.15235218543499,89.46265429756104,10.53734570243896,89.70599454200772,31.911793830225875,2.6493180388592235,0.03459570757666057,0.24334024444667887,10.294005457992284,2.3906314068146606,178.69117513459523,24.51958669683245,0.6602008492620131,0.6585341095357846,216.44936162699702,60.56344841055849,21.846394267820024
1643.625,非储层,0.2580705335452968,32.6359936726879,67.1059357937668,91.42431939917786,8.575680600822144,91.67226210406837,30.10411332734092,2.499244351674296,0.0326359936726861,0.24794270489051873,8.32773789593163,2.229037041293249,175.63318180229254,24.48018818636085,0.6649110422238513,0.6632197967406505,211.2674463844274,59.71888755570042,22.189590619921834
1643.75,非储层,0.2565172679191093,33.05697702605713,66.68650570602375,92.5216324204433,7.4783675795567,92.76978984648724,30.492437050707654,2.5314829983234235,0.03305697702605456,0.24815742604393284,7.230210153512761,2.1175265611427383,178.78270371401186,24.679298551353458,0.6624497359131458,0.6607383083252175,226.1545601881645,59.6490930407405,21.902943922041747
1643.875,非储层,0.2557812724429848,32.06244029000468,67.68177843755232,90.36288886478646,9.637111135213539,90.6165380448078,29.57505586383169,2.4553219858829842,0.03206244029000521,0.25364918002133163,9.383461955192207,2.335646202081553,179.94593430220726,24.76927465235352,0.6551778670430998,0.6534920302921652,220.0407951348904,59.96199802759746,22.114752406508558
1644.0,非储层,0.25237555361375935,33.611954485732994,66.13566996065325,92.01748273094019,7.982517269059808,92.2645102344999,31.004359699907813,2.5739828313394537,0.033611954485731135,0.2470275035597021,7.735489765500104,2.3207613688021955,168.2916978187778,24.597826544824628,0.6592758841176019,0.657582090877894,231.08423093797597,60.352869456658006,22.07890620191194
1644.125,非储层,0.2470997156090973,34.49743538748473,65.25546489690616,91.7209156485909,8.279084351409093,91.9669486705667,31.821145537130175,2.6417924149670697,0.03449743538748752,0.24603302197578458,8.033051329433306,2.2829149617746296,173.62882026922927,24.40206179951346,0.6611459665517079,0.6594703326298144,199.99193670613886,60.77103203452483,21.82414704762036
1644.25,非储层,0.24609664548565338,35.1743954255963,64.57950792891805,94.45543134783283,5.54456865216717,94.69444976881645,32.44558743124804,2.6936335989226685,0.035174395425596056,0.23901842098362844,5.305550231183542,2.1106672546863803,170.28919864908747,24.10400897865931,0.6628866519288268,0.6612490687863188,203.32350829927964,58.082724749611344,22.18497398609462
1644.375,非储层,0.2465351564134415,35.27797017016718,64.47549467341938,93.86128330252821,6.138716697471791,94.09949344164487,32.54112691074676,2.701565289250256,0.03527797017016769,0.23821013911665914,5.900506558355135,2.346407626351924,173.90095014477362,24.09271215883747,0.6629377715807865,0.6613116203041837,218.33016966368123,58.004646048721085,22.008104245222665
1644.5,非储层,0.2518395327745691,33.73397339272076,66.01418707450468,92.15829096014632,7.841709039853684,92.39915288917902,31.116912455030814,2.583326964297227,0.033733973392719926,0.24086192903269432,7.600847110820985,1.9598229605089836,174.2878427144415,24.33537857816632,0.6528401629711033,0.6512637914987547,218.06760520854593,62.05566217666052,21.89779837966895
1644.625,非储层,0.24559062727680267,31.866807270532348,67.88760210219084,93.81316430207805,6.1868356979219445,94.05104358520244,29.3945999338597,2.4403405294021177,0.03186680727053186,0.2378792831243766,5.948956414797568,2.208668670662686,170.08641432622542,24.595195407834723,0.6456497185752829,0.6440867312845686,217.69005795119645,60.027408368643435,22.846766349852643
1644.75,非储层,0.2389690445786723,32.371076209165516,67.38995474625581,94.65355482747074,5.346445172529258,94.89522942184975,29.85974799793642,2.4789571350199338,0.032371076209163074,0.24167459437900882,5.104770578150253,2.3100664024041384,192.53800295661375,24.984373239968644,0.62993130133006,0.6284111360851283,231.07524954580592,60.40302793443326,22.975908183051235
1644.875,非储层,0.2357829657929546,31.066538435734927,68.69767859847212,97.31612623644207,2.6838737635579313,97.56000516728355,28.656415463771324,2.379056433527867,0.03106653843573462,0.2438789308414738,2.4399948327164522,2.3447816557760954,185.96426733145228,25.300142174774187,0.6128992015577431,0.6114492002344476,236.82966409547626,61.5458629251838,22.71628223031448
1645.0,非储层,0.23669797116950592,30.31144327558498,69.45185875324552,97.6816853774986,2.318314622501405,97.91833649403164,27.95990012239522,2.3212317099141764,0.030311443275584868,0.2366511165330349,2.0816635059683675,2.404123807572972,176.34293526590787,25.252736929032807,0.6096457941602589,0.6082259705673769,220.09322149881206,61.327059130844894,22.809038140752886
1645.125,非储层,0.24252138172097576,32.37120606224254,67.38627255603649,96.50298114337447,3.4970188566255334,96.73357339530355,29.859867777091477,2.4789670790888216,0.03237120606224414,0.23059225192907962,3.2664266046964485,2.1433995072916328,187.25425578162248,25.436645251608113,0.6052835613866074,0.6038959936053934,222.56115436974366,60.54484299045265,22.20353490116591
1645.25,非储层,0.24398817698633024,30.37883843278788,69.37717339022579,94.56301152966773,5.436988470332271,94.791889465338,28.022066804693846,2.326392789661244,0.03037883843279021,0.22887793567026965,5.208110534662003,2.0653987214449208,175.1502354805151,25.593000072314876,0.607777809644048,0.6063967979028327,237.0431758221389,61.21057150609653,22.0192987674574
1645.375,非储层,0.2445750520775669,29.383751415631586,70.37167353229084,93.44825058145386,6.551749418546137,93.67552544662907,27.104178027184123,2.250189637031834,0.029383751415630252,0.22727486517520606,6.324474553370929,2.333659413486336,180.4223106605902,25.585423187516334,0.6168070573950452,0.615407184699812,203.983591521623,61.533815389447376,22.139534133604283
1645.5,非储层,0.23775683837380485,30.41399211735023,69.34825104427597,92.20201001739657,7.797989982603426,92.42372955967085,28.0544932879979,2.329084837234979,0.03041399211735074,0.22171954227427185,7.576270440329158,2.2305202087268943,179.28240037616806,25.664718177198967,0.6260685257167473,0.6246367409940589,221.97679855774362,61.94728105554603,23.140423113996835
1645.625,非储层,0.2316724322924438,31.549170797498338,68.21915677020922,89.93197938998748,10.068020610012518,90.1513628998237,29.101605503323487,2.4160161233773563,0.031549170797496445,0.21938350983621516,9.848637100176305,2.3643151130656177,179.00372568829386,25.696107426279195,0.6290095525166645,0.627579749926017,224.9005925808701,60.12299174050364,22.710647805341843
1645.75,非储层,0.23186814045635162,30.058816149758773,69.70931570978487,92.33987487314064,7.660125126859363,92.55683303524978,27.72687165383668,2.3018856797723317,0.03005881614975732,0.21695816210914118,7.443166964750225,2.3156276342067796,175.25595277077772,25.79067699701023,0.6282909725204967,0.6268633521785135,230.57593771231984,60.51231411916723,22.728625319314933
1645.875,非储层,0.22620835309890772,28.38069464675269,71.3930970001484,92.54999863430771,7.450001365692294,92.77310722484702,26.17893778639571,2.1733761657102244,0.028380694646754773,0.22310859053931248,7.226892775152982,2.2344613501554877,190.15815597789341,26.173394072545285,0.6157622841044991,0.6143640935366146,217.05987205299772,61.55697559872372,22.7745628140161
1646.0,非储层,0.23109077720247576,26.27317351216847,73.49573571062905,94.54456606814061,5.455433931859388,94.77202231821576,24.234916847073592,2.0119834915827077,0.026273173512168096,0.22745625007515544,5.227977681784235,2.4256213417672363,176.87125603762863,26.571123894939785,0.5947674879695681,0.5934382476440967,229.18208441805317,62.12615085382884,22.002216160381153
1646.125,非储层,0.225943003543417,27.22751592590248,72.5465410705541,97.01586877473318,2.9841312252668284,97.2400355797767,25.115221962470756,2.0850664475058176,0.027227515925904236,0.22416680504352995,2.759964420223293,2.319656590566768,197.34772846279665,26.778282500794276,0.5806173125633045,0.5793395967346483,225.07611412083008,62.30948543008793,22.277682471000546
1646.25,非储层,0.22397465541164727,27.80363769835764,71.9723876462307,98.36170824205816,1.6382917579418455,98.57936183882678,25.646648561650824,2.1291854990084578,0.027803637698358558,0.2176535967686264,1.4206381611732155,2.301171562952058,181.02864862753037,26.91932960724337,0.5693626238270508,0.5681376093438213,223.7541079332759,63.404521956392976,22.050745792186408
1646.375,非储层,0.22322715321505088,26.83888579562187,72.93788705116307,97.83729269443099,2.1627073055690116,98.05508712237545,24.75674151901554,2.055305390810703,0.02683888579562317,0.21779442794446713,1.9449128776245495,2.368171792078173,183.2803586550369,27.019190815974483,0.5629283819943727,0.5617451820071461,217.97908361239314,61.96268349317165,21.89316306635969
1646.5,非储层,0.22895552661612367,25.184310307592007,74.58673416579187,97.50411672023233,2.4958832797676633,97.71991774263999,23.23052698117,1.9285990161144122,0.025184310307591745,0.2158010224076592,2.2800822573600055,2.3886659422443364,191.44172115190426,27.04617706430406,0.5607989961631947,0.5596362105479679,223.16368674011332,63.127534923964554,22.22517575613923
1646.625,非储层,0.23435288555215783,26.92385433279336,72.84179278165448,98.08537367157425,1.9146263284257614,98.30211187054869,24.8351182492577,2.0618122292028676,0.026923854332793623,0.2167381989744574,1.6978881294513082,2.2983439696331307,175.41096990398677,27.10291526690242,0.5585616351956122,0.5574131170631179,230.0667145379756,60.94755716933969,21.931395666116828
1646.75,非储层,0.2291868517421642,27.18255741410576,72.58825573415207,99.08963795863303,0.9103620413669633,99.30290172880318,25.073751304407427,2.0816235522842246,0.027182557414105746,0.21326377017014175,0.6970982711968166,2.2998288141551266,194.5555512959908,27.072994694549102,0.5585532961105624,0.557412188893794,224.34801365061034,61.527530923763386,22.158144019551692
1646.875,非储层,0.2288972496030178,27.155368497269095,72.61573425312788,98.27610511798888,1.7238948820111233,98.49027113298425,25.048671687040557,2.0795414417312665,0.027155368497270085,0.2141660149953649,1.5097288670157583,2.316933989355199,189.8987641796974,27.090251359729702,0.5613496220008836,0.5601960891084142,231.54627984163415,60.50865985325708,22.032175811513103
1647.0,非储层,0.2263238293928023,25.00832265094637,74.76535351966082,95.3405047206921,4.659495279307901,95.55550907861138,23.06819233884204,1.9151219894533826,0.025008322650946907,0.21500435791928235,4.444490921388622,2.194299225411549,189.84282045488138,27.119034741384922,0.5668617400333122,0.5656938469074857,227.89105818835915,61.15831921587967,22.071649920856686
1647.125,非储层,0.2328982754178186,26.629832524363472,73.13726920021871,94.00211609405399,5.997883905946011,94.21114215436644,24.563906472148844,2.0392962196902653,0.02662983252436288,0.2090260603124601,5.788857845633554,2.4265786884702742,188.54622536268724,27.02587335513829,0.5759100053302314,0.574705632106441,232.99540093710817,60.91682447268316,22.139162194503054
1647.25,非储层,0.23039833931613718,28.206468493787142,71.56313316689672,94.39000520425573,5.609994795744266,94.60404405709285,26.01822799137419,2.160034033919168,0.028206468493784803,0.2140388528371214,5.395955942907149,2.2749025206466076,199.42537167806236,27.089993908444892,0.5806244683545415,0.5793991594946588,231.38977988393003,61.74207195307119,21.922574129346152
1647.375,非储层,0.23688703260537092,26.47055270200128,73.29256026539335,94.21029769829515,5.789702301704846,94.4234738772337,24.416983480581933,2.027098668717349,0.026470552702000105,0.21317617893855037,5.576526122766301,2.0315306627852427,177.34323593162102,27.033219522889883,0.5879442315548206,0.5866935219516469,228.4511741991355,62.35278258533137,21.964629742884107
1647.5,非储层,0.23385248030991496,25.63059864651508,74.13554887317501,91.39925304178487,8.600746958215133,91.61155805098805,23.642192544852666,1.962775503015898,0.02563059864651475,0.21230500920318096,8.388441949011948,2.26147824926321,188.7569716030674,27.095636766112804,0.5876666048167309,0.5864049567819438,235.8600878436575,61.20424930831841,22.146480473258446
1647.625,非储层,0.23785044709725683,25.95335620854897,73.80879334435377,93.32356184317645,6.67643815682355,93.53912223138528,23.93991077344933,1.987492078891093,0.025953356208549203,0.21556038820882317,6.460877768614726,2.4111773383971427,181.4995828081746,27.355227215053166,0.5868007393489187,0.585540128173578,230.44902907477362,62.54104619578152,22.000198884984034
1647.75,非储层,0.24307095443240864,25.40104204085778,74.35588700470981,91.37552918949527,8.624470810504736,91.58493450757443,23.430444799677367,1.9451961991395565,0.025401042040856803,0.2094053180791748,8.415065492425565,2.3770385349178396,195.67391964162164,27.58865754108427,0.5901196865318845,0.5888422312784837,225.36583012177869,62.47127274184297,22.016753755785196
1647.875,非储层,0.24026652947201038,23.96448615906791,75.79524731146007,89.06626684703609,10.93373315296391,89.27416979807259,22.10533604091903,1.8351856319898139,0.023964486159066753,0.2079029510364931,10.725830201927412,2.2678365217052,205.53561852040133,27.63157816706709,0.5952536735933153,0.5939515729360549,236.2485074018594,63.033254780262205,22.025840203750885
1648.0,非储层,0.24276398183003217,25.173600003412933,74.58363601475703,87.80643715869968,12.19356284130032,88.01864886280745,23.22064757581128,1.927778827598238,0.025173600003412788,0.21221170410777274,11.981351137192553,2.385993714233876,177.70909287310232,27.856948597627444,0.5988387229158877,0.5975213276460353,231.64721579067321,61.41892321511433,22.05493964238183
1648.125,非储层,0.24276527876527587,23.533293476150952,76.22394124508376,88.1967357926589,11.803264207341101,88.40553747279068,21.7075950215207,1.8021651611541012,0.02353329347614952,0.20880168013178746,11.594462527209314,2.3622755892969094,196.00608692097214,28.209762249640995,0.5928388152171615,0.5915400820893411,238.27317564795993,62.84277412147056,21.89737295755102
1648.25,非储层,0.23859591634893446,21.593653461734785,78.16775062191627,90.59883067644517,9.401169323554825,90.80366402823834,19.918431088170166,1.6536287201028854,0.02159365346173399,0.204833351793172,9.196335971761648,2.3631485785159154,204.41785949170395,28.247996690388675,0.5857742939429662,0.5845158587836048,221.32256339801663,62.964888196661306,21.96075148346781
1648.375,非储层,0.24551135452933176,23.531084679826154,76.22340396564452,92.98173870480896,7.018261295191042,93.18375716922755,21.70555758225822,1.8019960128881063,0.02353108467982694,0.20201846441859003,6.816242830772456,2.580726354288724,182.53650374660953,28.601679464455515,0.5705663262918221,0.5693736371263713,238.42788825851335,62.83696773029577,21.98659760723287
1648.5,非储层,0.24863624569037474,21.325348683728528,78.4260150705811,92.69881263414567,7.301187365854334,92.90494229678141,19.670941230059093,1.6330821049857078,0.021325348683729622,0.20612966263575083,7.095057703218588,2.7650973819374283,195.20006963684466,28.69882903023919,0.5607436639203489,0.5595973063255848,246.33906352054728,62.814320026287675,22.006597979361384
1648.625,非储层,0.2483160507935718,22.458559469104344,77.29312448010208,93.09886901853764,6.901130981462355,93.30471529718955,20.71623821868021,1.7198626909550288,0.022458559469104925,0.20584627865189506,6.695284702810456,2.5906126109649845,212.8057841188859,28.691106189715182,0.5604764066974841,0.5593274212994549,235.07831532344233,63.15886506488235,22.0349924745924
1648.75,非储层,0.25390725022664146,21.663446460370896,78.08264628940248,90.86602349331923,9.133976506680774,91.0753104733594,19.98280958883628,1.658973425074246,0.021663446460369953,0.20928698004017066,8.924689526640606,2.54648105675025,197.22068304115626,28.991728868656082,0.55390094843495,0.5527683608759577,234.73722479826864,63.05397489741779,22.036042075444893
1648.875,非储层,0.2522510829415159,20.273074822829507,79.47467409422899,93.51682806188667,6.48317193811333,93.72045874110981,18.700302129022223,1.5524996189844538,0.020273074822830042,0.2036306792231484,6.279541258890187,2.6164809237998212,203.2397416454165,29.237015994333238,0.5469393938596299,0.5458366496952471,243.66147543705304,63.199626413533785,23.11979459373716
1649.0,非储层,0.24943945934677272,18.665831678653745,81.0847288619995,94.41766020876932,5.582339791230684,94.6185105527093,17.217747920864294,1.429417926110793,0.018665831678654765,0.20085034393997253,5.38148944729071,2.4732434164841717,200.40786112304772,29.469589176500474,0.5428212242814018,0.5417262929389688,238.9507695050536,63.5343021262226,22.801653383131338
1649.125,非储层,0.2456652520636876,19.947308693744347,79.80702605419197,92.90852781992747,7.091472180072533,93.11539365912947,18.39980873615838,1.52755264889222,0.019947308693745586,0.20686583920199222,6.884606340870536,2.586116141149363,196.43339930389348,29.435413393537083,0.5393200154658939,0.5382432886593602,236.9949664375039,64.430082858609,22.992505665985792
1649.25,非储层,0.24040991711212148,22.03316828216031,77.72642180072758,93.60100063190816,6.398999368091829,93.80788591713203,20.323848618760284,1.6872864951178652,0.02203316828215951,0.20688528522385666,6.192114082867972,2.5779004561868972,194.6744137976743,29.08586005134707,0.5436839437908566,0.5426016008782122,221.58229216720108,63.203145472674464,22.919709604183808
1649.375,非储层,0.24278703343835675,24.053868003150193,75.70334496341145,95.10574605472006,4.894253945279936,95.30783169162459,22.18778369643232,1.842030438714722,0.024053868003149834,0.20208563690451298,4.692168308375422,2.3310693525337607,190.99049776773288,28.413334492740674,0.5579783478798074,0.5568596346902337,228.33666072144453,61.2058468411863,22.021604780137928
1649.5,非储层,0.24031949373535147,25.94797412516534,73.81170638109931,93.52938900727231,6.470610992727687,93.72905053647284,23.93494622878913,1.9870799222510442,0.025947974125165724,0.1996615292005201,6.270949463527165,2.4616745709975993,188.52353339672285,27.738418111008688,0.5686594497187083,0.5675235416926085,230.29517669567463,62.5164761651134,21.972709110846104
1649.625,非储层,0.23549427462838712,27.245181548467535,72.51932417690408,94.7716160870051,5.228383912994894,94.97549760315076,25.131517096886768,2.086419270032299,0.027245181548466585,0.2038815161456597,5.02450239684924,2.264149451110965,200.76187537529933,27.425857772976702,0.5707012126037875,0.5695779900455935,224.3818863133849,61.828206369637854,21.954610647009638
1649.75,非储层,0.2318767993309154,25.408850189154496,74.35927301151459,96.41459344348155,3.5854065565184556,96.61403754070737,23.437647196624688,1.945794142340653,0.02540885018915487,0.19944409722583625,3.385962459292624,2.3685498910050073,194.4313509067784,27.311066146102814,0.5749750631532715,0.5738315694701304,227.63184306676337,61.41376938817703,22.161237152996442
1649.875,非储层,0.22816780055627325,25.312779346538694,74.45905285290503,93.82211953370631,6.177880466293684,94.02700152284143,23.349029470975978,1.938437096216175,0.025312779346539638,0.2048819891351109,5.972998477158575,2.384833872952344,180.97366941580063,27.370324459269263,0.5715484801026844,0.5704114716022817,225.26920637342056,62.25166651337145,22.220556304201022
1650.0,非储层,0.2283079415198228,25.312379888328117,74.45931217015206,94.95532847384082,5.044671526159183,95.15736908092734,23.34866100248805,1.938406505951741,0.025312379888327297,0.20204060708653382,4.842630919072654,2.2947030254404157,215.5723496422349,27.45053366588843,0.5697234319578197,0.5686001309683453,234.07531668550277,61.33060570394208,21.904184197177273
1650.125,非储层,0.23067524107419518,26.382118521495222,73.38720623743058,94.83661190193418,5.163388098065824,95.03377015005009,24.33540996948664,2.020326433487089,0.026382118521493803,0.19715824811591015,4.96622984994991,2.3252461422691573,182.5228662863159,27.489990549258767,0.5671464770810971,0.5660374779707784,223.07889603688162,62.33735447704792,22.012340609360493
1650.25,非储层,0.22758659991977812,24.981559774344,74.79085362573622,97.6560706223616,2.3439293776384096,97.85125948613147,23.043505709769743,1.913072504799909,0.02498155977434524,0.1951888637698817,2.14874051386853,2.314179684646257,203.43395831332623,27.71243073365784,0.5605350587671536,0.5594582254095728,234.9128776005715,61.987971458097384,22.129042182951988
1650.375,非储层,0.2287937658568462,22.902049949263624,76.86915628487952,95.26283268110492,4.737167318895075,95.45903874528078,21.12532297976364,1.7538249195507214,0.022902049949262426,0.1962060641758506,4.540961254719223,2.278296864558282,198.92176649345538,27.833780067654125,0.554045629583352,0.5530009321474604,232.98444803253437,62.04346167189435,21.885235491294214
1650.5,非储层,0.22215354451433303,23.995676253379948,75.78217020210572,97.76688872504045,2.233111274959554,97.96115450222271,22.134106426870105,1.8375741502564658,0.02399567625337995,0.1942657771822704,2.0388454977772863,2.390486197589873,196.55238600063382,27.942349465696022,0.5458659426540595,0.5448547557203325,227.59335184505434,62.358109910401375,22.71713521878753
1650.625,非储层,0.21931352572745463,25.203646827278547,74.57703964699401,98.93557075984617,1.0644292401538302,99.12806128269519,23.24836338553501,1.9300797949162558,0.025203646827279616,0.1924905228490202,0.8719387173048099,2.5861351053579926,181.50549271793832,27.73618675961232,0.5518538452414441,0.5508239804470328,230.67370117184316,62.81891376175655,22.660800101771365
1650.75,非储层,0.2193820726627827,27.22237509766695,72.55824282967026,96.46018037961571,3.539819620384288,96.65634982025641,25.110479956532444,2.0846727660368414,0.02722237509766544,0.19616944064070693,3.3436501797435847,2.474914024102777,194.78853103138437,27.521016620059797,0.5540866326340874,0.5530597995343662,239.9295887473222,62.02873821979641,22.63417302255259
1650.875,非储层,0.21303077395316586,25.23746595461368,74.54950327143315,96.65563214850009,3.3443678514999076,96.84720351791593,23.279558845741903,1.9326696429171646,0.025237465954613958,0.1915713694158354,3.152796482084075,2.381789360617467,183.0535870931361,27.25714044805462,0.5579585772933138,0.5569332532547299,225.57138901866222,61.48428117680205,22.809851600082453
1651.0,非储层,0.21714196747465964,26.8495322818772,72.93332575064815,98.76426861736556,1.2357313826344418,98.95297425752369,24.76656205740585,2.056120692189471,0.02684953228187653,0.18870564015813232,1.047025742476304,2.2870619048682945,204.86198249672879,27.275701837707096,0.5579308086287023,0.5569027076244392,227.01395545280914,61.640987175375386,22.619188599788504
1651.125,非储层,0.21148343433275277,25.011337076147832,74.77717948951941,98.69233235082655,1.3076676491734496,98.88557162711828,23.070972906787716,1.9153528322839661,0.02501133707614872,0.19323927629173224,1.114428372881715,2.3154264939495404,182.47136027171257,27.4725673705527,0.5491710114552925,0.5481661266326868,239.49553384055645,62.34893855235682,22.71901129408487
1651.25,非储层,0.2070980889627897,25.09394060184038,74.69896130919683,99.79217103667133,0.20782896332867118,99.99,23.147168101688965,1.9216785595495727,0.025093940601841544,0.1978289633286716,0.009999999999998899,2.241639841748885,197.24088856564566,27.493395342536786,0.5446213716915538,0.5436222872681028,227.90968685503734,61.33571517952261,22.452304549569995
1651.375,非储层,0.2018693588420739,25.01269597604361,74.78543466511431,99.60500538667941,0.3949946133205984,99.8036079740207,23.072226384064166,1.9154568960034,0.025012695976043414,0.19860258734129063,0.19639202597930838,2.328643802589119,197.41638950960524,27.67870155157121,0.5394973720116294,0.5384940016286264,247.15445060318825,61.43993713089751,22.828186170660445
1651.5,非储层,0.1982704178132754,24.86085187556222,74.9408777066245,99.79063379562135,0.20936620437865816,99.99,22.932162255641273,1.9038287680453791,0.024860851875563306,0.19936620437865712,0.009999999999998899,2.4094387333778484,192.68377856356926,27.83764333322115,0.5349805503953522,0.5339727203499279,234.8076150078876,62.058248656277634,21.981964897159354
1651.625,非储层,0.19650810426825377,23.303748822319005,76.49974307341274,99.78587405245682,0.2141259475431756,99.99,21.49585830095548,1.7845867725412052,0.02330374882231756,0.20412594754317437,0.009999999999998899,2.316909257320553,201.93849201899502,28.09389179247906,0.5325731756347628,0.5315552880255399,226.16658199090006,62.65095077376408,22.11456337560864
1651.75,非储层,0.19657161236718027,22.339787530456977,77.46364085717585,97.98402184510422,2.015978154895781,98.18864655821909,20.606680534087925,1.710767208838599,0.022339787530455818,0.20462471311486818,1.8113534417809163,2.3558849751124162,185.2098083498478,28.439825417338547,0.5289959490606839,0.5279675817948452,232.36846383068433,62.85726586457484,22.079744525547067
1651.875,非储层,0.19669742420328531,21.284850705158,78.51845187063871,97.45718067083595,2.5428193291640477,97.66479991762901,19.633585059793752,1.6299807946590874,0.0212848507051569,0.20761924679305968,2.3352000823709917,2.393276830360998,195.80440203373192,28.6674970315192,0.5251763259359334,0.5241487682249583,236.60777947766388,63.82626549580053,22.01560473274438
1652.0,非储层,0.20184142814155065,22.39719023145128,77.40096834040718,99.44791395637534,0.5520860436246555,99.65267794179088,20.659629968793634,1.7151630724261975,0.02239719023145008,0.2047639854155505,0.34732205820910966,2.2989762859244136,194.37390727162645,28.632197049285043,0.5298317072947483,0.5287799791561684,244.86191572447234,64.12081687208695,22.067508591547636
1652.125,非储层,0.20606499566736308,23.686003423860726,76.10793158047191,96.86910254418932,3.1308974558106883,97.0786736395304,21.848457825275762,1.8138595951611012,0.023686003423859653,0.20957109534107196,2.9213263604696116,2.5092212559445786,202.1945049127736,28.67823854965864,0.5300893869962215,0.5290225940343685,243.39342372307001,63.74991548005142,22.201850314237156
1652.25,非储层,0.21010959380308372,21.83206706156764,77.95782334462928,97.17115349501152,2.8288465049884803,97.38641682492715,20.138348707352506,1.6718862871535634,0.021832067061568552,0.215263329915624,2.6135831750728533,2.430606589300236,205.47535940584902,28.520232859956163,0.5362993849318347,0.5352044803108635,237.07710724212814,63.812435107595526,21.835472295610895
1652.375,非储层,0.21288281440398743,22.986073266338824,76.80104391925718,95.13097942002254,4.869020579977457,95.34535194494018,21.202827819504055,1.7602593735684295,0.02298607326633971,0.21437252491762526,4.654648055059829,2.4363752511882124,205.48694708854043,28.41076236099621,0.545525552193909,0.5443840327398888,221.85819005749096,62.199926124024394,22.10624764035785
1652.5,非储层,0.20794601958007025,23.592296595972407,76.19975738444752,94.34129596886893,5.658704031131068,94.55469949175412,21.762020715543866,1.8066835838325666,0.023592296595972492,0.21340352288518644,5.445300508245876,2.2588495569517826,188.16342306856487,25.864319595698998,0.7112166860144675,0.728141011102591,204.3017131434649,60.57164371410316,22.10055911598504
1652.625,干层,10.150353216002125,47.01914407288099,42.83050271111688,70.00958005968593,29.990419940314073,71.34628874854452,37.416409563131324,6.910548339134752,2.6921861706149146,1.3367086888586062,28.653711251455473,2.4287481473998183,185.18566895657588,23.111863136221537,0.8854957774496123,0.9216546879747137,174.58949496464038,58.03246885847409,22.043247159149253
1652.75,干层,10.395175017151193,47.39484386761671,42.209981115232104,69.53606872995452,30.463931270045475,70.88338661243878,37.71538007120409,6.965766094449477,2.713697701963136,1.3473178824842569,29.11661338756122,2.181044323367942,169.86197560549564,20.416295404746084,1.0483445802894056,1.1045712319793384,137.27359083166476,55.1666314360929,22.027362502309856
1652.875,干层,10.46928620047227,47.59898411756995,41.93172968195778,71.1887389255731,28.8112610744269,72.49921635684824,37.8778286940189,6.995769215371421,2.7253862081796267,1.3104774312751353,27.50078364315176,2.0336781508857573,175.87137042406138,17.752273034034555,1.2125996343873546,1.288635284214879,116.73872537526931,53.168661529058994,22.06692779106348
1653.0,干层,10.3879767983667,47.93625317248249,41.67577002915081,70.91493330997758,29.085066690022423,72.24213350999791,38.14621718429038,7.045338686556492,2.744697301635611,1.3272002000203236,27.757866490002094,2.0552326589200205,169.84207508026464,17.691919567873185,1.2138341391923713,1.2915246496660369,114.90477747430106,52.21445606512948,22.059499453715965
1653.125,干层,10.47703872255363,47.47429123815732,42.04867003928904,70.41241713972552,29.587582860274487,71.76690554088854,37.77860188039428,6.9774427190534265,2.7182466387096165,1.3544884011630307,28.233094459111452,2.0142761576930157,183.79882172370617,17.590445626696315,1.2140125483737996,1.2939526299931101,128.01471970238381,53.62752636174957,22.291544476766532
1653.25,干层,10.731567684854125,48.1685550823039,41.099877232841976,70.62279598498607,29.377204015013938,71.94889337159351,38.331076002364625,7.07948081331673,2.757998266622541,1.3260973866074544,28.051106628406487,2.1404424603430843,182.6008368847433,17.424080353207728,1.226009100579705,1.3074461329600284,112.33369327066048,51.87276172753553,22.064436407598887
1653.375,干层,10.529076382638317,49.35330829922233,40.11761531813936,71.31061445892539,28.689385541074618,72.61183984056443,39.27386669899547,7.2536076405250185,2.8258339597018387,1.3012253816390489,27.38816015943557,2.0889994769007734,176.22316303786482,17.19810951840508,1.2424252962005944,1.326655425985026,113.57883893201172,51.771462640683765,22.810740744066088
1653.5,干层,10.640958894849373,50.252499990695476,39.106541114455155,71.07082051094334,28.929179489056665,72.40602665712919,39.989416189895906,7.385764611320613,2.877319189478959,1.3352061461858533,27.593973342870814,1.9679535786220037,179.01367913363572,17.079282525287653,1.259733488414843,1.3464747706030344,107.14329202818104,50.64764116311771,22.342353839191436
1653.625,干层,10.81688325925426,48.90587481147068,40.27724192927506,69.04720263332335,30.952797366676656,70.37375471918676,38.917812692482165,7.187846963536456,2.8002151554520656,1.3265520858634234,29.626245280813237,1.8420992334509758,173.2445671068432,16.906887777099072,1.2733147634361404,1.3614385953855268,112.8781490908186,51.19672504235697,22.480356168043123
1653.75,干层,10.76004594987259,50.01047189299659,39.22948215713082,70.65803278911577,29.341967210884235,72.00731872039245,39.79681756633843,7.350192996788785,2.863461329869371,1.3492859312766887,27.992681279607545,2.0556611888802476,174.663333125119,16.862832860087227,1.2794043891210936,1.3690801808729134,118.34329325001316,51.61560852378478,22.354911063624034
1653.875,干层,10.843242867296095,49.80295713603961,39.35379999666429,70.78121613236056,29.21878386763944,72.13676796499496,39.63168361314139,7.319693914185066,2.8515796087131506,1.3555518326343887,27.863232035005048,2.092700104497053,183.11698689404713,16.869085522613695,1.2821644015285671,1.3724721286118353,106.8976500202887,52.13079381144362,22.034812911315985
1654.0,干层,10.77312692755293,50.24304793666579,38.983825135781274,70.52306343944532,29.476936560554677,71.85105758259962,39.98189453181894,7.384375413844473,2.876777991002373,1.3279941431542954,28.14894241740038,1.9132560312501488,180.77892225470106,16.728300457365627,1.2864236996364933,1.3777140517710436,107.56722060418777,50.77792226183729,22.083478983165698
1654.125,干层,10.791136819354904,50.215811246620426,38.99305193402467,70.17792867777776,29.822071322222243,71.5115166095294,39.9602203995059,7.380372353668287,2.875218493446234,1.3335879317516341,28.48848339047061,2.052722072064033,161.70998727594343,16.65766427023395,1.2821777926170612,1.3753879590972873,117.88226172997425,51.18384235781133,21.99983557000816
1654.25,干层,11.032991020815059,50.39083148754413,38.57617749164081,72.08656024826931,27.913439751730696,73.4224294223146,40.099496201849064,7.4060956172256915,2.885239668469372,1.3358691740452864,26.577570577685407,2.039497736138349,166.64758581337375,16.642465574080255,1.2739680505346163,1.3669137635801352,112.95653208305507,51.07107109005931,21.943724068664597
1654.375,干层,10.78520268332721,49.69579420770261,39.51900310897018,72.26988555584256,27.73011444415744,73.63632919529536,39.546406603197816,7.303943848737507,2.845443755767288,1.3664436394527921,26.363670804704643,2.13191593239909,176.32606544923578,16.529771594485624,1.2661248899978141,1.358685727804212,108.78046073051145,52.425133351455386,22.048358271173
1654.5,干层,10.531843487880161,51.01834655899194,38.449809953127904,73.2927070359411,26.707292964058894,74.63920105641675,40.59885367385951,7.498323438898795,2.9211694462336304,1.3464940204756395,25.36079894358325,2.0350681576251946,169.8409804073603,16.482103402055767,1.253853853943298,1.3446166788743907,109.76897817456636,52.927770715733715,22.08121147517593
1654.625,干层,10.34317558579546,50.38930085513853,39.267523559066014,72.87586537286259,27.12413462713741,74.21015805766528,40.09827817097871,7.4058706554694345,2.885152028690388,1.3342926848026937,25.78984194233471,2.3217594095398866,175.30828884272694,16.540599277053396,1.2463487054649447,1.3331544020936508,108.87157889187161,52.731463431174305,22.159697024454633
1654.75,干层,10.282892048762244,49.912417343230274,39.804690608007476,72.8741480874651,27.125851912534905,74.19770148498162,39.71878872795937,7.3357816177772515,2.8578469974936542,1.32355339751652,25.802298515018386,2.113889287916388,162.5803637276503,16.564594832918036,1.2468916498264475,1.331932677720653,117.56895676304381,52.62576420498159,22.006010451896085
1654.875,干层,10.350338518131478,49.65945358345423,39.99020789841429,72.09584353947498,27.90415646052502,73.38103158331215,39.51748783601334,7.2986027553276935,2.843362992113202,1.2851880438371688,26.61896841668785,2.138143395988256,170.31430407429775,16.72795844527984,1.2547541700708995,1.3373560518554286,114.61988216090927,51.53556953223483,22.14927910103624
1655.0,干层,10.243962456000242,49.97390028895216,39.7821372550476,70.0776201423842,29.922379857615788,71.39682869806042,39.76771499243394,7.344817955567342,2.861367340950875,1.319208555676208,28.60317130193958,2.203906074216633,156.2199535929506,16.817490109954413,1.2652346234818745,1.345933249736306,115.69748149801451,52.46540811394186,22.05296094101428
1655.125,干层,10.004606049520216,50.05177843052239,39.9436155199574,70.21729961474934,29.78270038525066,71.49722809635773,39.82968805677749,7.356263945759099,2.8658264279857972,1.2799284816083798,28.502771903642277,2.1720782257605333,157.68973704448632,16.873843886292953,1.2851790888359709,1.3653015077867257,105.71825060395946,52.5490187401919,22.11886952359359
1655.25,干层,10.187522560538879,50.043993520507925,39.768483918953194,69.09475479851807,30.905245201481936,70.37197133701117,39.82349306137175,7.355119773570696,2.8653806855654773,1.2772165384931076,29.628028662988825,2.023106562397412,149.81550359402712,16.823023360682846,1.3104093888725497,1.3901836836854995,111.52525805511063,52.80988520884783,22.310062588356587
1655.375,干层,10.162700005325412,50.854858399420486,38.9824415952541,68.98121136838895,31.018788631611038,70.25306014874455,40.468754752284795,7.474295080835887,2.9118085662998046,1.271848780355585,29.746939851255448,2.235999052844122,164.60761625150838,16.788823061600617,1.329609650167456,1.4103084799142196,100.68739022772289,52.883967692945404,22.462753197387148
1655.5,干层,10.35687598717864,50.748604725282,38.89451928753937,67.6906825706019,32.30931742939811,68.98684055400015,40.384201299270195,7.458678651276758,2.905724774735045,1.2961579833982635,31.01315944599985,2.6206211572698037,169.80657940628652,19.650371282824683,1.138737641383621,1.1964408759399252,122.44572323661558,54.0162289605923,22.295225539298627
1655.625,非储层,0.947792977053363,22.58980946117084,76.4623975617758,94.84352022594665,5.156479774053347,97.7701804512732,17.33986529558437,0.8726800347375718,4.377264130848898,2.926660225326551,2.229819548726797,2.0785649902208547,195.96968479575327,22.70102963366339,0.9407136512142145,0.97465107464935,144.54154635070537,58.838714620618205,22.473681883803476
1655.75,非储层,0.9602456561260144,20.415973859578727,78.62378048429525,93.10493595605335,6.895064043946652,96.03646146595094,15.671236059417314,0.788701330465099,3.956036469696315,2.93152550989759,3.9635385340490603,2.4859190869767525,191.0192521992042,25.805918409359748,0.736532689701683,0.7462800076312361,197.09711323181176,61.03511860576059,22.05276666569248
1655.875,非储层,0.9804115161375045,20.60097946267603,78.41860902118647,92.63758095646749,7.362419043532508,95.50211610186676,15.813245767031257,0.7958483892490659,3.991885306395706,2.864535145399276,4.497883898133237,2.4320147542227324,209.03492841496092,28.71076573225917,0.5262537898896253,0.5112373433948185,199.68078652867874,63.644378550625504,21.97725101733434
1656.0,非储层,0.9529668410758643,22.480931921764668,76.56610123715947,94.6963619851087,5.303638014891298,97.59485867711571,17.256291245512685,0.8684739233476356,4.356166752904346,2.898496692007009,2.4051413228842855,2.390180088738253,208.2281669659607,28.587921949270097,0.5309691708923999,0.5157846313617748,208.01230237585816,61.70869876606014,22.111074067723262
1656.125,非储层,0.9711172564478598,23.923010920459152,75.10587182309298,93.21615463850429,6.783845361495711,96.11612510169384,18.363226460080785,0.9241837137661068,4.635600746612263,2.8999704631895535,3.883874898306161,2.4540897190522513,192.19879519614233,28.087583795973586,0.5401119484351582,0.5248026593411653,213.28181110515814,62.81368395325901,21.942819412688085
1656.25,非储层,0.9735687302946654,25.808734270937485,73.21769699876785,93.46870195350306,6.531298046496947,96.29599807497324,19.81070165628536,0.9970321865179256,5.001000428134199,2.8272961214701904,3.7040019250267564,2.576005223463352,188.60983975638933,27.731834750094386,0.5445634317739041,0.5291495661911829,214.99970348586461,63.008091372695056,21.890631825200924
1656.375,非储层,0.952436450503002,24.446249198414684,74.60131435108231,94.2344739026779,5.765526097322093,97.11255839568607,18.764862484184377,0.944397235237686,4.736989478992619,2.878084493008159,2.887441604313934,2.4259866703835202,196.32200803380795,27.478080148789868,0.5537388988022071,0.5380436116297131,195.59118000882285,62.47692617122693,22.164053451457548
1656.5,非储层,0.9577386134151035,25.266209425679666,73.77605196090524,91.88865304647588,8.111346953524123,94.70536175189554,19.39426132497365,0.9760735944758193,4.895874506230193,2.816708705419653,5.294638248104466,2.791238493970508,200.60590695300218,27.208972950844306,0.5651288361938799,0.5491174163723094,197.45229681733662,62.301162166017505,22.110159146269066
1656.625,非储层,0.9767357048749318,26.888836615690813,72.13442767943425,89.58417037356291,10.41582962643709,92.35254625325312,20.63978475216805,1.0387582468177992,5.210293616704965,2.768375879690212,7.64745374674688,2.3071504517974346,204.9591599478097,27.047899088304174,0.573804657991649,0.5575028330034842,189.8137058500851,61.992466642220364,21.89078297687986
1656.75,非储层,1.0012312242566939,27.580861912658193,71.41790686308511,90.20886890127244,9.791131098727558,92.96600663566956,21.170981150755523,1.0654922775423534,5.344388484360319,2.7571377343971086,7.033993364330449,2.240380925618119,193.95296672159952,26.902376790043387,0.5818648905013126,0.5654059680227215,204.059699876379,61.96880173133762,22.09316346559065
1656.875,非储层,0.9974898332964065,26.035540330769646,72.96696983593395,90.93568952338906,9.064310476610949,93.66711086485198,19.98479726043253,1.0057940629964872,5.044949007340629,2.7314213414629296,6.332889135148023,2.326292850031274,201.27577633982807,26.978485988960884,0.5778358163899187,0.5617264049522209,192.24405152046953,63.071395025598164,22.693032762373925
1657.0,非储层,0.983547825871021,24.395663700921077,74.6207884732079,93.51153867075347,6.488461329246531,96.21806882891745,18.726033218538866,0.9424430375369122,4.727187444845297,2.7065301581639734,3.781931171082553,2.3291896194093074,181.6836983049953,27.035630673067075,0.5715962602314659,0.5558581811894168,206.47361799311443,62.5088325555694,22.774769054632763
1657.125,非储层,0.9581156453476687,26.23755636372208,72.80432799093025,92.68346280363154,7.316537196368456,95.41482674872378,20.13986411944985,1.0135982615647623,5.084093982707467,2.7313639450922356,4.58517325127622,2.346134248923175,192.9584377783814,26.976309831806738,0.5682898553831776,0.5528159294922833,196.86116973234178,60.34335449835765,22.752863453062158
1657.25,非储层,0.9555161912862705,28.21603823569151,70.82844557302222,93.06225765437662,6.937742345623377,95.78214387854301,21.658540459269112,1.0900301425740166,5.46746763384838,2.7198862241663884,4.217856121456986,2.4579798526915426,187.80773484993372,26.83765166173175,0.5707457687014345,0.5552961784747971,198.16206183424381,62.108928829934506,22.7452939440274
1657.375,非储层,0.9379881056304739,27.58133032951572,71.48068156485381,91.29956617014774,8.700433829852262,93.96441724465733,21.171340706033117,1.0655103732257278,5.344479250256873,2.6648510745095857,6.035582755342672,2.3959396209216335,179.64482621812778,26.51438876666803,0.5767302357950631,0.5612732747519814,207.82203612269652,61.491575951653374,22.03286121296083
1657.5,非储层,0.9275416320184046,27.935031371265662,71.13742699671593,94.02568854268866,5.974311457311343,96.61911584376955,21.442840491340913,1.0791744033686832,5.413016476556067,2.593427301080899,3.380884156230446,2.0846333093289706,194.86803552832856,26.3977509280765,0.5746117889527137,0.5594174531585503,191.75258700743169,61.48391704266632,21.988768420584563
1657.625,非储层,0.9550664175924501,27.45379655790089,71.59113702450665,95.70339916737916,4.296600832620834,98.3745210964427,21.07344619194967,1.0605835421059548,5.319766823845263,2.6711219290635397,1.625478903557298,2.283549789748835,197.23811347346222,26.335848265216,0.5696847304323316,0.554842387119685,177.02056180736105,61.3496811051832,22.01959853376654
1657.75,非储层,0.9323982285282082,28.842180474492817,70.22542129697898,97.18845004162633,2.8115499583736714,99.86641836245552,22.139165233699043,1.1142190066566031,5.588796234137172,2.677968320829198,0.1335816375444776,2.39071454148435,195.8469951963442,26.32836543812666,0.5607180384782131,0.546270867860782,200.24334677461508,61.68734304220343,22.005029078757996
1657.875,非储层,0.9139682408311524,27.590769583174623,71.49526217599423,97.26367704720276,2.736322952797232,99.99,21.178586246869465,1.0658750265099934,5.346308309795164,2.726322952797228,0.009999999999998899,2.394504140680028,171.0082507461825,26.404966020220996,0.5552207013530703,0.5407524265175991,202.5119754117003,61.89476070090604,22.036430799618312
1658.0,非储层,0.8882421745254976,27.10144116173202,72.01031666374249,96.6201167361354,3.3798832638646026,99.4018696622941,20.802979319874346,1.046971496378116,5.251490345479559,2.7817529261587084,0.5981303377058933,2.2460665092587506,190.81414278873447,26.565588556716808,0.5514062564953368,0.536786310973575,216.92197866215662,62.52416771156665,22.097000673337895
1658.125,非储层,0.9085778363883917,25.752951374862278,73.33847078874933,96.05762920580457,3.9423707941954267,98.92069735898963,19.76788288415697,0.9948772050972832,4.9901912856080255,2.8630681531850546,1.0793026410103712,2.3620393506363624,192.50129794877552,26.68092576012807,0.5513720376660662,0.5363772860924467,198.9200883491012,61.04296774526475,22.240164976694537
1658.25,非储层,0.9306868409689327,27.619243753511647,71.45006940551943,95.53470991863966,4.46529008136034,98.43976745882182,21.200442928701875,1.0669750287035291,5.351825796106244,2.9050575401821503,1.5602325411781859,2.3352990995036933,184.27985742765742,26.698612429136027,0.5565659280478759,0.5409964696866576,208.81532628488526,61.986816244408715,21.97834884716206
1658.375,非储层,0.9222899453590958,27.446176278287602,71.6315337763533,93.52872528695178,6.471274713048214,96.45485383817618,21.067596889757183,1.0602891586633203,5.3182902298671,2.926128551224398,3.54514616182382,2.341096128779781,198.3078995429359,26.584303838251753,0.5627234724985177,0.5466434891901609,209.64521566117907,61.35580622989702,22.3023251816842
1658.5,非储层,0.9117339675224841,28.350103423720576,70.73816260875694,94.12930219414623,5.870697805853764,97.08026562805642,21.761448467645504,1.0952092926304793,5.493445663444592,2.9509634339101836,2.919734371943583,2.2155829129653926,179.75198732084496,26.512854442233866,0.568151208517568,0.5517425097100808,196.17462904640712,63.11897707478771,21.853687431305236
1658.625,非储层,0.9259190738529299,26.549571866429954,72.52450905971712,93.38940475892647,6.610595241073525,96.29764250257718,20.37936621867686,1.0256519134651823,5.1445537342879115,2.908237743650702,3.7023574974228257,2.3368306034780892,185.3624982047593,26.634606917405264,0.565153527251318,0.5487355856042453,205.31059480788105,61.68499198023247,22.018703767970347
1658.75,非储层,0.9218625278327475,26.305270678265714,72.77286679390154,95.84670975827032,4.153290241729679,98.83280699997124,20.191841410129864,1.0162141725342524,5.097215095601595,2.986097241700917,1.1671930000287656,2.3618125657809736,188.28001558478246,26.850208825172988,0.5567770394647883,0.5406544937498055,203.66451114198154,62.972753639051525,21.98634790081405
1658.875,非储层,0.8968334685165018,25.097998776920207,74.00516775456329,96.18000695089212,3.8199930491078837,99.15276941282174,19.265143370447056,0.9695753513164445,4.863280055156703,2.972762461929624,0.8472305871782604,2.5344583293459615,184.27524301722013,27.231354523781825,0.5461705617587169,0.5304417713315696,189.54870628924564,62.64887901324703,22.03548098275917
1659.0,非储层,0.8910757129595773,24.220768363905865,74.88815592313456,95.99588596678133,4.004114033218665,98.9482553253137,18.591784118745338,0.9356865543074179,4.693297690853111,2.9523693585323567,1.0517446746863057,2.3600711224287356,201.35489414445755,27.413156049504046,0.5419700587913036,0.5262822175427098,199.73999854954252,62.758454837122585,22.05237863571084
1659.125,非储层,0.8741542704957337,24.625634555045373,74.5002111744589,93.70989259770823,6.290107402291767,96.68081602068996,18.902558108635002,0.9513271750198239,4.771749271390548,2.9709234229817296,3.3191839793100364,2.202946282903583,188.5525525805483,27.624441768631407,0.5430184353889134,0.5272623288685879,194.39254845317177,62.1088846719582,22.04213789916403
1659.25,非储层,0.8598902276867875,24.132886961671097,75.00722281064212,92.28263092314901,7.717369076850988,95.17292555624812,18.524326636230608,0.9322915568734267,4.67626876856706,2.890294633099113,4.8270744437518776,2.452140689675655,190.7302028980871,27.73022038175456,0.5488430451071445,0.5326789034718739,206.22739969346236,61.984234689833016,21.891504826506388
1659.375,非储层,0.879902892050914,24.04924027554235,75.07085683240675,90.85574763675574,9.144252363244265,93.82405136475593,18.46011970821789,0.9290601532140912,4.660060414110371,2.968303728000194,6.175948635244066,2.4229658119232185,194.36924715536247,27.60516138368352,0.5595877541792165,0.542940709513455,212.90289676958852,62.43155969744664,21.943042618106055
1659.5,非储层,0.8728431953652475,25.670776042935227,73.45638076169952,90.54571115010933,9.454288849890668,93.43567932982492,19.704805362910754,0.9917026421757174,4.9742680378487565,2.889968179715599,6.564320670175072,2.2073432656448007,176.21307962568522,27.63003137038885,0.5649735555239953,0.5480782323764886,195.93257995353585,61.788185389984974,22.058988706968908
1659.625,非储层,0.8636091762734822,24.42255088655274,74.71383993717377,89.894723798769,10.105276201231007,92.79938931923996,18.74667173600099,0.9434817320036083,4.732397418548142,2.9046655204709753,7.200610680760033,2.3292923721502032,178.47336572931988,27.411560208842094,0.5777073806506152,0.560211575424174,204.972325693426,61.55697152147453,23.068045038760406
1659.75,非储层,0.8656780100434974,26.561804712635585,72.57251727732091,87.31865201106639,12.681347988933611,90.18615275312588,20.388756112192862,1.026124487643819,5.146924112798902,2.8675007420594882,9.813847246874118,2.4343679973808796,165.7583537587654,27.001872914824958,0.5951681369751017,0.5769348931277045,192.3985579141002,61.813114314252,23.153749207724562
1659.875,非储层,0.8825237547446703,28.549281312035248,70.56819493322008,85.94591441349367,14.054085586506337,88.86108811905645,21.91433677594097,1.1029038491867078,5.532040686907568,2.9151737055627813,11.138911880943558,2.1015290918624068,179.75938649153784,26.80102931173751,0.6081268918814482,0.5892633983970129,199.38594018578345,62.635202012194675,23.17904940025677
1660.0,非储层,0.8743696639146257,27.912431548027183,71.2131987880582,85.66419585229785,14.335804147702147,88.53290625184258,21.425492939501982,1.078301336485905,5.4086372720392975,2.8687103995447107,11.467093748157431,2.2848875794424655,185.45392490950957,26.324397304840723,0.6287313752293153,0.6090291621972703,197.59103366867515,62.28771573486155,24.54956004848686
1660.125,非储层,0.8659152514186771,29.653314198995794,69.48077054958553,84.440377308197,15.559622691803,87.27591569601876,22.7617888792753,1.1455543841458553,5.745970935574637,2.835538387821756,12.724084303981243,2.369941179638718,181.25377309021542,25.87673287747071,0.6431729148131262,0.6228888991042052,196.62167352668988,60.51154668176646,23.15529291421176
1660.25,非储层,0.8572619669367657,31.435232499459453,67.70750553360378,85.42733781128437,14.572662188715624,88.29918944394684,24.129583651997347,1.2143927037882178,6.091256143673888,2.8718516326624686,11.700810556053154,2.146988682989116,195.99555000763718,25.56744594106276,0.6549415574277127,0.6341741244084453,197.95056650182528,59.702644531688705,23.0661800306896
1660.375,非储层,0.8680824788105459,31.932828925498413,67.19908859569104,83.990419186684,16.009580813316006,86.88943915117852,24.511537072804668,1.2336156400023273,6.187676212691418,2.899019964494521,13.110560848821484,2.2342635011497007,184.23297302240854,25.04514669710785,0.673931355935699,0.6521608559145264,193.74065647112243,60.77800016470057,22.93350340798675
1660.5,非储层,0.8564409919824825,33.6089082349036,65.53465077311391,83.03593708365486,16.964062916345135,86.01209455280153,25.79809017542193,1.2983652321787826,6.512452827302889,2.9761574691466595,13.987905447198479,2.5822028467436073,189.65465836554165,24.63682035017696,0.6922575475774196,0.6694955379579922,179.17419948417728,58.8682429370156,22.15497562672714
1660.625,非储层,0.8509946431199091,34.1251667717111,65.02383858516899,81.10727800131737,18.89272199868264,84.02101447624483,26.19436857260472,1.3183091152207862,6.6124890838855945,2.9137364749274672,15.978985523755174,2.0323748917228106,169.34123563279775,24.400930644529616,0.7079598776886789,0.6844507512326193,181.2389851249689,60.38668010691151,21.99377883467102
1660.75,非储层,0.8548124557124533,34.04894332104485,65.09624422324269,81.13496197455935,18.86503802544065,83.97765240596327,26.135859696326275,1.3153644828771813,6.5977191418414005,2.84269043140392,16.022347594036734,2.352829418857248,165.60085498326083,24.06923244111589,0.7194090410234623,0.695747537951265,176.94203997942117,59.51384469443394,22.154267653647565
1660.875,非储层,0.8746169244180106,35.52842783275689,63.59695524282509,83.13271903389845,16.86728096610155,85.89134877947059,27.271507262725024,1.3725193073697841,6.884401262662084,2.758629745572136,14.108651220529412,2.483653425755409,168.64112738989581,23.96572494230329,0.7216526424481453,0.6983788613480059,193.90890831623082,60.537160324453325,21.928008036065737
1661.0,非储层,0.8884281564301922,34.701914480914255,64.40965736265557,83.41805488204221,16.581945117957787,86.17853377236331,26.63707826452619,1.3405897905743063,6.724246425813759,2.7604788903210995,13.82146622763669,2.1038225776478354,175.179866267741,23.87458857179645,0.7172308222124943,0.6945844039141834,180.38792360148994,59.756271731254905,22.121052643261788
1661.125,非储层,0.8842473782704405,35.04062971574743,64.07512290598213,84.37545441880073,15.624545581199278,87.16812170260286,26.89707499250501,1.3536748953162672,6.789879827926152,2.7926672838021465,12.831878297397136,2.311361089879337,160.41355266836177,23.70576625056433,0.7104804035758594,0.6884240519311888,199.7508602551803,59.48395308300162,23.142590718634718
1661.25,非储层,0.8735355319993726,35.780714023423265,63.34575044457736,86.63168448728024,13.368315512719764,89.47647545670381,27.465161333584298,1.3822655215648607,6.933287168274107,2.8447909694235762,10.523524543296192,2.270407187360878,178.6881177635116,23.82095535271994,0.6951026057728047,0.6736317030930838,194.99902995567862,59.28246417689528,23.481230605265047
1661.375,非储层,0.8671731777127187,34.20133476882381,64.93149205346347,89.01620373594662,10.98379626405338,91.91394729978518,26.252834882913316,1.3212516053059933,6.6272482806045,2.8977435638385605,8.086052700214818,2.275146811663855,166.77523918568798,23.84722550534753,0.6794932767855832,0.6587675907090187,178.81419566440462,60.1181287630194,23.14863303103529
1661.5,非储层,0.8689336435890623,34.322048145504894,64.80901821090605,90.91323856239354,9.08676143760645,93.76943680866565,26.34549408371901,1.3259149537922392,6.650639107993639,2.8561982462721045,6.230563191334348,2.1924757581457928,178.27809745571534,24.006286035481317,0.6654623077255171,0.6452781849889296,183.33714677646046,59.81378742019052,23.27386271979187
1661.625,非储层,0.8814288153894753,33.251043017441006,65.86752816716952,89.16926925568595,10.830730744314055,92.06414751942921,25.52339398219185,1.2845403333480319,6.443108701901125,2.894878263743266,7.935852480570793,2.0973183550943344,162.8997727729324,24.342607455070496,0.6512994809247865,0.6315933333278334,184.53656571792402,60.570474116483624,22.173999759626426
1661.75,非储层,0.8832983566175848,32.09923273932416,67.01746890405825,89.12718290080811,10.87281709919189,92.03683708747518,24.639268106630766,1.2400440822731453,6.219920550420246,2.9096541866670638,7.963162912524824,2.1827850576526515,185.99804341973163,24.40085512463138,0.6487916187142984,0.6290398329259854,187.2491742288649,59.739164074120225,21.981883194879554
1661.875,非储层,0.8888240073349077,33.54488867618098,65.56628731648411,89.50552011234767,10.49447988765233,92.49587897465126,25.748948967460827,1.2958920554649211,6.500047653255235,2.9903588623036006,7.504121025348731,2.21454444967677,189.14060493345502,24.417572261253483,0.654348550030309,0.634050277661262,190.0799992316052,60.95494732890707,21.929858885241813
1662.0,非储层,0.880038133292403,34.177253202521996,64.9427086641856,87.70661527977917,12.293384720220823,90.67544160555512,26.234349949851005,1.3203212963473043,6.622581956323686,2.968826325775942,9.324558394444882,2.178745597216972,183.62383403353726,24.189091457810576,0.6606784438776341,0.6400276949408698,195.6907224934319,59.56305714976318,22.04084514826244
1662.125,非储层,0.8584405530796025,35.738969671539934,63.40258977538047,89.18217490065065,10.817825099349342,92.16159165433035,27.43311850295517,1.3806528712893344,6.9251982972954265,2.979416753679698,7.838408345669645,2.3971858383139217,169.52456076581467,23.89831171102858,0.6678817409710143,0.6467933799005581,191.13970647828586,58.700494986566994,21.977553003612304
1662.25,非储层,0.8449314562858946,35.26801712637977,63.88705141733434,89.48938610136949,10.510613898630506,92.5261268964752,27.07161683966197,1.3624592302948604,6.833941056422938,3.0367407951057124,7.473873103524797,2.4187442007807842,173.39257362335778,23.641840736625475,0.672521303398088,0.6512579501150115,186.86839135096338,58.2367221723775,21.805955887517925
1662.375,非储层,0.8529543682240163,36.32780918884379,62.8192364429322,90.85632909627307,9.14367090372693,93.9015506766887,27.88510982799562,1.4034006722966363,7.039298688551529,3.045221580415623,6.098449323311305,2.096370089408892,165.61537599942858,23.42694785594657,0.6723033443394056,0.6512275052530196,181.4281848755124,58.99572719251414,21.99276430648537
1662.5,非储层,0.8520630703064456,36.47579217845086,62.6721447512427,91.03017605191695,8.969823948083045,94.00244707319041,27.9987010962281,1.4091174890202502,7.067973593202509,2.9722710212734533,5.997552926809591,2.251411814129615,162.64650299248606,23.51301702653461,0.6625503536556601,0.6420424523738859,186.4191386153661,59.54417186255724,22.067052513549243
1662.625,非储层,0.8665916588814246,34.74370731934913,64.38970102176945,93.20047146743259,6.799528532567411,96.15593127672332,26.669158313276775,1.3422043139619344,6.732344692110417,2.955459809290726,3.8440687232766835,2.1326393994900457,181.04233035938697,23.452051485395835,0.6624537202154196,0.6420139844070518,179.5613114835501,60.37113849108974,21.822062836642502
1662.75,非储层,0.8877920455616969,35.876423493788366,63.23578446064994,90.45788767216261,9.542112327837382,93.49710741979345,27.538627616090807,1.3859629296402365,6.951832948057326,3.0392197476308294,6.502892580206554,2.205563760641782,172.79918506857754,23.59680795309549,0.6639061037702612,0.6434180275496368,199.33996792825823,58.24051249546238,21.866089865032034
1662.875,非储层,0.8639641553176078,34.79699816973469,64.33903767494769,87.92900097235248,12.070999027647511,90.8782902376115,26.71006419912593,1.344263023719784,6.742670946888977,2.9492892652590004,9.121709762388509,2.141698446907916,187.00609621200863,23.904752903644138,0.656698192662082,0.6362963280252595,190.64750153655922,59.37663110941469,21.9786711153852
1663.0,非储层,0.8637746324142629,33.14580235641286,65.99042301117288,90.32106447913016,9.678935520869846,93.35602054875127,25.442611588299457,1.2804747203166462,6.4227160477967535,3.0349560696211224,6.643979451248727,2.4251407272910517,170.2624283210922,24.008053613037436,0.6639025163114993,0.6427367906060024,190.98951827074927,58.47913377948717,22.06355398851938
1663.125,非储层,0.8749206598880935,33.69754276616679,65.42753657394512,87.72845817254556,12.271541827454445,90.81867386638302,25.86612575736354,1.3017893241771974,6.529627684626052,3.0902156938374743,9.181326133616974,2.21577242262098,150.64621827543536,24.22023456632898,0.6668755362702403,0.6451324714301034,167.5682029285102,59.88243322377602,22.269657045270517
1663.25,非储层,0.8661397992626644,33.666815953761365,65.46704424697597,85.82888853611276,14.171111463887243,88.96984582202661,25.84253995470378,1.3006022988610506,6.523673700196533,3.14095728591386,11.030154177973383,1.9966522904487969,167.9732692283371,24.166315603844748,0.6714842891676333,0.6489859532783417,197.1432534298141,59.28310270881438,22.79939580017284
1663.375,非储层,0.8839987009235674,35.38205820805812,63.73394309101831,86.39811939272862,13.601880607271378,89.62423350007647,27.159154408222,1.3668648174819342,6.856038982354183,3.226114107347857,10.375766499923522,2.095719046506199,163.43243799430203,24.081921409786176,0.6772809288899492,0.6540936521185858,182.85677707998735,58.482388291571674,22.678014063759722
1663.5,非储层,0.8901616723286682,34.06039963579654,65.04943869187478,88.42084886184306,11.57915113815694,91.68352733858941,26.144653526788613,1.3158070584187171,6.5999390505892155,3.262678476746355,8.31647266141059,2.296745931718644,165.9171073297621,23.906592827396196,0.6804625770684554,0.6568622678577353,189.12804816818357,58.647330689752934,22.65185902935701
1663.625,非储层,0.8891269616540423,35.56477325479687,63.546099783549096,88.63848808991776,11.361511910082244,91.9354044051332,27.299405892121065,1.3739233884543507,6.891443974221451,3.296916315215453,8.064595594866796,2.048224888170628,172.1915376672321,23.603065655879487,0.6877250390307599,0.6634677032793603,169.51476905878545,59.64360471002551,22.750147017937294
1663.75,非储层,0.8713004488561285,36.928627354560284,62.20007219658359,86.64983192279162,13.35016807720838,90.03489508204318,28.346295925141398,1.4266112274201617,7.155720201998726,3.385063159251557,9.965104917956824,2.429616978829594,173.2531140156171,23.544835895385052,0.6933222104866972,0.6684812550456865,185.86555510765703,58.31455454595236,22.00909948375515
1663.875,非储层,0.8958753182873704,36.02764360886119,63.07648107285143,84.56368242659757,15.436317573402436,87.91915198101094,27.654703691449157,1.391804801635731,6.981135115776306,3.3554695544133804,12.080848018989055,2.2404697953625705,165.26230391833207,23.400009977381565,0.7027021013725828,0.6772789895968769,201.18334599571247,59.26978791401712,22.066648887121005
1664.0,非储层,0.885116004514251,35.66843021120072,63.446453784285026,85.80787899372113,14.192121006278867,89.10602432232513,27.378972639422877,1.3779278204736112,6.911529751304231,3.2981453286039923,10.893975677674872,1.9919893153834072,177.2380315488208,23.490204574193804,0.705077941661663,0.6794848217101097,180.1953156502297,59.20201505712933,22.00882769815961
1664.125,非储层,0.9053690651055787,34.61475902858222,64.4798719063122,86.13239892299755,13.867601077002444,89.38459871173251,26.57017801882864,1.3372228377321664,6.707358172021416,3.2521997887349574,10.61540128826749,2.127167486048605,174.7432302765579,23.522938187949933,0.7014546323622433,0.6762941711562847,199.59935047621167,59.33690384278362,22.062818011500784
1664.25,非储层,0.9040808069075108,36.53058278035115,62.56533641274133,87.93619198277362,12.063808017226375,91.21386905820366,28.04075818653017,1.4112341365489434,7.07859045727204,3.277677075430031,8.786130941796344,2.18171764936539,172.26292657952754,23.55142214998411,0.6944502156833298,0.6698139923835367,190.94438404156827,58.71006918691501,22.103186918254302
1664.375,非储层,0.9054574397183608,35.66785552926993,63.42668703101171,87.52610564952197,12.473894350478032,90.85817925554434,27.378531515415844,1.3779056196025423,6.911418394251545,3.3320736060223766,9.141820744455654,2.149772950275341,161.28674020063931,23.47567649687051,0.6915754062214619,0.6670094533913401,168.3103357325309,59.43590341047976,21.980581563567597
1664.5,非储层,0.8966081594653542,36.438587352512386,62.66480448802226,88.33386049920527,11.666139500794726,91.75087244519209,27.970142791155734,1.4076802078050987,7.060764353551555,3.417011945986813,8.249127554807911,2.450999548233407,183.22874954278942,23.42663120178881,0.6874749999707885,0.6629544493838172,191.1597027790296,58.322349873922825,22.202962369360055
1664.625,非储层,0.9058398230872208,35.09992297682511,63.99423720008767,88.91653206014676,11.083467939853243,92.33292339986212,26.94258830955136,1.3559654876838532,6.801369179589899,3.4163913397153585,7.667076600137879,2.3287928384420304,159.65384188630355,23.59583331689339,0.6800406415916608,0.6557803954242598,184.9230203403052,59.74111734548822,21.945415549054434
1664.75,非储层,0.909677214740714,34.676311337500444,64.41401144775884,89.22792709069691,10.772072909303088,92.55708270559956,26.61742537375249,1.339600700687463,6.71928526306049,3.3291556149026484,7.442917294400441,2.182160689215748,181.49921460939572,23.59905972276935,0.674351685522693,0.6504672182494309,187.23579467866594,58.11566968406785,22.08520613436646
1664.875,非储层,0.9038784183198055,35.59038706069296,63.50573452098723,90.41542461853673,9.584575381463267,93.75836005141885,27.319066967381968,1.374912890249733,6.896407203061264,3.3429354328821237,6.241639948581145,2.252285297124603,181.22231513610757,23.626503326283842,0.6674876669416314,0.644034081598605,177.44768045954322,59.17467901416629,21.97536835959232
1665.0,非储层,0.8955691709928487,36.09506600145498,63.009364827552176,91.49848517820371,8.501514821796285,94.93205245956932,27.706456903776676,1.3944094351990186,6.994199662479282,3.4335672813656086,5.067947540430673,2.2198395063763012,163.29446168220167,23.461350078654505,0.6691807032333063,0.6456199754107289,186.88491444067344,59.09749117728485,22.116689872576192
1665.125,非储层,0.9166927588673238,36.85007497213546,62.23323226899722,90.52922371013453,9.470776289865467,94.03604476705027,28.28599936831408,1.4235766247626649,7.140498979058715,3.506821056915746,5.963955232949725,2.2733382427253663,171.33719523093723,23.26674652427334,0.6686367535184128,0.6449351458200973,201.62038696970674,59.13607463740166,21.906738351068377
1665.25,非储层,0.8998353813469019,36.73609203830578,62.36407258034732,92.48543467683989,7.514565323160117,96.03176905277112,28.198506433856203,1.4191732839188673,7.118412320530709,3.5463343759312442,3.968230947228868,2.201697526054052,163.47326833609088,23.073695675276127,0.6671525642912857,0.6432997254873152,182.62739061993184,57.73438148178556,21.962378519845203
1665.375,非储层,0.8777384735417412,37.63967057847012,61.482590947988136,94.2596333955769,5.740366604423109,97.86663919286326,28.892090423458317,1.454079950713651,7.293500204298152,3.607005797286369,2.1333608071367416,2.210194783171584,178.74008704857704,22.871781425844624,0.6723881142644295,0.6482346624519691,180.3708226189057,59.07462868361566,22.22703960153322
1665.5,非储层,0.8982146709384979,38.26863317777679,60.83315215128471,91.8788502715596,8.121149728440402,95.3934973254434,29.3748800975671,1.4783777697791478,7.41537531043054,3.5146470538838113,4.606502674556589,2.2295465626540762,162.06504905029357,22.7843506228022,0.6716786157139405,0.6475306478714955,194.2395634203578,58.03139274498242,22.066464327565086
1665.625,非储层,0.9095046203179487,37.77365225354969,61.31684312613236,92.27957130627856,7.720428693721448,95.86569539742864,28.994934327562504,1.459255874532912,7.319462051454277,3.5861240911500927,4.134304602571359,2.235290787999092,149.03766326351848,22.701651272661536,0.6750817417205297,0.6506262654608856,187.5177931330736,58.776690325989776,22.19997174873222
1665.75,非储层,0.9328607828626144,37.60716317659145,61.45997604054594,91.94969002590142,8.05030997409858,95.58936601311618,28.86713784602935,1.4528241384125573,7.287201192149544,3.639675987214767,4.410633986883816,2.092890024471823,168.19143100867242,22.71340420036855,0.6824080107662412,0.657248444105182,184.23826877988245,59.35958292355918,22.147446931620742
1665.875,非储层,0.9135173030006685,37.54080488238372,61.545677814615615,90.13482132256298,9.865178677437015,93.83724012142712,28.81620143221033,1.4502606126513562,7.2743428375220285,3.7024187988641293,6.162759878572888,2.181245674683674,158.84321846404427,22.669057052708876,0.68677621152783,0.6611153355708482,188.18313784244393,57.23451671280715,22.16325914254465
1666.0,非储层,0.939867216568954,38.7330733529752,60.32705943045584,90.32710336922015,9.672896630779848,93.98038929534071,29.731382886563214,1.4963198276314882,7.5053706387805,3.653285926120568,6.019610704659284,2.358836320673112,159.11710060842685,22.598107331063048,0.6916199026953881,0.665450602358581,172.82908199379864,58.852726421055976,21.994128952952686
1666.125,非储层,0.9391383610499573,38.53400443003462,60.526857208915416,90.86791729393748,9.132082706062516,94.59112669657986,29.578578219739438,1.4886294805798423,7.466796729715338,3.723209402642376,5.408873303420137,2.310597026845107,158.61021307824794,22.569624163295245,0.6930198606266832,0.666553857153828,165.46770556409197,57.878591611235606,21.99688763917438
1666.25,非储层,0.938266442353282,37.91276417779497,61.14896937985175,91.65722105206713,8.342778947932871,95.42872924656074,29.101716194473287,1.4646299879839992,7.34641799533768,3.7715081944935953,4.571270753439272,2.136212384054522,180.50508781711997,22.607880045281625,0.6938316897430206,0.6671572950550129,186.28554841477276,58.2370803887372,21.98426904633484
1666.375,非储层,0.946715675581874,37.113400437834585,61.93988388658354,89.12730239752831,10.872697602471693,92.89279475755585,28.48812715128491,1.4337493035959503,7.191523982953727,3.7654923600275496,7.107205242444148,2.1395846955478506,170.84846393381744,22.787364762980374,0.6930238638452371,0.6661535488077825,187.5143857118968,57.952251824591656,22.13604139682976
1666.5,非储层,0.9377518772028245,36.83137728296808,62.2308708398291,87.9549119228617,12.045088077138299,91.63525962270592,28.27164708207376,1.4228543034850045,7.136875897409317,3.680347699844224,8.364740377294078,2.1188668224592155,178.55667596137516,23.109908703507852,0.6910659794739611,0.6638751338347783,187.8505870745228,58.14032698168001,22.098797309862874
1666.625,非储层,0.9379161872075074,35.108705998899936,63.95337781389255,86.95459937473873,13.045400625261273,90.73465859150703,26.94933012912834,1.3563047897050822,6.803071080066514,3.7800592167683016,9.265341408492967,2.2159361649477876,160.58380679836995,23.230172106071905,0.7005745800907527,0.6724006943718444,184.70188635896187,58.691098564093615,22.06108467714109
1666.75,非储层,0.9272050847053124,36.72331664404537,62.349478271249325,85.12145534683006,14.878544653169945,88.93629843221301,28.18870008219333,1.4186797502515682,7.115936811600469,3.814843085382955,11.063701567786987,1.9727290278135987,161.20145098919193,23.168798395446295,0.7095353552279631,0.6806686813973005,186.5685138582017,58.783996837102166,21.881622888674915
1666.875,非储层,0.9203588725606634,37.85143792307287,61.22820320436646,85.72273142055045,14.277268579449554,89.51119901547165,29.05464235802541,1.462260857859498,7.334534707187962,3.7884675949211917,10.488800984528357,2.3365041432257665,173.4211221536969,23.229978184572662,0.7178275971307461,0.688059321232946,180.09925504554298,58.68725770333762,22.015945355735656
1667.0,非储层,0.9027419335027338,36.27025813432461,62.826999932172654,83.15967298421626,16.84032701578374,86.91745272793962,27.840933823116217,1.4011773841213506,7.0281469270870405,3.757779743723356,13.082547272060385,2.314852120538528,162.9066751140776,23.293753631041742,0.7292818219018401,0.6985593598882874,176.15194579307794,58.43899908995814,22.01525147864198
1667.125,非储层,0.9200874102757153,34.52986347208371,64.55004911764057,80.74732681105388,19.252673188946112,84.48651501767105,26.505012461925283,1.3339431882370463,6.690907821921383,3.739188206617172,15.51348498232894,2.1453795727157634,169.69553116597208,23.65294851280317,0.7317914210169693,0.7003336836440129,182.5998480628512,59.539208490589985,21.997548283619736
1667.25,非储层,0.8925209385837142,32.95670398635993,66.15077507505634,79.10165391586112,20.898346084138886,82.94033934472063,25.29746028589612,1.2731695514780044,6.3860741489858155,3.838685428859513,17.059660655279373,2.226336626315106,168.3312369015992,24.076322601346778,0.7349160899082408,0.7022875831437032,188.49544610372257,60.41971181315812,21.986426517081604
1667.375,非储层,0.8997302762681212,33.39687836628524,65.70339135744663,78.50168429056062,21.498315709439385,82.45185839539973,25.635336728262388,1.290174183315386,6.471367454707471,3.9501741048391112,17.548141604600275,1.996005541960176,192.23560047824319,24.357835312739503,0.7331648753909469,0.6997201204005509,200.15474505021064,60.00823246954252,22.057516957946266
1667.5,非储层,0.8996259515371771,33.2705230701289,65.82985097833392,80.11399682607146,19.886003173928547,84.16757258135685,25.53834680816143,1.2852928785647402,6.446883383402725,4.053575755285402,15.832427418643146,2.2631003667391365,168.25541208294513,24.589041999914606,0.7237618282913751,0.6901659353210567,195.9962726687378,59.00576504309401,22.115359002466494
1667.625,非储层,0.8881780223714109,32.030721348934954,67.08110062869363,81.90603845955184,18.093961540448166,85.98701240551296,24.58667898308796,1.2373973790042425,6.206644986842753,4.080973945961124,14.012987594487047,2.2949313840756123,169.47307439097904,24.736516197608612,0.7180592209549215,0.6842237062442422,204.4019869872296,58.465855838164316,22.098596789246447
1667.75,非储层,0.8639346422512456,31.3692117380006,67.76685361974816,79.70849285821856,20.29150714178144,83.82293395036682,24.07890632723389,1.2118422174504582,6.078463193316254,4.114441092148255,16.177066049633183,2.1410815337598037,187.74278358901202,24.780729254656972,0.718394851949905,0.6842127375519694,186.28894087265104,60.057121241172354,22.09231571963469
1667.875,非储层,0.8627700590683809,32.95241867748443,66.18481126344719,77.79315910936968,22.206840890630318,81.85655046664404,25.294170896546515,1.2730040032247194,6.385243777713197,4.06339135727436,18.14344953335596,2.1170450910434266,174.93186997729114,24.88328229502012,0.7186753906743883,0.6840618225644735,199.59102009369178,60.497051202082744,21.901900812454624
1668.0,非储层,0.8817858290473972,32.193689482458076,66.92452468849453,78.67675670038426,21.323243299615747,82.8564191729582,24.711772799732188,1.2436930955160854,6.238223587209804,4.179662472573946,17.143580827041806,2.299933482949177,188.1212430323245,24.7583038419424,0.7301524322310011,0.6944933319768432,189.13046921955103,59.49039909665924,22.042291802321785
1668.125,非储层,0.8557771976404135,33.45398429899904,65.69023850336055,78.45948980859502,21.540510191404984,82.60127590627113,25.679171059071503,1.2923802757319713,6.4824329641955645,4.14178609767611,17.398724093728866,2.0952998396615383,182.20552194176253,24.601674830583544,0.7389405550942452,0.702809878039641,197.0433063805164,61.706046138677365,21.865053566689294
1668.25,非储层,0.8740083731810878,33.08267063176326,66.04332099505565,77.91308090694791,22.08691909305208,81.956123609566,25.394151878925474,1.278035842035935,6.4104829108018455,4.0430427026180835,18.043876390434,2.059724724678431,178.38525573041414,24.650505833908003,0.7369908416005433,0.7011395260298606,194.7453204309542,60.81957738452169,22.027268373330866
1668.375,非储层,0.8566623867221383,32.42681888062804,66.71651873264982,77.993256817377,22.006743182623,81.97990915924404,24.890722178108142,1.2526992525464495,6.2833974499734495,3.9866523418670465,18.020090840755955,2.2139481153501204,166.56297483580255,24.615841181167298,0.7407703165870035,0.7048312211270107,192.30716711924023,59.655588891796654,22.263516640219525
1668.5,非储层,0.8415988333626134,32.61374446273454,66.54465670390285,77.5158450184711,22.484154981528903,81.58132398823571,25.034205655452062,1.2599204831533937,6.319618324129082,4.065478969764618,18.41867601176429,2.163175604941765,176.53088663855667,24.846924066199836,0.7408371526949319,0.7049544588671852,184.24879354481936,60.85881241641716,21.862575615980035
1668.625,非储层,0.8539928961630947,31.000411247563942,68.14559585627296,75.58746359411354,24.412536405886453,79.55038655285745,23.795816253538966,1.1975948717453644,6.007000122279612,3.9629229587438966,20.449613447142557,2.404002234674011,163.63656200413064,24.952491577165954,0.7482053784653144,0.7118382460526733,182.62325435238745,59.70947128658379,21.943518853006978
1668.75,非储层,0.8562586122243221,32.01554773187731,67.12819365589836,73.71170370983052,26.288296290169477,77.58693703193583,24.575031763297172,1.2368111982007384,6.203704770379403,3.875233322105314,22.413062968064168,2.2938950332787185,175.48773852284242,25.02866237494117,0.7528501719810201,0.7163139486278173,197.23565710922148,60.32092050838895,22.021638499806368
1668.875,非储层,0.8715988065020525,31.636670282961312,67.49173091053665,75.17890619454974,24.821093805450268,78.99905197090997,24.284206648590885,1.2221745636664971,6.130289070703927,3.8201457763602433,21.000948029090026,2.2287462538795784,182.83745742327756,25.10041450287235,0.7516148317819631,0.7158054176821328,192.38398706234236,59.78047936907525,21.99246701289971
1669.0,非储层,0.8710479658329384,31.828598184243805,67.30035384992325,77.15061545816488,22.849384541835114,80.89155674646572,24.43152989009158,1.2295890417676167,6.167479252384612,3.7409412883008355,19.10844325353428,2.5058307370102497,175.42016953107193,24.85439955188954,0.7546255118921668,0.7191912583484723,180.83855219337406,60.67000599664216,21.930353749523636
1669.125,非储层,0.8731242180071593,33.623861617591785,65.50301416440105,77.39153099565476,22.60846900434523,81.21278167117045,25.809568344017027,1.2989429049805918,6.515350368594171,3.821250675515685,18.787218328829546,2.118731616312121,174.80279272198797,24.572339296488785,0.7587354087812641,0.7235156954577627,191.90708896044407,60.70776424437157,21.99802878120917
1669.25,非储层,0.8469562670151825,35.04498623058815,64.10805750239666,75.59234817740405,24.407651822595955,79.3874861877946,26.90041903932515,1.3538431943685043,6.790723996894493,3.795138010390546,20.612513812205414,2.244082424516976,160.96482054081395,24.230648427941055,0.7740557353208463,0.7379101587861965,195.47333108819953,59.75175972464618,22.030718137098678
1669.375,非储层,0.8375958414916614,35.37423555295981,63.788168605548535,73.56581886666658,26.434181133333425,77.37654566278029,27.15314976325624,1.3665626159545299,6.85452317374904,3.810726796113711,22.623454337219716,2.26219418872678,166.56551658520416,23.79777865885106,0.7983159761581915,0.7605065871724102,176.62110696223695,59.00029950227525,22.09887821114277
1669.5,非储层,0.8397706354189346,36.58196446134062,62.578264903240445,73.30705939260731,26.69294060739268,77.07263793593299,28.080198600073704,1.4132190920762506,7.088546769190668,3.7655785433256637,22.927362064067015,2.1789524550744943,165.0064164278028,23.664101956897877,0.8146958814994218,0.7757263334948803,194.1424336276476,59.22064353879432,21.837490260770338
1669.625,非储层,0.8461978531338956,35.151448551841135,64.00235359502496,72.86213970395615,27.137860296043847,76.61236402269569,26.982139175688197,1.3579560020647796,6.81135337408816,3.7502243187395354,23.38763597730431,2.22908700328034,178.59796954752946,23.819444849684924,0.8154070983838037,0.7762924036543405,194.94778699613798,58.84529494814943,21.92292161784592
1669.75,非储层,0.820826780803777,33.412593047754314,65.76658017144192,73.4127324245861,26.587267575413897,77.1411454351641,25.64739926736016,1.2907812662920657,6.474412514102087,3.728413010578006,22.858854564835895,2.050873622902834,189.8831731039903,23.885110601420358,0.8193355039855783,0.7798485467263796,186.63111331995847,58.91880456462779,22.15565035855017
1669.875,非储层,0.8005386800256805,34.71581592113151,64.48364539884281,71.38973518158994,28.61026481841006,75.15274011234096,26.647748965454237,1.341126825176238,6.726940130501034,3.763004930751024,24.847259887659035,2.1690976721691864,166.23580465305008,24.139540492879526,0.8154043575017136,0.7757156592312284,193.2929779938846,59.61818146758854,22.002688715999735
1670.0,非储层,0.7888052355834057,33.88325962025709,65.32793514415951,71.56760271959577,28.43239728040423,75.39110287540404,26.008681418958684,1.308963859710906,6.565614341587499,3.823500155808284,24.608897124595952,2.2709647286985764,162.3687138893093,24.234137098739875,0.8171750542869672,0.7768110457260037,188.6794841887441,60.648229108796045,22.09958224407462
1670.125,非储层,0.7928933370057829,34.18110414979032,65.02600251320389,71.09921945613176,28.900780543868233,74.97892110565624,26.23730592462396,1.320470064525348,6.623328160641012,3.8797016495244647,25.021078894343763,2.280550796582587,168.84428927542518,24.014985402500667,0.8309294278481621,0.7893648117014812,199.3166024223757,59.69496130333273,22.87220698341093
1670.25,非储层,0.8050259761983055,35.81910353323573,63.375870490565966,71.2282769485689,28.771723051431096,75.0465398014048,27.494628998198994,1.3837485689900408,6.940725966046695,3.81826285283591,24.953460198595188,2.079429392720747,167.04393970419005,23.754615130943254,0.8426367853097767,0.8001147108704263,182.80963649770962,58.31689115236027,23.038814945408546
1670.375,非储层,0.7867488050522654,37.54644544116677,61.66680575378097,70.66787171652436,29.332128283475644,74.52680407326476,28.82053110704261,1.4504785163500657,7.275435817774093,3.8589323567404112,25.473195926735237,2.2454121290913247,167.3372815535357,23.331933592985934,0.854838792211561,0.8116635426626768,175.1191353882397,58.01092258777633,22.993597078040413
1670.5,非储层,0.7674763568338927,38.450620711824904,60.7819029313412,72.60207897446114,27.397921025538864,76.49391348809463,29.51457314505801,1.4854082357867475,7.4506393309801435,3.8918345136334964,23.506086511905366,2.1862784184212147,168.60494312058213,22.937654614675477,0.8645289192275939,0.8210124173190971,194.76056926390334,58.369630102542224,23.107743858646003
1670.625,非储层,0.7709332574295754,38.43535201959306,60.79371472297736,72.66056067826592,27.339439321734083,76.56528962444351,29.50285294586842,1.484818382079031,7.447680691645611,3.9047289461775985,23.434710375556488,2.291288063880626,157.7877603897447,22.78812226290971,0.8716620697250037,0.8273831592007388,179.54967151005894,59.2819193399576,22.001036303380054
1670.75,非储层,0.7652943913355404,37.46285599846827,61.77184961019619,70.70114356707982,29.29885643292017,74.632838647338,28.756368118903364,1.447249324094894,7.259238555470011,3.9316950802581774,25.367161352661995,2.297280849446347,175.70983705400508,22.886591776972462,0.8728375184590801,0.8277621807386205,185.58712279785564,58.32162200114728,22.014412162550872
1670.875,非储层,0.7665934312569743,36.510624205195526,62.722782363547495,69.10141288646537,30.89858711353464,73.13145212581506,28.025438048249008,1.41046310525317,7.0747230516933515,4.0300392393497075,26.868547874184934,2.158649611871514,171.44445668572612,23.090366300117314,0.8743716681274949,0.8285084344483088,191.73735961943754,58.83797073548534,22.105093005950668
1671.0,非储层,0.7847702139641634,36.275609224017245,62.9396205620186,69.60011584200984,30.399884157990165,73.58576337885538,27.84504130240304,1.4013841051716933,7.029183816442513,3.9856475368455357,26.414236621144628,2.1390077051118164,182.00571237792846,23.25194470702767,0.8781554917167294,0.8313604494498517,194.31617854874665,59.61193750892035,21.825456281522854
1671.125,非储层,0.7955944472043178,36.71552232615771,62.48888322663797,69.45329916072886,30.546700839271136,73.44886963510051,28.182717188779595,1.4183786434353887,7.11442649394273,3.9955704743716436,26.55113036489949,2.2146852991946084,162.8282604850481,23.453160318980338,0.8691556415354312,0.8230245559592531,174.21103824023962,59.38669938744087,22.048372353862305
1671.25,非储层,0.8150690767157622,35.25372257087921,63.93120835240504,71.2353696267244,28.76463037327559,75.12799353734407,27.0606443847032,1.3619070090283538,6.831171177147658,3.8926239106196587,24.872006462655925,2.143373027403225,168.69526852347488,23.467691855930237,0.8657921097296849,0.8201098979890811,188.0306429543196,59.239603934317884,22.148582854611348
1671.375,非储层,0.8159502944002673,36.31611709988457,62.86793260571516,70.00720221565084,29.992797784349168,73.99870094656045,27.87613501800772,1.4029489884249058,7.037033093451946,3.991498730909614,26.001299053439553,2.300631843407992,172.20184906598587,23.300974968689168,0.8710876250757044,0.8252718430675285,187.97441827935475,59.3685506869736,22.140092182862734
1671.5,非储层,0.8045155352792581,38.063128977095154,61.13235548762559,69.96069407406374,30.039305925936265,73.91596007764053,29.2171357321876,1.4704388177796708,7.375554427127881,3.9552660035767953,26.08403992235947,2.1880382289287765,163.41623526102296,23.057297843127852,0.8736239970460893,0.8278999511028788,185.51245536871627,59.728819215068874,22.027778532781625
1671.625,非储层,0.8080266203145362,39.31298345389548,59.87898992578998,71.66774508137765,28.332254918622358,75.7099410905116,30.17652002022477,1.518722671174089,7.6177407624966165,4.04219600913397,24.290058909488387,2.2518624053989083,173.80064113800546,22.718344501752686,0.887050893628469,0.8403994010348452,174.98110751151125,59.3360875824393,22.06040086492545
1671.75,非储层,0.8133561281094017,38.92084788497585,60.26579598691475,71.02753988621969,28.97246011378032,74.99352822089243,29.875518015123255,1.5035738545143102,7.541756015338287,3.965988334672758,25.006471779107564,2.3160471433724545,158.9323952051209,21.34709189188256,1.0664710815428426,0.9471402434023235,186.11527324699713,56.71558439078872,22.04971673527783
1671.875,油水同层,4.432688532981814,50.13769588287562,45.42961558414256,48.117121472425104,51.882878527574896,62.79596245534478,40.137792806537384,9.949765380455359,0.05013769588287642,14.678840982919672,37.20403754465522,2.0439790541251837,157.61795668919342,20.126110858270117,1.245311292545588,1.052861574959052,175.74091345414556,55.057169231085325,22.04136070038335
1672.0,油水同层,4.414277421519106,50.319909369031855,45.26581320944904,47.57537906019782,52.42462093980218,61.9675647400149,40.283664032271034,9.985925427391791,0.05031990936903291,14.392185679817082,38.0324352599851,2.3009854425458216,155.60266858994336,19.0688905161756,1.429519167176323,1.1599683073109972,170.50780909776648,54.19137111377651,21.992047849437352
1672.125,油水同层,4.442160493322352,49.87453238760199,45.68330711907566,46.53451079000615,53.465489209993855,61.20601178778532,39.927116953538224,9.897540901676157,0.0498745323876032,14.67150099777917,38.79398821221468,2.0593035234195254,151.10175441843313,17.962655116778954,1.6139411245830049,1.2682377609135067,162.8843567397955,53.380940585378625,22.071308023269705
1672.25,油水同层,4.51460506504823,49.994710757549896,45.490684177401874,46.62673842827282,53.37326157172717,61.098264491665944,40.02332589229889,9.921390154493452,0.04999471075755185,14.471526063393117,38.901735508334056,2.2390754566408577,153.86889728259695,18.02283142095034,1.629736070939762,1.2785965553539698,152.14584735234922,53.93970241318256,22.186500025087064
1672.375,油水同层,4.615900334537757,49.639247570320286,45.74485209514196,45.765329895288595,54.23467010471141,60.15519593045069,39.73875940977239,9.850848912977574,0.04963924757031973,14.389866035162099,39.84480406954931,2.000133555752355,145.45798287516345,18.09811403620421,1.6426924761846564,1.2860725442860539,157.3643775270836,53.34035904676052,21.905843924907167
1672.5,油水同层,4.621775903297371,49.62429822958031,45.75392586712231,45.41388588853096,54.58611411146903,59.70996295309538,39.72679169704348,9.847882234307244,0.0496242982295822,14.296077064564408,40.29003704690462,2.012689928983575,143.21912209636892,17.99247167187035,1.651330205067575,1.2932109962986358,171.03629361970246,53.544761361813045,22.31859030984431
1672.625,油水同层,4.495138616536785,50.98564251984078,44.519218863622434,46.75247709857846,53.24752290142154,61.43100988961611,40.81661750771661,10.11803936960433,0.05098564251984211,14.678532791037647,38.56899011038389,2.1431812642081747,143.96302378468494,17.913406895235283,1.6514877174067872,1.2951050054779687,169.3731237599056,53.66043266466885,22.632674833831466
1672.75,油水同层,4.370599831589859,50.838622597160764,44.79077757124937,47.42770950003478,52.57229049996521,61.759118605694816,40.698920531598105,10.088863442965499,0.050838622597162986,14.331409105660036,38.240881394305184,2.104612800059471,148.56481555890144,17.87541176815139,1.6502729224368624,1.2970870330518531,151.25202895233608,52.31637370026873,22.797057778461763
1672.875,油水同层,4.397495219581659,50.10369765890636,45.49880712151197,46.24209762060848,53.75790237939151,60.152239071066624,40.11057548740378,9.943018473843685,0.05010369765890421,13.910141450458141,39.847760928933376,2.169461497527941,131.23612973234975,17.906110625021228,1.6446310331113698,1.2925763018359473,151.67215504047724,54.77481717446832,22.627459210398754
1673.0,油水同层,4.353244475777168,49.34275210606853,46.3040034181543,45.58184474749666,54.41815525250334,59.89426669987843,39.50139960887496,9.792009745087498,0.04934275210606992,14.312421952381769,40.10573330012157,2.173582133272094,139.88455069300934,18.027719805804107,1.645783340081969,1.2945225268007299,174.1861890608417,54.697756329573096,22.562227527395553
1673.125,油水同层,4.369284142268572,49.862160263775635,45.768555593955796,45.30556646921847,54.69443353078153,59.28340715417178,39.91721243491258,9.895085668599277,0.04986216026377638,13.97784068495331,40.71659284582822,2.220913927690781,151.04820979738466,18.242144682501355,1.636112996396502,1.2881372564442963,153.47919055461588,54.94746598765568,21.722967990464664
1673.25,油水同层,4.397868546804205,48.64435151709807,46.95777993609772,46.265558620743214,53.73444137925678,59.982014025094735,38.94229417647646,9.653412989104515,0.04864435151709645,13.716455404351516,40.017985974905265,2.0383116341763152,148.94875732814916,18.40209402064011,1.6105345178168968,1.2699668045568964,164.50810692749107,53.46639245788018,22.06755733012041
1673.375,油水同层,4.285933563968347,48.32170163828182,47.39236479774983,47.44961334161083,52.55038665838917,61.26975666365726,38.68399642750862,9.589383509134922,0.048321701638283365,13.820143322046432,38.73024333634274,2.2729869260497684,152.4858381327708,18.503000611569696,1.5793334484822101,1.2529525952638128,159.00198986976176,54.946609829229075,21.892330395326976
1673.5,油水同层,4.19066686020562,48.16958404852008,47.63974909127431,48.167155562061765,51.83284443793823,61.62839376639631,38.562218507870064,9.559195956601489,0.04816958404852134,13.461238204334547,38.37160623360369,2.2811594971859823,148.84325328804326,18.64737200059318,1.5452163292346333,1.2329829895932294,154.0023244867955,54.94967239468498,22.001097213099566
1673.625,油水同层,4.180888787660448,48.23423968227606,47.58487153006349,47.6660529040388,52.3339470959612,60.8694745826518,38.61397865332101,9.572026789272767,0.04823423968227797,13.203421678613001,39.1305254173482,2.082604566659795,156.55336199529415,18.62136805401407,1.5457257575282106,1.2362238051486685,165.56861886859969,53.9487581929375,21.830391683139222
1673.75,油水同层,4.071876773993526,49.03970613680508,46.888417089201404,46.37449575100078,53.62550424899921,59.483771318200596,39.25879579330339,9.731870637364882,0.049039706136805306,13.109275567199807,40.516228681799404,2.0259355727282986,160.34665599540065,18.64596894058866,1.5620796246307218,1.2496209915986682,175.0417456351519,54.615175156733784,22.211528714890147
1673.875,油水同层,4.154830360192886,48.294919684976634,47.550249954830484,45.27567156537473,54.72432843462527,58.339555866663275,38.66255610254376,9.584068662747896,0.0482949196849769,13.063884301288539,41.660444133336725,2.1399947764454166,168.43436074526335,18.564111642922327,1.5892570548654654,1.2710712122431547,177.42389020649637,54.50104787512012,21.92075222532819
1674.0,油水同层,4.232898606319977,49.247437338985485,46.51966405469454,45.8726591673314,54.1273408326686,58.74754645840839,39.42509525732439,9.773094644322107,0.04924743733898812,12.874887291076991,41.25245354159161,2.1634055129896375,159.01534292393717,18.518650765250896,1.598752333608593,1.2809895065476085,157.36804648745172,54.565934697940534,21.967134600256614
1674.125,油水同层,4.229788122291575,48.79963121245476,46.97058066525366,47.06911517168692,52.93088482831308,59.64705560858988,39.066603523556324,9.684228057685985,0.0487996312124539,12.577940436902967,40.35294439141012,2.1379817688484986,160.50181742732363,18.543371945462003,1.5840700528248925,1.2743136019249537,163.67506447488725,54.12782134563072,22.111021246889408
1674.25,油水同层,4.199990513221839,48.67080033856053,47.129209148217626,47.962298105515174,52.037701894484826,60.492168455773346,38.96346781234352,9.658661725878453,0.04867080033856275,12.529870350258172,39.507831544226654,2.024429729481716,136.45104620558567,18.490927187734272,1.577726513234518,1.273934656745526,162.5167084825852,54.31601083899752,21.859947234033083
1674.375,油水同层,4.129359106385532,48.8164443053827,47.05419658823176,46.57367813701607,53.426321862983926,59.078689238899976,39.08006326534333,9.687564595733996,0.04881644430538151,12.505011101883904,40.921310761100024,2.1120762811561797,148.3482761779094,18.556886219707675,1.571839298447352,1.2720691982465593,155.2234540946449,54.884991904513456,21.91412553232754
1674.5,油水同层,4.214083091001823,48.57778805674569,47.20812885225249,45.87581990994011,54.12418009005988,58.191530167450466,38.889006718146675,9.640203550542267,0.04857778805674451,12.315710257510357,41.808469832549534,1.919834207359395,151.42816583008027,18.544254334435962,1.5867796962018945,1.2820413114016187,173.6137588137883,54.415050576803324,22.086620816187768
1674.625,油水同层,4.257518150250589,49.043019397093516,46.69946245265589,45.50338720737629,54.4966127926237,58.05417690246845,39.26144822781658,9.732528149879844,0.04904301939709366,12.550789695092151,41.94582309753155,2.3520093312153434,157.68514558960365,18.587432930142292,1.6003571641792385,1.2899697140140451,165.98957714069417,55.294586227110074,22.009738409301427
1674.75,油水同层,4.13563797011404,48.36491665826787,47.49944537161809,45.85674497080807,54.14325502919193,58.406307961781046,38.71859226379081,9.597959477818794,0.048364916658269475,12.549562990972976,41.593692038218954,2.235456873239842,147.07238169767027,18.613578431197652,1.5942061488787909,1.2862642521424577,160.41554237792894,54.4882903341571,22.051530754185993
1674.875,油水同层,4.084924613131469,48.523917070752596,47.391158316115934,47.01291673367008,52.987083266329925,59.3744629398791,38.845880235447396,9.629512918234449,0.048523917070754374,12.361546206209026,40.6255370601209,2.2248794209854905,137.94132385461128,18.694890156427267,1.5876865907345719,1.2818114348245007,163.38011107578453,54.753251396645375,21.92949726551031
1675.0,油水同层,4.051236289961781,47.76027121723289,48.18849249280533,45.723642927204175,54.27635707279583,57.80535890585477,38.23454262795646,9.477968318059201,0.047760271217232864,12.081715978650589,42.19464109414523,2.2042651126228527,151.77053901400734,18.945324329389663,1.5687955874415689,1.267095656260197,169.05556352396573,54.66043114245622,22.191460222871047
1675.125,油水同层,4.123235477573839,46.41174511059569,49.46501941183047,45.06119927295012,54.93880072704989,57.36612904651177,37.15497842961648,9.21035493586862,0.0464117451105972,12.304929773561657,42.63387095348823,1.9273764495944996,154.72097497633735,19.050824721714278,1.5588108538784837,1.2601802486970846,164.26112721812814,55.19640941571402,22.381229531438148
1675.25,油水同层,4.003483488660313,47.26764984649182,48.72886666484787,45.889710534727264,54.11028946527274,58.197967237910575,37.840173996476715,9.380208200168621,0.047267649846489956,12.308256703183316,41.802032762089425,2.215305065232049,144.20995749117523,19.309427008543956,1.5486804580074074,1.2496914710846243,182.9914475845669,54.58630490978119,22.457889674322608
1675.375,油水同层,4.020061319380801,45.83865785445502,50.14128082616418,45.55086739403054,54.44913260596947,57.96143915681451,36.696192736696396,9.096626459904169,0.045838657854456455,12.410571762783963,42.03856084318549,2.2043204296361254,155.30392935134807,19.39894417707746,1.5346306869163402,1.2376533782846304,164.11760830848837,53.81877403389429,22.262134212847812
1675.5,油水同层,4.007087855186935,46.73219398985261,49.26071815496046,46.442983203432135,53.55701679656786,58.84662030161473,37.41151416573702,9.273947630125742,0.0467321939898499,12.40363709818259,41.15337969838527,2.2438715605986013,161.70290957067002,19.424020259399164,1.5243631544339715,1.2285613551651806,169.33260084505434,55.41735013943698,22.003303928906334
1675.625,油水同层,3.8936422025647928,46.109196180272036,49.997161617163165,45.90621521282517,54.09378478717484,58.575921265414536,36.912772519166616,9.150314464925154,0.046109196180268985,12.669706052589365,41.424078734585464,2.0168210613408704,160.12694609960258,19.54694787809735,1.5111150311858623,1.21773132446482,171.74505214290258,54.97985446804206,22.12918072307089
1675.75,油水同层,3.9656288986194284,45.91707055580346,50.1173005455771,46.22854822950334,53.77145177049667,58.65010558625252,36.75896611917247,9.112187366075192,0.045917070555800965,12.42155735674919,41.34989441374748,1.8941227582012128,146.4665752609819,19.503298580683293,1.52013486134058,1.2255626693076844,157.81670474685126,54.13593136381342,22.051943717219697
1675.875,油水同层,3.9286754381999396,46.39404730555588,49.67727725624418,44.89103253343939,55.10896746656061,56.98843380455925,37.14081043048309,9.206842827767233,0.046394047305557684,12.097401271119852,43.01156619544075,2.174329808270045,161.4738053003637,19.626132355960873,1.5172755753466094,1.2236807104911942,163.44434013967043,55.304398767017425,22.135636478486514
1676.0,油水同层,3.8522117240417946,45.52343492295141,50.62435335300679,45.51835146711129,54.48164853288871,57.551639009797164,36.44384063934199,9.034070848686472,0.045523434922949135,12.033287542685873,42.448360990202836,2.1686553164532514,155.9544181321362,19.80851893302056,1.4998533779004224,1.2126284079242953,169.82942649204804,55.76729106362021,22.015491809651447
1676.125,油水同层,3.841037049094694,44.1577733429486,52.0011896079567,46.30790895437702,53.69209104562298,58.44620140436897,35.35055861716747,8.763056952438184,0.04415777334294824,12.138292449991951,41.55379859563103,2.264657170973609,148.29123875129946,19.926706512157214,1.4983800843717259,1.2107536499321006,168.87486935020812,55.42948179600265,22.145689459290686
1676.25,油水同层,3.7396527735679514,44.769842058189845,51.49050516824221,45.16362364417781,54.83637635582219,57.390658298043085,35.840550964105525,8.884521252026133,0.04476984205819129,12.227034653865271,42.609341701956915,2.1130047752003227,158.15367309161797,19.971316611874677,1.4940303165758206,1.2057602082774705,173.1157773302617,55.916353000803205,22.054075594676792
1676.375,油水同层,3.786334142326644,45.92424899093689,50.28941686673647,44.8813150756774,55.118684924322594,57.2453435218752,36.76471282406161,9.113611917884338,0.045924248990937555,12.364028446197802,42.7546564781248,1.9999382194749207,144.2457713937284,19.93025201516582,1.4993570556664495,1.2091897042026076,166.36177650106765,55.72603143540701,21.94659879292242
1676.5,油水同层,3.7963812340829683,45.99048152691697,50.21313723900006,45.24763922208438,54.75236077791562,57.37320172882565,36.81773536048671,9.126755684903346,0.04599048152691687,12.125562506741275,42.62679827117435,2.2428425997514916,154.64993377622616,19.640368642975286,1.5235881126716881,1.2276244190764085,179.61186647479184,54.22618732241504,21.90119975389065
1676.625,油水同层,3.688746218687175,47.32984490771229,48.98140887360053,46.09292669917852,53.90707330082147,58.38876811957987,37.88996432762174,9.39255073518284,0.04732984490771336,12.295841420401343,41.61123188042013,2.13067879567837,159.1792182644154,19.383215076441466,1.5271931845106987,1.2343301404859868,168.74185774786838,55.12838969988381,22.009008553455295
1676.75,油水同层,3.7508783553835348,47.425564354450636,48.82355729016583,47.31115304255047,52.68884695744953,59.33840334194367,37.96659264595761,9.411546144138576,0.047425564354448835,12.027250299393199,40.66159665805633,2.032750062258163,152.9792715908846,19.217754070346665,1.515052745564001,1.2292332453920354,170.24453078147303,54.58587881247403,22.21702584590995
1676.875,油水同层,3.6543337713103674,47.55835402901148,48.78731219967815,48.01287902944512,51.98712097055487,60.23019401173902,38.07289757981061,9.437898095171864,0.0475583540290106,12.2173149822939,39.76980598826098,2.5225490810586892,158.21713354000119,19.011707887510156,1.5103109415617808,1.2295311377326357,159.67046429796432,53.806548432245535,22.129785511185432
1677.0,油水同层,3.574897980617354,48.12077941043509,48.30432260894756,47.85469912400719,52.1453008759928,59.78533692246884,38.52314789608868,9.549510734935977,0.04812077941043491,11.930637798461643,40.21466307753116,2.21295412447472,146.01106565168132,18.986669146605273,1.499425149958284,1.2255997196149715,153.4811679529222,55.034653443983615,22.60675221140837
1677.125,油水同层,3.5414238239816993,47.57763463519012,48.880941540828175,47.67269695023363,52.32730304976637,59.346838919690455,38.08833269230142,9.441724308253505,0.04757763463519027,11.674141969456832,40.653161080309545,2.0345768863061324,144.49726666968235,19.026605277383194,1.4843603786698183,1.2156053760708971,167.27828058525557,54.745016635700054,22.374836193082135
1677.25,油水同层,3.53561123757324,46.97033012935255,49.49405863307421,48.767229467264585,51.232770532735415,60.62669726671941,37.60215433893775,9.321205460285443,0.046970330129353366,11.859467799454828,39.37330273328059,2.312172706328463,166.1051646682537,19.07545653349073,1.4801813739582328,1.2124409025182306,170.62874015553257,55.59027216845143,22.47649552875715
1677.375,油水同层,3.63160410095586,47.03815642049167,49.33023947855247,48.03151331554283,51.96848668445717,60.19695296499519,37.65645275797435,9.334665506096826,0.047038156420489696,12.165439649452352,39.80304703500481,2.139742155134904,158.3877066176904,19.296714987682314,1.4637989021718885,1.1978381008733021,158.75080858598608,55.92530271365237,22.626376095646805
1677.5,油水同层,3.672774012029546,45.6990489556854,50.62817703228506,47.69728757169825,52.30271242830176,59.867252175552906,36.58442866469248,9.068921242037227,0.04569904895568716,12.16996460385466,40.132747824447094,2.1667956840118587,149.28574015510534,19.490785331481483,1.4425602632845123,1.1802370497473678,172.96397216336538,55.8587858780915,22.45386755958708
1677.625,油水同层,3.6454005735038923,45.38735041215753,50.96724901433858,48.50020533906909,51.49979466093091,60.440753973818175,36.33489802037555,9.007065041369835,0.04538735041215575,11.940548634749087,39.559246026181825,2.193852020786371,158.44217550931475,19.676574647395373,1.4224287920457863,1.1653325877544463,179.13518412525002,54.4424445679645,22.165257104936618
1677.75,油水同层,3.6982129270800983,44.867295224087655,51.434491848832245,49.70885918340457,50.29114081659542,61.451371644368535,35.91856721340196,8.903860715461606,0.04486729522409083,11.742512460963965,38.548628355631465,2.2134076265663545,148.40931961383137,19.949440464857794,1.383003870248051,1.1368594488747856,168.45854611167059,56.46652640176343,22.165527934562938
1677.875,油水同层,3.741040015716984,43.895347076018524,52.3636129082645,50.830837786687056,49.169162213312944,62.820814316743125,35.14047295320639,8.710978775736113,0.04389534707601589,11.989976530056065,37.179185683256875,1.97724001588035,157.09222224372445,20.14954100809871,1.3471462291267777,1.112118136436319,168.94783996054915,55.97959646019574,22.001921989477776
1678.0,油水同层,3.7435724313046292,43.33816968963817,52.918257879057194,50.85447751772699,49.14552248227301,62.73119445514299,34.69442392567896,8.60040759426957,0.04333816968963983,11.876716937416003,37.26880554485701,1.9741412959964115,166.02516983747893,20.346060606403753,1.3133473571518697,1.0886914337006353,169.15007150609537,55.18059463448763,22.111499235953367
1678.125,油水同层,3.6520521255087868,43.09625845763809,53.25168941685312,51.53255571098509,48.46744428901491,63.13161218559106,34.5007615976319,8.552400601548554,0.04309625845763665,11.599056474605964,36.86838781440894,2.1350823056628316,170.33892388431076,20.521446497042223,1.2906060770707672,1.072243627094103,167.01198178502992,56.06915619051946,22.258734194557377
1678.25,油水同层,3.5947347007203216,42.91527655520987,53.489988744069805,51.343052351210105,48.656947648789895,62.86062004277662,34.355876317734584,8.516484960920076,0.042915276555208215,11.517567691566512,37.13937995722338,2.170298850414838,165.30264524075147,20.692295668548876,1.271320692773667,1.0593046165276332,189.10211184088664,55.6189497717427,21.94909809024385
1678.375,油水同层,3.6372522675882326,42.029380507769766,54.333367224642004,52.15867713325032,47.84132286674968,63.64569286581254,33.64667117030726,8.34067995695474,0.04202938050776733,11.487015732562227,36.35430713418746,2.1631211488799815,144.47878277534141,20.764253260749328,1.2539431334228786,1.0473623696077796,177.44106996751879,55.373360630994185,22.08967202958968
1678.5,油水同层,3.6905398265156957,42.45724460991045,53.85221556357386,52.94651434362538,47.05348565637462,64.64795632743015,33.989198292439,8.425589072861541,0.042457244609910016,11.701441983804767,35.352043672569856,2.450470771614119,171.52090937341504,20.940301084872953,1.2341197978555196,1.0320416786259181,191.4954545439581,55.80220128207307,22.10274863452638
1678.625,油水同层,3.647648153411129,41.09991723381257,55.252434612776305,53.052462277093284,46.947537722906716,64.67150766175973,32.902588227235235,8.156229089343517,0.0410999172338139,11.61904538466645,35.32849233824027,2.0373300878873786,165.4586816637359,20.94374171226053,1.2260535788087759,1.0259591562661274,177.00415132540274,56.2256321491208,21.945600273147537
1678.75,油水同层,3.5660310793089423,42.80264069536689,53.63132822532417,52.628387760224484,47.371612239775516,64.26579463127759,34.26570554451986,8.494132510151665,0.042802640695364935,11.637406871053098,35.734205368722414,2.1115705658957467,150.18143051930556,20.78705942120027,1.2305516477450986,1.0293795496905576,177.60258274429427,56.00518865808468,22.1364806891593
1678.875,油水同层,3.479445319561869,43.7101770449075,52.81037763553063,52.998623385914335,47.001376614085665,64.73049918124569,34.99223486184941,8.674232006013185,0.04371017704490748,11.731875795331353,35.26950081875431,2.271502316660322,178.015207670331,20.79930327483178,1.2243102952573202,1.025287049422575,173.54102644116284,56.43519173144339,22.02974304312445
1679.0,油水同层,3.4758659972896817,42.35321873387126,54.17091526883906,53.852882433997415,46.147117566002585,65.39699152815399,33.905920252125114,8.404945263012277,0.042353218733870435,11.54410909415658,34.60300847184601,2.170118392739826,164.1262764292347,20.791295706208906,1.2198791200828496,1.0228301085812828,180.20669697964635,56.85722380082029,22.07173184810589
1679.125,油水同层,3.5243646328624916,41.1883631113451,55.287272255792416,53.91122138363904,46.08877861636096,65.33904502501909,32.973393680985765,8.173781067247985,0.04118836311134688,11.427823641380037,34.66095497498092,2.2701646133206377,139.95400008865488,20.895957390513814,1.20424218251806,1.0110831064678987,168.0679980137088,56.09358316681665,21.904003695939874
1679.25,油水同层,3.5032605087370654,41.5968717513405,54.899867739922435,54.26012139752159,45.73987860247841,65.87703823827091,33.30042576459247,8.254849114996693,0.041596871751342634,11.616916840749324,34.12296176172909,2.0547243833346074,155.1038048218124,20.38761636092477,1.400804620030768,1.2506481299275425,163.78687855163122,56.425729861204175,21.949591654945287
1679.375,含油水层,5.02447099623523,49.640894143946845,45.334634859817925,52.05350202512192,47.94649797487808,53.57451205425646,40.18629409811578,9.404959151687116,0.04964089414394718,1.5210100291345408,46.42548794574354,2.2302334298194313,173.9912949520733,19.853197769117124,1.6050046683868562,1.494455944348988,169.3567759663298,54.85124900046959,21.886629275351897
1679.5,含油水层,5.095700891550703,48.64292988677064,46.26136922167866,51.48525496109612,48.51474503890388,53.0049570049588,39.37840201982248,9.215884937061379,0.04864292988677327,1.519702043862683,46.9950429950412,2.309450889632534,162.85931571398757,19.144902072716157,1.8319925870428704,1.7589579000264055,138.0353342571642,54.539297578824375,21.925766632260306
1679.625,含油水层,4.999980386175001,49.44859636400397,45.551423249821035,50.71258656673078,49.28741343326922,52.20616998578039,40.030621335316816,9.368526432323147,0.04944859636400595,1.4935834190496176,47.79383001421961,2.116949787904359,164.1221569767325,18.485811889550163,2.0587106995837545,2.0239965038877648,122.13163567548341,55.258263162415645,22.054439912413915
1679.75,含油水层,5.0920096165869095,49.34578931290369,45.562201070509396,50.65931858363679,49.34068141636321,52.139325369633106,39.94739490553303,9.349048618057761,0.04934578931290318,1.4800067859963084,47.860674630366894,2.2855976303023398,152.30059776608837,18.55609968278481,2.0778749909579517,2.0426229322873244,127.52276386431765,54.707247346868954,22.02911372861767
1679.875,含油水层,5.21154476429289,49.06067962903458,45.72777560667253,49.73525356070927,50.26474643929073,51.22613848717196,39.71658718533039,9.295031764075159,0.049060679629035764,1.4908849264626913,48.77386151282804,2.0368373658858214,131.23731198038857,18.51520990149022,2.0896928766145098,2.053870426548227,134.89147790527304,53.56889336813276,22.047123169754023
1680.0,含油水层,5.0603548319340685,49.14201571394769,45.79762945411824,50.850528665427994,49.149471334572006,52.37338395862117,39.78243200713455,9.310441691099191,0.04914201571394883,1.5228552931931754,47.62661604137883,2.0413315965659056,144.8759247906235,18.55454172116597,2.098125588683654,2.0610110444202556,146.87712537849512,53.1419789252839,21.87533498427518
1680.125,含油水层,4.98941675570859,49.11384402181251,45.89673922247891,49.56943619469703,50.43056380530297,51.123305003042795,39.75962589284291,9.305104284947783,0.049113844021811404,1.5538688083457601,48.876694996957205,2.275377293345831,156.9058982433133,18.46540527295496,2.1217837827545085,2.082629353530625,123.87337908811035,54.75940079938209,22.098777835825754
1680.25,含油水层,5.0301472457869,50.39655573061614,44.57329702359695,49.589342019034795,50.4106579809652,51.16698574884602,40.79803244981596,9.548126725069563,0.05039655573061824,1.577643729811219,48.83301425115398,2.020340576123195,170.727808186343,18.24781244482265,2.1389203982725467,2.0988244124659405,131.8580746277746,54.08676284267846,22.164841817891386
1680.375,含油水层,5.1161871087347714,51.34142237019681,43.54239052106841,50.594839752903034,49.405160247096966,52.16659868085962,41.562939877784146,9.72714107004247,0.051341422370196343,1.5717589279565847,47.83340131914038,2.1586324722971364,149.21610913735677,18.100402787608452,2.145600354667293,2.105106843042459,135.14255131908692,53.048037979878664,22.0938814753118
1680.5,含油水层,5.033763763451185,50.6490817574593,44.317154479089524,51.85266325110219,48.14733674889781,53.44361302619127,41.002462393255755,9.595970282446084,0.050649081757461745,1.590949775089082,46.55638697380873,2.29657796298268,134.6661571855181,17.889746352261813,2.143028910077711,2.1033303098224687,127.65085236873333,52.931682830912386,21.89266314587894
1680.625,含油水层,5.096173061237666,51.16029791461622,43.74352902414611,52.128686737063234,47.871313262936766,53.75179489368785,41.4163123690367,9.692825247664908,0.05116029791461668,1.6231081566246224,46.24820510631215,2.173228555588288,147.17723711973483,17.769522056464204,2.1221425756451144,2.084290550750626,119.22344531052377,53.396112069031595,22.408826930101426
1680.75,含油水层,5.122480889421612,51.41919517046129,43.4583239401171,52.74054172477436,47.25945827522564,54.33795637518845,41.625900077799876,9.74187589749096,0.05141919517046012,1.5974146504140863,45.66204362481155,1.9854030242536305,146.22885889431615,17.808006662429797,2.1074094200720856,2.070182219409896,121.36489761422301,53.6040518293642,22.29848686019691
1680.875,含油水层,5.204018033778003,50.8411194221107,43.95486254411129,51.4468916939917,48.5531083060083,53.04205527764112,41.157924582297284,9.63235372039131,0.05084111942210978,1.5951635836494127,46.95794472235888,2.3807199615239782,161.12068481078958,17.68794076518446,2.12483002148304,2.0872981959914223,126.47158348150622,52.401307557740736,22.651840437996754
1681.0,含油水层,5.093967398279195,51.947867298681885,42.95816530303892,51.74198631319704,48.25801368680296,53.347344822721844,42.05388136203184,9.842038069351362,0.05194786729868367,1.6053585095248024,46.652655177278156,2.2899602873732503,142.74384324247598,17.659604379840133,2.119381464824559,2.083125687186333,132.75727433829877,51.66336890823266,22.631371434996602
1681.125,含油水层,5.215586525365849,51.38030150753827,43.40411196709588,53.00082242824252,46.99917757175748,54.57376312063933,41.594414098271685,9.734507107759054,0.05138030150753786,1.5729406923968101,45.42623687936067,2.1587194708850586,136.66351225696772,17.767870313833093,2.0874714842874824,2.0530956280835775,131.56930126023505,53.1932309187456,22.00002873445995
1681.25,含油水层,5.370400347337875,50.0516133388639,44.57798631379823,54.57273470740176,45.42726529259824,56.167772427080806,40.518787753665514,9.482773971859523,0.0500516133388626,1.5950377196790495,43.832227572919194,2.335869102877935,149.49238617045347,17.783839144947265,2.039575682546692,2.0085846283357576,120.73447860176857,51.829017644385246,22.15788200667949
1681.375,含油水层,5.391597179271478,50.260807943336914,44.3475948773916,55.79543182900579,44.20456817099421,57.344347729969655,40.68813917337834,9.522407962015237,0.0502608079433392,1.54891590096386,42.655652270030345,1.9892487065875215,143.2481549580267,17.99648429259058,1.9739186573660832,1.94709503792409,142.53332321024877,53.10662515958164,21.998257419506643
1681.5,含油水层,5.534559514935543,49.246585105110626,45.21885537995383,55.60124506719815,44.39875493280185,57.15032329244279,39.86708512185785,9.330253398147665,0.049246585105111595,1.549078225244652,42.84967670755721,2.309809595932069,153.73126686551035,18.254083735811882,1.9267716262826837,1.9023452094602344,132.4981830249989,54.35193362340866,21.9443471455974
1681.625,含油水层,5.553310647945658,48.39439202769518,46.05229732435917,54.701275106824646,45.298724893175354,56.2478374570447,39.177200658091174,9.168796977576319,0.04839439202769247,1.546562350220061,43.7521625429553,2.290059187381358,169.3127640334519,18.33026644628038,1.9150254158278583,1.8920289341332706,139.19095184510746,53.256684093279716,22.011033212383747
1681.75,含油水层,5.654718635578431,49.14753055844168,45.197750805979894,54.982483933412894,45.017516066587106,56.53532546516223,39.78689649486312,9.311486533020117,0.0491475305584424,1.5528415317493427,43.46467453483777,2.1666124275741536,150.44632005352665,18.478644852642784,1.891639297937401,1.869912929242523,133.72500236393734,53.28574814272707,22.112650671795773
1681.875,含油水层,5.573331270298309,48.55513038938355,45.87153834031814,56.56466553528333,43.43533446471667,58.07873771965188,39.30732480647833,9.199250452515841,0.04855513038938136,1.514072184368557,41.92126228034812,2.079430257973233,156.16588951093203,18.572324830233427,1.8846449769853026,1.8627704961196754,126.17661779698275,54.51468282736558,22.073700646323513
1682.0,含油水层,5.409243960716055,48.29516183198513,46.295594207298805,55.20248323672329,44.79751676327671,56.719396790712565,39.09686983615524,9.149996833997905,0.048295161831987676,1.516913553989269,43.280603209287435,2.2587862596487343,169.55817512561018,18.651036533259955,1.868619709108049,1.847104296765215,142.64738571103285,53.97778808514316,22.02372246283452
1682.125,含油水层,5.390911109371832,47.50944890892493,47.09963998170324,55.413852849925995,44.586147150074005,56.918491102298695,38.46080372277647,9.001135737239538,0.04750944890892367,1.5046382523726995,43.081508897701305,2.209319008827686,164.04509457439818,18.750168430833764,1.8633073776915028,1.8412153541427854,140.23249193742205,54.573070820709574,22.133422980511963
1682.25,含油水层,5.345348455863383,48.19581086868277,46.45884067545384,54.27328348336231,45.72671651663769,55.771154369680886,39.01644124801131,9.131173809802775,0.0481958108686828,1.4978708863185761,44.228845630319114,1.9435890813992607,148.13667238356632,18.83685141969912,1.870539354698987,1.8470293847993804,120.16447896263884,53.34487771929862,22.176319097544237
1682.375,含油水层,5.277248956648024,47.840655470837014,46.882095572514956,54.708238116760924,45.291761883239076,56.21063379200035,38.72892871395066,9.063886101415518,0.0478406554708391,1.5023956752394367,43.78936620799965,2.2775264593000686,147.3406403327855,18.910155665421456,1.8821718999984607,1.8573130122813293,132.18829525740702,54.89265495743991,22.07325349227283
1682.5,含油水层,5.334333158458975,47.69181004013514,46.973856801405894,53.193748227872995,46.806251772127005,54.7399782829916,38.60843237002902,9.035685860065975,0.04769181004013745,1.5462300551185983,45.2600217170084,2.2031404343227963,152.5938412890668,18.810139303851415,1.8986840354829697,1.8727816550012333,141.13370956096387,54.69710954696015,22.051478728507718
1682.625,含油水层,5.274152729387806,48.664517789161856,46.06132948145034,54.77081015879267,45.22918984120733,56.31502120692554,39.395878292347696,9.219974979024993,0.048664517789163975,1.5442110481328675,43.68497879307446,2.184527245279771,148.61843011693784,18.777402536138815,1.9058192866228796,1.8793129532130541,129.8576086319351,54.432219144592096,21.926769091008968
1682.75,含油水层,5.330772714654706,48.58008536974031,46.08914191560498,53.917573561612265,46.082426438387735,55.45547621653479,39.32752686361536,9.203978420755211,0.04858008536974129,1.537902654922531,44.54452378346521,2.166583321022082,150.02442660948475,18.59706117980702,1.9251873711548966,1.8977325418642974,125.6540590009596,54.318828176603226,22.189187657184412
1682.875,含油水层,5.2066725416790645,49.792389821315844,45.00093763700509,54.75323044735022,45.24676955264978,56.32119315476356,40.30893592297273,9.433661508521805,0.04979238982131401,1.567962707413339,43.67880684523644,2.1600603898976947,152.33762887914986,18.398755706418974,1.9387856744447731,1.9104970444600524,133.4823881512799,54.48704320393135,21.78737600158737
1683.0,含油水层,5.173859119970086,49.78427507312152,45.0418658069084,53.98824702696346,46.01175297303654,55.59829904060742,40.3023667089589,9.432124089089502,0.049784275073121165,1.6100520136439649,44.40170095939258,2.0767140532219153,150.26828469286215,18.228356350610618,1.9774762996482451,1.9463916869253537,124.27882235816618,54.247415969772476,22.063822966096787
1683.125,含油水层,5.058205840909334,50.69409584559288,44.247698313497786,52.87522915487292,47.12477084512708,54.52465959535314,41.03890310238257,9.604498647364716,0.05069409584559509,1.649430440480228,45.47534040464686,2.2169060658299142,158.76606411214888,17.95460763745487,2.0293376851336484,1.9956527001100208,123.67817669226959,53.74719759247634,22.092406088696528
1683.25,含油水层,5.128193674648097,51.717467816084906,43.154338509267006,52.13077864151525,47.86922135848475,53.73463869448328,41.86736374329501,9.798386604973809,0.051717467816085605,1.6038600529680318,46.26536130551672,2.226905854175604,140.55632603139654,17.906499113648408,2.0704618448556085,2.034263033550366,120.72070013816193,53.062907261428236,22.034091885198826
1683.375,含油水层,5.0776337125090905,50.61297524584829,44.30939104164262,51.43439989702052,48.56560010297948,53.02407748582535,40.97323272446193,9.589129546140514,0.050612975245849234,1.589677588804828,46.97592251417465,2.005887932594221,144.02386238698156,17.804677229988652,2.1108263712805844,2.0722340847847778,130.79266808768875,53.554645090378926,21.917774172572642
1683.5,含油水层,4.939321349310272,51.1381584715636,43.92252017912613,51.35529653501278,48.64470346498722,52.96922571004966,41.398389602232754,9.68863071085928,0.05113815847156422,1.613929175036875,47.03077428995034,2.0389381195728533,135.4626925994201,17.748962501748206,2.1538217691086174,2.113656841226427,134.2769747772526,53.816226753653254,22.161006434076008
1683.625,含油水层,5.087147331396595,51.55032853941655,43.362524129186866,49.86553339065144,50.13446660934856,51.467415648072645,41.732057797595,9.766720413282131,0.0515503285394181,1.6018822574212048,48.532584351927355,2.159474747265778,143.12889506629855,17.81311284163435,2.181577968351169,2.138970007798413,137.09591968460464,53.75006589625857,21.967922082099165
1683.75,含油水层,5.07158008171613,51.28179324171063,43.646626676573234,49.11459766971188,50.88540233028812,50.75016239969583,41.51466770752042,9.715843740948497,0.05128179324171145,1.6355647299839542,49.24983760030417,2.334947893022269,140.21922604581772,17.716801252868578,2.2286133352770268,2.1835719328788032,146.17972904347988,52.4715625293058,22.161819692917906
1683.875,含油水层,5.006980072761475,51.89194592070392,43.10107400653461,48.65563512977369,51.344364870226315,50.251850413869825,42.00861076446206,9.83144321032115,0.05189194592070678,1.5962152840961303,49.748149586130175,2.014862392114216,141.71223296829672,17.761084485722936,2.270131142518208,2.222051257280709,127.87894558684243,53.83818785016378,21.94146676918654
1684.0,含油水层,4.921648433224151,50.967719931544096,44.11063163523175,47.56291843387143,52.43708156612856,49.203112812284076,41.26041277057021,9.656339441042336,0.050967719931546696,1.64019437841264,50.79688718771593,2.025545349552605,140.65269442528893,17.83178938260628,2.2890660569900523,2.23892393377344,142.3909793802753,54.92389710082476,21.966829546669867
1684.125,含油水层,5.040334377226004,50.973297645108474,43.986367977665516,47.62830260464362,52.371697395356385,49.26488251585947,41.26492815333192,9.657396194131445,0.05097329764510716,1.6365799112158508,50.735117484140524,2.15574914758755,136.80471780002372,17.959022935150557,2.2742398858102235,2.2243065055610507,133.5687517177918,53.86848887286789,22.05388092477549
1684.25,含油水层,5.053830543753991,49.924294886877455,45.021874569368556,48.922306511892145,51.077693488107855,50.55091987172818,40.415718362110894,9.458652229879688,0.04992429488687722,1.6286133598360446,49.44908012827182,2.2886138910596454,147.13295396349656,18.057852457929013,2.2575407992286434,2.207705212410053,131.83230149847398,52.92549248216335,22.030847006090863
1684.375,含油水层,4.995453592220849,50.80465828504435,44.19988812273481,48.8679264149935,51.13207358500651,50.49052546417197,41.12840782997909,9.625445796780209,0.050804658285046045,1.6225990491784636,49.50947453582803,2.113725525530232,138.40593034895784,18.01307789201491,2.250710413716726,2.2023588540639776,130.37333279300123,53.596323269845385,22.097611252244672
1684.5,含油水层,5.120366198370729,51.34977855892613,43.529855242703135,48.667883942107736,51.332116057892264,50.28767725276744,41.5697045475913,9.728724232775903,0.05134977855892342,1.6197933106597018,49.71232274723256,2.2866332476979747,145.3796003899263,18.055182299070637,2.217623499631896,2.171419886693622,131.6053221937425,52.09841057337803,22.12350206793829
1684.625,含油水层,5.177499321079601,50.32291146869674,44.49958921022366,49.829043535817604,50.170956464182396,51.46600169888889,40.73841446711908,9.534174090108966,0.050322911468697606,1.63695816307128,48.53399830111111,2.1698482886421395,161.9614174136057,18.0922621784449,2.2112631976388544,2.16473034571666,132.05481630540655,52.52013879770773,22.321806467479576
1684.75,含油水层,5.079481377929458,49.50565487756175,45.414863744508786,49.05681830470053,50.94318169529948,50.74021498775525,40.076812489730465,9.379336732953728,0.0495056548775602,1.683396683054719,49.25978501224475,2.1362275890736497,141.13515363519588,18.27107833635609,2.177446373779289,2.1308455116678897,124.85687706054377,54.103474999103774,21.82492778548829
1684.875,含油水层,4.957841601977695,48.79671639371379,46.245442004308515,49.71314205242708,50.286857947572926,51.438140554501956,39.5028983630676,9.245021314252469,0.048796716393714745,1.7249985020748748,48.561859445498044,2.0972821692912853,146.98415942276802,18.543841205556518,2.1245827046113996,2.078413937491118,127.56159420036974,54.18329007634294,21.79535854105012
1685.0,含油水层,5.086981328304334,48.27646568685256,46.636552984843114,50.06144935310797,49.93855064689203,51.79684643273833,39.08173455707223,9.146454664093472,0.04827646568685284,1.7353970796303586,48.20315356726167,2.037169976839463,158.48189441983646,18.694924876851744,2.089466207565993,2.043605241899708,151.37534103462372,53.43544286845713,22.156052053031658
1685.125,含油水层,5.057824392371469,48.58371534125458,46.35846026637395,51.15268054177356,48.84731945822644,52.85647392163961,39.33046547109525,9.204666154818069,0.04858371534125633,1.7037933798660518,47.14352607836039,2.2496576672535773,141.16540672409388,18.880182675833098,2.0413025970383836,1.9973307480048121,138.52721310894756,54.813294387654764,22.07999994515589
1685.25,含油水层,5.020909946261787,47.32315106592894,47.65593898780928,51.27843078760621,48.72156921239379,52.95798598344936,38.30998814949585,8.965839765367157,0.0473231510659311,1.679555195843154,47.04201401655064,2.1235267511465605,146.4627231976615,19.117450712097604,1.98512688113945,1.944466463238528,141.26419603555323,53.59023013676155,22.304741256292175
1685.375,含油水层,5.062027245324456,45.99665829191942,48.94131446275613,52.48344180037917,47.51655819962083,54.12671480558112,37.23613906489244,8.714522568735054,0.04599665829192051,1.6432730052019457,45.87328519441888,2.2298765326987438,153.44062158955524,19.27151454962202,1.9382140329105484,1.9001679390099657,137.26578294878126,54.75323126662582,22.104651315428228
1685.5,含油水层,5.110461998742539,46.37687751487983,48.51266048637763,52.84286496427659,47.15713503572341,54.530604564342234,37.54394177028564,8.786558867079307,0.046376877514880954,1.6877396000656457,45.469395435657766,2.1817939682264154,158.19415505078152,19.50421233335949,1.8831465309529773,1.847519987416995,136.33016248924568,54.82554574393616,22.441614267013694
1685.625,含油水层,5.1994005663925895,45.79431160251538,49.00628783109203,54.1191373350643,45.8808626649357,55.838974571704355,37.07233130698641,8.676185983926455,0.04579431160251363,1.7198372366400534,44.161025428295645,2.2367366364041303,162.05376980952866,19.59495775104011,1.8509633813194342,1.8173549440142778,138.5458305996667,54.69049776334646,22.34701067394112
1685.75,含油水层,5.26029885024655,46.112715514837944,48.626985634915506,53.58522747142482,46.41477252857518,55.271366987052374,37.33009204001191,8.736510759311193,0.0461127155148372,1.6861395156275525,44.728633012947626,2.266340843333046,153.06050288459272,19.67207812529033,1.8348073968002037,1.8019081820367584,143.84636531689068,53.846486419728734,21.98136850464129
1685.875,含油水层,5.213342465292526,45.060258414822826,49.72639911988465,53.403418193684814,46.596581806315186,55.07869793972367,36.478085820619214,8.537112335788793,0.045060258414825194,1.675279746038849,44.92130206027633,2.0734079851832807,142.92876433478,19.72396437638237,1.8129374550097874,1.7816375020101725,128.20073899957916,53.747385461302585,21.921254744650625
1686.0,含油水层,5.2750565212174365,45.63681004103445,49.08813343774811,54.64091014009526,45.35908985990474,56.30807762402997,36.944827478142564,8.64634575285085,0.04563681004103731,1.6671674839347148,43.69192237597003,2.172722120458794,164.08540381230816,19.698735617270216,1.8038666845568825,1.773747691369674,132.71687044420815,55.140364146273924,21.807252289956867
1686.125,含油水层,5.18655728143901,45.967368978260936,48.846073740300056,55.370556618500814,44.629443381499186,57.013228910281676,37.21242819116808,8.708973418114596,0.04596736897826137,1.6426722917808625,42.986771089718324,1.9908121708041249,165.55958092439636,19.710534342161353,1.7885771635862366,1.7592898937545531,145.1499887446799,54.68250215200639,21.920022026835237
1686.25,含油水层,5.18783229622087,45.871160100108135,48.941007603671,55.05410319658066,44.94589680341934,56.713746699413804,37.134543246930626,8.690745693077393,0.04587116010011105,1.6596435028331393,43.286253300586196,2.1864755833959175,151.2453397150603,19.73571514031545,1.7662385245871417,1.7383875256418808,134.95446564439354,54.204931258542544,22.22712480155365
1686.375,含油水层,5.179525503542076,44.60927268240587,50.21120181405204,55.57804004772965,44.42195995227035,57.203523012367654,36.112994788527644,8.451668621195825,0.044609272682404055,1.625482964637999,42.796476987632346,2.3003875372560625,165.86895725935383,19.89352418915522,1.7512965080023888,1.7237027075177915,126.52425457063936,54.866794530701945,22.08563455995544
1686.5,含油水层,5.147141170083499,43.960413801073706,50.89244502884279,54.58783172812872,45.41216827187128,56.21331810273797,35.58771750891667,8.328735878355968,0.04396041380107241,1.6254863746092543,43.78668189726203,2.3125076061730248,157.84590859572407,20.074535918229948,1.741729616787857,1.7147014360673725,138.49261054236806,55.38359535277559,22.186369742473516
1686.625,含油水层,5.283983411622247,44.069881618190806,50.64613497018694,54.56051810431861,45.43948189568139,56.142589001272704,35.676336095846025,8.34947564072659,0.04406988161819031,1.582070896954094,43.857410998727296,2.145763953157974,169.91362839607524,20.384400147323603,1.7120773298628609,1.6863038849425969,148.00635322966525,55.64074237047256,22.167793901303057
1686.75,含油水层,5.399721465933816,42.46893223194406,52.131346302122125,55.25785410228183,44.74214589771817,56.885931762886976,34.38030337964736,8.046159920064753,0.04246893223194548,1.6280776606051404,43.114068237113024,2.5446534417772524,162.85969573196127,20.67840790143355,1.7012015900732467,1.674976924361223,158.61909768611437,54.06272441825352,22.052180873750974
1686.875,含油水层,5.291112640977964,41.55796202069233,53.1509253383297,53.866079542375786,46.133920457624214,55.53444232631342,33.64283646944569,7.873567589225945,0.041557962020692674,1.6683627839376276,44.46555767368658,2.317377314874758,165.53832934070388,20.799586880578534,1.6990685762280995,1.6730193512567375,141.45394950121957,55.68506617537421,22.428159746085434
1687.0,含油水层,5.363749491253452,42.69535223635062,51.94089827239592,53.679087275241734,46.320912724758266,55.30974102434415,34.563599451236925,8.089057432877347,0.04269535223635351,1.6306537491024151,44.69025897565585,2.2963308764298946,161.38764276331344,20.89598377572195,1.7103822258000598,1.6829936456710932,149.89247841582363,57.59366840687494,22.41188123610955
1687.125,含油水层,5.316798480251567,43.21066962525795,51.47253189449048,52.37733647169246,47.62266352830754,54.017436951533305,34.980769538553496,8.186689417079194,0.043210669625255715,1.6401004798408447,45.982563048466695,2.198138181845034,165.75563137511503,20.879755351772733,1.7255992518353445,1.6977042901682302,129.43708898760408,56.07677824579126,22.999509652454677
1687.25,含油水层,5.464291935138714,42.775379425376634,51.760328639484655,53.7122193936303,46.2877806063697,55.32758561915886,34.62838466934197,8.104219376609292,0.04277537942537907,1.6153662255285584,44.67241438084114,2.303407766935662,174.09632520317484,20.816144129014585,1.7438735927795828,1.716165992420576,143.53032253811108,56.40461968464233,23.107394796318626
1687.375,含油水层,5.380045049472708,42.362776789349965,52.25717816117733,52.505565387334855,47.494434612665145,54.07561681704476,34.29436629269983,8.02604771986079,0.04236277678935085,1.5700514297099093,45.92438318295524,2.176007334377258,157.87889310388695,20.92059434327488,1.7596032612727097,1.7306830087279805,140.504436641749,56.34104691913797,22.542241409320653
1687.5,含油水层,5.244115055956075,41.82476229377696,52.93112265026696,50.95435507887988,49.04564492112012,52.54858799532749,33.85882198752573,7.9241155439574555,0.041824762293779516,1.5942329164476088,47.45141200467251,2.2328195217412903,152.95912116878458,21.152893182689716,1.7642699937270372,1.7342071566582171,147.57579262268513,56.07405290424137,22.65993934101344
1687.625,含油水层,5.103271315861129,40.963143309725034,53.93358537441384,49.63489271517111,50.36510728482888,51.22555667120847,33.161306874417065,7.760873291998248,0.040963143309726,1.5906639560373546,48.77444332879153,2.3245465506902185,162.12787919524862,21.403026538811382,1.7711941598193421,1.7393605731068913,149.3152998359443,56.33832388596108,22.277758134875285
1687.75,含油水层,4.963565505107165,40.42507406308263,54.6113604318102,50.408512868918606,49.591487131081394,51.95500058769343,32.72571824605712,7.658930742962436,0.04042507406308016,1.5464877187748265,48.04499941230657,2.2982574228250146,169.09021934461768,21.669493104053302,1.7813914275891447,1.7475385251639892,155.51479802642476,55.921794913513075,22.203438822056746
1687.875,含油水层,5.109124652224486,39.822706936755836,55.06816841101968,48.90137405224691,51.09862594775309,50.4661313394737,32.23807790615084,7.5448063236682374,0.039822706936756824,1.5647572872267825,49.5338686605263,2.4227192025207627,170.11576506399433,21.79244216797011,1.783439263503392,1.748952288578287,144.0288141876412,56.59563871448006,21.967778185374428
1688.0,含油水层,5.042672947051993,40.63798248828374,54.31934456466426,49.54354840311088,50.45645159688912,51.0981346153273,32.89807615255026,7.699268353245199,0.04063798248828271,1.5545862122164178,48.9018653846727,2.2003592430825094,174.82934414528032,21.93640859663593,1.7811951069281189,1.7465773448727269,146.4648975656594,56.12292404828303,22.213000209424933
1688.125,含油水层,4.983114427799775,39.511233966413215,55.50565160578701,48.54221223499117,51.457787765008824,50.08066510778254,31.985928048545414,7.4857946839013865,0.03951123396641609,1.538452872791365,49.91933489221746,2.1706120728814096,155.0039860943434,22.013955666769718,1.8034418063224755,1.7673026097947515,150.1166391809758,56.659666105865504,21.9762662590353
1688.25,含油水层,5.105550050170373,39.807900717310496,55.08654923251913,47.58677709030474,52.41322290969526,49.16525765235377,32.22609167787328,7.542001138719906,0.03980790071730911,1.5784805620490308,50.83474234764622,2.153460884532932,171.26483123752786,21.893077024238355,1.8324801230792196,1.7948063459938943,132.78320153749718,56.99136703174482,22.08522808439709
1688.375,含油水层,5.064952573512178,41.27396810220908,53.66107932427874,47.1962393607482,52.803760639251806,48.77311174366007,33.41293200605811,7.819762128048767,0.041273968102208125,1.5768723829118716,51.22688825633993,2.118234926844865,168.30063695513286,21.782554999859503,1.8770182827978585,1.8367172509479455,145.01888785592746,56.19888360856772,21.891003787403058
1688.5,含油水层,5.147025291717042,42.0819848870654,52.770989821217555,46.44235270831965,53.557647291680354,48.05730031625631,34.06705398980584,7.972848912372493,0.042081984887065715,1.614947607936665,51.94269968374369,2.212716024525962,167.53583081837326,21.6813137433905,1.9260382642457525,1.88300687746266,145.06220058741292,56.97623220329881,22.22869836732052
1688.625,含油水层,5.1953720220641895,40.883137819038815,53.92149015889699,45.07176382909562,54.92823617090438,46.66670969507327,33.09653922198805,7.745715459231726,0.04088313781903802,1.5949458659776488,53.33329030492673,2.316909409139809,167.65734318117342,21.61620192756162,1.963680324515918,1.9182389251282448,142.8243162571438,55.73479999370684,22.18018383342065
1688.75,含油水层,5.199046489369512,40.73494234227788,54.06601116835261,44.869497939575815,55.13050206042418,46.495515111148755,32.97656904184068,7.717638358094914,0.04073494234227981,1.626017171572943,53.504484888851245,2.274082598560102,162.51444702966353,21.561513029052083,2.0001915459295097,1.9523338206985819,148.89465404858922,56.39105553658281,22.09667717288436
1688.875,含油水层,5.109132662897306,42.07729107100473,52.81357626609796,44.60220607972712,55.39779392027289,46.21868737816806,34.06325415751214,7.971959622421587,0.04207729107100211,1.6164812984409396,53.781312621831944,2.2062347571285845,169.088933061824,21.566239191198385,2.021485701257948,1.9724493094424103,147.91328646940167,55.98674977653509,22.041891061980934
1689.0,含油水层,5.033581907631027,42.19014791215313,52.776270180215846,44.6009349853764,55.399065014623595,46.172145419237054,34.15461629527345,7.993341468967528,0.04219014791215364,1.5712104338606536,53.827854580762946,2.1451917441030837,161.53611740925533,21.557472119655884,2.0169515452935847,1.9679792006906323,145.67062172491543,57.12817981736627,21.89949723257057
1689.125,含油水层,4.898369326873713,40.95908048052589,54.1425501926004,45.38609603814595,54.61390396185405,46.94161705840163,33.158017851286374,7.760103548758986,0.04095908048052793,1.5555210202556853,53.05838294159837,2.351882127800442,155.38677233682145,21.434472727401786,2.01861718532335,1.9702891051782607,147.4092035090923,56.64318128192714,22.015287102894302
1689.25,含油水层,4.889075629443719,42.01475671920776,53.09616765134852,45.61644664639058,54.38355335360943,47.15000205819945,34.01263009249709,7.960111869991457,0.04201475671920807,1.533555411808869,52.84999794180055,2.1501159938118315,173.3452404796558,21.295280181055745,2.0110395595127293,1.9643882666657426,168.8142219543499,55.21398171542116,22.045109260543462
1689.375,含油水层,4.966929252338187,43.447896423260026,51.585174324401784,46.346088813345204,53.65391118665479,47.87344757072883,35.172814142843286,8.231634383993477,0.04344789642325847,1.5273587573836218,52.12655242927118,2.064824145023348,168.7621821884309,21.1979615810356,1.9998625692793068,1.9545094725513208,136.36321360074544,55.35747009619364,22.12874418803538
1689.5,含油水层,4.915300426252692,43.1104916350831,51.97420793866421,46.28730330744945,53.712696692550544,47.81351425216995,34.8996714389977,8.167709704450319,0.04311049163508024,1.5262109447205008,52.18648574783005,2.187950487741492,166.09577865034868,21.09724783351909,1.9962622534124734,1.9520137921108474,147.310494107865,54.631100336243826,22.225545031294857
1689.625,含油水层,4.805450220753487,41.966796681642805,53.22775309760372,46.50672835715966,53.49327164284035,47.9918979851835,33.97380451919148,7.95102536576968,0.041966796681643104,1.4851696280238387,52.008102014816494,2.4346781649120985,161.69163743991942,21.164177384092472,1.9798768390365533,1.9369972718629853,148.16907942770834,55.11570242365729,22.34418923214775
1689.75,含油水层,4.947811268305075,41.22399256163577,53.82819617005915,46.47742832015822,53.52257167984178,47.96275816422153,33.372474802258196,7.8102937668159385,0.041223992561635614,1.4853298440633176,52.03724183577847,2.063146494733395,162.40456346365616,21.427455271546975,1.9433642126536297,1.9017119142273287,146.70554074367578,55.99430857211367,22.65897396560544
1689.875,含油水层,4.916638224161102,40.533313687493234,54.55004808834566,47.2247743646475,52.775225635352506,48.739390505512795,32.81334256174774,7.679437812058003,0.04053331368749219,1.5146161408652963,51.260609494487205,2.2627236318816353,168.50467608287195,21.60336203594782,1.9011109381848084,1.8613665371926422,146.32389715887717,55.91330098250186,22.97260212321829
1690.0,含油水层,4.860349016163683,41.03530199045255,54.104348993383766,48.497206160843525,51.50279383915648,50.00539006998924,33.21972221957663,7.774544468885473,0.04103530199045108,1.5081839091457157,49.99460993001076,2.210481011456569,156.0411526355208,21.784104590193884,1.8692808625588722,1.8310596346727013,168.53410865089873,56.6440193212514,22.681162110082546
1690.125,含油水层,4.9956263785098205,39.88808590188144,55.116287719608735,47.93106773093352,52.06893226906648,49.429592292961416,32.29100479970658,7.557193016272986,0.039888085901881865,1.4985245620278986,50.57040770703858,2.4384207403553764,167.74366033668628,21.795824640526643,1.839527048490571,1.802562767410804,133.02296011733267,55.61758256301846,22.410209583909477
1690.25,含油水层,4.909046401664609,40.88254533369688,54.20840826463851,49.115486758228485,50.884513241771515,50.636051601723494,33.09605958134881,7.745603207014377,0.0408825453336939,1.5205648434950065,49.363948398276506,2.039227866655149,183.73960547164444,21.786743621730793,1.8336767487143772,1.7967139382594806,150.37388551142558,55.48289154617179,22.1528495554523
1690.375,含油水层,4.916401597298501,40.57828800578002,54.50531039692148,47.84298932245646,52.157010677543546,49.39706936703421,32.84975107558905,7.687958642185189,0.04057828800578256,1.5540800445777545,50.602930632965794,2.242704876973651,177.42261222399907,21.782236194764963,1.8331107149250179,1.7959441837464847,170.2542349218124,56.975359475321056,21.937774950842822
1690.5,含油水层,4.80619327801819,41.081121022749954,54.112685699231854,48.566417803705534,51.433582196294466,50.089302193037554,33.256814563277274,7.783225338449936,0.041081121022748524,1.5228843893320227,49.910697806962446,2.217682234677277,174.1011163380213,21.588491068119794,1.8377251892880424,1.8002338345182136,149.0396279320446,55.42997307846557,21.986700736522085
1690.625,含油水层,4.833284880538803,41.89414076963654,53.27257434982465,49.1231466963515,50.8768533036485,50.65860284121372,33.91498664537592,7.937259983490989,0.041894140769639654,1.5354561448622228,49.34139715878628,2.298030147405432,157.97499573116386,21.629797359686034,1.8379179308290883,1.7997148664576406,140.35465536215017,57.06152053461338,22.039533151297153
1690.75,含油水层,4.696251226746187,40.488962725676956,54.81478604757686,48.63781456547878,51.36218543452122,50.17201833617605,32.77743867996199,7.671035082989293,0.040488962725675204,1.5342037706972755,49.82798166382395,2.3057048430106244,163.1401072435261,21.677026205680068,1.8308124616460475,1.7927191010521966,140.24233594512202,56.178976236456776,21.9888507801117
1690.875,含油水层,4.659023346133939,40.074244848044046,55.26673180582201,47.99955284949805,52.00044715050195,49.51239159004157,32.44170793043167,7.592462672764336,0.04007424484804567,1.5128387405435155,50.487608409958426,2.1933641128647112,159.9806150432145,21.748028128221215,1.8220072599715322,1.7840348703729163,146.80429971077234,55.609929495770615,21.900536883914363
1691.0,含油水层,4.755797288142113,40.300294898465026,54.943907813392855,48.77490576656085,51.22509423343915,50.303885250754654,32.624704509437066,7.635290094129496,0.04030029489846265,1.5289794841938045,49.696114749245346,2.2596504552566032,167.71344630470406,21.787919879493263,1.809028215549985,1.7716409761244,157.3136394336336,56.41569637663744,22.0770515032743
1691.125,含油水层,4.627512904788281,41.41956768224435,53.95291941296737,49.95616437683296,50.043835623167034,51.44468445158887,33.53080070372686,7.847347410835248,0.04141956768224375,1.488520074755915,48.55531554841113,2.2781256822022122,162.70474643579252,21.83507511438761,1.8034167834475336,1.7666782080510852,145.03169733206084,57.19463001447676,22.12324107531024
1691.25,含油水层,4.600755183949642,39.98410003428392,55.415144781766436,48.741387689383956,51.25861231061604,50.20132998306609,32.36873208945105,7.575383844798586,0.0399841000342821,1.4599422936821307,49.79867001693391,2.420066627606852,168.29270161349632,21.964347665540362,1.7947186886737412,1.758716072887152,145.42292509968718,56.387077721446076,21.923081577503233
1691.375,含油水层,4.688749855039715,38.69801243459523,56.61323771036505,47.7606420500507,52.239357949949294,49.21193092938377,31.32759261345449,7.331721808706145,0.03869801243459453,1.45128887933307,50.78806907061624,2.470776673639143,166.2737198818743,22.174021654212012,1.7773705402035098,1.742370354748474,157.36872598378753,59.02386127454495,21.716257898081267
1691.5,含油水层,4.618860848373037,38.06029849275567,57.32084065887128,48.663701926433795,51.33629807356621,50.09004401641537,30.811337609204976,7.210900585057944,0.03806029849275361,1.42634208998157,49.90995598358463,2.2921031727399854,156.55014672821,22.596509217571562,1.753032879056443,1.7187848379158555,147.54732016220171,58.06564404281473,22.118382498877736
1691.625,含油水层,4.649783936815513,36.9435934337537,58.40662262943079,48.800320772508016,51.19967922749198,50.22560455395577,29.90732009107211,6.999329749247836,0.03694359343375114,1.4252837814477526,49.77439544604423,2.146550796333693,177.2623635996867,22.906482980817206,1.740100922553073,1.7061322325367445,164.09344391315304,56.91230854826824,21.769767324841624
1691.75,含油水层,4.735754082921058,36.72220625064616,58.54203966643278,47.48489431283924,52.515105687160755,48.92844666806932,29.728098290108683,6.9573857542868325,0.036722206250644485,1.4435523552300846,51.07155333193067,2.0769655430815908,189.366314533967,23.01211180217278,1.7444486415673222,1.7098790800439958,162.993977910672,57.58963432550304,21.922294809952184
1691.875,含油水层,4.60543835435837,37.66187006617705,57.73269157946458,46.4401635136288,53.5598364863712,47.87985344392903,30.488793823407946,7.135414372702926,0.03766187006617877,1.4396899303002335,52.12014655607098,2.2206942073613685,169.97710871447225,22.90339105849991,1.7724715692491655,1.7362286148042703,155.9879114333604,57.66490237011208,21.835380469359176
1692.0,含油水层,4.5674214428365545,39.376280707439335,56.05629784972411,46.81024468993619,53.1897553100638,48.270666739334,31.876677974626578,7.460226452105322,0.03937628070743854,1.460422049397803,51.729333260665996,2.1041712395111154,181.4418965760845,22.659151569075522,1.8105753918165188,1.7718341069030141,168.4209637375615,57.06135270999973,22.025430644761556
1692.125,含油水层,4.432824397887524,39.729883818266345,55.83729178384613,46.96524153769059,53.034758462309405,48.45771949629224,32.16293387010858,7.5272200643395,0.03972988381826387,1.4924779586016548,51.54228050370775,2.2673167211639953,155.44962686893768,22.34983037138716,1.831427296515134,1.7908401303337054,146.36482608829607,57.83913113167904,22.121088583053993
1692.25,含油水层,4.321372815862049,40.05936338153164,55.61926380260631,47.830191580793425,52.169808419206575,49.353097152866965,32.42966078663638,7.5896432315137305,0.040059363381529656,1.5229055720735423,50.646902847133035,2.237232641870349,147.41453673312006,22.06536644412868,1.846704314808751,1.8046841182185038,151.17266303348276,57.653499572925014,22.11295373046745
1692.375,含油水层,4.420513985915299,40.675464276464545,54.904021737620155,47.280914111165295,52.719085888834705,48.82914981740644,32.9284191628673,7.706369649320778,0.04067546427646701,1.5482357062411425,51.17085018259356,2.1886699175907878,172.53587027382656,21.872631306976675,1.8595251359761005,1.8160339263234673,147.25920309222025,56.234093086499584,22.034194413347365
1692.5,含油水层,4.506069103113056,41.42225384393035,54.0716770529566,47.2308044863748,52.7691955136252,48.81642259695192,33.53297525930991,7.847856330776503,0.04142225384393128,1.5856181105771152,51.18357740304808,2.3764136304545715,170.05830812307227,21.644066151195055,1.872681167830419,1.82875089475379,147.02469367284053,56.2570614921616,22.18687641295644
1692.625,含油水层,4.581612306116577,42.12625538371141,53.292132310172015,47.78503291357059,52.21496708642941,49.35069018817725,34.102892731810115,7.981236396517585,0.04212625538370929,1.5656572746066608,50.64930981182274,2.1705777180744263,156.55734391668742,21.539740694669355,1.87539613435705,1.831622561106638,143.07240978278907,56.74172308786563,22.14694290360691
1692.75,含油水层,4.51114482941037,41.11735612139334,54.37149904919628,48.56233621375334,51.43766378624666,50.12631342437863,33.28614832842934,7.7900904368426085,0.041117356121392334,1.5639772106252874,49.87368657562137,2.183428712479091,164.47861724356588,21.525748619897115,1.8750893498946726,1.8309407283751935,156.65425366693148,56.349233137122894,21.95417581764351
1692.875,含油水层,4.417539443676407,40.813037770953656,54.76942278536994,47.42588099747681,52.57411900252319,49.01982372179658,33.03979042249073,7.732434310691966,0.040813037770953686,1.5939427243197652,50.98017627820342,2.178520233441762,170.73140342140277,21.423855174961652,1.8758694372664535,1.831683450331932,154.47001493873847,57.72079386784,21.97533196868885
1693.0,含油水层,4.303357585172826,42.48407065027793,53.212571764549246,47.96040049209304,52.03959950790696,49.539093171569554,34.39255853624428,8.049028043383368,0.04248407065027687,1.578692679476516,50.46090682843045,2.194756413976677,165.7287723174032,21.322879642603283,1.8900092724477053,1.8449154125362663,140.2118831061843,56.87018765588247,22.146659502040183
1693.125,含油水层,4.376747342008113,43.265359438127014,52.35789321986487,47.30963251798258,52.69036748201743,48.87400627495968,35.02504313478958,8.19705094389931,0.04326535943812715,1.5643737569771121,51.12599372504032,2.3330686963324103,159.2936701001436,21.089345719323866,1.9353602448059348,1.8882386943992664,150.25053857929268,55.859059460082634,22.373102432084334
1693.25,含油水层,4.26559660874148,43.81527071504292,51.9191326762156,46.40811491369089,53.59188508630911,47.9331705890812,35.47021836144709,8.301237082880789,0.04381527071504465,1.5250556753903055,52.0668294109188,2.2344912325583026,148.74760578793422,20.9150144062777,1.95016018055115,1.9034353952320553,153.2691941108095,55.292897472310784,22.352604204843267
1693.375,含油水层,4.391469054713239,42.69332230126574,52.91520864402103,47.58660658352043,52.41339341647957,49.10200338455905,34.56195613739804,8.088672841566428,0.04269332230126405,1.5153968010386183,50.897996615440945,2.060621077789107,165.98552987239137,20.84778488382302,1.9542458710822643,1.9083435181917143,141.60236178343206,54.76401013526895,22.10927463104275
1693.5,含油水层,4.42355019313976,43.18567726199205,52.39077254486819,48.25404081164329,51.745959188356714,49.77085184278213,34.9605372184527,8.181954366277363,0.0431856772619893,1.5168110311388388,50.22914815721787,2.178009309046589,164.81885291317542,20.838077677530144,1.9406229833966266,1.8963373379475745,145.88633533943076,55.577478423843274,22.120668198211884
1693.625,含油水层,4.450920323860555,43.27038958602859,52.27869009011086,48.67915355885531,51.32084644114469,50.1787111523868,35.029115241193296,8.198003955249266,0.04327038958603091,1.4995575935314882,49.8212888476132,2.374879661047297,149.06346138464215,20.908858137592393,1.9148422868915673,1.8724274176329248,146.60926579260627,55.12836494660227,21.96650943687812
1693.75,含油水层,4.344687233358078,42.92919312303679,52.72611964360513,48.09557109529491,51.90442890470509,49.57609471330791,34.75290302456268,8.133360905351076,0.042929193123039666,1.480523618013001,50.4239052866921,2.3606129099441486,158.2985330987203,20.961946338429584,1.8911641082788826,1.8501279184633987,138.16906128209774,55.8561463164315,21.960730623689503
1693.875,含油水层,4.358605735712915,41.99794907763391,53.643445186653175,49.33304752300934,50.66695247699066,50.820445766350886,33.999023632762025,7.956927495794251,0.04199794907763371,1.4873982433415385,49.179554233649114,2.3753108388686486,156.87722843455424,21.17969386845165,1.8646726135278304,1.8246303381959197,151.46423108414209,55.695949698232475,21.939328778794607
1694.0,含油水层,4.316020748787083,40.80523455319871,54.8787446980142,48.77744018048526,51.222559819514736,50.25213280835897,33.03347340485801,7.730955913787508,0.0408052345531984,1.4746926278737087,49.74786719164103,2.127172490918518,158.69805615121118,21.346301308251462,1.8620573926175004,1.8212477234986095,148.52234195653486,57.60835239569127,21.85726768612495
1694.125,含油水层,4.2414210409358075,41.580888108159364,54.177690850904824,47.325668294913456,52.67433170508655,48.8202384466383,33.66139605644261,7.877911163608594,0.04158088810815863,1.4945701517248455,51.1797615533617,2.2125469345711877,189.06749010810995,21.500675414345288,1.8461981126583646,1.805929777446633,132.76925173015545,55.93398221544606,21.900178991890925
1694.25,含油水层,4.269917760444322,41.262248559611905,54.46783367994378,48.17272090165643,51.82727909834357,49.62326004798378,33.403444566445515,7.817541744606775,0.04126224855961064,1.4505391463273514,50.376739952016216,2.179082877087237,176.90370689261948,21.452817371359735,1.868372121411496,1.8271728304813117,146.8792396874881,56.32335173720799,21.96595907514762
1694.375,含油水层,4.26417177792401,42.64715637510225,53.088671846973746,47.617020021116566,52.38297997888344,49.06755238800163,34.52458296920453,8.079926249522611,0.042647156375104356,1.450532366885062,50.93244761199838,2.172746857971668,157.86099640817338,21.423700865470796,1.8877758323493086,1.8458981910394796,153.71644293398094,55.77390554215189,21.815094029181402
1694.5,含油水层,4.175758338404488,41.25018933077905,54.57405233081646,47.11590858801769,52.88409141198231,48.528110422892276,33.39368213720586,7.815257004242411,0.04125018933078123,1.412201834874588,51.471889577107724,2.1680105695989575,171.1053235740449,21.52804709512567,1.8781085783071259,1.837544775005046,148.82052319640752,56.63616616549412,21.796802928025215
1694.625,含油水层,4.26565839464898,40.45787408218272,55.27646752316829,47.341943066428335,52.658056933571665,48.72781667547559,32.75227117659373,7.665145031506803,0.04045787408218371,1.3858736090472543,51.27218332452441,2.280881067085199,157.3706905689113,21.645804239771792,1.8728226346551364,1.8324831301757762,141.57121496945635,56.1257538002032,22.001104168808922
1694.75,含油水层,4.20558287397705,40.03442587674984,55.7599912492731,47.629617882785794,52.370382117214206,49.03764044407394,32.40947287667794,7.5849185741951555,0.04003442587674905,1.4080225612881494,50.96235955592605,2.138091104321425,172.52099937236434,21.75321015876979,1.8669278525477848,1.8272772360911889,163.43190301189725,57.63503335867702,21.97816714869078
1694.875,含油水层,4.249401356267164,41.52085998242152,54.22973866131131,47.206804424151336,52.793195575848664,48.58246322679894,33.61280088190638,7.866538240532719,0.04152085998242183,1.375658802647603,51.41753677320106,2.258014029666337,163.9450689404173,21.620165152287022,1.8880392553863024,1.8487266259637856,155.1482324943638,56.894346114404954,22.091004807705726
1695.0,含油水层,4.350722096425682,42.72988431646729,52.919393587107024,46.47809844736386,53.521901552636145,47.81697512499132,34.59155455461126,8.09559987753957,0.042729884316469735,1.3388766776274594,52.18302487500868,2.3277806054578045,148.423807053215,21.385375668215232,1.9240280095964555,1.8842989333807232,143.79057770097066,58.02851955721548,21.991570647249
1695.125,含油水层,4.472513406083527,43.06686670643671,52.460619887479766,46.26170429243954,53.738295707560454,47.60871365214367,34.86435531017235,8.159444529557923,0.04306686670643711,1.3470093597041317,52.39128634785632,2.0515139718498694,166.39704927398068,21.219774458187388,1.9523511904312183,1.912498325225709,170.08300956518033,56.065277910135656,22.245403435216335
1695.25,含油水层,4.378836802869432,41.89746985801178,53.72369333911878,46.530594339382645,53.469405660617355,47.87772127449202,33.917681675891245,7.937890712262528,0.041897469858011294,1.3471269351093706,52.12227872550799,2.1808407188539976,158.71138758875225,21.072415006496378,1.9868910346276296,1.946692029810375,142.01924692156592,56.3014829350462,21.991122219029076
1695.375,含油水层,4.485193330802991,43.223263240964016,52.29154342823299,45.60658736449452,54.39341263550548,46.92722032211267,34.99096457539258,8.18907540233047,0.043223263240965704,1.3206329576181477,53.072779677887326,2.051528439325487,154.91592507869294,21.027919218155,2.01682847918363,1.976012955016692,146.04117324029517,54.88674874682684,22.077697134916512
1695.5,含油水层,4.488588820300491,43.35669542429099,52.15471575540852,44.472623988129186,55.527376011870814,45.76081306081493,35.09898327758966,8.214355451277044,0.043356695424291714,1.288189072685747,54.23918693918507,2.4985215438770414,165.74007723633997,20.87586858829921,2.0732331460538362,2.030561511591622,134.1775819327774,55.56145161868336,21.785556012798384
1695.625,含油水层,4.456587090215155,44.940920062989534,50.60249284679531,43.17402741292297,56.82597258707703,44.46025635629395,36.38147664009054,8.514502502836002,0.04494092006299133,1.286228943370983,55.53974364370605,2.4226807634341685,165.032180866248,20.60848349614152,2.1352641222938913,2.090863368337841,142.70380380948592,56.78835976504931,22.00255882661004
1695.75,含油水层,4.343639900604072,44.98741801916197,50.66894208023396,43.819805009053844,56.180194990946156,45.09829192090265,36.41911859988862,8.523312001254196,0.04498741801916145,1.2784869118488054,54.901708079097354,2.39661793479502,149.27394928325737,20.435722003402297,2.1761010201617355,2.1306778313480788,136.17767240160904,56.62614449065265,22.018231652706913
1695.875,含油水层,4.364004213013732,45.223344954709646,50.412650832276626,43.86514968361107,56.13485031638893,45.117198878847866,36.61011091340523,8.5680106963497,0.04522334495471181,1.2520491952367938,54.882801121152134,2.128901017915819,161.52795954992723,20.41172174025654,2.1954450600648547,2.149187362633966,136.49955924231608,56.17492857130555,22.074715548430305
1696.0,含油水层,4.484830814558576,43.70970584965717,51.80546333578426,43.20797804344155,56.79202195655845,44.48471337206391,35.38475937042814,8.281236773379366,0.043709705849658,1.2767353286223595,55.51528662793609,2.460126354689528,153.54108518763204,20.541564067909498,2.1664187251429645,2.1214025945207924,149.39944855033838,55.26141897187217,22.139346092872866
1696.125,含油水层,4.51920361177562,43.45784582156568,52.0229505666587,44.26368006568407,55.73631993431594,45.54866521217127,35.1808685796802,8.233519396063912,0.0434578458215637,1.2849851464871973,54.45133478782873,2.246080215947591,157.42638252220587,20.736088865821856,2.1471273352787277,2.1027429172642043,144.53294168292095,55.179828534146154,22.197532010877648
1696.25,含油水层,4.6162596069931405,42.88796102598491,52.495779367021946,43.76834650913781,56.231653490862186,45.07090201397302,34.719523988850625,8.125549076108298,0.04288796102598774,1.3025555048352098,54.92909798602699,2.2351750378731907,173.6350049218915,20.83414899520435,2.136576983608587,2.0924647588669183,158.1042191312805,55.39442338569089,22.117162328885122
1696.375,含油水层,4.521574803090871,44.16028036997551,51.31814482693362,43.89252269346443,56.10747730653557,45.16657287032885,35.74951750983886,8.366602579766674,0.04416028036997588,1.2740501768644232,54.83342712967114,2.1540814146894536,154.8813739448195,20.69924528502314,2.1549278643762153,2.1101783507011374,129.7205993546447,56.73099215736215,21.95580515959165
1696.5,含油水层,4.526180114289797,45.1794045729229,50.2944153127873,43.044295607305294,56.955704392694706,44.34076478493766,36.574539412615074,8.5596857557349,0.045179404572921744,1.2964691776323631,55.65923521506234,2.0408260270436673,155.91718661350302,20.44258177779096,2.213675644509887,2.1668853398740167,140.8914663188166,54.713096863872856,22.093137452108113
1696.625,含油水层,4.583865582174674,46.380803299442945,49.03533111838238,42.28274506935444,57.71725493064556,43.566919564231355,37.54711985028883,8.787302645854673,0.04638080329944366,1.2841744948769125,56.433080435768645,2.2053473955194134,146.7822862754247,20.224849196429574,2.2574931898317394,2.2090792829335584,141.97488409614786,55.6576627380948,21.991584261170377
1696.75,含油水层,4.7107497273332255,45.33985614785035,49.94939412481642,42.48360455943313,57.51639544056687,43.80606700092396,36.704431395620915,8.590084896081581,0.04533985614784963,1.3224624414908275,56.19393299907605,2.1491414838485285,145.30978477070846,20.132141172137725,2.2926485135822334,2.242289690847198,144.40527632987124,55.084522284608994,22.056348030429824
1696.875,含油水层,4.6474445806244,45.284531455061995,50.0680239643136,42.241664368536725,57.758335631463275,43.56723866932385,36.65964383863546,8.579603084971465,0.04528453145506428,1.3255743007871226,56.43276133067615,2.2332474421160904,163.74247117903758,20.006548297882922,2.320001979002077,2.268230448253305,130.1532680240574,53.37193039414454,22.028472619535926
1697.0,含油水层,4.666575436815598,46.589939302486385,48.74348526069801,42.33035108657085,57.66964891342915,43.68297213210316,37.71642382979487,8.826925533389034,0.04658993930248406,1.3526210455323102,56.31702786789684,2.2507421988025684,146.4826300211678,20.078932608933542,2.2967733396637007,2.2456574872845287,149.0741652145257,54.40500552696605,22.20711091020318
1697.125,含油水层,4.710396001308789,45.51907143250031,49.770532566190894,43.31890675962768,56.68109324037231,44.6521781820202,36.84951335395424,8.624039007113574,0.045519071432501,1.3332714223925248,55.34782181797979,2.312673518612777,144.88556432529006,19.975657207768677,2.3165532178399006,2.2647823232145368,134.79253574367104,55.04373897011087,22.042854295757593
1697.25,含油水层,4.805983422857285,46.488296658459554,48.70571991868316,42.09651852890974,57.90348147109026,43.43519993704726,37.634140034222455,8.807668327578643,0.04648829665846038,1.3386814081375142,56.56480006295275,2.290281995129397,152.33385968829614,19.802569984531242,2.3263040261142214,2.2754285586291907,133.50258165788097,56.42436657743573,22.09204203238217
1697.375,含油水层,4.831790344619486,47.089449019590106,48.0787606357904,43.18019784835705,56.81980215164295,44.48938582303848,38.1207969729979,8.921562597572619,0.047089449019588336,1.3091879746814357,55.51061417696152,1.993929171536145,160.40199856569393,19.635535518215406,2.3286071272740307,2.2797009650856053,126.01541126313792,54.91413150311817,21.92562297731445
1697.5,含油水层,4.846943777237928,48.29283908561385,46.86021713714822,43.7703643921048,56.229635607895204,45.05916799779533,39.09498947984012,9.149556766688113,0.04829283908561466,1.2888036056905177,54.94083200220467,2.0543678455827967,159.36662453986477,19.41410201992985,2.364537473634805,2.3159652780112854,130.24694461063442,55.270812892115536,22.011330537747625
1697.625,含油水层,4.863117285514119,47.95311346433422,47.183769250151656,42.91747754317042,57.08252245682959,44.179459747504644,38.81996796854704,9.085192382322848,0.04795311346433295,1.2619822043342306,55.820540252495356,2.034639363995635,161.5331494922327,19.20509948433318,2.3636957097415396,2.3170798536890884,140.63817829871456,54.70417327519901,22.061179692337635
1697.75,含油水层,4.718200212414582,48.60746057641028,46.67433921117514,43.96379072499364,56.03620927500636,45.216766687627484,39.34968819098884,9.209164924845034,0.04860746057640808,1.2529759626338424,54.783233312372516,2.1501787944639554,156.65659605287718,18.930700007828577,2.404851337874929,2.3579691404997347,126.69211440157183,54.65963390718118,22.04950733211486
1697.875,含油水层,4.586825629765974,50.08277007422599,45.33040429600803,42.85136336390066,57.14863663609934,44.06881798640236,40.54401038013085,9.488676924020913,0.05008277007422651,1.2174546225016978,55.931182013597635,2.2046845380793356,154.3973797087594,18.69548167338565,2.4417011756963,2.3935964917985757,114.33948057387178,52.9889099316358,22.04034597923546
1698.0,含油水层,4.4891031455877775,50.86627296761617,44.644623886796055,43.347465624799334,56.65253437520066,44.598744757732376,41.17828738588341,9.63711930876514,0.05086627296761459,1.2512791329330393,55.401255242267624,2.211207354327801,134.67891653404854,18.40758220317563,2.469334982998079,2.4203704771011934,133.45303855056338,54.51052858358088,21.822717133847757
1698.125,含油水层,4.452375445646576,51.01132641660337,44.536298137750066,43.551125242699094,56.44887475730091,44.79502974389017,41.295713968572315,9.664601121614442,0.051011326416604275,1.2439045011910814,55.20497025610983,2.0979027811759092,146.09715229935065,18.175675368061324,2.4980584001076522,2.448217923709833,130.3529100675423,53.64085158108259,22.272369800271004
1698.25,含油水层,4.531278902045991,51.099845322469406,44.368875775484604,44.14580123585543,55.85419876414457,45.4009160617505,41.36737357192396,9.681371905222974,0.051099845322472026,1.2551148258950695,54.59908393824951,2.19919451528161,148.52792359573266,18.00658467164329,2.4833755815955967,2.434599557359447,142.97108882243333,53.39632739802159,21.92770265590676
1698.375,含油水层,4.524732170402643,51.71819644921294,43.75707138038442,45.40742448747201,54.59257551252799,46.65283626972625,41.867953601025775,9.798524651737951,0.05171819644921166,1.2454117822542472,53.34716373027375,2.0170045595887784,156.31352066608576,17.980220288438833,2.4397457456087768,2.39361261685005,138.04628674130615,53.493774693346104,21.867419702406877
1698.5,含油水层,4.390583050775106,50.92681367713929,44.6826032720856,46.49547957271227,53.50452042728773,47.70356656928107,41.22729751754522,9.648589345916932,0.05092681367714208,1.2080869965688035,52.29643343071893,2.3857331050514183,143.48680078231564,17.86869230795443,2.4090484730732094,2.3649250295885613,134.46405440424726,53.04428904488524,22.19056130853747
1698.625,含油水层,4.317317431708167,51.99824596528332,43.684436603008514,46.647691299666526,53.352308700333474,47.87190611314595,42.09466491251434,9.851582806803695,0.051998245965283185,1.224214813479419,52.12809388685405,2.1464735175689453,155.93831804157546,17.77853141706403,2.367804966020328,2.3259621633505296,137.73496715790455,54.59934082202667,21.783727663556
1698.75,含油水层,4.239813536330644,51.826743428036835,43.93344303563252,47.75650897384395,52.24349102615604,48.96796972754425,41.95582673243695,9.819089952171854,0.05182674342803645,1.2114607537002977,51.032030272455756,2.162825493826264,140.1800881072632,17.674469812706725,2.3322605567945294,2.2919659426402452,126.94838942294027,53.60441625883884,22.013252443539436
1698.875,含油水层,4.152526258578867,52.61934122956098,43.22813251186015,48.831621403666475,51.16837859633352,50.052848060976665,42.59746643097274,9.969255457358681,0.052619341229562244,1.2212266573101842,49.947151939023335,2.2672357285154585,136.5528745737892,17.427017678965125,2.3423829847495634,2.3021237844886913,133.74222522664274,52.461666554611,21.984733414810773
1699.0,含油水层,4.185801550448183,53.48819253895682,42.326005910595,48.258264952955116,51.74173504704489,49.475920188465,43.300836401418195,10.133867944999661,0.05348819253895576,1.2176552355098824,50.524079811534996,2.062198923865876,139.54307075534535,17.35034084030239,2.3230333125101845,2.2844015382207457,136.9116401585077,52.64492287586531,22.139849917989388
1699.125,含油水层,4.299358042073254,52.67141487129575,43.029227086630996,48.895231962497824,51.10476803750217,50.08421977555575,42.63962213178355,9.979121324640905,0.052671414871297006,1.1889878130579263,49.91578022444425,2.144821484151629,146.51290303600834,17.330318152898542,2.314474023260387,2.276781345586513,131.69196930329642,53.41523683827468,21.93504539906809
1699.25,含油水层,4.359411981272161,51.96898487963644,43.67160313909139,48.702666607889725,51.297333392110275,49.90042851391305,42.07097689049713,9.84603900425967,0.051968984879638414,1.197761906023325,50.099571486086944,2.0927752123796703,133.87713469714788,17.320346258835883,2.3076548081771553,2.271123335608916,123.20136353542883,54.133297930571814,21.98449972466766
1699.375,含油水层,4.318947720458524,52.66262283914408,43.0184294403974,49.585775395059414,50.414224604940586,50.7722489578493,42.632504629251414,9.977455587053525,0.05266262283914469,1.1864735627898773,49.2277510421507,2.04125037838142,161.1975837912807,17.366421273102862,2.2934225771945007,2.2585739041055586,136.82012672449673,53.2683490883086,22.047569715265514
1699.5,含油水层,4.390958053613192,52.93006827112657,42.67897367526024,48.95270813200127,51.04729186799872,50.10875874804742,42.849012429326095,10.028125773529354,0.052930068271125896,1.156050616046154,49.89124125195258,2.1335485170113304,135.42322162034503,17.317032440122446,2.296708688842325,2.262319407299274,116.87074300926261,53.03799964282718,21.982143109753405
1699.625,含油水层,4.447742459197566,53.164632748930664,42.38762479187177,49.291879788284845,50.708120211715155,50.48157011182568,43.03890177867327,10.072566337508462,0.05316463274892824,1.189690323540838,49.51842988817432,2.017894040182555,134.0607183898226,17.309539367087368,2.2823605246054073,2.2488788860737468,125.09437700064773,53.63069347463088,21.91587620654774
1699.75,含油水层,4.429175987966618,51.95286461616507,43.61795939586831,49.965891592649946,50.034108407350054,51.15812127974928,42.05792689089557,9.842984860653331,0.051952864616167105,1.192229687099335,48.84187872025072,2.020833436719882,152.44423645591627,17.265290505605854,2.2857617638376326,2.2521867303628977,117.03871426039761,55.04044683146163,22.020833718021702
1699.875,含油水层,4.417730876421059,53.10817900660925,42.4740901169697,49.87896888964393,50.121031110356064,51.100962468305624,42.993200210823005,10.061870616779638,0.05310817900660708,1.2219935786616891,48.899037531694376,2.2013065456973457,141.76552745927165,17.298356575936044,2.2576892598823317,2.2245298562799336,137.03411329746976,53.23866632534583,22.194698806542803
1700.0,含油水层,4.443379021711731,52.42493031399042,43.13169066429784,50.83747951912092,49.16252048087908,52.06520972975287,42.44008300015968,9.932422383516757,0.05242493031399065,1.2277302106319485,47.93479027024713,2.145519317004839,132.98964890717392,17.31110041510499,2.225892595963936,2.193670287858069,130.13925612820972,54.102942276794536,22.30272634474481
1700.125,含油水层,4.378537820874223,52.85980332154051,42.76165885758526,51.6611227454332,48.3388772545668,52.86918995438019,42.79213013545228,10.014813382766688,0.05285980332153939,1.2080672089469924,47.13081004561981,2.078188654496616,152.22427790326955,17.175236251382593,2.2174169249471416,2.1852222564037063,127.95029951361775,53.27926861150656,22.266697761404735
1700.25,含油水层,4.263968986776496,53.281594818933186,42.45443619429031,52.12813961541921,47.87186038458079,53.36802827029699,43.133587263785934,10.094725960328322,0.05328159481893108,1.2398886548777708,46.63197172970301,2.2913659132881636,149.09839003059778,17.039919038514384,2.200656394189081,2.1693056944853484,125.9127469147241,53.660610150674,22.281288476961997
1700.375,含油水层,4.32343748727352,54.36991813974203,41.306644372984444,52.7890562769637,47.2109437230363,54.03534466796557,44.01462862692172,10.300919594680574,0.05436991813974196,1.2462883910018727,45.96465533203443,2.3227140918543485,141.15024025255357,16.948590027031823,2.173216339852078,2.1430218701432535,122.70994141938354,52.91334907848729,22.195977678795874
1700.5,含油水层,4.312959459759822,53.18255199481883,42.504488545421346,54.242233864057546,45.757766135942454,55.476623624269784,43.05340812666914,10.075961316154869,0.05318255199481814,1.2343897602122453,44.523376375730216,2.1435239805459605,142.14776536396306,16.954486639476755,2.1490171683124824,2.1195013636158464,124.42187710581503,52.47241053463311,22.18973622205634
1700.625,含油水层,4.325750443743886,52.65540823614453,43.01884132011159,53.69346012250759,46.30653987749241,54.919646100658845,42.626664118862934,9.97608870904545,0.05265540823614495,1.2261859781512614,45.080353899341155,2.1546489033292926,139.83743878650253,17.07442664632379,2.12337380701612,2.0946499326532244,130.9840612428991,51.36720752251151,22.109600315623982
1700.75,含油水层,4.2697525811122095,51.92453852969964,43.80570888918815,52.987047758314645,47.012952241685355,54.209704598119316,42.034995788203354,9.837618202966585,0.05192453852969764,1.222656839804672,45.790295401880684,2.2553434387020936,140.84013165017407,17.17942523785893,2.0904187529619698,2.062588244668068,138.49282348325838,52.405929596115485,22.196848142295433
1700.875,含油水层,4.182237027859648,53.14888184680668,42.66888112533367,54.3532142136647,45.6467857863353,55.56710572514657,43.026150791891496,10.06958217306838,0.053148881846805385,1.2138915114818665,44.43289427485343,2.2272297259512683,138.65436021580223,17.105535550677686,2.113234548324023,2.0845512271593583,131.9807182223392,53.85712648068074,22.17154872033897
1701.0,含油水层,4.10281804505709,54.105794718828925,41.791387236113984,52.97400602343344,47.02599397656656,54.176656896283546,43.80081012799952,10.250878796110579,0.05410579471882976,1.202650872850112,45.823343103716454,2.143033910076027,136.95794168354217,16.90471243226498,2.1546409531257615,2.1250545736377533,127.91884760396337,53.0804763248064,21.988335756274562
1701.125,含油水层,4.10936335739992,54.95368824344098,40.93694839915909,52.38929102052138,47.61070897947862,53.5651844526317,44.48721393138675,10.41152062381079,0.05495368824344066,1.1758934321103167,46.4348155473683,2.0663216726772866,145.9651507851182,16.72012802152462,2.2017258891944067,2.1708663822982306,108.68058096727427,53.69708562443094,22.20363544735339
1701.25,含油水层,4.00364468267674,54.099492093070914,41.89686322425234,50.94369625635502,49.05630374364498,52.107789541876784,43.795707899752635,10.249684701225208,0.05409949209306958,1.1640932855217627,47.892210458123216,2.124975508917609,136.48479542044882,16.556322303795177,2.263809870713002,2.231025471437472,133.7008977453707,53.255198417308954,22.02815399728292
1701.375,含油水层,3.99147546338584,55.18398160381914,40.82454293279502,50.90525484196989,49.09474515803011,52.07720204505012,44.67364563993261,10.455151982282715,0.055183981603820764,1.1719472030802263,47.92279795494988,2.1129126494995156,131.71414751584703,16.42072611492445,2.3069888479907874,2.2732851253137927,119.26493240559684,52.71777955372579,22.084721142534175
1701.5,含油水层,4.109927250679815,55.70058666445572,40.18948608486447,51.09044609227284,48.90955390772716,52.268835152990064,45.09185814914157,10.553027928649694,0.05570058666445332,1.1783890607172225,47.731164847009936,2.1160308700128523,142.36424710905203,16.38155809825153,2.3331982082025178,2.298945666528903,124.19106438483925,52.74941136443391,22.217144006168983
1701.625,含油水层,4.107797624958371,55.48999480425461,40.40220757078702,50.76555513880267,49.23444486119733,51.90925282345216,44.92137559489565,10.513129214554699,0.05548999480425587,1.1436976846494964,48.09074717654784,2.258726633308382,134.46501202790762,16.315898559578343,2.348460385349073,2.314245074216428,138.36640523644644,52.18340171290293,21.882778551676907
1701.75,含油水层,3.9855010102880026,54.84332096334551,41.17117802636648,50.49891419666272,49.50108580333728,51.62432825187078,44.39786719311357,10.390610449268593,0.05484332096334643,1.1254140552080647,48.37567174812922,2.077178689138302,127.42088052505741,16.384235128165123,2.327013931959076,2.29373558973986,133.78570000599763,51.986521466403616,22.032011640459757
1701.875,含油水层,4.0106385495785855,54.38341758823844,41.60594386218299,51.82959287396001,48.17040712603999,52.97414484160782,44.02555697172279,10.303477198927402,0.0543834175882385,1.1445519676478135,47.02585515839218,2.1502971118666703,148.69055089627656,16.449405391979504,2.2954955837761277,2.2634864883216514,139.18277198772543,52.53032048153078,22.068028436017475
1702.0,含油水层,4.058963347858552,54.88845936332378,41.052577288817666,52.81765020671486,47.18234979328514,53.95850772255451,44.43440853766279,10.399162366297668,0.054888459363325315,1.1408575158396468,46.04149227744549,2.1932999375364597,128.27147433274354,16.51988276863092,2.2684973692403494,2.2371597147753373,128.11121706572715,52.26116642315563,21.90271097480644
1702.125,含油水层,4.1798038885517474,54.624610476435656,41.19558563501259,52.1163215035809,47.8836784964191,53.28779782870514,44.2208122850409,10.349173580918315,0.054624610476437796,1.1714763251242486,46.71220217129486,2.23411081914082,130.93864152881926,16.45156074943408,2.2522947370999793,2.2219825607408366,146.1060932808774,52.00970822011178,21.94520231029083
1702.25,含油水层,4.16425424628399,55.403657575602885,40.432088178113126,52.7670603420307,47.2329396579693,53.928434959143466,44.85148214672058,10.496771771306705,0.05540365757560062,1.1613746171127655,46.071565040856534,2.1937839253087006,141.25399128621584,16.369385103461763,2.23757282847731,2.2082041246788098,129.47552864349828,52.266711696658284,21.895655233737937
1702.375,含油水层,4.108065542194807,55.09708443955703,40.79485001824816,54.18198388703935,45.81801611296065,55.34919127030877,44.60329890143102,10.438688453686458,0.05509708443955791,1.1672073832694232,44.65080872969123,1.9990557895744785,149.14159826319474,16.442489704686704,2.211851429859688,2.1834669494981958,130.81630460157018,52.3852208129186,21.87711397957626
1702.5,含油水层,4.167209565433706,53.98384936434094,41.84894107022535,54.24042095074143,45.75957904925857,55.38012704937714,43.702090474297414,10.227775040679184,0.053983849364340475,1.1397060986357042,44.61987295062286,2.160459795654498,132.80200639281858,16.46851112487633,2.1831989114512025,2.155599891736061,126.30022760192644,53.09359931707681,21.943534995741473
1702.625,含油水层,4.062795428421452,54.218157592840384,41.71904697873816,54.20983130689011,45.79016869310989,55.377552327486136,43.89177237955849,10.272167055689053,0.054218157592843264,1.1677210205960207,44.622447672513864,1.9971874192166381,137.19170333213046,16.6134058688665,2.1443238371252398,2.1172172910530813,133.99434001626315,52.69493261172957,21.823006587126674
1702.75,含油水层,3.947172274501621,53.77399488368169,42.278832841816694,54.22753885538676,45.77246114461324,55.379715358789305,43.53220485835493,10.188016030443075,0.053773994883683784,1.1521765034025517,44.620284641210695,2.0555147369651947,141.81503521400748,16.611046006549174,2.132591390121669,2.1054669212722583,132.8682723091894,52.329343131419,22.178712120859966
1702.875,含油水层,3.838273061859813,55.1113354578284,41.050391480311795,55.10421187753721,44.89578812246279,56.25277992782931,44.61483567209817,10.441388450272408,0.0551113354578317,1.1485680502920959,43.74722007217069,2.2722176542124934,127.02333466030268,16.41936601041784,2.137031968905263,2.1097427087247125,121.42098240896469,52.23487372240517,22.244758671003684
1703.0,含油水层,3.7916973272144583,56.005543869921894,40.20275880286364,56.08504690333261,43.91495309666739,57.20710380695934,45.3387332338382,10.610805092213774,0.05600554386992196,1.1220569036267214,42.79289619304066,2.190694578193886,133.68822902993577,16.145931540922376,2.1540781437608634,2.1270803904513524,116.59585453508782,52.263033598962366,22.024393344713197
1703.125,含油水层,3.8340008268142878,57.094325795510436,39.07167337767528,56.12172411743013,43.87827588256987,57.249237305351855,46.220145855930326,10.817085613784599,0.057094325795509215,1.1275131879217288,42.750762694648145,1.8506934447190164,156.434053380315,12.967249892421156,2.4092493036752756,2.715938518928299,104.44580909505926,49.24801860598948,22.03332834785641
1703.25,水层,13.628167585655396,78.11357748872895,8.258254925615656,89.06348825491833,10.936511745081667,91.35717894189013,74.7747624259012,2.5080718204647785,0.8307432423629704,2.293690686971792,8.642821058109874,2.253313940201164,135.57708382542836,9.844800810317317,2.652153807552429,3.2950540369673633,85.01441073778257,47.31642821981861,22.138466796568466
1703.375,水层,13.429934641240562,78.49224554279299,8.077819815966462,91.07997294179877,8.92002705820123,93.33751982954578,75.13724504020729,2.5202300995532676,0.8347704030324248,2.2575468877470173,6.66248017045421,1.79629768005708,130.46016469745837,6.819815685370438,2.8720388270133808,3.844266863977556,78.22648960346383,45.264481902860396,22.221051798882275
1703.5,水层,13.581142605264052,78.17519811424782,8.243659280488123,91.44326144856062,8.55673855143938,93.65137367058671,74.83374919595886,2.5100503363565343,0.8313985819324243,2.2081122220260956,6.348626329413287,2.0388436867757163,127.51145201319405,3.83071425344848,3.0525396286125805,4.357375220534276,64.23068993137714,42.089231884838895,22.141871582153097
1703.625,水层,13.6895143375399,78.20691341389474,8.103572248565358,93.56606203131945,6.433937968680558,95.75940517972268,74.86410888594625,2.511068651633843,0.8317358763146411,2.193343148403232,4.240594820277321,1.970991897633763,134.17721760420378,3.696416351349522,3.0071708521550504,4.3156970801315495,57.33900638605065,43.15622409122139,21.993204444123883
1703.75,水层,13.664726470053957,78.31842953824219,8.016843991703857,93.57089727147789,6.429102728522107,95.72881330246466,74.9708584674251,2.514649212888301,0.832921857928778,2.1579160309867658,4.271186697535345,2.042373804524322,141.251147964763,3.590566625806307,2.940420413928866,4.23245493915502,54.79616866907889,42.52719898485924,22.034923859281797
1703.875,水层,13.455784753410857,78.30161099630013,8.242604250289004,95.97639504454398,4.023604955456017,98.09137232553145,74.9547588018036,2.5141092029122856,0.8327429915842334,2.1149772809874747,1.9086276744685438,1.973729651875709,117.8166374915673,3.516751864872829,2.906288715758566,4.183670279774336,56.517522446189574,43.56476034789641,22.132130074534853
1704.0,水层,13.38912369636788,78.23768698821074,8.373189315421383,94.74062376203213,5.259376237967873,96.9039957151886,74.89356710284596,2.5120567299812735,0.832063155383498,2.1633719531564686,3.0960042848114044,1.7989110286878964,139.82170894733247,3.5175336567312128,2.8974252741931754,4.162885349316299,65.26848529423201,42.82637351052844,21.957708247695972
1704.125,水层,13.534965011553371,78.15823155782775,8.306803430618881,94.24279339530416,5.757206604695842,96.38408857055497,74.81750784245435,2.5095055739296224,0.8312181414437837,2.1412951752508036,3.61591142944504,2.0544013754987467,148.94537382777128,3.535519661762206,2.8810710238745703,4.119266649801657,63.22047069941292,43.52148496449026,22.12029963209212
1704.25,水层,13.348064915868123,78.15128078113328,8.500654302998589,94.5176822402637,5.482317759736299,96.62913707232525,74.81085416337943,2.509282398295908,0.8311442194579476,2.1114548320615385,3.370862927674756,2.001963586132405,131.20978851025907,3.65306833603067,2.9327856059847033,4.159549686285368,50.477633227479764,43.21947887517723,22.170160975875223
1704.375,水层,13.010133143893283,78.43518823784908,8.554678618257643,92.26671730116725,7.733282698832755,94.36306273198777,75.0826265403382,2.5183981028213016,0.8341635946895791,2.096345430820519,5.6369372680122325,2.1005100144978153,146.0140969517223,3.7715427886660002,3.0283134843004826,4.250960632534259,63.67512863669129,42.0415382736568,22.14527410406709
1704.5,水层,12.644293779683613,78.88148734398592,8.474218876330461,89.86301405127216,10.136985948727839,91.98028610701355,75.50984944709971,2.5327278806600133,0.8389100162262016,2.1172720557413967,8.019713892986447,1.9161501295503285,140.0149392304837,3.914401485759149,3.096704344256113,4.306184710463691,67.42287824879817,43.18914990672747,21.857197824893838
1704.625,水层,13.006663422437493,78.3295662850376,8.663770292524909,89.4889364538186,10.511063546181399,91.64343974434962,74.98151919533692,2.515006791707595,0.8330402979930946,2.1545032905310157,8.35656025565038,2.0509203763100596,124.23260426461604,4.088696650166904,3.1813632687838407,4.379717361415997,72.96378317578633,42.83653927024085,22.14845594477287
1704.75,水层,12.841832258222624,78.3058161533394,8.852351588437973,88.325832907322,11.674167092678012,90.49764135929735,74.95878421746993,2.514244222152345,0.8327877137171261,2.1718084519753553,9.502358640702656,1.8630712802954983,136.8116444686732,4.137186796914262,3.2176856887213083,4.399244697076778,66.58405368679817,42.99515471867899,22.08736830316088
1704.875,水层,12.457834158446087,78.73803757462218,8.804128266931723,90.76311516386197,9.236884836138026,92.9005367523533,75.37253116301815,2.528121993492123,0.8373844181119129,2.137421588491324,7.099463247646698,1.8660916701597317,136.21171742216623,4.183649093414885,3.2391571990711334,4.418343772292802,67.30671136523836,43.059305871820264,22.40871741798887
1705.0,水层,12.586917661615532,78.85115632889362,8.56192600949085,88.11969250965805,11.880307490341945,90.27460054360262,75.48081487307843,2.5317540120102247,0.838587443804971,2.1549080339445683,9.725399456397376,2.1252342058225118,107.90922134674439,4.204639456914581,3.2913475248156434,4.488599773007746,64.58447156612762,43.29153627311425,22.306591119313836
1705.125,水层,12.91453339861896,78.7425158076133,8.342950793767729,87.28356130288188,12.716438697118114,89.43392953938216,75.37681798252845,2.5282657806585997,0.8374320444262461,2.150368236500276,10.566070460617837,2.0047398833708328,126.48487305576356,4.179538937898134,3.283747071115044,4.496044398910808,60.044786012625025,42.72952583608686,22.474329154965073
1705.25,水层,13.14960926703998,78.25862994448043,8.591760788479583,88.636962427514,11.36303757248599,90.83957015386281,74.9136148926145,2.512729166709252,0.8322858851566775,2.202607726348803,9.160429846137186,2.1804257705142676,134.57901177255522,4.267747969751202,3.3168555713434147,4.567215556395522,57.8517421107853,42.34390231545774,22.51454049374579
1705.375,水层,13.266150201385834,78.31867863472613,8.415171163888036,86.3055258232638,13.694474176736193,88.45983819139553,74.97109691675756,2.514657210881634,0.8329245070869278,2.154312368131727,11.540161808604466,2.1713921758789745,127.70814141173206,4.239609137506866,3.3037455435934198,4.573584671739351,46.34034442325972,42.192879827603,22.046097761984225
1705.5,水层,12.988877570086457,78.74419111143932,8.26693131847422,88.56083887094464,11.439161129055364,90.71551455293994,75.37842167870534,2.528319571336889,0.8374498613970889,2.1546756819953035,9.284485447060064,2.1422214695566724,135.22106869980033,4.197701131747383,3.264887078233882,4.543625208552626,72.46080537562877,43.155000395240265,22.062787036574168
1705.625,水层,13.325364614365567,78.46578233607255,8.208853049561887,88.90874889811022,11.091251101889776,91.06507081211129,75.11191295250676,2.5193804185478847,0.8344889650179148,2.1563219140010697,8.934929187888708,2.0538995272952483,121.84459779078989,4.172343427684426,3.289663408533109,4.602470933101832,72.17276470958984,43.11445682132134,21.9764575720695
1705.75,水层,13.445239890506771,78.53682787774328,8.017932231749953,87.81219309627855,12.187806903721455,90.00399730852824,75.17992178875055,2.521661549777084,0.8352445392156442,2.1918042122496897,9.996002691471762,1.8843789559911241,130.15980234305326,4.123169682819702,3.3026922106060796,4.644536348399548,54.07063033356695,42.50525749108503,21.84866459366685
1705.875,水层,13.493678199413983,78.61800801496177,7.888313785624246,86.52959991438333,13.470400085616674,88.73766662088514,75.25763203669163,2.5242680827395327,0.8361078955306033,2.2080667065018136,11.262333379114864,2.1511280879802257,127.71341451840132,4.205643480842464,3.3669819756188755,4.735353229457337,61.85434792449055,42.83850176531783,22.077668141907065
1706.0,水层,13.21692822088096,78.79685438173948,7.986217397379555,84.24502714301366,15.754972856986349,86.4669033766774,75.42883395851462,2.530010484344073,0.838009938880787,2.221876233663745,13.533096623322605,2.0884953688378944,123.60443663507327,4.278866474474894,3.4755989085985264,4.871423605301956,66.15257796733442,43.033608724151634,21.999183570999982
1706.125,水层,13.060927772809583,79.1147216162286,7.824350610961801,84.07856974518275,15.921430254817249,86.27069164195804,75.73311456767419,2.540216569881332,0.8413904786730927,2.192121896775295,13.729308358041958,2.10766422515059,143.1620301084138,4.33114161944358,3.556287235763077,4.966191293213068,61.388828894788375,42.92808229371448,22.617738497259843
1706.25,水层,13.13311900810549,79.05569314209203,7.811187849802491,84.46254891938901,15.537451080610987,86.71217351147354,75.67660915245922,2.5383212828218142,0.8407627068109886,2.2496245920845235,13.287826488526466,2.175455766540967,114.7418409420915,4.387030393422256,3.634665407604522,5.03132554856348,70.02491411573024,43.84648221473215,22.54442591751731
1706.375,水层,12.749647077109858,79.21067132076458,8.039681602125558,83.8382483668743,16.161751633125697,86.03890183347637,75.82496308610298,2.5432973243143664,0.842410910347233,2.200653466602076,13.961098166523623,2.2351248915865334,133.2590320256022,4.334114334772464,3.6358940071077948,5.026661581558217,58.39675339187133,43.13531415011599,22.450030336589464
1706.5,水层,12.894390824840404,79.17888586331706,7.92672331184253,85.78402679112325,14.215973208876742,88.04286046355881,75.79453623707562,2.542276756409431,0.8420728698320143,2.2588336724355442,11.957139536441197,2.112556308374524,120.10664158906371,4.292965411261031,3.6628704620160386,5.050939238203627,44.5922208973187,42.69060769944221,22.426417552717886
1706.625,水层,12.635472011109233,79.66218799376803,7.702339995122731,84.70511172189981,15.294888278100194,86.96881514561731,76.25718054484166,2.557794627861799,0.8472128210645684,2.263703423717509,13.031184854382683,2.0938934564214424,133.69268596737663,4.26094024906099,3.6617661723252106,5.040139571357347,45.82204014284741,42.77162809399826,21.852747167725884
1706.75,水层,12.826001378974436,79.31435274802973,7.859645872995827,85.64807056613996,14.351929433860033,87.85866285850987,75.92421284960086,2.54662632900714,0.8435135694217277,2.210592292369907,12.141337141490126,1.9380367697828549,135.16902437363066,4.242447018668606,3.637134792110057,5.020649680864125,63.841329678280054,42.34209806021349,22.03726628455673
1706.875,水层,13.000916929869918,79.02711186705059,7.9719712030794865,84.65511035830913,15.344889641690873,86.91134324581557,75.649249529206,2.537403594849647,0.8404587429949366,2.2562328875064432,13.088656754184424,2.113697511841425,126.23675262126062,4.271174075101664,3.6599918353250387,5.040018857431143,43.493884712316074,43.077410905419654,21.95156707509867
1707.0,水层,12.758082185366687,79.25296637770651,7.988951436926796,84.5998913893216,15.400108610678398,86.88129652617273,75.86545032194977,2.544655334584429,0.8428607211723161,2.28140513685113,13.118703473827264,2.3550244307130637,128.46629673526877,4.353846429695023,3.6736970611582223,5.028734952719798,46.895374328211304,41.962322255788976,21.966009769439875
1707.125,水层,12.483047950955283,79.36855697491956,8.14839507412516,82.57186427501215,17.428135724987857,84.91359899930522,75.97610022076564,2.5483667190697004,0.8440900350842159,2.341734724293078,15.086401000694782,2.104494946862659,135.95182163586878,4.419046010761633,3.69922549986065,5.034670524595656,62.004501378898986,42.72618950578888,22.102182213057837
1707.25,水层,12.574275975154087,79.24185226894069,8.183871755905226,83.6801637963068,16.319836203693193,85.98597433725939,75.8548112644484,2.5442984826273007,0.8427425218649854,2.3058105409525798,14.014025662740615,2.2328304285890965,119.78098981612048,4.406446383912458,3.713535148972415,5.013709392023184,78.12826097930838,42.895214777240454,22.130296787885044
1707.375,水层,12.222046323114842,79.45276227518492,8.325191401700227,85.52505568369017,14.474944316309823,87.86224068657646,76.05670632696085,2.5510703840088698,0.844985564215205,2.337185002886273,12.137759313423546,2.2404181910013863,132.91566123861665,4.357993404846618,3.6600609995172992,4.932788047018121,48.42673093080987,42.62765257279732,21.8968494176702
1707.5,水层,12.565834731662346,79.12111694423058,8.313048324107069,87.69174537865129,12.308254621348713,90.04788350895167,75.73923653964573,2.5404219111607875,0.8414584934240709,2.356138130300373,9.952116491048335,2.2486097615529905,134.02771091849522,4.251484358499678,3.5406300070469574,4.7858171739655075,81.1584841797221,41.500041669612486,22.022003242979658
1707.625,水层,12.5857388797175,78.91856076086835,8.495700359414151,88.74891378223796,11.25108621776203,91.13470225035472,75.54533823187722,2.5339182344392213,0.8393042945519056,2.3857884681167523,8.865297749645274,2.0512550276699923,126.2188896874539,4.2038958957926456,3.4561993085094116,4.665600314277941,63.35878329242099,42.74848059978892,22.23138456937089
1707.75,水层,12.451072479355357,78.83378844681197,8.715139073832677,87.74283816249915,12.25716183750084,90.08854428419441,75.46418934780807,2.5311963638134505,0.8384027351904442,2.345706121695256,9.911455715805584,2.1344051319414956,159.47026141517026,4.152046100188112,3.3540625807258535,4.532907651038551,54.88231664171664,42.86031756598692,22.26315145851732
1707.875,水层,12.332236688112232,78.80693323340029,8.860830078487485,90.12529355813899,9.874706441861015,92.50364014721575,75.4384820089905,2.5303340962518335,0.8381171281579516,2.378346589076764,7.496359852784251,1.9339666672327616,130.16929437381714,4.105075317136679,3.291353417934515,4.433854381914655,65.943909578719,42.21176280893042,21.916696110325862
1708.0,水层,12.241179314075666,78.90834495264755,8.850475733276769,91.6155082464061,8.384491753593903,93.99048696326588,75.53555907878686,2.5335902251283486,0.8391956487323465,2.3749787168597822,6.009513036734127,2.1883702359234434,141.94025385873726,4.098470481146016,3.277806716535332,4.413305541937719,42.44626231462556,42.98729225450896,22.12053962028455
1708.125,水层,12.550899076786518,78.8403131389871,8.608787784226376,89.4473501928249,10.552649807175097,91.839150428626,75.4704351545293,2.5314058587195576,0.8384721257382565,2.3918002358011035,8.160849571373996,1.989017284450983,146.07329057956406,4.1225302935305,3.2468813227058355,4.385391263959171,61.07796181126674,42.67951095936271,22.049352138256445
1708.25,水层,12.903176301745994,78.2727039943925,8.8241197038615,87.6450550972594,12.354944902740595,89.96667129689166,74.92708737425443,2.513181056497418,0.8324355636406627,2.321616199632257,10.033328703108335,2.070889332358217,135.29004760058743,4.144847842835079,3.238197119922459,4.382042323036908,72.23108555849603,42.59698254637844,21.91208104684634
1708.375,水层,12.623368260325051,78.50466884687471,8.87196289280023,89.45931935282265,10.540680647177359,91.8314568485711,75.14913733398157,2.5206289871716065,0.8349025257215328,2.3721374957484445,8.168543151428908,1.9334492240353987,123.10535818540231,4.159320448531107,3.250121924332933,4.406881680608995,59.42440104999097,42.763423820796106,21.797734497684804
1708.5,水层,12.445062222952508,78.87678198041529,8.678155796632206,90.47488722639143,9.52511277360857,92.81336878589164,75.5053452052709,2.5325768007817646,0.8388599743626226,2.3384815595002104,7.186631214108363,2.134959388501979,145.44571462359272,4.211654428360436,3.277583341919435,4.418680188241352,55.7599662093374,43.68685870033592,21.8330242868102
1708.625,水层,12.146704806770222,78.96535815624348,8.887937036986294,87.95379274036023,12.046207259639774,90.27130952019318,75.59013536233552,2.5354208058536267,0.8398019880543349,2.317516779832966,9.728690479806811,2.3861061652649806,122.71116320180408,4.250647035242897,3.336189819735548,4.448096974482496,56.90553530734243,43.182255915429586,21.918493268920024
1708.75,水层,11.92832118265754,78.91872916486483,9.152949652477622,86.0819474465902,13.918052553409787,88.45729252475228,75.54549943776784,2.5339236415570565,0.8393060855399259,2.3753450781620637,11.542707475247727,2.0118524553203327,118.3072450814891,4.338240683308925,3.438961141431584,4.542574760913661,54.796351639848154,41.803434237010975,21.94754535573419
1708.875,水层,11.877110444700497,79.20192960324688,8.920959952052623,84.92140829754136,15.078591702458633,87.25769613696302,75.81659501653563,2.5430166451280654,0.8423179415831875,2.336287839421651,12.742303863036986,2.115526162407366,141.60595750021523,4.448408994748693,3.52203478953856,4.630449022222914,57.029021967332,43.90974715055216,22.095052299747923
1709.0,水层,12.226462428389864,79.10132132651955,8.672216245090588,85.34538977238162,14.654610227618381,87.67074200725538,75.72028704764953,2.5397863131950316,0.8412479656749784,2.3253522348737663,12.329257992744614,2.228186194104322,123.4617561966835,4.471555342518012,3.5341349101272823,4.65528838540162,69.08213653570893,43.81945505451078,22.041020947261458
1709.125,水层,12.384949332711477,78.86679542543582,8.748255241852688,86.63669345028393,13.36330654971607,88.92698865308193,75.49578550643174,2.5322561523371188,0.8387537666669678,2.2902952027980112,11.07301134691806,2.326422786980499,123.67374509525668,4.436799852230319,3.512093108337732,4.669540926121991,34.87625784172649,42.09821081427407,21.84727193450002
1709.25,水层,12.706661702732191,78.65159903462083,8.641739262646984,86.53588796836104,13.464112031638964,88.84920917540192,75.28978727263653,2.5253466236607918,0.8364651383234982,2.3133212070408815,11.150790824598078,2.0455535684190993,120.4605907968486,4.395169030777213,3.4189767697147344,4.5959991572204,52.88003607118106,42.348380682112044,22.18850636773793
1709.375,水层,12.921669795469635,78.26437592697908,8.81395427755128,87.6479050313743,12.352094968625703,89.94106050428034,74.91911527411094,2.5129136587943552,0.8323469940737876,2.293155472906054,10.058939495719654,2.190815381375108,119.437515079214,4.437955982716348,3.3470973574781357,4.526073817530407,50.09118748004198,43.812854400784275,22.098139267020716
1709.5,水层,13.106002067791838,77.95268865654404,8.941309275664125,85.65801163875443,14.341988361245573,88.01250425370576,74.62075047829396,2.502905999627951,0.8290321786221206,2.354492614951335,11.987495746294242,2.308427179677121,145.91192803500843,4.45024449958671,3.2834998509216637,4.471212307313922,64.1566122081434,43.34926003441288,21.829330244081994
1709.625,水层,13.278060099424751,77.90925108596608,8.812688814609174,87.27176037169173,12.72823962830828,89.65709840479916,74.5791695633654,2.5015113055143474,0.8285702170863333,2.385338033107435,10.342901595200848,2.0479377413894464,130.27835001957934,4.494515261240555,3.264324889785107,4.449483926960594,67.59220504053286,42.706033657917786,21.96381626893168
1709.75,水层,13.05912690618002,78.11760047293174,8.823272620888249,85.69583947791294,14.304160522087061,88.10248984000246,74.77861345535956,2.5082009904968983,0.830786027075283,2.4066503620895285,11.897510159997537,1.9421819624325638,139.5489142308306,4.501998951343097,3.2686251888120155,4.465033277352092,53.262657706637285,43.01973424963944,22.083916853182526
1709.875,水层,13.201013393004057,78.15805133116257,8.64093527583337,86.83038865249809,13.169611347501908,89.26357541876185,74.81733531923234,2.5094997872093776,0.8312162247208561,2.433186766263748,10.736424581238158,2.0992441878768155,130.95322193391388,4.500606659495501,3.2541079303191074,4.457222910710531,61.951017765635505,43.90341314411796,21.972411298059836
1710.0,水层,13.40231221858791,77.72561039451952,8.872077386892576,85.77788176955733,14.222118230442682,88.16176255293695,74.40337824108694,2.495614967667393,0.8266171857651876,2.383880783379635,11.83823744706305,2.2420270875498587,117.7707493424495,4.553722754106471,3.3115839132527967,4.520579367995072,46.879178822666844,43.31695265002048,22.17442982956427
1710.125,水层,13.038057264243225,78.24073886018853,8.721203875568243,84.44244701481405,15.557552985185952,86.8161704910927,74.89648852840897,2.512154719528715,0.8320956122508487,2.3737234762786525,13.183829508907296,2.124987226515023,127.43217391195888,4.558506734459954,3.3460535016482043,4.572269378062789,53.20217471303745,42.43759882418476,21.991513627891766
1710.25,水层,13.051409444863,78.41566096397102,8.53292959116597,84.45782117522569,15.542178824774311,86.76324988699416,75.06393392233248,2.5177711208430265,0.833955920795515,2.3054287117684686,13.236750113005847,2.2509636867820655,135.00244518861285,4.612085886497625,3.408648494276449,4.6385456379349055,71.4772696689512,42.57896123766473,22.182956897799325
1710.375,水层,12.858761982044037,78.55261787444844,8.588620143507528,84.03727676471209,15.962723235287912,86.38263489025081,75.19503687232874,2.5221685352084853,0.8354124669112062,2.345358125538735,13.61736510974918,2.183785455041625,131.30495214147936,4.6661490615446155,3.493350746463155,4.735547986653772,53.33528678171353,42.11403141121728,22.058710195493166
1710.5,水层,13.032526296998082,78.31688238918774,8.650591313814179,82.24674002940351,17.753259970596492,84.55529350487441,74.96937744828985,2.51459953700518,0.8329054038927031,2.3085534754709065,15.444706495125581,1.8808696323384346,126.87351052747606,4.751422168804696,3.555785238756105,4.818705775416639,56.267396638161195,42.84663057755468,22.064808005865384
1710.625,水层,13.233878557617576,78.24551375906992,8.520607683312498,80.3594950937649,19.64050490623509,82.73167860699353,74.90105933339503,2.512308032047678,0.8321463936272252,2.3721835132286104,17.26832139300648,2.0084390901746323,130.50897653491373,4.839899736573759,3.5895948758883933,4.851167420825952,58.790460169514624,43.29572580067523,22.039687383687163
1710.75,水层,13.140325903880534,78.1837207787524,8.675953317367071,81.29346711572671,18.706532884273287,83.71427783243348,74.84190757551403,2.5103239821856764,0.8314892210526874,2.4208107167067703,16.28572216756652,2.1841695281584017,130.8798470871076,4.92091582045212,3.619035925037071,4.887532761082469,62.080235563312456,42.79908362748738,22.029657713917302
1710.875,水层,13.110232057190593,78.27066396808456,8.619103974724842,80.98893146300038,19.01106853699962,83.42301013033119,74.92513454495864,2.5131155553046622,0.8324138678212637,2.4340786673308084,16.57698986966881,2.076297141919173,132.15290923301532,4.939379463031882,3.642288914602134,4.917844139875306,59.578469386046095,42.889228498282705,21.84819331282201
1711.0,水层,13.070992647026433,78.38554633760353,8.543461015370037,81.03244078645197,18.967559213548025,83.40635162278166,75.03510648791496,2.5168042000053905,0.8336356496831784,2.3739108363296895,16.59364837721834,2.0732517445426977,127.60679246724507,4.907616443009543,3.622857882456499,4.896011798248845,66.72938700466962,42.58451589969184,21.91092485752573
1711.125,水层,13.219802772861373,78.26559607283656,8.514601154302078,81.65930415462775,18.340695845372256,84.02347148532101,74.92028326717374,2.51295283525433,0.8323599704084848,2.364167330693271,15.97652851467899,2.0906652903116107,141.80251048856627,4.868503944066399,3.6568565425864206,4.942898586406967,74.27961155519742,42.47006181773806,22.168862579169414
1711.25,水层,12.90345038354403,78.74259212251698,8.353957493938989,81.3654265015555,18.634573498444496,83.72672086401026,75.37689103549793,2.5282682309785764,0.8374328560404699,2.361294362454755,16.27327913598974,2.17290886916478,120.90057756678038,4.795141305207608,3.6303443368978003,4.915354512142683,53.383618090630776,43.91798122147916,22.029245558393406
1711.375,水层,12.968505912988935,78.50453606898404,8.526958018027035,83.64132142757006,16.35867857242994,85.96595910247314,75.1490102314272,2.5206247239372663,0.8349011136195721,2.3246376749030686,14.034040897526868,2.2260056627811524,125.7712030894285,4.754354998554981,3.5780567703440855,4.856159777038094,48.2816410401645,42.913060672225846,22.056751952516922
1711.5,水层,13.201860029743617,78.14013098553887,8.658008984717497,83.47527446281178,16.524725537188225,85.77808034660201,74.80018094441454,2.508924400505597,0.8310256406187541,2.3028058837902377,14.221919653397986,2.2375781311133545,119.13184920354792,4.671777937280721,3.541522076060345,4.804557971863361,42.91615491380344,43.26463639082863,21.99079946310633
1711.625,水层,12.919334444462532,78.49041844715676,8.590247108380707,85.01080354449329,14.989196455506715,87.37811435479684,75.13549604027001,2.5201714351414473,0.8347509717452927,2.3673108103035507,12.621885645203168,2.0631489101044256,130.61389972210247,4.64478332371496,3.500189678071166,4.736135057933045,55.60376014153894,43.327652960969495,22.00495422120267
1711.75,水层,12.642974887995956,78.63784576339445,8.719179348609602,83.57927570808764,16.42072429191237,85.97100774479244,75.27662185861259,2.5249050334390786,0.8363188713427953,2.391732036704822,14.028992255207552,2.095654834960644,132.15900542371412,4.683873164491039,3.4851981862993497,4.70147433494367,51.96374069215602,42.578950733339774,22.113543653389343
1711.875,水层,12.936279768041983,78.16024483872643,8.903475393231588,83.27676599759643,16.723234002403576,85.73765766688008,74.81943506952211,2.50957021638041,0.8312395528239126,2.460891669283666,14.262342333119914,1.9092268330699669,110.16161042816333,4.753973416505285,3.508506231579958,4.700107951282988,53.73030797680902,43.70758142106049,21.917678989680482
1712.0,水层,12.835900932866744,78.05877716711478,9.105321900018462,81.59875829143651,18.401241708563486,83.9964794494866,74.72230443893788,2.5063122909846096,0.8301604371922993,2.397721158050088,16.003520550513393,2.164439487416585,117.15393057673279,4.863925430797343,3.5124834869799075,4.683736393835909,65.20029140392934,43.066456723109894,22.0912776636994
1712.125,水层,12.945638920340603,77.9194677065583,9.134893373101114,82.45810772085119,17.54189227914882,84.87027827697344,74.58894949410391,2.501839340908852,0.8286788715455174,2.4121705561222475,15.129721723026568,2.1130747041343936,129.0317129536044,4.927833238446571,3.4760049843656935,4.626212660271041,65.10099201770907,42.485083602938936,21.92862910333605
1712.25,水层,12.829152081083715,77.91168508851136,9.259162830404922,83.15544442335668,16.844555576643316,85.6356622414177,74.58149952913983,2.501589456501551,0.8285961028699724,2.4802178180610253,14.364337758582291,2.1057316291222463,128.96835028328417,4.992916101651911,3.513140859310077,4.662069698454903,64.23287048092291,42.62401351269813,22.089291610648615
1712.375,水层,12.876218980407819,78.13110993268431,8.99267108690788,80.7049693675971,19.2950306324029,83.19171432709538,74.79154547916357,2.508634752416457,0.8309297011042809,2.486744959498278,16.80828567290462,2.1833566995577685,127.44249189178436,4.991342478768427,3.5199292279494085,4.6832434749242005,40.938362432530944,42.31255094080498,22.232197479560465
1712.5,水层,13.117938517751352,78.02071565757079,8.861345824677853,81.01918843705486,18.98081156294513,83.55467056519458,74.68586979562464,2.505090211512633,0.8297556504335234,2.535482128139716,16.445329434805412,2.0780458957492796,120.95339855537725,5.010872058397015,3.5223608637850266,4.699759322581943,47.78004537329446,43.639164436048176,22.22514126777799
1712.625,水层,13.371501322758109,77.68302476467026,8.945473912571638,81.3736986158159,18.626301384184096,83.96861753856616,74.36261285231448,2.4942476276784253,0.8261642846773554,2.594918922750265,16.03138246143383,2.2611140114508013,135.6187342034926,5.042155600880955,3.4954441780844094,4.693329376135029,48.64730979432153,42.534906490380436,22.124281269552082
1712.75,水层,13.701887084966488,77.2168795143909,9.08123340064261,82.30860703025863,17.691392969741372,84.92362089308776,73.91639208678072,2.4792806295706016,0.8212067980395865,2.6150138628291306,15.076379106912242,1.9267473631649263,117.95479808198964,5.032913620534077,3.3951040680240556,4.587274454123676,54.31416552371684,41.241033046162755,22.047516054609638
1712.875,水层,13.71844502952752,77.01155474444874,9.27000022602374,83.24875200286331,16.751247997136687,85.92962814329132,73.71984353035602,2.472688059033045,0.8190231550596737,2.6808761404280106,14.070371856708675,1.9955462103339887,145.98266356135912,5.065844794484994,3.3335448742476705,4.512905098693235,55.16095568101097,41.48336582762375,22.034140681918217
1713.0,水层,13.604761580969097,77.14119717751717,9.254041241513738,81.7963948094851,18.203605190514903,84.46049605139801,73.84394464625238,2.476850620057245,0.8204019112075488,2.66410124191291,15.539503948601997,1.9722735335615076,123.84775639583593,5.087567559429985,3.3263811259575315,4.494690599118306,62.98733666064771,43.05108925150428,21.88302854207493
1713.125,水层,13.32863296179497,77.50578594469141,9.16558109351362,81.18520941072343,18.814790589276566,83.84412043264433,74.1929497657854,2.4885568412086143,0.8242793376973947,2.6589110219208947,16.15587956735567,2.2957674357527846,128.4258192362837,5.1128254983354395,3.380355592503661,4.540374486683058,58.43100693565254,43.053236941097026,21.82220596902736
1713.25,水层,13.144326935919437,77.7210082196855,9.134664844395054,80.59430369186533,19.40569630813467,83.21545509091492,74.3989727773901,2.4954672009745194,0.8265682413208818,2.621151399049586,16.784544909085085,2.1251647025032847,130.16715430184433,5.160679631522308,3.4329892519685203,4.5917066556387525,51.247742354066744,43.23193352880516,22.17755353338594
1713.375,水层,13.388417632677143,77.3371810926644,9.274401274658459,80.81785487003135,19.182145129968642,83.5073230622884,74.03155160480637,2.483143274300562,0.8224862135574686,2.6894681922570536,16.492676937711593,2.228624706228767,119.90768373264913,5.153832254461827,3.397605768094727,4.545271940486195,65.47201660564996,42.980955636830274,21.98441858230701
1713.5,水层,13.711590327615436,76.79645335166097,9.491956320723583,83.04801320234796,16.95198679765204,85.77662796435699,73.51393623407957,2.465781580554683,0.8167355370267239,2.7286147620090313,14.223372035643012,2.2085739167315293,131.9933061782164,5.100156391740868,3.30127664740704,4.4340817658711,56.124872328837945,43.19962845583941,21.995035976292378
1713.625,水层,13.740440917172087,76.74040512798011,9.519153954847809,85.24755195934776,14.752448040652233,87.91653382698034,73.46028368423015,2.4639819834177916,0.8161394603321701,2.668981867632566,12.083466173019664,2.1498216199928857,137.37028232415335,5.077162358727998,3.2057046027993112,4.317234746691468,57.86242592775877,43.09176290447244,22.14174306732626
1713.75,水层,13.514306100024317,76.83849318272979,9.647200717245882,83.97360978119188,16.026390218808118,86.68443152926787,73.55417915319372,2.467131396028901,0.8171826335071717,2.7108217480759818,13.315568470732131,2.23282667133984,131.9965217784072,5.086880529417621,3.1204883116905218,4.211486170009093,55.84493246040174,42.67630465977734,21.972270133480468
1713.875,水层,13.792373752764364,76.34198517681057,9.865641070425074,83.24308338846315,16.756916611536855,85.93143805157555,73.07889342977994,2.451189510145351,0.8119022368852709,2.6883546631124156,14.06856194842444,1.9972095771440246,131.1280311817467,5.166522005991371,3.1368923341380137,4.2121410711557505,59.58449721640971,44.14808744874416,22.082236143208867
1714.0,水层,13.461783314105858,76.60630833188713,9.931908354007001,81.210114434066,18.789885565933993,83.8274115637307,73.33191859851412,2.4596764016443293,0.8147133317286882,2.617297129664692,16.172588436269297,2.134333459910016,132.3911236799707,5.269611728735861,3.2196922690616634,4.283788353002683,48.03138214367453,43.349838818144605,21.954924893504206
1714.125,水层,13.073163871600741,77.1931439819442,9.733692146455063,80.94051086974817,19.059489130251826,83.56339767093876,73.89367108414822,2.478518528768319,0.8209543690276551,2.6228868011905795,16.436602329061245,2.102367096473188,124.5624896208802,5.378968331752043,3.3149018016729874,4.380997927667486,56.05584649082709,43.598831624194624,22.04571805360616
1714.25,水层,13.116765114614687,77.24222434724882,9.641010538136497,78.82567371438347,21.17432628561653,81.47990547545325,73.94065360336467,2.480094401812623,0.8214763420715292,2.6542317610697825,18.52009452454675,2.219335896892027,145.5141835501453,5.367674977789085,3.431577526579085,4.501622275818399,44.93245272508817,44.047361417456806,22.19710727670691
1714.375,水层,12.727055231812084,77.82582266277495,9.447122105412967,80.55569978309065,19.444300216909348,83.15533154906399,74.49930712812379,2.498832584554964,0.8276829500962001,2.599631765973332,16.84466845093602,2.0208866128140905,143.6803657295428,5.326512959026913,3.506652958014984,4.579689175467032,42.865646422879124,44.43442103573025,22.013468648526437
1714.5,水层,12.702375310106378,77.73993487979006,9.557689810103549,80.25893195764421,19.741068042355792,82.84309233250518,74.41709045370621,2.496074898437494,0.8267695276463548,2.5841603748609825,17.156907667494814,2.094065704327864,107.03721338319136,5.331474545782916,3.571329651673769,4.643082431894555,63.994775452510765,42.618732266467454,22.078257308000012
1714.625,水层,12.542636452598574,77.876172746248,9.581190801153424,79.19060827489903,20.809391725100966,81.7943406759917,74.54750509384063,2.5004492257276847,0.8282184266796843,2.6037324010926692,18.205659324008295,2.2031813957476962,135.58891769525698,5.302088418092465,3.643985613993169,4.70896480613244,65.17974675485786,43.38268465306321,22.036680712769158
1714.75,水层,12.31464075795464,78.22394724489547,9.461411997149895,77.85946327369075,22.140536726309247,80.49705397240109,74.8804146385085,2.5116155741139155,0.831917032273052,2.637590698710337,19.50294602759891,2.100203557611932,124.84194569776207,5.320857468295499,3.6991819778468935,4.7452484163950945,52.858492391302185,43.66779391816729,22.167035964577337
1714.875,水层,11.999431042658204,78.38876988286592,9.611799074475876,79.06956781649745,20.930432183502546,81.65461286160215,75.03819224891726,2.5169077016410157,0.8336699323076436,2.5850450451046907,18.34538713839785,2.325805579704762,139.3574781922935,5.25675024792235,3.740689784381961,4.775945420716619,49.188256801856966,43.29210974913025,22.028419324838918
1715.0,水层,11.930680924067879,78.67054178540823,9.39877729052389,81.10465569722778,18.89534430277221,83.74643388771503,75.30792035187011,2.5259548377636323,0.8366665957744941,2.6417781904872317,16.25356611228498,2.069947996006984,105.37686142587809,5.199063879737661,3.8058532155762093,4.847719262424861,61.27241022687795,43.131204336075996,21.93955741003781
1715.125,水层,12.034718407826427,78.83467117688807,9.130610415285501,78.85027698096438,21.149723019035616,81.55636916784601,75.46503434727998,2.531224706522876,0.8384121230852151,2.706092186881636,18.44363083215398,2.2614981623357413,117.7175522513356,5.129466708414803,3.788074473671071,4.832049430581412,54.7845789893359,42.695811562242255,22.0777052740633
1715.25,水层,12.23096413036715,78.49713470689065,9.2719011627422,80.01649909938273,19.98350090061727,82.74362899143773,75.14192522636209,2.520387080901366,0.834822399627188,2.7271298920549985,17.256371008562265,2.2118049031397713,123.51530241856884,5.047770221900235,3.742639347089866,4.8046891532077165,48.11598426720013,41.34812061952318,21.947943948370277
1715.375,水层,12.42195341995184,78.33693697843454,9.241109601613628,81.89138718405891,18.108612815941083,84.60086502209695,74.98857484258018,2.515243450032568,0.8331186858217866,2.7094778380380324,15.399134977903051,2.091913213476295,126.62391332537204,5.015555888567908,3.6609591697527377,4.738686732957294,63.37692609838405,42.2160949918954,21.93298568193285
1715.5,水层,12.785584764549876,77.88749855454837,9.32691668090175,83.58285811044878,16.417141889551225,86.25498429781359,74.55834680218594,2.5008128749363805,0.8283388774260554,2.6721261873648245,13.745015702186404,2.094733734831428,134.36801623393356,4.93956942521725,3.524417325032338,4.587747619628529,44.098922485839424,42.041179175176545,21.826196042508908
1715.625,水层,12.411031744204028,78.05241976649732,9.536548489298662,84.74765112662465,15.252348873375354,87.38881522912469,74.71621877321752,2.5061081674781374,0.8300928258016544,2.641164102500035,12.611184770875317,2.42402770716623,123.88657070908842,4.913106914396362,3.413984111419361,4.459836536540207,67.20023825972481,43.63636944704339,22.112440238697335
1715.75,水层,12.568571421561325,77.62028541529926,9.81114316313941,84.08644095175929,15.91355904824071,86.72852550178538,74.30255517611025,2.492233191785838,0.8254970474031824,2.6420845500260945,13.27147449821462,2.2386563351639874,144.04623073065392,4.966805745378201,3.3765698430734337,4.398539711077818,52.568722623818076,43.54889750738777,22.24908042609856
1715.875,水层,12.3810148403251,77.74948968455159,9.869495475123315,82.09472746911199,17.905272530888016,84.73464884073411,74.4262368566625,2.4963816842402036,0.8268711436488857,2.6399213716221173,15.265351159265894,2.1197511271790432,136.22931614671066,4.99926853196468,3.348153617651401,4.350587020529082,70.90573737642616,44.33419630148626,21.953724522612863
1716.0,水层,12.695941838662378,77.48788989767861,9.816168263659005,84.08357649938534,15.916423500614663,86.6848356565023,74.17581865098096,2.4879822346849663,0.8240890120126791,2.6012591571169614,13.315164343497699,2.1949307774831794,146.51960324359683,5.086887889374697,3.3567794019129624,4.3625115379470465,64.75194973685299,43.535803369677595,22.195254597472008
1716.125,水层,12.749928236872188,77.54122263017275,9.708849132955057,82.11806874600295,17.881931253997053,84.71924284545736,74.22687177810666,2.4896946427934834,0.8246562092726225,2.601174099454407,15.280757154542645,2.320711269888888,124.79092759651368,5.165694861924798,3.4021622120089603,4.412667535639084,51.62138222641312,42.37808346474701,22.057746029993304
1716.25,水层,12.571762904777426,77.59835178543433,9.829885309788244,80.78182648946573,19.218173510534264,83.31486195785588,74.28155905718937,2.4915289464964365,0.8252637817485184,2.533035468390148,16.68513804214412,2.2020966608322006,122.15598215942873,5.172736707210688,3.3819362232789283,4.384570763234508,56.24078317963581,43.96648083957059,22.179999350748837
1716.375,水层,12.322213444362816,77.56995986452229,10.107826691114898,82.82668490125367,17.173315098746333,85.32073706595847,74.25438069448643,2.4906173383092605,0.8249618317265937,2.494052164704807,14.679262934041526,2.0449853131123765,144.18432841622692,5.203540969957348,3.3468703974904086,4.332187360113665,66.84395873391453,42.733120751694855,21.955508802372048
1716.5,水层,12.65977834026819,77.00411840836239,10.336103251369419,84.9083411818578,15.091658818142195,87.38890284108294,73.71272504619421,2.472449293051697,0.8189440691164853,2.4805616592251303,12.611097158917062,2.067178305561986,114.42972349764455,5.181553978962215,3.252272037958133,4.217769443090184,51.32773709070963,44.48737624718711,21.84958447698815
1716.625,水层,13.037701418997722,76.65074360052203,10.311554980480249,85.89199431874654,14.108005681253456,88.44010449678586,73.37445456680958,2.4611031298608683,0.8151859038515854,2.5481101780393227,11.559895503214134,2.038022354012419,140.07819530185512,5.040826750169263,3.1382724975083827,4.090769871832759,76.01587530972262,43.26723469305489,22.58566515506569
1716.75,水层,12.700399657121544,77.25342029803713,10.04618004484134,88.03732418977502,11.962675810224976,90.51938272651768,73.95137100470822,2.480453881554535,0.8215954117743667,2.4820585367426458,9.480617273482327,2.1752673046426714,140.80398082546913,4.927013319180178,3.009510063100665,3.9591086028610682,58.7839943412654,43.342771629595205,22.418773578831292
1716.875,水层,13.021227845440736,76.64122814205633,10.337544012502928,89.55694015116073,10.443059848839265,91.9952599525613,73.36534582836717,2.460797607389566,0.8150847062996052,2.4383198014005667,8.004740047438696,2.0135578775157486,138.09142266433528,4.763144919296023,2.91757865426384,3.8719061901641285,50.910109958768324,44.048000317358614,22.56511659386719
1717.0,水层,13.12749250396307,76.7116144615579,10.160893034479033,91.58181047221014,8.418189527789865,94.0506355175865,73.43272361962914,2.4630575723042902,0.8158332696244598,2.468825045376372,5.9493644824134995,2.110988207905505,127.33969471712922,4.557657795586617,2.844031199745527,3.8072042662549426,59.58234450607509,43.13440729625454,22.491329911642115
1717.125,水层,13.293593994653968,76.8175827885914,9.888823216754632,92.96153264556928,7.038467354430722,95.44326166229426,73.53416253375062,2.466460004806282,0.8169602500344924,2.481729016724986,4.556738337705735,2.115204551279269,144.15127153734375,4.407724087956305,2.7396993495327777,3.698482468093761,53.51531122453318,43.421739354805545,22.018671259995525
1717.25,水层,13.228907271186083,76.61959825255829,10.151494476255621,94.99420341781095,5.005796582189048,97.44458082053428,73.34464046701372,2.4601031146000425,0.8148546709445318,2.450377402723331,2.555419179465712,2.097621013370399,135.49357183351182,4.2373839669826685,2.6733379983323733,3.645190482057555,60.37765600203157,43.36225382469732,21.993517480068174
1717.375,水层,13.580343121460375,76.5065027465304,9.913154132009224,95.12133455742634,4.878665442573659,97.53580749711504,73.2363790114954,2.456471842536864,0.8136518924981382,2.4144729396887055,2.4641925028849543,2.132054097744393,133.89586287103967,4.105964733001877,2.6022647742376637,3.583844924398524,71.04848498455567,42.9733686698365,21.896441183396256
1717.5,水层,13.888333841066352,76.18310759741522,9.928558561518418,96.18998456661537,3.810015433384628,98.64051985957634,72.926806767819,2.4460882666407553,0.8102125629554705,2.450535292960978,1.3594801404236523,1.8837302977544286,140.84460436200342,4.080495318059693,2.5367259275761893,3.517261239969434,78.89925431315257,44.12859734519289,22.051447064586117
1717.625,水层,14.092847364788055,75.78626556290627,10.12088707230568,95.14501377913433,4.854986220865665,97.55903773778213,72.54692698500787,2.433346457138157,0.8059921207602415,2.4140239586477987,2.4409622622178606,2.0775015509443793,150.50325676791587,4.076097474978032,2.507861833092713,3.4959200891145725,66.42292579014097,42.442228773568615,22.103013208798142
1717.75,水层,13.855004452396944,76.02185647091451,10.123139076688535,95.270170002992,4.729829997007995,97.70930002252418,72.7724480114717,2.440910813253052,0.8084976461897739,2.439130019532175,2.2906999774758185,1.9495363789137075,150.45280580074606,4.0097576627672735,2.4876666877919815,3.471745342168551,45.77183967752923,42.280696344345316,22.036032217366127
1717.875,水层,13.542803944735873,76.5651820315651,9.892014023699023,97.50470028388362,2.4952997161163726,99.99,73.29255016302696,2.458355917827895,0.8142759507102498,2.485299716116369,0.009999999999998899,1.8982424111624925,150.85564418458446,4.0693697974810785,2.5034503962246277,3.4792842251430547,63.06570479443229,42.95083914392529,21.815380520169246
1718.0,水层,13.676653815508558,76.15926122230346,10.164084962187994,94.60482204499462,5.395177955005382,97.15764208865497,72.90397966027858,2.445322606900658,0.8099589551242116,2.5528200436603377,2.8423579113450392,2.1413676323587283,145.49237003009733,4.051744705694268,2.544674408633683,3.5162945321683514,67.15980616779004,41.56787732156435,22.030261016242203
1718.125,水层,13.351264613077243,76.69167715687223,9.957058230050531,94.83281304196163,5.167186958038372,97.41714330870097,73.41363849679632,2.462417425051204,0.8156212350246956,2.584330266739341,2.582856691299029,2.0818644749127824,130.14269648850444,4.000607859003491,2.554024338036859,3.5083834972629333,64.11446129688537,42.96530940725263,21.955242888464728
1718.25,水层,13.075604769651006,76.67082975286942,10.25356547747957,97.3586396908646,2.6413603091353988,99.99,73.39368217509629,2.4617480563167247,0.8153995214564183,2.631360309135402,0.009999999999998899,1.9803821272592441,132.86637348483248,4.004792951938857,2.585725521706764,3.527738051528133,55.99767708504364,42.56711669731733,22.057632702804995
1718.375,水层,12.824067011750536,77.21906841930216,9.956864568947298,97.28371601651101,2.7162839834889985,99.99,73.91848743114944,2.479350910959601,0.8212300771931118,2.7062839834890013,0.009999999999998899,2.0528101680910917,139.69438197224846,3.9113575512687913,2.622686472221007,3.5607121374884185,70.6682606768587,43.081079239771014,21.884808759377538
1718.5,水层,12.769126950109571,77.44003165895367,9.79084139093675,96.47891809985323,3.521081900146772,99.24632346296991,74.13000602088736,2.4864456016976932,0.8235800363686229,2.767405363116686,0.7536765370300902,2.154822846790524,154.85233352185458,3.830429179321216,2.6471022910776414,3.590958844023941,53.156652976900794,42.457736387462305,21.980194125590618
1718.625,水层,12.90527156067077,77.57519006571529,9.519538373613933,96.22106414113698,3.7789358588630195,98.9101025636195,74.25938734075997,2.490785269681107,0.8250174552742122,2.689038422482526,1.0898974363804936,2.0816306158712536,157.02964055778472,3.817941695665326,2.700591244762418,3.6760400134659146,52.41509652485023,44.61065702614601,21.908336587934542
1718.75,水层,13.216756370681706,77.38372138666298,9.399522242655317,94.65921039057802,5.34078960942197,97.37962454702446,74.07610262319338,2.4846375907004328,0.8229811727691667,2.720414156446438,2.620375452975532,2.0712500788538972,146.3990735284937,3.8537268824923325,2.7370842800500688,3.751564247195615,52.47971245757477,42.69153559543995,21.772114185894775
1718.875,水层,13.536848347806469,77.2469527144675,9.216198937726043,93.33372550356526,6.666274496434732,96.04948170871329,73.9451798655947,2.4802462202923192,0.8215266285804889,2.715756205148028,3.9505182912867087,1.9017146155706313,132.83181267690864,3.8913214169359507,2.7327450077031963,3.7836751829975,53.389898281491845,43.8332384109259,22.022955028833657
1719.0,水层,13.941322271159112,76.78905009908604,9.269627629754838,93.5428115020347,6.457188497965305,96.2444237904302,73.50684941933793,2.4655438768191753,0.8166568029289399,2.7016122883955016,3.7555762095697998,2.067511546477038,138.1694758150162,3.96517221890849,2.7021413084477084,3.776463974719454,62.95009033107781,43.88102168588094,21.965678450576235
1719.125,水层,14.280311706273949,76.32142752287204,9.398260770854007,93.37738575427694,6.6226142457230575,96.08859260878747,73.05921447333337,2.4505294447099213,0.8116836048287547,2.7112068545105337,3.911407391212529,2.0242430535541303,145.88693555805614,4.023524107553514,2.6697010498401337,3.7500650714349812,74.35623597121577,43.197774435482955,22.0578389040613
1719.25,水层,14.036727538648988,76.39437483492847,9.568897626422546,93.42208339293417,6.577916607065825,96.06144548902286,73.12904379243497,2.4528716380088236,0.8124594044846788,2.639362096088683,3.9385545109771436,2.060196953416946,145.62228595832786,4.04744532777752,2.643941536187482,3.7189394607122024,45.871578585322204,42.84334904188025,22.07413622852796
1719.375,水层,13.844097396558135,76.69529418710405,9.460608416337797,93.44171984172516,6.558280158274843,96.13549464377961,73.41710092400767,2.46253356070764,0.8156597023887453,2.6937748020544463,3.8645053562203935,1.9518630257387588,142.54479658921667,4.13035848289855,2.661678678706929,3.7332700841621795,65.31180231345846,43.00737865389016,22.055972249188894
1719.5,水层,13.917778605285916,76.60055418422822,9.481667210485861,91.18851316393939,8.811486836060611,93.85000674826294,73.32641040086153,2.459491647392148,0.8146521359745414,2.6614935843235465,6.149993251737063,1.8103322575831373,146.75708687854961,4.248340917079413,2.718261829239273,3.8033468195513382,49.48858090253804,44.072086290073145,22.38472020899258
1719.625,水层,14.275111562702335,76.44881486453117,9.276073572766494,88.65691125462854,11.343088745371466,91.33376874720527,73.18115688737788,2.4546195992281326,0.8130383779251605,2.6768574925767337,8.66623125279473,1.8462586397970921,138.48400536000423,4.30224703509867,2.778500320637318,3.8855128653975095,60.68755827123879,43.91626164714022,22.639130717019242
1719.75,水层,13.992846840982196,76.89012837978645,9.117024779231356,89.75978003369977,10.240219966300234,92.44753213817405,73.60360730277864,2.4687892996462417,0.8177317773615675,2.6877521044742996,7.55246786182594,2.120249011955056,139.8004938551767,4.394516406031768,2.8389799213882645,3.9581215808148764,57.95253945264457,43.09278665810994,22.484363790446725
1719.875,水层,13.735724171985508,76.98881927857761,9.27545654943688,89.14327008797109,10.856729912028907,91.88189238967435,73.69807984837128,2.4719580683821274,0.8187813618242081,2.738622301703256,8.118107610325653,2.055228299947996,123.50506698654182,4.382768168496691,2.8359247651237323,3.9586749375376886,47.15196663588393,42.61303920067966,22.365028136422648
1720.0,水层,14.05860900221347,76.56255048612267,9.378840511663851,91.23964842347705,8.76035157652295,94.02217753498516,73.29003109794766,2.4582714241306323,0.8142479640443779,2.7825291115081154,5.977822465014837,1.9705772115052136,118.91018724879102,4.248945906356378,2.7985989381428826,3.905691570043974,51.84680621423436,44.324783199839935,22.055272167376515
1720.125,水层,13.883751960385213,76.78438377573981,9.331864263874964,93.53604223404173,6.4639577659582725,96.27883425580701,73.50238254903402,2.465394050444989,0.8166071762608106,2.742792021765287,3.721165744192989,1.9729302686884094,136.29254568509643,4.112268737731339,2.7526370972468457,3.847757456217962,61.24660881377994,42.13055495063702,22.06345477808907
1720.25,水层,13.832336390293618,77.0540036621041,9.113659947602287,94.68613650158235,5.313863498417648,97.5024740168276,73.76047805043511,2.47405100946501,0.8194746022039692,2.8163375152452574,2.4975259831723884,1.832746310109874,138.65805736927007,3.8862650602604614,2.6879389769668323,3.7816466848827033,62.728503202017,43.141816695341916,22.04001687129247
1720.375,水层,13.686665646340671,77.36377628442484,8.949558069234484,96.57007380169908,3.4299261983009144,99.35072822488704,74.05701003609951,2.483997193083425,0.8227690552419075,2.7806544231879444,0.6492717751129695,2.0336802324061987,152.17185052909582,3.796221768552562,2.684546296255949,3.7798072434053007,66.97491545870538,43.13308730503737,21.919215570126052
1720.5,水层,13.78106219857391,77.0739633565319,9.144974444894185,93.67383225497143,6.326167745028577,96.45437346427323,73.7795846060035,2.474691875608245,0.8196868749201589,2.7805412093018123,3.5456265357267647,1.9544297370257304,155.60301819134756,3.7905679443206015,2.7256535333170273,3.8260091810909973,60.68842297791538,45.06870792532037,21.99202000465596
1720.625,水层,13.449196971489478,77.4634738125837,9.087329215926818,92.62833148167428,7.371668518325714,95.4256231990949,74.15244618461804,2.4871982826888943,0.8238293452767627,2.797291717420612,4.5743768009051,1.954091109076089,140.93888539353497,3.8460374838060085,2.765132835633957,3.868983857818314,62.696787379148546,42.9916980222998,22.22192128574614
1720.75,水层,13.579229272867918,77.35318991184302,9.06758081528906,92.33791014710403,7.662089852895971,95.11626700455075,74.04687615771105,2.483657285686951,0.822656468445011,2.7783568574467123,4.883732995449252,1.7361411509734315,137.99289171581893,4.038812847572706,2.8277175273377244,3.92731920793542,57.172790061682,43.24846011935321,21.936938685290315
1720.875,水层,13.482427070458733,77.22163095680513,9.295941972736134,90.33596516464361,9.664034835356382,93.06058672001193,73.92094043790131,2.479433188948994,0.8212573299548321,2.7246215553683157,6.939413279988072,2.000217385886292,138.88275061847816,4.105511670395288,2.8610878743773442,3.943870906772581,65.04556875672372,42.56759644615744,22.463958808709062
1721.0,水层,13.15561812910613,77.35409901256324,9.490282858330632,92.0572672606348,7.9427327393652,94.78786411268686,74.04774640066447,2.483686475105381,0.8226661367933853,2.7305968520520545,5.21213588731314,2.0913166115650252,142.91111621510484,4.140553995346923,2.895088110156623,3.964158547908525,59.23281846792305,43.01171102644277,22.27340681269975
1721.125,水层,12.835765953931249,77.88173819448956,9.282495851579185,91.60335988517349,8.396640114826504,94.38987564599725,74.55283265767056,2.500627921216378,0.8282776156026156,2.7865157608237525,5.610124354002755,2.138378955115873,143.61353581989215,4.092002472001186,2.906440924778596,3.9686730799893817,65.79917259714522,43.17912079466337,22.397854113199386
1721.25,水层,13.056363215696862,77.91888943941767,9.024747344885466,93.88289024468757,6.117109755312422,96.63219538548866,74.58839594388323,2.5018207738995475,0.8286727216349006,2.74930514080108,3.3678046145113383,2.063480511536015,148.54844668288897,3.950723804311031,2.909537213178564,3.973619371042597,55.21640337856796,42.362681512452575,22.302088414042952
1721.375,水层,12.948178496677127,78.16130177594022,8.890519727382648,94.11903666220942,5.880963337790579,96.92166688158629,74.82044682998169,2.5096041525350086,0.8312507934235183,2.8026302193768666,3.078333118413712,2.056599157470435,131.90763358765008,3.9160527415379494,2.938041044731706,4.0194558877142805,63.32540907144877,42.27411095837657,22.541575701075953
1721.5,水层,13.117475387626113,77.8664307229856,9.01609388938829,91.61799970359529,8.382000296404712,94.39324488483525,74.53817947467924,2.500136428710774,0.8281148195955836,2.7752451812399674,5.6067551151647415,1.8847979176335823,126.4044716657531,3.9565629267223907,2.955563242552463,4.060373201854549,64.36506549139808,43.7382030849143,22.42623765730254
1721.625,水层,13.331363074104754,77.69709682813848,8.971540097756762,89.19163526379683,10.808364736203169,91.92276316307755,74.37608343241729,2.494699453685825,0.826313942035381,2.7311278992807204,8.077236836922452,2.0928793314173766,147.1615462968536,4.079646201620969,3.018280001869015,4.145928608550694,48.38563160205617,42.96126119719313,22.61053052043157
1721.75,水层,13.317642071959623,77.88252591864102,8.799832009399362,88.32138901034887,11.678610989651128,90.99501854081052,74.55358671206388,2.5006532134742683,0.8282859931028733,2.673629530461649,9.004981459189477,1.8513604966337687,112.63524506651561,4.175321467669384,3.066043256348077,4.218714014449727,45.883027921920586,43.48889564277469,22.485769479610152
1721.875,水层,13.269230707646543,78.09704653779612,8.633722754557335,89.65584023287151,10.344159767128492,92.27227597401115,74.7589380587628,2.5075410444648436,0.8305674345684868,2.616435741139642,7.727724025988847,2.2075959940069154,142.75270769415363,4.143411704040895,3.090600302309849,4.2741103652060435,56.86665713887436,43.28250557920134,21.974053334611437
1722.0,水层,13.335170099496269,78.23947515754519,8.425354742958547,90.9807177740791,9.019282225920911,93.62069780213305,74.89527884031158,2.5121141445468598,0.8320821726867454,2.639980028053963,6.379302197866943,1.970523743347594,140.47639619571623,4.056913343727333,3.1100105286823374,4.3274192266244205,58.94119637672378,43.72075211609775,21.975765760208574
1722.125,水层,13.442861354346954,78.32454222252704,8.23259642312599,90.10466570917211,9.895334290827885,92.73631574216871,74.97670987674317,2.5148454790394,0.8329868667444742,2.6316500329965873,7.263684257831294,2.038089028896864,132.36163392332233,4.009551214244632,3.170717733120179,4.4190383847617865,66.19020354252622,42.65024396297754,22.03787079056184
1722.25,水层,13.089804783885103,78.79045800902557,8.119737207089313,87.5143830396612,12.485616960338797,90.13770227371381,75.42271098648536,2.529805109520993,0.837941913019231,2.623319234052615,9.862297726286185,1.9968678899681285,140.525370179728,4.003862582827043,3.2420557344366543,4.523941913731207,48.55421759810963,43.59935252712046,22.05825065627817
1722.375,水层,13.130070060531846,78.86277611029556,8.0071538291726,87.45771158548847,12.542288414511537,90.0112517043237,75.49193798920886,2.5321271001113086,0.8387110209753856,2.553540118835238,9.988748295676297,1.9086108890854827,127.79656031141683,4.0382219754366435,3.287778885818219,4.587088080385214,56.59851995185667,41.66103347770172,22.09186611258627
1722.5,水层,13.28021278585036,78.55018193037584,8.169605283773794,88.69537311192653,11.304626888073477,91.24515367583086,75.19270504801385,2.522090321882696,0.8353865604792912,2.549780563904337,8.75484632416914,2.029436923490811,136.36774280271283,4.091273480878577,3.3202000287785283,4.636796064306618,65.64707771701418,42.83340016555374,21.935181873771494
1722.625,水层,13.620863873762257,78.3233573763827,8.055778749855042,87.56020087595718,12.439799124042816,90.1441613693852,74.97557567457496,2.5148074359830996,0.83297426582464,2.583960493428017,9.8558386306148,2.2307986076224213,124.72182851459434,4.145318957722328,3.3479656649160576,4.6787705957841235,64.22600896524538,42.758460411324236,22.10499726702839
1722.75,水层,13.299343418309414,78.69039496535682,8.010261616333771,85.12607935007021,14.873920649929783,87.72787861964167,75.3269249457164,2.5265922839385033,0.8368777357019099,2.601799269571456,12.272121380358325,2.1252819890993075,140.19626999345252,4.134812545120295,3.3855211848955795,4.727139886581898,52.967208630951625,41.37965179676028,22.05564889310093
1722.875,水层,12.92240819670319,79.30424428350878,7.773347519788045,86.75177769962788,13.248222300372115,89.3254213808141,75.91453645200976,2.5463017662892584,0.843406065209764,2.573643681186221,10.674578619185892,2.0995364253736795,109.10280940098869,4.142593068909246,3.4772167095121675,4.853474464566387,68.78896503262061,43.54906853970639,21.960530472352367
1723.0,水层,13.022435488484657,79.39539197726268,7.582172534252672,85.86577537354925,14.134224626450742,88.41539986438495,76.00178821239801,2.5492283376940503,0.8443754271706106,2.5496244908356913,11.584600135615053,2.0589317817513244,125.4016293536165,4.100855118229223,3.538192944352037,4.918866834875011,57.54844943584072,43.10291660530423,22.133540962005867
1723.125,水层,12.89259158699744,79.31797906346723,7.7894293495353235,87.53008810079585,12.469911899204146,90.10630255366135,75.92768416513958,2.5467427627930874,0.8435521355345741,2.5762144528654938,9.893697446338656,2.193474509030984,121.43445649147198,4.051178324667926,3.548950731144442,4.926595060928614,59.753369145018745,42.526410663407844,21.9121501116766
1723.25,水层,12.901987037575125,79.1740108465455,7.924002115879386,86.46447502397405,13.53552497602596,88.99424323266022,75.7898695935466,2.5421202293038734,0.8420210236950224,2.5297682086861806,11.005756767339781,2.104685502794461,125.32121376683135,4.113608865062173,3.5853326041352904,4.949736116886946,57.60130254396584,43.257548941396735,22.05383510894779
1723.375,水层,12.58671676260138,79.39305939546873,8.020223841929893,84.74144570088582,15.25855429911418,87.21173174835673,75.9995553323394,2.5491534431257254,0.8443506200036012,2.4702860474709,12.788268251643276,1.854278960077163,123.31216717883191,4.1355942839320825,3.5883222221782525,4.9327313383142,64.7442762068733,41.874396550752465,22.030677134575676
1723.5,水层,12.691518337391283,79.42858971672096,7.87989194588775,85.83875679932137,14.16124320067863,88.25199579203448,76.03356697815008,2.550294251169214,0.8447284874016713,2.413238992713111,11.748004207965524,2.237777770465873,123.12145148689984,4.241695472435298,3.661150072570397,4.998951314053381,46.60130429939053,42.54008507526819,21.956988841007202
1723.625,水层,12.503474698625578,79.49263425137262,8.003891050001801,83.51259144444838,16.48740855555163,85.88466872537617,76.09487405199324,2.5523505939687454,0.8454096054106284,2.3720772809278055,14.115331274623822,2.0821706009323,128.7801918957232,4.2477263352181875,3.719557716256756,5.060934259833379,49.03567089719471,43.85601860763644,22.369592458930693
1723.75,水层,12.434839605638242,79.76970493713007,7.795455457231684,85.21444962559008,14.785550374409917,87.64486356998115,76.36010188265666,2.5612467833581687,0.8483562711152405,2.4304139443910735,12.355136430018842,2.091960441950019,121.12783941808328,4.167749366956167,3.7282843575326243,5.079506347591766,58.25078794273178,43.3045776454134,22.067122902900945
1723.875,水层,12.301054430363012,79.98505350736987,7.7138920622671305,86.78032152177192,13.219678478228069,89.13867772119805,76.566245791259,2.5681611982135597,0.8506465178973015,2.358356199426111,10.861322278801955,2.2038529962190685,129.36563396840486,4.089139294661981,3.723268911995047,5.088954476417786,75.31862188465793,40.80253627052032,22.10254898025082
1724.0,水层,12.643188480414361,79.81236919210718,7.5444423274784596,87.86290231974647,12.137097680253529,90.2515892811358,76.40094253587667,2.562616647843823,0.8488100083866866,2.388686961389324,9.748410718864209,2.3142216982219,128.0299852459788,3.963698627723754,3.7361125369420694,5.1298752543806385,47.5565445022312,40.710530161664906,22.270635027084165
1724.125,水层,12.329052883551926,80.29588971831014,7.3750573981379395,86.2704757988823,13.729524201117693,88.64698199921077,76.86379590448713,2.578141531549999,0.8539522822730014,2.3765062003284534,11.35301800078924,2.1379832624442994,114.45889670425088,3.959180535360106,3.798889222738509,5.211682260205613,60.77935389013271,42.3153945933291,22.126291730343087
1724.25,水层,12.180756355821282,80.33674487698025,7.482498767198466,83.88012126647212,16.11987873352788,86.18851297707462,76.90290478775229,2.5794533095465444,0.8543867796814129,2.3083917106024923,13.811487022925384,2.143547588298242,123.94792959704108,3.957600281787312,3.855060575632022,5.283744892423361,63.30257401971225,42.33799181935656,21.959393196456972
1724.375,水层,12.089112254669553,80.47353058587711,7.437357159453324,85.45380595255962,14.546194047440375,87.78645795533848,77.03384385385124,2.5838452269693004,0.8558415050565815,2.332652002778862,12.21354204466152,2.077529753201728,135.5355160407784,4.037901279474995,3.9606383553378715,5.40810189578065,51.206317637435966,42.63258789438024,21.965320989702246
1724.5,水层,12.382602332334072,80.26171503824673,7.355682629419189,83.27517952743197,16.724820472568027,85.61358201414842,76.83108195558253,2.5770442504524493,0.8535888322117536,2.3384024867164563,14.386417985851574,2.3380940184920638,124.82151129559502,4.0860543429766825,3.993201243640769,5.449017121747622,49.61161961811032,42.37545734408786,22.010920556153728
1724.625,水层,12.367080912890092,80.27425215852453,7.358666928585373,84.19081164437301,15.80918835562699,86.47261823771542,76.84308320069786,2.5774467924827773,0.8537221653438919,2.2818065933424143,13.527381762284573,2.2675152517653765,120.81230430070894,4.069403386404408,3.9875164205740123,5.473223821499482,53.7521915137071,42.6018037261741,21.972509462241906
1724.75,水层,12.594057484140395,80.25103046796119,7.154912047898421,83.89208569884539,16.1079143011546,86.179935581383,76.82085407676288,2.5767011901227534,0.8534752010755493,2.287849882537612,13.820064418616996,2.105472256426507,129.1654651621344,4.064086554281724,3.9676245675693975,5.467905332071478,51.12164976784305,43.43602145425255,21.86554083819464
1724.875,水层,12.431804787948014,80.25122901838644,7.316966193665548,85.69045308607456,14.309546913925441,87.97146961833218,76.82104414053099,2.576707565182539,0.8534773126729188,2.2810165322576124,12.028530381667824,1.9257271401442173,138.1420716189186,4.000067834749579,3.9076321041308892,5.42252772712715,61.040294831093874,42.58790260255361,21.934987127259575
1725.0,水层,12.774432378800672,80.05591316878446,7.169654452414871,85.98402272088708,14.015977279112912,88.20867760923011,76.63407669234172,2.570436361196938,0.8514001152457922,2.2246548883430197,11.7913223907699,2.1158755074552906,123.59102301006538,3.9204502725568053,3.8139963944874613,5.3262209527358175,54.676092232097176,44.02500964033206,22.191720828611814
1725.125,水层,12.77795273641747,79.85708628702771,7.3649609765548245,88.23043912093928,11.769560879060714,90.47755604265022,76.44374828433368,2.5640524249426178,0.8492855777514154,2.2471169217109397,9.522443957349779,2.218174212824492,137.95093272578058,3.7850602340340984,3.693138680341631,5.187211238702615,57.47755352366845,43.66586432452149,21.96208488537654
1725.25,水层,12.782938253432757,79.97439437301963,7.24266737354761,90.36955414392598,9.630445856074022,92.57229170539367,76.5560422611644,2.5678189545812256,0.8505331572740239,2.2027375614676785,7.427708294606338,2.1196972206863207,136.46798539578722,3.717857692019982,3.672804359587543,5.182345454103606,50.93758603305913,42.84545564944062,21.999369887980396
1725.375,水层,12.518418044554725,80.42747521329431,7.054106742150952,87.77534895458284,12.224651045417156,89.96094184324815,76.98975702984409,2.5823664804329174,0.8553517030173159,2.1855928886652993,10.039058156751857,2.1497067101571776,122.58183336910325,3.6880223808391364,3.708521430961784,5.231960752845994,57.53545067204657,42.98254234040408,22.03110763333268
1725.5,水层,12.546747458452307,80.53669525684082,6.916557284706881,85.97871941632415,14.021280583675843,88.20567470677217,77.09430867209237,2.5858733190934364,0.8565132656550105,2.226955290448015,11.794325293227825,1.9857051088919926,130.1961031123963,3.706630744638067,3.818746962330369,5.371369484968218,53.28605071323868,41.877058972625406,22.020228366596214
1725.625,水层,12.329810288819537,80.72106817179312,6.949121539387339,85.26652874757119,14.73347125242882,87.45934024696948,77.27080092038709,2.591793167182785,0.8584740842232402,2.1928114993982937,12.540659753030525,2.078595537038127,130.35244981250887,3.7804183461710865,4.010402557904548,5.601789968828521,56.360497780165254,42.95038963577545,21.989402144435363
1725.75,水层,12.053978255739922,81.20522753534486,6.74079420891521,84.22526263713107,15.77473736286893,86.44511987610896,77.73426582046903,2.6073385626873433,0.8636231521884765,2.2198572389779003,13.554880123891033,2.2265722785137694,125.24238716894534,3.785825823883438,4.111927257830589,5.704208800742191,58.16395801751803,42.319959972786634,21.940091314998327
1725.875,水层,11.783005732123474,81.32742395120653,6.889570316670001,85.85857632977529,14.141423670224707,88.14451643614838,77.8512391848841,2.6112620468886485,0.8649227194337836,2.2859401063730895,11.855483563851621,2.0306495453548163,136.77314390649457,3.775593149943664,4.199268593803188,5.767394036213759,51.126333052782265,41.17987473554376,22.1133963827267
1726.0,水层,11.52694080829934,81.49528028344247,6.977778908258189,85.29898677588045,14.701013224119553,87.58648618731843,78.01192082011501,2.6166515803129538,0.8667078830145086,2.2874994114379734,12.413513812681575,2.228908619278566,114.07848023332582,3.740148437759159,4.22770525123757,5.783674927554519,55.797482435732235,42.60047847816214,22.07535188303232
1726.125,水层,11.836964370961047,81.23978173039494,6.923253898644013,86.00351773391934,13.996482266080667,88.3240706041432,77.76734306272004,2.6084480292573065,0.8639906384175867,2.320552870223872,11.675929395856798,2.271344141990438,126.82026479591426,3.7065487680941507,4.209951702316861,5.745938266024878,73.60548491893226,41.555740979324185,22.14057538328985
1726.25,水层,11.817719957205071,81.33394080038194,6.848339242412985,85.7825478399053,14.217452160094702,88.14600613304466,77.85747748383957,2.6114712899716124,0.8649920265707541,2.363458293139369,11.853993866955337,2.1278000566499475,145.9415109336735,10.236011201867464,3.2901194308280126,4.439526972519461,93.02526181332058,46.54709869785489,21.80816871998058
1726.375,非储层,1.5096452785318981,18.187980754077216,80.30237396739088,90.671339103545,9.328660896455009,90.80676338066438,17.454089039264982,0.7157037340581547,0.01818798075407732,0.13542427711939392,9.193236619335622,2.3972503046913944,168.96919616043846,16.793724775495825,2.3499337101301934,3.123556283244457,151.03080770034074,52.88482799272695,21.952034036170026
1726.5,非储层,1.5162826113800763,17.801050423043563,80.68266696557636,88.36066272843968,11.639337271560324,88.49740158772167,17.082771489440784,0.7004778831797353,0.0178010504230431,0.13673885928199353,11.502598412278331,2.342643416714991,179.78217237643292,23.5585054740405,1.4374844111108165,1.826907265631995,180.5015518240136,59.73878948979121,22.03161664719309
1726.625,非储层,1.5247304257762568,15.653594244488056,82.82167532973568,89.48455660181845,10.515443398181546,89.62028932787386,15.021965957742319,0.6159746925012487,0.01565359424448758,0.13573272605540887,10.37971067212614,2.4211927356782814,205.79863294001876,30.12334281269861,0.5194031592739321,0.51981608827146,242.6525431286831,63.40076588426346,21.964622690101297
1726.75,非储层,1.5053360927395933,17.916035774561944,80.57862813269846,87.67829930650734,12.321700693492666,87.81700908341008,17.193117139722116,0.7050025990652657,0.01791603577456233,0.1387097769027573,12.182990916589908,2.5602837115100208,217.2593849878926,30.09654712209977,0.5232169389237653,0.523625303699621,234.07262200150555,64.47148050022436,21.877199792570472
1726.875,非储层,1.5340371389652938,18.517048880244225,79.94891398079048,88.38487493393227,11.615125066067733,88.52098576311083,17.7698791454765,0.7286526858874804,0.01851704888024431,0.13611082917856004,11.479014236889174,2.5452443770231596,207.19621674108976,30.120402532919208,0.5214783871246894,0.5219163115148135,233.70302745735228,64.54070723295615,22.049182472919192
1727.0,非储层,1.5573904381055617,17.488181046614415,80.95442851528001,89.24722062587819,10.752779374121813,89.3794188440082,16.78252650745566,0.6881663581121386,0.017488181046615165,0.13219821813000887,10.620581155991804,2.3699300095680673,215.1698488189728,29.91861622607035,0.5284752186691428,0.5288841685090455,216.71694565669497,63.5908971955018,22.074215006456207
1727.125,非储层,1.5409357167162079,17.883804225544576,80.57526005773921,87.11727774070457,12.88272225929543,87.25248759090255,17.162186145565634,0.7037342757533973,0.017883804225544454,0.13520985019797843,12.74751240909745,2.4832573925327317,206.15309826012387,30.03233625622284,0.5241508070317772,0.5245917775771254,220.9941603311204,65.06092894946022,22.62961474317222
1727.25,非储层,1.526194096209589,16.630316905673038,81.84348899811738,89.25030873038301,10.74969126961699,89.38688278357985,15.959277500210764,0.6544090885565998,0.01663031690567326,0.13657405319683855,10.613117216420154,2.66467023614582,209.8591797628166,30.042857197734147,0.5256587421949246,0.5260824041089333,232.82516707197433,64.30398765701142,23.63091047325297
1727.375,非储层,1.5033585693277955,18.45525572034301,80.0413857103292,87.2709800334326,12.729019966567401,87.40799278297334,17.710579362311098,0.7262211023115721,0.018455255720342765,0.13701274954074652,12.592007217026657,2.5487038174211296,208.69018013075194,30.01045494824944,0.525623657359586,0.5260174154122723,228.72810066209058,64.51441137532686,23.573725700310266
1727.5,非储层,1.4896690729246256,17.881026520076205,80.62930440699917,89.67725157437063,10.322748425629369,89.81048676043314,17.159520521534834,0.7036249720212949,0.017881026520076906,0.13323518606250692,10.18951323956686,2.5171228814362707,207.59028221400249,30.10114133998438,0.5192726535207095,0.5196791161172558,235.08207632756563,65.48972165672097,23.55936065023506
1727.625,非储层,1.4992140926250146,16.85272868978387,81.64805721759112,90.3638838865376,9.6361161134624,90.49618058129128,16.172714887007096,0.6631610740869878,0.016852728689783786,0.13229669475369024,9.503819418708714,2.565204408414367,214.38128389426967,30.093690698983767,0.5180937635995162,0.5185048883065775,237.8517181211565,65.46911427341425,22.9450805154279
1727.75,非储层,1.5082405000126415,16.701733311695534,81.79002618829183,90.17128178144145,9.828718218558553,90.30143896773146,16.02781222797605,0.6572193504077872,0.016701733311696478,0.1301571862900196,9.698561032268538,2.3903737029185708,213.66982892556,30.116848663604195,0.5149965780499933,0.5154231162286198,228.13125052271138,64.21708238221669,21.84018793791188
1727.875,非储层,1.4951574009831656,18.166286173390212,80.33855642562663,89.05321000433317,10.946789995666839,89.18478625504095,17.43326984289017,0.7148500443266527,0.01816628617338882,0.13157625070778425,10.81521374495905,2.4669385119908425,210.40846717185312,30.1266690869616,0.5158470104392755,0.5162837631864329,243.30458289893855,64.00496326234472,21.9850987084118
1728.0,非储层,1.5230673123331084,17.766488399496115,80.71044428817078,88.96856498837018,11.031435011629831,89.102300163407,17.049604056258897,0.6991178548377233,0.01776648839949685,0.13373517503682564,10.897699836593,2.3594443098914044,211.20791635905942,30.042604779344536,0.5223473881680095,0.5227626810812732,224.37364591129094,64.02147867546222,21.923428886624386
1728.125,非储层,1.5087684779017612,17.840805186219967,80.65042633587828,86.94638975708418,13.053610242915825,87.0789555989927,17.12092213329718,0.7020422477365633,0.017840805186221213,0.132565841908541,12.921044401007286,2.632214365242006,203.12835728052502,29.817730524858934,0.5349637056533768,0.5353219827225245,238.32038265824497,64.45802281050639,21.98713118029542
1728.25,非储层,1.4927918095216808,19.28602309934918,79.22118509112914,84.57521678480836,15.42478321519164,84.7061172686342,18.50782497193381,0.7589121043160213,0.019286023099347998,0.13090048382583241,15.293882731365805,2.5789860541453664,213.58675128977526,29.546254301416297,0.5435173626350002,0.5438339730662923,240.05474635672212,63.17958848383601,21.7662469797481
1728.375,非储层,1.4626433325984234,21.18233599546555,77.35502067193603,86.79934011899569,13.200659881004317,86.92766598000061,20.327620945035545,0.8335327144345402,0.021182335995464756,0.12832586100492727,13.072334019999388,2.4218749610237866,208.6029881560007,29.32746788385246,0.5505305936082024,0.5507883821348188,227.4467435320233,64.51878238710009,22.021323344154396
1728.5,非储层,1.4381196963054395,20.245653441148203,78.31622686254636,87.0173333744525,12.982666625547502,87.14922041657873,19.42873387639181,0.7966739113152453,0.020245653441148398,0.13188704212623245,12.850779583421268,2.2651925742466394,210.07028638195158,29.226618697994233,0.5518891853199301,0.5521016763257259,233.90772160216116,64.07359988217631,22.160971791752228
1728.625,非储层,1.4031944106915164,19.00244528770546,79.59436030160302,87.2744138070109,12.725586192989102,87.40549027446527,18.235689629318614,0.7477532130991416,0.019002445287705835,0.13107646745435902,12.594509725534742,2.1872038906415514,197.84304531570817,29.153203361898935,0.5469257529005765,0.5471169696134923,227.78090395957597,62.6834974469554,22.072374818781913
1728.75,非储层,1.4078145748341233,20.044601407101226,78.54758401806465,88.5957366417388,11.404263358261202,88.72903974318909,19.235794365885972,0.788762439808154,0.02004460140709978,0.13330310145028362,11.270960256810913,2.5327794820874705,221.19308198488176,29.2917681957899,0.5452302417232641,0.5453966653971738,226.1629013840207,64.50986862755028,22.054615921876437
1728.875,非储层,1.3741239035939738,19.764504935701545,78.86137116070448,86.18941545200876,13.810584547991233,86.31935250131396,18.966999890155176,0.7777405406106672,0.01976450493570061,0.12993704930520075,13.680647498686039,2.4631778130197883,217.20982128213237,29.383084297499295,0.5453286557744186,0.5454913370724551,229.97440292006527,63.81601274581551,21.936170250899202
1729.0,非储层,1.4057427091806332,19.310110852568318,79.28414643825104,85.86416823412775,14.135831765872254,85.99262796751938,18.530940775448634,0.7598599662671146,0.019310110852569472,0.128459733391639,14.007372032480614,2.5601414479195994,200.8959563624207,29.19937618322237,0.555409102535043,0.5555344388970237,211.4308904052712,63.28910114757763,22.037407086157884
1729.125,非储层,1.398394657548557,21.085708377342616,77.51589696510884,83.29279313612005,16.707206863879943,83.42422378400359,20.234892286853317,0.8297303821119579,0.021085708377342922,0.13143064788352948,16.575776215996406,2.430498988949567,204.38360603924102,29.122549253221255,0.564760576936622,0.5648569742420847,231.7929261844606,63.83506048444682,21.826918020115425
1729.25,非储层,1.4133756622829239,20.986542343910596,77.60008199380648,83.72967585119875,16.27032414880125,83.8633352211955,20.13972763935361,0.8258281622130766,0.020986542343909634,0.13365936999674874,16.136664778804498,2.3790270851368303,208.00533136965592,28.84005210099727,0.5728492606844406,0.5729145858849591,217.2966394160376,63.31046704860357,22.025861895397597
1729.375,非储层,1.4025070599876788,22.832308423474966,75.76518451653736,84.71127447769244,15.288725522307555,84.84853773857427,21.91101637854747,0.898459736504025,0.022832308423474147,0.13726326088182525,15.15146226142573,2.3650414625439233,200.29499872792192,28.39666694728228,0.5808875119050962,0.5809107342630913,241.33638925499753,63.100245363438496,22.04987339466697
1729.5,非储层,1.4050177158025454,24.091603674930873,74.50337860926658,86.38089269618787,13.619107303812129,86.5168363087348,23.11949860331053,0.9480134679454142,0.024091603674929706,0.13594361254691897,13.48316369126521,2.3782839282302866,206.97597128918724,28.129520722719477,0.5814323126003281,0.5814484277627876,227.41580737782377,62.38003370930962,21.959385123758416
1729.625,非储层,1.3952888348895203,23.907310979809605,74.69740018530088,86.21616530851945,13.783834691480546,86.34935979887334,22.94264218623896,0.940761482590835,0.02390731097980936,0.13319449035388153,13.650640201126663,2.484135006540524,203.1810852170699,27.695019192841446,0.5823170392496255,0.5823178730958528,214.35769423016717,62.115961582590536,22.099400227058396
1729.75,非储层,1.3743798722748843,25.598066199774237,73.02755392795088,88.61407018238364,11.385929817616358,88.74727490293604,24.565174811046656,1.0072933225278078,0.02559806619977529,0.133204720552409,11.252725097063953,2.4711649622781406,186.78535029144217,27.354516471835634,0.5825164941317598,0.5825286842964708,219.77331503326286,62.716148121411074,21.908018936096763
1729.875,非储层,1.4027469070749843,26.413634917960838,72.18361817496418,88.93724253989548,11.062757460104521,89.06838119254877,25.34783503140548,1.039386251637397,0.026413634917960525,0.13113865265329103,10.931618807451226,2.5545238873665683,202.96305085295702,27.30872052559303,0.5810624288054108,0.5810846907030864,221.60705955265803,63.20271297116093,21.936053136162894
1730.0,非储层,1.378429388422811,24.572722006736893,74.0488486048403,87.84044618195544,12.159553818044555,87.96766272315428,23.58120363342402,0.9669456513061321,0.024572722006736998,0.12721654119882256,12.032337276845729,2.3180922257161454,196.80985151876848,27.388163777689208,0.5808043718104349,0.5808355994670292,214.22230342742444,62.87009230580992,22.000370628201146
1730.125,非储层,1.4029345978833638,23.06261528278061,75.53445011933603,85.38110748118696,14.618892518813043,85.51084048282787,22.132030271349887,0.9075223961479386,0.023062615282782098,0.12973300164091908,14.489159517172123,2.579025773200989,201.9781729403362,27.475798834384342,0.5815823486055676,0.5816110645151982,222.51998538250652,62.70000656898856,22.109033210203123
1730.25,非储层,1.3667244831917826,24.693653603474853,73.93962191333337,87.00567542311876,12.994324576881233,87.13708104154672,23.697255595742693,0.9717043541286854,0.0246936536034751,0.1314056184279607,12.862918958453273,2.474515313791292,201.73759470238264,27.530038307711227,0.5817095902068412,0.5817358540896087,231.72904177563882,62.02677262517318,21.935883722903334
1730.375,非储层,1.407509447134392,25.84236761816078,72.75012293470483,88.14088732619207,11.859112673807925,88.2738711117123,24.799618577322445,1.016906673220174,0.025842367618159924,0.1329837855202239,11.7261288882877,2.2744128244981447,200.75823170920498,27.258505228698915,0.5873193448488726,0.5873503317613519,223.06599436163913,61.713440318534595,21.797549279162528
1730.5,非储层,1.4461458861092713,27.451141521951193,71.10271259193954,88.05517383034355,11.944826169656453,88.18465454368301,26.343477862224603,1.0802125182046427,0.027451141521950446,0.12948071333945532,11.815345456316994,2.4113941660099822,196.58273152450383,26.913382573578858,0.5947863570871338,0.5948183207762766,229.48565398327705,61.97035153506939,21.886853920874675
1730.625,非储层,1.4666015824072556,26.745989877848064,71.78740853974467,85.44970981176957,14.550290188230441,85.57929621691758,25.66677934638737,1.0524645415828442,0.02674598987785059,0.12958640514802644,14.420703783082411,2.22783680845659,186.15320183327236,26.604907624747568,0.6044597717842055,0.604511389489256,226.40261465005383,62.02921352104771,22.075261390271972
1730.75,非储层,1.5054217986674474,27.963487328460847,70.5310908728717,85.46636962037924,14.533630379620766,85.5980784422306,26.835150326948803,1.100373514183583,0.027963487328458957,0.13170882185137506,14.401921557769393,2.271367754570055,195.33393661963217,26.273648398454043,0.6149664729662059,0.6150434074822103,216.55175826475704,61.48827100938179,22.292804142650457
1730.875,非储层,1.5341800687196312,29.368265277591554,69.09755465368882,86.51474574737074,13.485254252629264,86.64278376578716,28.183244969012183,1.1556520433017767,0.02936826527759409,0.12803801841641801,13.357216234212842,2.4638351074983382,187.070515429017,25.954259760359676,0.6216771558593366,0.6217915026448281,217.60902806851232,60.429442222552005,21.928985602782124
1731.0,非储层,1.5719110227610682,30.793251897264017,67.63483707997491,88.59323495419979,11.406765045800215,88.71875250887169,29.550732854326167,1.2117257910405888,0.030793251897262043,0.12551755467190678,11.28124749112831,2.2904858895792066,179.35081798095248,25.731372567426284,0.6198956365303051,0.6200557598121949,227.36188116379262,60.521156039666195,22.06974427143504
1731.125,非储层,1.5471940517448541,28.992858172294156,69.459947775961,89.45756343472513,10.54243656527487,89.58134516444717,27.82298567852637,1.1408796355954909,0.0289928581722965,0.12378172972204186,10.418654835552832,2.3987478683966885,194.46401291484443,25.57222314083721,0.6199204122276771,0.6200990372373187,222.05065903143804,62.01294532048236,21.98639188742495
1731.25,非储层,1.5127625743535222,29.62475839508192,68.86247903056456,87.58988019251615,12.410119807483856,87.71447207413262,28.42938849484761,1.1657451418392228,0.02962475839508264,0.12459188161647729,12.28552792586738,2.378832997016982,192.93506678463763,25.514390563125318,0.6171116656377802,0.617314412942387,220.7708601706618,60.19402812955658,22.104947102110792
1731.375,非储层,1.5478784200659976,29.921502908569973,68.53061867136402,88.88810793916925,11.111892060830753,89.01019126386599,28.714159258043676,1.1774221476177265,0.029921502908572713,0.12208332469674252,10.98980873613401,2.3827808365767154,207.67841301463255,25.75908712641607,0.6120724725164259,0.6122752837667529,221.06284503410973,60.435258203732474,22.122677720480063
1731.5,非储层,1.5288684924287446,28.19450070454046,70.2766308030308,88.08637420626447,11.913625793735527,88.20772812988677,27.05684222831344,1.109463975522481,0.02819450070454029,0.12135392362230299,11.792271870113225,2.178220738561182,200.78694851000202,25.727872473892898,0.6112244557059634,0.6114211237778027,226.22657571601823,61.373512927903604,22.063131800065012
1731.625,非储层,1.5053346074506884,29.33954962105567,69.15511577149364,90.40140343823852,9.598596561761486,90.52204723124771,28.15568799978206,1.154522071652557,0.02933954962105606,0.1206437930091842,9.477952768752296,2.2420616847112256,181.19688069358057,25.713463337220908,0.602890307863139,0.6031219585563354,203.843705084825,60.81110270178346,21.914552436631805
1731.75,非储层,1.5439813552695063,29.622748707427437,68.83326993730306,92.73022657717954,7.2697734228204585,92.85364612995586,28.427459898829362,1.1656660598906519,0.02962274870742538,0.1234195527763133,7.146353870044142,2.3078897284186835,185.85323706834149,25.5973783915444,0.6029412704195074,0.6031872538987212,209.3303393154621,61.58313557470831,21.90861558259932
1731.875,非储层,1.5696412680855125,31.11651487170388,67.31384386021061,90.50955728714281,9.490442712857195,90.62933959255564,29.86095204881845,1.2244463080137273,0.031116514871703735,0.11978230541282704,9.370660407444365,2.410888328209844,181.2420163105444,25.411438016111518,0.6071048995487137,0.6073490655345742,217.40672953528227,60.20442775949298,21.843724114146422
1732.0,非储层,1.5362349173186252,30.194478765557285,68.26928631712408,88.26270329579985,11.737296704200151,88.38249095256828,28.97612043877333,1.1881638480184016,0.030194478765556594,0.11978765676843846,11.617509047431717,2.2183708159242794,180.4674318846549,25.213540255751276,0.6199020844652454,0.6201328015992563,216.40867317519508,60.87378730539279,21.94640059199088
1732.125,非储层,1.5332700433262543,31.570572754905278,66.89615720176847,85.99183381422868,14.00816618577132,86.10948168224012,30.296688529384102,1.242313652766274,0.031570572754902916,0.11764786801144163,13.89051831775988,2.3297434274633844,185.09942076430337,25.205963044220834,0.6284916803242808,0.6286888030091126,211.28857816778543,61.18322898738853,21.911698984591098
1732.25,非储层,1.4900803439861432,29.875804531138396,68.63411512487546,87.74947947604676,12.250520523953234,87.86881885205034,28.670304826953963,1.1756238996532926,0.029875804531139145,0.11933937600358271,12.131181147949654,2.1322782886067766,202.33367662863353,25.24284926917735,0.6367973909415549,0.6369351513168309,219.8448697093776,59.40563342699589,21.98348099444517
1732.375,非储层,1.459441901611389,30.932818611353884,67.60773948703472,85.39459236251665,14.605407637483347,85.51416135249164,29.684668000155707,1.217217792586827,0.030932818611351803,0.11956898997498272,14.485838647508364,2.213235215196102,173.50509371180402,25.08673913619079,0.6418031664446635,0.6419079254536029,218.0725693437867,61.750058718400616,22.11294978195602
1732.5,非储层,1.475765925201689,31.943012558679975,66.58122151611833,87.6885105015176,12.311489498482398,87.81087231493882,30.65410025005533,1.2569692960659666,0.031943012558679,0.12236181342121664,12.189127685061186,2.1448754988092964,179.0896101053729,25.05923559252743,0.6435322776356487,0.6435882479064645,223.5811902518712,60.29267930416865,21.847445647383843
1732.625,非储层,1.4317802285673389,31.954798054555145,66.61342171687753,85.463530828629,14.536469171371003,85.5876221075523,30.665410196836035,1.2574330596645562,0.03195479805455353,0.12409127892331559,14.412377892447692,2.2406737557641385,180.39732377935056,24.84164852576773,0.6556089009794922,0.6555948199234072,228.3109250117063,61.40893582969978,22.886914593423388
1732.75,非储层,1.399598449718133,32.37731704140909,66.22308450887277,84.3345498159518,15.665450184048202,84.46213821938255,31.07088038712506,1.2740593372426239,0.03237731704140833,0.12758840343075106,15.537861780617446,2.2722242653704705,185.0829113382065,24.81517806860249,0.6622706454407489,0.6621924651638746,223.6646622688959,59.95323794112859,22.932660117436843
1732.875,非储层,1.3851401084340216,31.34273573669467,67.2721241548713,82.371425892076,17.628574107924,82.50275782699626,30.078044818679867,1.233348182278108,0.03134273573669674,0.1313319349202607,17.497242173003734,2.275539756635964,177.60021185295153,24.9880894732392,0.6705758888611855,0.6704313327229945,219.30965485227924,61.65864676808763,22.74520269320864
1733.0,非储层,1.3975102755972115,30.28805555515718,68.3144341692456,81.09365480181626,18.90634519818375,81.2221119286847,29.065921370485825,1.1918461291161977,0.030288055555155284,0.12845712686845,18.777888071315296,2.493222275443478,167.48752355807468,25.09146890583063,0.6786016022100976,0.6784071472421423,202.19675493217613,60.52066114249692,22.928461882820777
1733.125,非储层,1.3705311838422445,31.004087205100806,67.62538161105695,80.1336324796133,19.866367520386696,80.25953149882253,29.753060879925116,1.22002223797059,0.0310040872051014,0.1258990192092144,19.740468501177478,2.2612129195989334,177.3462735305213,25.181111611503688,0.6827868510855662,0.6825725508877619,236.19862980229095,61.59948112775851,22.166451214766944
1733.25,非储层,1.353409180748628,31.51470283248986,67.13188798676151,81.08379688760094,18.916203112399053,81.206352720787,30.24307297889277,1.2401151507645993,0.03151470283248997,0.12255583318605155,18.793647279212998,2.4097132515141295,168.75521594069772,25.20027677456594,0.6814477587469279,0.6812532443341353,213.13375611014933,61.237291194000505,22.221414358532755
1733.375,非储层,1.3935684686040177,31.120599380804492,67.48583215059149,82.77549833266036,17.22450166733963,82.8997692615874,29.864871746474154,1.224607034949533,0.03112059938080603,0.12427092892702382,17.100230738412602,2.083065891781244,184.23713986444696,25.22366718881299,0.6746514733885384,0.6744960201723342,215.57276769086647,59.918379102628364,22.06933318897351
1733.5,非储层,1.41519655889037,29.950436835002105,68.63436660610752,84.18415100097415,15.81584899902585,84.30515993148,28.741925689899432,1.1785607082676652,0.02995043683500457,0.1210089305058548,15.69484006852,2.324625706091149,191.6440470271522,25.359599238778205,0.6663270030544737,0.6662327468838849,221.3461844275956,60.76032483901537,21.923176213210194
1733.625,非储层,1.450598296868658,29.428570971325364,69.12083073180598,82.41351300770995,17.58648699229005,82.53112289973542,28.24111730581728,1.1580250945367567,0.029428570971324654,0.11760989202547674,17.468877100264578,2.4617326136152666,177.45965147289675,25.42520479739788,0.6614529870339124,0.6613996787770745,201.76005611063073,61.099274959465085,22.004597680659625
1733.75,非储层,1.4163345797641735,30.728991178949506,67.85467424128632,82.58690765135111,17.413092348648885,82.70433046269385,29.489065079637257,1.2091971081332986,0.030728991178951073,0.11742281134272615,17.295669537306157,2.2775521521553856,178.5579215854186,25.545337158842226,0.6544720705707694,0.6544572018711321,211.70010838346585,60.888211095268154,21.971283883049853
1733.875,非储层,1.417293066841531,29.759196752073215,68.82351018108525,84.74004182041035,15.259958179589638,84.85615423904252,28.55840221467424,1.171035340646902,0.02975919675207283,0.11611241863216427,15.143845760957475,2.0943957055966123,190.29757416053127,25.744929570127127,0.6474015888333653,0.6474066656572401,211.21205809089457,61.64683748863867,22.068132651215617
1734.0,非储层,1.3949990799019112,27.780142678110142,70.82485824198794,85.33013849822963,14.669861501770365,85.44462761846845,26.65920370069252,1.093158834739513,0.02778014267811081,0.11448912023880702,14.555372381531562,2.4352759229555905,177.89963161536937,26.00294053948595,0.638297582725419,0.6383033171548685,223.3088105622853,61.521350374500265,22.102383691904098
1734.125,非储层,1.3713351403228677,26.659617822675617,71.96904703700152,83.84484937997662,16.155150620023385,83.9591865387768,25.583892435417543,1.0490657694354006,0.0266596178226745,0.11433715880019325,16.04081346122319,2.489778177017609,190.33121267432898,26.483225687822713,0.6264619169880068,0.6264873425131523,216.7195525195928,61.58075056989486,22.116693484668108
1734.25,非储层,1.373786473514381,25.566642524516524,73.05957100196909,82.53997281125103,17.460027188748974,82.65152964270442,24.535019092646408,1.0060567893455998,0.02556664252451584,0.11155683145339414,17.348470357295575,2.264936493632483,200.2033869653498,26.912554991627054,0.6175520848030496,0.6175876384723491,222.5364156672591,61.38531342893323,22.095090993057955
1734.375,非储层,1.3876967253077264,25.15558101685751,73.45672225783476,84.02423645821258,15.975763541787414,84.13877101723502,24.140544068051575,0.9898813677890765,0.02515558101685699,0.11453455902242639,15.861228982764985,2.4465711068795244,198.88730158754322,27.23137809383372,0.6096804266782957,0.6097212662046395,215.81664418407547,60.78458970228015,22.03630614680451
1734.5,非储层,1.3565367642663126,24.35263072235334,74.29083251338035,85.70436520327426,14.295634796725743,85.81901303620715,23.36999311333726,0.9582849782937278,0.02435263072235426,0.1146478329329063,14.18098696379284,2.3112376926680405,208.7827368429677,27.527063592989908,0.6016460763143603,0.6017038848262294,219.3917049950636,61.21523109995418,21.87624426753713
1734.625,非储层,1.3557820500403293,23.455628246455372,75.18858970350429,84.64643739344143,15.353562606558569,84.75944946104651,22.509185017350323,0.9229876008585957,0.023455628246455557,0.11301206760508245,15.24055053895349,2.4243273326540007,168.59576466479774,27.62781430159782,0.5960220120551872,0.5960931209471346,245.45518607160517,61.38977167807598,21.835595247119567
1734.75,非储层,1.363991560104262,24.44186613600846,74.19414230388728,84.38328550161383,15.616714498386175,84.49356781579014,23.455627845221557,0.9617964246508984,0.02444186613600758,0.11028231417631217,15.506432184209862,2.2743238108333514,210.15097750461908,27.56235437807221,0.5948028888900759,0.5948850999533124,231.5989665007814,62.01132088985245,21.96095235462704
1734.875,非储层,1.3769862531375,25.835957441453782,72.78705630540871,85.53405812333006,14.465941876669941,85.64229237401057,24.79346705360389,1.0166544304084402,0.02583595744145243,0.1082342506805005,14.357707625989436,2.272700256442276,191.77871182392656,27.251067275357034,0.6044144587507602,0.6045003007036562,202.56669481909015,61.30991678663937,21.916519717347974
1735.0,非储层,1.3895373619834006,27.727214221441255,70.88324841657536,84.28521485946958,15.714785140530418,84.39120857246746,26.60841092672268,1.0910760804971342,0.02772721422143916,0.1059937129978779,15.608791427532543,2.4354723825148215,186.9922386975196,26.687951106939654,0.6139609777208106,0.614045922999433,229.35536982988927,62.223390340728095,22.078157745663933
1735.125,非储层,1.366064392819101,29.493145404034138,69.14079020314676,86.5239415108219,13.4760584891781,86.62887106129334,28.303086136409227,1.160566122220877,0.029493145404032965,0.1049295504714443,13.371128938706656,2.178663832692506,202.08345261022131,26.354007955937373,0.6188175282292477,0.6188878150180738,227.21317513751055,61.981748723807186,22.083651460856622
1735.25,非储层,1.327479515816476,28.043475565439802,70.62904491874372,85.92711273236593,14.072887267634071,86.03440137372817,26.911911009137867,1.1035210807364966,0.02804347556543737,0.10728864136224817,13.965598626271824,2.361616415253198,187.22547032907468,25.97405942132304,0.6263654081712203,0.6264068272008965,216.54159685373313,61.284069250511855,22.18525699842513
1735.375,非储层,1.3045266058366862,29.978614740677067,68.71685865348624,86.33352881608253,13.666471183917473,86.43895652961501,28.768966606713718,1.1796695192226685,0.02997861474067949,0.10542771353249619,13.56104347038498,2.397623531654298,183.83913591035062,25.665447973209776,0.6271452050735105,0.627161717584721,227.87760407132689,60.19425241711741,21.970745473433034
1735.5,非储层,1.271646153436026,31.066986969896437,67.66136687666754,88.0147674999233,11.985232500076703,88.11796129233701,29.813422616070323,1.2224973668562154,0.031066986969898944,0.1031937924137266,11.882038707662979,2.4261016781170435,191.17612405695834,25.673572497355977,0.6249211645904399,0.6249139330700593,219.48773698891011,60.92059534989009,22.111521608632817
1735.625,非储层,1.2468878534202437,29.47024012010472,69.28287202647503,87.65274496769455,12.347255032305448,87.75443360640114,28.281105089113247,1.1596647908713664,0.029470240120106454,0.10168863870658876,12.24556639359886,2.30110750571188,194.4226660907112,25.704192690288686,0.6240246900147195,0.6239958464647519,218.55042078293638,61.15107832717774,21.95845011744284
1735.75,非储层,1.2262569867277913,27.784808012573958,70.98893500069825,86.01749677582698,13.982503224173016,86.12165912622922,26.663680787194338,1.0933424173670476,0.027784808012572444,0.10416235040223631,13.878340873770778,2.132595224439059,200.23727532944983,25.72212465441326,0.6266576876263648,0.6265994166484642,203.91747612240545,60.6801789478661,21.894297320985512
1735.875,非储层,1.2330640585080381,29.87203042362684,68.89490551786513,84.66802328599069,15.33197671400931,84.77494024816407,28.666683006069,1.175475387134213,0.02987203042362635,0.10691696217337576,15.225059751835934,2.3469119006560675,192.16199788654808,25.96891581461481,0.6266738909205768,0.6265801613195844,207.35903341230852,61.33623502679413,22.027028542334282
1736.0,非储层,1.2079841573051606,28.51611347866304,70.2759023640318,84.64201579256002,15.357984207439978,84.75205398366535,27.365477808678357,1.1221195565060234,0.0285161134786608,0.11003819110533193,15.247946016334646,2.127151617218331,193.68444386002227,25.955093896983538,0.6318545905972557,0.631734115209191,220.76312517086936,61.05853796740881,21.83218928485202
1736.125,非储层,1.2305185365483386,29.68715112240794,69.08233034104371,84.98318244520242,15.01681755479758,85.09076560945937,28.489263652671653,1.168200318613879,0.02968715112240724,0.1075831642569568,14.909234390540627,2.2524967819812,183.40927994967802,25.74128098608991,0.6385386925115074,0.6383928670658647,217.82175933184158,60.2812928900426,22.05753036457258
1736.25,非储层,1.2037982610433444,30.129086517192093,68.66711522176456,85.20617275527547,14.793827244724522,85.31475373286473,28.91336679168758,1.1855906389873256,0.03012908651719038,0.1085809775892564,14.685246267135266,2.3409795420593715,189.26865659582074,25.60997819847238,0.6435522337673292,0.6433930036895498,225.88511396643344,60.84125010894562,22.022835319583304
1736.375,非储层,1.2189851951743311,31.3185948361981,67.46241996862757,83.83272923323278,16.167270766767217,83.94016771673691,30.054878012399804,1.2323982289620945,0.03131859483619971,0.1074384835041167,16.0598322832631,2.131727122166678,173.6389161451206,25.417130087011074,0.6537048323688303,0.6535429747854785,218.31035829176625,61.016419786259476,22.02569874650012
1736.5,非储层,1.2376813810544753,30.63578009712582,68.1265385218197,81.9502418068741,18.049758193125896,82.05508116827819,29.39961509925765,1.2055292177710408,0.030635780097125823,0.10483936140408429,17.94491883172181,2.3803846925924668,192.7059036736923,25.498157725888422,0.6532896343497666,0.6531218190654723,213.86546526324156,60.69419629071169,22.010979144637123
1736.625,非储层,1.2116295616173158,28.84206690082296,69.94630353755973,84.1291030250554,15.870896974944603,84.23666702385218,27.678278890335374,1.134945943586766,0.028842066900821618,0.10756399879677517,15.763332976147826,2.3609142661762945,178.477132099678,25.78740890899791,0.6520259160480483,0.6518509715086018,213.39890643372263,58.19509992536372,22.134154446753666
1736.75,非储层,1.187694777245449,27.07519417942703,71.73711104332752,82.11337218740846,17.886627812591538,82.22166627573982,25.982700133282876,1.0654188519647296,0.027075194179424986,0.10829408833135837,17.778333724260175,2.1629197104046676,191.45188902505998,26.09972274530658,0.6500926327967388,0.6499009443790976,221.68774429689827,60.3489197797358,22.053344580438985
1736.875,非储层,1.1710853381401443,28.03617794300106,70.79273671885879,80.74394221308923,19.256057786910773,80.85166046859213,26.904907848449334,1.1032339166087262,0.02803617794300238,0.10771825550290304,19.148339531407878,2.2937285046748643,185.79803839176586,26.464774982803682,0.6471518654429118,0.6469387065281286,222.22253551930697,60.66587703535091,22.000391789865027
1737.0,非储层,1.184506397561202,26.786938350111345,72.02855525232745,78.80318176034066,21.196818239659333,78.910863160927,25.706075532729827,1.0540758790314082,0.026786938350108896,0.10768140058632653,21.089136839073007,2.4168079657770307,188.55891614005216,26.73876504272696,0.6507925745626151,0.6505570747367514,237.71612176700953,61.026108282943575,21.9676259125593
1737.125,非储层,1.2017403613744897,25.992830521057876,72.80542911756763,78.86298423374386,21.13701576625614,78.9729856511889,24.944010246732116,1.0228274438047007,0.0259928305210589,0.11000141744504847,21.02701434881109,2.1366314197902683,180.81948440888567,26.824624751172916,0.6601126490416174,0.6598466754046092,208.37523595081063,61.28985126569626,22.02455804128459
1737.25,非储层,1.1723812118833883,26.266662652951965,72.56095613516464,76.52814419593362,23.471855804066376,76.63639463315683,25.206793151361033,1.0336028389379825,0.02626666265294949,0.10825043722319913,23.363605366843178,2.0412036399024855,177.91342294811784,27.076976565385415,0.6580829663257869,0.6578083689694335,232.66861543255396,61.81936018780199,22.05886763550149
1737.375,非储层,1.1398556829966842,25.367284461833528,73.49285985516978,78.69198966759095,21.308010332409054,78.8001920733861,24.343705201136796,0.9982119762348955,0.02536728446183474,0.10820240579515442,21.1998079266139,2.462056840713022,184.06041335917078,27.25334142176569,0.6507718431611498,0.6505073212070044,236.9122301887622,60.797897135199946,22.116642132764643
1737.5,非储层,1.1672937604361338,24.860875245034297,73.97183099452957,80.33755804003742,19.662441959962585,80.44621937328787,23.857729782544123,0.9782845872451407,0.024860875245033033,0.10866133325046225,19.553780626712125,2.500257023573824,191.6466145942726,27.528828464044793,0.6402904890818782,0.6400467289230783,223.54366621933937,61.87204674127163,22.074363148796486
1737.625,非储层,1.1744389729166222,22.989902653172688,75.83565837391069,80.97471019651032,19.025289803489688,81.08311910032559,22.062251623097733,0.9046611274217823,0.022989902653172863,0.10840890381527053,18.916880899674414,2.477119835871378,206.24023688315123,27.817482078799067,0.6235299435518602,0.6233405662660293,229.40029568258205,61.232949862621666,21.87586838830127
1737.75,非储层,1.206512324677988,23.025747806759146,75.76773986856287,81.52505406133167,18.47494593866833,81.63136632923691,22.09665041154949,0.9060716474028948,0.023025747806760047,0.1063122679052373,18.36863367076309,2.3706129080031575,199.94033605393085,28.211651748010723,0.6083868120228164,0.6082509883911305,225.2166890951435,62.69266139203722,22.08598708853711
1737.875,非储层,1.1906967462455607,21.00744283157343,77.80186042218101,82.08243298328853,17.917567016711477,82.18966288403679,20.15978478464993,0.8266506040919296,0.02100744283157277,0.1072299007482764,17.810337115963204,2.571857328697344,199.56336953173584,28.368288093830515,0.600831476470676,0.6007294018106787,230.41870447712358,63.91654276991587,21.915102938241176
1738.0,非储层,1.1951610567874504,23.10632567182107,75.69851327139148,82.5114974596015,17.4885025403985,82.61584270767014,22.173976930111454,0.9092424160377982,0.023106325671820062,0.10434524806864334,17.38415729232986,2.2691335752914576,201.30558949168062,28.498034130570502,0.5997269090741305,0.5996335587838509,231.73098342401443,62.524055659837764,22.009383408805025
1738.125,非储层,1.1730798957204824,21.605933056411743,77.22098704786777,80.0703907530806,19.929609246919398,80.1753824028274,20.734125708730566,0.8502014146247625,0.021605933056412403,0.10499164974679243,19.82461759717261,2.608205273873518,205.96550753790834,28.477834078484385,0.6038889212253864,0.6037762029639242,229.51557740883212,63.42176275669248,22.06334105613644
1738.25,非储层,1.148433101948067,23.32033003793016,75.53123686012178,79.55186354641035,20.448136453589647,79.65438237320606,22.379346141315512,0.9176635665767159,0.023320330037931297,0.10251882679570212,20.345617626793945,2.4008456552925383,202.61842201301042,28.37770910253371,0.6088842906438394,0.6087433390283844,226.80805179445966,63.764051501237226,22.10222689137623
1738.375,非储层,1.1213062891516359,22.166309843276544,76.71238386757182,80.48069801522472,19.519301984775282,80.58568285336378,21.271891086081922,0.8722524473513472,0.022166309843276062,0.10498483813906091,19.41431714663622,2.3504785932374355,207.03199484434123,28.661155901987673,0.6037277965106214,0.6035727566312293,230.57526029649742,63.36942566432923,22.050441889319078
1738.5,非储层,1.1143777519264693,20.104217463597752,78.78140478447578,82.0992899907264,17.900710009273602,82.20710635282738,19.293004892570025,0.7911083535641281,0.020104217463597085,0.10781636210097283,17.792893647172626,2.3448119978997086,191.16317931735097,28.989297831549365,0.5959768296427262,0.5958347006677789,231.17186876361765,63.94924022806694,21.88443757069267
1738.625,非储层,1.1324682250354072,18.07289264116232,80.79463913380226,80.66814910963257,19.33185089036744,80.77290441981982,17.34364477404729,0.7111749744738655,0.018072892641161128,0.10475531018726951,19.227095580180176,2.379153906819587,220.43471644307562,29.504447426825983,0.580896221205054,0.5807953253366969,248.1788583241014,63.29889192180918,22.159115606423732
1738.75,非储层,1.1389975161654515,17.70990190652576,81.15110057730878,82.02837731068615,17.971622689313847,82.13010493082074,16.99530084909815,0.6968911555210847,0.01770990190652598,0.10172762013458858,17.869895069179265,2.487056600160244,219.21529560144947,30.071433774019198,0.5673434923409323,0.5673049384016137,242.11441799423832,63.8914729740125,22.143778213004968
1738.875,非储层,1.1502289386996132,15.992498428923273,82.8572726323771,81.82175225811163,18.178247741888377,81.92092641667328,15.347195233652222,0.6293106968421288,0.015992498428923137,0.09917415856165712,18.07907358332672,2.5218604987808217,211.75125058907804,30.597516833677957,0.5570509832143796,0.5570760907618727,224.77717936661244,65.34370260124135,21.77112034355885
1739.0,非储层,1.1303089429071735,14.400800393573821,84.468890663519,82.39425655403166,17.605743445968347,82.49153437642195,13.819722799617198,0.5666767935630492,0.014400800393572777,0.0972778223903076,17.50846562357804,2.4393975412014526,225.48352456162692,30.720312166430414,0.5531992660252679,0.5532515573997299,239.0059546677408,64.52419103657124,22.030183391425417
1739.125,非储层,1.1301864135395876,16.730315976825683,82.13949760963473,81.55174502195271,18.448254978047284,81.64770400228404,16.05524157205259,0.6583440887962637,0.016730315976826865,0.09595898033131778,18.352295997715963,2.4212925239823715,206.4541560114234,30.64414788061951,0.5583792530591964,0.5584309394985572,237.29060787689218,64.54027129669153,22.21200809996538
1739.25,非储层,1.1511611517085427,18.566039387190038,80.28279946110142,79.91194684208334,20.08805315791666,80.00771076037209,17.816892867443368,0.7305804803594786,0.018566039387189846,0.09576391828874785,19.992289239627915,2.3106718046328014,218.7266158009077,30.38692443001476,0.5634765015695843,0.5635142803382938,232.71023824882008,65.79545511627454,21.941467211982683
1739.375,非储层,1.1368462574220235,18.785250296872835,80.07790344570515,81.66607416581678,18.33392583418322,81.7591960343407,18.027258536272445,0.739206510303517,0.018785250296873487,0.09312186852390994,18.240803965659303,2.5359169705622118,205.56341200032261,29.95822164534587,0.5738038345672498,0.5738097746704838,235.71541912460683,64.79753559782343,21.96398840633099
1739.5,非储层,1.1498670803988795,19.04940011225291,79.80073280734821,80.9843401044693,19.0156598955307,81.0801757973476,18.280749809420826,0.7496009027198336,0.019049400112252073,0.09583569287830218,18.919824202652403,2.4888963837863574,205.39217954374934,29.6691379578076,0.5814688056232694,0.581452948138627,225.39894201092935,64.38813627784262,21.97147794986765
1739.625,非储层,1.1499536942977435,19.865034521896654,78.9850117838056,80.37921325934782,19.620786740652186,80.4766463198523,19.063473070562324,0.7816964168124293,0.019865034521896786,0.09743306050449131,19.523353680147693,2.323220691050436,215.27487746444186,29.435548276447093,0.5846518053231224,0.5846290392957434,234.1306538632326,64.5124595487058,22.072528734352613
1739.75,非储层,1.1700844464620508,21.062614348422727,77.76730120511523,80.76865813327228,19.231341866727725,80.86513717464423,20.212730110496672,0.8288216235776327,0.02106261434842195,0.09647904137195089,19.134862825355768,2.6486914263358523,194.74646696398446,29.33283430639706,0.5870181809885613,0.5869979653742602,233.116981118622,63.42214806662721,22.11634236214984
1739.875,非储层,1.1968113812469179,19.859728378423537,78.94346024032954,81.47802962990063,18.52197037009936,81.57547601583082,19.058381031930487,0.7814876181146241,0.01985972837842357,0.09744638593017915,18.424523984169184,2.5324424361081546,210.22539100661047,29.17850924252544,0.5903011122733868,0.5902744876193372,237.42989302203483,62.72774196977268,22.072347278487506
1740.0,非储层,1.1653698636159022,20.70953733458982,78.12509280179427,80.89023990396262,19.109760096037377,80.98655502710348,19.873899884069484,0.8149279131857485,0.02070953733458933,0.09631512314085139,19.013444972896522,2.3525556705388784,194.78063771479725,28.953532550299272,0.5986363809270498,0.5985931356439037,229.46957968151963,63.3698605557137,21.93465592329557
1740.125,非储层,1.1451460869096093,22.3365491544818,76.5183047586086,78.48744107896552,21.512558921034486,78.58161221377458,21.435261178448748,0.8789514268785702,0.022336549154482015,0.09417113480906551,21.418387786225423,2.460350806530457,207.27859633046694,28.825799516516984,0.6075340033908146,0.607460485404118,239.1074223832239,62.82562908439766,22.183765057515366
1740.25,非储层,1.1154337778306234,22.538595231513458,76.34597099065591,77.56254986406856,22.437450135931435,77.65588281267843,21.629154621939126,0.8869020143428188,0.02253859523151415,0.0933329486098611,22.344117187321576,2.536373679123135,199.81259392435936,28.430296865243676,0.6266321912891295,0.626489831344282,235.60351193043584,62.29059478121637,22.082808548417574
1740.375,非储层,1.1053511498162079,24.29479028371584,74.59985856646796,76.10495954602862,23.895040453971372,76.20087458126386,23.314486557678364,0.9560089357537586,0.024294790283715083,0.09591503523523795,23.799125418736132,2.412279370988059,197.29717043504337,28.02951255314914,0.6416078527723855,0.6414247843589048,216.86439912415963,61.821348286358095,21.944778345395623
1740.5,非储层,1.1187591481502233,25.131151137011788,73.75008971483798,77.75709272798848,22.242907272011525,77.85014291427848,24.117099942845417,0.9889200430293581,0.025131151137012912,0.09305018628999512,22.149857085721525,2.4879148234624364,202.47269797933026,27.87086021975958,0.6488321013948267,0.6486381919650188,231.0565823738007,61.92934667299009,21.995135379171213
1740.625,非储层,1.1517786291082388,24.08172697646024,74.76649439443153,76.71910750763585,23.280892492364146,76.81134481933462,23.110020433256835,0.9476248162269425,0.024081726976459168,0.09223731169877054,23.188655180665375,2.3172968414438455,198.30992205055765,27.913727452010725,0.652508338283064,0.6523205562893369,222.80135426025456,63.44676750020175,23.038459590821063
1740.75,非储层,1.1834758919657085,22.07897544119346,76.73754866684082,75.33110831582498,24.66889168417502,75.42609257112093,21.188080659253345,0.8688158064989213,0.022078975441194512,0.09498425529594634,24.57390742887907,2.379288821270654,184.38739756420395,28.32178550331159,0.6471977752485297,0.6470500754577371,241.16050536458133,64.12777430057871,23.023233380876693
1740.875,非储层,1.2160952762401402,19.858436615645193,78.92546810811467,74.23841268369019,25.761587316309807,74.33611017351939,19.05714139225549,0.7814367867740547,0.019858436615645576,0.09769748982919609,25.663889826480613,2.549101243963531,215.99898134960077,28.769288245420377,0.6439354328901921,0.6438178363243418,219.87408787470036,62.89221263433357,22.9896026036594
1741.0,非储层,1.2255303005542528,20.297825938952897,78.47664376049285,74.4302699079957,25.569730092004306,74.52653314389921,19.478801194715743,0.7987269182981995,0.02029782593895163,0.09626323590352896,25.473466856100778,2.449016252830128,195.2587494841166,29.108885051662774,0.6458880998696335,0.6457883687277056,228.59359771915086,64.7098729432711,23.198995593798713
1741.125,非储层,1.2456622827104815,20.4496609409788,78.30467677631073,72.22495247423967,27.775047525760332,72.31915454682071,19.62450959854958,0.8047016814882423,0.020449660940977804,0.09420207258104003,27.68084545317929,2.635499064329871,197.32409033407657,29.444627607809373,0.6427747837936939,0.6427217328296829,240.19306040854877,63.62764027236106,22.12243142785818
1741.25,非储层,1.2808286058473632,18.438470714796907,80.28070067935573,73.3242341934492,26.6757658065508,73.41685450130547,17.694471637914006,0.7255606061681044,0.018438470714796443,0.0926203078562654,26.583145498694538,2.6182322581387862,218.10359622563195,29.781269676574695,0.6349539077526628,0.6349601776857844,238.41582785348857,63.79580119578744,22.05614522898104
1741.375,非储层,1.2649321461169896,16.185080956275087,82.54998689760792,74.61889045747544,25.38110954252455,74.7098322903309,15.532006985173993,0.6368888901448215,0.0161850809562737,0.09094183285543685,25.29016770966911,2.5469885300584023,219.7550366042608,30.230041172710145,0.6274680925714835,0.6275267681618277,223.49022091797875,64.95487368592298,21.9930501721235
1741.5,非储层,1.2662484038222297,15.443912885951526,83.28983871022623,73.50764294510465,26.492357054895354,73.60119060049747,14.820745319164825,0.6077236539007521,0.015443912885951087,0.09354765539283168,26.39880939950252,2.3372606538455183,209.96506929265988,30.509284472975498,0.6204327873555805,0.6205165428542518,245.00136978160555,64.50070261170147,22.10228798102454
1741.625,非储层,1.239490668501296,17.425576747099104,81.3349325843996,72.62915808680057,27.370841913199428,72.7220388204752,16.722448314458006,0.6857028558939959,0.01742557674709929,0.09288073367464095,27.27796117952479,2.6674314813888147,213.17113964602106,30.82880205340692,0.6129995359876994,0.6131023532796482,233.61490072620484,65.46031492478542,22.044066570359266
1741.75,非储层,1.2518675420933176,14.990662794186072,83.75746966372061,73.73283058180746,26.267169418192537,73.82759805101374,14.385784035353488,0.5898880960383973,0.01499066279418591,0.09476746920627463,26.17240194898627,2.604851953141179,205.41734012993174,31.00337942088581,0.6104569961950558,0.610562463722973,240.70124995232555,65.07634612037634,21.904364255412027
1741.875,非储层,1.2399397512424053,14.32045242975809,84.4396078189995,74.17200508792857,25.82799491207143,74.26576753780526,13.742616905701569,0.5635150716267647,0.014320452429757245,0.09376244987668832,25.73423246219474,2.3622036302414267,214.027660913067,31.277076862164343,0.6036931611957261,0.603823991083138,247.8074217631267,65.17510729022892,21.943961997402724
1742.0,非储层,1.2313008072479898,12.487844997362895,86.28085419538911,74.25762363722926,25.742376362770734,74.35147464451839,11.983955857422524,0.49140129494300916,0.012487844997363055,0.09385100728912163,25.64852535548161,2.4462495930324843,214.2359026321281,31.55946488209386,0.5986710350506598,0.598831746566998,232.36745821479013,66.53700368253205,21.910275418623286
1742.125,非储层,1.2508873226201118,14.374298966353628,84.37481371102626,72.27642866084028,27.723571339159715,72.36992856633792,13.794290714735252,0.5656339526520201,0.014374298966354521,0.09349990549762666,27.630071433662085,2.529051951543385,208.50762748899393,31.68643760948805,0.5989616110093023,0.5991491218819774,248.27859337976886,64.9019616188945,21.95062189098828
1742.25,非储层,1.2808996557645058,13.631680443992412,85.08741990024309,72.38183289752446,27.618167102475542,72.47287851062906,13.081637122961773,0.5364116405866456,0.013631680443992704,0.09104561310460542,27.52712148937094,2.3988904166476064,213.3284989959781,31.78289281859025,0.6024812092334544,0.6026735015128935,245.10485605747786,65.27391213973074,22.073411718544143
1742.375,非储层,1.2469150690131279,13.328754934041175,85.42432999694569,71.53927646357027,28.46072353642972,71.63118835411292,12.790934768783815,0.524491410323318,0.013328754934042487,0.09191189054263713,28.36881164588708,2.5740106002082737,209.49937008548284,31.65005408823362,0.606841224256841,0.6070353083773119,251.14493003365322,65.64889803941196,21.90430234862697
1742.5,非储层,1.2798762585455885,13.917849694313256,84.80227404714115,73.33095177273174,26.669048227268267,73.42138165388293,13.356259338750078,0.5476725058688643,0.013917849694312489,0.09042988115120343,26.578618346117068,2.6048779697451923,217.92370997599176,31.677785934693635,0.6072019861129211,0.6074218654289157,237.47018763893595,64.76461437741266,21.862169455056744
1742.625,非储层,1.3045650049463764,14.056911775954628,84.638523219099,71.8518341452261,28.148165854773886,71.94303353156516,13.489710214236075,0.5531446499425994,0.0140569117759534,0.09119938633906056,28.05696646843483,2.43902091561282,221.88927539683712,31.44415675444064,0.6120680421444836,0.6122608667620941,229.8481823857623,65.59802886797729,22.097191790035176
1742.75,非储层,1.2851518436866516,16.157124555700232,82.55772360061312,72.29498322450408,27.705016775495928,72.38613964008496,15.505178635647532,0.6357887954969994,0.0161571245556995,0.09115641558088994,27.613860359915034,2.6175366825657482,213.06143965544769,31.347049061116273,0.6160409912504734,0.6162350224608732,227.86705313047233,65.60588689104544,21.989585878736122
1742.875,非储层,1.280847779203703,14.382202004369404,84.3369502164269,70.5958745231006,29.404125476899388,70.68463842014117,13.801874862259556,0.5659449401054805,0.014382202004368377,0.0887638970405539,29.315361579858834,2.578492862066313,222.4411392866169,31.271432202783867,0.6251008025698372,0.6252581909955273,246.8657801081192,65.12803377228526,22.201291269948605
1743.0,非储层,1.2555619893663312,14.821966628922024,83.92247138171165,69.79340054645077,30.20659945354923,69.88343706766112,14.223894822421416,0.5832498398716865,0.014821966628921455,0.09003652121035101,30.116562932338887,2.525372856175508,224.68339718612134,31.14721206691467,0.6343033595700536,0.6344223784065579,235.29678150874648,63.529567105653314,22.02590363926709
1743.125,非储层,1.2916873712401393,15.47070121739763,83.23761141136224,68.85343349850599,31.14656650149401,68.94499956058436,14.84645273158161,0.6087777845986233,0.015470701217396889,0.09156606207837027,31.055000439415636,2.831080036075691,217.84960951556818,31.124220219834996,0.6452001550926386,0.6452762309266252,233.67151274333733,64.61243086973114,22.191369956345298
1743.25,非储层,1.2576605030016785,16.51496076142068,82.22737873557764,67.73331933069677,32.26668066930323,67.82621247630767,15.848576018818688,0.6498697818405724,0.016514960761421834,0.09289314561089107,32.17378752369233,2.5508426909415762,206.99589854317625,31.095764014181405,0.6494530989142617,0.649485333721208,238.62824305923198,64.7431925391481,21.970378956238438
1743.375,非储层,1.2358510012971808,14.744724312843882,84.01942468585894,68.95488476932617,31.045115230673826,69.05022315288662,14.14976926221459,0.5802103263164485,0.014744724312843686,0.09533838356044028,30.949776847113387,2.5518472338073814,211.91372657822023,31.11708241787722,0.6521695568476731,0.6521773360464922,237.18289544660846,63.607535271799144,21.94084601678266
1743.5,非储层,1.2448378572749128,14.624881549019008,84.13028059370608,68.41324555285578,31.586754447144216,68.50979892838897,14.034762198000381,0.5754944694696085,0.014624881549019694,0.0965533755331896,31.490201071611025,2.5138350517364083,225.1356578611076,31.146539506774875,0.648436417100484,0.6484342728901789,233.25797580617444,65.50013355481593,21.990620340949008
1743.625,非储层,1.2758832321532647,15.130199566546565,83.59391720130017,70.2133087632595,29.78669123674049,70.31213936113579,14.519690447613447,0.5953789193665692,0.015130199566547667,0.0988305978762882,29.687860638864205,2.5596226970320326,208.79895506006733,31.202665464779102,0.644000363566309,0.6440004790708739,220.27390743886798,65.2654383336074,22.146425944627328
1743.75,非储层,1.2471787777173222,15.884621068746263,82.86820015353642,69.07989044623834,30.920109553761666,69.17659270395232,15.243670764646595,0.6250656830309219,0.01588462106874699,0.09670225771398273,30.823407296047677,2.5519122523808946,225.29660500383514,31.209685413575396,0.641692683303417,0.6416939395555761,238.83752516882885,64.68328233961253,21.97231754538733
1743.875,非储层,1.2410136207449265,14.646776688328877,84.11220969092619,69.90788782894188,30.092112171058115,70.00662090284555,14.055773860383841,0.5763560512567061,0.014646776688330247,0.09873307390366343,29.99337909715445,2.5235231544015613,208.4149367615398,31.42879735672868,0.635465056619483,0.6355033679902452,232.88999303972636,65.30080839155107,21.961857307812608
1744.0,非储层,1.2725561766037914,12.227346498798298,86.50009732459792,69.19608256635499,30.80391743364501,69.29701983059475,11.733968569112792,0.48115058318670645,0.012227346498798908,0.10093726423976222,30.702980169405247,2.4937204456402458,227.95387447234035,31.929066053203933,0.6255732389956389,0.6256845924593942,257.3431415808847,65.83187933609295,21.957047043700626
1744.125,非储层,1.2630072115053903,9.72675980565334,89.01023298284127,70.26420267885833,29.73579732114168,70.36587423745816,9.334281469005804,0.3827515768418826,0.009726759805653903,0.10167155859983244,29.634125762541842,2.7503163840839653,218.763679139223,32.720284374786274,0.6097567036619889,0.610040875488205,244.30565525414303,64.70392654929147,21.898765806849113
1744.25,非储层,1.2885278700165086,7.308846067447716,91.40262606253577,69.24378748072499,30.756212519275007,69.34352452088173,7.013931439690843,0.28760578168942474,0.0073088460674484036,0.09973704015673862,30.65647547911827,2.657418325712308,232.81039380875225,33.434389193889075,0.5984592698716296,0.598905208327728,249.8671632012766,67.40550503332825,22.11856722276998
1744.375,非储层,1.2687993190851408,6.936957503793295,91.79424317712156,68.81577026933556,31.184229730664438,68.91570552835793,6.6570487163982355,0.27297182989126667,0.006936957503793145,0.09993525902236339,31.08429447164207,2.8032324204227246,227.99480037536978,34.01955224601467,0.5895453476941399,0.590145495117689,235.35850355344053,67.09041416740234,22.217584441271114
1744.5,非储层,1.236406013679623,5.93688401077851,92.82670997554186,68.257253255662,31.742746744338014,68.35473454842659,5.697328556755124,0.23361857001260683,0.005936884010778343,0.09748129276459655,31.64526545157341,2.9104361392259404,248.0137212768634,34.532944745229734,0.5888948261475976,0.5897013069414165,238.03125059174724,69.36638464582113,22.066421218368323
1744.625,非储层,1.2411033552177513,4.270635844560344,94.4882608002219,66.21025279831073,33.789747201689266,66.3057637714605,4.0983141170590445,0.16805109165673926,0.004270635844560501,0.09551097314976763,33.694236228539495,2.750128918492569,233.68070368717122,34.7868179719829,0.5905391607208007,0.5914241185734328,243.42567224880068,67.8883394135509,22.15917881884753
1744.75,非储层,1.2068171538594967,4.659239872851706,94.1339429732888,66.35013165799617,33.64986834200383,66.44368106610216,4.471237829840849,0.1833428031380053,0.0046592398728516815,0.09354940810598238,33.55631893389784,2.78654940318456,237.7789640650418,35.14854595440168,0.5887379153049396,0.5898770335106734,254.80246793733045,68.30805481783712,22.04069845200026
1744.875,非储层,1.2425286058447527,3.084115955728195,95.67335543842705,66.59059682173327,33.40940317826673,66.68502893676094,2.9596707422637074,0.12136109750875937,0.0030841159557281434,0.09443211502767736,33.31497106323905,2.9455628181727302,232.1158653012989,35.50940499599409,0.5853158121100273,0.586892707709684,248.54067283682477,68.08189558787666,22.52665678037495
1745.0,非储层,1.2701993475415976,2.0533993102975545,96.67640134216084,66.73149328368977,33.26850671631023,66.82411550832143,1.970543892678383,0.08080201830887423,0.0020533993102973868,0.09262222463165805,33.17588449167857,2.7052128590031552,243.45324618962866,35.675105148269196,0.585327012884262,0.5871234352384715,243.9543066923102,68.87781481123822,22.579328524737296
1745.125,非储层,1.2506964287996298,2.5047819156254203,96.24452165557496,64.80316180707403,35.19683819292597,64.8944496807032,2.403713043816936,0.09856408989285873,0.002504781915625351,0.09128787362917896,35.105550319296796,2.952975910799303,248.83421769135265,35.98697228679082,0.5797802467794558,0.5821475987520055,237.46686033888673,69.51125302330978,22.487251189901038
1745.25,非储层,1.2324651935820377,1.2821451885572155,97.48538961786075,66.1223569826098,33.8776430173902,66.21188896594519,1.2304101584958067,0.050452884872851475,0.0012821451885572464,0.0895319833353946,33.788111034054815,3.032053003149894,247.30580311940525,36.161509530695454,0.5750625061557366,0.5778202309408137,243.12652460525234,68.11786821028538,22.535489610877583
1745.375,非储层,1.2001826750576285,1.202627981367932,97.59718934357444,67.18646005399897,32.81353994600102,67.27577247656384,1.1541014998711099,0.04732385351545417,0.0012026279813678788,0.08931242256487444,32.724227523436156,2.7881280894365563,239.78861703168354,36.30193669746982,0.5698588660476042,0.5731638215635932,241.09364359924004,69.30976553772402,21.885869585399337
1745.5,非储层,1.2110163155895173,0.5394174648079231,98.24956621960256,67.72535366253575,32.274646337464254,67.8170161165941,0.5176517716504344,0.021226275692680714,0.0005394174648079645,0.09166245405835155,32.1829838834059,2.743237638310215,246.7444433374665,36.52902866385963,0.5591562897194,0.5637068101557609,239.17846967409363,69.88219548938744,23.0959414897091
1745.625,非储层,1.2293866393861128,0.009999999999998899,98.76061336061389,67.13972340135122,32.86027659864879,67.23125325594566,0.009596496320984044,0.0003935036790148549,9.999999999998634e-06,0.09152985459445712,32.76874674405433,2.800943521940105,266.88018874960767,36.64466816649331,0.5547380029205105,0.5602865421057962,238.7160006333286,68.68542920852587,23.104395858340272
1745.75,非储层,1.2626390366233835,0.009999999999998899,98.72736096337663,66.5983359017407,33.40166409825931,66.6880186179864,0.009596496320984044,0.0003935036790148549,9.999999999998634e-06,0.0896827162457144,33.3119813820136,2.9675859091695784,252.5321476401611,36.537398240281355,0.55539963621025,0.5607443280274138,230.49191682368962,68.3992526068714,23.26497742331044
1745.875,非储层,1.28498103796149,2.312166228761958,96.40285273327656,67.88550848707422,32.11449151292578,67.97322470620237,2.218869470782013,0.09098459175118334,0.0023121662287617947,0.08771621912814935,32.02677529379763,3.113590856855267,249.01737916452416,36.158291274243766,0.5611043571892536,0.5655796088845577,244.00435943243886,68.97177985826283,23.04190154269583
1746.0,非储层,1.2521866287213184,4.602130855175368,94.1456825161033,68.60759890928276,31.392401090717247,68.69336107431346,4.4164331820382445,0.18109554228194874,0.004602130855175038,0.0857621650307108,31.306638925686535,2.8076441924714435,239.78155581689785,35.87423484455562,0.5659762877596752,0.5691355156717086,230.92081428617854,69.25930669617986,22.229484805281402
1746.125,非储层,1.229306549184181,3.0635926529044344,95.70710079791138,67.99485653508005,32.005143464919946,68.0785353965523,2.9399755622594395,0.12055349799209071,0.0030635926529044453,0.08367886147224776,31.921464603447703,2.858946796039468,231.8725469763659,35.51630008327647,0.5718954776021129,0.5735672284800372,246.52282916668304,67.81478030856367,21.779428958302635
1746.25,非储层,1.2008804866844116,3.883977755396373,94.91514175791922,67.63728281686842,32.36271718313157,67.72221460995222,3.7272578240449263,0.15283595359604993,0.003883977755396342,0.08493179308378374,32.27778539004779,2.8030879703017173,223.8281140786257,35.12136366872876,0.5827628112805887,0.584007967972424,241.7910632461991,68.00590737707711,22.083634899463828
1746.375,非储层,1.2353908743723077,6.636720351768044,92.12788877385964,66.24407550302098,33.75592449697902,66.32751852609799,6.368926243914898,0.26115738750137746,0.006636720351768741,0.08344302307700849,33.672481473902,2.8276661419836633,247.54755457131643,35.02010998840537,0.5934590550522589,0.5945876737983871,238.53229191527933,67.25405931241929,22.08653135060707
1746.5,非储层,1.2099337868613016,5.795697178356052,92.99436903478264,64.61264428447096,35.38735571552905,64.69673959951952,5.561838664963759,0.22806281621393712,0.005795697178356124,0.08409531504855941,35.30326040048048,2.5660914174318585,243.72261842392723,34.88520179005399,0.6057616126709193,0.6067005125648474,243.24730198553397,67.26333038482166,21.912474829433783
1746.625,非储层,1.2130332568094313,4.617272846787602,94.16969389640298,63.614491864459275,36.385508135540725,63.700557570834704,4.430964188718162,0.18169138522265135,0.00461727284678747,0.08606570637543073,36.299442429165296,2.9364631962937495,235.27667109971725,34.96597166671402,0.6156552375899353,0.6166540593699659,231.51557636705311,67.0396648902791,22.05846485985904
1746.75,非储层,1.217625534964066,3.105335962390976,95.67703850264496,62.60840787008869,37.39159212991131,62.69647891423141,2.9800345138507733,0.12219611257781188,0.0031053359623909064,0.08807104414272703,37.30352108576859,2.8434119928547066,231.68585890407925,35.14790524475683,0.6200189840115476,0.6210874358859376,231.4018105167961,68.19194835956625,22.07840599675176
1746.875,非储层,1.240303493971798,4.735824142712641,94.02387236331556,62.94080533973816,37.05919466026184,63.030152977877876,4.544731896237429,0.1863564223325001,0.004735824142712715,0.08934763813971502,36.969847022122124,2.800424521034368,249.67978297410832,35.141247522123,0.6261430594396842,0.6272020959391077,234.57750231780062,66.76858548233339,22.045076344817986
1747.0,非储层,1.2551837671951414,5.90158537625488,92.84323085654998,62.16961189074771,37.83038810925229,62.260144446488106,5.663454235120944,0.23222955575768184,0.005901585376255104,0.09053255574040171,37.739855553511894,2.865289200956662,243.15960305599978,34.87205408270795,0.6323051344030362,0.6332502142503519,236.93120032447777,67.3484631929341,22.010626861284006
1747.125,非储层,1.2846530347021536,7.510250172576538,91.2050967927213,63.22324196459436,36.77675803540564,63.31430679214923,7.207208815080847,0.2955311073231142,0.007510250172576907,0.0910648275548733,36.68569320785077,3.101941479100063,231.0407147033672,34.23937091302405,0.6411779765427431,0.6418239589442888,239.5254064608839,66.65995825999966,22.009151002816562
1747.25,非储层,1.2962608375134845,9.887974058455162,88.81576510403136,64.02733164155192,35.972668358448075,64.11638341489177,9.48899066739611,0.3890954170005981,0.009887974058455078,0.08905177333983963,35.883616585108236,2.7297701560300793,241.94374738003935,33.80623345314701,0.645568822701872,0.646052576927167,237.97649898567812,66.94380238327054,21.927694942123583
1747.375,非储层,1.2654957751987912,9.375208035778982,89.35929618902223,64.58354004124149,35.41645995875851,64.67279217410284,8.996914942382297,0.3689178853609067,0.0093752080357785,0.08925213286134881,35.327207825897155,2.751387402727988,226.7394607639451,33.4925453281308,0.6413419224465077,0.6417457709079659,244.84151580570693,67.36830719332917,21.975460668579327
1747.5,非储层,1.261247464628766,9.202049502603348,89.53670303276789,66.40883071172387,33.591169288276134,66.49756181073715,8.830743419725582,0.3621040333751632,0.009202049502602967,0.08873109901327877,33.502438189262854,2.574681553095164,225.556174619143,33.558761204256754,0.6307896692481565,0.6312305317555919,243.1630143503903,67.48125449516226,21.987810798618423
1747.625,非储层,1.2472768773967917,6.72584380608936,92.02687931651384,67.16254921361757,32.837450786382426,67.25226349617121,6.454453534065697,0.2646644282175729,0.0067258438060895445,0.08971428255364153,32.74773650382878,2.5719307292964615,240.06466755686205,34.01085751648865,0.6130912140154883,0.6136979557635266,235.1714242610324,67.42580482968852,22.06182801369954
1747.75,非储层,1.221678263146761,4.947273731649926,93.83104800520331,67.97696582846567,32.023034171534334,68.06682094552474,4.747649416468476,0.19467704144980102,0.004947273731649676,0.0898551170590748,31.933179054475257,2.6727079095789095,229.04492405412864,34.23222619081327,0.605299727051474,0.6059806051845169,242.95934445448773,67.40882630925789,21.91306291103549
1747.875,非储层,1.2443680791374632,6.9592687442270424,91.7963631766355,66.0659555636933,33.934044436306706,66.15380263369211,6.678459690072143,0.27384978541067323,0.0069592687442267005,0.0878470699988088,33.8461973663079,2.653958295922543,248.65730897070387,34.4477923344957,0.6015570626091373,0.602280094698028,242.6497570074935,66.7909744102261,22.09420272825177
1748.0,非储层,1.2121167615095585,6.894443323853938,91.8934399146365,66.25610180551259,33.74389819448741,66.34538964675373,6.616249999260461,0.2712988812696228,0.006894443323854447,0.08928784124113794,33.65461035324627,2.8439111163880884,242.24593696977936,34.49824929707812,0.5984497134472342,0.5991656150622693,239.92499667331703,66.51532682967284,21.923601886932545
1748.125,非储层,1.1813742705291215,6.187947427310714,92.63067830216016,68.1714178870392,31.828582112960802,68.26011677372574,5.938261472063648,0.24349800781975406,0.006187947427310899,0.08869888668654419,31.73988322627426,2.848316748300786,234.29919591028957,34.58480814720809,0.5959421320527452,0.596676881955412,248.64834170489524,67.54655728983039,21.95573438299802
1748.25,非储层,1.148998370947437,4.0337294226408416,94.81727220641172,68.44861321155936,31.551386788440638,68.53745396579927,3.8709669564222193,0.15872873679598126,0.004033729422641113,0.08884075423991299,31.462546034200724,2.8147358476103146,259.4739055210927,34.92779945141587,0.5851392106521013,0.5860371674441671,241.6550305079406,68.94172857091056,21.978558121251933
1748.375,非储层,1.130540591712818,3.2567841405929943,95.61267526769419,68.17820081106514,31.82179918893486,68.26784118447615,3.1253717023443297,0.12815565410807167,0.003256784140592958,0.08964037341101566,31.732158815523846,2.8379845794891185,244.51392728728544,35.521465468388605,0.5678652905719563,0.569709752710717,242.73137522528006,68.04751265031526,22.236348222224088
1748.5,非储层,1.1115384598089777,0.4649134704463376,98.42354806974468,69.06179164405987,30.938208355940134,69.15279375820943,0.44615404087146937,0.0182945161044218,0.0004649134704463745,0.09100211414955857,30.84720624179057,2.704576449625368,239.13518915238865,36.011234797725464,0.5596773473125141,0.5621832266984215,246.4388984184528,69.37507593907073,21.92083087426349
1748.625,非储层,1.1251364799774208,0.9258344561852594,97.94902906383733,67.72340596594265,32.27659403405736,67.81480171731846,0.8884766952623083,0.03643192646676572,0.0009258344561853332,0.09139575137582097,32.18519828268154,3.0207501246029227,239.50112488332758,36.3823271555164,0.5497545872316908,0.5536008198726025,241.30146133027355,69.57875788281987,22.272367951257827
1748.75,非储层,1.1337442964768427,0.009999999999998899,98.85625570352316,69.43304483326095,30.566955166739053,69.52415084577517,0.009596496320984044,0.0003935036790148549,9.999999999998634e-06,0.09110601251421664,30.475849154224832,2.9209682385199804,255.3805796624293,36.67923902847743,0.5380987463818065,0.5431938126438209,251.27224016274567,69.39854438993486,21.935575210369024
1748.875,非储层,1.1054228036716363,0.009999999999998899,98.88457719632837,70.77998055081093,29.22001944918907,70.86945200423577,0.009596496320984044,0.0003935036790148549,9.999999999998634e-06,0.08947145342483988,29.130547995764232,3.130515676563798,253.41502178848054,36.719374821040425,0.5335881932906155,0.5391383378534349,249.3657953425018,68.51756778995791,22.32843331514305
1749.0,非储层,1.0908924801548188,0.009999999999998899,98.89910751984519,70.73045123404457,29.269548765955435,70.82194049382178,0.009596496320984044,0.0003935036790148549,9.999999999998634e-06,0.0914892597772204,29.17805950617821,2.697838529859606,258.0955061427585,36.75898604946381,0.5283696025389812,0.5341860226435883,238.56217148745174,69.02586202675155,22.134529451592133
1749.125,非储层,1.1093037479146994,0.465143837759352,98.42555241432595,69.8520908396833,30.1479091603167,69.940968446779,0.4463751127786513,0.018303581142941394,0.0004651438377593361,0.08887760709569419,30.059031553221004,2.8821462231844017,245.90882541022947,36.65313334273424,0.5323729765585513,0.5372695739968025,248.45878423659423,69.19461427096473,22.08891404412791
1749.25,非储层,1.0926905855297477,1.181917008691613,97.72539240577865,68.9453325125969,31.054667487403098,69.03506967956575,1.1342262225618782,0.04650886912104332,0.0011819170086916546,0.08973716696885534,30.96493032043425,2.7532207844292245,262.1370443304319,36.29575910128976,0.5436852140348487,0.5472628134556192,247.25251838158175,68.83971384514373,22.129305455754857
1749.375,非储层,1.1109539346997408,3.9060898578008874,94.98295620749937,68.87342283411219,31.126577165887802,68.96304006779374,3.748477694982343,0.15370607296074298,0.0039060898578011094,0.0896172336815526,31.036959932206255,2.880681894304654,244.42767556120867,35.954323710040036,0.5583096157887538,0.5606161585533034,233.3987005931688,68.97144804494965,22.14682655739444
1749.5,非储层,1.1416092343582016,3.7461527182497623,95.11223804739204,67.0878766258133,32.912123374186706,67.1801734270505,3.5949940778532183,0.1474124876782943,0.0037461527182496793,0.09229680123721243,32.819826572949495,2.888122775038733,234.98697052945403,35.5738700821009,0.5724828980119172,0.5738888152211256,251.67135219444418,67.46481730534941,22.06865414579374
1749.625,非储层,1.1196732856627254,4.634208490705916,94.24611822363136,66.58052627121221,33.41947372878779,66.67175794531903,4.447216473173724,0.18235780904148566,0.004634208490705729,0.09123167410682566,33.32824205468097,2.727404600197867,248.64755193860057,35.128639109549994,0.5830592056173438,0.5839149243682745,233.89844643252673,70.59130377195225,21.97605892206472
1749.75,非储层,1.1428982871238174,5.995282175913729,92.86181953696246,67.75814468147475,32.241855318525246,67.85168621945434,5.753370334442367,0.2359165592954497,0.00599528217591393,0.09354153797959092,32.14831378054566,2.9217422784740448,242.90303854830168,34.845119366672925,0.5870637652183709,0.5877863846853923,241.66268276971434,66.63055470027766,22.2280095092178
1749.875,非储层,1.1660147290163823,6.937363481981684,91.89662178900193,69.3457952360498,30.654204763950197,69.44206023377893,6.657438313217363,0.27298780528233973,0.006937363481981148,0.0962649977291295,30.557939766221065,2.9114417091361027,238.921100946255,34.2342791294582,0.583939328328689,0.5844157440514616,246.10792153439772,66.44769633116181,21.84408226301443
