#DEPTH,CASE,POR,Vma,Vsh,Sw,Sh,Sxo,Vma1,Vma2,Vma3,Shm,Shr,DEN,AC,CNL,RT,RXO,GR,SP,CAL
1500.0,非储层,0.938701952296824,14.144090248906005,84.91720779879716,92.00110021847581,7.998899781524194,92.57060057468063,12.424787411801546,1.7051587468555518,0.014144090248906574,0.5695003562048164,7.429399425319372,2.6757075638723893,216.46757822585636,31.472034591077094,0.4704734188236096,0.46814140329404696,153.74430580931121,66.01458542675506,22.056034405148736
1500.125,非储层,0.9307749990621826,13.7926080864742,85.27661691446362,91.78933441206526,8.21066558793474,92.35807205647,12.116030109606502,1.662785368781225,0.0137926080864742,0.568737644404741,7.6419279435300025,2.3512525240065334,212.67729272596623,31.472034591077094,0.4704734188236096,0.46814140329404696,148.06647947660386,65.48241869911436,22.105014016290475
1500.25,非储层,0.9508060485315039,13.998450818909669,85.05074313255882,90.37659202041152,9.623407979588483,90.95400658994667,12.296851367514755,1.6876010005760045,0.013998450818909422,0.5774145695351657,9.04599341005332,2.702173167680083,216.7944052177125,31.72267313878538,0.469722812248648,0.4673641674085648,152.67492540293065,64.81690662473079,21.88603704896082
1500.375,非储层,0.924104469564627,11.974957516759288,87.10093801367609,91.63103474245166,8.368965257548345,92.21668786714147,10.519326361241028,1.4436561980015004,0.011974957516759296,0.585653124689813,7.7833121328585335,2.5863396397789438,230.79364534974604,31.8462397620968,0.46640643486619243,0.4640455124232877,152.33329674044347,65.88086227594616,22.016342150684697
1500.5,非储层,0.9111624755624465,12.813638588712505,86.27519893572504,93.14820815102978,6.851791848970223,93.74392416290476,11.256060491322428,1.5447644588013656,0.012813638588712005,0.5957160118749788,6.256075837095243,2.7429018079074,209.72248896337942,32.0243954053902,0.4652806130838536,0.46290729721651036,163.74776072253306,66.1055334509096,21.812345177456994
1500.625,非储层,0.8915524591704034,11.916321157319821,87.19212638350977,90.66292436965205,9.337075630347957,91.24090818099688,10.467817618874674,1.436587217287827,0.011916321157319498,0.5779838113448384,8.759091819003118,2.7013088606377065,230.5386769053755,32.26617156365761,0.45792522946376946,0.4556379622856459,168.34603273400103,66.40151510238164,22.183287143545055
1500.75,非储层,0.8824780011788002,11.397748514098794,87.71977348472241,93.29336245090967,6.706637549090333,93.85629202589561,10.012280731297501,1.374070034287193,0.011397748514098763,0.5629295749859531,6.143707974104384,2.716704582638891,229.42581014471074,32.24416839547704,0.4559955314821078,0.45374119726638884,158.8835622700271,66.58862551867679,22.008505795731516
1500.875,非储层,0.8703895346675721,12.232586567788706,86.89702389754372,93.39592897689943,6.604071023100566,93.95960197195159,10.745638986076852,1.4747149951440657,0.012232586567789,0.5636729950521489,6.040398028048422,2.624980196070923,222.3774918934165,32.092047612133904,0.4564807431408799,0.45425928487033185,156.55647042476699,67.02931676016368,22.264324843394576
1501.0,非储层,0.8587565351183679,14.484289875511514,84.65695358937012,94.53370508836501,5.466294911634984,95.08682759497619,12.723633641128643,1.7461719445073587,0.01448428987551216,0.5531225066111698,4.913172405023813,2.5400376355113172,220.68315485989154,31.742656012526417,0.4581196468458083,0.4559052320812976,156.0892285023512,65.47193763417987,22.78514099657536
1501.125,非储层,0.8418382715083116,15.696477500482931,83.46168422800876,93.38990075720298,6.610099242797018,93.94118819994101,13.788472261247842,1.8923087617346062,0.01569647750048267,0.5512874427380193,6.058811800058994,2.7021770247405645,220.3040849549936,31.487440814769247,0.4586482912946618,0.4564171937192036,153.25931898744423,65.84269196765365,22.89513204190208
1501.25,非储层,0.8348755924576161,14.162950090609582,85.0021743169328,95.816896525759,4.183103474241001,96.37716598186152,12.44135472151631,1.707432419002663,0.014162950090610207,0.5602694561025231,3.6228340181384766,2.5977782230536794,217.24636745201767,31.481729280597605,0.4537192461265095,0.45153304508845143,144.20769706744406,64.89105343414555,23.123960543038038
1501.375,非储层,0.8160631439933163,12.284686318774696,86.89925053723199,97.56783302512554,2.432166974874461,98.12789343171296,10.791405685724346,1.480995946731576,0.012284686318774461,0.5600604065874294,1.8721065682870353,2.6151059029060923,217.49337620056497,31.471364413362544,0.4519272668464227,0.44974248631880276,147.88822609675452,65.21605729513314,23.011159559872464
1501.5,非储层,0.8256223863138016,14.603951707651742,84.57042590603446,96.10722299469184,3.892777005308168,96.66880737008069,12.828749827428714,1.7605979285153759,0.014603951707650373,0.5615843753888546,3.3311926299193106,2.5543056486800637,221.31760251574178,31.587702079635534,0.4458633190298356,0.4437405026780611,154.8074673808696,64.82726129029392,22.10962925936109
1501.625,非储层,0.8062427833999894,14.423110401141503,84.7706468154585,96.85197601482209,3.148023985177917,97.39839294459968,12.669890915393992,1.7387963753463718,0.01442311040114018,0.5464169297775944,2.6016070554003234,2.5904797571663236,220.11695184296525,31.735574556148848,0.4395984219719599,0.4375373205993162,154.496538021988,66.03828669678498,21.804677986835678
1501.75,非储层,0.7931981523380106,12.554344843198917,86.65245700446307,99.4337879436563,0.5662120563437067,99.99,11.028285526052723,1.5135049723029936,0.01255434484319952,0.5562120563437055,0.009999999999998899,2.7140297495128016,222.446463001108,31.498199772378864,0.4407609458038032,0.43868433409240637,139.9955394745817,64.32290381130939,21.986243282138123
1501.875,非储层,0.7836216250240702,14.857005393478918,84.35937298149702,99.43241736579401,0.5675826342059875,99.99,13.05104325138496,1.7911051367004778,0.01485700539347809,0.5575826342059927,0.009999999999998899,2.5907575061876083,205.89535567893145,31.40318178706882,0.43822093172968524,0.43615239217917223,150.7494524328894,64.49730606623883,21.892162574790124
1502.0,非储层,0.7643917455823569,15.644810193203462,83.59079806121417,99.42126261754397,0.5787373824560293,99.99,13.743085439063412,1.8860799439468465,0.01564481019320288,0.5687373824560312,0.009999999999998899,2.5744656914180624,224.4710250159936,31.1404576321144,0.4390065870814881,0.4369238067953548,155.01313100315133,65.1362729515385,21.86081922226848
1502.125,非储层,0.7777992725506879,17.25605257597518,81.96614815147414,99.43643610950085,0.5635638904991525,99.99,15.158471209553074,2.0803253138461284,0.017256052575976427,0.5535638904991571,0.009999999999998899,2.6019168114777345,215.54399968065198,30.72787646585987,0.44482854586080534,0.4426942682522357,161.0138295877773,64.38640837640338,22.079407773695948
1502.25,非储层,0.7838378515141631,17.023787503547783,82.19237464493804,99.43749552404842,0.5625044759515863,99.99,14.954439412716916,2.052324303327319,0.01702378750354748,0.5525044759515829,0.009999999999998899,2.5823274449513693,211.20875367880208,30.393728551327506,0.44975897561032735,0.4475772448195704,143.1438121031382,65.25180500032634,22.091286390650602
1502.375,非储层,0.7784574594896119,18.47443899582273,80.74710354468766,99.42729454952588,0.5727054504741202,99.99,16.228755122171822,2.2272094346550837,0.018474438995821907,0.5627054504741191,0.009999999999998899,2.631520778297757,199.48890203478993,30.25111216637568,0.4547612843679242,0.45254631176801113,145.90723114253973,64.37151514983042,23.018086562204275
1502.5,非储层,0.7920355912356167,17.19198458574327,82.01597982302111,96.99678265335943,3.0032173466405743,97.55647883619767,15.102191085167243,2.072601515990282,0.017191984585743572,0.5596961828382424,2.4435211638023313,2.542511431867273,201.08987585019128,30.35996647481087,0.4584498143162271,0.45617914756925904,150.0402828508002,64.7039250968268,23.028148333676985
1502.625,非储层,0.7952454288335966,16.120192262263444,83.08456230890296,95.07485244481929,4.92514755518072,95.63885344087103,14.160681837524564,1.9433902324766175,0.016120192262263078,0.5640009960517461,4.36114655912897,2.4893466393178905,207.88974876730438,30.346445261268997,0.46709766421483234,0.46471329113867077,158.16423191268387,64.28085530368452,23.169319579715044
1502.75,非储层,0.7928349137408754,17.24982541779877,81.95733966846035,92.74371796686569,7.256282033134309,93.30935500872889,15.153001001490205,2.079574590890767,0.017249825417798084,0.565637041863201,6.69064499127111,2.548963734027607,212.94953322073727,30.478019143937686,0.471221386540329,0.46877635333544204,149.62509563380834,66.45095283382912,23.341417375290067
1502.875,非储层,0.8129280360100861,17.08568837958403,82.10138358440588,94.47836171148856,5.5216382885114434,95.05203921565571,15.008815849222906,2.059786841981538,0.017085688379585295,0.573677504167155,4.947960784344286,2.247994155398912,206.8972830566559,30.692180428071318,0.47069427756783133,0.46823002603363606,144.2519517872912,64.21282410806558,22.119626375113885
1503.0,非储层,0.8137162450520214,14.885823421306377,84.30046033364161,94.82853952089087,5.171460479109136,95.40570233421003,13.076358267273752,1.7945793306113178,0.014885823421306732,0.5771628133191599,4.59429766578997,2.4552356066983103,218.08808725657002,30.947814851286402,0.4662373611330192,0.46381372318462,149.32663319447937,65.36225840134031,21.91111773369476
1503.125,非储层,0.8339323429477968,13.313959189260327,85.85210846779188,95.62480498520571,4.375195014794286,96.20082182957844,11.695563986432859,1.6050812436382078,0.01331395918925983,0.5760168443727286,3.7991781704215577,2.484248409346051,219.97176965946903,31.466660040785634,0.45334920694471037,0.45106376537178644,146.6350819328312,65.76863605772611,22.075089995748673
1503.25,非储层,0.8551183140663152,11.527178434863306,87.61770325107038,96.91750376291841,3.082496237081589,97.49960846378316,10.125977633814776,1.3896736226136674,0.01152717843486261,0.5821047008647503,2.5003915362168394,2.53749990891541,227.85223913783653,31.915103386311685,0.4426863347257039,0.44050279817030935,166.58792164314252,66.19885369726445,21.93384195338487
1503.375,非储层,0.8389784401670826,12.166945857921618,86.9940757019113,97.84614711286387,2.1538528871361207,98.43680105660587,10.687977315986661,1.4668015960770364,0.012166945857921586,0.5906539437419892,1.5631989433941285,2.757970569713598,226.50794028009196,32.255690845251294,0.43452010594418633,0.43242681454733234,152.02597138332445,66.11090016666073,22.11424431494966
1503.5,非储层,0.8377794566841351,11.142592902244907,88.01962764107095,97.64682991648515,2.353170083514855,98.23354962576452,9.788140883599777,1.343309425742887,0.011142592902244758,0.5867197092793769,1.7664503742354731,2.6676817941152566,208.30159422279965,32.692825329770315,0.4243925147021267,0.4224380636590197,162.37110153973606,66.48939477167407,22.089475529403742
1503.625,非储层,0.8454808609470076,8.52401480867886,90.63050433037412,99.41658631386554,0.5834136861344597,99.99,7.487867372811394,1.0276234210587865,0.008524014808679141,0.5734136861344585,0.009999999999998899,2.7240238737828433,237.22880656814658,32.94486814745676,0.4183558503106564,0.41648194790494125,154.9123508127333,66.23206185606897,21.959457399256
1503.75,非储层,0.8216715215436746,8.799233682375595,90.37909479608072,99.41809797947366,0.5819020205263481,99.99,7.7296316671011525,1.060802781592068,0.008799233682374973,0.5719020205263484,0.009999999999998899,2.6412013378611663,220.15306283930983,33.367184181430744,0.41119609798545115,0.4094509161734267,144.46838664766923,67.46286172415829,22.0169450608113
1503.875,非储层,0.8402517693262631,7.578290053275483,91.58145817739826,99.41898440999356,0.5810155900064395,99.99,6.657101390045282,0.9136103731769245,0.007578290053275941,0.5710155900064411,0.009999999999998899,2.627545522117265,225.83801689522357,33.64056221676803,0.4057496439932129,0.4041012207128571,163.70048813262883,66.5128012827626,22.025888010347856
1504.0,非储层,0.8318517265495234,8.16826175924521,90.99988651420526,99.42191218331368,0.5780878166863235,99.99,7.175358336703179,0.9847351607827858,0.008168261759245246,0.5680878166863276,0.009999999999998899,2.7697173052925503,223.78183892964844,33.859574910097656,0.40577657615522406,0.40414147100014935,155.87150503576783,66.47238855354925,22.070579098302137
1504.125,非储层,0.8233834812782089,6.212493492019955,92.96412302670184,96.89502419483287,3.1049758051671317,97.47509028968398,5.457325962800532,0.7489550357274036,0.006212493492019876,0.5800660948511083,2.5249097103160256,2.6903748096470297,234.86966134638962,34.07653452055847,0.40654741331571753,0.4049148036976328,153.71798408251297,67.70488647730559,22.139337983643234
1504.25,非储层,0.8321702259906553,6.487787318080374,92.68004245592897,96.22375258002323,3.7762474199767637,96.81394675100343,5.6991560985243,0.782143432237993,0.006487787318080335,0.5901941709801971,3.1860532489965676,2.7017510506755418,244.0830384861755,34.276197968601394,0.40831077795347626,0.40666628659869847,141.5958988138808,67.25067070960944,21.867637675490247
1504.375,非储层,0.8245989143001157,5.488370137353016,93.68703094834687,95.53440375614777,4.465596243852232,96.12498847317252,4.8212243413227425,0.6616574258929203,0.005488370137352906,0.5905847170247563,3.8750115268274765,2.686170465471128,238.9994720137539,34.63445660884979,0.4078792103414958,0.4062998934019031,149.9513627058008,67.83129847774818,21.800339406823756
1504.5,非储层,0.8476036398157617,4.331978553719695,94.82041780646455,95.72228054999026,4.277719450009743,96.32107266001393,3.8053994039393113,0.5222471712266639,0.004331978553719952,0.5987921100236709,3.678927339986071,2.6772072122990074,226.73216824130546,34.69318841548015,0.40932840228287787,0.4077558268928569,156.64102916828713,67.99996969727248,21.969425739838275
1504.625,非储层,0.8517270319751792,5.579371539445854,93.56890142857897,94.91563182942919,5.084368170570808,95.49984702520335,4.901163952515965,0.6726282153904438,0.005579371539445738,0.5842151957741669,4.500152974796645,2.5540587383411277,244.8574673168323,34.94474953455584,0.4054077662279506,0.4039819410985699,144.31661433700867,67.7091878125986,21.911751893576
1504.75,非储层,0.8280906544607086,3.761629046510373,95.41028029902891,96.98183581323826,3.0181641867617404,97.55871633367617,3.3043794547736374,0.4534879626902257,0.003761629046510149,0.5768805204379214,2.4412836663238235,2.989084233848552,238.4014829789411,34.965645338329736,0.40454583015315926,0.40315054690883034,150.42600506631595,68.51101382835382,21.930186223167315
1504.875,非储层,0.850460077008121,5.2315310578066825,93.9180088651852,96.0584031519935,3.941596848006501,96.6502975358,4.595605661984012,0.630693864764863,0.005231531057806483,0.5918943838064928,3.3497024642000106,2.8418338345822267,255.23538506215488,35.12752750788935,0.40414672476965663,0.4028807372858263,145.30676430541246,69.0220009069088,22.076732342535898
1505.0,非储层,0.8646779749116688,2.5883853943515334,96.5469366307368,94.19026593180526,5.8097340681947385,94.79985448039263,2.2737509234372557,0.31204608551992596,0.002588385394351484,0.6095885485873697,5.200145519607369,3.2011209027743464,250.9658545979713,35.63636615614137,0.39642076918128294,0.3964439758672051,151.1756097810109,67.38791594025464,21.964245416611014
1505.125,非储层,0.862640337687849,0.0696724761085954,99.06768718620356,94.81093871568635,5.189061284313645,95.42774890382736,0.061203349870457474,0.00839945376202933,6.967247610859391e-05,0.6168101881409997,4.572251096172641,3.0902701290292574,252.11025917523367,35.9818367363885,0.3918673374928304,0.39316483028070676,155.53567017542633,69.4683491755577,22.18942091884805
1505.25,非储层,0.8653306029911749,0.009999999999998899,99.12466939700883,95.69406694968899,4.3059330503110065,96.3259215827024,0.008784437311379,0.0012055626886199006,9.999999999998718e-06,0.6318546330134029,3.6740784172975993,2.974700896654533,257.148233323725,36.4655266659089,0.3849599204492535,0.3876110719195157,159.46947003687086,69.67190982056593,22.084820776282832
1505.375,非储层,0.851698699815337,0.009999999999998899,99.13830130018466,95.42257339926748,4.577426600732526,96.04147615536404,0.008784437311379,0.0012055626886199006,9.999999999998718e-06,0.6189027560965642,3.958523844635964,3.1320254241245635,276.2274134374137,36.70504121011237,0.38004964360960547,0.3838576970297441,150.48440417810082,69.12893141048522,22.129122140599506
1505.5,非储层,0.8461842950320804,0.009999999999998899,99.14381570496792,94.54855841380008,5.451441586199923,95.1808380716831,0.008784437311379,0.0012055626886199006,9.999999999998718e-06,0.6322796578830304,4.819161928316895,3.0128812733373636,245.39283342268254,36.690175535733076,0.37940573342089273,0.3829182890507575,135.462194742386,70.01556362118706,22.022965236891515
1505.625,非储层,0.8312795599978526,0.24149447722870976,98.92722596277343,96.00404943704373,3.995950562956274,96.64666143017688,0.21213930962600777,0.02911367312547327,0.00024149447722872125,0.6426119931331524,3.3533385698231166,2.924056138448045,252.64506798071145,36.57497131464714,0.3790653097333954,0.3816179243428892,156.70373213756315,69.04137570568675,21.96865108723048
1505.75,非储层,0.8171480619444436,1.2570020100318602,97.9258499280237,98.7880987046752,1.211901295324791,99.41859989885198,1.1042055357403486,0.15153947228147954,0.0012570020100319138,0.6305011941767668,0.5814001011480219,2.7507824829216316,247.13465809482423,36.574124759169436,0.37673052355148673,0.37927252509549864,163.08661021919144,69.60670492183856,21.94552091579626
1505.875,非储层,0.8260251376216132,0.009999999999998899,99.1639748623784,97.77260275751372,2.227397242486273,98.38424590873181,0.008784437311379,0.0012055626886199006,9.999999999998718e-06,0.6116431512180853,1.6157540912681845,2.9212448266032163,237.2900957036032,36.38003348728304,0.3756045531496032,0.37711458538899195,161.10685742755686,69.26935952315263,22.199255464974044
1506.0,非储层,0.8290803808900935,2.0567514383528107,97.1141681807571,99.39480091913575,0.6051990808642493,99.99,1.8067404075300844,0.2479542793843735,0.002056751438352794,0.5951990808642449,0.009999999999998899,2.835868268331271,247.0016460742383,35.97425232946398,0.378078537288782,0.37869217222125867,153.27011463343518,68.64455353027809,22.26103872839184
1506.125,非储层,0.8343234364657873,4.578800498658531,94.58687606487568,99.41010805233856,0.5898919476614362,99.99,4.02221859417812,0.5520031039817527,0.004578800498658466,0.5798919476614389,0.009999999999998899,2.805312076032008,234.78396428342265,35.464727342627896,0.3837978811593303,0.3839962167748452,152.59418705929383,67.87016025456548,22.090824045414543
1506.25,非储层,0.8316904998893266,6.743410416738039,92.42489908337264,99.41250900783157,0.5874909921684268,99.99,5.9237066070741955,0.8129603992471048,0.0067434104167381215,0.5774909921684243,0.009999999999998899,2.735866699877599,244.5733812754185,34.647602977709056,0.3935325429798069,0.3923527683017658,154.91862904372104,68.54520085651663,21.989908437581438
1506.375,非储层,0.8426464796067274,8.805384679031736,90.35196884136154,99.42923443756597,0.5707655624340391,99.99,7.735034971553989,1.061544322798715,0.008805384679031955,0.5607655624340424,0.009999999999998899,2.5573491967917503,235.40844489098905,33.9733832301575,0.40212805940872626,0.40063053354100586,160.2904037642003,66.9862376062699,21.930449772906318
1506.5,非储层,0.8514197037508818,9.32927820322693,89.81930209302219,99.0655004740616,0.9344995259384037,99.61196973760171,8.195245953667051,1.1247029713566532,0.009329278203226536,0.5464692635401118,0.38803026239828675,2.707718250429255,214.39888194159454,33.462080815497245,0.40849030927691576,0.4068638515522807,165.19786034400602,67.23821165874654,22.081090035398862
1506.625,非储层,0.8515118647930251,10.091401731927652,89.05708640327933,99.31300716492237,0.6869928350776267,99.86893209798366,8.864728589806967,1.216581740388756,0.010091401731927678,0.555924933061275,0.13106790201634633,2.4155744608387337,233.2882128880559,32.92913622971393,0.4185581979728302,0.4167957458569119,150.18882387547478,66.83327022701482,21.74505201665908
1506.75,非储层,0.8557233579903206,12.523025541846678,86.621251100163,96.53097866138071,3.4690213386192825,97.10125347357523,11.000773282116228,1.5097292341886028,0.012523025541847158,0.5702748121945129,2.898746526424767,2.5602641666964603,221.53464886406462,32.36451815092743,0.4267421273569527,0.42486331810952926,157.53581575876916,66.33158950744938,22.50421829163965
1506.875,非储层,0.8407205663775439,14.919448264693836,84.23983116892863,98.83453546970102,1.1654645302989763,99.40734905381244,13.105895800157963,1.798633016271179,0.014919448264693463,0.5728135841114212,0.5926509461875562,2.787440454222833,226.6825309772041,31.88647083351625,0.4348365938444583,0.43282620118328985,142.306022187455,65.50004829122774,22.456948189511884
1507.0,非储层,0.8490254861224437,14.52018811417748,84.63078639970007,97.59515536258931,2.404844637410697,98.17013328210143,12.755168223843658,1.7504997022196451,0.014520188114176477,0.574977919512129,1.829866717898565,2.612543630828758,223.67346635646072,31.263608455207713,0.44664709121359747,0.4445003908506343,159.56665323465367,66.24111685065256,22.3866948506815
1507.125,非储层,0.8512536872689958,16.863393654047343,82.28535265868366,96.6375400706756,3.3624599293244017,97.19868990361641,14.813542441110163,2.0329878192831323,0.01686339365404646,0.5611498329408088,2.8013100963835913,2.4728657242347247,219.07607206689826,30.754127162564693,0.45221535653358236,0.45003226260465534,165.8018199497624,65.84628093841773,22.60660434524488
1507.25,非储层,0.830257665554426,18.032831879402742,81.13691045504284,98.10222218401807,1.897777815981927,98.65602118195835,15.84082811912676,2.173970928396582,0.018032831879402633,0.5537989979402757,1.3439788180416468,2.511497923642845,199.55614478870527,30.553271249700455,0.45442941600122644,0.45226009229837827,138.9686922014806,63.93820583652088,22.014859911975744
1507.375,非储层,0.8404385147367053,17.08292709723991,82.07663438802338,99.44501439476593,0.5549856052340707,99.99,15.006390218057811,2.0594539520848563,0.0170829270972412,0.54498560523407,0.009999999999998899,2.5004815530316886,210.14104160517334,30.27154250650553,0.45637049186902373,0.4542317296103347,148.31066272991976,65.11900586836356,21.94215477686677
1507.5,非储层,0.8235316669979963,17.564806627472006,81.61166170553,99.45761889027382,0.5423811097261755,99.99,15.429694270553924,2.117547550290613,0.01756480662747084,0.5323811097261737,0.009999999999998899,2.3970807088674726,213.2586863524522,30.349873091562387,0.4526387127701776,0.4505754281556876,139.80405616542652,64.26638753624435,22.996716839457587
1507.625,非储层,0.8104525276961622,16.025977946818138,83.1635695254857,98.76771057200816,1.2322894279918395,99.28791368431698,14.077919862738176,1.9320321061331434,0.01602597794681873,0.5202031123088096,0.7120863156830248,2.534088190677471,208.8347542035764,30.74087898133785,0.4485607424697754,0.4465555203589434,138.23117140708726,64.26670662673605,23.055109910316606
1507.75,非储层,0.8045262899528943,13.849553797545411,85.3459199125017,96.69349548484384,3.306504515156161,97.21819796752453,12.166053712512202,1.6696505312356638,0.01384955379754478,0.5247024826806906,2.7818020324754666,2.4694113943319067,217.79119828094775,31.046222118155423,0.4508182620186759,0.44879615137730555,157.1663790607386,65.86761103060148,22.87181168795866
1507.875,非储层,0.78221426191114,13.911223632857405,85.30656210523145,93.92111176188392,6.078888238116075,94.43749400366853,12.220227192742335,1.677085216482212,0.013911223632857503,0.5163822417846129,5.562505996331469,2.6378949172329844,208.9895228695924,31.304374847833124,0.45466880403184406,0.45258677514640916,137.62792073426314,65.14076070165915,22.82903599473235
1508.0,非储层,0.7751194560827162,14.90184976048643,84.32303078343085,93.23100096036188,6.768999039638112,93.75863244931057,13.090436504459563,1.7965114062663818,0.014901849760485045,0.527631488948673,6.241367550689436,2.5503259608462034,212.63367776221324,31.244206592734372,0.45941952983219486,0.4572937146938065,161.41069578050877,64.8869597645068,22.029258738724916
1508.125,非储层,0.7949695072448806,16.733317530148195,82.47171296260693,95.61841297265691,4.381587027343081,96.13160579263426,14.699277885500228,2.017306327117819,0.016733317530147687,0.5131928199773349,3.868394207365744,2.521010549080874,209.8582192735087,31.185229809123015,0.4644687466621697,0.46228347000143244,155.7273610624613,64.79246868123401,22.06348743234481
1508.25,非储层,0.7768918698054625,14.556404591205663,84.66670353898887,93.33246077738747,6.667539222612529,93.85526151263026,12.786982361052967,1.7548658255614895,0.014556404591205621,0.5228007352427844,6.144738487369739,2.636769557663847,181.93319946897932,23.58097582803508,7.458613695446286,8.434944664619994,149.78547119105014,59.62974629904794,21.952285872438036
1508.375,含油水层,5.5842818931934355,93.24882192309028,1.166896183716292,67.79998249838424,32.20001750161576,81.3347178994654,79.22287647789061,6.512892974774726,7.5130524704249355,13.534735401081162,18.665282100534597,2.466379862074919,139.02272872451783,16.056727752747957,14.568165930753917,16.48072696633077,110.25398410966983,52.59010806077777,22.068654952519225
1508.5,含油水层,5.448723839716339,93.39079314022847,1.1604830200551939,68.21790278984841,31.782097210151594,81.86995562914345,79.34349321027176,6.522808846349834,7.524491083606868,13.652052839295045,18.130044370856545,2.5461593879980917,126.12924313877954,8.692910631159892,21.256573015995297,24.196316471874972,94.04159086377382,47.14174943519849,21.965890365331465
1508.625,含油水层,5.586505802589813,93.25939539057502,1.1540988068351525,70.03498623720562,29.965013762794378,83.81005362696573,79.23185954589312,6.513631470561378,7.513904374120537,13.775067389760107,16.18994637303427,2.422728374022053,92.3687676030557,1.1330327028533511,28.271060392216963,32.16494992255637,63.747138495993376,40.45674894363067,21.972029303666137
1508.75,含油水层,5.53086224007779,93.3228997530328,1.146238006889409,68.48492342400021,31.515076575999778,82.47884926418519,79.28581195150043,6.5180668844099285,7.519020917122438,13.993925840184968,17.521150735814818,2.3209724709437216,76.20180640698041,1.1246116586891273,28.187846401011605,32.072922365614716,61.104346569448126,40.095133253183896,21.966576029658153
1508.875,含油水层,5.614355782109028,93.22970870482932,1.1559355130616558,68.32226555364875,31.67773444635126,82.26070485912734,79.20663815875525,6.5115580265966155,7.511512519477441,13.9384393054786,17.739295140872656,2.4530852375531316,79.46194552905769,1.132645921693766,28.160413924345477,32.10557235248753,69.86143442649463,40.69248638678246,22.11806166481099
1509.0,含油水层,5.681188542766208,93.19538912403658,1.123422333197218,67.36964605065131,32.63035394934869,81.51651919930684,79.17748072969778,6.509161001604421,7.508747392734374,14.146873148655537,18.48348080069315,2.431931292587627,68.52991193443985,1.1389361973892487,28.313051425666554,32.22046579183786,68.25780102427647,40.4416589354095,22.212326569604826
1509.125,含油水层,5.596836338856049,93.256086207557,1.1470774535869492,69.07718284936735,30.922817150632653,83.08945027319854,79.22904811093797,6.513400343192839,7.513637753426187,14.012267423831194,16.91054972680146,2.5472835424629654,74.88944688398485,1.1153508477137852,28.126476344923777,32.10447275440855,75.36467535259177,40.93506622847967,21.92722927614166
1509.25,含油水层,5.461291023567213,93.4125625476133,1.1261464288194702,70.67502075630239,29.324979243697612,84.64428051861817,79.36198819001177,6.524329314035085,7.5262450435664565,13.969259762315787,15.355719481381824,2.4823988600659233,84.03945013842437,1.0704521841155752,28.2036065331065,32.24207096559156,70.79349682720904,40.33369106495679,21.99447145205371
1509.375,含油水层,5.318142772468378,93.58701999546419,1.094837232067437,71.47344105558967,28.52655894441033,85.60171536450255,79.51020476322635,6.536514161661816,7.540301070576011,14.128274308912877,14.398284635497449,2.475019553319302,102.67241421387875,1.0163037397690338,27.903840942462956,32.090337038014,80.32104953376786,39.78129670022116,22.190153986454952
1509.5,含油水层,5.456714702297218,93.4690697193556,1.0742155783471807,72.12584196415574,27.874158035844264,86.1672135423566,79.40999588163436,6.528276014425234,7.530797823296003,14.04137157820087,13.832786457643397,2.551886109593449,83.02422508070838,0.9653163494560069,27.58410350481752,32.077913563427714,65.7677480043311,41.445097590407336,22.343889512869026
1509.625,含油水层,5.557192452681278,93.39756378929533,1.0452437580233886,73.71253645124285,26.287463548757152,87.49412928476261,79.34924545768506,6.523281737179261,7.525036594431016,13.781592833519765,12.50587071523739,2.523944292289349,74.85147786173644,0.9503825355056179,27.384143849237088,32.13748698106461,74.58489612712624,41.06007936080324,22.302528579310792
1509.75,含油水层,5.654495780651024,93.30140808566534,1.0440961336836223,72.15276279470406,27.84723720529594,86.06202534268552,79.26755293573979,6.516565815264744,7.517289334660823,13.909262547981463,13.937974657314477,2.486666919145356,86.7950562317442,0.957512505235554,27.09196521778067,32.01154220423207,85.96608627617586,40.30836167043757,22.177877448069854
1509.875,含油水层,5.594889240471565,93.33125134067383,1.0738594188546067,71.57786440046046,28.422135599539544,85.47506005833452,79.29290734190252,6.518650194690463,7.519693804080845,13.897195657874068,14.524939941665483,2.4610637036855896,85.6098704707933,0.9720521263530816,26.924947933146793,31.897208066170734,79.95971810623901,40.42226564141817,22.069862531765562
1510.0,含油水层,5.669634633283542,93.2500075658668,1.0803578008496584,71.36130950646888,28.638690493531115,85.3020714025584,79.22388378317656,6.512975785091796,7.51314799759844,13.940761896089512,14.697928597441601,2.5555421986198184,84.53152423931895,1.0016196757329643,27.177134374970123,32.030941424621,55.44723001641678,40.52240286861159,22.02434737754461
1510.125,含油水层,5.611993925641985,93.31142232759676,1.0765837467612558,70.84339285768964,29.156607142310364,84.76161936455914,79.27606089364413,6.517265252368373,7.518096181584258,13.9182265068695,15.238380635440862,2.343242496187428,92.49311720522984,0.9981132629711995,27.275055913174537,32.06519019836118,68.46375804037142,39.928444593453165,22.23213744160552
1510.25,含油水层,5.4620732324241095,93.46745292409203,1.0704738434838512,72.5537004969055,27.446299503094494,86.12797698940096,79.40862227531082,6.528163090590952,7.530667558190254,13.574276492495455,13.872023010599044,2.506042970149431,85.69881037892722,0.9861571716846018,27.12583544478521,31.947443419746456,75.73836297489544,40.50917189554241,22.06280048267666
1510.375,含油水层,5.5408985013531895,93.38123461240836,1.0778668862384542,72.98981090351452,27.01018909648547,86.65510054360449,79.3353724206126,6.522141238251362,7.523720953544403,13.665289640089965,13.34489945639551,2.185708362972466,104.13066600715577,0.9638507458156962,27.012620125463627,31.802965997460948,62.14218656578314,39.53284518188227,22.035781632355597
1510.5,含油水层,5.43904100009309,93.4585418376959,1.1024171622110048,73.64600255934144,26.35399744065856,87.27118304840877,79.40105154270226,6.527540702545827,7.52994959244782,13.625180489067338,12.728816951591227,2.425532434034125,79.3566510986097,0.9296349079074862,26.75574413917598,31.462455771378707,71.58451809905618,40.27147609141609,21.988841797882582
1510.625,含油水层,5.339321730956243,93.54875554610905,1.111922722934702,74.205185830472,25.794814169527992,88.0991489968113,79.47769582979171,6.5338416103282,7.537218105989135,13.893963166339281,11.900851003188706,2.4969788716661485,96.82633359582569,0.9236569626800748,26.702008970112782,31.189533380890836,76.82530570943196,40.804709348055496,21.98602877943417
1510.75,含油水层,5.350165678743431,93.52635516970058,1.1234791515559872,72.73374365399059,27.26625634600941,87.01377517650823,79.45866478771882,6.5322770730918664,7.535413308889901,14.28003152251764,12.986224823491765,2.4332040099364844,79.03491216774508,0.8975056677660992,26.63972734699604,30.93966270944309,62.255348893163244,40.03000835470014,22.192134695883727
1510.875,含油水层,5.340819618478461,93.55718703117397,1.101993350347558,74.66443938337848,25.33556061662152,89.2720542036897,79.48485909991189,6.534430500983479,7.537897430278607,14.607614820311223,10.727945796310301,2.356799734601434,81.21568846046533,0.8894387537512456,26.681507339168014,30.84597591307812,80.63926221374446,41.4367452885559,21.872560036841648
1511.0,含油水层,5.341056146495764,93.5393126696626,1.1196311838416246,73.81618549247891,26.1838145075211,88.08410641241181,79.46967329589923,6.533182079811875,7.536457293951512,14.267920919932905,11.915893587588188,2.4216433104880126,95.52721559895815,0.8789728349029857,26.6090051982006,30.693912160670447,68.43878347165905,41.235011184772745,21.857653844343247
1511.125,含油水层,5.1940430552380334,93.66364112069179,1.1423158240701683,75.35738683526618,24.642613164733817,89.24297814783299,79.57530098443664,6.541865705819938,7.546474430435223,13.8855913125668,10.757021852167014,2.5175132882696247,81.3912585057362,0.854622510011759,26.149232752109565,30.30529360838452,64.61838868906369,40.36300309984083,21.910280539123125
1511.25,含油水层,5.272749356834185,93.57613642630434,1.1511142168614696,76.26099186476507,23.73900813523493,89.87775618819708,79.50095823723913,6.535754007059756,7.539424182005451,13.616764323432005,10.122243811802923,2.448023865972129,70.1265851712718,0.8642385279264876,26.0518875553299,30.260534884016177,68.36044638152978,40.76123550795256,22.26610807151449
1511.375,含油水层,5.284782762918843,93.57388629852133,1.1413309385598276,75.01991367679635,24.980086323203654,88.44556479340658,79.49904656059019,6.535596848597825,7.53924288933332,13.425651116610226,11.554435206593428,2.5332842637620367,89.16692648636037,0.8683241112220539,26.11899494503887,30.38042228592728,76.20612404695773,39.06745749742584,22.097484868523548
1511.5,含油水层,5.281279516179549,93.59825212195523,1.1204683618652254,73.82965329565369,26.170346704346315,87.45775710175099,79.51974741857826,6.537298660985311,7.541206042391649,13.628103806097307,12.542242898249011,2.443426509306801,69.29557034884043,0.8726011404597169,25.997223285479514,30.364463284369663,75.96074199103548,41.16047986802845,21.9438734622729
1511.625,含油水层,5.3564577304924885,93.52013317129098,1.1234090982165374,75.26230768394403,24.73769231605597,88.96580466714732,79.45337866612195,6.531842502349895,7.534912002819126,13.703496983203301,11.03419533285267,2.4083254554329048,77.4704850604019,0.8707337593566513,26.187908593381117,30.55075273995456,57.47204461056651,41.040331222522745,21.950542362426596
1511.75,含油水层,5.255070446710898,93.62674591169042,1.1181836415986766,75.67214685784488,24.32785314215512,89.69956712384895,79.54395533818544,6.539288788036397,7.54350178546858,14.027420266004063,10.300432876151056,2.515723301363958,96.58893022701311,0.8375689454252462,26.150518062722178,30.408984547787384,52.30403993776937,41.83758474131038,21.96306456027837
1511.875,含油水层,5.098819413336916,93.77340643179427,1.1277741548688098,77.321744512515,22.678255487485,91.7229399111863,79.66855603585381,6.54953218040707,7.555318215533391,14.40119539867131,8.277060088813693,2.2391720514583153,93.69830336676168,0.7994399005958654,25.824845279550416,29.992051065623905,77.41844316129708,40.75180021944472,22.147072104596603
1512.0,含油水层,5.173815921031574,93.69834127284636,1.1278428061220558,77.11341475354199,22.88658524645801,91.68809339115637,79.60478174152516,6.544289311529161,7.549270219792048,14.57467863761438,8.311906608843634,2.401932322796272,91.51532071229522,0.7841612504344246,25.854794106794493,29.871484730150524,64.72856337160027,40.696423196896006,22.22305350112385
1512.125,含油水层,5.259943481943018,93.61069138077171,1.1293651372852629,75.76470195385507,24.235298046144937,90.53701887998426,79.53031563643208,6.538167471547059,7.5422082727925766,14.772316926129204,9.462981120015733,2.3262357646028065,83.35443031207315,0.7896776726135389,26.377431284374552,30.218076168012416,67.68173088142267,40.497622679992745,22.200568647019505
1512.25,含油水层,5.105864729055865,93.79218446303679,1.1019508079073486,73.55835352974529,26.44164647025471,88.48998357240954,79.68450958485253,6.550843717703062,7.556831160481189,14.931630042664256,11.510016427590452,2.3156248615171053,87.34898807738465,0.8152274823388064,27.127373367741136,30.911567774129576,70.24795707480858,41.12749586625407,21.895705114100302
1512.375,含油水层,5.10277192006068,93.82589594022716,1.0713321397121616,73.12254361302884,26.877456386971154,88.07470097675296,79.7131503777147,6.553198270162111,7.559547292350341,14.952157363724112,11.925299023247039,2.432369509001194,82.09991373136077,0.8251236830236771,27.584441458553314,31.429660773272694,63.54574239510282,40.42425815184158,22.118135905565747
1512.5,含油水层,5.23507748948962,93.71272557808432,1.0521969324260623,74.84835451915389,25.15164548084612,89.86290718763715,79.6170024432304,6.545293972377408,7.550429162476513,15.014552668483269,10.137092812362846,2.374311013757952,73.18261893410181,0.8019252810657894,27.63727834108269,31.585573203649563,70.38715723716275,41.60857641545623,22.178873541328937
1512.625,含油水层,5.290333992588462,93.66165464738759,1.0480113600239436,76.93626441034397,23.06373558965603,92.39118323077214,79.57361330489324,6.541726962104353,7.5463143803899975,15.45491882042818,7.608816769227856,2.4810985041494877,72.86172365819324,0.76827352781535,27.097854500908127,31.302558637750188,59.686623200091134,40.244684745009025,21.949933671465736
1512.75,含油水层,5.359051978481696,93.6123394785553,1.0286085429630047,76.88026183972086,23.119738160279148,92.1803906408696,79.53171583693262,6.538282581682019,7.542341059940651,15.300128801148743,7.819609359130397,2.4064712864162834,99.81694926116445,0.75185896336543,26.56452709211992,30.859562953462877,60.95652647998041,40.722104133595465,21.999757117437415
1512.875,含油水层,5.373307220201987,93.5722201382028,1.0544726415952321,74.83174608089142,25.168253919108572,90.47839129685809,79.49763101441614,6.5354804768988615,7.53910864688779,15.646645215966656,9.521608703141915,2.268008988027364,77.32115338936642,0.7458424682832062,26.263390168008133,30.557708094645534,65.97261059548381,41.431412664869654,22.25072658161626
1513.0,含油水层,5.34036377816017,93.59122316964702,1.0684130521928092,75.7273405178582,24.2726594821418,90.96119827033421,79.51377572039486,6.536807729162645,7.54063972008951,15.233857752476013,9.03880172966579,2.3365736313601886,88.01911143175093,0.7465120216959671,25.87873759240387,30.238178784495446,71.69893681589998,39.59562849689557,22.12385222805318
1513.125,含油水层,5.457041327696593,93.46944715083865,1.0735115214647648,77.84022189947612,22.159778100523887,92.8775827653927,79.41031654206893,6.52830237583982,7.530828232929901,15.037360865916598,7.122417234607292,2.4455559239742404,93.23504547258935,0.7669050254845481,25.711861903134555,30.040918103852274,67.47565472630627,40.95223173039972,21.847540812705986
1513.25,含油水层,5.450287417415209,93.46235228176674,1.0873603008180375,76.00986377078868,23.990136229211313,90.69896144831195,79.40428884193805,6.527806840110978,7.530256599717716,14.689097677523252,9.301038551688057,2.314513560914577,86.88691518020889,0.7633988717313325,25.313009236182143,29.73678237269851,79.47446143545139,40.59936219095104,21.87115338623341
1513.375,含油水层,5.3734679747723515,93.52797357687402,1.0985584483536304,76.88804807436014,23.11195192563985,91.32946141850016,79.46003976349812,6.532390109508765,7.535543703867146,14.441413344140013,8.670538581499843,2.412733595281661,88.86089508569488,0.7545417492959956,24.81531477241322,29.299435175741692,69.39148212582933,41.16886857086239,21.982197759168177
1513.5,含油水层,5.454191951286842,93.44080432591767,1.1050037227954783,77.80492037192715,22.195079628072843,92.54829868772758,79.3859820042818,6.526301839539647,7.528520482096226,14.743378315800426,7.4517013122724185,2.3022689724380974,86.9923113628432,0.7752134977237498,25.054017385922563,29.38033307663379,68.8717493718141,40.35603192882245,21.99266513091626
1513.625,含油水层,5.3120674431657875,93.55781133618459,1.1301212206496247,76.00293998521842,23.997060014781578,90.87258986084242,79.48538950059385,6.534474105091648,7.537947730499084,14.869649875624006,9.127410139157577,2.288307201704793,81.34747251647191,0.7959410003261529,25.193470810589965,29.298010348775545,46.74688315752431,39.97372682065832,21.694973664927254
1513.75,含油水层,5.417915043719187,93.42910348976348,1.152981466517328,73.8050311123823,26.194968887617698,88.99569942390309,79.37604113984818,6.525484603546569,7.5275777463687215,15.190668311520787,11.004300576096915,2.3930895305507667,100.23501004743069,5.672728347399676,19.13980053977742,22.12612623092777,86.59058579180306,46.035877832584816,23.068847561522308
1513.875,非储层,1.3873463301886493,44.020950838730386,54.59170283108096,91.47898832231532,8.521011677684687,92.32148615295603,37.91678998958375,6.060139898307909,0.044020950838730144,0.8424978306407119,7.678513847043977,2.2972651554676866,121.16021660625647,10.574547063155487,13.308700868260557,15.181445762400603,106.69185578423182,49.07453297372506,23.074797474638736
1514.0,非储层,1.3766376885840994,43.87245427369722,54.75090803771867,90.792333017266,9.207666982733997,91.63500381359533,37.78888468623934,6.039697133184186,0.04387245427369679,0.8426707963293253,8.364996186404671,2.036365761750161,140.61851364447236,15.417946662147738,7.165370401174809,8.056155034927981,128.9505434995134,52.29848898031203,22.940243995403375
1514.125,非储层,1.3744680317496947,44.35467453430857,54.270857433941735,90.41041870778754,9.589581292212458,91.24829453224345,38.20423792150467,6.106081938269589,0.04435467453431166,0.8378758244559041,8.751705467756555,2.2812652751605595,170.1512536631892,20.136727410127413,0.9216890124222406,0.9149963078272574,138.951905960867,56.90554099725843,23.21265456830275
1514.25,非储层,1.3728055765181288,45.42286362649629,53.20433079698558,92.70539440559982,7.294605594400183,93.55812862247036,39.12430667753915,6.253134085330636,0.04542286362649861,0.8527342168705414,6.44187137752964,2.178952449093768,164.28651196729123,19.947374274570357,0.9255167363383248,0.9188382680517186,136.62860533923268,56.48413654832156,22.05734457372601
1514.375,非储层,1.3973462629973965,46.01157335836864,52.59108037863396,93.51029411853717,6.489705881462826,94.35746612652208,39.63138303193241,6.33417875307786,0.04601157335837047,0.8471720079849041,5.642533873477918,2.1440790450425404,139.7204271511299,19.88610039126074,0.9233544756145494,0.916740039925951,140.44600544863079,56.418213665330036,22.143682339543393
1514.5,非储层,1.362670233813684,44.499950298508914,54.137379467677405,92.81755968885412,7.182440311145887,93.65743406431852,38.329369036049215,6.126081312161193,0.04449995029850787,0.8398743754644087,6.342565935681477,2.0823853066661666,153.5904289001904,19.885694216695626,0.9132227659164084,0.9067429804459881,157.96469032795673,56.61995539442537,21.865007294808116
1514.625,非储层,1.3780220159132064,44.25788758219411,54.36409040189268,94.61662913456357,5.383370865436432,95.47234111963589,38.12087192265335,6.09275777195857,0.04425788758219279,0.8557119850723198,4.5276588803641165,2.1787272726129214,157.01181605214683,20.10140782299961,0.9048501266238599,0.8984676838669072,135.82679363660455,55.88759316698247,22.090617980494045
1514.75,非储层,1.413198632417006,43.07006274802539,55.51673861955761,92.13093543055987,7.869064569440121,92.9704947851766,37.097756703116524,5.929235982160845,0.043070062748024746,0.8395593546167128,7.029505214823406,2.037400236733074,150.75142344658917,20.342058737400407,0.8908179777970404,0.8845552243314788,133.73477871058196,55.62718480986752,21.9225107400194
1514.875,非储层,1.4232846785930637,43.35477103997153,55.22194428143541,94.8485736048882,5.151426395111791,95.7068417451078,37.34298594756339,5.968430321368164,0.043354771039970375,0.8582681402195911,4.293158254892204,2.015645624256023,147.4980563550187,20.482253920952274,0.8784036724959714,0.8722422127597398,134.86206685297867,56.49709153526543,22.11525529526573
1515.0,非储层,1.4369485288575228,42.85303681758839,55.7100146535541,95.54291561605905,4.457084383940957,96.42219536198226,36.9108246521297,5.899359128641099,0.042853036817588896,0.8792797459232086,3.5778046380177453,2.0982346332209865,152.77838743889464,20.64238554948047,0.8748316557932759,0.8686408087119726,141.6127852617185,56.79424745288014,22.98592385810125
1515.125,非储层,1.4556697560461054,42.4925589970026,56.0517712469513,93.15717609612607,6.84282390387393,94.04027298140237,36.60033245333265,5.849733984672945,0.04249255899700377,0.8830968852762892,5.959727018597638,2.229721310958679,163.91975469250684,20.72277564436182,0.8675088812780614,0.8613781346816377,139.88129060684835,56.84201893213099,22.665265741926877
1515.25,非储层,1.4511111371815977,42.12689366377781,56.421995199040595,93.81309682647728,6.186903173522717,94.67546939427268,36.285372067830096,5.7993947022839345,0.042126893663778364,0.862372567795396,5.324530605727318,2.2205141345554447,152.68653831951775,20.76358687164261,0.871253427952521,0.8650217507588575,145.12123948571997,56.527975671585736,22.76827419077964
1515.375,非储层,1.431600603015608,42.963453797843385,55.60494559914101,92.46822517278945,7.531774827210558,93.33714669612387,37.00593067260051,5.9145596714450335,0.042963453797841694,0.8689215233344211,6.662853303876137,2.224547483006838,181.15497099203532,20.68512230250851,0.8774367409301518,0.8711356806032737,149.2081405053768,57.942709015694724,22.858364008954545
1515.5,非储层,1.4598046371585602,43.71151881534669,54.82867654749475,94.28423673298182,5.71576326701817,95.16640797555256,37.65026532750469,6.0175419690266585,0.04371151881534738,0.8821712425707324,4.833592024447442,2.080201762931095,161.9397945159203,20.53879773138548,0.8878368547566835,0.8813771855685236,141.00153280268262,57.24042834517546,22.007842771076966
1515.625,非储层,1.4975059889679816,44.079860151467784,54.42263385956423,91.48238457140575,8.517615428594262,92.39067677546512,37.96753064822326,6.06824964309306,0.04407986015146845,0.908292204059396,7.60932322453487,2.2332555227380224,147.22426518339972,20.457227539672598,0.9003011116950993,0.8936142307974189,149.57535509715765,56.33669227105739,21.813242488192657
1515.75,非储层,1.4708117284828175,43.084716154846426,55.44447211667076,90.03640319514466,9.963596804855346,90.92128090640499,37.11037819671171,5.931253241979871,0.043084716154846714,0.8848777112603364,9.078719093595012,2.183116332688251,155.532261307163,20.464938380328896,0.9012453961530948,0.8945161095476435,138.58002579002695,57.67872670946944,22.077699288329455
1515.875,非储层,1.4830914289322004,42.849059536245804,55.66784903482199,91.92479880457672,8.075201195423276,92.8146707950603,36.907398880116084,5.898811596593477,0.04284905953624435,0.8898719904835687,7.1853292049397055,2.3140819891585647,154.40332600020648,20.673969013950355,0.8975276448680751,0.8907647176388274,136.79629018503556,56.59354005469672,21.98693594417874
1516.0,非储层,1.489341615576663,41.481274349359374,57.029384035063956,92.05850850726038,7.941491492739616,92.95203153684473,35.72927749259696,5.710515582413061,0.04148127434935936,0.8935230295843396,7.047968463155274,2.0822470657280445,153.31537624004378,20.95975885659204,0.8872740249528643,0.8805730909043802,141.07272900609848,56.19238595836199,22.10225963361103
1516.125,非储层,1.4840417552692051,41.0235937069959,57.4923645377349,90.60696684737157,9.393033152628426,91.51193356060853,35.335061091811596,5.647509021477312,0.04102359370699374,0.9049667132369543,8.488066439391472,2.0843522274523667,165.09567867251684,21.168158494611415,0.8725017808912178,0.8659454940744352,149.81791876965784,57.75534907620148,21.942087570437927
1516.25,非储层,1.4734565164545161,40.76661614459917,57.75992733894631,92.54963838043292,7.45036161956707,93.4507801352105,35.11371729800922,5.612132230445342,0.04076661614460103,0.9011417547775676,6.549219864789501,2.279602515265545,174.48766721676287,21.30529256209609,0.8667637933411857,0.8602156171616362,132.3856482957488,58.75537704201998,22.04737984359615
1516.375,非储层,1.467074852721531,41.380287012646455,57.152638134632014,91.90442101479086,8.095578985209151,92.80759334765344,35.642293555067326,5.696613170566487,0.041380287012645484,0.903172332862587,7.192406652346561,2.1878035917273464,159.70394147600308,21.213667286930015,0.8649846072290391,0.8584363944309081,159.34237033475122,57.47392964655158,21.95767200965971
1516.5,非储层,1.432189248598483,42.46066484594419,56.10714590545734,94.50653963571574,5.493460364284264,95.42045327819861,36.5728609016161,5.845343279482141,0.04246066484594399,0.9139136424828733,4.579546721801386,2.1688840150527753,155.43102707014157,20.933730318335797,0.8718890618186321,0.8652433006988164,133.40375150106507,57.53889090227828,21.82794851564309
1516.625,非储层,1.4511145800090766,44.02363725984393,54.525248160147,92.75348780942495,7.24651219057505,93.69358412474558,37.91910389837593,6.06050972420816,0.0440236372598414,0.9400963153206342,6.306415875254412,2.1061470427705498,158.6558092709212,20.60799340556106,0.8805873932286965,0.8738443158183595,135.875872445363,57.32408150109568,22.05827449381381
1516.75,非储层,1.4735086624900176,44.232672711038624,54.29381862647136,94.7339496566424,5.266050343357609,95.67205945030499,38.099153469144255,6.08928656918333,0.044232672711039256,0.9381097936625886,4.32794054969502,2.1846274029398645,133.97092768947388,20.455889005182897,0.8769381904524431,0.8702504603747023,140.8481421893031,58.54238333804295,23.199730391301483
1516.875,非储层,1.5026420665673919,42.881421208510375,55.615936724922236,96.30460268636006,3.6953973136399476,97.2519673301347,36.93527312425639,5.90326666304547,0.04288142120851199,0.9473646437746489,2.748032669865297,2.353170451328559,163.0926514207145,20.263141742136014,0.8755644035876777,0.868960187745515,128.32892115777878,58.01040794971808,23.263123079371447
1517.0,非储层,1.4881413797977845,44.384824288171195,54.12703433203102,98.82675176855354,1.1732482314464665,99.76519541457385,38.23020696269224,6.1102325011907865,0.044384824288169755,0.9384436460203286,0.23480458542614047,2.061049413285911,166.68434266591083,20.265879485838788,0.861202275372347,0.8549393339156428,149.4993953645174,56.98607160256919,23.046173992188653
1517.125,非储层,1.5238212700383766,43.76858140387706,54.70759732608457,99.07235994234192,0.9276400576580857,99.99,37.699415337769,6.025397484704191,0.04376858140387532,0.9176400576580916,0.009999999999998899,2.2355314166084432,161.80878383718095,20.300513794724075,0.8501120673688984,0.8440884276232405,135.72859529568296,56.859515552951834,23.805721334348142
1517.25,非储层,1.5450108180314157,43.68083774439497,54.774151437573614,99.06161769413727,0.9383823058627283,99.99,37.623838644260296,6.013318262390277,0.04368083774439757,0.9283823058627303,0.009999999999998899,2.123536091700477,146.20772596764738,20.108384382941907,0.8566225939177131,0.8506128015344852,130.636581273975,56.48928032421894,22.85743573749218
1517.375,非储层,1.5833908100811638,44.86327259518792,53.553336594730915,97.07029340833935,2.9297065916606413,98.01557200330244,38.6423112819398,6.176098040652939,0.04486327259518516,0.9452785949630843,1.9844279966975575,2.352063787243472,168.34341045279464,20.163970639538245,0.8575440539500854,0.8514958583835107,135.7717047102955,56.67665285723845,22.788884390529486
1517.5,非储层,1.5662538951326606,43.74884055555515,54.68490554931219,97.28211455314413,2.717885446855872,98.23862381999989,37.682411852251825,6.022679862747766,0.043748840555556806,0.9565092668557621,1.761376180000107,2.145301391440855,153.92247476434468,20.124716440069648,0.8622708640097604,0.8561106191533113,140.1044788389591,56.80866458027441,22.79885993153685
1517.625,非储层,1.5708652283163866,44.184679549683025,54.24445522200059,97.63351539104637,2.366484608953623,98.58578519051788,38.057815274821216,6.082679595312128,0.044184679549681694,0.9522697994715041,1.4142148094821172,2.1887915985293955,156.95711128993005,19.936297760278165,0.8704118513840413,0.8642046994470634,149.44422545406817,55.66105984464152,22.018078219033843
1517.75,非储层,1.566316024358215,45.69707078593144,52.73661318971035,99.06173234831782,0.9382676516821786,99.99,39.360490927989176,6.290882787156327,0.04569707078593277,0.9282676516821752,0.009999999999998899,1.9941555916615756,136.58719970901592,19.957083542649997,0.8715969404715538,0.8653290400102857,137.85790878830537,55.45369335912589,22.17122518189633
1517.875,非储层,1.5250388913021986,44.71706753628529,53.757893572412506,96.15251369894531,3.8474863010546922,97.09733154715462,38.51637973325211,6.155970735496897,0.04471706753628665,0.9448178482093259,2.9026684528453695,2.2720222039139837,160.0968758544024,19.90720780069817,0.8735500084369269,0.8673057187210897,138.4868533189106,55.69025629867245,21.94637433157824
1518.0,非储层,1.4799264262134002,44.36755528611428,54.15251828767232,97.39350520452761,2.6064947954723916,98.31114052819953,38.21533256511913,6.10785516570904,0.044367555286113636,0.9176353236719254,1.6888594718004635,2.376552130296574,152.85650578233896,20.022318409430248,0.8702580633037251,0.8640114198032907,141.50456913799277,55.79580842935359,22.00509450290782
1518.125,非储层,1.475657559744756,43.04837940238427,55.47596303787097,96.93770086370779,3.0622991362922125,97.87208315807094,37.079080076481226,5.926250946500668,0.04304837940238143,0.9343822943631477,2.1279168419290673,2.162328936920422,148.70450215109375,20.22622131480751,0.8725928242713197,0.8661148175609039,141.48209753026362,55.57947864137643,21.964377303530046
1518.25,非储层,1.4949671400570084,43.68862231693675,54.816410543006235,94.0438805559654,5.956119444034602,94.99925359327109,37.630543769810785,6.014389924809032,0.043688622316935544,0.9553730373056963,5.000746406728906,2.2898990142433076,156.75435588015446,20.247227825305842,0.8788173968466796,0.8721752631694715,148.1676156967991,56.56130746219045,22.030372932415368
1518.375,非储层,1.4852563390837763,44.603318349730145,53.91142531118608,93.09642535186285,6.903574648137156,94.04933750744675,38.41840356654235,6.140311464838063,0.044603318349731996,0.952912155583912,5.950662492553249,2.3342799014207736,175.0805632060212,20.340039755353587,0.879136414165967,0.8724360706255417,141.22634015560567,57.001870348159514,22.1924603975899
1518.5,非储层,1.5254101097118213,43.37126371971644,55.10332617057174,95.44506929373931,4.554930706260696,96.37902481877649,37.357191671482084,5.970700784514638,0.0433712637197152,0.9339555250371834,3.620975181223507,2.199916528686853,140.39847454427712,20.309712072834984,0.8879890482034977,0.8811218200256115,138.72104196514445,55.88640294796422,22.084183051866493
1518.625,非储层,1.5595402335525925,43.386361391994186,55.05409837445322,93.56026073712361,6.439739262876387,94.52216182552058,37.37019582650782,5.972779204094379,0.04338636139199145,0.9619010883969822,5.477838174479411,2.0153197674836663,148.44411003515958,20.43258837777107,0.880546003007024,0.8738336750156741,132.71256543518876,58.112055898872406,22.0071429016822
1518.75,非储层,1.56857326929712,42.2697867819852,56.16163994871768,95.0093701490459,4.9906298509540985,95.94849205030951,36.408450925755616,5.819066069447597,0.042269786781985036,0.9391219012636046,4.0515079496904916,2.2548389244768883,148.25058369626217,20.545010586542904,0.8765911379488394,0.8699939577859331,143.81851775185297,56.866335442996416,22.154340149108098
1518.875,非储层,1.5358399517207324,43.35655721205105,55.10760283622822,92.64326117341444,7.356738826585552,93.56529685591902,37.344524440265936,5.968676214573061,0.04335655721205353,0.9220356825045635,6.434703144080989,2.136787287070764,166.66102318991585,20.657587189902685,0.8751754026324724,0.8686482506392017,149.0316825140788,57.0174660242659,22.012752261445975
1519.0,非储层,1.5492183610214747,42.17227169324139,56.278509945737135,93.97143664253288,6.028563357467121,94.86696616796256,36.32445775726955,5.805641664278606,0.04217227169324017,0.8955295254296793,5.133033832037437,2.323513751069835,164.5341932094809,20.832881562970645,0.8608371208948443,0.8545909772368864,158.78750251157092,57.08576937902146,22.024130251667536
1519.125,非储层,1.5308668527028106,41.43497758196929,57.03415556532791,96.75151745578859,3.2484825442114174,97.66143535868093,35.68940046193586,5.704142142451458,0.04143497758197154,0.9099179028923506,2.338564641319063,1.9591343174545677,173.13597806827886,20.989656215257348,0.8468602684257337,0.8408365612350479,137.83918729816295,56.32505412826093,21.910390682844714
1519.25,非储层,1.5355129755603458,40.50868690705851,57.95580011738114,98.72233800087469,1.2776619991253124,99.63505942122602,34.89155379300383,5.576624427147622,0.040508686907056446,0.9127214203513352,0.3649405787739757,2.1264080172552697,156.8754670325282,21.185386172533434,0.8247714241534236,0.8190961935904217,128.1763759349493,57.04906978015771,22.002718731709532
1519.375,非储层,1.5620100193649604,41.04774722833672,57.39024275229833,99.07921382385011,0.9207861761498903,99.99,35.35586536747442,5.6508341136339615,0.04104774722833507,0.9107861761498908,0.009999999999998899,2.308585295430052,153.35267681802068,21.229298237224626,0.815877812162404,0.8102730172058529,127.894486128574,56.99517330913024,21.912973954020863
1519.5,非储层,1.5397021314820685,41.620015075533324,56.84028279298461,97.23103568389246,2.768964316107536,98.158171409082,35.848779749524844,5.729615310932946,0.04162001507553234,0.9271357251895316,1.8418285909180043,2.1153498289069943,165.88573426608374,21.148863021392614,0.8167107683367448,0.8110678748314125,127.71814950862864,56.567917404119825,22.01808345455142
1519.625,非储层,1.4952278773521408,42.30864022066325,56.1961319019846,97.88071215420075,2.119287845799245,98.80990562186305,36.44191675615364,5.824414824288944,0.042308640220665994,0.9291934676623034,1.190094378136941,2.112666112272611,168.4996253427231,20.986130839529935,0.8243985979528876,0.8186449174949546,144.97909198534322,56.947496152324426,22.056480254966136
1519.75,非储层,1.4510233578086706,42.365744807085925,56.18323183510541,98.06743724286106,1.9325627571389448,98.97981440385985,36.49110294067662,5.832276121602222,0.0423657448070866,0.9123771609987905,1.0201855961401551,2.346945487671841,172.59263547649732,20.958762616791166,0.8323241183330311,0.8264274644224645,151.91453906067454,58.06804824232229,21.98615269492108
1519.875,非储层,1.4595610313240728,41.52460760987577,57.01583135880015,95.80910990150615,4.190890098493849,96.70308911551396,35.766601950775595,5.716481051490302,0.04152460760987742,0.8939792140078128,3.2969108844860373,1.987605804598352,167.44137425355032,21.069821352886756,0.8279807992949143,0.822185782045961,164.06851055757912,57.29496904572146,22.265999292775252
1520.0,非储层,1.4819025420594714,40.473846149912674,58.04425130802785,97.27685727626965,2.723142723730343,98.15467610906448,34.86154422604522,5.571828077717546,0.04047384614991184,0.8778188327948163,1.845323890935524,2.1234789259882505,163.23831172297858,21.221705623172756,0.8290233385747332,0.8232698775900749,156.55522533877257,56.874861172055574,22.069256123332536
1520.125,非储层,1.5038302573385425,40.74412125219873,57.75204849046273,94.57807483693782,5.421925163062191,95.44996492430917,35.09434165766673,5.609035473279795,0.04074412125219945,0.8718900873713621,4.550035075690828,2.175668386457491,166.5992025618928,21.281822609858324,0.8299401660653235,0.824262847227175,148.63869070446296,57.21267748001043,22.147576426859715
1520.25,非储层,1.4845294620689427,41.72479552230916,56.79067501562191,96.49002495854158,3.509975041458424,97.35245291778875,35.939030825880934,5.744039900905911,0.04172479552230837,0.8624279592471782,2.6475470822112435,2.2808000840646425,161.5581836874908,21.316001845266786,0.8261455994948551,0.8206352974212028,142.23712978465744,56.862183706954916,22.104673443579628
1520.375,非储层,1.4799870383067635,41.108765210569054,57.411247751124186,96.9642791181769,3.0357208818230896,97.80492228949284,35.40842229715928,5.65923414819921,0.04110876521056864,0.8406431713159298,2.195077710507165,2.2111407906206564,169.3691535656018,21.122976925402106,0.8298182350475835,0.8243601949309646,142.36706539094124,58.67993935610999,21.91709859329502
1520.5,非储层,1.5125526636073572,42.48464188795972,56.00280544843292,99.12647074263892,0.8735292573610831,99.99,36.59351316944205,5.84864407662971,0.04248464188795903,0.8635292573610842,0.009999999999998899,2.1925619913428953,162.620055253115,21.024117841301404,0.8249818062199239,0.8197229527873565,150.42972204754258,57.39664634005162,22.14304507361092
1520.625,非储层,1.5350264228197181,41.67872391177772,56.78624966540256,98.69234137791916,1.3076586220808428,99.53007742669733,35.89934773072468,5.737697457141267,0.041678723911780374,0.8377360487781805,0.4699225733026613,2.1161223659248036,170.7625664852548,20.919556104967548,0.8235740682424549,0.8184213604143543,133.27916986688373,57.368184725995135,21.884670054139722
1520.75,非储层,1.5376230236124409,42.73712456159395,55.7252524147936,99.13658073283577,0.8634192671642338,99.99,36.81098535779322,5.883402079239142,0.04273712456159262,0.8534192671642314,0.009999999999998899,2.167742045654187,162.04287930475832,20.770679859341993,0.8272744346018798,0.8220928904249418,155.32330973528533,57.5228243263696,22.177153432200836
1520.875,非储层,1.5409817735599283,42.633590974138855,55.82542725230122,97.99364828359145,2.0063517164085387,98.86135705449244,36.72180824513192,5.869149138032802,0.04263359097414002,0.8677087709009833,1.1386429455075509,2.1407699957966293,176.78255512002283,20.87672809095849,0.8295935437611628,0.824396308683129,155.3718077264199,57.307701664082956,22.102177336302372
1521.0,非储层,1.5625296979223997,41.37288619107062,57.06458411100698,96.00552386253901,3.9944761374609894,96.85026637192152,35.63591896769257,5.695594337186984,0.041372886191069075,0.8447425093825157,3.149733628078477,2.098610161064382,158.84204396908757,20.792502312275587,0.8327126265345091,0.8274619797273894,141.38242015234974,56.63225161547841,22.112911517337544
1521.125,非储层,1.5722692309383157,42.55023531012117,55.877495458940516,98.7811467121731,1.2188532878269043,99.64634169198831,36.65001108612506,5.857673988685979,0.042550235310123696,0.8651949798152099,0.35365830801169507,2.1292357519010676,152.79880726922974,20.922614844709663,0.8310905913502823,0.8257671401059548,155.35046614344907,57.295006455068155,22.11431358128657
1521.25,非储层,1.5813746342380233,41.333051979225864,57.08557338653611,97.42141084005253,2.578589159947464,98.3118858874717,35.60160836294322,5.6901105643034215,0.04133305197922821,0.8904750474191678,1.688114112528294,1.975608513103189,157.45869698561089,20.999566933692726,0.8256610006456844,0.820411480899878,143.7026118720999,55.738937011469304,22.103558450704963
1521.375,非储层,1.6282670801029853,41.68721840012603,56.68451451977099,99.10632954056467,0.8936704594353251,99.99,35.9066643316757,5.738866850050198,0.041687218400123655,0.8836704594353314,0.009999999999998899,2.0790561639916265,166.46633730949648,20.920986994425064,0.8221448463652654,0.8169906453953336,145.1153217595386,55.9857483008922,21.96687290690759
1521.5,非储层,1.6744178986446965,42.03022526378809,56.29535683756721,99.11979261221522,0.8802073877847816,99.99,36.202108182084714,5.78608685643959,0.042030225263786636,0.870207387784783,0.009999999999998899,2.250193426261653,172.8054437531493,20.95615021030652,0.8199789485191458,0.8148821614562409,161.7909713610817,57.75744265923382,22.0898583744641
1521.625,非储层,1.6573725488855777,42.07811701212718,56.26451043898724,99.12017655667701,0.8798234433229912,99.99,36.24335902581727,5.792679869297778,0.04207811701212871,0.8698234433229881,0.009999999999998899,2.1120187614623958,154.28836517392463,21.005691107948937,0.814619192379936,0.8096144353963317,147.01416309772188,57.264403103030986,22.007384749224546
1521.75,非储层,1.6307233791813887,40.70435750927886,57.66491911153976,99.09677984920594,0.9032201507940485,99.99,35.06009175027568,5.603561401493895,0.04070435750928025,0.8932201507940465,0.009999999999998899,2.2820132083601146,170.77724172658458,21.231526183298527,0.8062126497540333,0.8012498557064607,134.84959580031662,56.9230788690983,22.041913526482336
1521.875,非储层,1.6154931068475982,39.25818461421985,59.126322278932555,99.10072113942245,0.899278860577557,99.99,33.814452278482705,5.404474151122924,0.03925818461422079,0.8892788605775576,0.009999999999998899,1.963572938153729,163.80748797604133,21.425277903173303,0.7989127609294725,0.7939464907322774,152.88577971360695,58.1328288126687,22.040372344060234
1522.0,非储层,1.6067947704895003,40.00139567176717,58.39180955774332,99.11060311977346,0.8893968802265451,99.99,34.45460604731418,5.506788228781226,0.040001395671765416,0.8793968802265504,0.009999999999998899,2.000398431522767,161.86823175551154,21.73596068974564,0.7874354073429997,0.7824667720867426,147.04153407241586,57.74294035408708,22.151438110038782
1522.125,非储层,1.566151890430167,38.808123411010556,59.62572469855928,99.10143079091033,0.8985692090896724,99.99,33.42679876806529,5.342516519534252,0.038808123411010476,0.8885692090896722,0.009999999999998899,2.031527044783679,168.32016740751445,21.86086886410361,0.7828857210683376,0.7779235464550227,144.18782565023602,57.809403249238486,22.056310719094334
1522.25,非储层,1.5636846218882912,39.41921400818046,59.01710136993125,99.10107526473895,0.898924735261053,99.99,33.953152547255236,5.42664224691704,0.03941921400818019,0.888924735261059,0.009999999999998899,2.0413754530567223,169.64101859462028,21.82983902461701,0.7859183161965113,0.780865865337049,147.36755022761014,58.684820269813386,21.839026116144485
1522.375,非储层,1.597378458627952,39.6367976167355,58.76582392463655,98.13907059476735,1.8609294052326586,99.05018139044863,34.14056494597832,5.4565958731404445,0.039636797616734304,0.911110795681275,0.9498186095513783,2.1665251201727322,152.4924919289611,21.736345186660287,0.7894784490360098,0.784328567516823,145.24031846418958,57.38615346257319,21.842925413580254
1522.5,非储层,1.6175464570361058,41.001680652341896,57.380772890622,99.06957615867665,0.9304238413233468,99.99,35.31618660874125,5.6444923629483075,0.041001680652339584,0.9204238413233429,0.009999999999998899,2.0470069423844555,189.06627046602497,21.563035799895257,0.8001657426058018,0.7948386247113227,150.93321545863557,57.79384876682361,22.159035507515743
1522.625,非储层,1.6040006076126976,40.70290789255291,57.693091499834395,96.93613642604573,3.063863573954262,97.86388541651608,35.05884314451148,5.603361840148882,0.040702907892551515,0.9277489904703401,2.136114583483917,2.360420610583546,163.8874734851927,21.453224215898423,0.80422035455362,0.7988168279082573,144.64619695397568,57.64185098393135,22.088090515775598
1522.75,非储层,1.6432318412905944,40.528982928654344,57.82778523005506,99.05442532207628,0.9455746779237217,99.99,34.9090354687471,5.579418476978586,0.040528982928656615,0.9355746779237192,0.009999999999998899,2.154946329675965,160.66670673890565,21.29703312016033,0.8094718724024597,0.8040422613566072,135.7433705761808,56.866398937321776,22.120315476455772
1522.875,非储层,1.6463114783082662,41.270233876199654,57.08345464549207,98.42628406959342,1.5737159304065718,99.34713850208298,35.54750092603858,5.681462716284877,0.04127023387619708,0.9208544324895611,0.6528614979170122,2.0336945559923922,162.70883482697354,21.356722012260335,0.8072429217420751,0.8018129455410891,149.03624248025602,56.02656813210322,22.21920234055326
1523.0,非储层,1.6317374746177085,40.34259034740146,58.02567217798082,99.05675870048452,0.9432412995154849,99.99,34.74848899657132,5.553758760482745,0.0403425903473989,0.933241299515485,0.009999999999998899,2.2402140018381957,180.59554240065293,21.416350987852372,0.8032017914920495,0.7977838315575534,143.52330817831933,57.34462174423856,22.242237445935938
1523.125,非储层,1.6497033404036767,39.990679754922645,58.359616904673686,97.78927559126797,2.2107244087320344,98.74880427146012,34.44537605203242,5.5053130231352965,0.03999067975492335,0.9595286801921531,1.2511957285398778,2.317211886556748,174.46227543472972,21.3327169538794,0.8065375495247991,0.8010870165485253,142.1321209143821,56.74219876503081,22.160164942950484
1523.25,非储层,1.6795462273172523,41.400049880957766,56.92040389172498,98.96266628954658,1.0373337104534253,99.91166872302314,35.659316007174205,5.699333823902603,0.041400049880956774,0.9490024334765685,0.08833127697686072,2.1266545617724733,164.61557680589485,21.46520619556945,0.800306781309725,0.79486967894483,152.16614074497943,56.380640204000116,22.041398444553437
1523.375,非储层,1.6742969004589576,39.792674428970955,58.53302867057009,99.03695364310633,0.9630463568936709,99.99,34.274827115267435,5.478054639274546,0.039792674428969915,0.9530463568936717,0.009999999999998899,2.129316463717759,164.17318791467127,21.50464623831008,0.7989024034959704,0.7934223155135723,150.71715591409114,56.337990131884744,21.896030895258985
1523.5,非储层,1.6464155441595056,39.90193272054062,58.45165173529987,99.02402782946517,0.9759721705348334,99.99,34.368935116506314,5.4930956713137675,0.039901932720538824,0.9659721705348323,0.009999999999998899,2.144899002399256,160.00866579034357,21.647207244243038,0.7913684081391568,0.7859164700767132,156.37487261724047,56.731969825113225,21.863293238305268
1523.625,非储层,1.6611578701297542,38.403479188481825,59.93536294138841,98.99623321300803,1.0037667869919775,99.99,33.07826449713761,5.286811212155733,0.038403479188482,0.9937667869919788,0.009999999999998899,2.1067785561764145,179.2238185258241,22.002039421699394,0.7784753641315136,0.7730218547642133,139.8265829640903,58.700278775577836,23.01049694599929
1523.75,非储层,1.6686876496075291,37.572347768442604,60.75896458194987,98.98759055837051,1.0124094416294804,99.99,32.36238183429324,5.172393586380927,0.03757234776844143,1.002409441629485,0.009999999999998899,2.1010137521581616,156.23037779977582,22.22662919584268,0.7706817403925683,0.7652151853075523,142.10700548679586,58.44956193051709,22.967594910042326
1523.875,非储层,1.6311881649000788,37.40661292834482,60.962198906755106,99.00814154431603,0.9918584556839694,99.99,32.21962859961262,5.149577715803852,0.03740661292834582,0.9818584556839655,0.009999999999998899,2.130973398490463,168.1802177838616,22.587257289227697,0.7583090046102082,0.7529294697183778,137.49252300665086,57.61275682876736,22.787208064852436
1524.0,非储层,1.6291349023734938,36.02006119171419,62.35080390591231,99.02183077389205,0.97816922610795,99.99,31.02534292413691,4.958698206385565,0.03602006119171608,0.9681692261079548,0.009999999999998899,2.292163531908696,178.17534725583297,22.87859748085,0.7526316091710066,0.7472696945802668,149.55092919806535,58.35852204235691,23.154922548415634
1524.125,非储层,1.6599823904672864,35.31527536908049,63.02474224045223,96.86967488177508,3.130325118224919,97.85679870629723,30.41828615877221,4.861673934939195,0.035315275369082744,0.9871238245221516,2.143201293702768,2.100270914583166,183.11845187533987,23.156230021584335,0.7488583141642886,0.7435082422611823,135.471799894835,57.922832309504685,21.787457691635158
1524.25,非储层,1.6493514417477158,34.66871604526214,63.681932512990144,96.19728981417599,3.8027101858240098,97.17528505316668,29.861381920450796,4.77266540876608,0.03466871604526148,0.977995238990694,2.8247149468333177,2.2642667547371493,183.96578266563893,23.446272149160368,0.7477364471205336,0.7423195497710582,159.9106517986417,57.96246841101822,21.95009454809605
1524.375,非储层,1.6429240769599625,34.381412384498944,63.97566353854109,94.64977963237659,5.350220367623404,95.62996183940665,29.61391719375043,4.7331137783640145,0.034381412384496685,0.9801822070300608,4.370038160593348,2.1252789394144265,159.27135722090424,23.703756988567147,0.7467200503990157,0.7412283907941799,146.6628496090706,58.421664394054616,22.095179915641356
1524.5,非储层,1.6500878337921285,33.3218421249678,65.02807004124007,95.23951752560774,4.7604824743922585,96.22115020831201,28.70127214078388,4.5872481420589555,0.0333218421249698,0.981632682704272,3.778849791687988,2.2025650015853904,195.9729197550547,23.850901741352413,0.7464542544260768,0.7409003728294192,151.3466057186599,60.65497127089094,22.13236122608436
1524.625,非储层,1.6690751562044495,33.780689473851055,64.5502353699445,94.57719921935154,5.422800780648462,95.57760983498139,29.09649346684339,4.650415317533814,0.03378068947384877,1.0004106156298493,4.422390165018609,2.1381951221322337,184.0024568354873,24.03936448983884,0.7415699513063799,0.7360921043164885,147.7478173316813,59.44607544437748,22.112687018823177
1524.75,非储层,1.7186886864564255,32.58239964420599,65.69891166933758,95.68276276624991,4.3172372337500935,96.65760652190542,28.06436437940598,4.485452865155808,0.03258239964420567,0.9748437556555082,3.342393478094585,2.187538365553686,191.7870311472021,24.05568790822408,0.737391800802144,0.7320068283661141,140.43123866955926,59.928956311668706,21.96720835187373
1524.875,非储层,1.6887251484093018,34.10950989523636,64.20176495635434,96.54059159864329,3.4594084013567117,97.52360707692812,29.379718036608555,4.695682348732564,0.03410950989523737,0.9830154782848193,2.4763929230718906,2.4447160468554614,166.61924489511648,24.145349082086422,0.7306842209680532,0.7253959408490258,161.42090103015406,60.07084489387997,21.981621114853056
1525.0,非储层,1.6857617984667315,32.257908045795645,66.05633015573761,97.39770823110905,2.602291768890952,98.39276665264866,27.78486837680068,4.440781760949168,0.0322579080457977,0.9950584215396024,1.6072333473513445,2.144888183430463,178.838605738223,24.24621491942396,0.721110436200729,0.7159955642544911,149.88000580555027,59.58596616221653,22.264800027808377
1525.125,非储层,1.6457592897986677,32.61359024768762,65.74065046251371,98.08128458272304,1.9187154172769505,99.06376814695831,28.091229940901773,4.489746716538159,0.03261359024768554,0.982483564235255,0.9362318530416913,2.121164216075954,182.62265957375428,24.213659511472983,0.7180388771144338,0.7129562246968504,157.2793295762093,60.09397648945655,22.061310683804788
1525.25,非储层,1.6561056110916215,32.92886779046913,65.41502659843925,97.9069202606532,2.0930797393468037,98.88359472579604,28.362789554002198,4.533149368676461,0.03292886779047016,0.9766744651428514,1.1164052742039576,2.4939558565235043,163.99841120772157,24.42623870528057,0.7104395375192063,0.705430501864461,156.2111446054173,59.62667622340073,22.018052534886795
1525.375,非储层,1.69328059819836,31.787739074021403,66.51898032778024,97.20694426565224,2.79305573434776,98.19614363096694,27.37989533958274,4.376055995364645,0.03178773907402052,0.9891993653147113,1.8038563690330522,2.41079421697926,170.2444770622629,24.334343862906096,0.7140480955774678,0.7089558527196363,155.36556765476178,59.81700199232672,22.041685768213853
1525.5,非储层,1.6739329024684575,33.27560635179412,65.05046074573742,96.91882938034766,3.0811706196523403,97.93412243752596,28.66144764658213,4.580883098860196,0.03327560635179444,1.015293057178293,2.06587756247405,2.2012134880025354,162.76111159277153,24.22843342678221,0.7208268534331586,0.7156131813310633,158.01038879179518,59.760445446155174,21.84714353980762
1525.625,非储层,1.6661525243839435,33.79419969891858,64.53964777669748,96.11676857733892,3.883231422661082,97.11881045155411,29.10813029787128,4.652275201348381,0.033794199698918004,1.0020418742151862,2.881189548445895,2.2418831409159,180.02435867883972,24.008252321343726,0.7344666195114691,0.7289944388477421,165.03260601864525,59.15177632279807,21.751724393286604
1525.75,非储层,1.6235424029322998,35.43718656334809,62.93927103371961,94.36513832597817,5.634861674021829,95.36954146420561,30.523292549192043,4.8784568275926965,0.035437186563348766,1.004403138227437,4.630458535794391,2.1514969232876053,177.63692470163775,23.75297148051841,0.7531890163794739,0.7473609108676473,149.16513285913962,59.857593475275024,22.06922746443074
1525.875,非储层,1.6008247352414104,34.784976372434365,63.614198892324225,91.6569591492128,8.343040850787197,92.65797622159356,29.961521020709192,4.788670375352736,0.0347849763724338,1.001017072380751,7.342023778406448,2.02928025420292,183.60905858677987,23.495360602850642,0.7674819674607711,0.7614220939679583,136.31435765022343,58.700554250073566,22.1079091745879
1526.0,非储层,1.6467798475808366,36.17204826406998,62.18117188834918,93.83327581342131,6.166724186578687,94.85952712514563,31.15625472394692,4.979621491858988,0.036172048264070805,1.0262513117243253,5.140472874854362,2.2031067792241683,177.37395099048845,23.433481106837654,0.7776149817575537,0.7713453819207637,150.0941750557844,59.57181338516378,22.076660813476927
1526.125,非储层,1.6732280269102853,34.57312766818711,63.7536443049026,92.00107001016539,7.998929989834602,93.01972467325244,29.779048296348105,4.759506244170816,0.03457312766818946,1.0186546630870505,6.980275326747554,2.09152868566326,172.9462010429991,23.44445210674112,0.7804662936946972,0.7741118146946541,141.50955394388953,59.46267050578368,22.19559466839196
1526.25,非储层,1.7098135712129272,35.28704589726767,63.003140531519406,92.76740221003557,7.2325977899644345,93.80664903905476,30.39397112391154,4.857787727458858,0.03528704589726844,1.0392468290191998,6.1933509609452315,2.2385441911940696,170.96428845145604,23.47439884420555,0.7785054844310768,0.7720998224215593,158.82281747980335,58.239747373386365,22.040197840116114
1526.375,非储层,1.666631513097634,34.391202110040666,63.9421663768617,92.10976608275145,7.8902339172485565,93.16908255602718,29.622349427955935,4.734461479974691,0.034391202110038016,1.0593164732757236,6.830917443972828,2.1453653891022277,183.0183137657696,23.749185172758768,0.7724788834675261,0.7660067958435619,148.3255467212657,58.28921150089923,22.016836331865502
1526.5,非储层,1.6671863145238761,33.22350190940251,65.10931177607362,92.36062834323742,7.639371656762584,93.4411488615658,28.616568261606446,4.573710145886662,0.033223501909401126,1.0805205183283726,6.558851138434207,2.2587894394673507,164.59291156771283,23.850767205614172,0.7657678366424808,0.7592553049269308,153.6683675931501,59.32780595362139,22.087158729779162
1526.625,非储层,1.6196453207133736,33.471852105953246,64.90850257333338,93.71095850442583,6.289041495574166,94.79243734125001,28.83048100240534,4.607899251441956,0.033471852105953354,1.0814788368241814,5.207562658749987,2.231161171827043,176.95032331999698,24.04069729293121,0.7580548326286425,0.7514590547613701,145.93870116393438,58.96107642726083,21.994567069215673
1526.75,非储层,1.6138201361041122,33.29312394783484,65.09305591606103,93.56077255333697,6.43922744666302,94.66939720183967,28.676536166878563,4.583294657008446,0.033293123947836234,1.1086246485026985,5.330602798160323,2.2081715904718653,180.15031364785654,24.317160824061148,0.7505909129784016,0.7439949042506999,150.941469496788,60.05077073619167,22.129445804362458
1526.875,非储层,1.6006752262539437,31.47437664618211,66.92494812756394,91.51436825056702,8.485631749432986,92.59093675044636,27.10998528219809,4.332916987337841,0.0314743766461803,1.0765684998793492,7.409063249553638,2.0941361915138774,173.74084864581832,24.565020077737177,0.7476547998956362,0.7410544718415608,146.88593113463685,60.01414743323977,21.875957446134564
1527.0,非储层,1.606037639091119,30.65960493501122,67.73435742589766,90.06152812931795,9.938471870682053,91.11799035071057,26.408193810789438,4.220751519286772,0.03065960493501066,1.056462221392621,8.882009649289435,2.3576449094027105,185.7272781633149,24.838152815955553,0.7438552306916948,0.7372414151763483,154.55009461667083,61.098316529954445,22.04138280936475
1527.125,非储层,1.6334514030064282,30.56996827768176,67.79658031931181,91.4273232969989,8.572676703001092,92.51512130932352,26.330986611795016,4.20841169760906,0.03056996827768277,1.08779801232461,7.484878690676478,2.2112748991267632,176.1834062232903,25.212620226727616,0.7392028594903239,0.7326077258407528,162.90565388263698,61.12420130879572,21.961961070840893
1527.25,非储层,1.5921791505862224,29.35399892125432,69.05382192815945,90.2456529492688,9.754347050731194,91.32722702213779,25.283629527429994,4.041015394903067,0.02935399892125684,1.0815740728689875,8.67277297786221,2.276525759932002,198.99856393114948,25.495837386741957,0.7308670822746979,0.724327836395885,163.52466153648516,60.69081813548526,21.993688580715656
1527.375,非储层,1.6274521826582364,28.38698085403505,69.98556696330671,91.5935956859156,8.406404314084392,92.6997899131826,24.450702926066658,3.907890947114354,0.028386980854035876,1.1061942272669838,7.300210086817405,2.1687315669526743,179.21949603108956,25.831310169281508,0.7146650580236318,0.7082847666308679,158.22384549429967,60.31941684925719,21.9745322590711
1527.5,非储层,1.5903110048460734,26.947158994719324,71.4625300004346,93.66960583250818,6.330394167491815,94.77783533189977,23.210533824265838,3.7096780114587653,0.026947158994718168,1.108229499391581,5.222164668100238,2.4655729728254707,190.86999225109855,26.15578770707958,0.7063795511659544,0.7000106711667153,172.07668915025536,61.492744753478,22.038507165175936
1527.625,非储层,1.5541485901945882,27.1390775473334,71.306773862472,91.01872351683188,8.981276483168122,92.12806922519411,23.375840009523667,3.736098460262402,0.027139077547333468,1.1093457083622336,7.871930774805891,2.4527268313077273,185.31740080848974,26.27670942834271,0.699701890832892,0.6933646580419706,160.6382388240029,61.76979518046833,21.96825099025468
1527.75,非储层,1.5092648917380365,28.07014452757762,70.42059058068433,91.97511352059753,8.024886479402472,93.08056271199587,24.17780067787651,3.8642737051735314,0.028070144527578972,1.105449191398336,6.919437288004138,2.3990455090208687,199.39443267711178,26.234336565117644,0.7000715177140112,0.693750622291128,160.25559229392994,61.61213852639131,22.060115482343196
1527.875,非储层,1.5289112514334626,28.9177152623852,69.55337348618133,92.03936885714018,7.960631142859819,93.11244062826638,24.907843099512288,3.9809544476105274,0.028917715262385263,1.0730717711262097,6.887559371733609,2.3660943811929203,187.15215046473725,26.176578040647488,0.7019599646708564,0.6955967683559736,162.19382514225603,62.35695132656873,22.015697835412897
1528.0,非储层,1.4969734159470087,27.658979612922664,70.84404697113033,93.48496090057917,6.5150390994208385,94.57675576692644,23.823649905959503,3.8076707273502395,0.02765897961292188,1.0917948663472794,5.423244233073554,2.2060004186854383,187.07733749567106,25.978047476800263,0.7077024014807062,0.701257302056,170.1113316226668,61.23677392197378,22.174336573027404
1528.125,非储层,1.473441288735896,29.356309426969883,69.17024928429421,90.8933279612506,9.106672038749398,91.98795402340455,25.285619647096148,4.041333470446767,0.029356309426970678,1.0946260621539585,8.012045976595438,2.480173306341406,175.27373346174255,25.841929378887308,0.717006036902279,0.7103740640898296,168.7652484120195,61.584837157481076,22.017641905632097
1528.25,非储层,1.4920595833183337,29.62703025336204,68.88091016331963,89.16754913963612,10.832450860363874,90.27735714751448,25.518800996534125,4.078602226574555,0.029627030253361747,1.109808007878355,9.722642852485519,2.305549241396052,187.91734898663887,25.771390241719764,0.7198072259799599,0.7130505063189059,150.57589349933878,61.06009147121927,22.033089701094717
1528.375,非储层,1.534741533061875,29.685222270445543,68.78003619649257,91.61051808254996,8.389481917450048,92.73142635312507,25.568923823251538,4.086613224923561,0.02968522227044454,1.120908270575127,7.268573646874921,2.3551875334451293,204.16298244141282,25.73721635790625,0.7223214305671657,0.7154277093519571,155.29169351954747,60.33040857264409,21.950292845275367
1528.5,非储层,1.526349721551822,28.02402210282462,70.44962817562356,92.59679085724605,7.403209142753953,93.74864008077297,24.138073814647758,3.8579242660740363,0.028024022102823842,1.151849223526928,6.251359919227029,2.3665665293766622,183.14640497902903,25.692988587300096,0.722974490969765,0.7160371510973195,155.37029272061972,60.27787822600729,22.22158205346673
1528.625,非储层,1.4855052474089943,29.81592394277114,68.69857080981987,91.20436195987031,8.795638040129683,92.325184701513,25.681501760947896,4.104606257880474,0.029815923942770606,1.1208227416426764,7.674815298487003,2.246297879939333,189.8244961823123,25.530154409876097,0.7184183691816393,0.7116242620064399,157.42959754069656,60.473494721920076,22.060551843253464
1528.75,非储层,1.5269484884012874,31.236136182310336,67.23691532928837,93.92128039048413,6.07871960951587,95.04758294278054,26.904780408983502,4.300119637144522,0.03123613618231172,1.1263025522964127,4.95241705721946,2.2268024121940915,185.5711279258732,25.346357887599694,0.7217635108855834,0.7148625910193028,165.07077183187266,61.52083464077573,21.943967164249063
1528.875,非储层,1.489117624829308,31.68338991335613,66.82749246181456,92.6616474855847,7.338352514415303,93.82099354514214,27.290015745090802,4.361690778351972,0.03168338991335756,1.1593460595574505,6.179006454857849,2.2721552474732967,177.1668464398501,24.834449050197694,0.7409185346177489,0.7336585679381149,164.4521826643806,61.09529504996997,21.895522484629343
1529.0,非储层,1.4625276769545927,33.66301290761727,64.87445941542813,90.55776704653046,9.442232953469542,91.73809366910719,28.9951345101746,4.634215384535052,0.03366301290761847,1.180326622576734,8.26190633089281,2.1766911998601572,178.11327479193582,24.401245926714978,0.7614011656624963,0.7537690805049582,138.1621113837229,59.78213239027652,23.039500791844254
1529.125,非储层,1.4969279848497135,34.572027393976946,63.93104462117334,87.91662721355388,12.083372786446123,89.06513339645635,29.778100591553848,4.759354775029122,0.034572027393976745,1.14850618290246,10.934866603543657,2.156558663724799,173.64966263714183,24.196181151304298,0.7802925438827651,0.7723000511980505,163.78731014937608,60.15572937086926,22.936582469317887
1529.25,非储层,1.513662814463005,33.621034758928005,64.86530242660899,87.82122129599587,12.178778704004134,88.94340395162354,28.95897725737392,4.628436466795158,0.03362103475892664,1.1221826556276666,11.056596048376466,2.3649699987609534,172.33138494729332,24.073833600765685,0.7904890689158688,0.7823629593138425,151.72871587657787,59.30216924391907,22.71914946521051
1529.375,非储层,1.5393831511456058,33.04519448206323,65.41542236679116,89.5087185878943,10.491281412105714,90.64791780404025,28.462985816266396,4.549163471314775,0.03304519448206408,1.1391992161459623,9.352082195959754,2.2856686225696126,169.5063999098981,23.959370474118323,0.7989372765507278,0.7907301665827599,150.58655072702524,60.19498819477846,22.997778224914175
1529.5,非储层,1.5788888215724797,34.861421809709114,63.55968936871841,88.41761717586353,11.582382824136472,89.5862377833848,30.027366158889592,4.799194229009816,0.034861421809707915,1.1686206075212784,10.413762216615197,2.097295814840672,184.27451410485648,23.896926625567662,0.8047403355161172,0.7964441325458687,159.4423948056157,58.93129543211247,21.94569507731678
1529.625,非储层,1.5713970598356348,35.2303475115184,63.198255428645965,86.3463982853386,13.6536017146614,87.49903075984793,30.345134814285263,4.849982349721618,0.03523034751152024,1.1526324745093262,12.50096924015207,2.2525419025880016,176.96638360765053,23.7217362477011,0.8104671828201473,0.8019987049401606,162.3350858109431,60.293782706446734,21.929983228837294
1529.75,非储层,1.5294710629264887,35.49800426600363,62.97252467106988,87.94614463614529,12.053855363854705,89.12301342761867,30.575676971048065,4.886829290689564,0.03549800426600608,1.1768687914733809,10.87698657238132,2.2829815242681515,173.7014447066819,23.541716854533966,0.8214232986382293,0.8126644761753806,140.9403057649276,59.21634756729657,21.84972798033466
1529.875,非储层,1.545335495402991,35.04313269223832,63.41153181235869,87.29154534056772,12.708454659432277,88.47916127802407,30.183880119638022,4.824209439908058,0.035043132692239715,1.1876159374563457,11.520838721975935,2.216326736245131,167.99703572318091,23.533578256331516,0.8187943212247101,0.810046085847141,153.2143696542818,59.718403633096095,22.11833855863138
1530.0,非储层,1.5324628934961078,34.95162597418132,63.515911132322564,89.73443451956442,10.26556548043559,90.92030651896368,30.105062171704226,4.811612176502913,0.03495162597418125,1.1858719993992777,9.07969348103631,2.2495663468825144,189.7100736120083,23.628528041089655,0.8136887231252752,0.8048710322168164,163.14738944368366,60.13086774489801,22.098476594640978
1530.125,非储层,1.5254036841660101,34.21728886720079,64.2573074486332,87.11405538034464,12.885944619655366,88.32809130831122,29.472551847950797,4.710519730382795,0.03421728886719988,1.2140359279665827,11.671908691688781,2.1998177622201274,168.9936151528438,23.677430938147882,0.8086988865754596,0.7999280933591362,134.15288386420963,60.20214954505072,22.165476966746805
1530.25,非储层,1.515721748517369,34.94190943748232,63.542368814000305,89.41503269682944,10.584967303170556,90.61534425974965,30.096692977617717,4.810274550427122,0.03494190943748171,1.2003115629202072,9.384655740250347,2.1946979533380624,173.6105545138654,23.51313340183584,0.805641564040414,0.797003465815836,163.44504370218388,59.48536965817392,21.930451187173514
1530.375,非储层,1.476667348758339,36.77377901018328,61.74955364105838,91.25413992070055,8.745860079299451,92.43535439875242,31.674546534912984,5.062458696260115,0.0367737790101845,1.181214478051871,7.564645601247577,2.3488468785160834,161.5815399788708,23.458453556393987,0.806914451152586,0.7982598416946599,158.7731112991915,60.111817765700245,22.13863347713771
1530.5,非储层,1.501767475046025,35.560746292691015,62.93748623226296,90.013920989865,9.986079010134997,91.19743313509493,30.62971888073197,4.895466665666352,0.03556074629269129,1.1835121452299278,8.80256686490507,2.3418700773829397,178.73811018620813,23.360594260730014,0.8069202947883027,0.7983422419794994,150.60530770164007,58.76057262521234,21.992158840613065
1530.625,非储层,1.4827180142644174,35.27136507141668,63.2459169143189,88.60741312879671,11.392586871203292,89.79718436885864,30.38046467824586,4.855629028099407,0.03527136507141468,1.1897712400619325,10.202815631141359,2.2503306741478095,182.73519741700153,23.28301180393065,0.813763591194838,0.8051009114154,149.04949480716252,60.57588205512936,21.9087069826363
1530.75,非储层,1.4649236191161987,35.86786849007182,62.66720789081198,87.58494088282987,12.415059117170124,88.75039220644983,30.894254008605266,4.9377466129764835,0.03586786849006998,1.1654513236199606,11.249607793550165,2.1686053409744854,181.6233065277348,23.553768745297255,0.8183932473003934,0.8095231486385877,158.06892753028905,59.39108993771641,22.08358214466149
1530.875,非储层,1.4921932427750988,33.99062141529255,64.51718534193235,85.02970026646545,14.970299733534542,86.19951472620592,29.277315216126,4.679315577751264,0.03399062141529255,1.1698144597404645,13.800485273794083,2.232674313392811,164.45843104801403,23.830092892820417,0.8211612282912856,0.8120459888836227,150.2987272481771,59.77317786317754,22.73848138156123
1531.0,非储层,1.4895035646289827,32.71808460040142,65.7924118349696,84.63580379912224,15.364196200877755,85.8403671488661,28.181234594401005,4.504131921400013,0.03271808460040132,1.2045633497438446,14.159632851133907,2.41725739697523,177.04397654225954,24.1171530399359,0.8228297225007217,0.8135611767625766,155.36598289014955,59.48033075718004,23.00849920546737
1531.125,非储层,1.4973924950425102,32.28164709421459,66.22096041074289,83.64805705939435,16.351942940605646,84.83205479251774,27.805315652388874,4.444049794731504,0.03228164709421638,1.1839977331233824,15.167945207482258,2.3654777878926625,176.34936004029097,24.54899683785622,0.8132802955216065,0.8040115011140669,149.92611070250504,60.58696711111627,23.013812338242225
1531.25,非储层,1.5138057479654798,31.21665548199124,67.26953877004328,85.38020610441825,14.619793895581756,86.5807200972247,26.88800099807175,4.2974378284374986,0.031216655481992872,1.2005139928064505,13.419279902775305,2.098003820031259,164.9092159433851,24.631326110114955,0.8120696114303073,0.8026909231865187,153.36407303596172,60.535735737552436,22.79360920770824
1531.375,非储层,1.4806801595751067,33.12500461800485,65.39431522242005,84.34468779301378,15.655312206986228,85.55847072188263,28.5317290875016,4.560150525885246,0.03312500461800372,1.2137829288688566,14.441529278117372,2.0549116500059803,167.26321179486555,24.577213910103826,0.8107722125495749,0.8014745049081006,156.45724176937622,61.16947827192815,22.220222523324068
1531.5,非储层,1.4925648523329245,33.26737168245793,65.24006346520915,85.97714047862188,14.022859521378116,87.17201909402962,28.654354836865277,4.579749473910193,0.033267371682455665,1.1948786154077413,12.82798090597037,2.238828281549882,185.5266182216812,24.586433026011115,0.8008419254512152,0.7918171838703999,155.1022296032561,60.315383489689744,22.183045807557452
1531.625,非储层,1.5049262162176347,32.069386926102986,66.42568685767938,87.88489130468969,12.115108695310306,89.06045334501117,27.62248851976,4.414829019416879,0.03206938692610142,1.1755620403214762,10.93954665498883,2.280962103804847,177.80550044483013,24.488914386068817,0.8032890570059639,0.7943099686277322,148.5504584052064,60.05974805346225,21.968928190034102
1531.75,非储层,1.4746546674991314,32.29316714211006,66.23217819039081,85.69110125301115,14.308898746988842,86.85154914882838,27.815238273967914,4.4456357010000325,0.03229316714211186,1.1604478958172273,13.148450851171612,2.374214240718812,152.0039432204081,24.47844945010945,0.7997512604217083,0.7909367994774624,158.33560015092016,59.20411825611932,22.008617392949017
1531.875,非储层,1.4661384327289368,33.20832437860116,65.3255371886699,86.01162842401051,13.98837157598949,87.19197776300068,28.60349532163149,4.571620732591071,0.0332083243786023,1.1803493389901711,12.808022236999317,2.160611152837472,183.22314031922804,24.594697889841946,0.7930237972825949,0.7843591035413308,165.19088783441737,59.91975344372956,22.00624534408399
1532.0,非储层,1.4572255384309314,32.00568019191301,66.53709426965607,87.27948244916787,12.720517550832133,88.45399019550878,27.56761567364514,4.406058838075955,0.032005680191914826,1.1745077463409166,11.54600980449122,2.1860604440671794,201.79123476698106,24.706953548656216,0.796391274645128,0.7876384585688297,157.81910005093087,59.7307442543829,22.699487258768606
1532.125,非储层,1.4309598379733683,30.989879795447383,67.57916036657925,84.7607554417713,15.239244558228703,85.90088480401164,26.692671139956513,4.266218775695425,0.030989879795444847,1.1401293622403479,14.099115195988354,2.33581491907009,177.47988171405086,24.94817531673893,0.7877797638929478,0.7792239228224368,153.6636364402764,60.21673214414135,22.758999465695453
1532.25,非储层,1.4720092515792824,29.67674521084518,68.85124553757554,86.15540885075134,13.844591149248664,87.27860753709402,25.561622234292823,4.085446231341511,0.029676745210843042,1.1231986863426862,12.721392462905978,2.323681899554255,177.66905729758977,25.32363528160686,0.7802876172216326,0.771918760241785,156.4905141771024,60.101908347000226,22.827217139733015
1532.375,非储层,1.431302706529291,29.22504794999702,69.34364934347369,84.02986297459871,15.970137025401288,85.13334782391037,25.172559530009263,4.023263372037756,0.029225047949998223,1.103484849311649,14.866652176089634,2.4026937750288253,190.01154897958122,25.670982784107473,0.7779078947461895,0.7695493030828678,167.6867989493011,60.152585487006874,22.982489212971753
1532.5,非储层,1.425332621295055,28.366555297955554,70.2081120807494,83.51886090745347,16.481139092546528,84.64661774408148,24.43310967772625,3.9050790649313467,0.02836655529795673,1.1277568366280073,15.353382255918524,2.393969860605591,180.6567649690377,25.90428587540397,0.7790487936148096,0.7706585721778576,163.75175693684824,60.13274197009865,22.179295771625082
1532.625,非储层,1.4151086083915771,28.566562603431432,70.01832878817699,81.13192234730055,18.868077652699455,82.22888429987243,24.605382989720216,3.932613051107789,0.028566562603429824,1.096961952571883,17.77111570012757,2.1791327766078323,185.78429409899093,25.94476410120013,0.7928003441870101,0.7840952479311712,163.05513167409083,60.895000899672134,22.194275856387193
1532.75,非储层,1.4528909981728746,29.411763032749484,69.13534596907765,79.70242585612073,20.29757414387927,80.800789134286,25.333383784045687,4.048967485671043,0.02941176303275228,1.0983632781652872,19.19921086571399,2.2112121117431753,187.31441714293496,25.79989710280211,0.8087626554349767,0.7996692657988052,156.9190919687973,60.93122014329532,21.810676563690397
1532.875,非储层,1.4362202769463839,30.90049188222318,67.66328784083044,79.33450343664533,20.66549656335467,80.45612976667493,26.615678192990284,4.253913197350672,0.030900491882224906,1.121626330029599,19.543870233325066,2.4419502024025204,183.20243291452752,25.654600698533137,0.8187677192437082,0.809443475606035,164.1635938625875,61.08504376604544,22.2332935183586
1533.0,非储层,1.4534511848622826,29.974327705972325,68.57222110916538,81.17118755279402,18.828812447205976,82.31761063124569,25.81794048179385,4.126412896472502,0.029974327705974135,1.1464230784516611,17.682389368754315,2.418280880925384,188.39763727010032,25.512338295038994,0.8241086332477942,0.8146636946161188,166.77918692965687,59.43768092803257,21.930923204995036
1533.125,非储层,1.4684722798154577,30.076724964383818,68.45480275580073,80.79053896427148,19.209461035728527,81.91526515355872,25.90613883436741,4.140509405052022,0.030076724964384766,1.1247261892872502,18.084734846441275,2.304639993856656,183.50039595865167,25.401816609286257,0.8198868213037692,0.8106176649296193,169.22894229905756,59.73273234195007,21.92165510573676
1533.25,非储层,1.5031631534522734,30.49342314199457,68.00341370455317,82.90648680430557,17.09351319569442,84.00400055390787,26.265055599872806,4.197874118979768,0.030493423141995935,1.0975137496022893,15.995999446092135,2.3343537319395713,177.70681343407887,25.486987043914567,0.8136224700645531,0.8045563256654072,145.37206494325716,60.683194404838446,21.953859080392657
1533.375,非储层,1.4673503612166083,29.92671233054349,68.6059373082399,80.7098335582509,19.29016644174909,81.80504323566153,25.776927687748934,4.119857930464014,0.02992671233054342,1.0952096774106241,18.194956764338464,2.3332526477869786,172.79469517530578,25.470063843821485,0.8192019507869155,0.8101805010254319,168.69578082156823,61.25589958378228,21.975749867963096
1533.5,非储层,1.4582621883221076,30.205108300717853,68.33662951096004,79.16246882397249,20.83753117602751,80.23272989587291,26.016719907906076,4.158183284511057,0.030205108300719596,1.070261071900411,19.7672701041271,2.298541715868223,188.35640841125428,25.29531916541721,0.8243758491354272,0.8154107082851023,154.7768251958255,61.9443967212558,22.591838312341732
1533.625,非储层,1.4712058856387362,31.958822309814284,66.56997180454698,81.05007771302336,18.94992228697664,82.1268571127067,27.527255335191686,4.3996081523127835,0.03195882230981398,1.0767793996833424,17.87314288729329,2.2428989511090176,182.57743283400677,25.282932884033062,0.8262907508769932,0.8172831592495701,130.56399847772178,60.15332538693825,22.52330240939022
1533.75,非储层,1.5130285876638425,30.63659169061298,67.85037972172317,82.27096307311025,17.72903692688975,83.37036141538142,26.3883716956783,4.217583403244067,0.03063659169061511,1.0993983422711744,16.62963858461858,2.254927877194212,191.32436325193945,25.197901151000238,0.8199506009307133,0.811121663261918,142.35340168884554,59.288760211691184,22.470086879209475
1533.875,非储层,1.551344171847046,30.69019370086353,67.75846212728942,84.53501647547125,15.464983524528753,85.65380164093031,26.434540988412014,4.224962518750656,0.03069019370086218,1.1187851654590717,14.346198359069684,2.271269948692185,175.00275970882964,25.022898000203604,0.8131610048609509,0.8045354100858528,161.8278053302431,61.31193403607806,22.697647415522425
1534.0,非储层,1.5306251566967253,31.918241481044785,66.55113336225848,84.3025803428062,15.697419657193812,85.4033037326807,27.492301643080552,4.394021596483188,0.03191824148104441,1.1007233898745157,14.596696267319299,2.2997851981478648,187.7771616950099,24.965802318704522,0.8096698039263485,0.8010440450284542,161.0750318015504,60.078642195163766,22.03969499156197
1534.125,非储层,1.5121631562669808,32.49137243496298,65.99646440877004,83.25500333210255,16.74499666789746,84.3882126420614,27.985959449243307,4.472921613284713,0.0324913724349625,1.1332093099588634,15.6117873579386,2.2127885770167373,177.02015736113972,24.741510704270578,0.8131679144701256,0.8044977434051641,147.34024586211723,59.992148910249185,21.857089312636848
1534.25,非储层,1.5123234149678482,33.019228983576724,65.46844760145542,83.9232956440678,16.076704355932193,85.04509162293428,28.440620821091834,4.545588933501313,0.03301922898357457,1.121795978866474,14.954908377065724,2.353931193301231,185.5070406134941,24.556884645755975,0.8170283175064048,0.808349964400112,164.6884716764343,59.35653738749863,22.141342444913974
1534.375,非储层,1.5035983124678984,32.69758697017482,65.79881471735727,85.46446208713444,14.535537912865559,86.56726923961936,28.163579266068062,4.501310117136582,0.03269758697017483,1.1028071524849228,13.43273076038064,2.2640035891625914,171.27910490256545,24.648256855130125,0.8144547284521921,0.8057911899958227,150.96030013487666,59.3518812935845,22.132254992168587
1534.5,非储层,1.5333619056898977,30.93270541588349,67.53393267842661,84.13241952540693,15.867580474593069,85.23908576233123,26.643424840151425,4.258347870316177,0.030932705415886302,1.1066662369242972,14.760914237668777,2.234544546170043,178.59178522085566,24.643107662365882,0.8181555755520051,0.8094691130290684,147.4653149458244,59.86917032436473,22.054420368522223
1534.625,非储层,1.5076358949701354,32.58733108148307,65.90503302354679,81.82208850788743,18.177911492112564,82.92483445083091,28.068611999414617,4.4861317509869725,0.032587331081484344,1.1027459429434865,17.07516554916908,2.2190251986689904,168.51573829971665,24.685059451412464,0.821922110488446,0.8131885786517677,153.51726573448312,59.909229111171555,21.97938015256328
1534.75,非储层,1.526430036013086,32.61079804679608,65.86277191719084,81.80111606041511,18.19888393958489,82.89737064373985,28.08882492027418,4.4893623284750985,0.03261079804679559,1.0962545833247397,17.102629356260145,2.2506026111771544,167.96785874313784,24.807993047897863,0.8281226318689956,0.819174680994542,154.33109455103096,60.59403711330511,21.95529984442964
1534.875,非储层,1.502790773222963,31.477806843508393,67.01940238326864,81.16487192694252,18.835128073057472,82.27145100530949,27.112939831547102,4.3333892051177845,0.031477806843508566,1.106579078366962,17.728548994690506,2.210611765999858,178.40064013237847,24.65908213697804,0.8466399805179377,0.8372106933886654,163.42981755099154,59.48176260460954,22.989672500811945
1535.0,非储层,1.4724478430697152,32.71934115314639,65.8082110037839,78.73406596903789,21.265934030962118,79.85917406681767,28.182316907382297,4.5043049046109385,0.03271934115314859,1.1251080977797934,20.140825933182327,2.3783629326905085,171.36359359551733,24.666503393718415,0.8490679762678509,0.8394392977430207,164.95365542181247,60.360005203821544,22.941043359939748
1535.125,非储层,1.4783853345770392,32.55216644984492,65.96944821557804,80.7555845943703,19.2444154056297,81.90846391738353,28.038323467988533,4.48129081540654,0.03255216644984585,1.1528793230132344,18.091536082616464,2.104484103259757,165.71994645957642,24.636925068955676,0.853802223290965,0.8439596910914415,159.9531180246101,59.66949521445147,22.94232258172471
1535.25,非储层,1.5028353946200925,32.98219681801772,65.5149677873622,80.3497462350775,19.6502537649225,81.48530337328243,28.408723717153656,4.540490904046042,0.03298219681801967,1.13555713820493,18.514696626717566,2.489948228344819,169.5705693373602,24.593183284415687,0.8524316832332869,0.8425211654897912,145.1302646355901,59.26613029278644,23.16642347987333
1535.375,非储层,1.465264551178711,31.94638665654992,66.58834879227136,82.31005635942827,17.689943640571727,83.46193016676527,27.516544070572806,4.397896199320559,0.03194638665655267,1.1518738073369956,16.538069833234726,2.2599894258139384,164.8014558410819,24.655807605809635,0.8407139231326226,0.8309943347774615,167.32865924272596,60.5025288107002,21.878561867852632
1535.5,非储层,1.4605093344229523,31.95766016422461,66.58183050135243,82.45524564638418,17.54475435361581,83.61561936072528,27.526254338406712,4.399448165653671,0.03195766016422588,1.1603737143410915,16.38438063927472,2.2571268227338206,161.63534160088602,24.716475334191447,0.8373889644089112,0.8276759169775694,162.6602841315878,59.102355734128395,21.91088356122756
1535.625,非储层,1.49644942868519,31.871424341103015,66.6321262302118,81.24430522601246,18.755694773987543,82.42342701309512,27.45197639727684,4.387576519485075,0.03187142434110252,1.179121787082661,17.576572986904882,2.339388364766373,194.67145769520135,24.651741947921277,0.8410290505302263,0.8311719657477316,160.0073594853033,59.58905992960432,22.062968644408194
1535.75,非储层,1.5235884663544317,33.68019550060753,64.79621603303804,79.85636302881562,20.143636971184375,81.0273095173807,29.00993448058585,4.636580824521075,0.03368019550060719,1.170946488565076,18.972690482619303,2.28559824813685,186.9134769657878,24.355131026110808,0.8581397299956123,0.8478891129360906,160.49962366167796,59.819452408028795,22.073527887070462
1535.875,非储层,1.549856099266818,35.15845075261615,63.291693148117034,79.82413554535043,20.175864454649574,81.02394817188508,30.28320761243505,4.8400846894284815,0.03515845075261412,1.199812626534657,18.976051828114915,2.3179787073916045,175.2754652568198,24.025012699148363,0.8746431663546468,0.8640437410970828,145.78326711376016,60.219693922329476,22.28330969128134
1536.0,非储层,1.5817514715748726,35.48944790988885,62.92880061853627,80.65794082525356,19.34205917474644,81.86903795726452,30.56830708121836,4.885651380760601,0.0354894479098887,1.2110971320109583,18.130962042735476,1.975428289123642,168.73902182594048,23.855357398471114,0.8820079925254357,0.8711806074248684,142.71378223830317,59.20862921217316,22.192373330928334
1536.125,非储层,1.56022877092966,33.67565675878521,64.76411447028512,80.70098326793843,19.29901673206158,81.93699413913131,29.006025102955086,4.6359559990713395,0.03367565675878592,1.2360108711928943,18.063005860868685,2.126482954887901,174.46252056090088,23.85537622380057,0.8779497995922556,0.8670969156439977,140.8352106050332,59.84234867944271,22.005861694353893
1536.25,非储层,1.5856143368112339,33.59672681993644,64.81765884325232,81.41145580969624,18.588544190303768,82.65070445750776,28.938039976368806,4.625090116747698,0.03359672681993511,1.239248647811524,17.34929554249225,2.1418456470284486,180.6226523893177,24.108983841586966,0.8682811905593321,0.8574570269693249,154.30541880505208,59.93463191504698,22.20670918556512
1536.375,非储层,1.5883559327087176,32.38686392629773,66.02478014099356,79.96272053337802,20.037279466621982,81.21420635388583,27.895942602726244,4.4585344596451835,0.03238686392630016,1.2514858205078185,18.78579364611417,2.1902241680231773,185.64559369543008,24.42981124569281,0.8599254519067301,0.8490548371085693,167.43264965999714,58.80381281491381,21.989995523533228
1536.5,非储层,1.5934585093945353,32.046312483356886,66.36022900724858,79.37967470289318,20.620325297106824,80.63822522591873,27.602613692363935,4.411652478509593,0.0320463124833574,1.2585505230255578,19.361774774081265,2.106672496003686,176.32776302852088,24.608760271725586,0.8606979179732616,0.8496230597931653,159.55488126990832,58.765396312800014,21.941698463270576
1536.625,非储层,1.555543986723004,31.813732198899135,66.63072381437786,78.00563424250862,21.994365757491373,79.27501690699349,27.40228413033768,4.379634336362556,0.031813732198902184,1.2693826644848611,20.72498309300651,2.091457651098991,171.2885081135802,24.83839818864053,0.8566542325428387,0.8454305790575157,147.9726326338257,60.590533988442964,22.141355094404943
1536.75,非储层,1.5472409593311578,31.178863189032345,67.2738958516365,79.86147127291817,20.138528727081827,81.15461973574682,26.85544916972536,4.292235156117954,0.031178863189033207,1.2931484628286503,18.845380264253176,2.1406842087487785,192.79255206789742,25.13629922188605,0.8473483361232396,0.8361980103192151,147.71336601711462,60.126621627271774,22.187603152702966
1536.875,非储层,1.5081089176884654,29.22535163522484,69.2665394470867,79.67744995419682,20.32255004580318,80.93529445093199,25.17282110475463,4.023305178834987,0.0292253516352238,1.2578444967351696,19.064705549068005,2.227664761997343,165.8226271764386,25.495632163007595,0.8395175434045571,0.8283781076269097,169.53722372778861,61.18694558035289,22.18239003130532
1537.0,非储层,1.501124434346312,28.261352620699633,70.23752294495405,77.75845615270026,22.241543847299738,79.0175702929232,24.34249491943836,3.890596348640573,0.02826135262069887,1.259114140222929,20.98242970707681,2.1693839987834784,183.9503663711058,25.959166825355673,0.8297098218575499,0.8187084778260192,160.78126919534895,60.140154264498726,21.939471144337706
1537.125,非储层,1.5426574592951892,26.86579083989772,71.59155170080709,75.89793201469502,24.102067985304988,77.13689465079709,23.140448576686488,3.69847647237133,0.02686579083989865,1.2389626361020745,22.863105349202918,2.5255473483504516,186.2146814871863,26.544838674764282,0.8187334077150482,0.8078292891608757,159.5994474356646,61.88620662672704,21.85796168145496
1537.25,非储层,1.508510995526035,24.94811729119454,73.54337171327943,76.89000316904796,23.10999683095204,78.16081711181458,21.488689043342085,3.434480130561258,0.024948117291195143,1.2708139427666247,21.839182888185416,2.463560357132662,184.05387951729733,26.898782614482624,0.8165155111706821,0.8055623387226906,155.51729001957946,61.340542484654485,21.92331407772359
1537.375,非储层,1.482995675023894,25.50186948782266,73.01513483715345,76.21105877273884,23.788941227261162,77.44634268922104,21.965655245701942,3.5107123726328946,0.025501869487822015,1.235283916482202,22.553657310778963,2.309533745452347,203.16483147496936,27.254704640025892,0.8154847785721946,0.8044791526035782,163.14863306539473,61.921506798182605,22.050181151734375
1537.5,非储层,1.5063399992884667,24.507037866697267,73.98662213401427,73.95793727772192,26.042062722278068,75.18728757258802,21.10877185416872,3.373758974661852,0.024507037866697973,1.2293502948660777,24.812712427411988,2.435655547844061,205.96402129346401,27.46579458542226,0.8173520845024757,0.8061641979244514,162.77339411627486,62.50234876433542,22.052467836126755
1537.625,非储层,1.4850914630476229,24.694512628582,73.82039590837037,72.78071017975252,27.219289820247482,74.01985097184448,21.270250446504722,3.3995676694486963,0.02469451262858205,1.239140792091962,25.98014902815552,2.544672038232948,199.8005885003474,27.50933426379389,0.8267504986964342,0.8152821078591306,162.89348912651062,62.38083737333499,21.876725948070227
1537.75,非储层,1.4594650478209956,24.606436306820754,73.93409864535825,72.8285695589388,27.171430441061204,74.07637000341262,21.194387219299326,3.3874426512146076,0.024606436306821855,1.2478004444738255,25.923629996587383,2.473433875440273,201.05611627645138,27.513381493093,0.8416235057306132,0.829742191172219,171.5304812928747,62.45537514637294,21.888033722967407
1537.875,非储层,1.4912561645581004,25.58893264274279,72.91981119269911,70.79305777236135,29.206942227638656,72.00943271043133,22.040645796747306,3.522697913352743,0.0255889326427422,1.2163749380699695,27.99056728956868,2.3651657330902456,207.06586076912157,27.43086578762796,0.8552351749084097,0.843034694331214,165.4203883520802,61.887812878594474,22.20393522724631
1538.0,非储层,1.465264371643272,25.517098698531715,73.01763692982502,70.08790502806913,29.91209497193087,71.28353239131606,21.97877269939525,3.5128089004379346,0.025517098698531193,1.1956273632469185,28.71646760868395,2.44535164937576,206.41119180804745,27.490746798724246,0.8649792243382762,0.8526134595228083,148.84020781390564,62.251646360246994,22.1798055247376
1538.125,非储层,1.4406266933991025,24.168057850448864,74.39131545615203,68.79638318584821,31.20361681415179,69.96550636597317,20.81679646877,3.327093323828417,0.024168057850448843,1.169123180124969,30.034493634026827,2.4842703273675135,211.58969333071457,27.48232820561038,0.8729918912807095,0.8606017195564735,168.59117101124014,62.59884280080242,22.043995752978855
1538.25,非储层,1.4683265864259714,24.76069295636757,73.77098045720646,70.14107513939246,29.85892486060755,71.30772884081767,21.327253885600804,3.4086783778103964,0.024760692956367347,1.1666537014252238,28.692271159182326,2.387499213052454,196.42789015135753,27.524552457523175,0.8771399689305719,0.8647851255715637,161.49415637827548,63.07155903555518,21.889100699450463
1538.375,非储层,1.4717280098160226,25.188508374884222,73.33976361529976,68.97053810106034,31.02946189893966,70.1184966476776,21.695746320887547,3.467573545621789,0.02518850837488415,1.1479585466172535,29.881503352322405,2.4826342623020654,182.58862022323183,27.74141316681036,0.8775901735342881,0.8653057649096483,158.97024688590798,62.29758526167144,21.939200560354873
1538.5,非储层,1.4750815387623664,23.228743942570606,75.29617451866703,67.6799587951293,32.320041204870705,68.812869421875,20.00773243219813,3.197782766429909,0.023228743942570185,1.1329106267457254,31.18713057812499,2.437775996071815,195.5867378960001,28.010669235496643,0.8709651126797912,0.858982823471853,161.552002919374,62.04663439783289,21.996079462778535
1538.625,非储层,1.513090759237656,21.239259548827494,77.24764969193485,68.25503912060424,31.744960879395766,69.36258890761489,18.2941196976285,2.9239005916501677,0.02123925954882616,1.1075497870106483,30.637411092385115,2.3051435763214494,191.70595056715857,28.357703619116975,0.8657854689465873,0.8540375514285481,173.04309682732335,62.8918676689577,22.018153083885892
1538.75,非储层,1.474506440575499,21.05321549088964,77.47227806853486,68.29966045878437,31.700339541215627,69.3886151293745,18.1338734208163,2.8982888545824546,0.021053215490889413,1.0889546705901298,30.611384870625503,2.347701252888434,217.69292213952374,28.600382374492003,0.8597603958508501,0.8481991600202035,168.38145452223986,62.820396446172474,22.0889862807726
1538.875,非储层,1.471297126814111,22.579638539562595,75.9490643336233,68.41825768108659,31.58174231891342,69.5281803463469,19.448635166509245,3.1084237345137886,0.0225796385395622,1.1099226652603247,30.4718196536531,2.528581613466033,180.28786681431976,28.78942522082336,0.8504195583668354,0.8392053547506995,174.23704400606644,63.07670698949555,21.993854807585752
1539.0,非储层,1.4989732070332815,21.14636002035152,77.3546667726152,68.85326910822866,31.146730891771334,69.9416176429937,18.214102073196457,2.91111158713471,0.021146360020351737,1.0883485347650335,30.0583823570063,2.4627569629069654,192.14643155756602,28.779654568666718,0.8490426375379241,0.8378476568920831,177.97165684506635,62.77312823372931,21.956680919923283
1539.125,非储层,1.4601303157002894,21.355249749610337,77.18461993468937,68.80181261743384,31.198187382566168,69.90938688148027,18.39402612854692,2.93986837131381,0.021355249749609173,1.1075742640464372,30.090613118519727,2.351196404918899,204.04874108083504,28.81537991398492,0.8483074599974271,0.8369688249296142,142.94545982575957,64.16098471820939,21.874863515959103
1539.25,非储层,1.436685941979924,20.685637478621032,77.87767657939905,68.18136611236584,31.818633887634164,69.3175578997501,17.81726557772275,2.847686263419661,0.02068563747862004,1.1361917873842649,30.682442100249897,2.395487625057765,207.07517762144874,28.86527563961141,0.8420708871089857,0.8307718905342671,176.1966381176848,63.68998414215784,21.974352505736707
1539.375,非储层,1.3976793013529745,22.035882257006413,76.56643844164061,69.99388819469583,30.00611180530417,71.13781278176891,18.9802787957727,3.033567578976705,0.022035882257005757,1.1439245870730872,28.862187218231085,2.6184266177529976,201.10751208895243,28.97684084215675,0.8339182792154058,0.8226060960116235,185.30514462320596,63.854515649908805,22.89549378202769
1539.5,非储层,1.3673759607889218,19.96039561083629,78.6722284283748,70.55377151260582,29.446228487394176,71.69890050926341,17.192589302710225,2.7478459125152273,0.019960395610836568,1.14512899665759,28.301099490736593,2.6322829180088236,217.44621204073667,29.216517384808558,0.8230891374574963,0.8118717274072543,159.00106336662643,63.38908284861527,23.293115232189354
1539.625,非储层,1.3299409732185419,18.79260544103507,79.87745358574638,70.17423272857332,29.825767271426685,71.31296301561711,16.186730642762885,2.587082192831151,0.018792605441035615,1.1387302870437992,28.687036984382885,2.442310472290276,179.2094102849025,22.816093438604998,1.814512735512532,2.623064931734209,142.07572364858277,57.68030823386047,22.97418075028856
1539.75,水层,14.357695450392757,82.06481875432094,3.5774857952863046,80.89111207711102,19.108887922888982,81.1617293507885,62.423786216015486,12.182133799814565,7.458898738490882,0.2706172736774872,18.8382706492115,2.3515530826619213,163.9558541144047,16.583349449443375,2.8427690692618253,4.503605941131797,106.70033842543336,52.74458664205176,22.923025386161125
1539.875,水层,14.490200103724927,82.00599719504939,3.503802701225689,79.29835855031236,20.701641449687646,79.56985779694135,62.37904274985549,12.173402017837383,7.453552427356507,0.27149924662898695,20.430142203058654,2.2380907993837127,156.80725314495908,10.133119466364004,3.789394410790184,6.260932846907696,104.30539351826069,46.35914477562325,22.07726673558121
1540.0,水层,14.815230169737632,81.59515784836287,3.5896119818994996,81.13145884251911,18.86854115748089,81.40472738763197,62.06653188422545,12.112414861982609,7.416211102154816,0.27326854511284954,18.595272612368042,2.088066952672903,125.22443901363329,3.6371873044391347,4.750345169940469,8.02896250823137,84.75945593947674,42.21116398470009,22.46674871440098
1540.125,水层,14.995639635665386,81.31319177929919,3.691168585035419,79.3778470665384,20.622152933461614,79.65440003735019,61.852050333146956,12.07055833402725,7.390583112124979,0.2765529708117896,20.345599962649818,2.3281342816645907,117.86600761030336,3.717736347710713,4.638541030976065,7.878424189307108,75.42434861864193,40.77100501123002,22.22205244984478
1540.25,水层,15.436432626137469,80.80914977037735,3.7544176034851877,80.33520159288656,19.664798407113437,80.60846692002427,61.46864352025892,11.995735684241165,7.344770565877252,0.27326532713770585,19.39153307997573,2.185739895679887,133.47679515707622,3.770678622672926,4.5317271635852485,7.6904586236295,75.42977550438896,42.39853313844225,22.138810654289486
1540.375,水层,15.05753126739369,81.0779566832876,3.8645120493187157,79.58735417767294,20.412645822327068,79.85904327129121,61.67311536970188,12.035638797768915,7.369202515816804,0.27168909361828597,20.14095672870878,2.3260839841554026,138.8137090398732,3.811863957878951,4.446796630009713,7.546234109015308,75.8401808575455,41.78715608438836,22.23618759946046
1540.5,水层,15.35106929158948,80.78924033347383,3.8596903749366924,81.40427982171673,18.59572017828327,81.68365685478845,61.4534991203588,11.992780222596098,7.342960990518923,0.2793770330717217,18.316343145211544,2.2838808179821832,139.15859703338606,3.7595400615559935,4.330472590163262,7.3482604762567165,72.65877792523348,41.96163026584836,21.924806134328296
1540.625,水层,15.1917259045631,80.85206501381337,3.9562090816235247,82.510872668835,17.489127331164987,82.78690600525623,61.50128761820884,12.00210624894264,7.348671146661884,0.2760333364212144,17.21309399474378,2.2106846567458613,151.954746978605,3.687941665462044,4.225103847261452,7.158575153487958,82.9787771305604,40.62772958981371,21.72387303136451
1540.75,水层,15.475825310019594,80.47848603631267,4.045688653667739,83.88111864178475,16.11888135821524,84.1517276107885,61.2171193889934,11.946650218480478,7.314716428838788,0.2706089690037374,15.848272389211504,2.1322752900985495,140.1584549027162,3.608453689794069,4.061998673138044,6.914278613500043,65.0766115338062,41.02811274576622,21.973480457612386
1540.875,水层,15.630156193357909,80.29522202276567,4.074621783876434,84.01867713080799,15.981322869192017,84.28197804627281,61.07771697787013,11.919445543351612,7.298059501543921,0.26330091546482876,15.71802195372719,2.088484770477619,132.89420364474,3.576765154918599,3.9645541999328073,6.747642041128366,63.92183238532213,41.36091031701011,22.069202020140516
1541.0,水层,15.625158712390682,80.23965019043355,4.135191097175758,83.83287012819613,16.167129871803866,84.09909371383513,61.03544546330654,11.911196167952424,7.293008559174592,0.2662235856390079,15.900906286164862,2.1035994964830214,149.88755160472314,3.6357756449505847,3.9297071572747524,6.704073426362324,79.67366735341028,41.11061928466237,21.92114916382077
1541.125,水层,15.747805309960599,80.21264305065567,4.039551639383718,81.55931329957171,18.440686700428287,81.82379350353929,61.0149020934997,11.907187085920459,7.290553871235514,0.2644802039675801,18.17620649646071,2.041747573712696,135.62361535924467,3.699521936308355,3.906725105428168,6.699656378196742,84.58770758200602,41.519404763477255,22.097664315033814
1541.25,水层,16.198708532362986,79.83452934749869,3.9667621201383367,82.46794667548194,17.53205332451806,82.73921752182974,60.72728445990839,11.851057896904743,7.256186990685548,0.2712708463478092,17.260782478170256,2.1622054414209435,133.02327270916646,3.7276498129140934,3.8276236319312957,6.614382928852201,75.41058217078539,40.221720277035786,22.140276635375358
1541.375,水层,16.676248763805766,79.29995538084644,4.023795855347791,84.27602369780843,15.723976302191577,84.55430857811642,60.3206530736764,11.77170292255025,7.207599384619792,0.2782848803079968,15.445691421883579,2.130120976125006,137.2160234235022,3.7912321837734835,3.728268221620925,6.5046446831762434,84.40041555629062,41.42646169289589,21.861959663994234
1541.5,水层,17.05945929748428,78.82025296578836,4.120287736727357,83.5955711507948,16.4044288492052,83.86586510637045,59.95576052337981,11.700493370234947,7.163999072173607,0.2702939555756505,16.134134893629547,1.9547286293322366,143.47738507615531,3.7371819301329765,3.516630100684549,6.209340521794465,78.19815396534021,41.43874872389261,21.940271128845232
1541.625,水层,17.399669369450184,78.3774205031322,4.222910127417609,86.00235582568607,13.997644174313939,86.26492950084052,59.61891363334869,11.634756987789153,7.123749881994355,0.2625736751544629,13.735070499159473,2.1375375528455485,146.93062490886885,3.6805299857059564,3.3463718744385864,5.945476310858298,70.69063610522859,42.12283723200274,21.859118280963294
1541.75,水层,17.29125342941363,78.41819501927961,4.290551551306771,86.57845635896305,13.421543641036948,86.83626907162821,59.649929356257516,11.640809771660125,7.127455891361962,0.25781271266514966,13.163730928371798,2.0854799652300335,132.22418116745965,3.6584641695628144,3.221578206859311,5.754757849641871,79.33440132825993,40.954073057205335,22.049480811412177
1541.875,水层,17.73104043933694,78.01214181159722,4.256817749065847,86.81365377588001,13.186346224119994,87.07753757399578,59.34105913618701,11.58053309548005,7.0905495799301494,0.26388379811578305,12.922462426004211,2.081894558063524,137.04750273217698,3.5262975914782246,3.085232602078501,5.554997254871732,68.38611085937474,42.09974923608529,22.103617918768055
1542.0,水层,17.91051360360207,77.90579581060997,4.183690585787952,88.64221259147594,11.357787408524068,88.90117804369977,59.260165519027765,11.564746535139497,7.08088375644272,0.2589654522238305,11.098821956300231,2.1210149184942866,151.85144075947827,3.3633318344593937,2.982274584649885,5.402180984112016,67.48818086442974,42.2889908454839,22.270582377033445
1542.125,水层,17.876910993787046,77.89202187887582,4.231067127337133,91.19982055572413,8.80017944427587,91.46016550191294,59.24968817949326,11.562701860187648,7.079631839194915,0.2603449461888057,8.539834498087062,2.0167747533353713,155.3333552250266,3.16310352334563,2.8523619775660216,5.211528377107463,78.11154828581464,40.90794242899778,22.060270040219343
1542.25,水层,18.020748575915082,77.68012144957761,4.299129974507306,92.97244979934702,7.027550200652977,93.23155020942,59.08850306633053,11.53124624472255,7.060372138524529,0.2591004100729822,6.768449790579989,1.9899257725554833,149.50016618388455,2.9386315420197913,2.7637712078931598,5.076569706714285,73.2242224790228,42.37513625478671,22.049582712520916
1542.375,水层,17.795614591447656,77.99296235722296,4.2114230513293895,93.19203083586576,6.8079691641342315,93.44975084545214,59.32647000801039,11.577685996285277,7.0888063529272936,0.25772000958637226,6.55024915454786,1.9809748321330636,165.85799143296308,2.847344765344414,2.738492921659243,5.028573638031784,85.32709534154634,41.467166093268276,21.993816606653418
1542.5,水层,17.685237593824464,78.0812464678349,4.233515938340638,91.22035870576354,8.779641294236463,91.47373138015165,59.39362458814307,11.590791354515483,7.096830525176347,0.25337267438810684,8.526268619848354,2.176416773099929,137.36702096879853,2.7963863672669476,2.7344628560742574,5.025245151724045,70.82273678888039,41.40516255716503,22.09786119652492
1542.625,水层,17.737424520949148,78.10311542871533,4.159460050335523,92.3666453932376,7.633354606762399,92.62724627918604,59.41025952817569,11.594037698217354,7.098818202322285,0.26060088594843467,7.372753720813963,2.0463973346032818,157.97039363503256,2.7795974929168477,2.772215912401663,5.076753362178815,69.20230833658408,41.21414397405806,22.103623397637776
1542.75,水层,17.3540984030472,78.38863977786377,4.257261819089029,92.97039752691823,7.029602473081765,93.22659538505955,59.6274477362441,11.636422436004253,7.124769605615415,0.25619785814131374,6.773404614940448,1.8967702471527392,167.09237067676372,2.7933581943422996,2.8079671169962372,5.110475471142081,78.58082904834204,41.89664184093466,21.907916717560838
1542.875,水层,17.11752790640903,78.53498533617123,4.34748675741974,92.77326032960345,7.226739670396554,93.03408128526667,59.73876759271995,11.658146741247005,7.138071002204266,0.2608209556632242,6.965918714733332,1.9706855558576566,153.29021255864282,2.635492225446465,2.8076190873804183,5.090286261498672,79.19854712988221,41.46672781961314,21.77864905208221
1543.0,水层,16.720726644459344,79.02486817283683,4.254405182703821,95.37475756259532,4.625242437404675,95.63299640160706,60.111404027322436,11.730867528949702,7.182596616564702,0.25823883901174116,4.367003598392937,2.021988910188125,149.9163375532077,2.568661261154829,2.8168335366309063,5.07976477352704,56.84358964523693,42.10921453148713,22.00222718883939
1543.125,水层,16.99162195270576,78.70038370379189,4.307994343502354,94.29602424460741,5.703975755392587,94.56014254852012,59.8645802429829,11.682699345824831,7.1531041149841545,0.2641183039127119,5.439857451479879,2.0594897459084986,142.12627528778788,2.4575883164363526,2.792439893436865,5.023828387073985,86.86521955082893,41.51555480727092,21.959818582245163
1543.25,水层,16.916547753797886,78.69759562426866,4.38585662193346,96.3633044496922,3.6366955503078002,96.62923235492624,59.86245945014191,11.682285468620055,7.1528507055066886,0.2659279052340382,3.370767645073758,1.876918353171935,148.64607205255487,2.3166841973101215,2.767404743697302,4.983412919332205,94.18303924817566,41.8195117198677,22.104140497174082
1543.375,水层,16.770835157125212,78.94998913301768,4.279175709857111,96.59795150829875,3.4020484917012483,96.87070490685397,60.05444620733718,11.719752090011008,7.1757908356695,0.27275339855523045,3.129295093146023,2.0532191543300025,143.64425291513285,2.2223411376588635,2.737508547926689,4.930463994044357,79.24904547703598,40.82060434989654,21.910555247817545
1543.5,水层,16.58134416473176,79.11612056210015,4.302535273168092,98.2848532838401,1.7151467161598877,98.5538282390761,60.180816471358,11.744413514092084,7.190890576650061,0.268974955235988,1.4461717609238978,2.0555631653038686,167.14498990090203,2.1675739518565367,2.760590191618272,4.963168752045334,73.2321969594052,41.12047520772852,22.14866853171428
1543.625,水层,16.43367277749815,79.35605612412246,4.210271098379395,95.42845204240507,4.571547957594923,95.69194365860929,60.36332691196642,11.780030812274877,7.212698399881168,0.2634916162042189,4.308056341390709,2.129997198630304,143.94846792480814,2.1813403906419464,2.8138414320510887,5.035903466620826,80.70617812668766,40.70633948983105,22.013175493920645
1543.75,水层,16.21359729786121,79.4564513633406,4.329951338798186,95.54310277981489,4.456897220185107,95.80082934602363,60.439693996487996,11.7949340102053,7.221823356647311,0.2577265662087415,4.19917065397637,2.0055269184270843,140.19504129934538,2.2607804335519925,2.8652176580686755,5.10936149511449,91.01261405935207,41.40901284278422,21.993364335560706
1543.875,水层,16.442956282000775,79.28124107389294,4.275802644106291,94.05895828627987,5.941041713720119,94.31993449107777,60.30641776658404,11.768924872287801,7.205898435021096,0.26097620479789574,5.680065508922228,2.089081911553062,148.759257578357,2.3609440174868457,2.922727153263802,5.185008857769789,85.32992521475032,41.57270189338424,21.95576529358923
1544.0,水层,16.169046643510303,79.4666678815809,4.364285474908793,95.28234247941869,4.717657520581309,95.53837569705796,60.44746533821744,11.796450603966925,7.222751939396543,0.2560332176392702,4.4616243029420355,2.0355790379956393,160.1636782939994,2.4024871324698447,2.962870731322438,5.223703386731224,79.93059721940851,40.72926579989237,21.850676415110023
1544.125,水层,15.897759236202388,79.75610707785818,4.346133685939436,94.28123054168765,5.718769458312356,94.5375952940356,60.66763143113282,11.839416482274853,7.249059164450503,0.2563647523479611,5.4624047059643965,1.906444950672889,149.56559250916473,2.38539193294569,2.965961384932882,5.2118032647038115,84.06020344713914,42.36373014660421,21.950947335266132
1544.25,水层,15.884523391667212,79.66363998576401,4.451836622568786,96.31036097040064,3.6896390295993564,96.57138807035189,60.59729500589579,11.825690180248362,7.240654799619849,0.26102709995125384,3.4286119296481066,1.9545396500656738,127.66354070131224,2.2330341553035944,2.959258793231841,5.176992892870455,83.2211952811194,41.84720378866163,21.971869197017945
1544.375,水层,15.508231998752143,80.15318643897432,4.338581562273548,98.74787760443665,1.2521223955633487,99.00423282084554,60.96967556557868,11.89836103341976,7.285149839975865,0.256355216408901,0.9957671791544498,2.0303136772228716,156.15505297168687,2.1795496283695286,2.959962490173435,5.160662071144807,76.59840397685653,41.778484407896485,22.172055345142844
1544.5,水层,15.691106847738013,79.85255598527722,4.456337166984774,97.07952500498627,2.920474995013733,97.33665805540808,60.74099668153956,11.853733865934009,7.257825437803649,0.2571330504218108,2.6633419445919237,1.855288678851105,146.1191657844412,2.092867049872085,2.9449022955619215,5.127886272014008,83.3855130434626,42.11668990346268,22.084812890858455
1544.625,水层,15.536571427905772,80.09070849053327,4.372720081560956,97.01595769006516,2.984042309934831,97.27762233479775,60.92215081434059,11.889086477781916,7.279471198410772,0.26166464473258644,2.722377665202247,1.9778384249258791,152.7060330607948,2.024270961990809,2.943468943793693,5.124366039502791,77.70833547463909,41.41665705045966,21.98814232062101
1544.75,水层,15.576359779117348,80.03916137003571,4.3844788508469295,98.22054965104873,1.7794503489512725,98.48785194911383,60.882940754794554,11.881434551799158,7.274786063442002,0.26730229806510414,1.512148050886164,1.7750258036194264,158.26758185564353,2.019408753515738,2.9455061155599047,5.121957150826391,90.31871249416322,41.446139202518395,22.130989799836392
1544.875,水层,15.397650542414388,80.22955627584572,4.372793181739888,98.97543515949978,1.0245648405002195,99.24877542411843,61.02776738181098,11.909697774122531,7.292091119912213,0.2733402646186642,0.7512245758815594,1.9407371370090436,155.72471094883971,8.120137315116603,2.398109934119944,4.029565602095192,121.37366978073565,46.561403970230224,23.164691436400368
1545.0,非储层,0.6051639859135659,27.75844423007333,71.6363917840131,89.91281216702556,10.087187832974443,91.97682159740582,24.559096575566297,3.1715892102769603,0.027758444230074203,2.0640094303802545,8.023178402594189,2.1287826797603566,163.939308104733,14.299016592375331,1.8337027276389035,2.9093705026611874,127.54068044608039,51.36607914224192,23.081352794124054
1545.125,非储层,0.6122317776011105,26.98737841509121,72.40038980730768,89.79694544751514,10.203054552484858,91.91888810391887,23.87690128899661,3.083489747679512,0.02698737841509008,2.121942656403726,8.081111896081127,2.5053660103199475,173.75778395845882,20.711960773984256,1.2796714711568618,1.8089732696270349,171.19748506675472,56.747081329823914,23.158013475598455
1545.25,非储层,0.6266376720798891,24.816911279875576,74.55645104804454,91.26304470753747,8.736955292462522,93.43074620105489,21.956595109513266,2.8354992590824324,0.024816911279876633,2.167701493517421,6.569253798945107,2.0975603485208674,188.60855152883138,27.08671037379609,0.72599985075255,0.7107481900445223,209.88699545276836,62.752993947650424,23.14935730409932
1545.375,非储层,0.6179102687014479,25.518118404565104,73.86397132673345,90.70039179665487,9.299608203345134,92.86956671573262,22.576983390354606,2.915616895805936,0.025518118404563653,2.1691749190777396,7.13043328426739,2.3295040070840973,183.05229412122338,27.102606410217707,0.7268947353971951,0.7115196729553165,211.54061092600372,62.367262354327465,22.088530780418267
1545.5,非储层,0.6336275799992763,27.569469677413437,71.79690274258729,89.23170264804304,10.768297351956956,91.3404411620765,24.39190261287041,3.1499975948656145,0.027569469677412445,2.10873851403346,8.659558837923498,2.135280470677019,208.10156407378153,27.170498485495123,0.7311471547779483,0.715613423156166,219.1679753753773,61.863554810371674,22.058763855763647
1545.625,非储层,0.625398864984077,26.274667883473622,73.09993325154231,86.7336321491778,13.266367850822203,88.81992729417641,23.24633544635272,3.0020577692374286,0.026274667883475003,2.086295144998606,11.180072705823596,2.3892276361010176,204.14265090324514,26.986664507459817,0.7404688845002403,0.7247918823002356,219.03286410973314,62.70051545686724,22.20738465790824
1545.75,非储层,0.6161916034795291,26.83805376810151,72.54575462841896,88.94213073706239,11.057869262937615,91.02031614030535,23.744787313294783,3.066428401038627,0.02683805376810164,2.0781854032429754,8.979683859694642,2.31719610808728,184.01536671761275,26.88077492457483,0.7461399582384522,0.73046617333054,223.0700054711908,61.0254359221922,22.055432382577163
1545.875,非储层,0.6207560706592252,26.676752184166077,72.7024917451747,89.22737573462015,10.772624265379848,91.29252865310602,23.602076823296557,3.047998608685352,0.026676752184167166,2.0651529184858712,8.70747134689398,2.359201237073104,190.37732973330975,26.895740764016203,0.7426986008002431,0.727349162834938,219.46524106037504,61.0942802629133,21.776217140786272
1546.0,非储层,0.6175471102041085,27.406093981823876,71.97635890797201,90.78228510176946,9.217714898230545,92.78697858559558,24.247357066555626,3.1313308212864244,0.02740609398182367,2.004693483826125,7.21302141440442,2.2105396452969686,180.42014933624807,26.833463583829655,0.7322182064293965,0.7175553777667197,211.75705120593608,61.342130388118434,22.034855164165144
1546.125,非储层,0.6240574626118165,26.884739995554764,72.49120254183342,93.02868831596093,6.971311684039061,94.99982217046433,23.7860926385958,3.0717626169634102,0.026884739995553658,1.9711338545033863,5.000177829535679,2.1826129187754395,176.69272342049342,26.850577576948716,0.7227465905015066,0.708694697373244,203.70712786732648,60.89783722061184,22.0043723794026
1546.25,非储层,0.6363561657374941,26.586949715123843,72.77669411913867,93.73755540137344,6.26244459862656,95.68906122931601,23.522624693643586,3.0377380717651303,0.026586949715124222,1.9515058279425672,4.3109387706839915,2.2656660715110806,187.90730667187597,26.66718841266276,0.7173623628485977,0.7038360169713991,213.37007684859825,61.28383422306972,21.986421118074855
1546.375,非储层,0.6305279360260209,28.59410412538581,70.77536793858816,94.77889596980621,5.221104030193779,96.73092651821823,25.298441039658137,3.267068981602287,0.028594104125386627,1.9520305484120044,3.26907348178177,2.0704812854546706,206.00473191118263,26.49786827140302,0.7131431090970909,0.6998941656241374,211.32373097443343,62.044350826280976,22.054226803917754
1546.5,非储层,0.626036077017983,29.17918573148922,70.19477819149279,95.59567725590153,4.404322744098465,97.59343929530168,25.81608805005196,3.3339184957057717,0.029179185731488533,1.997762039400144,2.406560704698324,2.360554274569012,200.66670023932804,26.139200384511735,0.7169409674556426,0.7036064631447417,202.5518115015725,61.35520397197285,21.969544124729197
1546.625,非储层,0.6136973002095186,30.736003677057823,68.65029902273267,96.41529485923638,3.584705140763622,98.46218175387206,27.193472242007914,3.5117954313728497,0.030736003677056534,2.046886894635679,1.5378182461279422,2.348847279350674,178.82019776496563,25.753124049047635,0.7254682898103821,0.7118956543946463,216.54091648733765,61.903450603974605,21.989898923771623
1546.75,非储层,0.6314300277272222,30.752070534661357,68.61649943761142,94.91700756322538,5.082992436774614,96.93402964055954,27.207687286060118,3.5136311780665794,0.030752070534661308,2.0170220773341656,3.065970359440451,2.356377921602239,172.64617477906708,25.470338366415454,0.7316373946515636,0.717885916122985,206.98084914820151,59.373355893334036,21.864082051066653
1546.875,非储层,0.6443129928472034,31.626796851998495,67.7288901551543,95.81721182385714,4.18278817614286,97.82827529442963,27.981595503920474,3.6135745512260202,0.03162679685199954,2.011063470572491,2.171724705570366,2.5231710240205287,188.43322396270628,25.407293564043083,0.7359340820174518,0.7219496325701324,189.37208660182313,61.418493461751694,21.976691167032698
1547.0,非储层,0.6558568964419588,29.847534317174805,69.49660878638323,94.20122925250398,5.798770747496018,96.26095407301001,26.4074049598164,3.410281823041234,0.029847534317172658,2.0597248205060237,3.7390459269899923,2.1359268547081625,178.16151081704825,25.39864597070288,0.7386406946448534,0.7245143042669002,200.7362432802452,61.00291213015889,22.052508943057163
1547.125,非储层,0.6442207765930213,30.814870207902256,68.54090901550472,95.05909218151542,4.9409078184845745,97.13360656973438,27.26324887399545,3.520806463698904,0.0308148702079028,2.0745143882189643,2.8663934302656124,2.2594280035843544,173.2820322007915,25.31593305636418,0.7438264230616504,0.7293532098123368,198.31915329361,61.06805439295992,21.999336681447062
1547.25,非储层,0.6349173253037456,31.65724594873529,67.70783672596097,93.47200974420907,6.527990255790927,95.59375939888585,28.008535137179447,3.6170535656071103,0.031657245948733814,2.1217496546767793,4.406240601114153,2.114344109171492,191.64038443587256,25.300732093501725,0.751977175042095,0.7369460588784308,197.12545048624136,61.58323368616891,22.05347319699103
1547.375,非储层,0.6237046062722355,31.850782499395216,67.52551289433255,91.81217421812376,8.187825781876246,93.94807673004927,28.179765296880166,3.6391664200156515,0.03185078249939646,2.1359025119255146,6.051923269950732,2.334378171217981,194.13264973517133,26.918992310797897,0.6864981950503919,0.674829630447318,213.650614021656,61.60868368870712,22.134677140855985
1547.5,非储层,1.891443651410013,11.218786843130601,86.88976950545938,95.5627012117637,4.43729878823631,96.62501014865533,9.510570341848748,1.6969977144387232,0.011218786843130227,1.0623089368916456,3.3749898513446674,2.44432866696494,205.233022215491,28.45642294546992,0.62545808190553,0.6169810692144007,214.96980712383723,63.0256457655065,22.137059210207763
1547.625,非储层,1.8595656983698754,13.149661625812048,84.99077267581808,93.63245437779628,6.367545622203719,94.67546837481369,11.14744255439445,1.9890694097917851,0.013149661625812617,1.0430139970174077,5.324531625186313,2.4931176597029694,217.71684045819734,30.03739621428805,0.5560146447647557,0.5510491424785713,218.354997297244,65.76216628640569,21.887045815005408
1547.75,非储层,1.8866419020236829,13.385763647458425,84.7275944505179,96.31066927831952,3.6893307216804727,97.37347809110317,11.347594755886318,2.0247831279246506,0.013385763647458249,1.0628088127836355,2.6265219088968395,2.609620043613987,220.1302661858393,31.731461537814354,0.48016249507620323,0.4789159694616619,218.45166367583337,65.44907764535414,22.23319873511387
1547.875,非储层,1.841114831818385,12.343127262472265,85.81575790570936,97.20792075373453,2.7920792462654775,98.28210910059548,10.463714277628231,1.8670698575815596,0.012343127262472858,1.074188346860946,1.7178908994045283,2.5457820153341877,220.47903191054732,31.66673842018252,0.48147641304852506,0.48013816025743405,215.00772022210873,66.14443499790387,21.937565348581835
1548.0,非储层,1.8799922548552013,11.934616840775035,86.18539090436977,95.36668785869144,4.633312141308565,96.4484987355676,10.117405255516033,1.8052769684182297,0.011934616840774542,1.0818108768761638,3.5515012644323996,2.7181362332055468,231.92686554615042,31.633523627752552,0.4829182573503681,0.48143181740112795,231.97300187971726,66.57336906709618,22.09715707277538
1548.125,非储层,1.8438328956596064,13.539704745791559,84.61646235854884,93.01735943188999,6.9826405681100105,94.12967285428422,11.478096178604334,2.048068862441433,0.01353970474579115,1.1123134223942452,5.87032714571577,2.769531401491881,215.78297490331516,31.59348395531279,0.4900153281265134,0.4882839711665227,224.60545700667373,64.93455151501527,22.11865900896283
1548.25,非储层,1.8917280441621345,13.960694868032453,84.14757708780542,91.7022205545599,8.297779445440101,92.82241096925023,11.834984693091721,2.111749480072699,0.013960694868032225,1.1201904146903248,7.177589030749775,2.537409272080603,223.2212895479841,31.53823837854065,0.49710829932697675,0.49511600281557594,227.36207349637252,65.50910667519231,22.062813137886224
1548.375,非储层,1.8487981901406363,13.07559496052163,85.07560684933773,92.6201310373972,7.379868962602798,93.7620717925176,11.084653570159315,1.9778657954017946,0.013075594960521714,1.1419407551203977,6.237928207482401,2.532351872534477,217.77229760559675,31.3586051121674,0.5000210203947251,0.4978696099517981,231.34080376953608,66.02948901537489,21.957036623109513
1548.5,非储层,1.880610113287582,13.87452147268322,84.2448684140292,95.38065101642755,4.619348983572458,96.49568905139422,11.761932397016889,2.098714554193649,0.013874521472683268,1.1150380349666824,3.504310948605771,2.612273944017042,233.46190281440659,31.320186933568255,0.49992671673619393,0.4977345143911337,220.75249704833817,65.11402005531511,22.025929370435914
1548.625,非储层,1.8412017857559224,13.940059332548028,84.21873888169605,93.5433477945166,6.456652205483393,94.68042417878296,11.817491205203009,2.10862806801247,0.013940059332547688,1.1370763842663607,5.319575821217038,2.5939612883845466,221.20944868532064,31.472087501942937,0.4925084446085638,0.4905457654284217,216.25438194244293,65.29712856433164,22.00355512728607
1548.75,非储层,1.892101208480477,12.20638401999803,85.90151477152149,95.1790426887205,4.820957311279505,96.29033307300931,10.347792097760806,1.8463855382172243,0.012206384019998115,1.111290384288811,3.7096669269906957,2.4791349677317105,207.2852344902622,31.431556274549184,0.4909981758924094,0.4891509763528543,223.71910444490305,66.44839568230144,22.108810378757493
1548.875,非储层,1.9152295537363022,13.408436354576414,84.6763340916873,94.10879713249774,5.891202867502255,95.23250448358826,11.366815227662888,2.0282126905589495,0.013408436354576253,1.1237073510905147,4.767495516411735,2.6057721353990875,229.21261113498886,31.607747229195173,0.4938247337686049,0.4919712470138977,235.4117148883401,65.50328117703164,23.06576531974908
1549.0,非储层,1.8629917210352547,12.116342509484578,86.02066576948016,91.29108762902966,8.708912370970335,92.3818555380259,10.271460660913084,1.8327655060620098,0.012116342509484873,1.0907679089962368,7.618144461974097,2.4336168505553064,230.61788149484101,31.799476345740803,0.4975723098787932,0.49577575741633784,213.07163164119913,65.88666674329714,23.10679674418776
1549.125,非储层,1.869293351862126,11.996860131834941,86.13384651630294,88.74481327975919,11.255186720240818,89.82874024189155,10.170171138869618,1.8146921328334873,0.011996860131835083,1.0839269621323724,10.171259758108441,2.699963773181164,240.04728602270742,31.737971187330903,0.5093844803583116,0.5072756289920013,229.02890619687176,65.50191541027367,23.255962389811334
1549.25,非储层,1.830695231602501,13.156563068707438,85.01274169969007,87.83944818821277,12.160551811787235,88.91525538273785,11.153293156517002,1.9901133491217298,0.01315656306870791,1.075807194525087,11.084744617262142,2.5961137778734864,222.79309394280168,31.616741210278583,0.5203024235798018,0.5178230665899188,211.7901586499825,65.93983120067766,24.244815859266403
1549.375,非储层,1.793160554924119,15.004843456874028,83.20199598820184,88.30765066985988,11.692349330140118,89.41132210301478,12.720147121113111,2.269691492304043,0.015004843456873154,1.103671433154897,10.58867789698522,2.5210529767480483,222.32447283016063,31.52031770364751,0.5241204088442425,0.521460363626301,209.34879337229117,65.4003034145549,22.892141372653136
1549.5,非储层,1.8300637065562928,13.23035745800114,84.93957883544256,89.85516886170029,10.144831138299704,90.96738317247993,11.215851322566948,2.0012757779761916,0.013230357458000885,1.1122143107796383,9.032616827520068,2.601522402515883,216.48823268556885,31.252029091608797,0.530183122253894,0.5272683553465106,240.16954116939323,65.32823713728891,22.948745088867504
1549.625,非储层,1.883228087822984,14.911768841632501,83.20500307054452,87.9051056931992,12.094894306800796,89.02939110025348,12.641244411963495,2.255612660827371,0.014911768841633505,1.124285407054274,10.970608899746527,2.597657740183546,208.8005329472051,30.967282465840896,0.531806031583907,0.5287922127960465,219.0414746784841,65.51726004866912,23.03356760256669
1549.75,非储层,1.8928890753031768,16.11500408982085,81.99210683487598,90.01209195157284,9.987908048427164,91.13920521921224,13.661270340408166,2.437618745322863,0.01611500408982107,1.1271132676394116,8.860794780787751,2.727108447224431,199.58246682552672,31.025012809620396,0.5279467388617686,0.5251231773023936,212.6583975967815,65.38261627561805,22.164456469603817
1549.875,非储层,1.9463954705767241,14.20325089749036,83.85035363193292,89.99077972394453,10.009220276055474,91.13139447132536,12.040608189843644,2.148439456749227,0.014203250897489722,1.1406147473808363,8.868605528674633,2.5480139180988135,222.31926213644877,30.986865069523247,0.5294855494720938,0.5266106860015597,223.6004184541193,65.00459376973876,21.974887420260675
1550.0,非储层,1.9157013160971685,13.592115403923732,84.49218327997909,89.21039681067553,10.78960318932447,90.382411291463,11.522526584297783,2.0559967042220255,0.013592115403923688,1.1720144807874728,9.617588708536996,2.553384514893638,214.5610218422477,31.152002947227388,0.521897506129719,0.5191557721487724,214.30408256196395,65.41735634904373,22.11326184958865
1550.125,非储层,1.8611640305266932,13.04623297935008,85.09260299012323,90.9417671985264,9.058232801473597,92.11290755493984,11.059762359441727,1.9734243869290038,0.01304623297934994,1.1711403564134306,7.887092445060162,2.8045870131249897,231.8990614123538,31.520118693179253,0.5161772964199206,0.5136044651887328,212.69820674658894,65.08497358270137,21.929024076158218
1550.25,非储层,1.8755342444684076,12.16503201155994,85.95943374397166,89.51031542809874,10.48968457190126,90.6534382631093,10.312736508370767,1.8401304711776132,0.012165032011560162,1.1431228350105487,9.346561736890713,2.7137974283078794,224.01805588652462,31.527024939431076,0.5162236156304204,0.5135339968638672,223.07912895168295,65.82396695703058,22.928292101113875
1550.375,非储层,1.8263782436708749,14.22681307228828,83.94680868404085,89.98096620235468,10.019033797645328,91.12477137680378,12.0605826954614,2.1520035637545902,0.014226813072288833,1.1438051744491118,8.875228623196218,2.504188133924897,227.8000613964423,31.47767238383474,0.5151344585854803,0.5124553270418266,221.8501293308178,66.33591149294813,22.900823550459464
1550.5,非储层,1.8643928768110811,14.125810720317899,84.00979640287102,90.5351089064983,9.464891093501704,91.67909681010327,11.974959357881488,2.136725551716094,0.01412581072031821,1.143987903604986,8.320903189896722,2.4337903771654155,233.76423745553097,31.302875263064358,0.5160465632256676,0.5132896692861489,224.65610799486964,64.9612484795158,23.046000175109537
1550.625,非储层,1.8388387263100394,14.909146711272003,83.25201456241795,92.39098245535496,7.609017544645036,93.56491116118157,12.639021537459532,2.255216027101199,0.014909146711271706,1.173928705826615,6.435088838818426,2.742861137769557,226.41947627405276,31.23007653080689,0.5164558402870982,0.5136193497620275,227.844262131546,65.67975534011664,23.040036514519915
1550.75,非储层,1.8330837062976355,12.967582885676388,85.19933340802598,90.10794452773028,9.892055472269712,91.25688743536108,10.993087837611885,1.9615274651788261,0.012967582885676024,1.1489429076307858,8.743112564638922,2.5026121197368534,227.231585061381,31.15041361035359,0.5211003044721941,0.5181279386875854,217.20175129378993,66.39388419815663,22.01356266263619
1550.875,非储层,1.8350834368790783,15.144460608659783,83.02045595446114,87.93035364637296,12.06964635362704,89.08468331043548,12.838505617584595,2.290810530466529,0.015144460608658775,1.1543296640625262,10.915316689564513,2.502725907084482,213.34034698194827,31.243162098989313,0.520200385993453,0.517291908671326,233.91276684566733,64.95691466649268,21.95616795385252
1551.0,非储层,1.8784161216647388,13.127251104825522,84.99433277350974,90.04966231098996,9.950337689010036,91.18695916902497,11.128444347260286,1.98567950646041,0.013127251104825752,1.137296858035007,8.813040830975027,2.6947479657128537,228.12655046783465,31.417467656623426,0.5177186976704571,0.5149721027030968,216.2296666227346,65.92554587248706,22.048624365505393
1551.125,非储层,1.871572385573914,13.009544421320673,85.1188831931054,92.01333240667509,7.986667593324914,93.15944113384637,11.028660145204245,1.9678747316951066,0.013009544421321156,1.146108727171286,6.840558866153623,2.5109393506422255,215.90190516487633,31.324685323803894,0.5190378498083197,0.5162781694436395,216.73392833141472,66.67518696035594,22.95953292690303
1551.25,非储层,1.9147687340592978,13.898914784099913,84.18631648184078,90.22918317565254,9.770816824347461,91.40497462607155,11.782611487130909,2.1024043821849054,0.013898914784099548,1.1757914504190101,8.595025373928456,2.4840115624216916,221.65597935739322,31.554364042292953,0.5144427157171574,0.5118726824417034,226.00989137344652,65.05788387746105,22.75566948840655
1551.375,非储层,1.9085342604381887,12.595328643227234,85.49613709633458,88.17394636106012,11.826053638939882,89.35476641571677,10.677514486645501,1.9052188279385045,0.01259532864322753,1.1808200546566479,10.64523358428323,2.7538359713462954,215.8153042901737,31.65533959897071,0.5138485269715427,0.5113046974559198,230.03306867727028,65.60204036113288,22.892482472436193
1551.5,非储层,1.9004016065450853,12.041978382295948,86.05762001115896,89.26931032800738,10.730689671992621,90.43372509734446,10.208419507495439,1.8215168964182133,0.012041978382295454,1.16441476933708,9.566274902655536,2.3591869297037977,222.65592140581862,31.51557646935479,0.5213013931197059,0.5185243792794757,214.34614653813784,66.41010038823197,22.837947405361536
1551.625,非储层,1.9338910969910972,14.576484785918819,83.48962411709009,88.64655004943091,11.353449950569082,89.84413431946726,12.357012022048913,2.2048962790839877,0.014576484785918525,1.1975842700363406,10.155865680532738,2.438925397085989,224.20233363439496,31.474724102545522,0.5281887984345951,0.5252475166764682,221.94003063189086,64.8884215379617,21.949693998213267
1551.75,非储层,1.985748415583867,14.413654104222084,83.60059748019405,86.3106423978153,13.689357602184703,87.51391117692229,12.21897457880823,2.180265871309634,0.014413654104222101,1.203268779107004,12.4860888230777,2.6881609305307292,213.52661749546124,31.456643936396418,0.5285399085226281,0.5255731649199389,228.40901763698636,66.17016723856769,22.106699344418132
1551.875,非储层,1.9437363874494573,12.763833357385435,85.2924302551651,88.12142456094607,11.878575439053929,89.33384950864031,10.820362011903187,1.9307075121248618,0.012763833357385887,1.2124249476942306,10.666150491359694,2.5097570596628653,220.8953699471555,31.16796923423585,0.5379468663512387,0.5346447158523344,224.58454396670834,65.59431164881943,22.014155419826043
1552.0,非储层,1.9006802444607063,15.247789526054923,82.85153022948437,86.60798024069781,13.392019759302187,87.79242696989893,12.926101268609488,2.306440467919378,0.015247789526055822,1.184446729201121,12.20757303010107,2.497352816519263,211.56010243635075,31.186283974500494,0.5449927744124516,0.5414321259966844,211.42225918062084,65.45081734288375,22.15055890945804
1552.125,非储层,1.8564590249700337,14.577883273901126,83.56565770112884,84.2656412752819,15.734358724718101,85.46097091886095,12.358197570764112,2.2051078198631138,0.014577883273900541,1.195329643579045,14.539029081139054,2.4521360081915864,208.52920263088117,30.965218096355173,0.5560236444426286,0.5520959277758853,208.0652424160562,65.21224213921846,22.01002061071856
1552.25,非储层,1.8683461495698057,17.011350065115728,81.12030378531446,82.57060153009455,17.429398469905454,83.73929615981699,14.421135160720244,2.5732035543303664,0.01701135006511624,1.1686946297224392,16.260703840183012,2.5893772598213163,220.27329327117775,30.79259438721785,0.5729200237892106,0.5684731047844445,212.00529197744467,64.75397466950291,21.89565837245594
1552.375,非储层,1.835465035894888,14.95801526206173,83.20651970204338,80.34547166651832,19.65452833348168,81.50839431723972,12.680449170971839,2.262608075827829,0.014958015262062432,1.162922650721403,18.49160568276028,2.4277379696074783,228.13658553645297,31.022433345971372,0.5830879688209487,0.5784242592200535,224.86830494019983,64.20542231273349,21.85752907832714
1552.5,非储层,1.8662258017849602,13.043197948165453,85.0905762500496,78.59535169486593,21.404648305134078,79.7391852899649,11.057189454013116,1.9729652962041704,0.01304319794816558,1.143833595098978,20.260814710035103,2.6347790136276776,205.08135429372382,31.09354301711266,0.5950437426578365,0.5902025914341498,212.69166346257356,65.30966160813236,23.230821194251934
1552.625,非储层,1.9052224563637217,14.002867303038036,84.09191024059824,77.21748095810136,22.78251904189864,78.3514582603594,11.87073578768117,2.118128648053826,0.014002867303038874,1.1339773022580424,21.648541739640603,2.5558957727715876,216.76535599560424,31.495948002364326,0.601266216210186,0.5963671904486133,226.8954510868463,64.65584575523229,22.99690826597245
1552.75,非储层,1.9372852216281755,12.850368242331655,85.21234653604017,75.34293515905371,24.657064840946298,76.49551267436458,10.893720755750678,1.9437971183386458,0.012850368242331434,1.1525775153108664,23.504487325635427,2.7583408054119745,232.84635437093348,31.694086652247357,0.6071184195569943,0.6022858746861363,213.2868331828635,64.89116329219674,23.168482775071173
1552.875,非储层,1.9735342058110839,12.891307946669206,85.13515784751972,75.43069308190506,24.569306918094934,76.5518798838241,10.928426820080189,1.9499898186423472,0.012891307946669497,1.1211868019190354,23.448120116175897,2.516890060264109,224.18118072257704,31.523396446529567,0.6174194108151785,0.612439971083492,210.75444898339623,65.54116247693227,23.248899465399333
1553.0,非储层,1.949832659038775,14.946601280582584,83.10356606037864,75.29769899143048,24.702301008569528,76.39593907669364,12.670773127095094,2.260881552206907,0.014946601280581631,1.0982400852631553,23.60406092330637,2.362291895768821,221.07952850433185,31.55717378306828,0.62439425708217,0.6193522319611535,213.7722265862563,65.83316541329091,22.190072868846208
1553.125,非储层,1.9203863827384828,13.745471324369685,84.33414229289184,73.66147658457379,26.338523415426206,74.73658773369895,11.652531930609648,2.0791939224356666,0.01374547132436954,1.0751111491251608,25.263412266301046,2.608544057661852,233.10750151375038,31.456326163595584,0.6299317244083558,0.6248897310639234,222.2623670313371,65.261016064004,22.058004551018556
1553.25,非储层,1.9087435863686386,14.009360282174244,84.08189613145713,73.7992077333272,26.2007922666728,74.85338802353382,11.876240120339107,2.1191108015529627,0.014009360282173783,1.054180290206619,25.146611976466183,2.839583531217555,233.55657061453493,31.3628634392961,0.635333582516352,0.630107864047837,226.4187511741508,65.13338485652433,21.988126637349353
1553.375,非储层,1.8561210845204548,14.017043441070442,84.1268354744091,73.90348684131631,26.09651315868369,74.97623673686145,11.882753411317145,2.120272986312227,0.014017043441070035,1.0727498955451376,25.023763263138555,2.6630689609994986,219.77392767280563,31.323642311039617,0.6354816163353478,0.6301782002313933,220.47301083766524,65.67268554675188,21.855326803401372
1553.5,非储层,1.8575533213602846,15.411859306843379,82.73058737179633,75.64114763661357,24.35885236338643,76.7334494599773,13.065189140852624,2.3312583066839103,0.015411859306844675,1.0923018233637163,23.266550540022713,2.4996187500268316,197.13843131397041,30.962044651663614,0.6380448173459614,0.6325718001037967,221.9447378632601,65.34066740781839,21.922075751178788
1553.625,非储层,1.8964846827339978,17.59070290184588,80.51281241542011,76.03417656296465,23.96582343703535,77.14126240221091,14.912273461457772,2.6608387374862583,0.01759070290184711,1.1070858392462686,22.85873759778908,2.5845155595102556,208.82163067497274,30.60475139877484,0.6381893973779479,0.6325376639441227,216.7025522911381,64.66991470430271,22.109511819884915
1553.75,非储层,1.8479589690784382,17.795483988266557,80.35655704265501,77.25237248629392,22.74762751370608,78.36307826186003,15.08587377620808,2.69181472807021,0.01779548398826783,1.1107057755661032,21.636921738139982,2.368699330809099,201.3120714534168,30.327074561127567,0.6416810375450399,0.6358633499282631,227.75458463898173,63.45788913738006,22.078891864059692
1553.875,非储层,1.8920343410361105,16.962682516637827,81.14528314232606,75.02257702582904,24.97742297417096,76.1392302243738,14.37987792411914,2.5658419100020495,0.016962682516637184,1.1166531985447756,23.86076977562619,2.5524680735031895,202.0204907994219,30.384341504159682,0.6377739390699848,0.6321391088861852,216.3659208416485,64.66415100857621,22.09704679245222
1554.0,非储层,1.9385228269529522,14.706605814001373,83.35487135904567,76.8719559595237,23.128044040476293,77.96634397439077,12.467320311869976,2.2245788963173934,0.014706605814001836,1.094388014867062,22.033656025609226,2.651060164027464,211.69107198118175,30.588438469796618,0.6288513557177404,0.623518445301579,225.23798228324603,65.02030532265103,21.780604991600814
1554.125,非储层,1.9917674075383944,15.258951533154253,82.74928105930735,78.1205020666468,21.87949793335321,79.245592797258,12.9355637047141,2.3081288769069963,0.015258951533155332,1.125090730611209,20.754407202741998,2.5910905336793397,209.16369214581673,30.607238104250722,0.6257796278925316,0.6206845432514119,215.75873157834593,63.74662338006354,22.131063756048114
1554.25,非储层,2.0209871484192847,17.448603825904506,80.5304090256762,78.44938783574884,21.55061216425116,79.55823839420376,14.791810948340359,2.6393442737382444,0.017448603825903977,1.108850558454917,20.441761605796238,2.5968471928556647,216.69434270096193,30.753315435059108,0.61508120022271,0.6104517781201317,212.96007553655988,65.26562410582136,22.113666088727665
1554.375,非储层,2.008456629390716,15.20174385370483,82.78979951690445,78.50536720246114,21.49463279753885,79.59430283750628,12.887066690990126,2.299475418860999,0.015201743853704777,1.0889356350451151,20.40569716249373,2.659482290402681,225.63075384447154,30.779092663870113,0.6121753344949761,0.6077371160795473,214.73892851365522,64.4608027585893,21.89164950187779
1554.5,非储层,2.0408706359513156,14.330047589212446,83.62908177483624,77.97399585702452,22.026004142975488,79.06391632344302,12.148098319801411,2.167619221821823,0.014330047589211983,1.089920466418507,20.936083676556983,2.556369761969323,213.3908591703558,30.725134218882758,0.6159193968442337,0.6113839817317148,223.9275171548329,64.49557724484205,21.95845549832621
1554.625,非储层,1.9865784465310157,15.887317763210362,82.12610379025863,76.87903303767582,23.120966962324175,77.99560151672362,13.46825242720732,2.4031780182398332,0.015887317763209688,1.1165684790477934,22.004398483276375,2.437537414782821,213.25506353265172,30.854492023325022,0.6145381838452681,0.6100567856180993,224.8259907066617,64.94586191957991,22.80970912765185
1554.75,非储层,1.9984506077662487,16.086678815748613,81.91487057648514,77.79428498888234,22.205715011117665,78.88525112417919,13.637257983699463,2.433334153233401,0.01608667881574724,1.0909661352968583,21.11474887582081,2.529242575291363,225.37173923884407,30.72992928591465,0.6149022097813497,0.6103689881531063,231.79123053234875,65.07615570982186,23.144466702834585
1554.875,非储层,2.0192118679253093,16.503635894530056,81.47715223754463,79.59988526707467,20.400114732925335,80.71211302408295,13.990727541748049,2.4964047168874752,0.016503635894531132,1.1122277570082935,19.287886975917047,2.35378178024407,209.60292105802122,30.46494391920823,0.6132917807545794,0.6086951596471885,213.6931539963621,65.3054477324789,23.07448709425798
1555.0,非储层,2.044710780123222,17.068037547646576,80.88725167223019,81.52480191785476,18.47519808214524,82.6630985784159,14.469191184749445,2.581778325349484,0.01706803754764688,1.1382966605611304,17.336901421584106,2.66261307557803,217.81635942007776,30.262016293363786,0.6044675398081987,0.6001326477435652,214.36471207325337,64.756244967058,23.062120907073076
1555.125,非储层,2.092926277127112,17.787312307327685,80.1197614155452,83.371981849411,16.628018150588996,84.5302554388916,15.078946347470287,2.6905786475500704,0.01778731230732758,1.1582735894806004,15.469744561108401,2.5303496992404946,219.55568058749193,30.107818949487864,0.601314965553521,0.5970855223968679,236.1674880205498,63.56396861218679,23.122253422189097
1555.25,非储层,2.107683209559604,17.575788741118824,80.31652804932156,80.8983072323209,19.1016927676791,82.03043443353029,14.899630189358248,2.658582763019458,0.017575788741119175,1.132127201209383,17.969565566469715,2.5296566525543387,226.9649286982979,29.777035120787183,0.6053211142847094,0.601005605911217,208.299006719812,62.67539601188968,23.12548882944964
1555.375,非储层,2.0569501603855556,20.002130351975378,77.94091948763906,81.12915298030579,18.870847019694214,82.25330615479724,16.956527506873066,3.0256007147503374,0.02000213035197561,1.1241531744914646,17.746693845202756,2.415445319659428,208.3103186690518,29.685255386219215,0.6064616895645308,0.6021597538248177,237.05156434302876,64.58037981261104,23.22474426401162
1555.5,非储层,2.076281705419979,18.02590862949608,79.89780966508394,81.91071290614897,18.089287093851027,83.04027268343953,15.28121305750038,2.726669663366203,0.018025908629494894,1.1295597772905608,16.959727316560468,2.4443198954777596,206.1749365289258,29.707454362614477,0.6133681775368409,0.6088880413726789,218.1740713487081,63.569315096159066,23.088939248745625
1555.625,非储层,2.087608945540806,17.684447219862065,80.22794383459713,79.60875607176257,20.391243928237422,80.75708977944967,14.99174390181002,2.675018870832182,0.01768444721986298,1.1483337076870892,19.242910220550336,2.7419988121461003,225.69244359441024,29.735737242489236,0.6136891173392363,0.609145887837853,203.9026365362317,63.281501897055605,22.002780039301317
1555.75,非储层,2.055590677709465,17.31937931977524,80.6250300025153,80.45908499211006,19.540915007889936,81.59468510576632,14.682262672522498,2.619797267932968,0.017319379319775605,1.13560011365625,18.405314894233683,2.4763378272263314,223.1888775534757,30.189197562631165,0.6085028305873694,0.6041296020715516,216.08357381392187,65.28564581173103,21.927839749390433
1555.875,非储层,2.066486624491062,15.171821248337846,82.76169212717109,78.9007231112551,21.09927688874489,80.01373083931699,12.861700218916692,2.2949492081728162,0.01517182124833906,1.1130077280618773,19.986269160683012,2.5764648564377826,215.66136069725997,30.493601928725703,0.6051146720678983,0.6008488041000547,233.53565802071324,64.22156155802139,22.085484489030744
1556.0,非储层,2.0151397989143693,14.8266926189055,83.15816758218013,80.463302793323,19.536697206677,81.5614372952191,12.569122228702714,2.2427436975838813,0.014826692618905707,1.0981345018960973,18.438562704780903,2.4437821820530004,217.02417379892603,30.882295884115265,0.5993848354058982,0.5953678774711615,220.38358933024352,64.99234241106451,21.942158076688894
1556.125,非储层,2.029142834248296,13.560211415059676,84.41064575069203,78.47894115789916,21.52105884210084,79.5678942857963,11.495480421952434,2.051170781692181,0.01356021141506042,1.0889531278971396,20.432105714203697,2.5012854472652193,219.6687190433015,31.408498517785336,0.5898723195109528,0.5861692705952348,218.70386477636674,64.88526615621228,22.008019823725174
1556.25,非储层,1.9903385559023787,11.69041017599195,86.31925126810567,79.96264516676095,20.03735483323905,81.07950348506539,9.910382455649758,1.7683373101662008,0.0116904101759914,1.1168583183044356,18.920496514934616,2.4574794385027943,220.9144119826641,31.78079653042657,0.5850624747805998,0.5814130085412647,230.48857184264665,65.48659080869709,22.103070449919535
1556.375,非储层,1.9691576280659244,11.248723031555896,86.78211934037819,77.62494959250485,22.375050407495156,78.77372896114953,9.535948328770742,1.701525979753599,0.011248723031556315,1.1487793686446928,21.226271038850463,2.5799429710779758,218.40116221271674,32.03060060797989,0.5815676984813755,0.5779136339703705,210.0035007924331,65.77961370714992,21.97388490824498
1556.5,非储层,1.9487802732045427,12.19074017512536,85.8604795516701,79.76172493964137,20.238275060358635,80.90685078757399,10.334530246086567,1.8440191888636654,0.012190740175125128,1.145125847932611,19.09314921242602,2.609030849961423,233.8182401708235,32.33064679135421,0.5716087414851511,0.5681865031068853,219.70588247308947,66.73763286920837,22.03269579896258
1556.625,非储层,1.94508570224853,10.29359570906031,87.76131858869117,80.7189427792405,19.28105722075949,81.83851479292326,8.726252439809446,1.5570496735418045,0.010293595709060313,1.1195720136827503,18.161485207076744,2.72902411792949,220.88863969130077,32.37545583431668,0.5720919178291696,0.5686837888638241,223.22701663587816,66.24358479620011,22.952508250356054
1556.75,非储层,1.9586731537803423,11.249877097209337,86.79144974901033,79.27467196166616,20.725328038333846,80.36616228909483,9.53692667185985,1.7017005482522778,0.01124987709720908,1.091490327428682,19.633837710905166,2.5697975828136133,226.8457374511231,32.13207899515753,0.5729351077443763,0.5695979440271113,225.14687667560185,66.00177705713828,24.315177864010366
1556.875,非储层,1.9996810618205014,13.796475508146234,84.20384343003326,79.62020620298195,20.379793797018053,80.69953290252985,11.695770017251117,2.0869090153869707,0.013796475508145653,1.0793266995479007,19.300467097470154,2.8442618316388835,228.64906713597125,32.18749300512505,0.5756494370489764,0.5723259879526322,217.36416671217282,65.46181814808939,24.50912022631618
1557.0,非储层,1.959840699832045,11.650519792832526,86.38963950733543,77.80286908975323,22.197130910246766,78.91372461907233,9.876565938738812,1.7623033343008803,0.01165051979283259,1.1108555293190874,21.086275380927678,2.4760115296002336,233.93913827185042,32.05690410533997,0.5794531098627398,0.5760207665136037,217.95934661222586,66.10997696667948,24.164212223226837
1557.125,非储层,1.9463516747839038,11.729391352382079,86.32425697283401,79.9906476684324,20.009352331567598,81.08253840371951,9.943428205181343,1.7742337558483547,0.011729391352381657,1.0918907352871132,18.917461596280482,2.3953803128033893,217.8840802332691,31.883574052760046,0.5859033060637993,0.5822645935368006,209.5757019101214,65.39224902773805,23.180522143196555
1557.25,非储层,1.9541456603233847,13.178272232442534,84.86758210723409,77.71991568044125,22.280084319558757,78.79740512016117,11.171696797806591,1.993397162403501,0.013178272232442292,1.0774894397199308,21.20259487983882,2.541692408222445,218.29053668485165,31.909510401209015,0.58470492992944,0.581073391443133,215.6419151402101,65.41451529629867,22.089982817006003
1557.375,非储层,1.9267469656511451,13.550297719736603,84.52295531461225,80.01450433680392,19.985495663196073,81.07066176378149,11.487076224775317,2.049671197241551,0.013550297719736037,1.05615742697757,18.929338236218506,2.6184215004853924,227.62409633953868,31.94003325494912,0.5777241127252284,0.5742945971254818,216.93099054021891,66.61503894283153,21.969585132525378
1557.5,非储层,1.87658694819853,11.263826153726274,86.8595868980752,81.23417309656193,18.765826903438064,82.29536756338537,9.548751790302848,1.703810537269701,0.01126382615372623,1.0611944668234305,17.70463243661463,2.501814948497846,232.79248418640327,32.12614318158283,0.5681472338760234,0.5650858569990698,229.32666356979297,64.87154714112538,22.011311922388874
1557.625,非储层,1.9324591243239893,9.614037921573038,88.45350295410297,83.45262284455242,16.547377155447585,84.51918954924417,8.150166787267953,1.4542570963835122,0.009614037921572803,1.066566704691759,15.480810450755822,2.7998162958190407,224.83277300780935,32.24286446578508,0.5528914539185458,0.5501792968912683,221.60195144652783,66.509453634078,21.952502598979297
1557.75,非储层,1.8830278033167887,11.73187521745792,86.3850969792253,84.86098298822064,15.139017011779366,85.94732568752218,9.945533867215373,1.7746094750250907,0.011731875217457777,1.0863426993015481,14.05267431247782,2.5273901906606135,220.7698854524582,32.282917639730556,0.5448190943532905,0.5422371567223588,227.3541948531859,65.82445012931356,22.219085080072432
1557.875,非储层,1.8425046959838736,13.044589804180129,85.112905499836,84.08651382023803,15.913486179761971,85.1445321820411,11.058369380570095,1.9731758338058525,0.013044589804180398,1.0580183618030672,14.8554678179589,2.712189045355202,232.2229401044658,31.914883550590083,0.5475600754242026,0.5448470236636709,223.55853567659284,65.63908162372485,22.160179593754307
1558.0,非储层,1.8612943719004067,15.179247234578142,82.95945839352146,83.58860086486408,16.411399135135916,84.6313002221568,12.867995495356425,2.29607249198714,0.01517924723457749,1.0426993572927086,15.368699777843208,2.614488984239264,223.90923727339438,31.287174764049475,0.5632364579357542,0.5598640534889929,216.43992086702698,65.31690338791245,21.825489634878686
1558.125,非储层,1.817363962912035,16.543620839745998,81.63901519734196,81.41244410009209,18.587555899907915,82.47319918404567,14.024624222325777,2.502452996580476,0.0165436208397457,1.0607550839535773,17.526800815954335,2.5152768800429373,217.92980985824394,31.009619004208954,0.5773123278632455,0.5734551349639665,217.00338189526036,66.38139670150831,21.918801585973103
1558.25,非储层,1.8249539701820656,14.924444558939488,83.25060147087845,79.99742359159502,20.00257640840497,81.08818764922549,12.651990074820555,2.257530039559992,0.014924444558940195,1.090764057630451,18.911812350774515,2.454401464241337,207.9904203406257,30.793426897343043,0.5903500273732631,0.5861075310171516,228.2822923658126,64.42323398797225,21.91591831702743
1558.375,非储层,1.8538031317965669,15.522710250618543,82.62348661758489,79.31026245655903,20.689737543440966,80.38621890598942,13.159161485008495,2.348026055359429,0.015522710250619881,1.0759564494303884,19.613781094010573,2.6521828064945274,215.85984369967184,30.55095225345009,0.6026745104608477,0.5980068214106862,209.2655802542033,64.40965629609455,22.098850573913214
1558.5,非储层,1.8277455872828314,17.942177366882785,80.23007704583438,79.72229692784047,20.277703072159525,80.80774084090827,15.210231045449483,2.7140041440664193,0.017942177366881903,1.0854439130677873,19.19225915909174,2.483214093918158,225.0965761117465,30.60428163208824,0.6085948918440307,0.6037388706057023,219.8058705912351,64.98735734752059,22.19705035794977
1558.625,非储层,1.8454965575533462,16.057252461227133,82.09725098121952,77.88254421759913,22.117455782400874,78.9728072579484,13.612312201370774,2.4288830073951337,0.016057252461226107,1.0902630403492846,21.027192742051593,2.703448771787308,223.91349760994558,30.58842689634093,0.6101223112399049,0.6052241940912063,213.81957045766947,65.5494475383022,22.03616122307384
1558.75,非储层,1.878644603873285,15.080793664551994,83.04056173157473,79.3582730814526,20.64172691854741,80.47470490292311,12.78453285218185,2.2811800187055917,0.015080793664551395,1.1164318214705238,19.52529509707689,2.514527603825538,221.96371555655287,30.74528394749268,0.608459444992856,0.603577744743639,210.54648075977107,64.86312578449635,21.797075180428717
1558.875,非储层,1.865808373342335,13.842492014234764,84.2916996124229,78.54763046924008,21.45236953075993,79.65170663437473,11.734779869578336,2.0938696526421925,0.01384249201423493,1.1040761651346624,20.34829336562527,2.6503247107250147,208.50762946005847,30.95397366790119,0.6052670627599511,0.6004908992636896,226.50952215475138,65.20749051988962,21.88531505444468
1559.0,非储层,1.8606027065420412,15.683774412506768,82.4556228809512,79.12519229701468,20.874807702985322,80.2130872403324,13.295701385677598,2.372389252416664,0.015683774412507054,1.0878949433177127,19.786912759667608,2.766712792853471,213.1119662517599,30.893389040094444,0.6072397409800643,0.6024715035532688,208.11253048843892,65.7835919508558,21.966309993750095
1559.125,非储层,1.9002525699207098,16.690302594297012,81.40944483578227,77.53822646909366,22.46177353090634,78.62132863148445,14.14897163742774,2.524640654274975,0.016690302594297643,1.0831021623907828,21.378671368515555,2.3492552125803496,199.2149447976468,30.73480245917172,0.6148897428452679,0.609975096140414,220.30143077175484,65.5454600308089,21.917986722361377
1559.25,非储层,1.903890839692509,16.847834009582595,81.2482751507249,77.24642206254735,22.75357793745264,78.3391458579891,14.282516701352534,2.548469474220478,0.016847834009583312,1.0927237954417321,21.660854142010912,2.5047722182858743,218.1137039596967,30.248609574553306,0.6288097994112432,0.6235434537713963,220.4472444744721,64.48736988981892,21.858904684454394
1559.375,非储层,1.955791233290828,19.098760808518435,78.94544795819074,76.8390690009607,23.160930999039298,77.96366993397004,16.190708554444015,2.888953493265898,0.019098760808518994,1.1246009330093354,22.03633006602996,2.4163989835926536,215.94528928490257,30.140917815203313,0.6310475964993295,0.6257314090794126,226.67863380193094,64.32816399290904,22.146302008043907
1559.5,非储层,1.9485129282123999,16.792816199054794,81.25867087273281,79.0940560637438,20.90594393625619,80.21580637171775,14.235876118516295,2.540147264339445,0.016792816199055066,1.1217503079739313,19.784193628282253,2.3984295540452973,200.45531405620878,30.00808883410631,0.6296396201787785,0.6243369199040586,220.28657370096207,65.03340755767516,23.080439465112583
1559.625,非储层,1.948293032630131,18.029615795605025,80.02209117176484,79.56794654698344,20.432053453016565,80.6872101655569,15.28435575595263,2.7272304238567884,0.018029615795606135,1.119263618573464,19.3127898344431,2.3939943734657354,217.2893758011993,29.75440083842608,0.6327567321806747,0.6273212649137565,223.5666732007897,65.14782468168536,23.018400812885357
1559.75,非储层,1.9078646279299838,19.549696128183058,78.54243924388696,78.40548747273945,21.594512527260544,79.53199128517113,16.572982693106386,2.9571637389484895,0.01954969612818283,1.1265038124316804,20.468008714828866,2.5212200288159328,206.96528432998602,29.796068686106924,0.6307691891784925,0.6253327814693092,204.3982181958645,64.65263877205213,22.978010524569026
1559.875,非储层,1.9021825367287533,18.664110911780874,79.43370655149037,77.32518868771542,22.674811312284582,78.453744351409,15.822240156318509,2.8232066445505835,0.018664110911780635,1.1285556636935712,21.546255648591007,2.6257278950653453,208.346756979088,29.797062711814625,0.63824906078693,0.6325632205582361,220.38230673853087,63.41032772307978,23.03194300508423
1560.0,非储层,1.9280207308841353,16.908462740266938,81.16351652884892,75.58939494025313,24.41060505974687,76.72012963522367,14.33391386362802,2.5576404138986524,0.016908462740266098,1.1307346949705364,23.279870364776333,2.7381676522196097,215.27595362314582,30.086078205256147,0.6412378450075661,0.6354700653156874,223.65441900862098,63.82610048301303,22.01616337840768
1560.125,非储层,1.9715655015787963,15.034119998272544,82.99431450014866,75.23372826780252,24.766271732197474,76.3616736051894,12.744965901452726,2.2741199768215443,0.015034119998273351,1.1279453373868682,23.638326394810605,2.5029535471322912,223.04615349583474,30.623451084434564,0.6342620909266253,0.6287587105697909,231.83836736795837,64.2019070813138,22.241153443350427
1560.25,非储层,1.9379786022459444,13.793412930010673,84.26860846774338,76.23317256048848,23.766827439511516,77.33721028363932,11.693173759278404,2.0864457578022595,0.013793412930010115,1.1040377231508463,22.662789716360678,2.5570471206505934,203.1722512711186,31.150243413528024,0.6240476602263829,0.6189509367313963,223.555167742489,65.60413857278553,22.054450613708482
1560.375,非储层,1.9302833026483575,12.968811042077045,85.1009056552746,76.85558287256498,23.144417127435023,77.94596061462723,10.994128990100346,1.9617132409346212,0.012968811042076561,1.0903777420622514,22.05403938537277,2.725982855177626,225.20437682719722,31.73913263782853,0.6083026787328655,0.6037622763132398,231.81973562642764,65.08664008821671,21.82843972022056
1560.5,非储层,1.8976147896257254,10.504661197689725,87.59772401268455,77.32141833113737,22.67858166886264,78.43149652779984,8.905180269031538,1.5889762674604977,0.01050466119768903,1.1100781966624795,21.568503472200163,2.5447317019489164,204.03511117883767,27.874205040828805,0.8057861907347343,0.7233731661305778,185.4449882155754,61.73868100262325,22.084483737212455
1560.625,含油水层,3.836256229793418,55.36559706167489,40.79814670853169,62.84880546057787,37.15119453942213,82.8405977834308,53.2479005990311,2.0623308655821173,0.05536559706167468,19.99179232285292,17.15940221656921,2.4006170958339426,185.64760970311625,23.988597856256142,0.9968371496265932,0.8393291941772942,184.4310629850115,60.33037439383436,21.939000715820214
1560.75,含油水层,3.820251513145408,54.34594679270557,41.83380169414902,63.27524663163675,36.72475336836325,83.23335442024755,52.26725125992305,2.0243495859898095,0.054345946792705435,19.958107788610807,16.76664557975245,2.1190483389415595,165.57634599964499,19.998857069971184,1.1895696790731751,0.9587590465415172,153.02500882062728,55.665712529316195,22.063944746702738
1560.875,含油水层,3.920518117866296,54.56867575440136,41.51080612773234,63.970730320424295,36.029269679575705,83.63783324742565,52.48146099019457,2.032646088452388,0.05456867575440276,19.66710292700135,16.36216675257436,1.9593483787900343,153.27383511365326,15.778799416782219,1.3926796402124995,1.0865329402837007,138.65212687936122,52.862593277191465,22.055960371484264
1561.0,含油水层,3.904073585163511,54.65884997886723,41.43707643596926,63.13592736727938,36.86407263272062,82.79426481462735,52.56818611185459,2.0360050170337725,0.05465884997887076,19.658337447347982,17.20573518537264,2.3686850653726075,141.3752933351708,15.791825982018318,1.3890864920701136,1.0870367034279256,130.25936904565194,53.0640335767132,21.922463025382225
1561.125,含油水层,3.8343952625526785,55.25286346082908,40.912741276618235,63.33948171049693,36.66051828950307,82.43570561229127,53.13947898180693,2.0581316155613236,0.05525286346082757,19.096223901794325,17.564294387708735,2.1524621567403015,153.4572257330088,15.600040374414473,1.405305028753828,1.102311700771797,126.2630490362495,53.186782783259204,22.177884408486825
1561.25,含油水层,3.830051534486837,56.43603368292318,39.73391478258998,63.627424659316134,36.372575340683866,82.88349839907158,54.27739374695647,2.102203902283783,0.056436033682927614,19.25607373975545,17.116501600928412,2.3090111632103745,120.79817460868891,15.484850488629911,1.4131018920264493,1.1083733015871895,126.5928511975269,52.261903553699156,21.970557825489564
1561.375,含油水层,3.866874356173581,55.80882165147636,40.32430399235007,64.431648746241,35.568351253759,84.24870541870864,53.67417214947613,2.078840680348755,0.055808821651474536,19.81705667246764,15.751294581291365,2.168262749998072,132.90283399340305,15.355399125696781,1.425148728199376,1.1181115267518709,136.2043612183843,52.726738151655724,21.944267675942427
1561.5,含油水层,3.9358790584515804,56.04110153900077,40.02301940254764,63.161679203391486,36.838320796608514,82.74253313947962,53.89756748915387,2.087492948307898,0.05604110153899777,19.580853936088126,17.25746686052039,2.0638060137298457,144.0792383151009,15.248996959699017,1.4284998996966567,1.1204230447161714,138.2017731967214,51.6515160350159,22.038260703512808
1561.625,含油水层,4.028665713750219,56.164039585088155,39.80729470116162,64.44862403881108,35.551375961188924,84.05975399063489,54.015803238523795,2.0920723069792753,0.056164039585082995,19.61112995182381,15.940246009365111,2.1613619639946995,130.6229542303656,15.259038541326792,1.4253828779517455,1.115923465944395,135.14248583485656,51.86792733686565,22.015058542958666
1561.75,含油水层,3.9845446227017924,56.15156585025027,39.86388952704794,63.920970259138834,36.079029740861166,83.96509901842109,54.00380661556664,2.091607668833378,0.056151565850254964,20.044128759282252,16.034900981578915,2.1124177273397526,133.68824026057064,15.2202364395035,1.4431563779257035,1.1273606798626812,118.85769752916497,52.102177115093696,22.102648619312212
1561.875,含油水层,3.9608035842443012,56.32149048189243,39.71770593386327,62.1046419139256,37.8953580860744,81.96469446464225,54.16723174552469,2.0979372458858556,0.05632149048188685,19.860052550716656,18.03530553535775,2.232471605836507,137.72504055325604,15.160567495364733,1.4653258910441216,1.1423547917431065,131.37695994577606,51.79717553205869,22.02626206583086
1562.0,含油水层,3.9560397346439213,56.85547404589059,39.18848621946549,60.628552481985665,39.371447518014335,80.07782903513949,54.680790801080725,2.11782777076397,0.05685547404589049,19.449276553153823,19.92217096486051,2.18011057099316,136.5205860272209,15.174159770435068,1.476973102999696,1.151510916428028,106.74186590895192,50.78128654326082,22.130397384170365
1562.125,含油水层,3.956581483005459,56.255512958899686,39.78790555809485,62.360488015323234,37.639511984676766,81.29360335160352,54.10377781794987,2.0954796279909194,0.05625551295889812,18.933115336280288,18.706396648396485,2.1344454389838403,141.77085353561486,15.140642088993506,1.4879715021849655,1.163870919553462,124.2223667515953,52.733386905470525,22.138226771984474
1562.25,含油水层,3.9497706124586807,56.71655457500926,39.33367481253205,62.8054373423895,37.1945626576105,81.3479064181204,54.547184905554694,2.1126531148795635,0.05671655457500473,18.542469075730892,18.652093581879605,2.40175181419145,146.89000156297848,15.018644045687038,1.4950337917368124,1.175962441718572,129.0095211388039,52.10757885168337,22.253877864572974
1562.375,含油水层,3.858745444656322,57.74687890843553,38.39437564690815,63.12578655902412,36.87421344097588,81.34384239836255,55.538100033408014,2.1510319961190865,0.057746878908430596,18.218055839338433,18.656157601637446,2.1746173517961154,140.95372528513528,14.84820698082371,1.4877657078287911,1.1779032428793412,120.98442307140068,51.82826607555651,22.327254368070154
1562.5,含油水层,3.920378450629256,58.509825760192534,37.56979578917821,64.68119080565373,35.318809194346265,83.16926507205508,56.27186468656339,2.1794512478689487,0.05850982576019771,18.48807426640135,16.830734927944913,2.073680831777183,135.61050926467632,14.682251787977195,1.484152414217038,1.1813715991835265,121.06068312984162,50.200710140307834,22.12864875770128
1562.625,含油水层,3.930322349436053,57.89097823581144,38.1786994147525,65.8146456939731,34.185354306026895,83.86359508257092,55.6766876594378,2.1563995981378263,0.05789097823580801,18.048949388597816,16.136404917429083,2.126696890949604,126.48355168265887,14.49240152265798,1.4977635943538725,1.195411701413269,121.37435740578348,52.26597641167679,22.23452015021266
1562.75,含油水层,3.9339921377182825,58.74663842390977,37.31936943837195,63.88485186170022,36.11514813829978,81.82129884060191,56.49961942682494,2.1882723586609223,0.058746638423904166,17.936446978901696,18.17870115939808,2.1275282660411303,124.49822494391982,14.448046107580128,1.4961343824628066,1.1957885151727932,125.92294229096704,50.22902082481228,22.02867928747429
1562.875,含油水层,3.822859797908623,58.193846068426105,37.98329413366528,64.15223296929588,35.84776703070411,82.17683842120185,55.967971003275764,2.167681219081919,0.05819384606842136,18.024605451905966,17.823161578798153,2.14741887359128,133.8266250837653,14.5496277737956,1.4779926224119302,1.1839533819282708,113.90462249156573,51.03386617430557,22.126726884834838
1563.0,含油水层,3.8751206734369865,57.382528199450825,38.74235112711219,66.00789429945621,33.992105700543796,84.04652825109174,55.187685491439055,2.1374601798123134,0.05738252819945493,18.03863395163554,15.953471748908255,1.9918079676825649,135.58981700884195,14.708586009245241,1.4615516407271323,1.1726649776118905,138.18399999842546,51.70035564649311,21.970279027046352
1563.125,含油水层,3.9634442488380848,56.17320472905176,39.86335102211015,66.02909509257448,33.97090490742551,83.53029399790121,54.024617821959176,2.0924137023635354,0.05617320472905141,17.501198905326717,16.469706002098793,2.074283917494098,135.49794304793488,15.036416799582192,1.4154149391222526,1.1398716421076802,127.80937420226167,52.94372536785933,22.056244525615867
1563.25,含油水层,3.944877153155991,55.074927694463625,40.98019515238039,66.31019124261425,33.689808757385755,83.58588664716264,52.96834913758461,2.051503629184554,0.05507492769445885,17.275695404548394,16.414113352837354,2.180874935901725,137.53707413266062,15.29950926926187,1.3703801615183928,1.110088529201807,124.98285226639534,52.96452936889288,22.09165233046483
1563.375,含油水层,4.046991377157113,55.021891747549056,40.93111687529383,67.77238839971264,32.227611600287354,84.7930189797303,52.91734177959773,2.049528076203784,0.055021891747545834,17.020630580017652,15.206981020269694,2.0208510207545007,146.24768212125542,15.521163062508144,1.334604595224812,1.0871058131395983,116.16387439784546,51.548815889525294,22.121537092842264
1563.5,含油水层,4.070943590692436,54.7188730061559,41.21018340315166,69.03594177484507,30.964058225154922,85.95307407393415,52.62591329913949,2.0382408340102467,0.05471887300615985,16.91713229908907,14.046925926065857,2.1041644399250665,141.92703743569916,15.519168102213975,1.3185735214275898,1.0777560974625764,127.02724887357205,52.596821064019096,22.00362148704478
1563.625,含油水层,4.155245197738772,55.86886024696345,39.97589455529778,69.08978430667527,30.910215693324727,86.26814905878233,53.73191430948644,2.08107707723004,0.055868860246967994,17.17836475210706,13.731850941217672,1.9500311716552559,144.63391670846232,15.453538964634031,1.304885769091631,1.068733307908952,130.01852923284773,52.476196105398785,22.004766131886015
1563.75,含油水层,4.250902421260108,55.277116980297066,40.47198059844283,70.01366836792762,29.986331632072382,87.67209883202828,53.1628048206373,2.059035042679469,0.055277116980301244,17.65843046410068,12.32790116797171,2.2697665821329904,144.6201475917359,15.299468882768807,1.2990460122649579,1.064534198649872,108.80524813622345,53.67575997373887,21.981818914631248
1563.875,含油水层,4.186604081200689,56.25789015648175,39.555505762317566,71.49118455669235,28.508815443307654,89.34475183968932,54.1060640893399,2.095568176985372,0.056257890156476836,17.853567282996977,10.655248160310682,1.9586966160896315,149.45596644042408,15.096349425310908,1.2959918629219145,1.0619300820761857,107.75374973874943,52.24051310152809,22.047175248233614
1564.0,含油水层,4.283919547577677,56.37279737660843,39.343283075813886,73.06173114029924,26.938268859700752,91.14812708100672,54.21657618638458,2.0998483928472456,0.056372797376604694,18.08639594070748,8.851872918993276,2.134209500759936,133.6644798648128,14.948685547678132,1.2869029709462123,1.0541414234622506,110.53207035236605,52.287964059630426,22.16382116683407
1564.125,含油水层,4.298965082430772,56.93917648976139,38.761858427807844,73.37609449216768,26.623905507832323,91.86728089508806,54.761291683355395,2.1209456299162364,0.056939176489757826,18.491186402920377,8.132719104911946,2.1160668402606535,141.58921283395478,14.731827177473509,1.2800726835330296,1.050277348119733,120.53758572017988,53.60061842017034,22.144307922597033
1564.25,含油水层,4.2054249699493385,57.21005973638912,38.584515293661546,75.29293806871338,24.70706193128661,93.68082419318246,55.02181382988455,2.131035846768177,0.0572100597363942,18.387886124469073,6.319175806817534,2.0435332071444767,145.15365051240272,14.668793680810596,1.2597405530013288,1.036117120241349,118.66438572055637,51.6458218576026,22.17988489209708
1564.375,含油水层,4.1984130043585814,56.48830665194438,39.31328034369704,77.012662199222,22.987337800777997,95.30563856897119,54.32766731043591,2.1041510348565238,0.05648830665193963,18.29297636974918,4.694361431028815,1.9538205748031088,148.235253075922,14.719219817460058,1.2421754981986792,1.022196306879588,119.98533549799247,51.96225306323458,22.094466309530308
1564.5,含油水层,4.144627769003844,55.69042333722285,40.16494889377331,75.98332140368224,24.016678596317764,94.55461726776664,53.56030249028252,2.074430423603111,0.05569042333722039,18.571295864084412,5.44538273223335,2.094281035229027,137.37223491106388,14.796729740762537,1.2180645440153273,1.005678480526683,98.6289855571744,51.44424824108488,21.987086795796362
1564.625,含油水层,4.239624714955019,55.877486099227426,39.88288918581757,77.32997770531922,22.67002229468078,95.49405838181306,53.74021022876322,2.0813983843649773,0.05587748609922859,18.16408067649384,4.505941618186937,2.1968695623639265,132.8060849197238,15.006049618611202,1.1928141261682723,0.9853892032055596,122.42360291033674,52.02995249920146,22.001303519795275
1564.75,含油水层,4.289767471002809,54.71814461700506,40.99208791199214,77.08694766628984,22.913052333710148,95.74414086476997,52.62521277037868,2.0382137020093714,0.05471814461700669,18.657193198480122,4.255859135230022,2.142148870826373,130.90192031779043,15.230543489693641,1.1759238650715789,0.9713246837018421,124.78920005132709,53.319880202080626,22.077973123829416
1564.875,含油水层,4.408925758453108,53.89117908554404,41.69989515600286,76.75762469267195,23.242375307328047,95.10570778923596,51.829878108512595,2.007409797945901,0.05389117908554293,18.348083096564007,4.894292210764039,2.1621780178273657,146.1958807299661,15.409799931645502,1.1629790932441193,0.9616950096824559,122.68768525200181,52.39835618546478,22.12340431384098
1565.0,含油水层,4.409513009255204,53.57241770541086,42.018069285333944,75.72987206595505,24.27012793404495,93.91659995799135,51.52330913454788,1.9955361531575695,0.053572417705409145,18.1867278920363,6.0834000420086465,2.2352941864070157,144.9336819307061,15.534541235407259,1.155361780442747,0.9543312573498346,140.4788170351697,52.37160104442489,21.984301084656366
1565.125,含油水层,4.457797609181902,54.35701319556271,41.18518919525539,76.68632259726452,23.31367740273548,95.22392945683607,52.27789438039133,2.0247618019758096,0.054357013195567225,18.537606859571557,4.776070543163923,2.220483209008638,157.8035522706593,15.60212741050993,1.1572845792493125,0.9559051198388452,139.18814924835684,52.239171651736754,22.023506356650135
1565.25,含油水层,4.470137335781372,53.990513170732044,41.53934949348658,75.37876944626744,24.621230553732566,93.68674406195066,51.925412732446915,2.011109925114391,0.05399051317073675,18.307974615683236,6.313255938049334,2.1796083489154943,144.47190021280704,15.506973126532333,1.176931827050907,0.9690355371712489,128.20423870051408,52.90733290505466,21.970414214911823
1565.375,含油水层,4.339796748798527,55.16706701685641,40.49313623434506,73.87480362109618,26.125196378903826,92.6844227273299,53.056964193511256,2.054935756328289,0.05516706701686157,18.809619106233736,7.315577272670093,2.037594371305677,140.83653890313298,15.375015290154744,1.2040411618686457,0.988603235941084,127.19533235482636,52.28474436644915,21.97781302377488
1565.5,含油水层,4.31628535014471,55.358772000122826,40.324942649732456,71.99366187305888,28.00633812694112,90.24890185576982,53.24133659144527,2.0620766366774306,0.05535877200012855,18.25523998271094,9.751098144230186,2.032350631129616,137.67181172692042,15.25322049870844,1.2353690252179375,1.0132742749397703,125.14086786818332,53.09213142050665,22.066609402793947
1565.625,含油水层,4.305983955592983,56.218685301735036,39.47533074267197,72.08393039335589,27.91606960664411,89.82678233121757,54.06835879364469,2.094107822788618,0.05621868530173227,17.742851937861676,10.173217668782431,2.148365246071715,135.73188127487106,15.126136830661142,1.264832352492739,1.0352261470188668,129.4885271531443,51.809744776001715,22.024538010515744
1565.75,含油水层,4.181372892722119,55.93462460688361,39.88400250039427,71.2953291342181,28.70467086578191,89.28897917854111,53.795163227331344,2.0835267549453826,0.05593462460688273,17.99365004432302,10.711020821458895,2.002896256073828,132.21227019103483,15.156438737404331,1.265179000785606,1.036177083220779,138.1463344835028,51.772690199141536,21.86318180809308
1565.875,含油水层,4.249017414577792,54.98873610160273,40.76224648381948,73.33824871001598,26.661751289984025,91.70375921148404,52.88545431457716,2.0482930509239656,0.0549887361016025,18.365510501468062,8.296240788515963,2.2465059458189174,157.7139998519469,15.244918399386227,1.261071107926417,1.0330202234286059,122.27426998356124,53.22323182551696,21.97914399125713
1566.0,含油水层,4.284705782191627,54.49495440516008,41.2203398126483,71.35733594590543,28.642664054094567,89.34962019147909,52.41055943246273,2.029900018292189,0.054494954405156365,17.992284245573654,10.650379808520915,1.9811509346823453,138.52026546663686,15.380089604982748,1.2582101292540946,1.0276267466721194,130.28393400308974,53.177081725737565,22.318202540430633
1566.125,含油水层,4.189547621719681,54.942229139246436,40.86822323903389,70.24633057193658,29.75366942806341,88.5487214632048,52.84072621192612,2.04656069818107,0.05494222913925012,18.302390891268214,11.451278536795195,2.1164444948724994,151.7052847135045,15.563348143132634,1.2516782187881934,1.0211974069357053,125.85504063680125,53.200730401725636,22.368478163491357
1566.25,含油水层,4.160697954964311,54.1084460188555,41.730856026180184,69.49223560669517,30.507764393304825,87.38312717798992,52.038834729273646,2.01550284356301,0.054108446018853035,17.89089157129474,12.616872822010084,2.0685515315052005,149.97700197232615,15.691155505756246,1.2582672805684463,1.026352919509936,125.1502569025135,51.16210544969791,22.401759956825874
1566.375,含油水层,4.280296203496034,53.90879820481129,41.81090559169267,69.82177821729114,30.17822178270886,87.36031499880494,51.846823308441344,2.008066098165128,0.05390879820481656,17.53853678151381,12.639685001195055,1.972986088305299,132.48687350523176,15.66311423500693,1.269878550493428,1.036627807379811,122.17172599829075,53.19188472520574,22.40434588480756
1566.5,含油水层,4.269303635220786,55.00268327217617,40.728013092603035,69.53941380553096,30.46058619446904,86.7787946136354,52.89886801535428,2.0488125735497054,0.05500268327217825,17.239380808104446,13.221205386364598,2.0690332653272456,150.4141550375953,15.661830884852225,1.2678792705117425,1.0385194096814083,127.17176977268593,51.86901810887801,22.00319513927518
1566.625,含油水层,4.357842117700938,54.869045962124744,40.77311192017432,70.78300085643856,29.216999143561438,88.02541106447966,52.77034224159601,2.0438346745665985,0.05486904596212899,17.242410208041097,11.974588935520348,2.0510043250537175,146.71528059194839,15.548258822914706,1.2770167002419186,1.0482034737414705,132.85484735057057,52.18843667299701,22.020651973709445
1566.75,含油水层,4.467815139899027,55.150142445516146,40.38204241458484,69.6126011716682,30.38739882833179,86.8841769246304,53.040686975523286,2.054305327547346,0.0551501424455144,17.271575752962185,13.115823075369605,2.059943902374401,156.7967073817851,15.472517482706564,1.2830312573904366,1.0534686171980574,124.31668012188668,51.419651399743124,22.14681931865489
1566.875,含油水层,4.57433732538846,54.51121561012734,40.91444706448421,69.82887328140679,30.17112671859321,87.37355590208573,52.426198657390664,2.0305057371265436,0.05451121561012989,17.544682620678937,12.62644409791427,2.0270143460886016,146.95410651159705,15.550476254062325,1.2823903206632254,1.051610483688094,132.60141498417664,53.1689661502036,22.103180779659098
1567.0,含油水层,4.461926974861036,54.09918232225347,41.43889070288549,68.32515815324322,31.674841846756774,85.77827723531485,52.02992536277128,2.0151577771599425,0.05409918232224843,17.453119082071623,14.221722764685152,2.1896822641508478,141.21537146455208,15.723901311112321,1.2880094355521574,1.0525140186689796,125.51800568852234,52.914207090904966,21.998883104606243
1567.125,含油水层,4.527902441341698,53.164818087226365,42.30727947143193,66.76317398285242,33.23682601714758,84.28785244234032,51.13129992476524,1.980353344373895,0.05316481808722816,17.524678459487898,15.712147557659684,2.095368160728804,158.67347185316726,15.990971455056176,1.2787835812360002,1.0409763996140653,140.89575319728974,52.58706853909108,22.23728062069072
1567.25,含油水层,4.5516369543969075,52.354364514340965,43.09399853126213,66.9974104029818,33.00258959701819,84.98226629309343,50.35184565028034,1.9501644995462857,0.05235436451434608,17.984855890111625,15.017733706906567,2.0779567911519043,140.9334093544784,16.138499359482832,1.2800702945200375,1.0375932784066486,134.35728899172852,52.904579158824816,22.068655160322447
1567.375,含油水层,4.532799216345177,53.10361873000045,42.363582053654376,67.0807659488019,32.919234051198096,85.40385907754862,51.07244140136379,1.9780737099066608,0.05310361872999658,18.323093128746713,14.596140922451383,2.2113297716681846,147.62708294545843,16.20776142255832,1.2870742137209101,1.0402141076039124,123.45599966717533,53.32574453668202,21.972115071780316
1567.5,含油水层,4.49581281376339,53.49413334561317,42.010053840623435,65.83281035075989,34.167189649240115,83.65078882095548,51.448019098312514,1.9926201139550435,0.053494133345613135,17.81797847019559,16.34921117904452,2.123052322978623,147.8488487889859,16.174388516781143,1.2917282423360992,1.0435080327060118,128.56559189594537,51.790941534045764,21.853533921257586
1567.625,含油水层,4.502146439684655,53.56744312037212,41.93041043994323,66.39801688502264,33.60198311497735,83.97733976769311,51.51852482400627,1.99535085324547,0.05356744312037254,17.57932288267046,16.022660232306897,2.056902056739654,134.7646998979478,15.972174764572767,1.3071133596498252,1.0575237010428118,126.29116928004602,52.93010880424849,21.978812285348575
1567.75,含油水层,4.452916121222988,54.62007307262417,40.92701080615285,67.31405068600142,32.68594931399858,84.8316550639785,52.53089239592359,2.0345606036279573,0.05462007307262852,17.51760437797707,15.168344936021505,2.152170654925292,150.91728364085634,15.823843057223506,1.3087748231135785,1.0629409579679199,131.08840736816143,52.126360138674485,21.96341733056366
1567.875,含油水层,4.485358945963055,54.632995501905434,40.88164555213151,69.27136836157419,30.728631638425806,86.76529344505263,52.54332055106657,2.0350419553369505,0.05463299550190967,17.49392508347844,13.234706554947362,2.038825549235856,138.06948438824466,15.65286786678692,1.3000936057918486,1.0606125020194603,132.66060252455674,52.547601363569626,22.213095128091766
1568.0,含油水层,4.427518386742243,55.06748096865209,40.50500064460566,70.37465183649277,29.625348163507226,87.77809759746779,52.96118724397477,2.051226243708668,0.05506748096865341,17.40344576097502,12.221902402532203,2.0218573221489393,157.72063939194814,15.457218094132406,1.2871072072329999,1.0535721111712228,120.20585538469884,52.20430278495747,22.05337325914138
1568.125,含油水层,4.411071944494589,55.269719868925236,40.31920818658017,72.22948484381185,27.770515156188146,90.09296428657339,53.155690643748564,2.058759505307745,0.05526971986892712,17.863479442761545,9.907035713426604,2.0889453266637346,150.5774885975428,15.373165026153139,1.274881880756264,1.0441336957059755,122.40158947132801,52.89928983311515,21.969269206539863
1568.25,含油水层,4.5163148113678275,55.123446020725794,40.36023916790638,71.0124479182149,28.987552081785097,89.38661753405061,53.015011670838994,2.053310903866075,0.055123446020725886,18.374169615835708,10.613382465949384,2.239850563174789,150.30222598435415,15.363786246709783,1.2643574719964588,1.035241243190839,135.68738684647474,52.204331930041576,22.180352644384023
1568.375,含油水层,4.638751439123386,54.383895423765146,40.977353137111464,71.45199034664118,28.548009653358818,89.69580632166743,52.303748381633476,2.025763146707914,0.05438389542376104,18.243815975026255,10.304193678332563,2.047566037361887,136.98979014410844,15.468154404524347,1.2586254325624946,1.0292510626703912,131.497454301985,52.43678913058361,22.116073289573013
1568.5,含油水层,4.52318840793906,53.894473030529866,41.582338561531074,69.72472233874434,30.27527766125565,87.45071886487392,51.83304606234119,2.007532495158147,0.05389447303052637,17.725996526129578,12.549281135126078,2.146146391482809,144.3907752579642,15.6301725454953,1.2598731014092124,1.0290578885907842,120.23771670606001,52.50504655786998,22.1302832450576
1568.625,含油水层,4.583257480277085,53.64941101742693,41.76733150229599,69.22621670542452,30.773783294575473,86.80336153186168,51.59735750470191,1.9984041017075915,0.05364941101742467,17.577144826437145,13.196638468138321,2.0670798700130173,154.08048871552214,15.687558517752674,1.2564763840910556,1.029343187192092,122.46167739219499,52.49830335182038,22.066324509021264
1568.75,含油水层,4.611272208669134,54.53422537304058,40.85450241829028,70.84914679406477,29.150853205935235,88.1070150953938,52.4483283125093,2.031362835158248,0.054534225373035344,17.257868301329044,11.892984904606196,2.2166317816481054,138.33326236923932,15.69946968103799,1.2697327850728863,1.0422332795545581,135.3725110263626,52.44075632579607,22.155446197114234
1568.875,含油水层,4.552314372960813,54.6535770243292,40.79410860271,68.77368905250714,31.226310947492863,85.56265250679218,52.56311484424428,2.035808603060589,0.054653577024329006,16.788963454285046,14.43734749320782,2.0172432853550784,143.69483904827524,15.531349631546423,1.2851958271630057,1.0565371021385208,110.3726286970892,53.308702444437415,22.117046232335785
1569.0,含油水层,4.506852890839057,55.78332631312082,39.70982079604013,69.5755080310543,30.4244919689457,86.70188737933485,53.649651990486745,2.077890996320955,0.05578332631311633,17.12637934828055,13.298112620665147,2.0493638504592435,157.96503206720772,15.368772494763158,1.301799555269216,1.0718421953838484,132.1728021829685,51.1562246393129,22.087230838180165
1569.125,含油水层,4.595796175355139,55.49002943883799,39.91417438580687,68.7683413698888,31.23165863011119,85.66416236945942,53.367573522328605,2.066965887070559,0.055490029438832675,16.89582099957061,14.335837630540581,1.8766754986928194,155.68729173522095,15.294325298470016,1.3135667677951903,1.0827906261623397,125.74018075738476,53.45828190671135,22.13888318689764
1569.25,含油水层,4.475221064104527,55.574441987000355,39.950336948895114,69.87176948761442,30.12823051238559,86.40494123108907,53.44875734788824,2.0701101971251177,0.055574441986995515,16.533171743474657,13.595058768910928,2.1166315241776963,143.38373015827867,15.210347498228904,1.3053467878665017,1.0799930427391295,136.6691706167342,50.587594255358376,22.15538099406552
1569.375,含油水层,4.4790350665604635,55.41215181011335,40.10881312332618,71.95144637534152,28.048553624658478,88.10917563648415,53.29267465997914,2.0640649983241,0.05541215181010806,16.15772926114263,11.89082436351585,2.0287402048399104,156.769557092545,15.314043780727577,1.2935834194097942,1.0745793280711018,120.64296590367317,52.38755690580035,21.981849320463933
1569.5,含油水层,4.348625446655552,54.82443313492057,40.82694141842388,70.3117836370037,29.6882163629963,86.06942661974395,52.72743582471473,2.042172877070916,0.05482443313492291,15.757642982740247,13.93057338025605,1.9501111335183081,122.30055150479153,15.35990636679452,1.2763028917079864,1.0639773400454577,128.7416034993051,52.28174059457142,22.021253920235555
1569.625,含油水层,4.4093465112843795,54.96356715136319,40.627086337352424,71.52376678863736,28.476233211362644,87.74676745858321,52.86124805958015,2.0473555246316817,0.05496356715136291,16.223000669945854,12.253232541416793,2.1642470062381554,152.13016439060937,15.378371565004697,1.2707047143006507,1.0620799224813178,129.09387967853382,52.2525559935537,22.132762743915578
1569.75,含油水层,4.4921279412065624,55.34976977649253,40.158102282300916,70.75466314240964,29.245336857590367,86.56936085590215,53.232678696751165,2.0617413099648707,0.05534976977649153,15.81469771349251,13.430639144097857,2.044066426837454,144.34248569805945,15.452592150294358,1.2619709447454746,1.0550975688062596,128.5409147426905,52.92359283899006,21.93562657825279
1569.875,含油水层,4.426544511744873,54.606440987319395,40.96701450093573,72.51077029054042,27.489229709459583,88.65439312917614,52.51778172861772,2.0340528177143513,0.05460644098732349,16.14362283863573,11.345606870823854,1.9665027222472917,143.073309100543,15.375042746035687,1.2536803358130257,1.0496304707024127,130.57431282462284,53.07424932550889,21.95799915973324
1570.0,含油水层,4.366719477508487,55.39852574218791,40.2347547803036,73.38399915038268,26.616000849617315,89.34639507716177,53.279569779891936,2.0635574365537854,0.05539852574219101,15.962395926779086,10.653604922838234,1.9960201864986926,148.4867398840298,15.220274913742541,1.2558120094408836,1.053367208484976,125.03367916326482,52.90185000768443,22.01348140785193
1570.125,含油水层,4.281966138066182,56.56630077689285,39.15173308504096,73.89474697578895,26.105253024211052,89.9344471817721,54.402678213107805,2.1070562630081526,0.05656630077689774,16.039700205983152,10.065552818227896,1.9627897861662704,153.40549508226573,15.01776307659884,1.2506506827579082,1.0510089456864589,132.03087529482264,52.516655653994626,21.945169052085493
1570.25,含油水层,4.154777144220331,57.410570542941095,38.434652312838566,75.56173022547968,24.43826977452033,91.65323998095135,55.21465523434765,2.1385047380505062,0.0574105705429373,16.09150975547169,8.346760019048638,2.0261419085825296,156.13158047476855,14.855741745298724,1.2570444499200364,1.057461311909849,117.57118317402676,52.43919114693632,21.96814551939333
1570.375,含油水层,4.142911936900428,56.46610166920396,39.3909863938956,74.11384071662518,25.88615928337482,90.12186532926094,54.30631165319541,2.1033239143393505,0.0564661016692055,16.00802461263577,9.878134670739058,1.9677523057255477,147.34068793736407,14.72837508040643,1.255044935070666,1.058154788885103,123.5187340154051,53.20230294262385,22.0542779498674
1570.5,含油水层,4.100847662816891,56.794832471860545,39.104319865322566,76.29457514448812,23.70542485551188,91.91941196931587,54.62246872604696,2.115568913341728,0.05679483247185979,15.624836824827746,8.080588030684133,2.000665641734608,148.9978998904174,14.687905321859368,1.247027439519024,1.053771898662324,138.61422732572814,51.590507003693375,21.990875914056204
1570.625,含油水层,4.182861841308287,56.91510828290225,38.90202987578947,76.48647780399351,23.513522196006488,92.18930132796388,54.73814406905251,2.120049105566837,0.05691510828290426,15.702823523970352,7.810698672036132,2.2214782939940823,139.339653172023,14.799320680640065,1.2281915095368223,1.0401191627356074,128.1425281368655,51.50500774058547,22.18761594754313
1570.75,含油水层,4.073359326160614,56.142142756598915,39.78449791724047,77.80250239392603,22.197497606073966,93.46715127336857,53.99474394884377,2.0912566649985447,0.056142142756596125,15.664648879442538,6.532848726631424,2.0408169555271454,133.3044640704591,14.753955023580136,1.224492202360371,1.0394053648037849,109.04915698966263,51.98931178100101,22.069719217925076
1570.875,含油水层,3.9799332311372075,56.99912333866904,39.02094343019376,75.8926486628083,24.107351337191695,91.34647676465063,54.81894560603058,2.123178609299786,0.056999123338669425,15.45382810184233,8.65352323534937,2.112538246998878,147.05136945517643,14.848364612665803,1.221100324859977,1.0366613572168557,126.62292509801695,52.13994540473102,22.020074395143318
1571.0,含油水层,3.997747658145739,55.947233329260946,40.05501901259333,75.34253054417171,24.657469455828284,90.65965025604166,53.8072896746463,2.083996421285391,0.05594723332926002,15.317119711869939,9.340349743958342,2.238953527602589,138.60021436970194,14.960267246663598,1.227116953705139,1.0408285650752267,121.89465070279782,52.096338603195704,22.32255994791975
1571.125,含油水层,3.962869075514376,56.15200352294812,39.8851274015375,73.16193187225453,26.838068127745473,88.37392277958119,54.00422754758123,2.0916239718439424,0.056152003522952354,15.211990907326667,11.626077220418807,1.9189373667962015,140.24201556669044,15.0739858683999,1.230536098701898,1.0435498571421387,123.72413135478402,53.22948999225523,22.130562150354827
1571.25,含油水层,3.941604173664278,55.26228938728606,40.79610643904966,74.96685378949323,25.033146210506775,90.03578210724513,53.14854437298253,2.0584827249162405,0.05526228938728464,15.068928317751903,9.964217892754867,2.032411758104448,131.3769360299824,15.169835153900511,1.230520655390829,1.0434754619043947,119.40504949821909,52.89635095942027,22.036048662132437
1571.375,含油水层,3.9107112542377926,56.16527144394649,39.92401730181572,74.14537877150676,25.854621228493247,89.2117708638104,54.01698797961792,2.09211819288461,0.056165271443949644,15.066392092303646,10.788229136189598,1.9484980558451057,122.54619681931145,15.170650684618389,1.2405303121563003,1.0522955916932417,132.00146320619118,51.75613807201295,22.08847238230094
1571.5,含油水层,3.843742617162782,56.24792201559106,39.90833536724617,73.19637218527836,26.80362781472163,87.880471231327,54.096477223064184,2.095196870511273,0.05624792201559571,14.684099046048626,12.119528768673005,2.0652475578064005,126.42995739660554,15.157052469410369,1.2350767943078949,1.0491262076074608,131.88952609570316,51.89900608539803,22.30223136774085
1571.625,含油水层,3.9323975151423753,56.234882929805565,39.83271955505207,74.64143945367918,25.358560546320817,89.64004217302865,54.08393687344898,2.094711173426774,0.056234882929809965,14.99860271934946,10.359957826971355,2.229557242769518,137.09946685436154,15.136898698900945,1.242406878867662,1.0542320255520132,120.73596617662965,52.56908765596375,22.396738796001326
1571.75,含油水层,3.9648539281182926,55.5435741802747,40.491571891607,73.65256549726504,26.347434502734956,88.86000921548357,53.41907021379291,2.068960392301515,0.055543574180279276,15.207443718218528,11.13999078451643,1.9429007949749164,149.75856019430375,15.168818492914092,1.2509086702762695,1.0587134657410813,114.35933163807051,53.19123834698826,22.31073978776775
1571.875,含油水层,3.8720994807862694,55.989613194035336,40.13828732517839,71.68645237360575,28.313547626394254,87.14596739619931,53.84804853839328,2.085575042448025,0.05598961319403378,15.459515022593559,12.854032603800691,2.0111474766476296,140.47795261897767,15.190346814746457,1.25274220838871,1.057684474850292,129.96032533088416,51.5961869544996,22.219829817365873
1572.0,含油水层,3.953264464178897,55.9425635617932,40.1041719740279,72.31391626380292,27.686083736197077,87.74931024748764,53.80279852261074,2.0838224756206656,0.05594256356179633,15.435393983684719,12.250689752512356,2.1632013888649393,133.4405226698716,15.265661882346542,1.2475384406198629,1.0520582396622262,130.75226431474428,52.905490995512096,21.88278592825423
1572.125,含油水层,3.8752445778889957,55.45766695276243,40.66708846934858,74.3901104722308,25.60988952776919,89.75032196928716,53.33644887935275,2.0657604064569157,0.05545766695276497,15.360211497056348,10.24967803071284,2.125728828292971,128.90457130208304,15.287963157780014,1.2366211498153745,1.044414959896522,127.93875396306673,51.769119948641986,22.043306017253254
1572.25,含油水层,3.787548948018456,55.30979670629663,40.90265434568491,75.80877827428999,24.19122172571001,90.79541249191016,53.19423456932564,2.060252340264693,0.05530979670630119,14.986634217620164,9.204587508089846,2.0031041668002065,132.89123637138533,15.26595468072687,1.2278527996738697,1.0399796800284107,118.07619434657906,52.8614640843178,22.011328252229042
1572.375,含油水层,3.86473462715034,56.10980750785753,40.025457864992134,74.04343029157783,25.956569708422162,88.97106969055477,53.96364550139259,2.090052198957091,0.05610980750785609,14.927639398976938,11.02893030944523,2.077752106033986,151.67496188673164,15.1746444669812,1.221627730784939,1.038973287429077,129.34084162956194,51.44384123799408,22.030679115267542
1572.5,含油水层,3.8524241198478264,56.84969140146971,39.29788447868245,75.49094463874437,24.509055361255637,90.05126089352635,54.67522933887923,2.117612371189022,0.05684969140146573,14.560316254781991,9.948739106473647,2.1531509812134284,139.78009186278396,14.964941549072492,1.2323417047819176,1.0523280653807188,127.93028393720117,51.68483926995776,22.132410251550528
1572.625,含油水层,3.787237770696962,57.758598680371854,38.45416354893119,76.11003487973505,23.889965120264943,90.27639504950974,55.54937153203221,2.151468549659274,0.057758598680368936,14.16636016977469,9.72360495049025,1.9727583841778233,125.39135740271436,14.76581673960617,1.239256403065124,1.0608141823999762,117.91751688157814,51.999850172100935,22.06644113498309
1572.75,含油水层,3.695045924393097,57.42387314247894,38.88108093312796,78.08968520866982,21.910314791330176,92.53783499825099,55.22744901849326,2.1390002508432033,0.05742387314248178,14.448149789581166,7.46216500174901,2.043155457232726,130.66323815531712,14.714035750261274,1.232584257890531,1.0573237592543019,129.29186552629108,51.81014445439867,21.951868412630574
1572.875,含油水层,3.6866262637985043,56.66253022200392,39.65084351419756,76.61891525458852,23.381084745411485,91.20229893458873,54.49522694733832,2.110640744443607,0.056662530222003835,14.583383680000203,8.797701065411278,2.0093616676567656,134.92154916265858,14.719359932631333,1.2331556780255175,1.0582479158533924,124.49233325771166,52.42231843884689,21.91626495542465
1573.0,含油水层,3.699764754163118,56.94011802048704,39.36011722534984,75.31379103721963,24.686208962780377,89.61936825522302,54.76219720117063,2.120980701295928,0.056940118020486555,14.305577218003398,10.38063174477698,1.9693013904781471,128.65183503104774,14.82599643102893,1.2236122741854298,1.050848886630111,121.86826948341361,52.61747785922233,21.911667013124962
1573.125,含油水层,3.7880290722610086,56.61464516335643,39.59732576438256,76.24227136327768,23.75772863672232,90.13302323027952,54.44917345964269,2.1088570585503805,0.05661464516335882,13.890751867001844,9.86697676972048,2.019007715468619,145.7087600195158,14.978911241283816,1.2268631385997133,1.053126048885797,106.79729516742292,53.2872292018008,22.121416111213684
1573.25,含油水层,3.743076538750486,56.00370993386387,40.25321352738565,74.43420579536433,25.56579420463566,88.3668747346223,53.861606087503134,2.086100136426874,0.05600370993385853,13.932668939257969,11.633125265377696,2.072883155322805,135.27903522746217,15.050795153233247,1.2376140887656117,1.062271918225609,124.81728522918127,51.67506073639774,21.871717891490974
1573.375,含油水层,3.772825108741812,56.10592218466874,40.12125270658943,72.9028687558691,27.097131244130914,86.79637148377107,53.9599087891754,2.089907473308669,0.05610592218467138,13.89350272790198,13.203628516228939,1.8447732420874174,167.90845448905037,15.176603638043199,1.248456209570381,1.0708678560867044,119.38559518493963,52.2424446853491,22.21976342317621
1573.5,含油水层,3.697379604643102,55.92211245771996,40.38050793763694,70.71691268759776,29.283087312402245,84.32729074193558,53.78312965937029,2.0830606858919554,0.055922112457720136,13.61037805433784,15.67270925806441,1.8939341572633586,131.159187285501,15.19785564628055,1.2687059549702275,1.0854060149657887,129.6412035844493,51.84730133634595,22.203035477934012
1573.625,含油水层,3.77020191471198,56.7148280516335,39.51497003365452,71.41967180062552,28.580328199374485,85.32460868906642,54.54552442052475,2.112588803057115,0.05671482805163913,13.904936888440906,14.675391310933584,2.125570172577643,122.62097217636142,15.230636402137648,1.289361300918222,1.100732631894894,123.47900458632277,52.4595167532154,22.04342198351243
1573.75,含油水层,3.6956542136050117,56.01887546783606,40.28547031855893,69.46704626756743,30.532953732432578,83.164946262328,53.87619155010698,2.0866650422612505,0.05601887546783195,13.69789999476057,16.835053737672002,2.1236086302971193,139.82449172280607,15.29981297933124,1.3033228071995335,1.109776404785212,133.1387260926027,52.240465012160755,22.0348630911971
1573.875,含油水层,3.616489303394511,55.729452228414566,40.65405846819093,68.75966733262526,31.240332667374748,82.6814981808563,53.597838552909124,2.0758842232770207,0.05572945222841845,13.921830848231043,17.318501819143705,2.1081004328553163,134.87558693331837,15.346408840177078,1.30261494476765,1.1088725261098267,129.66608584528421,52.34808835076437,22.171570643246007
1574.0,含油水层,3.573998614239208,55.54952558113479,40.87647580462601,70.04120762273054,29.95879237726946,83.56824527176772,53.424793977614506,2.069182077939142,0.05554952558113821,13.52703764903717,16.431754728232285,2.0869136509004718,128.34889368020526,15.447578811235951,1.293680469442929,1.101171012944623,140.32045460196935,51.447434234588364,22.014627591887642
1574.125,含油水层,3.6576782406191817,55.69782762534737,40.64449413403345,71.46420154428364,28.535798455716353,85.35737427540607,53.567423569418025,2.0747062283039948,0.05569782762535232,13.89317273112243,14.642625724593927,2.0596819755379876,142.62448825739503,15.4221137587491,1.2851697756605143,1.0942848827607148,128.37652133835945,52.5110869604645,22.101361704327534
1574.25,含油水层,3.7014875473038993,56.13007226333182,40.16844018936429,71.63581320192628,28.36418679807372,85.6635241042554,53.98313514374136,2.090807047327127,0.05613007226333705,14.027710902329119,14.336475895744606,1.9904291817036355,134.81839587179843,15.444030002439636,1.2777529902309368,1.0890817511769881,115.9550767012107,52.5720252806957,21.968261194310916
1574.375,含油水层,3.8105188518728523,55.29380647993221,40.895674668194935,69.90005342931357,30.09994657068642,83.77433494922464,53.17885595825312,2.0596567151991443,0.0552938064799377,13.874281519911062,16.225665050775362,2.0171204598752452,152.66046542982022,15.416865119377299,1.2847144496348537,1.092657350008473,122.93503142684388,52.04150363662413,22.036377217878112
1574.5,含油水层,3.8815333076273695,55.65964725725989,40.458819435112744,69.05902200102251,30.94097799897748,83.24174887975163,53.530703574463544,2.0732840355390834,0.055659647257263675,14.182726878729099,16.75825112024838,2.2795556880826946,140.93436086784212,15.378507079706962,1.2920103881602079,1.0968929878674905,122.55666664540644,51.489982215725526,21.931743110837512
1574.625,含油水层,3.911474983642337,55.95756345464247,40.1309615617152,70.56758535415608,29.43241464584392,85.02216021869317,53.81722467975205,2.0843812114357783,0.055957563454637343,14.4545748645371,14.977839781306823,2.1265018316287967,137.12981771185517,15.421471697103673,1.3016510131355836,1.1016597949730298,120.56922325778113,52.02699444103176,21.94059157841019
1574.75,含油水层,3.8813890051013518,55.68673367429322,40.43187732060542,68.85654981086184,31.143450189138168,83.46643253000931,53.55675395445255,2.0742929861663773,0.055686733674291736,14.609882719147482,16.533567469990686,2.177389256597549,125.51320811302047,15.437680316600451,1.2978441784487855,1.0967339580825892,105.67598526287505,54.74147668575216,21.985533423963023
1574.875,含油水层,3.792556200653426,55.059229158964044,41.14821464038253,70.33854158167622,29.66145841832377,84.85989098735442,52.95325106039957,2.0509188694054954,0.05505922915896959,14.521349405678203,15.140109012645574,1.9834052349970328,136.92816529126554,15.537728653821507,1.283183411302409,1.0834670942021443,126.09611023425492,53.302257751993174,21.970075337463697
1575.0,含油水层,3.822520587692323,54.501070014179575,41.6764093981281,70.28070668479049,29.719293315209516,84.99111640284734,52.41644112359324,2.0301278205721625,0.054501070014175215,14.71040971805685,15.008883597152668,2.2158937202839164,133.91926242067404,15.628276581779673,1.268385262230608,1.0709417048702576,133.53048053663198,52.62186273965497,22.04851803155133
1575.125,含油水层,3.862950103715627,54.89219041260277,41.24485948368161,72.06124687248654,27.938753127513472,86.80915862106421,52.79260143257161,2.0446967896185613,0.054892190412602834,14.747911748577684,13.190841378935792,2.2093323310999526,142.88028546173715,15.694252677186137,1.2570538769304107,1.062145021194318,121.75590509018653,52.08060209164195,22.148829211871483
1575.25,含油水层,3.8792441029692815,54.897228289162115,41.223527607868604,70.00890319062626,29.99109680937374,84.62004558940964,52.79744661377615,2.0448844470967917,0.054897228289167016,14.611142398783386,15.379954410590358,2.1636187682265073,124.8666215900409,15.704678631712369,1.2545420519393782,1.0596505742279412,138.7009153131688,52.21102206319654,21.97861772856347
1575.375,含油水层,3.7897310479857205,54.91410754398951,41.296161408024766,70.66545356211296,29.33454643788704,85.3820562577351,52.813680248577086,2.0455131878684267,0.054914107543994894,14.71660269562214,14.617943742264906,2.0551352447835147,147.41880383257745,15.560101194843305,1.259114309600922,1.063480912185792,120.48131700480602,51.89935800088313,22.03034681545755
1575.5,含油水层,3.779052282003787,55.97126046447305,40.249687253523156,71.81631582934634,28.183684170653667,86.86297583828232,53.830397788264726,2.0848914157438494,0.05597126046447236,15.046660008936,13.137024161717669,1.9864345045442036,134.71205454744683,15.499187614780713,1.2659856184455711,1.0668715038710523,139.8001011298407,52.6967849490065,22.156565393396527
1575.625,含油水层,3.861177206110602,55.53485374122866,40.603969052660744,71.57793955772297,28.42206044227703,87.0640242492623,53.41068332561421,2.068635561873225,0.055534853741232015,15.486084691539336,12.935975750737693,2.0900152266591188,122.2179057671385,15.34266031721767,1.262990877879786,1.0636840380370483,117.28303586494046,53.19126341020382,22.05903375169588
1575.75,含油水层,3.8334469559272675,56.335591605977164,39.830961438095564,73.33103006490366,26.668969935096342,88.89275165524977,54.18079351119592,2.098462503175268,0.05633559160597226,15.561721590346117,11.107248344750232,1.9013879627375423,138.77882371041665,15.11326560277718,1.2601975995645869,1.0605891493721606,120.96048818419804,52.524753929470535,22.07425620108031
1575.875,含油水层,3.738730193985338,57.04234158756185,39.21892821845282,75.33035124769431,24.669648752305683,91.32706088461443,54.860510786273196,2.124788459701088,0.05704234158756538,15.996709636920112,8.672939115385569,2.16143229550266,131.31326874334852,15.090781210558763,1.2520418181169077,1.051321430565835,133.8388706233149,51.98198486249435,22.014538127828313
1576.0,含油水层,3.701799512500365,56.05473536131157,40.24346512618806,73.86733642136058,26.132663578639427,90.20898985738968,53.91067982702646,2.0880007989237974,0.056054735361307784,16.3416534360291,9.791010142610324,2.0342904937673256,136.3191503169977,15.104824231992676,1.2424808133579346,1.0411530258228703,128.36208738750395,51.72992721903357,21.9466664180244
1576.125,含油水层,3.7060206260331263,55.31214714310428,40.981832230862594,73.30756612603683,26.69243387396316,89.91919791842061,53.1964951035227,2.0603398924384844,0.055312147143099163,16.611631792383758,10.0808020815794,2.0365240036653534,141.17604207215132,15.282591460685213,1.2204016955773436,1.0201074480583783,130.46737050976873,52.618017431370156,21.9327436977431
1576.25,含油水层,3.8082748353299944,54.23516718235859,41.956557982311416,74.98439190229243,25.015608097707563,91.86172545093594,52.16070889438902,2.0202231207872177,0.05423516718235412,16.87733354864351,8.138274549064061,2.123158199771695,124.31922879471752,15.60249927127099,1.1930644178075958,0.9940563120192205,138.71029821354995,53.12909623597187,22.12513957166232
1576.375,含油水层,3.8446900170659104,53.38186857578487,42.773441407149214,75.69474993016054,24.305250069839456,93.04805782139705,51.34004837963805,1.9884383275710467,0.05338186857577962,17.353307891236508,6.9519421786029545,2.163273905241616,154.1266709485736,15.721433930037133,1.1748011841371575,0.9786104175444132,135.35622778227196,52.323710230869594,22.214553168212657
1576.5,含油水层,3.9096847798669456,54.42973879686135,41.66057642327169,75.81730924330223,24.182690756697767,92.76024076415463,52.34783827686266,2.027470781201828,0.05442973879686355,16.9429315208524,7.239759235845367,2.0395560636074515,136.19452512533863,15.704766521514069,1.1632754141128399,0.9700057326820756,137.20559149612703,53.26495707191721,22.10373892696982
1576.625,含油水层,3.838656911211904,55.168442013188944,40.99290107559915,76.22742264892324,23.772577351076762,93.18515667586831,53.05828659716849,2.0549869740072655,0.055168442013188435,16.95773402694508,6.814843324131681,2.1313149694377516,149.93787142585043,15.57173026174674,1.1657411564912208,0.971748550143368,128.53000536530774,52.44350029916269,22.02855700774439
1576.75,含油水层,3.888660229814484,55.44673863736812,40.66460113281739,76.7505551892006,23.249444810799403,94.2118920701364,53.32593856459569,2.0653533341350663,0.05544673863736686,17.46133688093581,5.788107929863595,2.0245953875032834,126.26741731616308,15.443973602063892,1.177250926924462,0.9808229949465167,130.7582227394953,51.290440948988845,22.071359869275778
1576.875,含油水层,3.7743632606195487,54.850029367841756,41.375607371538685,75.21511680673576,24.78488319326423,92.62866585200102,52.75205301912119,2.043126319352721,0.05485002936784361,17.413549045265256,7.371334147998976,1.971293428175573,155.28872746089502,15.377278673316077,1.1803633915520555,0.9825418698165584,110.82722568956927,52.409545527550335,21.953121451971313
1577.0,含油水层,3.752972184737249,55.22383895335954,41.02318886190321,76.29343107286493,23.706568927135063,93.64114518333805,53.11156464202382,2.057050472382355,0.05522383895336068,17.347714110473113,6.358854816661951,2.0508571842942755,141.14743763064746,15.342832607230074,1.1746747706465697,0.9783065747011743,115.55707181621364,52.95026133133803,22.039763161992216
1577.125,含油水层,3.7538405372445474,55.4621877973269,40.783971665428545,78.2798496436474,21.720150356352608,95.46206007919417,53.34079680468488,2.0659288048446984,0.05546218779732652,17.18221043554679,4.537939920805822,2.235805406196122,141.76023701511662,15.382939168016723,1.1668902653258657,0.9730622576959589,134.7999726688891,52.21713799364923,22.05383656685242
1577.25,含油水层,3.6757968337293105,55.13508107880784,41.18912208746284,78.02517963467706,21.974820365322945,95.1715178524999,53.02620169585628,2.0537443018727597,0.05513508107880746,17.146338217822844,4.828482147500102,2.039875287215741,156.33633426168834,15.40203238209443,1.1599878920136057,0.9681661097566564,131.43370389734267,51.958154266838285,22.002013595261413
1577.375,含油水层,3.7538397612208696,54.57513630494957,41.67102393382957,76.54748955021165,23.452510449788356,93.92752226485037,52.48767442907473,2.0328867395698924,0.05457513630494834,17.380032714638727,6.072477735149628,2.020885464805588,147.6288129350891,15.531358567218787,1.1427950570543213,0.9542115745429144,130.4652473245136,52.21892378242337,21.941556879870802
1577.5,含油水层,3.6555254619275024,53.767711678843156,42.57676285922935,78.2363695282938,21.763630471706197,95.83998279541885,51.7111332462129,2.00281072095141,0.05376771167884195,17.60361326712504,4.160017204581157,2.081162855460421,161.06512807817361,15.778046932351215,1.117853754152945,0.9337482332872589,131.41482095360635,52.90425865286238,22.141260078392712
1577.625,含油水层,3.6790803776670593,52.71653423872162,43.60438538361132,80.30085082944845,19.699149170551543,97.70088389038114,50.70016262882421,1.9636550756586966,0.052716534238719456,17.400033060932678,2.2991161096188595,1.9081684331921098,153.44891119731972,15.980028938059114,1.0895351938844309,0.9118764251307223,140.53076916621131,53.28651025534985,22.04410949601051
1577.75,含油水层,3.6287817033093583,52.742015536636465,43.62920276005417,81.96750849397652,18.032491506023472,99.09770574258063,50.724669284410204,1.9646042366896221,0.05274201553663767,17.130197248604105,0.9022942574193671,2.1992476583950507,143.99356983008607,16.12296625352843,1.0568040860134857,0.8881035613100863,141.7378396112893,53.028212232901375,21.896718969435444
1577.875,含油水层,3.595912526751148,52.781849813325834,43.62223765992302,82.91116424544948,17.088835754550512,99.99,50.762979927086505,1.966088036426002,0.052781849813325274,17.07883575455052,0.009999999999998899,2.3143703577119568,154.82234099778555,16.17079021270768,1.0360253948204963,0.8751397311456435,119.81158639850108,52.87632876719064,21.722584547036274
1578.0,含油水层,3.504877399173048,53.129612843977455,43.365509756849505,83.40857961208276,16.591420387917232,99.99,51.09744125814607,1.9790419729874065,0.053129612843981835,16.58142038791723,0.009999999999998899,2.257405435284854,144.05730033732786,16.03505722994429,1.0385644997190815,0.8789316788245424,132.9566160512308,52.64094600059349,21.899888137799387
1578.125,含油水层,3.40910886914937,54.33835459271074,42.25253653813989,82.34774935216541,17.652250647834588,99.31277837020487,52.259949456418575,2.024066781699457,0.05433835459271487,16.965029018039456,0.6872216297951317,1.869102271069818,149.97643574712131,15.880438330001233,1.0450661970521005,0.885495937094154,139.80430617840102,53.47474245021134,21.96005619168352
1578.25,含油水层,3.4928355671133358,54.48859634385015,42.01856808903651,83.16361557045967,16.83638442954033,99.99,52.404444562677135,2.029663184829161,0.05448859634385496,16.82638442954033,0.009999999999998899,1.8582035246313044,148.70749549904892,15.712735466158675,1.0624301285529103,0.9004226382557341,140.40148699132337,52.38831577800801,22.218014925648585
1578.375,含油水层,3.596595742305839,54.733305293165266,41.67009896452889,81.18776094165639,18.812239058343604,97.79802402714984,52.63979356097855,2.0387784268935527,0.05473330529316214,16.610263085493436,2.2019759728501676,1.8627047581225373,140.07770139981923,15.542282306832789,1.0799331897813023,0.9134465397365013,139.8804162746013,53.582436817384895,22.342460884567863
1578.5,含油水层,3.545078350716412,55.01718586692246,41.43773578236114,81.58258934218145,18.417410657818543,98.64762730432679,52.9128158957071,2.049352785348433,0.05501718586692558,17.06503796214533,1.3523726956732096,1.8722009426402335,146.43481796327958,15.396157993795166,1.0935740556056819,0.9240450009743149,135.68587999282695,51.30417062413487,22.242498819353127
1578.625,含油水层,3.5850445827526265,55.79685000977877,40.6181054074686,81.31834093085372,18.681659069146285,98.55891737574628,53.662658414937866,2.0783947448311246,0.05579685000978163,17.240576444892564,1.44108262425372,1.952019058980267,142.64664537286274,15.185629658220067,1.111443391877489,0.9377145521545214,121.90118015836167,53.452971332515816,22.369079548317075
1578.75,含油水层,3.6828476997251522,56.602784074403885,39.714368225870956,82.24935415426172,17.750645845738276,99.63637719688552,54.43776604928211,2.108415241047375,0.056602784074404056,17.3870230426238,0.3636228031144828,2.0086645181747924,137.85784500076835,14.981150856256821,1.122696714716089,0.9447789536896064,123.728985006956,51.9259046593005,22.100596105198942
1578.875,含油水层,3.588568841667887,56.8125792120473,39.598851946284825,82.0927553561408,17.9072446438592,99.99,54.63953666548177,2.1162299673534792,0.056812579212049685,17.897244643859196,0.009999999999998899,2.1296477714430075,134.2364651891694,14.75223729605986,1.1466543343546163,0.9627564754403706,117.92362462707635,52.14185477085572,21.854861565242604
1579.0,含油水层,3.5582697097294087,57.55469979203372,38.88703049823686,79.82479319396221,20.175206806037792,97.44663638901034,55.353271637608835,2.1438734546328595,0.05755469979202982,17.621843195048125,2.5533636109896674,2.022707512331936,149.40417383319775,14.582105288253,1.160086635049976,0.9724712415541777,131.32763040572203,52.87198639362561,22.00214330669008
1579.125,含油水层,3.5108566001278554,57.67258981254635,38.8165535873258,81.22648120968282,18.77351879031718,99.10375794463113,55.46665244495173,2.148264777782079,0.05767258981254457,17.87727673494831,0.8962420553688677,2.1560752986392018,129.61065320237088,14.409599482100713,1.174926776853162,0.9833879094093675,122.30048722392381,52.122721373459214,21.93680786901756
1579.25,含油水层,3.4555063947814184,58.66581925050589,37.8786743547127,82.06316328187658,17.936836718123416,99.99,56.42189153188123,2.185261899374156,0.058665819250504694,17.926836718123422,0.009999999999998899,2.2305992240783366,140.1508819895442,14.208951912197252,1.1927638983525637,0.9984373280089485,123.92340904939857,51.25367745443634,22.168558365131425
1579.375,含油水层,3.4412467463469145,59.14969899380369,37.4090542598494,81.83635574008161,18.16364425991839,99.58347933342742,56.8872632038295,2.203286090980387,0.0591496989938059,17.74712359334581,0.416520666572584,2.180813780485214,126.05569577681621,14.100230883995476,1.1959543731884552,1.0022306537369605,125.05980834793405,52.569384740485404,22.03241962209243
1579.5,含油水层,3.3956918915451766,58.796337279234876,37.807970829219954,81.40547252086493,18.59452747913507,98.85728373734956,56.54741733470786,2.190123607247782,0.058796337279234945,17.451811216484632,1.142716262650434,1.9551464790503315,125.11376931510624,14.03976117937842,1.1947052221847612,1.004038528215506,122.92206918532796,50.98124890919799,22.003940985338062
1579.625,含油水层,3.4392103872260464,58.3411462371408,38.219643375633154,82.97794405121591,17.022055948784086,99.99,56.109637040638326,2.1731680502653226,0.058341146237145605,17.01205594878409,0.009999999999998899,2.3161320212280523,123.30896298724328,14.125521953687482,1.1849302292294521,0.9993669050926062,115.66430868699594,52.06057882929308,21.910623230272552
1579.75,含油水层,3.3966621404973703,57.82358090677463,38.77975695272799,82.96726693750655,17.032733062493442,99.5273021635691,55.61186823243525,2.153889093432611,0.05782358090677259,16.56003522606255,0.4726978364308909,2.026970893329896,135.70736883612187,14.212314700691074,1.1823364259072542,0.9998555134109108,116.93009312403035,52.27347897204573,22.052733600791573
1579.875,含油水层,3.478893906425816,58.32162350770744,38.19948258586675,80.76611041734412,19.233889582655873,97.18935650874593,56.09086104233868,2.17244084186105,0.05832162350771289,16.423246091401797,2.8106434912540723,2.0023256313839446,132.69000262757132,14.306417242642006,1.1701454935438163,0.9916483807201669,124.13719828553721,51.81021410893203,21.948863778374026
1580.0,含油水层,3.4596180665930136,57.68321279725378,38.8571691361532,82.58035594335085,17.419644056649155,99.43133437408976,55.47686910771319,2.1486604767433373,0.05768321279725347,16.85097843073892,0.5686656259102363,1.999122842347848,146.96027701773818,14.46525481391347,1.162288708207727,0.9857197023700413,126.35961788941952,52.68735752727106,22.070735000644454
1580.125,含油水层,3.366536560820003,56.79930039252821,39.8341630466518,81.81351596878922,18.18648403121078,98.22193313955626,54.626765751785356,2.1157353403503203,0.056799300392531074,16.408417170767045,1.7780668604437389,2.029096681868307,124.78446795850414,14.49916409383499,1.1645296858772445,0.9871440491896597,126.69558324212831,52.11892951793659,21.93211931413994
1580.25,含油水层,3.397812185640418,57.53799687950685,39.06419093485273,81.66311340462128,18.336886595378722,98.15273800016433,55.337207600135265,2.143251282492082,0.05753799687950242,16.489624595543056,1.8472619998356699,1.9568952784966285,162.6422099541173,14.481498629858942,1.1627035714901746,0.9867453119364127,131.89904092670815,51.97364198655184,21.98872622238415
1580.375,含油水层,3.43444515158074,58.51793555782232,38.047619290596934,81.65727166536146,18.342728334638537,97.77920360525285,56.27966428994504,2.179753332319459,0.0585179355578197,16.121931939891393,2.2207963947471487,2.175596662309334,129.06325575985952,14.411584113443356,1.1817360587072425,1.0034738273944939,124.41020148763371,51.24382619960167,21.940721565949527
1580.5,含油水层,3.4187961655163233,58.72601976395655,37.85518407052712,79.38083981764169,20.61916018235831,95.30418470647804,56.47978941660304,2.1875043275895494,0.05872601976395671,15.923344888836338,4.6958152935219655,2.2589675791860997,132.26705374372366,14.19588697301481,1.2081020553746349,1.0263575820276896,127.7969453895167,51.670354191976486,21.910935111712664
1580.625,含油水层,3.3251723330835565,59.32628646927582,37.348541197640614,79.75541616386947,20.244583836130538,95.53899569501867,57.05709632836891,2.2098638544376428,0.059326286469275555,15.7835795311492,4.461004304981331,1.796097275396443,119.33679403779189,14.082382498706846,1.2224443129832192,1.0397228667309304,120.57239354975395,51.39032467280979,22.039003626863806
1580.75,含油水层,3.2267037123449187,59.030106507210256,37.74318978044483,80.57934005889064,19.420659941109363,96.30228307670681,56.772245048576444,2.1988313521266076,0.05903010650720672,15.72294301781618,3.6977169232931817,2.2436402828224846,123.3913496578342,14.163232798269783,1.2189856178686762,1.0380891423823335,122.39324440100478,51.5063910871242,22.089713873958285
1580.875,含油水层,3.1349473229773377,58.00063125683589,38.86442142018678,81.03136369506778,18.968636304932218,96.35919475973043,55.7821465269253,2.1604840986537535,0.05800063125683229,15.327831064662645,3.6408052402695734,2.0942550125716983,142.20243644953362,14.267640743687197,1.2132494738908646,1.0353172434423406,113.49837915043234,52.24301725235938,21.827002559547044
1581.0,含油水层,3.177408002030526,57.90159713346078,38.92099486450869,78.78688425145998,21.213115748540012,93.66929231584422,55.68690039146838,2.156795144858948,0.057901597133457744,14.882408064384226,6.33070768415579,1.9185323472365672,139.91323944631185,14.414797361751578,1.2107939415093218,1.035187443565449,118.00104177741397,52.41782451094087,21.997853580721618
1581.125,含油水层,3.1146548002119907,58.11751078900358,38.76783441078443,77.45227007513733,22.54772992486267,91.94391277138526,55.894555496415755,2.164837781798825,0.05811751078899988,14.491642696247927,8.05608722861474,2.2300558673356137,128.17064231414034,14.457376249860532,1.2269215385588326,1.0495146269222488,119.04227739389964,52.05485311786535,22.164240781661086
1581.25,含油水层,3.1469580330448403,58.95456292230988,37.89847904464527,76.024609619356,23.975390380644,90.5888580402402,56.69959095446112,2.1960174049264496,0.058954562922312534,14.564248420884192,9.411141959759806,2.1426582902869895,118.27010694833835,14.468411500498455,1.241551897158987,1.0613942879042804,113.7385077517068,50.55740961574283,22.111996357245943
1581.375,含油水层,3.1793891221638773,58.07939274240121,38.7412181354349,77.22138195669322,22.778618043306775,92.05476294231218,55.85789543919193,2.1634179104668827,0.05807939274240295,14.833380985618946,7.945237057687827,2.137878498007815,140.43481744496614,14.493880811960334,1.2417573825116683,1.061377133668104,118.38330817055704,51.98172569879034,22.241118820864724
1581.5,含油水层,3.184754229333725,57.653572050565906,39.16167372010037,78.21686146075585,21.783138539244153,93.06270863438404,55.448362099443074,2.147556379072265,0.0576535720505679,14.845847173628188,6.937291365615961,1.965399556104247,147.28197135937125,14.465853160361233,1.2502068843938925,1.0659467580827147,113.11236641787275,52.56935524724733,22.21768187604137
1581.625,含油水层,3.1623877442522526,58.42444670187332,38.41316555387443,75.97786538892058,24.022134611079426,91.15477081982571,56.18975131920359,2.176270935967862,0.05842444670187616,15.176905430905144,8.845229180174286,2.1714725438895544,131.2192653739666,14.600460864002654,1.245053945665112,1.058961966123483,113.472420616213,52.21031363867071,22.18892046835468
1581.75,含油水层,3.1581819609430974,57.54487771924723,39.29694031980967,74.43400351773572,25.565996482264286,89.59234777901217,55.343825252431614,2.1435075890963784,0.057544877719244505,15.158344261276453,10.407652220987828,1.9751744556282511,142.27063114647694,14.741377917826997,1.2521325565476693,1.061810972720155,116.7318366604531,52.37042812142502,22.357738234432652
1581.875,含油水层,3.2267963863952103,56.74902206275474,40.02418155085004,72.82952587176429,27.17047412823571,87.90343253828952,54.578410533957936,2.1138625067340544,0.05674902206275201,15.073906666525232,12.096567461710483,2.155359404829518,127.85260004393623,14.84576575477163,1.259451294879764,1.064739643605293,143.2225558401309,51.10656207763651,22.063512719950516
1582.0,含油水层,3.294866048559069,56.625274900312824,40.07985905112811,74.36867563159309,25.631324368406904,89.68922041019721,54.45939661638419,2.1092530090283246,0.05662527490031058,15.3205447786041,10.310779589802799,1.9711843852974205,125.33654920350952,14.989899522563956,1.2490611246470618,1.0553483788817029,137.66614437590215,53.58918929294592,22.179938180002715
1582.125,含油水层,3.2792267202330305,56.79070240289719,39.93007087686979,75.49450879233378,24.505491207666232,90.81949312384899,54.61849662941476,2.1154150710795263,0.056790702402901086,15.324984331515209,9.180506876151018,1.9444483992705286,130.33802362687516,15.087635490194584,1.235281552275485,1.0446520586094905,120.53122822577069,53.30140946816299,22.17525439204259
1582.25,含油水层,3.35369119800514,56.2626258012797,40.383683000715166,75.71180343081218,24.288196569187814,90.84304406522755,54.11061859894254,2.095744576535879,0.056262625801279526,15.131240634415356,9.156955934772459,2.0767581809425746,137.02333482949112,15.114152387897553,1.2135710386474214,1.0296435739544567,120.61095217635234,52.35158078690834,22.157070977873694
1582.375,含油水层,3.3891929185641585,56.086908522630615,40.52389855880523,77.3981266819568,22.601873318043197,92.20813920118336,53.94162238678907,2.0891992273189204,0.05608690852263072,14.810012519226559,7.791860798816641,2.17466362880783,131.31677295551253,15.12959418951991,1.1985475100720904,1.0208284570578119,121.49053440562628,52.352755455669566,21.955864478827106
1582.5,含油水层,3.4381269635507494,56.1920266298588,40.36984640659045,77.70287746823209,22.29712253176791,92.26475088837091,54.042719797851205,2.093114805377742,0.05619202662986052,14.561873420138818,7.735249111629095,2.0975125666375125,144.36134525465405,15.080782122703994,1.2012417235118604,1.0244217416314076,104.64752377779271,53.06110695868077,22.097609760214894
1582.625,含油水层,3.4651022454506517,57.16974830763731,39.36514944691204,75.82612847590343,24.17387152409657,90.80921639216844,54.98304428588795,2.129534273441731,0.05716974830763284,14.983087916265003,9.190783607831566,2.3141117584082744,159.95090172871778,17.235200596353884,1.1005752832526072,0.9699856945213363,137.01755586099313,53.59325696320545,21.94157626516216
1582.75,非储层,1.8147522286275573,34.076283784099246,64.1089639872732,95.03998254657425,4.960017453425747,95.33291927473444,25.871220004793038,3.4243624362741505,4.780701343032059,0.2929367281601875,4.66708072526556,2.0738668930158033,157.68037495576732,19.304048424776106,1.0146907971542598,0.9273782187507286,152.38064332898446,55.89016200850541,21.9263645437876
1582.875,非储层,1.7682481115299127,35.040151331756775,63.19160055671331,92.90538340492932,7.0946165950706686,93.20498839305012,26.60300254126094,3.521222523619774,4.9159262668760615,0.29960498812078434,6.795011606949886,2.0532659303748297,163.01894442900797,21.41008552558953,0.9285152703000444,0.8836282694399986,172.40871100987164,58.6366712261647,22.073624508542903
1583.0,非储层,1.7829244982292574,34.781122488051054,63.43595301371969,92.68661793264758,7.313382067352425,92.9905574467247,26.406344001686712,3.4951924363039946,4.879586050060348,0.3039395140771183,7.009442553275303,2.346869176453091,171.25212023102054,23.673365511413095,0.8233865583209935,0.8251835189705147,180.03800089345208,59.37200226707208,22.197429484238967
1583.125,非储层,1.827259161962954,33.929933574925606,64.24280726311143,93.51568716994896,6.484312830051042,93.81899070242486,25.760108755594977,3.4096555462267997,4.76016927310383,0.30330353247589653,6.181009297575146,2.305939263100686,173.87565238829825,23.598441071801595,0.8251007533146942,0.8269201420348467,181.35420434745475,59.680757004320554,21.865290637676154
1583.25,非储层,1.8631442630505781,34.830524972876184,63.30633076407324,95.42174032200724,4.578259677992758,95.73133160689574,26.4438511008115,3.500156945179599,4.886516926885088,0.30959128488849647,4.268668393104258,2.1606153157044874,184.42394906537288,23.5379671291515,0.8229005540460362,0.8247738774706306,204.75339206385527,59.403881417307524,22.19351769586787
1583.375,非储层,1.8121032850031225,35.59539422990132,62.59250248509556,94.87863876381793,5.121361236182064,95.18669030799136,27.02455118385968,3.577019480103081,4.993823565938562,0.30805154417341024,4.81330969200865,2.4617884608473037,170.79882857259778,23.468126438491318,0.8148230114913112,0.8167122290926743,188.8848187495127,57.79965590921342,21.912872851931546
1583.5,非储层,1.76362225644029,35.402825087998245,62.83355265556146,97.66521957012438,2.334780429875616,97.98023309201889,26.878349835500405,3.557667999756913,4.96680725274093,0.3150135218945087,2.019766907981102,2.2135983770816376,177.09921638255204,23.41112137345422,0.8078426760111528,0.8096271710304811,180.4658794043167,58.72306137744136,21.931169281758606
1583.625,非储层,1.7176109135818531,34.512223883197514,63.77016520322063,97.90497042355152,2.0950295764484816,98.22626931778326,26.202192193079167,3.46817052606692,4.841861164051426,0.32129889423175234,1.7737306822167342,2.2021408674193172,171.53488037668825,23.4357996755786,0.8060067213996314,0.8076259897937803,198.13833159305648,59.304153015668184,22.014428180244
1583.75,非储层,1.7152058582815666,34.679673716446516,63.60512042527192,95.99538433603905,4.004615663960953,96.30980397917205,26.32932258978552,3.4849977400486813,4.865353386612312,0.31441964313300264,3.6901960208279516,2.1838055036083412,170.54755225474273,23.472498486219077,0.8017796521605641,0.8032451989242273,199.4826048741007,59.69294627152823,22.075590282972115
1583.875,非储层,1.6786701837123583,35.27466268587123,63.04666713041641,96.35459176707101,3.6454082329289816,96.67718631405359,26.781047039139782,3.544788822016551,4.948826824714894,0.3225945469825714,3.322813685946413,2.1164290934076577,180.12679166556327,23.4723876952022,0.8063818170815247,0.8077344304337695,184.2026627833892,59.523107886262146,23.04694947088357
1584.0,非储层,1.6972384348497178,35.528760594981016,62.774000970169276,95.49323363132665,4.506766368673354,95.81524022896146,26.973961940042347,3.5703233944072577,4.984475260531409,0.32200659763481254,4.184759771038538,2.267453879307325,187.62625725839132,23.272710386499778,0.8126814407209129,0.8139967051043502,194.72125162408034,59.031380446965755,23.14125424334452
1584.125,非储层,1.6839796304251697,36.69286260620213,61.6231577633727,98.24605515202734,1.753944847972666,98.5649063413687,27.85776545075195,3.6873052585234634,5.147791896926714,0.3188511893413591,1.4350936586313034,2.164122248046188,183.31950188285623,22.98549634681221,0.8223109145371428,0.8235703716352224,181.96114029503315,59.023989774946706,23.030112030912207
1584.25,非储层,1.6951384954339954,37.79209555720337,60.512765947362645,96.35830466008801,3.641695339911988,96.68509010865081,28.692319408925666,3.797768360954835,5.302007787322864,0.3267854485627936,3.3149098913491937,2.466280384555499,173.093097998953,22.86903078839967,0.8208379522041241,0.8220957830506608,189.05676490866003,58.667630517144914,23.106998562738085
1584.375,非储层,1.6631803540701884,36.47007567263603,61.86674397329378,99.09856015543254,0.9014398445674643,99.42811839823399,27.688622306828158,3.6649171597674473,5.11653620604042,0.32955824280145557,0.5718816017660111,2.2785904838342845,162.75132577077437,22.939065723745742,0.815495812216778,0.8167348958465193,184.79386529441643,57.98966317138226,21.909616188937726
1584.5,非储层,1.6585269703704997,34.766201102182194,63.57527192744731,96.92076646957028,3.0792335304297147,97.24310724147568,26.3950154642489,3.4936929701770483,4.877492667756245,0.3223407719054065,2.7568927585243097,2.167127639296931,175.34703209766144,23.170403219060248,0.8156187360725133,0.8168176471745617,184.65018205623971,58.64516738418392,22.106219931902313
1584.625,非储层,1.6990756926756303,34.292369445473014,64.00855486185135,94.2657280491435,5.734271950856495,94.5937795017437,26.03527544348763,3.4460771169744873,4.811016885010895,0.3280514526001986,5.406220498256298,2.494009834622705,155.55093793736563,23.55709436076105,0.8010697339442391,0.8022597354591203,181.64820584921307,61.01293996133075,22.085158268038594
1584.75,非储层,1.64934828854016,33.64099249952607,64.70965921193377,96.81173303232248,3.188266967677522,97.13264715510324,25.540740406116356,3.3806195465513738,4.719632546858336,0.32091412278077275,2.8673528448967533,2.3296843202868196,171.4762891037082,23.766298808648997,0.7966767013594936,0.797843040016135,195.8516939110679,59.35320491287773,21.841281921757226
1584.875,非储层,1.6302167249396518,34.278502846451374,64.09128042860898,97.72340326230487,2.2765967376951357,98.04498298304577,26.024747715866862,3.444683647513163,4.809071483071349,0.3215797207409094,1.9550170169542302,2.204689169581788,187.66569322678367,23.88286978935398,0.7897434922405387,0.7908985910191089,179.45097425844597,59.35845869534479,22.865524072374207
1585.0,非储层,1.6282229593910273,33.49041458055938,64.8813624600496,98.4910313669635,1.5089686330365004,98.8173105310897,25.42641941694591,3.365487809396324,4.698507354217145,0.32627916412619906,1.182689468910303,2.157461596682631,181.20462040711604,24.089527844304516,0.7724051601687085,0.77360756001714,194.92400341003813,59.398439208146854,22.81735625660892
1585.125,非储层,1.661858388134635,31.93841704462903,66.39972456723633,99.66322137320648,0.3367786267935102,99.99,24.24811987133388,3.20952590648161,4.480771266813539,0.32677862679350644,0.009999999999998899,2.278492244789939,180.48799803499492,24.08679942742602,0.7668980407775304,0.7681692023985841,201.0699694831975,59.330025845638545,22.881866695670592
1585.25,非储层,1.6803317708311283,33.560161993549364,64.7595062356195,99.67083492130617,0.32916507869382716,99.99,25.479372687251495,3.3724968020019572,4.708292504295913,0.31916507869383,0.009999999999998899,2.1515509854056765,174.95480392753143,24.070679658688178,0.7667367839959675,0.7680306563272865,197.56757706784967,59.407107776513186,23.121513993462745
1585.375,非储层,1.634610471030802,34.43910248689023,63.92628704207897,98.07477390361967,1.925226096380328,98.3883032393715,26.146677344602466,3.4608224782460657,4.8316026640416965,0.31352933575182534,1.6116967606285004,2.201672328024991,186.09532958355229,23.81795095805711,0.775531758893913,0.7768191648925897,178.96607869519337,59.85127863347316,22.077517927656377
1585.5,非储层,1.6121788197024194,36.24161292553356,62.146208254764026,98.36983698776143,1.6301630122385724,98.68167067455357,27.515170001094475,3.641958692399866,5.084484232039221,0.3118336867921435,1.3183293254464323,2.100996011516377,154.7957000408328,23.522961462062778,0.7849809864990067,0.7862614902608145,189.4488104017887,59.10285462187475,22.292304202848634
1585.625,非储层,1.6575216908221775,35.13171140384785,63.210766905329976,99.67349598575288,0.32650401424711983,99.99,26.67251630584076,3.5304234938170453,4.9287716041900484,0.31650401424712465,0.009999999999998899,2.4314471588491906,186.25278471122556,23.41365917969061,0.7886612725952578,0.7898603570742004,201.27829150188086,58.45891329957268,22.123941688725196
1585.75,非储层,1.6185498377030445,34.801909582987115,63.57954057930984,99.66506557915163,0.3349344208483762,99.99,26.4221258724376,3.4972813538487983,4.882502356700711,0.3249344208483741,0.009999999999998899,2.1655142682464574,169.13757766756922,23.280455531403824,0.7948825862210545,0.7959881774483701,191.46681995903265,59.22350805914189,21.990524936334705
1585.875,非储层,1.5955494467416738,35.9370539846088,62.46739656864953,97.2811246629612,2.7188753370387952,97.61331470062251,27.28394433649405,3.6113532366071532,5.041756411507601,0.3321900376613038,2.386685299377489,2.3009730344196195,163.9449371783627,23.323057129292696,0.7954483787253811,0.7964906548929561,189.28689874561127,58.42131788454794,22.15644430059725
1586.0,非储层,1.5991138742579514,35.82032060725885,62.5805655184832,97.36093215591947,2.6390678440805226,97.69347364752406,27.195318625238162,3.5996225738685386,5.025379408152148,0.3325414916045866,2.306526352475935,2.1641378074560653,182.1016152104787,23.26524751597438,0.79936692978982,0.8003437543586416,176.3012126471784,58.688855488044354,22.147927060683926
1586.125,非储层,1.6366250491049228,35.803710307580204,62.559664643314875,98.699365291765,1.3006347082349934,99.03145614860469,27.182707839389142,3.597953386974945,5.023049081216119,0.3320908568396798,0.9685438513953093,2.0724821209667077,151.45275660623886,23.20180067343598,0.8014396713893561,0.8024482087110728,187.54941885940687,58.45430645563398,22.084353139413206
1586.25,非储层,1.6663500626793428,35.44132146547311,62.89232847184755,99.65754738070456,0.34245261929544135,99.99,26.907576856185813,3.561536542165843,4.9722080671214535,0.3324526192954422,0.009999999999998899,2.3490314934695204,179.0590880477168,23.174150922412476,0.7975561924342427,0.7986448181292598,171.66504385422107,59.58769557112587,22.120375428597836
1586.375,非储层,1.655472578415557,36.11321120917701,62.23131621240743,99.65263945832382,0.34736054167617825,99.99,27.41768551382173,3.6290554657149867,5.066470229640291,0.33736054167618085,0.009999999999998899,2.3371082931693365,167.9925368866111,23.15752239792821,0.7954772682539932,0.7966756985641544,189.95959177385154,59.272399433134325,22.042207527770852
1586.5,非储层,1.6872228235111346,35.882036110911955,62.43074106557691,98.61231525430432,1.3876847456956831,98.94298620499585,27.242173950860877,3.6058244312595735,5.034037728791502,0.3306709506915256,1.057013795004158,2.0589298874516495,167.50130555542282,23.272951833485333,0.7924735223182684,0.7936797602575911,196.94958633499317,58.650451800411844,22.07856862577837
1586.625,非储层,1.6413885745723187,34.56451806500396,63.79409336042372,98.2258501300645,1.774149869935493,98.55711169643337,26.24189471143642,3.4734256246847237,4.849197728882814,0.33126156636885723,1.4428883035666362,2.208466326813544,169.13907985461663,23.318118551304742,0.7937308351186265,0.794860212314093,190.45368090246234,59.127823953353754,21.952734765502594
1586.75,非储层,1.5982980509060547,35.05655085153857,63.34515109755537,98.28834156137891,1.7116584386210887,98.61707226603286,26.615453299886376,3.5228705290146567,4.918227022637537,0.3287307046539417,1.382927733967143,2.178948709487755,167.46323009484226,23.43095724014575,0.7977163941405339,0.7987562466606646,188.03567026049276,58.85139906000679,22.060813928658746
1586.875,非储层,1.5930997895017693,35.05888050898355,63.34801970151468,95.78713426721323,4.212865732786764,96.11577401096194,26.61722201036774,3.5231046387988836,4.918553859816923,0.32863974374870947,3.8842259890380593,2.365746787194731,168.53642576616812,23.668584879953904,0.7926985911205475,0.7936875603810278,192.59010011706445,60.08287106426018,21.91838455814019
1587.0,非储层,1.6367110147629031,33.40229789095193,64.96099109428516,97.14156555080697,2.858434449193026,97.47000501139085,25.359519919413486,3.3566328684111983,4.686145103127242,0.32843946058387274,2.529994988609152,2.2081285681614333,184.00354168939737,23.727379868286107,0.792779474516554,0.7937178355187742,195.84719156886982,58.49191766409633,22.168498131783856
1587.125,非储层,1.6070446650697952,33.988853640584416,64.4041016943458,97.21839883781517,2.7816011621848324,97.55353433869892,25.804841743235702,3.415576487044852,4.768435410303862,0.335135500883756,2.4464656613010782,2.230957358361772,178.49038020909862,23.93024458458749,0.7937380694287751,0.7946710558035113,199.99847556219694,59.429340750711106,22.117395812963434
1587.25,非储层,1.6258873557916418,32.94373988671621,65.43037275749215,94.4327034043956,5.567296595604409,94.76119930235552,25.011375882120408,3.3105518809858507,4.621812123609948,0.32849589795992823,5.238800697644486,2.1333969668970703,161.77210161509464,23.97082081895878,0.7973770588445935,0.7982823940959273,190.1644997359421,60.13446579149739,22.088681102018867
1587.375,非储层,1.5911030726708488,34.68639264036405,63.7225042869651,93.40348040559073,6.596519594409267,93.73019051001117,26.334423696466263,3.4856729319452264,4.86629601195256,0.3267101044204376,6.269809489988831,2.369785018289084,180.88146098909317,23.842752140898774,0.80370699663146,0.8045737257984447,193.10847409195594,58.57982764604226,21.92730521944619
1587.5,非储层,1.624137884650273,34.826042902710206,63.54981921263951,96.14163019666103,3.858369803338968,96.47182379170701,26.440448246671778,3.4997065371242386,4.885888118914193,0.3301935950459835,3.528176208292988,2.330395663891937,179.79398271716565,23.597091779447886,0.8168118008374149,0.8176237897533606,176.7105490985208,59.68969961055292,22.00681648485796
1587.625,非储层,1.5918711147768887,36.71719471725541,61.690934167967704,95.05887662412856,4.941123375871448,95.39076397077683,27.876238750312098,3.6897504185536487,5.151205548389661,0.33188734664827707,4.609236029223174,2.239691379537697,181.2491179481083,23.140733242094942,0.8298399174609425,0.8305501897888943,181.24522033993662,58.171818748362185,21.95869616720449
1587.75,非储层,1.5453904693840579,37.90798820364698,60.54662132696896,95.96680959430627,4.033190405693732,96.2999754236045,28.780306824809305,3.8094145377397313,5.3182668410979455,0.33316582929823085,3.7000245763954998,1.9831994771064052,168.19888537396545,22.77287748767464,0.8343612692682438,0.835025136047439,187.0751897776902,58.87349847954593,21.86989698685561
1587.875,非储层,1.5181380202576997,38.61734086422649,59.864521115515814,97.63157801425278,2.3684219857472155,97.96263146854093,29.318857884517325,3.8806981501297964,5.41778482957937,0.3310534542881517,2.0373685314590606,2.2665574643261817,176.7334875230876,22.269319160391863,0.8538571397270782,0.8544036971162714,178.34394383075474,57.6651936400348,21.942002776057823
1588.0,非储层,1.525572075497605,40.36462154054601,58.10980638395639,95.95825834028327,4.0417416597167355,96.28295709929866,30.645419286388236,4.056284266019823,5.662917988137949,0.3246987590153951,3.7170429007013395,2.0276985436911783,158.5607255044229,21.847246323512636,0.869133085134412,0.8696471526157963,165.32777695282508,58.84461052320081,22.12730889262479
1588.125,非储层,1.5661162000559135,41.285271271379834,57.14861252856426,95.73256619568801,4.2674338043119935,96.06310053448077,31.344390215397507,4.1488013484343185,5.792079707548008,0.33053433879275107,3.936899465519239,2.259486594647966,170.96891261629,21.470740174771354,0.889170030085874,0.8896455134785923,186.9175267529783,56.1407837400826,21.92939011109887
1588.25,非储层,1.5545272091002325,42.02238985026584,56.423082940633925,93.97855436362829,6.021445636371714,94.31277671516996,31.904021572056145,4.222875187841503,5.895493090368191,0.3342223515416774,5.687223284830035,2.1543492821091066,155.11071935777088,21.049906178539032,0.919301775112753,0.9196984598404441,171.04055811317966,57.327665883218884,22.02748442531221
1588.375,非储层,1.5546017992539112,43.270988168078375,55.17441003266772,92.3756495514816,7.624350448518403,92.71568296485334,32.85197593182163,4.3483481767566685,6.0706640595000785,0.34003341337174436,7.284317035146659,2.2234197706800307,153.4432095996331,20.93432581909788,0.9355307735359545,0.9358286880580061,169.46836403403393,56.71908434990236,22.13011549068295
1588.5,非储层,1.5406776258836097,41.72227995622696,56.73704241788943,91.27167161517049,8.72832838482951,91.6119742531424,31.676173689831444,4.192716821559189,5.853389444836328,0.34030263797191374,8.388025746857597,2.3485338144659846,152.80696487120485,21.026104504833484,0.945215262668998,0.945367569655995,175.28389068340198,57.3077883873123,21.740813683991888
1588.625,非储层,1.5238835890403737,40.47556188091086,58.00055453004877,90.12941562475127,9.870584375248725,90.4668462674379,30.729646838053508,4.067432780236333,5.678482262621018,0.3374306426866288,9.533153732562095,2.1183445500015483,156.08454647353554,21.188236932937528,0.9535909357716955,0.9535655530311354,174.381591201402,57.51154592138268,21.961921453410586
1588.75,非储层,1.4846733147752715,40.48382332936599,58.03150335585874,87.86672286698382,12.133277133016174,88.2045117818861,30.73591905223904,4.068262982083993,5.679641295042952,0.3377889149022669,11.795488218113903,1.9943197525883603,159.01619964183726,21.508185664258885,0.9565059503280323,0.9562675695652689,180.9912000328976,57.680811381136024,21.80245048230546
1588.875,非储层,1.465249233913028,40.05104934655013,58.48370141953685,85.75976199582435,14.240238004175653,86.10586907080756,30.407350626388446,4.0247730587243655,5.6189256614373155,0.34610707498321613,13.894130929192439,2.1696699299989666,145.34400817634437,21.646112039408294,0.9659715011450581,0.9655270057483241,175.56817607943026,56.30388566230301,22.620748146585395
1589.0,非储层,1.473287948105975,40.432345379341115,58.09436667255291,85.40486267829768,14.595137321702323,85.75815448829283,30.69683622915519,4.063089907476491,5.672419242709437,0.3532918099951596,14.241845511707163,2.183868087643154,159.24649860026307,21.720095061874417,0.9814263639592387,0.9807138039747643,179.88525540643218,57.938100272450654,22.79522461316026
1589.125,非储层,1.4566241286883508,39.89789940379542,58.645476467516225,83.2619123523861,16.7380876476139,83.62489006965804,30.291076918614678,4.0093828561304,5.597439629050344,0.36297771727194206,16.375109930341956,2.2587266937400674,166.27209705293427,21.86626802461005,0.9849676051342042,0.9840756508193644,181.54267037856627,57.790106377006154,22.531510897832995
1589.25,非储层,1.4158944366717807,39.04315904840029,59.54094651492793,84.20711659188039,15.792883408119607,84.56435929767933,29.642145364883426,3.9234890777968454,5.477524605720017,0.3572427057989423,15.435640702320663,2.049194084912438,149.9565602849297,21.931746476656294,0.9937324793853525,0.9926188767639442,176.17497567693243,57.95712722723162,22.838430436004042
1589.375,非储层,1.3775711328522702,39.501149496353364,59.12127937079437,81.6895148657918,18.310485134208186,82.05474420667478,29.989858505029787,3.969513030880447,5.5417779604431265,0.365229340882961,17.94525579332522,2.179683515047742,159.81767168834386,22.137083738427396,0.9932367697530357,0.9919145800032123,185.26982589978488,58.44321396493413,22.203868941216943
1589.5,非储层,1.3477064017790534,38.37264256332921,60.279651034891735,82.34468689213192,17.655313107868086,82.71405412895338,29.133079305567154,3.8561081544858538,5.383455103276198,0.3693672368214632,17.285945871046625,1.970702303633777,162.65066623644412,22.356837783986837,0.9841059227091529,0.9826854654856697,189.83021974441624,58.533267721394765,22.00930175839093
1589.625,非储层,1.3575641458358094,37.59529492664376,61.047140927520424,83.04404382272008,16.95595617727992,83.41715719419456,28.542905451624804,3.77799165375891,5.274397821260047,0.3731133714744708,16.58284280580544,2.1958063270513533,168.63626189244107,22.50748362809069,0.9871757026098853,0.9855963186049645,185.83572470585517,58.090537459678835,22.009582691803402
1589.75,非储层,1.38576329291326,37.51353343161311,61.100703275473634,80.84257408667813,19.15742591332188,81.22460923184009,28.48083091206349,3.76977535311737,5.262927166432253,0.38203514516197756,18.775390768159905,2.1425461877784975,165.06228462521148,22.657894897131236,0.9834000238007377,0.9817400348360383,175.8597322835484,57.656408598340875,23.496089561455985
1589.875,非储层,1.3818695583018237,37.89520867124768,60.7229217704505,80.67087864445277,19.32912135554723,81.06335898552712,28.770604414289565,3.8081303087733755,5.316473948184743,0.392480341074356,18.936641014472876,2.2157442315552403,170.21786110984908,22.590943800031834,0.9867997963104729,0.9851018918578642,192.44928582741736,57.19102231086424,23.14739822865473
1590.0,非储层,1.4166962061877935,39.052458662737756,59.53084513107445,82.20458424840176,17.79541575159824,82.6053665664709,29.649205770002972,3.924423606051476,5.478829286683305,0.4007823180691508,17.394633433529094,1.9928932791601053,155.2966819452446,22.56092680920038,0.987852065619033,0.9861210679423961,187.893180254553,58.31825341859941,23.640201373745988
1590.125,非储层,1.4133399791082069,37.878884569403525,60.70777545148827,83.1236115749944,16.876388425005608,83.5268205557877,28.758210914080834,3.8064898822082247,5.3141837731144665,0.4032089807933069,16.473179444212306,2.270171608657776,163.75751489505905,22.52744170983398,0.9858929026626666,0.9840900026891597,191.0333010498883,57.93414770765253,23.806473477267723
1590.25,非储层,1.377410810651068,37.853201076874576,60.76938811247435,82.01151382072295,17.988486179277054,82.42592760702698,28.738711625663182,3.8039089203989596,5.310580530812435,0.4144137863040307,17.574072392973015,2.0988498492979724,168.23844948211791,22.522949899273122,0.9822104118132222,0.9803730365559199,181.3886797623923,58.94246711393227,22.43984011699466
1590.375,非储层,1.3770048092927845,37.91595551224757,60.70703967845965,81.98796640439997,18.01203359560003,82.4036828753056,28.786355723655138,3.810215181156804,5.319384607435626,0.4157164709056306,17.596317124694394,2.249443971526592,174.64928684724416,22.720655571937332,0.981071417996559,0.9790958881091836,177.29730904770784,57.933271008398634,22.719379529273
1590.5,非储层,1.384306445105965,36.996059139120284,61.61963441577375,79.6334188845963,20.366581115403704,80.05723791726355,28.08795675498907,3.7177738044691337,5.190328579662083,0.4238190326672491,19.942762082736454,2.2907848493039533,154.68968770411269,22.827509149889252,0.9825117633675224,0.9804435403769108,190.1466432587454,57.52807381955494,22.17308640969233
1590.625,非储层,1.413477167867059,36.77305893816975,61.813463893963196,81.02129606657614,18.97870393342386,81.44338253104958,27.91865169530423,3.695364274244099,5.1590429686214145,0.42208646447343356,18.55661746895042,2.4005915470786254,165.83610813509685,22.77991656798068,0.9825123058290397,0.9804758863111013,171.8214015291958,58.21381116914392,21.991614065763155
1590.75,非储层,1.454149229261835,38.298320543166575,60.24753022757159,82.7296582033656,17.27034179663439,83.1627811745346,29.076652925654056,3.848639454681455,5.373028162831064,0.433122971169,16.837218825465396,2.4092136053309345,158.84007273249233,22.90295155069342,0.9776107435119208,0.9756267157735353,188.04656506086886,59.55212347134258,21.949556720166505
1590.875,非储层,1.4694513400967633,36.52694830624771,62.00360035365553,81.8501661490896,18.14983385091039,82.28330605513517,27.73180085369501,3.670632351935283,5.124515100617415,0.43313990604556135,17.716693944864826,1.9767176141104041,203.7855937737287,22.955305609005798,0.9650702963760078,0.9632429384796528,180.43177552872714,57.561890277891244,22.034532098867178
1591.0,非储层,1.4491497670293574,36.3021142963546,62.24873593661604,83.2106573666515,16.789342633348504,83.63891721161873,27.561103539065336,3.648038540275747,5.092972217013522,0.42825984496724123,16.361082788381264,2.234596701420551,167.52503695156946,22.943933215363547,0.9620136339121994,0.9602112739323909,188.98726745004302,58.76045725435506,21.841907187427942
1591.125,非储层,1.4425648863587148,36.84694528358941,61.71048983005187,82.25006159569031,17.749938404309695,82.68476318075828,27.974747304491355,3.702789192624629,5.169408786473433,0.4347015850679731,17.31523681924172,2.216444666540479,163.3571249717,22.970724026955164,0.9554544600073478,0.9536706017013716,184.71204102211146,58.45467620564464,22.104843314889383
1591.25,非储层,1.4329048399252051,37.97666636015562,60.590428799919174,84.6540091634294,15.34599083657061,85.09395738309382,28.832448299737027,3.816316079610634,5.327901980807956,0.4399482196644293,14.906042616906179,2.287186529156355,161.2020457249058,22.928209053726597,0.949287736721192,0.9475419844249185,192.54380896104908,58.54877286720553,22.122562470789852
1591.375,非储层,1.4422647576725343,36.935070823232294,61.62266441909517,84.7197222908202,15.280277709179801,85.15575116034191,28.04165352110192,3.71164502295934,5.181772279171034,0.43602886952171116,14.844248839658093,2.113426709723408,159.62163933214094,23.03955888210353,0.9454688528427723,0.9437360506570364,198.84054030334678,58.50036590419267,21.920151155000024
1591.5,非储层,1.4632653239733449,35.09463728560212,63.44209739042454,82.96069775288657,17.03930224711343,83.3931186033456,26.6443690854544,3.526697875768931,4.923570324378783,0.4324208504590279,16.606881396654405,2.2331747412125167,182.50344775342467,23.19300011760291,0.9312908839416485,0.9297060721786754,188.25803627156083,58.917466808361354,22.219907306511253
1591.625,非储层,1.5020960400165295,35.07382563229147,63.424078327692,85.18227016267579,14.817729837324212,85.62056937273937,26.62856856962132,3.5246064903266316,4.920650572343516,0.4382992100635838,14.379430627260625,2.179481728302112,173.30426780693753,23.508821790205545,0.9114911151071489,0.9100890262216135,186.00048305194068,60.09975299594658,22.130285650961365
1591.75,非储层,1.4975621118683557,34.44587349500618,64.05656439312546,87.44263722619857,12.557362773801428,87.8794877398357,26.151817994379066,3.4615029041397722,4.8325525964873455,0.43685051363712474,12.120512260164308,2.237112802279166,153.48943050317192,23.77009228024582,0.8906439480435049,0.889470299352182,191.696738683886,60.294351631240346,22.368835089359884
1591.875,非储层,1.5242170223379956,33.94195657995268,64.53382639770933,89.0016719147122,10.9983280852878,89.43197573839616,25.769236799314328,3.4108637509432147,4.7618560296951395,0.4303038236839649,10.568024261603837,2.0879076830836363,186.38606522932568,23.80344147373123,0.8719337711437617,0.8709476159878056,184.21153396732103,58.59089043809998,22.64786138291633
1592.0,非储层,1.4792163520710884,34.5497800259929,63.971003621936006,89.9204528116046,10.079547188395388,90.35110979026798,26.230705373652114,3.4719445832808677,4.847130069059923,0.43065697866336555,9.64889020973202,2.3954396462775254,166.55913430497947,23.707642400720125,0.8663064882866004,0.865349177436776,203.2530002554524,58.85308903763895,22.584522205000617
1592.125,非储层,1.4619586153553925,36.046401413452124,62.491639971192484,88.91987863517278,11.080121364827223,89.36156038886686,27.366962526109077,3.6223416774302972,5.0570972099127465,0.4416817536940744,10.638439611133144,2.161924792545583,174.65457613148374,23.65695302120878,0.8591066190345618,0.8582330934614462,188.5070922214962,59.2893533782769,22.288394498098757
1592.25,非储层,1.489585416337052,34.902994320267396,63.607420263395554,91.30627688652862,8.693723113471385,91.73604918699743,26.498870904081144,3.50743946790303,4.896683948283225,0.4297723004688182,8.263950813002563,2.365761752136311,171.32415636172158,23.61216237265443,0.8527006157238269,0.8519114133119394,196.769600013458,60.41893727570665,22.123165559211238
1592.375,非储层,1.517938161528402,34.34061897026231,64.14144286820928,92.54246350641054,7.457536493589457,92.96068655974946,26.071907198254657,3.450925763655076,4.8177860083525825,0.418223053338919,7.039313440250538,2.139647106355696,181.21216622156413,23.7187381549928,0.8379904826064228,0.8374148457849073,199.53231294246422,58.76027486736737,22.235527690008738
1592.5,非储层,1.5471260072079114,33.211642802182986,65.2412311906091,94.95486384189212,5.045136158107876,95.36524213721988,25.214771748579313,3.3374737333247153,4.659397320278956,0.4103782953277576,4.6347578627801145,2.1728338059224175,171.1845140115609,23.919987114584664,0.8126370893949463,0.8123566992905016,196.86826698225855,60.36002383012844,22.05317541549615
1592.625,非储层,1.5011253355879328,33.62902281387602,64.86985185053605,97.26047361485024,2.7395263851497598,97.66399023852435,25.531652843258783,3.3794166999565474,4.717953270660688,0.4035166236741092,2.3360097614756548,2.241101008569979,174.45714914864755,24.121950312912286,0.7940363637852068,0.7939750228055957,194.4322189097352,59.7865254848337,21.947332918823854
1592.75,非储层,1.5163880956089264,32.55479206244245,65.92881984194862,96.89686450571753,3.103135494282472,97.28976684521903,24.716080925782848,3.271466095471437,4.567245041188167,0.3929023395015157,2.710233154780961,2.359904991643342,180.4614211963538,24.220273599208934,0.7826850931304992,0.7827326076028984,204.93495591910124,59.745278516630414,22.134940218027303
1592.875,非储层,1.4936596926921386,33.201151151248965,65.3051891560589,96.41336294834281,3.5866370516571933,96.80321180051797,25.206806331597605,3.336419416029421,4.65792540362194,0.3898488521751729,3.1967881994820257,2.181007432454406,192.74246810207705,24.1894623066068,0.7822892217110067,0.7823042274748552,190.1605126521115,59.20008341429742,22.1753907856313
1593.0,非储层,1.4795939980556194,33.586811388782344,64.93359461316204,95.69248064132744,4.307519358672563,96.09069907614139,25.49960530332651,3.3751748284136225,4.712031257042211,0.39821843481395014,3.9093009238586163,2.0638275361186986,176.82900645628595,24.158756247124373,0.7916511584994025,0.7915947620994706,177.9827469940044,59.54013430865744,21.791846149925686
1593.125,非储层,1.486836999251104,34.0764209253414,64.4367420754075,93.2101017472752,6.789898252724791,93.60803506951736,25.8713241244579,3.4243762177451895,4.78072058313831,0.3979333222421535,6.391964930482641,2.116401753762628,176.9519696742324,24.188731585771993,0.8022512170842007,0.8020907312372024,201.6404535649529,59.96364325720448,21.985093990015642
1593.25,非储层,1.497415211380105,32.39074924444238,66.11183554417751,91.2767588857411,8.723241114258895,91.66920040671603,24.59153718557998,3.2549812561192626,4.544230802743141,0.3924415209749328,8.330799593283967,2.3107652432435715,171.80502609206846,24.168441085463392,0.8148109996110053,0.8145545608457532,195.09142912150395,61.84839677261342,22.19505581600897
1593.375,非储层,1.484261914625311,33.570723855232856,64.94501423014184,90.7778592704772,9.22214072952281,91.1640174011151,25.487391409275435,3.3735581748510395,4.70977427110638,0.3861581306379092,8.835982598884895,2.208099432016448,181.25970412954953,24.11891590560224,0.8318331373877756,0.8314932300866279,187.14282740571215,60.14865114760084,22.00798911867079
1593.5,非储层,1.4859213740844526,34.29276662261586,64.22131200329969,88.69246139092095,11.30753860907905,89.07279408543397,26.03557698626467,3.4461170297330828,4.8110726066181035,0.3803326945130191,10.927205914566029,2.2985085374307896,185.61599306111478,24.009693872288274,0.8494429037946365,0.8489713902609388,182.90179197020106,58.950811996275526,22.194132630924386
1593.625,非储层,1.4630602503898762,35.42377594152509,63.11316380808503,87.30123684315778,12.698763156842219,87.69230926359633,26.89425603420198,3.55977337357877,4.969746533744343,0.3910724204385591,12.307690736403664,2.2926762205945432,172.2275545208428,23.581933199635856,0.8788641776294157,0.8781915761895893,195.2104185202346,58.495999999554876,22.077995500837282
1593.75,非储层,1.4378626926808715,37.201085710511364,61.36105159680777,85.64916617282357,14.350833827176434,86.03383061484652,28.243615968561002,3.7383771453133976,5.21909259663696,0.38466444202296335,13.96616938515347,2.315767823104775,185.18551888021452,23.190327623130738,0.9055429164441824,0.9046403344116839,183.41788483716635,59.26030142993173,22.00112617327944
1593.875,非储层,1.4116443683985036,37.977209748743704,60.6111458828578,86.00150565291882,13.99849434708118,86.39608285514382,28.832860848411627,3.8163706853147397,5.327978215017333,0.3945772022249955,13.603917144856181,2.229864958156403,167.98133467833816,22.84820449133327,0.9275103623644321,0.9264215132041196,181.0354591141284,58.7228828599585,22.096867680953448
1594.0,非储层,1.41836779975397,38.12415872255725,60.45747347768879,85.34388611429672,14.65611388570328,85.72961827432181,28.944426688604057,3.831137745865249,5.348594288087937,0.3857321600250822,14.270381725678194,2.1348218418415366,179.84421915095137,22.47907093669866,0.9533004095893133,0.9520877823552069,164.20371437951647,58.3837972835515,22.065723097221642
1594.125,非储层,1.434756096353925,39.52969908805569,59.03554481559038,83.42943816170745,16.57056183829254,83.80712282684975,30.01153377844451,3.972382010080639,5.545783299530543,0.3776846651422881,16.192877173150254,2.3840405599526573,168.71953484428377,22.117265150204684,0.9786454622366225,0.9772954564814773,182.5274821414013,57.88727806333121,22.000492200316238
1594.25,非储层,1.4082768790408258,41.21036661827334,57.38135650268583,82.43273375059232,17.567266249407677,82.81313429424596,31.287521491912905,4.14127409921826,5.781571027142175,0.380400543653626,17.18686570575405,2.3837251030919435,164.57229845330474,21.817161850577673,0.9951699046156188,0.9937392108768528,178.40977982891516,58.86320237766057,22.083496012794836
1594.375,非储层,1.3726371107085324,41.27642862423605,57.35093426505542,84.87824607646624,15.121753923533765,85.26606519780526,31.337676746548293,4.147912741304848,5.790839136382909,0.3878191213390321,14.733934802194737,2.3001737553318686,169.24952858903552,21.54960818114991,1.0096570872187574,1.0081264163950898,190.02068169376062,56.961760505697086,22.08622245426445
1594.5,非储层,1.3651728421408431,41.0754964927051,57.559330665154064,84.46316969715781,15.536830302842187,84.84817689793435,31.185126092439262,4.127720855129274,5.762649545136561,0.38500720077652917,15.151823102065654,2.074326002272419,159.3524785322702,21.555755887591527,1.0032710307990542,1.0017333293080222,182.71309127180365,57.4038149164611,22.092891859276744
1594.625,非储层,1.3664506896839816,39.46067105867349,59.17287825164252,85.6061010748131,14.3938989251869,85.98219020447779,29.95912667484252,3.965445309108078,5.5360990747228955,0.37608912966467756,14.017809795522219,2.1228996408927028,147.47588856217132,21.619988806093012,0.9977310340703099,0.9961915033876301,177.72488427803557,57.915643445038846,21.961848138879354
1594.75,非储层,1.364414756809181,40.52684839546218,58.108736847728636,83.25647758305819,16.743522416941815,83.63339448577372,30.76858432048683,4.072586617287041,5.685677457688307,0.37691690271553857,16.366605514226272,2.1073943991406026,153.497387487537,21.604844941081353,1.0089273408044883,1.0073307558903175,174.073133996315,57.76885052069325,22.258992003665927
1594.875,非储层,1.4013231943984434,41.5015725070219,57.09710429857966,81.39579488025608,18.604205119743924,81.78051657185522,31.50860932127359,4.170537692424915,5.822425493323395,0.3847216915991403,18.219483428144777,2.2194234965805304,165.18217371623777,21.634687287355778,1.0129030434056918,1.0112329602864885,187.2086933383532,57.9555244393543,22.005663566001495
1595.0,非储层,1.3643195186421038,40.79518376124306,57.84049672011484,82.63256042730104,17.36743957269895,83.02796520758238,30.972308509637504,4.099551927023448,5.723323324582108,0.39540478028132975,16.972034792417624,2.358880914558367,160.09911270065615,21.612488115045945,1.0269265887081893,1.025060216516644,184.44256319089766,57.55705392912619,21.99597366111364
1595.125,非储层,1.3388494849753534,39.821388133485335,58.83976238153931,81.11175398959675,18.888246010403254,81.50786189893019,30.232988427522756,4.001694156222233,5.586705549740347,0.3961079093334455,18.49213810106981,2.327461340410563,177.15086722809656,21.717988660572978,1.0279010768236816,1.0259427095240727,191.06885358347037,57.814887459359646,21.79828974876786
1595.25,非储层,1.3299324740497447,39.45409783964142,59.21596968630883,81.27706227518524,18.72293772481476,81.66227740218798,29.95413618947164,3.9647847592523067,5.535176890917474,0.3852151270027517,18.33772259781201,2.3719229144812126,162.81571704891587,21.822113571564472,1.0221733482535602,1.0201722284136259,180.8695924696359,58.15153398932011,21.944096791660964
1595.375,非储层,1.301628080560904,40.43728809364042,58.26108382579868,81.60434793248326,18.395652067516732,81.97948104348282,30.70058881115234,4.063586606156634,5.6731126763314474,0.37513311099956465,18.020518956517172,2.3288304806189397,175.76734470747104,21.94908853235462,1.0176345630149626,1.015657384256536,172.26634346212356,57.533853069562554,22.268261224534648
1595.5,非储层,1.3342478215699571,39.45391444724636,59.21183773118368,82.15885653785398,17.841143462146025,82.53804255653318,29.953996955245575,3.964766329953128,5.535151162047659,0.37918601867921,17.461957443466815,2.1064885999658967,162.6505094822873,22.11738458836572,1.004190002639242,1.002387944800926,169.31094879536238,58.42401372277564,22.65933108685493
1595.625,非储层,1.3653023943932883,37.9396855358177,60.69501206978901,83.10220728761401,16.897792712385996,83.4708094540347,28.804371909469044,3.812599836767736,5.322713789580921,0.36860216642068727,16.52919054596531,2.1684736593910703,161.66962500189754,22.31572940545857,0.9944343631987829,0.9927619462278061,181.47968813789944,57.920268842774576,22.588729603023808
1595.75,非储层,1.3570724456272263,37.28571980514618,61.357207749226596,81.5775301841477,18.422469815852295,81.9376977627107,28.307871428342846,3.7468821165811503,5.230966260222182,0.36016757856298726,18.06230223728931,2.2723793153801783,155.24910737523143,22.59847135262204,0.9783398243035876,0.9768346122515291,187.31412426618735,58.53764426221024,22.620333925588668
1595.875,非储层,1.3494009475858808,37.32358400256768,61.327015049846445,82.74642402933759,17.253575970662418,83.0998588062256,28.336618488556425,3.7506871305360567,5.236278383475196,0.353434776888008,16.90014119377441,2.02307754921832,176.0897015043677,22.789739474902724,0.9668053874095747,0.9654687896486653,187.42921445462412,58.79344698537187,22.45377948073734
1596.0,非储层,1.3645009281087273,37.34192274858232,61.293576323308955,83.2355480757583,16.764451924241698,83.58120437366601,28.35054153649683,3.7525300108624093,5.238851201223083,0.3456562979077039,16.418795626333992,2.148249065960879,172.59199749893037,22.97837652421797,0.9611496066476086,0.9599366325465668,181.10033323413037,59.159466414491106,21.964648745379613
1596.125,非储层,1.4028188437239322,35.89450693372399,62.702674222552076,82.28708993526527,17.712910064734732,82.62401917516048,27.251641984483772,3.6070776376672193,5.035787311573,0.336929239895222,17.37598082483951,2.352663939801665,154.63583586522952,22.948733086038416,0.9656930218258022,0.9645470182765825,180.86320796840718,58.83485504109323,21.85732590169818
1596.25,非储层,1.4121868728510276,37.5962951674362,60.99151795971277,80.47287990630035,19.527120093699647,80.81619519115851,28.54366484926813,3.778092169032775,5.274538149135295,0.3433152848581601,19.183804808841487,1.995094822447181,166.39190181123737,22.788820987865932,0.9803705275638968,0.979246253380139,194.12404686656606,58.12661676207358,22.14200880810402
1596.375,非储层,1.4150526734208921,39.06882918248492,59.516118144094186,80.18379839515502,19.816201604844974,80.52249884131538,29.66163451137205,3.926068697201663,5.48112597391121,0.33870044616035855,19.477501158684618,2.308406551203501,172.62057051503288,22.7857181740888,0.9950094796070299,0.9938123223160877,197.01854559972782,57.345540134436355,22.137689305029614
1596.5,非储层,1.4023317419380692,37.46470124365271,61.132967014409225,78.33614898240837,21.66385101759163,78.67843650049522,28.443756790775986,3.764868153987555,5.256076298889168,0.3422875180868549,21.32156349950477,2.1803832922818107,180.39449267884035,22.675004127399493,1.0151725298816316,1.0138161475406096,201.97086342383128,58.3550490986309,22.053417294781863
1596.625,非储层,1.3615774940895171,37.236566135446935,61.40185637046355,77.14692614094831,22.853073859051687,77.47925610129249,28.270553233351603,3.741942611405364,5.224070290689968,0.33232996034418355,22.520743898707508,2.1088913780910725,176.63916206835233,22.666959942943407,1.0299269678370468,1.0284687873367768,172.9784852416665,58.264728108882416,22.851039330278706
1596.75,非储层,1.3728688582884923,37.81341585544469,60.81371528626682,75.92655942003962,24.07344057996038,76.25319969594166,28.708506095533387,3.79991086067371,5.3049988992375905,0.32664027590205125,23.746800304058336,2.2772604275443955,179.94382628945195,22.64212096222314,1.0405278964628113,1.0390034525186367,200.887686827472,58.4621744207961,22.61107709408601
1596.875,非储层,1.3898552161521978,39.42202276002621,59.188122023821585,77.2486457224738,22.751354277526204,77.57606548626282,29.929784313349995,3.9615614999770066,5.530676946699209,0.32741976378902554,22.423934513737176,2.202933977448277,176.07458612967017,22.469779575850364,1.0495891496761505,1.0480734904799491,172.0111976503507,57.481410758646035,22.90246180818872
1597.0,非储层,1.4038965439477307,39.334762980569316,59.261340475482946,78.01407783701906,21.98592216298094,78.34420389611498,29.86353539471197,3.952792670815266,5.518434915042079,0.3301260590959161,21.655796103885027,2.2268068101379432,163.15807936930474,22.14962556429859,1.0695393294110314,1.0679998648599613,192.77044411872816,57.619739918648825,22.704106048440238
1597.125,非储层,1.3855380299929472,40.71432697199629,57.900134998010756,75.83355109462676,24.16644890537324,76.15606702380062,30.910920836124216,4.091426541239933,5.711979594632146,0.32251592917386107,23.843932976199376,2.140517990643571,167.2111537785697,22.025224860963498,1.0722033440838057,1.0706726540646057,174.8199800698523,57.8414002459115,22.005845949672565
1597.25,非储层,1.3606228267913738,39.14312174905066,59.49625542415797,76.90018181097207,23.099818189027932,77.22372055393049,29.71803852967758,3.9335344371824066,5.491548782190669,0.3235387429584193,22.776279446069513,2.3787722507930185,161.72764800828062,22.011928607686425,1.0780346545230772,1.0764788491566921,189.40787929420503,58.273539221305946,21.88363719682829
1597.375,非储层,1.3766674460790267,39.6087860303427,59.01454652357827,75.72619308651967,24.273806913480335,76.04453932081697,30.071577757898876,3.9803295420381524,5.556878730405673,0.31834623429730025,23.955460679183037,2.259030643459401,168.6961390503717,21.96031290307418,1.0881723732800601,1.0865613203875824,176.6042016504084,58.031056830453025,22.345418132815922
1597.5,非储层,1.395018829318619,39.95072522347407,58.65425594720731,75.76630211661833,24.233697883381666,76.09026890862694,30.33118306432877,4.0146913796102215,5.604850779535078,0.32396679200861156,23.909731091373054,2.315539154925015,179.99811170965646,21.95635006118217,1.0931104254871982,1.0914376418945115,187.9375337750254,57.0086296659494,22.009473524802853
1597.625,非储层,1.3793070253633566,40.790948029423404,57.82974494521325,74.51597350591632,25.48402649408368,74.843417584596,30.969092679223543,4.099126273773661,5.722729076426199,0.32744407867967384,25.156582415404007,2.088358749719057,171.17311945384296,21.687278120222185,1.121358830585545,1.1195626730327943,170.8588676594157,58.17844715331058,22.07059777303878
1597.75,非储层,1.397336048681005,42.12222653912018,56.48043741219881,72.97894027482658,27.021059725173412,73.304320950061,31.979819066825982,4.232907884166045,5.909499588128151,0.3253806752344121,26.695679049939002,2.2770272663425013,184.02570068735452,21.301606393545104,1.1467845053055659,1.1449008771032438,187.71789437695264,55.81368812278842,22.019599079121903
1597.875,非储层,1.428557960385257,43.778117628626575,54.79332441098816,74.49683283368297,25.50316716631703,74.82970535394972,33.236996139068424,4.399310162107888,6.141811327450266,0.33287252026675773,25.170294646050273,2.245261528301996,168.94699528732266,21.039097956407463,1.1644909035946287,1.1625918238133486,181.49562817409142,58.40986437690184,22.41761903988123
1598.0,非储层,1.4522942485129173,42.780809318574306,55.76689643291277,74.76277836445045,25.237221635549545,75.08912544905068,32.4798248798594,4.299089576554465,6.001894862160446,0.32634708460022976,24.910874550949313,2.2112807887892294,160.09265051869207,20.939502910707272,1.1674928700216143,1.1656837941905605,176.87094146033354,57.06621408803741,21.938206724282146
1598.125,非储层,1.4765653497208158,41.79885286195609,56.72458178832309,75.17002777852262,24.82997222147737,75.50037319588041,31.73430897544757,4.2004117152769584,5.864132171231567,0.3303454173577763,24.49962680411959,2.1960203703929793,163.30563255662761,21.05156232643327,1.1474458158165644,1.145779548170063,160.9123274370906,57.082261631641416,22.157212404645744
1598.25,非储层,1.4485079811571966,40.79155642372733,57.75993559511547,76.8021458392719,23.197854160728106,77.13800834650262,30.969554581201646,4.099187411972123,5.722814430553557,0.33586250723072275,22.861991653497384,2.1380498493968996,154.51160445439044,21.35421949553335,1.1214954312441299,1.1199471883865673,185.14402034481205,56.826801396449774,22.142099361755935
1598.375,非储层,1.4499244496311718,40.43133051893014,58.11874503143869,77.09903962092538,22.90096037907462,77.43729977299324,30.69606573208066,4.0629879230614225,5.672276863788062,0.33826015206786014,22.56270022700676,2.1445700585159297,154.287523405823,21.64829234401301,1.0926860451507756,1.0912906014919956,177.18805231793004,56.77661436238172,21.981975942462608
1598.5,非储层,1.4744955290127033,39.49441742772213,59.031087043265174,78.61219625067109,21.387803749328917,78.94161721394086,29.98474741868747,3.968836518057474,5.540833490977186,0.32942096326977455,21.058382786059138,1.9241612847387752,156.69473103480203,21.93165625381404,1.0653723169015765,1.0641318942755962,184.54507246343434,57.61102506460585,21.86259550163618
1598.625,非储层,1.512114463886356,38.61876947780556,59.86911605830808,78.99622816317583,21.00377183682417,79.33215130062334,29.319942509133085,3.8808417130460793,5.417985255626395,0.33592313744750363,20.667848699376666,2.082377946161723,175.24197413392844,21.977180529990203,1.055271040526258,1.054151180552425,175.43455002631046,57.73571850602054,22.03853136980054
1598.75,非储层,1.4959604223257297,40.213385032552,58.29065454512228,79.13832135292336,20.861678647076644,79.47226108722774,30.53059828666128,4.041086346544529,5.641700399346186,0.3339397343043763,20.527738912772264,1.935318439114113,169.84921838128747,21.845726909571002,1.0571757632981038,1.0561635337850277,186.42057199350944,57.4581295064197,21.892779802896637
1598.875,非储层,1.4925965276953428,41.79205789386992,56.715345578434736,78.52933841340047,21.470661586599537,78.8549217613364,31.72915013490625,4.199728881620055,5.863178877343614,0.3255833479359367,21.145078238663608,2.3025024670114855,151.90959897334153,21.6657853530599,1.0656389255952168,1.064617753955645,192.1883769847202,58.31265464078402,22.027769166294714
1599.0,非储层,1.451470748635661,41.45044037401077,57.09808887735357,78.75812299496708,21.241877005032915,79.07849782066411,31.469789047595082,4.165399369341351,5.8152519570743335,0.32037482569702164,20.921502179335892,2.126056954863248,161.0945042730459,21.353704163519385,1.087028644587642,1.0859179492703774,184.87693639166068,59.74922314832892,22.024279509511363
1599.125,非储层,1.4181086498665265,42.09280112527107,56.4890902248624,77.24350921065907,22.756490789340933,77.55427980233465,31.957478856248866,4.229950892655611,5.905371376366595,0.3107705916755792,22.445720197665352,2.1670856532021805,175.66535922628438,21.206158360382474,1.1023395001239293,1.1011977964947743,169.31075974723706,56.964274162557125,22.064755928189385
1599.25,非储层,1.445151908152729,41.896243728216966,56.6586043636303,76.84080862599734,23.159191374002663,77.14594533904972,31.80824956543256,4.210198628256464,5.877795534527939,0.3051367130523751,22.854054660950286,1.950323149946544,160.1781044365604,21.258137278378108,1.1116931249516393,1.1104886780797223,184.02053890689425,56.728957415891855,22.14754748476366
1599.375,非储层,1.45779636761938,41.33583692527636,57.20636670710426,75.08390922071074,24.91609077928927,75.3917632983112,31.382780409731247,4.153882745421911,5.7991737701232,0.30785407760047656,24.60823670168879,2.134863996613424,174.89754511960217,21.41082671283061,1.1119159804180132,1.110685287543009,180.13627503893449,56.939147046277284,21.979867971145115
1599.5,非储层,1.431317650977666,39.86872563077777,58.699956718244565,76.4070646931333,23.592935306866714,76.7159004689189,30.26892775748867,4.006451152277979,5.593346721011122,0.30883577578562627,23.284099531081093,2.122422146088074,158.87377370743351,21.567027473945505,1.1121719901704936,1.1109596288086687,179.0176615436013,58.351579000605895,21.983086115358823
1599.625,非储层,1.4631218445700689,40.436192070302766,58.100686085127165,74.86400982647297,25.135990173527034,75.16826202955502,30.699756693980223,4.0634764655917035,5.672958910730841,0.3042522030820568,24.831737970444976,2.009278466203718,168.90196878280648,21.755973848306752,1.1131056258118293,1.1118195773021433,186.90995581327363,57.61541058122625,21.894056617343228
1599.75,非储层,1.4247576656979732,39.93745511777257,58.63778721652946,73.81949403719916,26.180505962800837,74.1224854486888,30.321108203282726,4.013357852404687,5.602989062085156,0.3029914114896477,25.877514551311187,2.264491600472592,173.21040682659702,21.725635923533808,1.114594989466259,1.1133002417722666,193.79933433459192,58.654579632414055,22.12652986288729
1599.875,非储层,1.4221173118814645,41.68284237031617,56.89504031780236,75.11647495905201,24.883525040947983,75.4162830880085,31.646232089743236,4.188753696101441,5.847856584471498,0.29980812895648035,24.583716911991505,2.3090475503127577,161.4200353396591,21.60931230283443,1.1231915453818782,1.1218319226383158,180.48106190645808,57.765244225046516,22.037704663159673
1600.0,非储层,1.3938687995463488,41.165322145224025,57.44080905522962,75.6530848714395,24.346915128560497,75.96084883453872,31.253323059958227,4.136747531636856,5.775251553628943,0.3077639630992318,24.03915116546127,2.068308316432636,164.49917035943267,21.472569591730142,1.1267599602076348,1.1252955142100494,173.1570304822762,57.06115020937086,21.965207626388597
1600.125,非储层,1.3539831237629234,41.951420940461794,56.69459593577528,75.8625283632054,24.137471636794604,76.1706751933632,31.850140923254365,4.215743445706238,5.885536571501188,0.30814683015779587,23.82932480663681,2.2790812006243364,157.3141377648816,21.158447407415345,1.1360249131987146,1.1345250596010406,173.22297469810053,56.009161127318166,22.109420521927262
1600.25,非储层,1.3795445048269341,43.30893754215849,55.31151795301458,75.91114766527733,24.088852334722677,76.2184804644799,32.88078765941761,4.352161750205681,6.075988132535197,0.3073327992025706,23.7815195355201,2.2761552754827825,150.39074145353928,20.98050639134319,1.144220428565934,1.142648661442375,173.97008667851657,55.30555140322593,22.091664073258517
1600.375,非储层,1.3509793790574847,43.6355342945313,55.01348632641122,75.56760598557625,24.432394014423753,75.86673576447708,33.12874475729313,4.384981809391726,6.121807727846445,0.29912977890084214,24.133264235522912,2.2393442917471003,167.55084262968575,20.608078332644933,1.170120679008289,1.1685044147833692,181.23788482889375,56.65889134962683,22.07045404049213
1600.5,非储层,1.3762178629215842,45.23003293778301,53.393749199295414,74.42411574514266,25.57588425485734,74.71864721228845,34.33931177388071,4.54521469432823,6.345506469574065,0.29453146714578204,25.281352787711555,2.323019440431724,164.3179593306314,20.37077077223039,1.1832103319322131,1.1816018933849814,168.00542257021965,56.010331574615876,22.11574298024347
1600.625,非储层,1.364566170833465,44.50909129988141,54.12634252928512,75.9497262446853,24.0502737553147,76.25173244111278,33.79196219072366,4.472766493133,6.244362616024747,0.3020061964274838,23.748267558887214,2.0817322736580515,152.59029487359174,20.12249958738223,1.2024395455734016,1.2007786000919491,175.42022429570298,55.330678686300104,22.012476535667318
1600.75,非储层,1.3328844874965335,46.04501276032994,52.622102752173525,74.77078403445783,25.229215965542174,75.06408916655327,34.958056541419516,4.627112893918683,6.459843324991738,0.2933051320954413,24.935910833446727,1.960674567300548,162.4023542201798,19.840150320608043,1.2251062255559957,1.2233763845466754,170.59390540457503,56.39533976325768,22.29015018931882
1600.875,非储层,1.3478121147319495,46.720306257411934,51.931881627856114,74.21122168156191,25.788778318438087,74.5090862721065,35.470749379098216,4.694973864308502,6.554583014005219,0.29786459054459913,25.490913727893492,1.9754809568421408,153.2557861958416,19.569906999962136,1.2449589579039237,1.2431401394225239,164.05907293954294,55.86464174546035,21.897646955937603
1601.0,非储层,1.356956568983423,48.173504777767064,50.469538653249515,73.90883916012557,26.091160839874426,74.20967116849503,36.57403924688275,4.841007347803416,6.758458183080895,0.30083200836946133,25.790328831504972,2.0181815137747234,158.3468693595952,19.314680614869538,1.2762603085862154,1.274295077601674,157.06061396077416,55.432768813730746,21.99343732314838
1601.125,非储层,1.326823500921519,47.371778713110444,51.30139778596804,72.25079001710945,27.749209982890545,72.54450547306014,35.9653569288893,4.7604410326093545,6.645980751611794,0.29371545595068455,27.455494526939862,2.193788497868747,148.26221421425933,19.072965246446678,1.3031238822378208,1.301055227770674,176.89862390648688,55.38159615108632,21.907459209477796
1601.25,非储层,1.347581800617518,48.705372980433204,49.947045218949285,72.3130186410306,27.686981358969398,72.60941661212415,36.97784147402439,4.894455355978193,6.833076150430623,0.2963979710935489,27.390583387875843,2.015043784722211,134.4554788844335,18.76294150877801,1.338402638567189,1.336161216751329,151.04693435160868,55.20816439060247,23.149321305793542
1601.375,非储层,1.3150939525328815,50.154564798073295,48.53034124939382,71.24368110392663,28.756318896073363,71.54186833299676,38.078089393687726,5.0400862016045656,7.036389202781007,0.298187229070118,28.45813166700325,2.1148119719695138,152.03358262791795,18.713199158978508,1.3587759402956594,1.3563519216348698,165.96071797417324,54.93676060754795,22.97968792364371
1601.5,非储层,1.3047717761151034,48.820349084269935,49.87487913961496,70.17107822732889,29.828921772671112,70.4701142573948,37.06513303716843,4.906009428409982,6.849206618691525,0.2990360300659101,29.5298857426052,2.128410940014612,140.8939624740707,18.723064286908333,1.3743260968601194,1.3717174637641514,167.7944729454576,54.776244800151005,23.146816601373512
1601.625,非储层,1.2852055372546567,47.36210367601109,51.35269078673426,68.69635524803837,31.303644751961635,68.99396713177362,35.95801149724136,4.759468777717286,6.644623401052445,0.297611883735247,31.006032868226384,2.229811958061737,149.68905890075825,18.928006527945094,1.3732841241384761,1.3705557282986796,157.86783083124553,56.24519569825343,23.19982432758203
1601.75,非储层,1.2817217456692473,46.58670209455293,52.131576159777815,69.33521719388581,30.66478280611419,69.62638622176564,35.369315117287826,4.681547838174815,6.535839139090294,0.29116902787982996,30.373613778234354,2.1184801894087597,155.79951419522067,19.315474216050262,1.3462128174180192,1.3435061263105255,166.9577879739749,56.696388110499186,22.05403219497502
1601.875,非储层,1.2795968507026827,45.98704474924856,52.73335840004876,71.05564999248935,28.944350007510643,71.35175131073291,34.91404636773308,4.621287626089883,6.451710755425598,0.29610131824354946,28.6482486892671,2.1611056396907196,161.46111882963447,19.58314814830371,1.3232634261618645,1.3206389311166868,164.19441626073993,55.14105728944312,21.863607775024565
1602.0,非储层,1.2677872075721033,45.92547790856001,52.80673488386789,71.0542594234449,28.945740576555103,71.34240515138212,34.86730390923774,4.615100708000172,6.443073291322096,0.28814572793723103,28.657594848617872,2.3438229920641724,160.76228462298286,19.761415068637856,1.2933752274045496,1.2909783725908273,159.08678556203827,56.565556543589246,21.99713363919555
1602.125,非储层,1.292372490508609,45.34610114944564,53.36152636004575,72.68482456597228,27.315175434027715,72.96899295908116,34.427432481482285,4.556878513850959,6.361790154112396,0.28416839310889097,27.03100704091883,2.211960304258859,147.8285842664644,19.771884636314056,1.2782661845464935,1.2760658989941391,179.80204818269968,55.551113877250515,22.079614635017023
1602.25,非储层,1.3182188710285287,46.38581988902742,52.295961239944056,72.58365009451978,27.41634990548022,72.8628232512707,35.21680236774253,4.661360969117267,6.507656552167617,0.27917315675091803,27.137176748729296,2.3422422481399576,147.21945629478455,19.759535006550657,1.273756961484792,1.2716537340719534,173.2982191455279,56.32769546189743,22.092851802755163
1602.375,非储层,1.29033460911343,46.08904632559126,52.6206190652953,72.29047651414896,27.70952348585104,72.57503050019847,34.99148747718965,4.631537874288359,6.466020974113254,0.2845539860495046,27.424969499801534,1.9872334782339178,142.01318698533407,19.600914333737716,1.2885419910785985,1.2864193160380957,180.7953089282428,54.757205876403546,21.92297031935708
1602.5,非储层,1.3196501685620965,47.633592451655545,51.046757379782356,70.21598875639935,29.78401124360065,70.50820069984415,36.16412980192595,4.786750977005131,6.682711672724465,0.2922119434448138,29.49179930015584,2.345859436641824,141.58102224967408,19.32649403014504,1.3182709933981585,1.3159614981419188,167.6984755993397,56.0821668962178,22.061036809559837
1602.625,非储层,1.2977787106222287,48.36334089791444,50.33888039146333,70.20517935264645,29.794820647353546,70.50594663570016,36.718165644594016,4.860084183851602,6.785091069468821,0.3007672830537013,29.494053364299845,2.102932092531742,146.27353460502704,19.283253248163263,1.323007079980679,1.3205405940803185,172.6602565940821,54.71701643658645,21.917320706672484
1602.75,非储层,1.280169744173236,46.88158792853876,51.83824232728801,72.140178444701,27.859821555299014,72.44376692779238,35.593196815646735,4.711181233039358,6.577209879852669,0.3035884830913976,27.556233072207615,2.0923790889953815,138.4404418231814,19.225670970148197,1.320657862753146,1.3181667816425109,158.68100492621943,54.95262733137915,22.00294600813715
1602.875,非储层,1.2946981650136258,46.67749296828594,52.02780886670043,73.74882172932791,26.25117827067208,74.05011396976626,35.43824489506688,4.690671510801138,6.548576562417921,0.30129224043833575,25.94988603023375,2.3335759946481835,163.93503246231762,19.372590901629405,1.30076448564211,1.2982559058180148,176.7085918504368,55.82502232519582,21.851672000890755
1603.0,非储层,1.258877923446582,46.02737757970481,52.71374449684861,72.41403857714008,27.585961422859917,72.71970556349831,34.9446676507568,4.625340715635623,6.457369213312386,0.305666986358222,27.280294436501695,2.392239502100126,156.7259637822192,19.5881927138765,1.2724608110626177,1.270036415921043,186.0220874881332,55.790271703927104,22.11264856103846
1603.125,非储层,1.2419104126403826,45.9961300206853,52.76195956667432,73.22961687440933,26.77038312559067,73.53028238875252,34.92094404054365,4.622200614795706,6.452985365345937,0.3006655143431858,26.46971761124748,2.185888656330171,162.36292368901857,19.736003725142865,1.2598634587338653,1.2575003793681885,157.02310422675114,56.37817328058889,22.048864869143674
1603.25,非储层,1.2737614969041988,45.27224701462067,53.453991488475125,72.83335687030362,27.16664312969638,73.13103330240055,34.37136132705634,4.5494568323477615,6.3514288552165645,0.2976764320969311,26.86896669759945,2.121953807100633,157.21159380264868,19.94076947392322,1.2552128354196308,1.252788820521527,158.32788249875466,55.50282828669462,21.94448426259219
1603.375,非储层,1.2442222612823137,44.53299154418633,54.22278619453136,71.70729526993048,28.292704730069516,72.0028074625182,33.81010761064382,4.475168254408792,6.2477156791337185,0.2955121925877265,27.997192537481798,2.310648078443534,154.7573668319537,19.983484120880313,1.2478110463356453,1.2454217863020522,173.68437719075436,56.88715372682237,22.078428212839757
1603.5,非储层,1.2392649022568871,45.55252786874916,53.208207228993956,73.5299942536387,26.47000574636129,73.83313578215942,34.58415470811373,4.577622557066028,6.390750603569403,0.303141528520717,26.16686421784058,2.140612023270996,152.01474266674253,19.885245543646487,1.2557905968209764,1.2533742026629904,169.51097255640988,56.66353888818276,21.989191905698846
1603.625,非储层,1.2581459943584674,47.057041055474045,51.68481295016748,72.87651389991761,27.123486100082395,73.1813120632162,35.72640343160964,4.7288127066181875,6.601824917246216,0.30479816329859505,26.818687936783803,2.021170018502384,150.42720962732346,19.799027411963436,1.2542647855320557,1.2517963387829856,184.63163083886698,56.21165328349177,22.15028757154569
1603.75,非储层,1.2228453918406414,46.19557397592976,52.581580632229596,74.53329995266982,25.466700047330182,74.84318932119032,35.072364849146126,4.642242952534417,6.480966174249217,0.3098893685205099,25.15681067880967,2.28371147683065,161.00973132470526,19.606589705537782,1.2525465955050703,1.2501301746778264,165.43822415942236,55.253331210229355,21.950064450644046
1603.875,非储层,1.2495965343076438,46.53978128719679,52.21062217849557,75.10287308767704,24.897126912322964,75.40682289381529,35.333692144501114,4.676832715739281,6.5292564269563975,0.30394980613824774,24.593177106184715,2.2085866692216554,155.86273321242186,19.579331811318397,1.246707202160501,1.2443410085617017,179.7660060494724,55.55026003863888,22.013197952489122
1604.0,非储层,1.228032372375934,45.81441199725867,52.957555630365405,75.42030470509299,24.57969529490701,75.72176718712666,34.78298102225525,4.603939575025093,6.427491399978321,0.30146248203367776,24.278232812873334,1.9337217946253338,140.64999812080126,19.665604350897492,1.2310946899327646,1.2287868694700605,167.22210433867758,56.745881604420966,21.991663142497348
1604.125,非储层,1.2043459027205312,46.10350195899879,52.692152138280676,75.29888358816932,24.701116411830682,75.59879708519605,35.00246240845165,4.632990536449142,6.468049014098002,0.29991349702673625,24.401202914803942,2.096414496793742,149.64858460476404,19.64029272371853,1.2334789529130226,1.231140730763678,172.0187635817238,55.613268132340124,21.958366304392694
1604.25,非储层,1.1919642704294247,46.48996272244147,52.31807300712911,74.3351884235395,25.66481157646049,74.64332842018638,35.295869151322805,4.671826394543635,6.522267176575028,0.3081399966468637,25.35667157981363,2.2089281433606107,151.97714694411454,19.705384368476732,1.2304225804870241,1.2280770781399086,179.78127499716553,55.419077906254216,22.179103434141354
1604.375,非储层,1.2225348204412896,45.85680671504202,52.92065846451669,74.82456374694651,25.175436253053483,75.12404168847094,34.815167720715785,4.608199865847695,6.433439128478541,0.2994779415244317,24.875958311529057,1.8633723260830792,158.56529921702,19.756923596350653,1.229956517601713,1.2276099202226753,170.58569495499532,56.515095471823145,21.93577181789098
1604.5,非储层,1.2295516686785202,45.270701624583545,53.49974670673794,74.72569142826165,25.274308571738345,75.02414542189211,34.370188044021816,4.549301534439514,6.351212046122212,0.2984539936304628,24.97585457810788,2.1568050696255883,161.0267147719862,19.725773257017106,1.2402138788698616,1.2377917801713585,174.2832189326695,56.706729532626554,21.830676520572585
1604.625,非储层,1.218665265735191,46.47357280030777,52.30776193395704,73.26371034180946,26.73628965819055,73.56896130127043,35.28342567937414,4.670179353626741,6.519967767306889,0.3052509594609904,26.43103869872956,2.13489954664015,160.19826839222497,19.69684711325182,1.2538285940456357,1.2513711992074192,155.96632206519376,56.284396090605725,21.85577497668307
1604.75,非储层,1.2433044816372525,46.83211188294385,51.9245836354189,71.58286993739121,28.4171300626088,71.8873901923177,35.55563386809462,4.70620933196282,6.570268682886414,0.3045202549265026,28.112609807682297,2.2206676239620036,154.24721060650998,19.6828959542259,1.2699237090460125,1.2673565777480633,166.50532397774228,56.188174023117604,22.044367685373512
1604.875,非储层,1.24748467190832,46.06964835836042,52.682866969731265,71.18389500291022,28.816104997089788,71.48651335541449,34.97676025279352,4.629588551681872,6.463299553885029,0.3026183525042816,28.513486644585505,1.893983934585701,144.01657877459945,19.59966191572465,1.2811264928365191,1.278511335037654,182.3667822352857,57.243466324283645,21.944229550048984
1605.0,非储层,1.250317641014213,46.18971988634614,52.559962472639654,73.25984531083245,26.74015468916755,73.5610026144445,35.0679203375173,4.641654668770972,6.480144880057864,0.30115730361205695,26.438997385555496,1.8352665408931939,144.61687521616273,19.61080108058532,1.2719227671719235,1.269423902348512,172.53357142918756,54.251186180090684,21.92562503303524
1605.125,非储层,1.2292212549810702,46.30486802688449,52.46591071813443,75.35971794322133,24.640282056778673,75.65450748186345,35.15534251347655,4.653226029356083,6.496299484051865,0.29478953864211627,24.34549251813656,2.2555351478189998,155.00184088689522,19.60340382550354,1.2616273131188758,1.2592053345155292,165.3590531616028,55.447204975709475,22.062040494163693
1605.25,非储层,1.2289901965211754,46.867291895718296,51.90371790776053,74.11459351928319,25.88540648071681,74.4174838931785,35.582343055517335,4.7097446093133595,6.575204230887604,0.30289037389531054,25.582516106821494,2.1385280971370033,133.71591002034094,19.468766228275136,1.2509508217700929,1.2486363679822556,172.9314307639975,56.2652244581102,22.05519036224826
1605.375,非储层,1.2222564579665414,47.44204534860468,51.33569819342878,75.86385483064795,24.13614516935205,76.16694716521926,36.018704400620244,4.767502202443317,6.655838745541118,0.3030923345713098,23.833052834780744,2.0819290112974578,147.11075238895904,19.33828796845947,1.2466594893650833,1.244363665625456,170.31368932437775,56.31253486126884,22.0005495701323
1605.5,非储层,1.2288660345007365,47.54644735304214,51.22468661245711,76.41946384382298,23.58053615617701,76.73156856919975,36.09796795068503,4.777993672244793,6.670485730112316,0.31210472537675876,23.268431430800252,2.2044371222408117,169.46854404936784,19.831454622980527,1.112019279865542,1.1421881176406115,153.84992089359557,56.81258845523624,22.108854597616734
1605.625,水层,13.715193591717014,30.023423384561156,56.261383023721834,92.69113720338889,7.308862796611115,94.01908726991073,25.786931791277585,4.20646816989901,0.0300234233845606,1.32795006652184,5.980912730089272,2.157100013916641,194.65641884091187,20.445305331779224,0.9663146975296284,1.0276983990688975,160.7981305900267,56.76790848799165,21.949088632815602
1605.75,水层,13.43841589121191,29.312342450825092,57.249241657963005,93.2936407188951,6.7063592811048895,94.64377628146663,25.1761887956684,4.10684131270587,0.029312342450823342,1.3501355625715172,5.3562237185333705,2.190816656411459,208.88999207495297,20.93238811639947,0.8234757450986959,0.9165402949588245,166.70401236583038,55.648272760365955,21.92856066419958
1605.875,水层,13.438692457585324,30.672412620747856,55.88889492166682,95.56041903551645,4.439580964483558,96.87880445551154,26.34434461367497,4.297395594452142,0.030672412620746936,1.3183854199951,3.121195544488453,2.065621014428019,243.68094728345886,21.476434663337344,0.6751507092356861,0.7997167566828306,175.7899908939774,57.03132026024789,21.98482792363223
1606.0,水层,13.576481326648674,29.617577607745694,56.80594106560564,97.0753447796028,2.9246552203971987,98.42440864351958,25.438353375336515,4.149606654801432,0.029617577607746887,1.3490638639167734,1.5755913564804214,2.091680181676923,240.99074583461015,21.31397354939895,0.6648496701921371,0.7879011041722358,176.35976683533292,57.584800817766926,21.91270944282862
1606.125,水层,13.367146986763876,30.420041258244414,56.21281175499171,98.61124983539536,1.3887501646046463,99.99,26.12758441855696,4.262036798429211,0.030420041258241715,1.3787501646046432,0.009999999999998899,2.15425010653266,231.12215630242042,21.163051551849275,0.6595397044515408,0.7830205146842395,195.15184700715008,55.97325149828206,21.94342486388384
1606.25,水层,13.551934549839945,29.940970396276466,56.507095053883596,96.55009659267587,3.4499034073241286,97.89166960860763,25.716113431970243,4.194915993909946,0.029940970396276356,1.341573015931766,2.1083303913923657,2.155076593699911,228.77971743649186,21.187597446117557,0.6469764694940483,0.7710900406869725,183.98145203003497,56.47219825871474,22.156452369358686
1606.375,水层,13.929895961036443,29.095835098209598,56.97426894075396,98.54379853390856,1.4562014660914446,99.86954546840718,24.99023197579832,4.076507287313067,0.029095835098210537,1.32574693449863,0.13045453159281628,1.9872697569535682,231.65829867173522,21.19566473276044,0.6471781711319405,0.7724882780858374,165.68483566929928,57.31566556680768,21.98414902248768
1606.5,水层,13.922026808356994,29.4636659626205,56.61430722902251,96.23613970047823,3.7638602995217707,97.54537685074287,25.3061596196848,4.128042676973079,0.02946366596262226,1.3092371502646432,2.454623149257129,1.949782387550792,218.91284324567889,21.372599422252975,0.636987713639016,0.7635542218720417,185.65317839418677,56.76882090482853,22.057705010802138
1606.625,水层,14.091630889999735,27.802515577044375,58.105853532955884,98.66270078114722,1.3372992188527832,99.99,23.879407875247374,3.895305186219955,0.02780251557704394,1.327299218852787,0.009999999999998899,2.0873467469553786,233.59950982441447,21.569925619290252,0.6230718923413138,0.7511902088839416,167.0968989501585,57.19374156892274,21.92914945592186
1606.75,水层,14.5001400041364,26.73308478401183,58.76677521185177,97.23006696488632,2.769933035113681,98.5556041043017,22.960880412133253,3.7454712870945635,0.02673308478401276,1.3255371394153626,1.4443958956983138,2.024625357996275,252.59782560961588,21.840748882292374,0.6141730611868705,0.7414910451016505,178.3662711000528,58.304504175109024,22.20663553852015
1606.875,水层,14.070546420044181,26.078778270559866,59.85067530939595,98.37001805116876,1.6299819488312495,99.71081540108592,22.398900613332202,3.6537988789571028,0.026078778270559322,1.3407973499171646,0.2891845989140829,2.0030023727683943,245.73076593291717,22.106936260182515,0.6011766854337615,0.7265018583186683,187.60898835509516,57.501229853552644,21.92850819689041
1607.0,水层,13.759533625090677,26.18902069089205,60.05144568401727,98.11327878732719,1.886721212672815,99.4414615034578,22.493587143152556,3.6692445270486,0.026189020690893516,1.3281827161306148,0.5585384965422047,2.0637011179341145,240.8322815123661,22.19961265796964,0.5990878240639163,0.7236266768837425,185.87011896512448,58.8406455705999,21.96032108043156
1607.125,水层,13.959467206395464,26.929166253979908,59.11136653962462,98.63816328772123,1.3618367122787745,99.99,23.129293568315852,3.772943519410079,0.02692916625397848,1.3518367122787769,0.009999999999998899,2.1882626369226608,208.70982563092522,22.257248265737125,0.5987381748727171,0.7208262868553516,185.89725237356595,57.8747929314288,21.750307434516962
1607.25,水层,13.766910527001427,26.49945878864758,59.73363068435099,98.20175376777311,1.7982462322268855,99.58495896298253,22.76022049637477,3.712738833484159,0.026499458788647318,1.3832051952094162,0.41504103701747175,2.0061934278309557,244.42253980340178,22.13922137232567,0.6073601199973997,0.7282161687208839,176.22544048481362,58.195451805754914,22.006900188313917
1607.375,水层,13.402819517220582,28.106998859868092,58.49018162291133,97.98322827262137,2.016771727378619,99.326368076511,24.14092667492553,3.937965186082694,0.028106998859868393,1.3431398038896252,0.6736319234889931,2.1163997599735884,229.6890714202595,21.923090262156183,0.6125153923118347,0.734191831586983,173.78708532281263,56.94788451136755,22.019420237309767
1607.5,水层,13.785191393361352,28.342133132997105,57.87267547364154,98.65291049962262,1.3470895003773853,99.99,24.34288204108432,3.9709089587797854,0.028342133132998326,1.337089500377381,0.009999999999998899,2.3388357678386185,245.74554511122494,21.79622244860778,0.6195730253958465,0.7406068212884876,187.09855928796483,57.23843525203555,22.132927901921196
1607.625,水层,13.483475395576718,28.795941017855263,57.72058358656802,98.56173349806467,1.4382665019353258,99.87579137821893,24.732654813605627,4.034490263231785,0.028795941017854126,1.3140578801542586,0.1242086217810634,2.1332864427567757,219.29416009616236,21.479508044487908,0.6317999055760664,0.752924792301436,171.32394017097204,57.405026724891975,22.135766561990728
1607.75,水层,13.293654338570645,30.310164810557115,56.396180850872234,98.49741700557207,1.5025829944279256,99.83294224180524,26.033212220367286,4.246642425379273,0.030310164810558315,1.3355252362331669,0.1670577581947552,2.269836671984192,228.41690433438302,21.40606296011851,0.6320442032885846,0.7534921122987792,191.5767110879323,57.06298214616224,21.865608843223825
1607.875,水层,13.44724162284095,28.672110837164688,57.88064753999437,98.65587744070578,1.3441225592942252,99.99,24.626297840842433,4.017140885485088,0.02867211083716556,1.3341225592942283,0.009999999999998899,1.962240326345326,227.57008302374078,21.41400705080445,0.6326060564722247,0.7536793021976091,168.52087291974,57.57632794707461,22.060054844370885
1608.0,水层,13.651243975145489,28.391029729904783,57.95772629494973,98.64595725725053,1.3540427427494728,99.97434257161899,24.38487902434414,3.9777596758307365,0.02839102972990379,1.3283853143684614,0.025657428381009595,2.027765900097035,248.20913485073004,21.42082657350726,0.6338937954739203,0.7556470894315254,178.41109117633724,58.08904872845431,21.91669036619085
1608.125,水层,13.695044417768521,28.791316219045036,57.51363936318644,97.57824423818234,2.4217557618176677,98.9197059051881,24.7286826026442,4.033842300181795,0.028791316219045626,1.3414616670057622,1.0802940948119066,2.020656464197889,223.5704607920449,21.526546836674452,0.6345982401443007,0.7560341055573917,182.32590240292745,56.70140698536482,22.163459433254953
1608.25,水层,13.28940829980048,29.56836899299239,57.14222270720713,97.01572860810532,2.9842713918946773,98.39603903779721,25.396088401887845,4.1427122221115535,0.029568368992990285,1.3803104296918842,1.6039609622027884,2.0143287969335093,240.64847241956528,21.664197917960312,0.6396788363687637,0.7610786719622892,184.93071944527333,58.4707570713944,22.03251759721832
1608.375,水层,13.434510054138823,28.125777215638102,58.43971273022307,95.31252643352374,4.687473566476264,96.65887210358215,24.15705528801509,3.9405961504073757,0.028125777215638748,1.3463456700584207,3.3411278964178392,1.820193293711226,222.94761152538499,21.857170548634503,0.6423231806768337,0.7621880287576546,186.61245577450418,58.26474398034789,21.853620381927456
1608.5,水层,13.226807234484033,27.34482803681326,59.4283647287027,96.35637670531547,3.643623294684528,97.68827367702143,23.486302890832896,3.831180317943556,0.027344828036812013,1.3318969717059643,2.311726322978569,2.1585502512904378,237.28043219936637,22.003830770047355,0.6380580347889625,0.7555644986971956,192.00461520981423,57.58000668848658,21.987071314811942
1608.625,水层,13.102001812623485,27.475542491054227,59.42245569632229,98.66975422813152,1.3302457718684768,99.99,23.59857272337235,3.849494225190825,0.027475542491053884,1.3202457718684786,0.009999999999998899,2.1345100526768093,248.83839535746682,22.200543966115546,0.6284867075177913,0.744807412048847,173.9440351424111,57.501522793584726,21.868837991520877
1608.75,水层,13.161903285248133,27.195654311635707,59.642442403116156,98.43986210638923,1.560137893610769,99.73287617495706,23.358178505184636,3.810280152139436,0.027195654311635425,1.293014068567825,0.2671238250429475,1.9109274346952756,238.48548301070005,22.090168066637318,0.6239172438907845,0.7397201135480843,182.67183854024668,57.29265337593995,22.13840559055632
1608.875,水层,13.226300908197008,28.615792132506744,58.15790695929625,98.64787068414954,1.3521293158504588,99.90426646590316,24.577926055353966,4.009250285020272,0.028615792132507395,1.2563957817536144,0.09573353409684238,1.9916628651764279,233.63537838950066,22.069141562965992,0.6161606087864233,0.7328076989064214,176.38486791863656,56.18146791151885,22.183654555619388
1609.0,水层,13.595330928912903,26.599049465230586,59.80561960585652,98.67524049062237,1.3247595093776265,99.93037664405244,22.845758309674697,3.726692106090658,0.026599049465229896,1.2551361534300682,0.06962335594755675,2.0681162870711556,249.32449044675423,22.209160530326372,0.606774956701366,0.7252985322364522,185.4397996628132,57.57760341579697,22.282358913847226
1609.125,水层,13.96901568578262,25.11846318229812,60.91252113191926,98.72724031533276,1.272759684667235,99.99,21.574091951043734,3.5192527680720924,0.025118463182297046,1.2627596846672327,0.009999999999998899,2.2779854474717274,232.26623843110437,22.282265884138425,0.5968374385440058,0.7182142068669181,179.61657219633733,58.31621660720273,22.08316685445265
1609.25,水层,14.38681762804507,25.143390146228782,60.46979222572615,98.70014772336012,1.299852276639879,99.99,21.595501565477445,3.522745190605109,0.025143390146228906,1.289852276639876,0.009999999999998899,2.209183177653956,239.3626262236721,22.433639550235057,0.591660663060539,0.7149527724361885,182.68596768914256,57.33405905771103,21.957008694084102
1609.375,水层,14.078200244969445,26.634043023927635,59.287756731102924,96.98971575735607,3.0102842426439347,98.27895861520354,22.875814059803407,3.7315949211002986,0.02663404302392855,1.2892428578474704,1.7210413847964623,1.9331761151627598,237.54622908574183,22.41637619396757,0.5976107735263173,0.7219497175938537,178.4834165351843,58.524931666159084,22.02247128213698
1609.5,水层,13.834198690124811,27.251089239178427,58.914712070696766,96.21482300773096,3.785176992269046,97.52203246811814,23.405791220000282,3.818046929938965,0.0272510892391796,1.307209460387192,2.477967531881853,2.198023700334785,219.2310682908779,22.232001139389247,0.6154191910675413,0.7396042757499903,188.76126456671633,57.1807909417081,22.180237350474034
1609.625,水层,13.436487867908117,28.52321658894901,58.040295543142875,95.5109362926355,4.489063707364494,96.7889704762381,24.498413496220174,3.9962798761398854,0.028523216588949296,1.2780341836025908,3.211029523761899,2.009304596032516,242.72474284178102,22.149271213159945,0.6286274808879114,0.7498379333095362,191.8163068704182,56.903842526035035,22.078322822449184
1609.75,水层,13.066020880844018,27.628898524714618,59.305080594441364,97.55134063316426,2.448659366835748,98.85972654423082,23.730289267789296,3.870980358400608,0.02762889852471473,1.308385911066581,1.1402734557691696,1.721204900923877,236.60627563034203,22.082418542499113,0.6432307700749647,0.7624313459259882,184.4961324127174,56.945578984275016,22.015825939883904
1609.875,水层,13.090205415512383,28.90835396817121,58.001440616316415,94.64987261069918,5.350127389300818,95.92504273577572,24.829205598142213,4.050240016060824,0.028908353968171152,1.275170125076526,4.074957264224288,2.223886826825844,220.4919228908533,21.984273301338234,0.6499293715017197,0.7677780195934414,180.95281902433928,56.87320898240707,22.004502961824496
1610.0,水层,13.163848158004626,28.89809348830311,57.93805835369227,96.36738925104711,3.6326107489528914,97.61213263401196,24.820392935738084,4.048802459076725,0.028898093488302634,1.244743382964844,2.38786736598805,2.0643303226537015,230.5209044130237,22.03533666099902,0.6441455237325427,0.7614964651590557,186.23092316888037,57.75184154425406,22.199157612894723
1610.125,水层,13.419179178248639,27.580808191769922,59.000012629981434,96.98016663139425,3.019833368605751,98.25051362513588,23.688984779637476,3.864242603940678,0.027580808191769723,1.2703469937416334,1.7494863748641176,2.0204408334197512,227.4488357754218,22.064672243533987,0.6478425638943269,0.7659959626144807,190.74590948226626,57.05571451813992,22.189382622003087
1610.25,水层,13.269351070901969,27.688269336578873,59.042379592519154,95.4857904736479,4.514209526352109,96.78701538184252,23.781282489192677,3.8792985780496196,0.027688269336578752,1.3012249081946323,3.2129846181574773,2.0722868999326622,235.57472474243528,22.244112820828622,0.6389653141302489,0.7566978986672369,187.66364928806948,57.5583217973374,22.015162364645423
1610.375,水层,13.222485056453179,26.648840631556602,60.12867431199022,95.39848226059281,4.601517739407179,96.67781223056053,22.888523633049427,3.73366815787562,0.026648840631556675,1.2793299699677165,3.3221877694394664,2.1599529372201047,230.08415574021606,22.54288423747896,0.6281579851669368,0.7455886773114575,189.74421685076334,58.53431760149687,22.114235385958036
1610.5,水层,13.47303909116728,25.43632020466887,61.090640704163846,96.14231749025326,3.8576825097467404,97.43106143685405,21.847097372519684,3.5637865119445173,0.025436320204668544,1.2887439466007846,2.5689385631459505,2.21329015598825,239.38662426682924,22.538865814578998,0.6245224933532012,0.7411877617229999,182.6078397014324,58.690060174576374,21.880212669531474
1610.625,水层,13.244577894243456,27.307787063828137,59.44763504192841,98.71349550404501,1.2865044959549876,99.99,23.45448862929398,3.8259906474703302,0.027307787063828026,1.2765044959549907,0.009999999999998899,2.239170440563933,240.39556904592777,22.469360223034684,0.6185438603900473,0.7353289697014055,195.6754934943864,58.754626614532214,22.20967583681048
1610.75,水层,13.37173811158954,27.59677666232756,59.0314852260829,98.20976413155569,1.790235868444312,99.49788239471815,23.702699999777646,3.866479885887586,0.02759677666232807,1.2881182631624528,0.5021176052818599,2.1758434793705903,226.20592090662348,22.390189239161323,0.6135777504141382,0.7318076935539819,171.6019417119065,58.02404122015102,22.133523086572726
1610.875,水层,13.764972866900882,26.56438573516334,59.670641397935775,96.97339729094661,3.0266027090533942,98.27688244352876,22.815985847306703,3.721835502121478,0.026564385735162316,1.3034851525821474,1.723117556471243,2.1329403771215327,246.92208137548863,22.157948949386558,0.6125076155131599,0.7317673881178735,175.96887669353188,57.554072823875416,21.910127880630572
1611.0,水层,13.703015155222436,27.005713373214956,59.29127147156261,98.71590703040765,1.2840929695923542,99.99,23.195039413393197,3.783668246448544,0.02700571337321475,1.2740929695923577,0.009999999999998899,2.1859084110292235,228.24297756944378,22.018468115961607,0.6142503810191824,0.7353473048806981,178.7277457286943,57.84615679657125,22.02258101969493
1611.125,水层,13.690377812624682,28.382049779195583,57.92757240817974,98.7539244536628,1.2460755463371997,99.99,24.377166200477884,3.976501528938502,0.028382049779197144,1.2360755463371977,0.009999999999998899,1.996652164269067,249.30560825407989,22.049085811316893,0.6148464828861144,0.7364469935473177,175.20729627584706,58.3919967285202,21.955844690134732
1611.25,水层,13.5073859217645,27.385779339384765,59.106834738850736,97.3722481077089,2.627751892291108,98.609511026076,23.5214757101563,3.8369178498890806,0.027385779339385297,1.2372629183671229,1.3904889739239867,2.116967585467097,234.7515763897987,21.905421185670207,0.627034627758263,0.7496641032522227,178.48441756437364,57.442803856052144,22.37800660141394
1611.375,水层,13.703267407196263,28.88572004031591,57.411012552487826,94.53100582358385,5.4689941764161425,95.77518042602968,24.809765458145606,4.047068862129988,0.02888572004031628,1.244174602445826,4.224819573970318,1.9520438069537502,233.22482902305913,21.841784680731436,0.6409305996905567,0.7633845948225351,178.20291895914684,57.729960384026015,22.36168792025526
1611.5,水层,13.301800181869122,29.0141523150647,57.68404750306617,95.36817823032987,4.631821769670119,96.61554211530347,24.920075140899797,4.06506302184984,0.029014152315063463,1.247363884973593,3.3844578846965234,2.157428410504585,230.45852197035225,22.04377516618992,0.64649645825674,0.7668655317887463,188.3758241199576,55.95229608293155,22.00267259150008
1611.625,水层,13.04405916902013,27.627873575912567,59.32806725506731,95.77251888588475,4.22748111411525,97.01822934431667,23.72940894563184,3.8708367567048123,0.027627873575913897,1.24571045843191,2.9817706556833357,2.1103138714351184,227.19158631628682,22.060684239566577,0.6453188011902977,0.7641258397235031,177.4110962695566,57.773272413154245,21.930130756940784
1611.75,水层,13.055619771365349,27.298486808303213,59.64589342033144,98.5493279531203,1.4506720468797085,99.82278438370157,23.446500697611743,3.8246876238831655,0.027298486808303296,1.2734564305812717,0.17721561629843174,2.1153460146516303,216.5825143606011,22.343841634527763,0.6332500740557601,0.7482045946293445,178.76487547161773,57.363326802449166,21.907508873243707
1611.875,水层,12.855572129100176,25.850412068249685,61.29401580265014,97.23269491043906,2.767305089560934,98.47114435914759,22.202758301145582,3.621803355035854,0.025850412068249146,1.2384494487085236,1.5288556408524112,2.095239599809342,240.76266692782337,22.63716732095754,0.6266146087454565,0.7401568105319307,179.4462921105747,59.079999401672985,21.90926518988918
1612.0,水层,13.158943008692184,26.177423358136586,60.66363363317123,94.58269541281078,5.41730458718922,95.84660519736521,22.483626266110146,3.667619668668304,0.026177423358136886,1.2639097845544263,4.153394802634791,2.1764783504010663,230.58818830673965,22.835706737889186,0.6164542652370155,0.7296051221926441,187.82595523500677,57.679945195115366,22.032474706701315
1612.125,水层,13.230914786041284,25.026273385349242,61.742811828609476,96.77537466991782,3.224625330082176,98.0705094325374,21.49491070727541,3.5063364046884837,0.025026273385348602,1.295134762619577,1.9294905674625995,1.9802380509477708,237.4343307582087,23.164837435415908,0.6105172499585348,0.7228083867709998,184.0975146114778,58.790840883304305,22.48303148487607
1612.25,水层,13.023555475337151,24.183851167157467,62.792593357505375,97.02422572541445,2.975774274585552,98.29273439581128,20.771359498550197,3.3883078174401136,0.02418385116715674,1.2685086703968302,1.7072656041887235,2.1277148891768514,232.19430190084108,23.457219791727077,0.6039726844943019,0.7154923502779299,199.2488550185698,58.37281922717933,22.4768220337465
1612.375,水层,12.830217341447895,22.931084799868472,64.23869785868364,96.3689176795773,3.631082320422707,97.64497932282332,19.695366249882223,3.21278746518638,0.02293108479986955,1.2760616432460266,2.355020677176678,2.0778563730069135,243.7797832207649,23.865857060097138,0.5931248686615107,0.702481566250014,200.65001050612975,60.02352130283015,22.698639924033007
1612.5,水层,12.745624907879089,22.084219670242344,65.17015542187856,94.71889790116788,5.2811020988321244,95.98271159517137,18.967999052132544,3.0941363984395567,0.022084219670242752,1.2638136940034912,4.0172884048286335,2.070697076323932,235.38099402726547,24.092438017046035,0.5920297184326105,0.6992590465897137,183.68550746879106,59.67972210191089,22.412047235952354
1612.625,水层,12.608564145840113,23.386770040903826,64.00466581325607,95.86202091248956,4.1379790875104465,97.16155073415047,20.086751471958966,3.2766317989039555,0.023386770040904198,1.2995298216609137,2.8384492658495297,2.195079279656515,237.6653188416248,24.221454037449252,0.6014919190125578,0.7074452928134245,185.6605092777594,58.791675788925225,21.894856662865763
1612.75,水层,12.528530290175969,24.261982994398203,63.20948671542583,93.00750459129051,6.9924954087094875,94.31528904867949,20.838466439486876,3.399254571916927,0.02426198299439672,1.307784457388967,5.684710951320515,2.212980435012515,229.93526615322557,24.26434164417519,0.6155227190143944,0.7203299031377073,185.31555756854058,59.27523731253849,22.098747394381416
1612.875,水层,12.319800021023694,24.08876108569168,63.591438893284625,91.66083585983525,8.339164140164756,92.99960107222812,20.689687218431526,3.3749851061744622,0.02408876108569019,1.3387652123928773,7.000398927771878,2.108141034490568,248.9825665384188,24.148214219889027,0.623771310839939,0.7285068741527461,179.10211553405767,59.60014498655784,22.14248219080119
1613.0,水层,12.62575342631766,23.818181424655236,63.5560651490271,93.19317517449161,6.806824825508384,94.52135998869544,20.457288028842715,3.337075214387866,0.023818181424656304,1.328184814203824,5.478640011304559,2.214819146927298,244.92699538658104,24.00991610226761,0.6342413503448954,0.7400310092942907,185.52286536883085,59.16913637056444,22.004542113338914
1613.125,水层,12.812018858280982,25.38168053979215,61.806300601926864,93.1779778650066,6.822022134993411,94.54125315878508,21.800167703866418,3.556131155385943,0.025381680539791895,1.36327529377849,5.458746841214923,2.213875459765605,236.48606650673537,23.778867241365237,0.6314275044000007,0.7388994109542878,176.90054075268628,59.15235148906088,22.18434306159001
1613.25,水层,13.056975755850623,25.611114108677945,61.33191013547143,95.62816187621048,4.371838123789518,96.97101060417522,21.997226770572638,3.5882762239966297,0.025611114108677058,1.3428487279647396,3.028989395824777,2.1354232407152796,231.70794770351216,23.409195155562188,0.6234128093985332,0.7323488430654688,183.12575218212078,59.23451166719902,22.292196286910453
1613.375,水层,12.785866467854648,26.064382927446005,61.14975060469935,97.94541184651759,2.0545881534824173,99.31788628835025,22.386536542578696,3.6517820019398615,0.026064382927447338,1.3724744418326762,0.6821137116497455,1.9624864889019988,226.32741543097063,23.11332483560885,0.6172995516586922,0.7266652018404386,189.0573170022279,59.549818686520716,22.10722692210511
1613.5,水层,12.76750196880905,25.468909724154376,61.76358830703658,98.6295391399564,1.3704608600435986,99.99,21.87508830830735,3.568352506122869,0.02546890972415436,1.3604608600435966,0.009999999999998899,2.0033821511576884,244.00187055665506,23.07609359255378,0.6026882475875979,0.7120742196655407,183.98615430765935,59.359271162023816,22.22629321996473
1613.625,水层,13.008774831821695,24.163096538780426,62.828128629397874,98.65796052031331,1.3420394796866852,99.99,20.75353347719824,3.3853999650434083,0.02416309653877971,1.3320394796866843,0.009999999999998899,2.0223619457127966,239.17124344005362,23.079403826537728,0.5939539696168203,0.7039078648696788,198.02709818655603,58.44022245645476,21.975817111918495
1613.75,水层,13.390474195681747,24.57711432840529,62.032411475912966,98.16970664238798,1.8302933576120228,99.48703015234753,21.109130784163636,3.4434064299132503,0.024577114328406396,1.317323509959554,0.5129698476524669,2.0957575366207255,249.96696421633854,23.241126221795806,0.5847206161721719,0.6961984128203611,194.99894825851186,58.507986352803385,22.06927448713361
1613.875,水层,13.509888013333498,23.60374222006848,62.886369766598015,98.06641715210459,1.9335828478954098,99.38959701212895,20.273107528463864,3.307030949384546,0.023603742220068558,1.3231798600243476,0.6104029878710615,2.0710161208052167,242.13920746947457,23.484318447397392,0.5744115324683879,0.6870991350533094,186.63798630888016,58.44111195138346,22.144588375083437
1614.0,水层,13.45337977876353,22.253991747441393,64.29262847379508,98.35189172477463,1.6481082752253684,99.70078104411498,19.11381523434202,3.117922521351931,0.022253991747440277,1.3488893193403406,0.2992189558850278,2.111096646548962,251.48360944041966,23.76388915279537,0.5681146239910506,0.6822345306603692,179.76912385052304,59.81200320370598,22.045645194683857
1614.125,水层,13.739824822736816,21.087721411312256,65.17245376595093,96.33564755513643,3.6643524448635723,97.69954465613829,18.112112889384996,2.9545208005159465,0.021087721411312127,1.3638971010018703,2.300455343861707,2.2644119093860895,242.02968497590166,24.01798159456733,0.5607935211592318,0.6741950335379095,177.28413824640285,59.644348161150475,22.06836417695536
1614.25,水层,13.390152622388815,21.8377193107368,64.77212806687437,98.10253298221393,1.8974670177860697,99.4610982569016,18.756281425009334,3.059600166416731,0.021837719310735873,1.3585652746876655,0.5389017430984078,2.169057096726821,235.99386245039884,24.407081819856508,0.5547866997396109,0.6667025606148671,183.17177749101936,59.153918247453554,22.315015962364498
1614.375,水层,13.217633280685174,20.069790847303757,66.71257587201107,96.57491406220385,3.4250859377961573,97.95638260786119,17.237818652977502,2.8119024034789537,0.020069790847303606,1.3814685456573443,2.043617392138808,2.325820607427066,246.75332573904504,24.53627618397436,0.5534894590542638,0.6647033961857924,194.50006642523954,59.64011156653258,22.10116450995598
1614.5,水层,13.265735070872854,21.19005028502444,65.54421464410271,97.78315851951673,2.216841480483267,99.1516355135944,18.200002523185095,2.968857711554322,0.021190050285023812,1.3684769940776595,0.8483644864056061,2.356090866774565,240.95076468204792,24.721416419636668,0.5542088452709198,0.6641450512849663,192.94238153027675,59.61628895333921,22.053201847512423
1614.625,水层,13.293012550241457,19.896119525469793,66.81086792428876,94.86642162235351,5.1335783776464865,96.23515641809907,17.088653433779463,2.787569972164857,0.019896119525470574,1.368734795745551,3.764843581900934,2.218439502359718,249.7436510631803,24.850337405305964,0.5520425436972416,0.6623560418981322,191.27963234725408,60.76595493701923,21.99978998024555
1614.75,水层,13.576417266737584,20.559140763228577,65.86444197003384,97.09442274867098,2.905577251329028,98.4239238035673,17.658118255137783,2.880463367327567,0.020559140763228012,1.3295010548963313,1.5760761964326964,2.2840447195109728,239.93104265907954,24.644291732623287,0.5499029154211816,0.6617685390379117,179.90714954640003,59.85675771682719,22.161247793277223
1614.875,水层,13.75484219502447,21.216865714234988,65.02829209074054,98.67262683146703,1.3273731685329748,99.99,18.223034128713525,2.97261471980723,0.02121686571423427,1.317373168532971,0.009999999999998899,2.0193852955968232,252.53560268848435,24.728499020253476,0.5476739237944507,0.6613349653327647,199.0062852218586,60.113665420511424,22.539372527432096
1615.0,水层,13.93852361238066,20.09321584706121,65.96826054055813,96.29801020927077,3.701989790729232,97.5968991931271,17.257938239715457,2.81518439149869,0.0200932158470616,1.2988889838563349,2.403100806872893,2.0925402172612393,254.68125037218135,24.573228101978913,0.5428536193861893,0.6573406478155261,200.26509165588502,60.2810288352934,22.540535300575364
1615.125,水层,13.617054872625726,20.44792041240485,65.93502471496943,97.91310337329843,2.086896626701573,99.21213498743796,17.562591786894718,2.86488070509773,0.02044792041240376,1.2990316141395353,0.787865012562039,2.2048782530587467,257.45630823146354,24.66380645895907,0.5378149374675404,0.6525224447084856,194.52383705292675,59.764654577944135,22.30516694454788
1615.25,水层,13.732550656809753,19.252166810290873,67.01528253289938,97.78595986038553,2.2140401396144704,99.05828543421151,16.53556644798071,2.697348195499872,0.019252166810290045,1.2723255738259884,0.9417145657884873,2.2959326668675537,271.8494757823266,24.91286189577949,0.5318244838525219,0.6456734705133689,198.0576605997172,60.111486757922705,22.338806715662564
1615.375,水层,13.569503954876144,18.704656351468817,67.72583969365503,98.69880703047873,1.3011929695212698,99.99,16.065313116912687,2.620638578204661,0.018704656351468604,1.2911929695212716,0.009999999999998899,2.4875806609655164,253.07603649597613,24.976129925311504,0.525166469461005,0.6381109125155222,190.411740415445,60.01674793456748,22.387187393550054
1615.5,水层,13.761177285050955,18.882212507654238,67.3566102072948,98.665825167835,1.3341748321650027,99.99,16.21781499619636,2.645515298950226,0.018882212507654456,1.3241748321649986,0.009999999999998899,2.2630152204970995,254.56258484096284,25.112677767677628,0.5196464576519134,0.6331317106487919,197.29503335576436,59.85041169990596,21.944252820506
1615.625,水层,13.958642453498044,18.656916502642208,67.38444104385974,97.86884092821799,2.1311590717820073,99.17572730070543,16.02430965739212,2.613949928747444,0.01865691650264345,1.306886372487442,0.8242726992945704,2.1844394075387643,233.20652824332888,24.97545729682076,0.521499279710115,0.6352436794734355,193.45485697440972,61.57033263965653,21.905182888964273
1615.75,水层,13.775533891103914,20.485591391552727,65.73887471734336,98.50776849732075,1.492231502679242,99.78244215684549,17.594947156812207,2.870158643348967,0.020485591391552344,1.2746736595247306,0.21755784315451443,2.0705750651267647,250.38222314636786,24.807164048099118,0.5348172358286307,0.6488395593850684,195.80008852513438,61.0809920813364,22.20956754004261
1615.875,水层,13.387136562972854,21.557616542634463,65.05524689439268,95.63723841253702,4.362761587462982,96.90985096326771,18.515702897934457,3.0203560281573685,0.021557616542634828,1.2726125507307058,3.0901490367322815,2.454989699217396,254.06225869743852,24.67926409586888,0.5482941984334634,0.6632473335769108,197.8863796921974,59.62312911108125,22.11665878248959
1616.0,水层,13.767965831876303,21.402058319446315,64.82997584867738,94.74586716136389,5.254132838636105,96.00460297838323,18.38209490661566,2.9985613545112093,0.021402058319447068,1.2587358170193357,3.9953970216167645,2.3221054628206024,239.67504443554182,24.54575904328465,0.5632698707554324,0.6781297308247674,181.6565747266252,59.608032093880105,22.136291211131617
1616.125,水层,13.582436159826178,21.48516436861968,64.93239947155415,94.25388176049641,5.746118239503584,95.52851508645831,18.45347417586242,3.0102050283886386,0.021485164368619664,1.2746333259618976,4.4714849135416905,2.1088897466789622,252.40830561336725,24.5469221222419,0.5782137726139444,0.6942787375618851,180.87617063697954,58.860385099639586,21.77695963418736
1616.25,水层,13.879983043025646,22.096717639940366,64.02329931703399,92.56062912819444,7.439370871805561,93.79953885264901,18.978733480648717,3.0958874416517084,0.022096717639939756,1.2389097244545777,6.200461147350989,2.244194125926975,255.40738637584616,24.64243177751328,0.5766571265554308,0.6935244524841581,181.71899088432704,59.974641790491376,22.179362492446934
1616.375,水层,13.692186746430671,20.572712212544907,65.73510104102442,94.54860308227441,5.451396917725582,95.77661887459237,17.66977468862794,2.8823648117044227,0.02057271221254514,1.2280157923179513,4.2233811254076326,2.183208195240025,246.27688264852904,24.748245204729205,0.5805078217749079,0.6981335026694148,192.44495935962277,59.68322849081285,21.905108407006527
1616.5,水层,13.986296446834684,20.935951620280292,65.07775193288502,91.73458892031371,8.265411079686292,92.98985880646711,17.98175875890532,2.933256909754693,0.020935951620281237,1.255269886153393,7.010141193532893,2.2090850288970443,249.97716881684585,24.736833502803325,0.5852826162813861,0.7040899580225973,192.2685518191284,58.881906767415664,21.9469445010694
1616.625,水层,13.918688062056637,21.963568010265256,64.1177439276781,91.98652105072395,8.013478949276054,93.27697739127827,18.864372091060094,3.077232351194895,0.021963568010266096,1.2904563405543161,6.72302260872174,2.21513711373155,249.10655583216516,24.741313028159265,0.5812073468143741,0.7007223161510239,179.27563824289214,60.27822700076084,22.00967789742371
1616.75,水层,14.273367107922791,21.508030962029878,64.21860193004733,93.22051618438365,6.779483815616338,94.54262529806333,18.473114150858443,3.0134087802094083,0.021508030962028718,1.3221091136796654,5.4573747019366685,2.1849571053879964,246.46539536409037,24.602378585475233,0.5893160915037992,0.7103273485144901,164.84208746904903,59.975215051767265,21.785599491177596
1616.875,水层,14.0796159332008,22.36105866935878,63.559325397440425,92.33759907460009,7.662400925399915,93.63603451845508,19.2057743483052,3.13292326238422,0.02236105866935817,1.2984354438549925,6.36396548154492,2.314986172313607,240.91071516914522,24.441481596853468,0.5938429149699505,0.7154254532816031,190.00982011727686,58.89183514761002,21.813888247720662
1617.0,水层,14.090496989391271,22.591820605797032,63.317682404811706,91.68289648898822,8.31710351101178,92.9916076574311,19.403974341648276,3.165254443542959,0.022591820605796786,1.3087111684428805,7.008392342568904,2.108466280344399,227.91176876246217,24.471266680587597,0.5896593496546514,0.7110154831966474,191.21055940775304,59.27270561936767,21.996306533525058
1617.125,水层,13.940712769591048,21.293105531357128,64.76618169905183,93.1233305804121,6.8766694195879,94.43326132462462,18.28851603391555,2.9832963919102222,0.021293105531356576,1.3099307442125332,5.566738675375371,2.072388043669583,254.82397143231216,24.35427340552134,0.592208766300464,0.7130921995964168,191.5485455763418,58.479967029021886,22.01901857597034
1617.25,水层,14.013013383403711,22.742598844614815,63.24438777198148,94.07866100637426,5.921338993625735,95.39856106895013,19.53347683409231,3.1863794116778905,0.02274259884461477,1.3199000625758683,4.601438931049873,2.2043062320900293,241.06812342342263,24.224799337291397,0.5972500709519419,0.7182300259872717,180.26214368724595,59.57238980943305,22.388905557111734
1617.375,水层,13.995130373627562,23.87549808243865,62.129371543933786,92.13375305131912,7.866246948680889,93.47560256515183,20.506516950069763,3.345105634286448,0.023875498082438773,1.3418495138327284,6.5243974348481615,2.1735997648821126,237.03728316303062,24.116588897146304,0.6013881827984455,0.7227254171328035,182.16245381588348,57.82657892160498,22.431140858923655
1617.5,水层,14.084424623089934,23.835743982711577,62.07983139419849,91.44694595296274,8.553054047037268,92.75142336798092,20.47237240083049,3.339535837898375,0.023835743982711377,1.304477415018187,7.248576632019077,2.2778196198750145,265.67712000514103,23.92392914508883,0.6050284470614915,0.7267476786245876,185.11234954686958,59.60729166813909,22.388211672915254
1617.625,水层,13.912903936848704,23.16060216782585,62.92649389532545,93.99526697597949,6.004733024020514,95.26526706530302,19.892497291090333,3.2449442745676906,0.02316060216782656,1.2700000893235384,4.734732934696972,2.3522648232352426,235.32348933538353,23.901273369398172,0.5991385766172591,0.7212276288906674,182.15271837782873,58.85475264794522,22.485217924247262
1617.75,水层,14.250897938890079,22.204017510743967,63.54508455036596,96.05116984748949,3.9488301525105074,97.35048832407736,19.070892672962817,3.1109208202704077,0.022204017510743176,1.2993184765878705,2.6495116759226334,2.222528214326642,262.9893959927083,24.031823172449943,0.5890715480344635,0.7117424047363307,176.35220152292345,58.07363076804103,22.05948598039015
1617.875,水层,14.412164402146477,21.73430001648635,63.85353558136717,93.51278528851458,6.487214711485423,94.7933482300121,18.667455235784363,3.045110480685502,0.021734300016486643,1.280562941497525,5.206651769987902,2.261300526000372,259.5028263421191,24.251950954957174,0.5776359393788553,0.7003240278921337,192.9875818940521,59.151307568827704,22.011703511256968
1618.0,水层,14.35915485228833,20.920542656672424,64.72030249103923,92.58454152934632,7.415458470653668,93.82820812652571,17.96852409580775,2.9310980182080026,0.020920542656671995,1.2436665971793794,6.171791873474286,2.255147259725714,223.44741864085717,24.38260600267796,0.5693033427428522,0.6929825961921665,190.668930298085,60.00522741132944,22.117501925407094
1618.125,水层,14.489903638692553,21.104514583924903,64.40558177738254,94.49810777974315,5.501892220256844,95.76743679201758,18.126536440995842,2.9568736283451362,0.02110451458392469,1.2693290122744216,4.2325632079824205,2.162685217284452,263.8432034041922,24.55508392472157,0.5606917689344354,0.6852333436610931,190.38838824931668,59.72309776093696,22.185790477695168
1618.25,水层,14.809655963782642,19.75725389399563,65.43309014222173,96.33284032604475,3.667159673955256,97.59566892736568,16.969382605762622,2.768114034339014,0.019757253893995866,1.2628286013209316,2.4043310726343248,2.2189923949795367,239.01051034597,24.81026888449992,0.5520833417485997,0.6763405698056228,192.8580484408172,59.83550731348018,22.046028949511182
1618.375,水层,14.564057240647122,18.81259928708775,66.62334347226513,93.62813768910195,6.371862310898058,94.91009913904873,16.158024633600924,2.6357620541997395,0.01881259928708731,1.2819614499467866,5.089900860951269,2.1635284888614597,256.1983471263477,25.108676625711176,0.5433576290972991,0.66856569650999,193.73371624263604,60.37779338813167,21.90062676587416
1618.5,水层,14.976566738508243,17.549917722163144,67.47351553932862,91.40979976890851,8.590200231091483,92.67433407885075,15.073515283292855,2.458852521148126,0.01754991772216427,1.2645343099422315,7.325665921149249,2.321705927280004,249.82302065670393,25.351130001893175,0.5439026784846146,0.6693737789486575,173.9608837751659,60.362221541342365,22.02778085163483
1618.625,水层,14.59609815936044,19.32028075221147,66.08362108842809,91.47199521651555,8.528004783484455,92.70034307268543,16.59406908946312,2.7068913819961424,0.01932028075221151,1.2283478561698713,7.2996569273145795,2.269313186998962,241.60953630701184,25.457218959244166,0.5518881471335729,0.6779275842525102,186.26624809043182,60.72263643977982,21.969118128366073
1618.75,水层,14.837275438688227,19.892240224672044,65.27048433663974,92.12514793717872,7.874852062821269,93.38834923072822,17.085321526428725,2.787026458018646,0.01989224022467262,1.2632012935494943,6.611650769271771,2.199489800955844,250.32332582127626,25.576320768243047,0.5565604622486859,0.683691181330136,181.89780637323838,60.085771451432564,21.931821624290393
1618.875,水层,14.856638963032564,18.374990651202516,66.76837038576492,90.09410669489804,9.905893305101953,91.34703702381061,15.782165295366715,2.5744503651845974,0.0183749906512036,1.2529303289125684,8.652962976189382,2.1456609000354465,249.33237484116628,25.45524621925142,0.5656629349543667,0.6924163252306255,175.96717173791316,59.11368447297238,21.947586619136644
1619.0,水层,14.606697954723119,19.54862628239251,65.84467576288438,90.08669614932637,9.913303850673627,91.34368780009592,16.790193646486472,2.7388840096236495,0.019548626282391707,1.2569916507695436,8.656312199904082,2.4222548432917765,270.03350468537116,25.390233943617233,0.5684509102799087,0.6956335383408085,187.95918549111272,60.11435128847463,22.027194433043416
1619.125,水层,14.68030526510824,20.092049931230584,65.22764480366118,91.02074098599824,8.97925901400175,92.25314503713572,17.256936841853072,2.8150210394462776,0.020092049931230704,1.2324040511374728,7.74685496286428,2.3140931224841,252.7184557026701,25.30398109176121,0.5734130030830965,0.7006411278896763,197.48532708676876,58.330074558896385,21.8394526580352
1619.25,水层,14.702845300012187,21.118314994044052,64.17883970594376,91.52759790022132,8.472402099778675,92.7776096562426,18.13838952749687,2.958807151553139,0.021118314994045262,1.2500117560212833,7.2223903437573895,2.1968576299620115,272.71936053730786,25.013316406108082,0.581395218938999,0.7089514317756079,185.254775577475,59.61173562712023,22.09561781858736
1619.375,水层,14.726199418987568,21.456730088485255,63.817070492527186,90.62223171764481,9.377768282355191,91.87246186876155,18.429052149334375,3.006221209062393,0.021456730088486795,1.2502301511167362,8.127538131238454,2.3069511481975935,246.1122675705031,24.740383443058672,0.5868773918315802,0.7164363367697322,189.27833207987945,59.30625454688255,22.175779764722392
1619.5,水层,15.086065444490835,22.08769936030598,62.82623519520318,90.28044608046802,9.719553919531975,91.50665024793295,18.97098773630678,3.0946239246388947,0.022087699360307314,1.226204167464925,8.493349752067047,2.2828666169931227,242.63962461762296,24.531447772352873,0.5921140771614871,0.7236966358327767,169.10291544529542,59.18299082970956,22.138510134509563
1619.625,水层,15.189514195602635,22.110553047015667,62.699932757381696,90.5487542323834,9.451245767616602,91.76224455914662,18.99061662581793,3.097825868150726,0.02211055304701566,1.2134903267632204,8.237755440853379,2.30554598084679,254.00486247973015,24.257671834933138,0.5939272473155615,0.7278440822357664,176.6979782116324,59.73145473181422,22.351565186935424
1619.75,水层,15.315920813254255,23.2301604584925,61.45391872825324,92.73679881503242,7.263201184967583,93.91994973586436,19.95224047473611,3.254689823297896,0.0232301604584928,1.1831509208319488,6.0800502641356395,2.196462520387942,243.39233575866578,23.842136478878228,0.5929652663604398,0.7289382629764839,179.5560657384723,58.57750437818929,22.268036541058844
1619.875,水层,15.215551091684427,24.35987470068498,60.4245742076306,94.53121325211771,5.468786747882293,95.69574623628996,20.922545017756104,3.412969808228193,0.024359874700684292,1.1645329841722478,4.304253763710042,2.5059434517163055,244.71193650484446,23.375496992549408,0.596524658934775,0.7341725839189712,183.9931914871253,57.904484201820594,22.249815974963788
1620.0,水层,15.255170119339075,25.925266092479728,58.81956378818119,93.7423310808699,6.257668919130099,94.90325729184046,22.26704995744335,3.632290868943893,0.025925266092480942,1.1609262109705625,5.096742708159541,1.950891480902342,237.76524852363895,22.936203168231657,0.5979150381935865,0.7377922942368136,180.88090814880212,57.48029796203063,22.351870518216092
1620.125,水层,15.611304802251148,25.4423353647103,58.94635983303856,93.98176286911966,6.018237130880333,95.11387143510943,21.852263756103437,3.5646292732421556,0.02544233536470944,1.1321085659897663,4.886128564890568,1.9330130319614032,221.1108920400374,22.63292574134402,0.6033727339762673,0.746345904049332,180.37348479548305,57.634910437664416,22.11387164747674
1620.25,水层,15.987115406865879,25.90913165903149,58.10375293410262,92.92007426730355,7.079925732696446,94.07832774761519,22.253192192807678,3.6300303345647835,0.025909131659031248,1.158253480311649,5.921672252384802,2.2147146930222332,240.75331255248093,22.465047843223008,0.607233134136989,0.7538535763924515,165.88633690747218,57.750008538652594,22.13178812752507
1620.375,水层,16.21059704639414,25.776638107820403,58.012764845785455,93.20959815738065,6.790401842619342,94.37242552807041,22.13939430493519,3.6114671647773933,0.02577663810781894,1.1628273706897405,5.627574471929597,2.1363630557647824,242.37927640571763,22.27220570093984,0.6097957920561993,0.7599958858646759,180.3101355265855,57.25343649741382,22.00730084807336
1620.5,水层,16.174657909214726,27.392964329539048,56.43237776124622,93.31347518363012,6.686524816369877,94.45466678534635,23.52764685355512,3.837924511654393,0.02739296432953814,1.1411916017162147,5.545333214653658,2.1044967608721623,251.4432631058079,22.034905336247842,0.6127875134680232,0.7662642045915129,167.6665794407555,57.27521663074557,22.11249557445541
1620.625,水层,16.437983001454874,27.291875125304387,56.27014187324074,93.99232227873168,6.007677721268323,95.1671571603232,23.440821964166446,3.823761286012637,0.027291875125303594,1.1748348815915193,4.832842839676799,2.174941018259555,245.91846699016253,21.64298750550912,0.6140218831080198,0.7695727427522067,175.1026222510491,56.91178586558856,22.489899369043037
1620.75,水层,16.30704294339898,28.79650016450149,54.89645689209953,96.01761099517586,3.9823890048241384,97.19835949556767,24.733135061185756,4.034568603151238,0.02879650016450047,1.1807485003918028,2.8016405044323345,1.8909873431491842,236.60055496936326,21.1755593275782,0.614096865655787,0.770355695528081,179.49783767962452,56.7015390141523,22.492827298728525
1620.875,水层,16.073973353194127,29.17110333843935,54.75492330836652,98.31544350101376,1.684556498986245,99.50702012977499,25.054879399644474,4.08705283545644,0.02917110333843717,1.1915766287612313,0.49297987022501877,2.1536102219464026,243.07809716033447,20.743655721984567,0.6133310339929482,0.7694645795162611,179.12147370959826,56.771173187486475,22.455451483130357
1621.0,水层,15.78680593435563,30.51241512518844,53.700778940455926,98.83320476393656,1.1667952360634337,99.99,26.206923758900373,4.274978951162877,0.030512415125188985,1.1567952360634377,0.009999999999998899,2.0354129250874538,244.17008927053166,20.47646185104387,0.6180800768006998,0.7727704580447285,162.5620691665034,56.54215271211316,22.496155295068863
1621.125,水层,15.537538071376133,29.982173711155692,54.48028821746818,96.94584479342369,3.0541552065763145,98.06984742181149,25.75150270309885,4.200688834345688,0.029982173711153026,1.1240026283877946,1.9301525781885154,1.9802148158441601,254.12157241460042,20.51262598523738,0.6245406343991273,0.7780980137977537,168.57873792061872,56.5689808325444,22.02737617877615
1621.25,水层,15.718873867404767,29.397963549549566,54.88316258304566,94.67760261683013,5.322397383169875,95.81227462180397,25.249728225347077,4.118837360652938,0.029397963549549627,1.1346720049738417,4.187725378196028,2.1996937646256285,254.3796761390322,20.63721488410002,0.6433111903601539,0.7962453864594428,174.82719770033077,56.23272581514506,22.03257341717671
1621.375,水层,15.312592643353534,30.461285763708325,54.226121592938135,92.5089747937038,7.491025206296198,93.63158912465407,26.16300906802281,4.267815409921809,0.030461285763706825,1.1226143309502679,6.368410875345932,2.0208931941859394,240.33955599088344,20.97453709160286,0.6558945211873778,0.8066861755715035,173.01001207749707,56.63986594772304,22.047312639671123
1621.5,水层,14.988597368187841,29.59838397106069,55.41301866075147,92.71895696162953,7.281043038370472,93.81087221803696,25.421868080049464,4.146917507040169,0.029598383971059933,1.0919152564074295,6.189127781963045,1.9861065169913457,220.00585564096968,21.125092812237884,0.6598772102761463,0.80993273837068,162.4929322624571,56.9619656713761,22.21857224330907
1621.625,水层,15.29037996848818,29.37828399163106,55.33133603988076,94.52732370297504,5.472676297024959,95.61574137585632,25.23282557533189,4.116080132307537,0.029378283991632337,1.0884176728812662,4.384258624143689,2.0163136127212717,231.09809743632107,21.187867394793706,0.6571374993291,0.8052043656139718,177.36621191078223,57.13702046760251,22.24640057859579
1621.75,水层,15.226023451823695,28.79206783270919,55.98190871546712,95.79918448663982,4.200815513360179,96.9075751392469,24.729328158950107,4.0339476059263735,0.02879206783270999,1.1083906526070781,3.0924248607530957,2.116444442656415,259.99889715676795,21.10746708394798,0.6511512229221086,0.7984652301642152,167.15623220087795,56.79731993509781,22.166353913341673
1621.875,水层,15.176916357704842,30.50912487034534,54.31395877194982,95.45257274658236,4.547427253417635,96.55270430108503,26.204097779459985,4.274517966015012,0.03050912487034263,1.1001315545026755,3.447295698914965,1.926521966009372,241.91915105717035,20.773102621479552,0.6531129717084028,0.801550620659766,161.18759392126344,56.637361903862015,22.154438786546248
1622.0,水层,14.95574790645023,32.267697419382436,52.77655467416734,95.81400901405297,4.18599098594703,96.91209357785735,27.7145248147511,4.5209049072119525,0.032267697419380986,1.0980845638043821,3.08790642214265,1.9241465213375917,244.25310074534949,20.520474227220863,0.652462024399324,0.8002664222778045,186.30994309837777,57.241536858597286,22.061628104578233
1622.125,水层,14.899880355993403,31.272075521658714,53.82804412234788,98.23742702307109,1.7625729769289111,99.33693888214806,26.859391353198337,4.381412092938718,0.0312720755216607,1.0995118590769788,0.6630611178519374,1.9404535699548955,213.57463822244966,20.318329397327496,0.6533778613309629,0.800966827252073,164.08489059213397,56.34608770549784,21.97393965863621
1622.25,水层,14.935391222673042,30.45888069801621,54.605728079310744,98.28534489570534,1.71465510429466,99.361010037168,26.16094337204398,4.267478445274214,0.030458880698015084,1.0756651414626612,0.6389899628320039,2.1109756752063147,247.6171441629052,20.46177627490991,0.6497308183419639,0.7948540012442089,183.41364415984833,56.111469733529546,21.914530155343897
1622.375,水层,14.648898240699607,29.241665449402987,56.10943630989741,96.05727951538927,3.942720484610729,97.14767387636445,25.11548475830599,4.096939025647598,0.029241665449400434,1.0903943609751747,2.8523261236355513,2.2148381616104706,224.81437073403055,20.799046118475818,0.6400327342578143,0.7826514295330174,167.12831465602287,55.909969829241106,22.003415008852336
1622.5,水层,14.806438614313144,28.85823429820319,56.33532708748367,95.458241915136,4.541758084864,96.58032231861148,24.78615812503056,4.043217938874426,0.028858234298202723,1.1220804034754737,3.419677681388522,2.086970745001546,237.67307136011758,21.13112612094762,0.6456554279341031,0.7867268111027306,182.6117694216553,56.06718753943511,22.015387199816143
1622.625,水层,14.580164666374587,29.469127390451376,55.95070794317404,93.37659784689971,6.6234021531002885,94.49754257267556,25.310850406113577,4.128807856947346,0.029469127390453764,1.1209447257758383,5.5024574273244475,2.11227444698932,245.02431097904775,23.05130147033295,0.6217208330475541,0.7253983676682816,166.30860280187252,59.656521788497244,22.013642874505024
1622.75,非储层,1.1315538880259082,23.05509178896681,75.81335432300729,92.2479480793974,7.752051920602598,93.27313124529853,19.252033965577272,3.7800027316005695,0.02305509178896631,1.0251831659011261,6.726868754701476,2.396972898280636,232.7300610244916,24.728367847089135,0.5929796616520678,0.6606490085834553,168.4137338706701,59.95454267674963,21.926881738029795
1622.875,非储层,1.0993364515519901,23.483183266737882,75.41748028171013,94.98417902275249,5.015820977247509,96.02663151762212,19.60950951787011,3.850190565601039,0.02348318326673704,1.042452494869631,3.9733684823778814,2.216560452471234,207.6533898208171,26.36486414843927,0.5672947546689241,0.5985991016412239,159.84303258618812,60.73717859643513,22.51707545705593
1623.0,非储层,1.1124569165881397,23.52532434626553,75.36221873714632,93.15427374035046,6.845726259649543,94.20148720577004,19.644699206197462,3.8570998157218006,0.023525324346266446,1.0472134654195797,5.79851279422996,2.5626563025161815,198.61615816654154,28.05231050563562,0.5368930276788352,0.5319473696991753,152.26352014100942,63.00293825970641,22.42842230414756
1623.125,非储层,1.1305817642356895,22.784041006968636,76.08537722879566,90.61624731916812,9.383752680831881,91.66273288673396,19.025694425956686,3.735562540004981,0.022784041006967265,1.0464855675658469,8.337267113266034,2.291261950020912,208.25790911966527,27.947613683545747,0.5405396497405379,0.5355326072535191,151.9434275510982,62.76073738387884,23.47264077726059
1623.25,非储层,1.1046261355917393,24.229571160915974,74.66580270349229,91.20161804088495,8.798381959115043,92.22045569915954,20.232776829999782,3.9725647597552753,0.02422957116091709,1.0188376582745895,7.779544300840458,2.359744301936253,205.15649084298792,27.774320429591786,0.5511878744664644,0.5460196002610676,155.25992550400963,62.352074394587895,23.512167120607252
1623.375,非储层,1.1061607792189037,25.44042106340291,73.4534181573782,90.16744728280622,9.832552717193776,91.18650000328881,21.243890715959246,4.171089926380257,0.025440421063403773,1.0190527204825872,8.813499996711194,2.2800597308684223,197.56219147686477,27.640916820337154,0.5550075882330984,0.5498510679498867,153.2657761244791,62.50489349774708,23.078149007843926
1623.5,非储层,1.119815013227492,24.976939198366267,73.90324578840625,92.35971248138635,7.640287518613653,93.36000712449604,20.85686260564894,4.09509965351896,0.024976939198367853,1.0002946431096862,6.639992875503964,2.362519909315994,203.2641478291391,27.24234675434451,0.5626776682266725,0.5574582062245338,155.85086403680805,62.66131226567163,23.142281886302676
1623.625,非储层,1.0927969631078238,27.118154554914696,71.78904848197747,90.97700619836144,9.022993801638556,91.99579672370199,22.644873304075805,4.4461630962839775,0.02711815455491498,1.0187905253405405,8.004203276298016,2.269752357952434,192.33228433143427,26.928148104399767,0.5706277144902422,0.5652657427489864,149.9806180788944,60.41647781173305,22.082911207370536
1623.75,非储层,1.1142940208747043,27.63314202706625,71.25256395205905,90.37850732538682,9.621492674613187,91.42184589776784,23.074910902557765,4.530597982481417,0.027633142027065627,1.0433385723810278,8.57815410223216,2.3660527042377306,199.43508453564203,26.638574291699044,0.5782643900842103,0.572725532318755,159.0838464140988,62.57575858963262,21.694485449439494
1623.875,非储层,1.0849251752298439,28.601545348764002,70.31352947600615,89.40462651331312,10.595373486686876,90.46445091369053,23.883571037696548,4.689372765718687,0.02860154534876508,1.0598244003774067,9.53554908630947,2.427919035009068,174.18762543978383,26.27177148102817,0.5922293075416298,0.5863409977144692,149.89213257453687,62.04351001936772,22.570594789586472
1624.0,非储层,1.063211415312104,29.055287357966208,69.88150122672168,88.68997962658875,11.310020373411245,89.75612454138711,24.262465932270363,4.763766138337878,0.02905528735796664,1.0661449147983448,10.243875458612894,2.1186377448254947,206.34693943035492,26.015885051064885,0.603616971549537,0.597499502139368,142.69496643155415,61.4330001320981,23.706271639143253
1624.125,非储层,1.0866492398552339,29.94820440732291,68.96514635282186,87.7419068284828,12.258093171517203,88.78275334238037,25.00809165000812,4.910164552907466,0.029948204407324874,1.0408465138975742,11.21724665761963,2.0047196632401336,188.99368375909233,25.91325894884955,0.6064842447115801,0.6002981597919143,148.3728647138503,61.95742246010401,23.483991445466586
1624.25,非储层,1.1173752136464306,28.745876742821263,70.13674804353231,90.05008865189468,9.949911348105312,91.11228827709918,24.004094214360684,4.713036651717756,0.02874587674282225,1.0621996252044952,8.887711722900814,2.3374504018388675,192.46758545321526,25.754085342051845,0.6048150717413122,0.5987359713709061,163.35577678752836,60.3381446102345,23.51898989037824
1624.375,非储层,1.1006353119162675,30.2499553631426,68.64940932494113,92.64868522564936,7.351314774350648,93.69290996003589,25.260067209409982,4.959638198369479,0.03024995536313954,1.0442247343865376,6.307090039964114,2.391366320790843,191.78867464888245,25.49280896679889,0.6037475940590782,0.5977936064871329,150.0589679896119,60.837494480514394,22.81437410489994
1624.5,非储层,1.0694862953247426,31.797135763913197,67.13337794076206,93.0414021576499,6.9585978423501,94.08835282034728,26.55203212107281,5.2133065070764735,0.031797135763914075,1.046950662697391,5.911647179652713,2.1625904101682143,183.57196421866095,25.438844076368422,0.5927783521820873,0.5870371460291656,147.5683505838483,59.54483461802907,21.865450832125564
1624.625,非储层,1.0698810618287171,30.411693706272548,68.51842523189873,95.12367354091403,4.876326459085978,96.18896058908652,25.395125967968646,4.986156044597631,0.030411693706269838,1.0652870481724925,3.811039410913486,2.181190134523834,191.8341564212918,25.27339188139228,0.5900887297501326,0.5844189860489885,147.5933706025032,59.28750731526011,22.097580222757326
1624.75,非储层,1.066238411317473,30.50435600348347,68.42940558519905,94.07373086525531,5.926269134744688,95.14297366081425,25.472503135214918,5.001348512265068,0.030504356003481503,1.0692427955589456,4.857026339185744,2.4143779189733907,175.1018045743405,25.39890670171892,0.5836012878530108,0.5779762349548232,154.8315713055728,60.239720724177054,22.083661913694346
1624.875,非储层,1.0358458718474814,28.907704795711652,70.05644933244086,94.99727422173788,5.002725778262118,96.07090643278062,24.13922788458619,4.739569206329749,0.028907704795711614,1.0736322110427303,3.9290935672193883,2.2798274187151937,199.3961422301519,25.831202717369372,0.5689299458159397,0.5634670016913244,155.80531597682466,61.27410083101006,22.06750782381304
1625.0,非储层,1.0207580238158882,27.10955317957968,71.86968879660442,96.31647007406553,3.68352992593447,97.3892618269213,22.637690770533272,4.444752855866828,0.027109553179580775,1.0727917528557682,2.610738173078697,2.34625456574955,187.81344030059554,26.142421009401186,0.558183952874086,0.5528446156384597,162.1767069762334,61.4939430886449,22.179391243915067
1625.125,非储层,1.0371882907862962,27.02782871344883,71.93498299576487,97.91452667789284,2.0854733221071564,98.99988373025853,22.569447181994505,4.431353702740878,0.027027828713450247,1.0853570523656868,1.000116269741469,2.329768222522639,184.69383275720796,26.63684774005277,0.5438158057106521,0.5386399424416012,144.09707629552935,60.98605868958488,22.118888248116136
1625.25,非储层,1.0441977672134957,25.132135474951433,73.82366675783507,96.70769322912422,3.292306770875786,97.80267050488172,20.986458445713154,4.120544893763327,0.025132135474952022,1.0949772757575003,2.197329495118283,2.465993990529734,190.39056736029062,27.14981794500482,0.5305983527799547,0.5255802962997789,150.98976364839302,62.03054841597608,21.925951818941527
1625.375,非储层,1.0355267165224258,23.32644260750434,75.63803067597323,97.04022567666583,2.9597743233341745,98.13507159320064,19.47862404914275,3.8244921157540848,0.02332644260750541,1.0948459165348101,1.86492840679936,2.2787280655595112,197.84082259305302,27.477718921768734,0.5241234275067609,0.5191498777565173,164.39154168322256,62.69668521417214,22.142244275829153
1625.5,非储层,1.0594103322615016,23.527802093351603,75.4127875743869,96.3360465452318,3.6639534547681984,97.44533699689725,19.64676823595869,3.857506055299561,0.02352780209335173,1.1092904516654558,2.5546630031027417,2.3765929862857162,215.8277916532104,27.90018674567001,0.5159177217348206,0.5110087742880869,164.65794332985948,62.83298405251984,22.08287478688797
1625.625,非储层,1.0896656016273871,22.407550817817125,76.50278358055549,98.02720844608592,1.9727915539140772,99.15797782748433,18.711308260176153,3.6738350068231527,0.02240755081781634,1.130769381398409,0.8420221725156662,2.3334242620094665,209.73652073855033,27.94914006171043,0.5141008972193718,0.5092017571067797,146.18284796778653,62.121663537476806,22.127470616082608
1625.75,非储层,1.0676707286117504,24.56918898590509,74.36314028548317,97.34006902606338,2.6599309739366195,98.45778022887195,20.51637292069654,4.028246876222643,0.024569188985904683,1.1177112028085754,1.5422197711280394,2.397074296218241,196.77821640254712,27.89758241464593,0.5126580196979923,0.5077503739206439,156.9889615269664,62.58518355582811,21.93113227693708
1625.875,非储层,1.0385552335743562,23.848565168698865,75.11287959772677,98.8553123890536,1.1446876109464044,99.99,19.914619766458507,3.910096837071659,0.02384856516869857,1.1346876109464101,0.009999999999998899,2.426937498298429,216.5650465508402,27.899468532964363,0.5108128175524638,0.5059514527306763,159.11478190253405,63.745263778287246,22.228400670030005
1626.0,非储层,1.064876369547309,23.478241224819264,75.45688240563344,97.68379072305389,2.316209276946113,98.79005576442226,19.60538269158169,3.8493802920127544,0.023478241224820368,1.1062650413683817,1.2099442355777312,2.549829730091071,204.53385337270436,27.61524851999725,0.5158902589974211,0.5110251960595302,161.63608912089518,61.38802469798037,21.98860703817337
1626.125,非储层,1.0708946102096761,25.496145994397157,73.43295939539317,98.19253189304618,1.8074681069538134,99.27144541785158,21.290423528495875,4.180226319906885,0.02549614599439698,1.078913524805394,0.7285545821484218,2.476787621792832,189.6826441861048,27.517404484650488,0.5156265601929904,0.5108628082537171,150.1747905572763,63.50670686127205,22.067580944793416
1626.25,非储层,1.0826371161096284,25.584865708957505,73.33249717493287,98.92906532335172,1.070934676648272,99.99,21.364508462694644,4.194772380553906,0.025584865708956628,1.0609346766482761,0.009999999999998899,2.3264812214754538,205.29600735175163,27.1601655371988,0.5224065904502198,0.5176867912262422,148.5985566525797,61.884974325662526,21.8074753832669
1626.375,非储层,1.0660443511329898,27.68386639814787,71.25008925071914,98.94415319469176,1.055846805308236,99.99,23.11726802366076,4.538914508088963,0.027683866398147544,1.0458468053082397,0.009999999999998899,2.2772086592978233,190.4822018809852,26.638765812239193,0.5322996600868527,0.5275220812807004,142.88903224595768,60.81953593975044,21.948224045712983
1626.5,非储层,1.0410955533527373,29.13246164216283,69.82644280448443,98.02717135820141,1.9728286417985852,99.0856709126445,24.326909915153724,4.776419265366944,0.029132461642163848,1.0584995544430769,0.9143290873555032,2.3635735261998687,181.77253009320444,26.323549378111643,0.5395782997001588,0.5347607217509509,154.14817422293814,62.511902974409765,21.878327611843872
1626.625,非储层,1.0574314895733334,28.928605707589195,70.01396280283747,97.57215940117678,2.4278405988232277,98.60922036612877,24.156681081869515,4.7429960200120895,0.028928605707589233,1.0370609649519988,1.3907796338712308,2.279510794784672,208.64117122519258,26.148652659013397,0.5484884840682885,0.5435650579235691,143.0658561034269,60.884012336280094,22.00891473553335
1626.75,非储层,1.0594019970605666,27.567316750080373,71.37328125285906,95.09375340190878,4.906246598091213,96.11419364494985,23.01994384886197,4.519805584468322,0.0275673167500802,1.0204402430410673,3.8858063550501476,2.1151712004194394,198.54836325145675,26.336532994254966,0.5499888695955842,0.5450698049234245,163.61323006004687,61.992915812877555,22.017264446904235
1626.875,非储层,1.0721967702261093,25.715872660009055,73.21193056976483,95.16270118537695,4.837298814623059,96.15821282680459,21.473905132829703,4.2162516545193425,0.025715872660009992,0.9955116414276507,3.84178717319541,2.413241176866179,178.0932008471818,26.763351605282672,0.5494587400723063,0.5445405276462952,160.7521738910295,60.848672225461485,21.811582480453186
1627.0,非储层,1.051890571137679,24.609433924894397,74.33867550396792,92.33300076883638,7.666999231163619,93.34098787777097,20.54997924677222,4.034845244197282,0.02460943392489437,1.0079871089345775,6.6590121222290355,2.3053079662756453,194.3534583589444,27.3703305423023,0.5416236607273757,0.5367742791841037,164.58042523143382,61.78368283460079,22.07750358324712
1627.125,非储层,1.0335831206833113,22.44165865325304,76.52475822606365,94.57776241039106,5.422237589608947,95.59557853601045,18.739789829987938,3.6794271646118473,0.0224416586532529,1.0178161256193938,4.40442146398955,2.380828478405135,219.61029265685235,27.68638645989987,0.5359732755002253,0.5312206360954325,159.22592218293713,62.18450494251824,21.953713077487702
1627.25,非储层,1.0595917903752987,24.15988464405431,74.78052356557039,94.58507880225106,5.414921197748934,95.57733230298928,20.174585468115655,3.9611392912945997,0.024159884644053137,0.9922535007382018,4.422667697010729,2.5205675723201253,194.09752144671623,27.84349613836864,0.5361446180924023,0.5313403569785634,155.18968306664192,64.06417497834263,21.9889332111403
1627.375,非储层,1.0494260153479806,24.077705812693708,74.87286817195832,92.90426179259767,7.095738207402336,93.90832563176748,20.105962464265247,3.947665642615765,0.02407770581269314,1.0040638391698178,6.091674368232514,2.5104755947772026,194.19142821294284,27.8312514528417,0.5377239036479053,0.532852753910142,150.99673454198742,63.30984600023543,22.01022352134918
1627.5,非储层,1.022518975950404,24.78173293487893,74.19574808917066,91.45914010899182,8.540859891008179,92.48427936588612,20.69385663502209,4.0630945669219605,0.024781732934880257,1.0251392568943056,7.515720634113876,2.0195899149555006,186.62748820034943,27.71029030691837,0.5429097558657207,0.5379173834443043,166.10943696105852,62.0793109013685,22.01849933523085
1627.625,非储层,1.0163146024871947,23.79886448789964,75.18482090961317,92.56514177518524,7.434858224814766,93.60140774100847,19.87311747257838,3.90194815083336,0.02379886448789989,1.036265965823236,6.398592258991531,2.554914055154153,188.46698863359413,27.89995808618611,0.544915712948237,0.5397761742711563,157.20540373467864,63.35637692745729,22.024758081492816
1627.75,非储层,1.0150767416451718,22.214466463759464,76.77045679459536,90.72229557699077,9.277704423009226,91.75465783593847,18.550074178934345,3.6421778183613585,0.02221446646376024,1.0323622589477106,8.245342164061519,2.2375712942255808,192.69430479913902,28.083960330437733,0.5454509145121694,0.5402165159617001,156.0658121106146,62.29357388750331,21.96400460531226
1627.875,非储层,1.0314579789278762,22.151129950385005,76.81741207068711,90.15531606089503,9.84468393910497,91.19038757755527,18.49718535429172,3.631793466142901,0.02215112995038529,1.0350715166602462,8.809612422444724,2.4007398831718065,187.28433881937684,28.170456057927954,0.5477073383851383,0.5423824589776978,159.43395712461978,62.71125896790945,21.86114133229652
1628.0,非储层,1.028732243140285,23.885441097190586,75.08582665966912,88.8884857190453,11.111514280954694,89.93071018105366,19.945412817916864,3.9161428381765306,0.02388544109719129,1.0422244620083434,10.069289818946348,2.4150846290545753,210.53334952300847,28.340743997829193,0.5513503279616148,0.5458961158249427,160.17096478206474,61.736986574360756,21.985849212023936
1628.125,非储层,1.0258822931007772,22.02789548147158,76.94622222542765,88.0026030833195,11.997396916680502,89.05240606627876,18.394279054765015,3.611588531225096,0.02202789548147177,1.0498029829592734,10.947593933721233,2.3021485199540628,202.38852999242607,28.53490555569762,0.5488727974233429,0.5434119494991319,162.02381580332445,63.73457299410668,22.003694263817813
1628.25,非储层,1.0396353195284995,20.10815418473767,78.85221049573383,89.94005599059662,10.059944009403377,90.99972586426823,16.79120911307302,3.2968369174799137,0.02010815418473713,1.0596698736716033,9.000274135731779,2.5824967979212348,210.6674806570209,28.84137179217188,0.5408929839731571,0.5355365717515164,155.7485750422154,63.81007849439305,22.813010213866427
1628.375,非储层,1.0104062741035988,18.827492619474107,80.16210110642228,91.7843967254232,8.2156032745768,92.8313973420519,15.721799362786859,3.0868657640677735,0.018827492619474112,1.0470006166286985,7.168602657948098,2.4482725500506133,216.06752983554276,29.173687696521892,0.5324803195443071,0.5272565572912651,165.70458143556638,62.99075239364033,22.802167081724704
1628.5,非储层,0.9918124110468912,20.301063173693645,78.70712441525947,90.18487467731967,9.815125322680329,91.21534690289863,16.95229675660272,3.328465353917233,0.020301063173693012,1.0304722255789631,8.78465309710137,2.364514414994615,200.75856603852938,29.143318296479812,0.5306062481793475,0.5254807603246274,163.29899018814464,63.47386280553435,22.537859699549664
1628.625,非储层,0.9912035669497459,22.357896561717904,76.65089987133234,89.5854944783993,10.414505521600702,90.59307432759917,18.66984473299926,3.6656939321569286,0.02235789656171855,1.0075798491998675,9.406925672400835,2.527074765542694,200.99215592100367,28.876389713831756,0.5330249479045032,0.527922026069286,154.31541503466923,65.1593237239268,22.633910121872606
1628.75,非储层,0.9765575020589933,23.017238960548912,76.0062035373921,91.70770776967399,8.292292230326016,92.7291779502571,19.220425158938593,3.773796562649773,0.023017238960548747,1.021470180583103,7.270822049742909,2.463277635732987,205.64686471976776,28.626278090527382,0.5369718112366472,0.531802108438705,148.12843877826225,63.54667791894907,22.105294168579537
1628.875,非储层,0.95158565178964,21.575160442792008,77.47325390541835,92.18022134642956,7.819778653570442,93.22446401668667,18.016225025666017,3.5373602566831988,0.02157516044279245,1.0442426702571153,6.77553598331333,2.5742853761853417,203.3764484771371,28.505656685123597,0.5400870065818245,0.5348121230217717,151.24519670207408,62.81262234230257,22.202911893213408
1629.0,非储层,0.931479154634523,21.663137599415137,77.40538324595035,89.62217478821202,10.377825211787982,90.6765050537456,18.08968989073821,3.5517845710775156,0.02166313759941474,1.0543302655335924,9.323494946254396,2.52879893739346,200.77420158839956,28.641726631036168,0.5367269332331811,0.5313741093171476,159.66330673683706,64.05008339977162,22.06469237662509
1629.125,非储层,0.9277354784613736,20.9292397884129,78.14302473312573,90.10421557600938,9.895784423990616,91.18543878435133,17.476852357320126,3.431458191304362,0.02092923978841213,1.0812232083419566,8.814561215648665,2.4378590683555483,202.03546688069542,28.91034150848116,0.5373339514815568,0.5318424877155679,161.0852996496079,62.40328400622238,23.020729733234806
1629.25,非储层,0.9000765844886307,20.23428785027752,78.86563556523384,87.94919015913479,12.050809840865206,89.00566817804932,16.8965363715981,3.3175171908291445,0.020234287850276478,1.0564780189145226,10.994331821950688,2.3440015744129346,198.98767385596378,29.035593294920904,0.5419439862743307,0.5362456064711323,146.5808032292514,64.06632271903676,22.8923831022474
1629.375,非储层,0.9009306105178386,20.33356624694509,78.76550314253707,87.55648717976646,12.443512820233538,88.6434047742105,16.97943827813515,3.333794402562993,0.020333566246946017,1.0869175944440324,11.356595225789501,2.3915439602623683,201.04553906480044,29.019751371573726,0.5467177166822983,0.5408046429878499,166.63068749551798,63.569184953412055,22.963918058608343
1629.5,非储层,0.9054192414729446,21.897631613169633,77.19694914535742,86.78386300521956,13.216136994780447,87.90142611082011,18.285502891998366,3.590231089558095,0.021897631613169988,1.1175631056005588,12.098573889179887,2.5331304853558625,196.9556735647398,28.93527938913938,0.55066103869273,0.5446549835443855,162.13289282531105,62.68830386353915,23.947181797317178
1629.625,非储层,0.9183227492485538,21.873595746640028,77.20808150411142,88.57230170517605,11.427698294823951,89.66240962298467,18.265431867208893,3.586290283684497,0.02187359574663955,1.0901079178086228,10.337590377015326,2.376500999025231,192.60482184568005,28.79969156806802,0.5562639482768499,0.550082876271455,151.74966203898236,64.22106431345046,22.655987201033852
1629.75,非储层,0.892472768344566,21.73337337650342,77.37415385515202,86.076747370933,13.923252629066996,87.1754748286284,18.148339909505403,3.563300093621513,0.021733373376503495,1.0987274576953954,12.824525171371604,2.396923163809252,198.79096698950127,28.700601982733918,0.5609491432967795,0.5546409778261259,162.3746040754756,63.349205687506235,23.095137475145854
1629.875,非储层,0.8920254999268528,21.437193100642027,77.67078139943112,85.83031635047264,14.169683649527354,86.93629037657033,17.901016117303183,3.5147397902382043,0.02143719310064157,1.1059740260976736,13.063709623429675,2.3697224282712184,202.14675831541177,28.649542406008607,0.562912630223407,0.5565652765433199,154.61121356566832,63.24424967790338,22.9506153469806
1630.0,非储层,0.8970980352151149,22.46463149620139,76.63827046858349,86.2096257311992,13.790374268800809,87.32632688813247,18.758973182488806,3.6831936822163867,0.022464631496200288,1.1167011569332825,12.673673111867522,2.465446423847028,198.19180746671975,28.79885393075812,0.5621749874714136,0.5557705330939199,153.88666704317643,64.35682725797625,22.141707292208192
1630.125,非储层,0.8981225753648532,20.29538805009734,78.8064893745378,87.22297168492891,12.777028315071092,88.33890233344933,16.947557774288747,3.327534887758496,0.02029538805009834,1.1159306485204221,11.661097666550669,2.2192800526371355,205.93869007791935,28.78457276801169,0.5598043856463483,0.5534652578391708,154.92139636638106,62.62252361268688,22.0917866681019
1630.25,非储层,0.9040017223731597,21.854322838266917,77.24167543935992,87.7144940635538,12.285505936446206,88.81282737967692,18.249338125747744,3.5831303896809037,0.021854322838267548,1.098333316123127,11.187172620323082,2.375237151934548,221.1127892361934,28.9302166898778,0.5571511516348526,0.5508782577722161,163.3083256015085,63.613757115208934,22.015055921619204
1630.375,非储层,0.9224651928231233,19.841622606524034,79.23591220065285,85.7252302289666,14.274769771033402,86.81870366308965,16.56864331096576,3.2531376729517487,0.01984162260652428,1.0934734341230452,13.181296336910354,2.444472575383147,210.01731424363396,28.972443317760693,0.5576851822871736,0.5514713429302094,163.3376480436733,63.8989138020212,21.898522015887643
1630.5,非储层,0.9478020615034997,21.98354481155502,77.06865312694148,85.37793290803941,14.622067091960588,86.45439093629646,18.357244259525622,3.6043170072178423,0.021983544811556704,1.0764580282570493,13.545609063703534,2.4417720145948323,188.62371810151947,28.681164337007967,0.5629998617151295,0.5567523691792833,160.01342063702435,63.23482189184998,22.031479339961177
1630.625,非储层,0.9469711816605381,23.40278287018972,75.65024594814975,87.47166367518844,12.528336324811562,88.5747705830914,19.542371586719824,3.837008500599707,0.023402782870190347,1.1031069079029474,11.42522941690861,2.232679711541243,210.449728517657,28.678744251540493,0.5603515928812285,0.5542094926352423,147.69985279025468,63.99271784202644,22.120238975577337
1630.75,非储层,0.9646264109665921,21.80552579077967,77.22984779825374,89.43341864458742,10.566581355412573,90.51760483966939,18.208590406144477,3.5751298588444094,0.021805525790779406,1.0841861950819596,9.482395160330615,2.5576574237569485,186.94632819578035,28.622309938077358,0.5562541350388609,0.5502493082998176,151.96127692490836,63.2299114303079,22.023776914803367
1630.875,非储层,0.9393538802722879,20.38767685877557,78.67296926095214,89.01202962283219,10.98797037716781,90.09060911008662,17.024623061886786,3.3426661200300076,0.02038767685877685,1.0785794872544263,9.909390889913382,2.349001425096946,212.141551581714,28.55333718095575,0.5558436134495888,0.5498468202926778,164.6795522314264,64.06849567740858,21.85098905178721
1631.0,非储层,0.9249351417689841,22.729349120651566,76.34571573757945,86.4607507331217,13.539249266878295,87.54278461180964,18.980024251981426,3.726595519549489,0.022729349120650943,1.082033878687924,12.457215388190368,2.3655958528433048,208.51845988633397,28.724536774594426,0.5521379281717967,0.5461878811659738,168.98157530477818,63.98790351171357,22.11018440699269
1631.125,非储层,0.9347462903843828,21.558570075306093,77.50668363430952,87.6564565521196,12.343543447880412,88.76163883066805,18.00237132595995,3.5346401792708404,0.02155857007530501,1.105182278548458,11.238361169331956,2.451765264699497,207.73810051282712,28.882472074620548,0.5506053205858055,0.5445959553402839,155.47593202492456,64.04108524776814,22.011844017557966
1631.25,非储层,0.9522302859608663,20.122559028711706,78.92521068532743,88.48845037540801,11.511549624592,89.61501467124661,16.803237802787006,3.2991986668959883,0.0201225590287131,1.126564295838607,10.384985328753393,2.450157762570337,202.1470096137724,28.932626433945828,0.5495923801287835,0.5435282532920187,172.9431229664177,62.09917116146762,22.028889937058683
1631.375,非储层,0.959544675903932,19.827520048665413,79.21293527543065,89.06532744674809,10.934672553251911,90.19730427044851,16.5568670436934,3.2508254849233476,0.01982752004866528,1.1319768237004249,9.802695729551491,2.3324585839649923,218.4466241551136,29.050899546566214,0.5432170535089847,0.5372430033013558,151.62985672707322,63.593241446940084,22.049001060310918
1631.5,非储层,0.9609969360136568,21.382022348281183,77.65698071570516,88.99255992650235,11.007440073497655,90.10885120401446,17.854946068739515,3.505694257193384,0.021382022348281904,1.1162912775121203,9.891148795985538,2.458010180339557,191.82856111256535,29.22905690224888,0.5351901281290821,0.5293978658159368,159.59203761802945,62.556163425212155,22.23269622981025
1631.625,非储层,0.9559135986345422,19.56652027414747,79.477566127218,90.7590839235047,9.240916076495298,91.85381189488456,16.338920545365767,3.208033208507554,0.019566520274148097,1.094727971379859,8.146188105115437,2.5842158071615517,203.71350656881458,29.23879378644203,0.53505308145152,0.5293361925645768,153.58072098379597,62.911182881047715,21.923521023077274
1631.75,非储层,0.9310374622552577,20.035406975047586,79.03355556269716,88.46415998200042,11.535840017999577,89.53524631367762,16.73046193563065,3.284909632441889,0.020035406975048298,1.0710863316771904,10.464753686322382,2.517177926955533,199.82845924397847,29.039832187635366,0.5374861648559963,0.5318387387669427,164.06266200970754,63.38057876578306,21.933426080123944
1631.875,非储层,0.947991360121039,21.9751652246436,77.07684341523536,89.92484878783516,10.075151212164846,90.9913169673962,18.35024692924766,3.6029431301712966,0.02197516522464346,1.0664681795610569,9.008683032603793,2.553796474439701,207.38496320157623,28.963008873981646,0.5351773381746641,0.5296803693857575,153.21253551517017,61.903696856454474,21.765244685231885
1632.0,非储层,0.9718524658701347,22.163960862519538,76.86418667161033,91.49498518891784,8.505014811082157,92.55687548880681,18.507899740444874,3.633897161212147,0.022163960862519455,1.0618902998889643,7.443124511193188,2.4921790265294894,204.88239986576718,28.848439460747212,0.5333900857085774,0.5279820931836132,161.97186866129397,63.10289364493264,21.90588301940866
1632.125,非储层,0.9508651507741583,20.766479629555732,78.2826552196701,93.47102540716482,6.52897459283518,94.54234911616304,17.340940336876102,3.404772813050077,0.02076647962955605,1.0713237089982133,5.457650883836962,2.226983573017609,209.66149816887003,28.57098841926783,0.5337153922350599,0.5283435656624234,157.40349306332251,62.9553266809655,22.27583228977791
1632.25,非储层,0.9723690885783385,22.948677077126835,76.07895383429482,91.72548857461065,8.274511425389353,92.81133931669007,19.163172916333444,3.7625554837162603,0.022948677077127416,1.0858507420794241,7.188660683309934,2.252894718186758,207.97171001961144,28.385788922156863,0.5370797621226622,0.5316091569816166,141.4756910121308,63.852599137431795,21.99430775105206
1632.375,非储层,0.9749979422885607,23.95164228683263,75.07335977087881,90.09745975827748,9.902540241722512,91.2089527045001,20.00069377551254,3.9269968690332586,0.023951642286831887,1.1114929462226162,8.791047295499899,2.4542234635568545,210.80079003738345,28.41243293910575,0.5351091610147226,0.5296363317686335,148.25965431162692,63.418292119473584,22.00910491702366
1632.5,非储层,0.9510669286910085,21.876913656251407,77.17201941505758,92.51078723496529,7.4892127650347025,93.59762626039941,18.26820247029812,3.5868342722970348,0.021876913656251884,1.0868390254341074,6.4023737396005975,2.3709094771356947,204.52012048586178,28.41543317493974,0.5333027794563018,0.5278009734565061,154.14635379173322,62.29979734502925,22.122539475053326
1632.625,非储层,0.9311059789161974,20.73058505888249,78.33830896220131,94.75884663459601,5.241153365403994,95.877693567804,17.31096676313775,3.3988877106858593,0.020730585058882645,1.118846933207997,4.122306432195999,2.417105006265,187.47965922512154,28.66638795962222,0.5280570363980213,0.522606829512923,158.9967787016713,63.99943524252218,22.014275599894052
1632.75,非储层,0.9075641300050041,20.284394452263943,78.80804141773106,92.14309393507735,7.8569060649226525,93.23006019556459,16.938377627845185,3.325732429966494,0.020284394452263488,1.0869662604872488,6.76993980443541,2.422725923150901,196.50938051620872,28.80567204409849,0.5249796891901679,0.5195580006817553,144.45242793352887,63.54067987093295,22.00925287117184
1632.875,非储层,0.9278910258921423,22.48117703182596,76.5909319422819,90.32020153037212,9.679798469627887,91.43176385160356,18.772789445583246,3.6859064092108893,0.0224811770318252,1.111562321231447,8.568236148396435,2.689837386563042,195.1149872744874,28.825760339142473,0.5271373228795588,0.521609351983854,136.5427317355929,63.55361929036869,22.06404658513939
1633.0,非储层,0.9189441341828192,21.71365268697929,77.36740317883789,90.78082648078869,9.21917351921131,91.8973305807391,18.13187225073317,3.5600667835591375,0.021713652686980445,1.1165040999504086,8.102669419260899,2.36293185362896,185.34319596157434,28.561397519414193,0.540708944776995,0.5349309286015245,153.05666340471763,63.1644910046731,22.054265256564964
1633.125,非储层,0.9252551246080966,23.68488391869228,75.38986095669962,88.89801950247825,11.101980497521758,90.00277112495627,19.77793859366166,3.8832604411119265,0.023684883918693306,1.1047516224780234,9.997228875043728,2.4864523370023672,195.04748600224158,28.408902169251512,0.5473470553377451,0.5414453645119698,164.13351906444007,62.769065604233376,21.79638005202971
1633.25,非储层,0.9181834985225898,21.963719876837985,77.11809662463943,89.55094948061127,10.449050519388736,90.63852926743782,18.3406895513496,3.6010666056115443,0.02196371987683854,1.087579786826554,9.361470732562182,2.465866773166931,200.96949143555113,28.63553999410605,0.5439952463920779,0.5381704128934036,163.6823128811205,62.353343304257436,22.239806132679117
1633.375,非储层,0.9219084092215954,20.045722485319107,79.0323691054593,89.71830590641635,10.28169409358365,90.80070775046521,16.73907584859779,3.286600914235998,0.02004572248531858,1.0824018440488492,9.199292249534796,2.3411543474714938,203.05431148660884,28.59288307696143,0.5469801035975798,0.5411152734318743,155.92820027896113,63.61161529566935,22.149194450364195
1633.5,非储层,0.9494379290863362,22.17236509757553,76.87819697333813,89.34194226217446,10.658057737825544,90.44977089898433,18.514917653027204,3.635275079450749,0.02217236509757664,1.1078286368098693,9.550229101015672,2.4574808243489965,200.8399777526651,28.63004367419662,0.5482490309315158,0.542331102061768,149.89671379314504,63.15357321638169,23.12934248869101
1633.625,非储层,0.9601383516650476,23.27516558815521,75.76469606017973,87.63580252507475,12.364197474925254,88.75726101354941,19.43580544199084,3.8160849805762154,0.023275165588153984,1.1214584884746681,11.242738986450584,2.3226965608302175,201.03045381678942,28.320902543967968,0.5615409159415994,0.5552795626681943,163.1877496049531,64.27356268424391,23.061136968168135
1633.75,非储层,0.9517068596286765,25.344786419943045,73.70350672042828,85.32728136697608,14.672718633023917,86.47610643451851,21.16403150650443,4.155410127018673,0.02534478641994173,1.1488250675424272,13.523893565481494,2.313720968068011,194.9042495639586,27.986148327085875,0.5778657472652582,0.5711511219263017,148.25468430198578,62.13374297337245,23.10315073082483
1633.875,非储层,0.9763681206978175,23.715950990926828,75.30768088837536,83.7736101254652,16.226389874534807,84.94164760583266,19.803880990046167,3.8883540498897333,0.023715950990926826,1.1680374803674713,15.05835239416734,2.3906922507490758,196.01147431465213,27.876555500820267,0.5892777617392785,0.5821655459944072,166.03010943132062,62.79966675440561,23.21096646826169
1634.0,非储层,1.0036755441541747,23.404800976418382,75.59152347942745,83.79704462322898,16.202955376771023,84.99789696947781,19.544056795784094,3.8373393796578705,0.0234048009764197,1.2008523462488312,15.002103030522196,2.2325078707610966,201.82488561717,27.93379553687886,0.5969863167952061,0.5895054463510264,150.93745353472292,62.81419264567907,21.963510288136757
1634.125,非储层,1.0106780307225314,22.70263330588146,76.286688663396,82.4617503400935,17.5382496599065,83.68482551875233,18.95771535041295,3.7222153221626244,0.022702633305882874,1.223075178658843,16.315174481247663,2.3629952790458812,170.19175533797238,27.97688078379889,0.6043702252727053,0.5965825384425771,163.03995756090652,62.36350974836167,21.97993138741197
1634.25,非储层,1.0234466958911654,24.901638712863715,74.07491459124512,80.8254511861601,19.17454881383991,82.04013492036503,20.79398332857691,4.082753745573944,0.02490163871286255,1.2146837342049506,17.959865079634962,2.2710634240316017,186.71227027929407,27.830022104251043,0.6149274998912646,0.6067976267220775,162.65256890888523,62.94740413037843,22.075180807886838
1634.375,非储层,1.0087252945318,25.34401872288058,73.64725598258762,79.94577415745773,20.054225842542262,81.16852962539637,21.163390445082634,4.155284259075065,0.025344018722880945,1.222755467938643,18.83147037460362,2.4109964994409894,206.1733083548603,27.595733667019896,0.6248469125095651,0.61651019076052,150.71800076575977,61.99524842861837,22.093534362327816
1634.5,非储层,1.0375818343009455,25.956562027819295,73.00585613787976,81.30055258085372,18.699447419146274,82.50587500062848,21.674891532131465,4.25571393366001,0.025956562027820707,1.2053224197747539,17.494124999371518,2.457383993492101,213.07289730301338,27.35952068985543,0.6359048499560844,0.627369846007487,156.13737188210615,61.806831285562225,21.97401763213764
1634.625,非储层,1.0392564232929622,25.288738858258654,73.67200471844838,79.4713657797455,20.528634220254503,80.67224932242219,21.117229282895323,4.146220836505071,0.025288738858258997,1.2008835426767,19.327750677577804,2.460807384787484,202.68224478003316,27.248469303989907,0.640853139680343,0.632222682413955,144.05718125706497,61.535327254085765,22.006523805855448
1634.75,非储层,1.0357733873280233,26.114216370081987,72.85001024258999,79.65980618518338,20.340193814816622,80.86996855952327,21.80653996709951,4.281562186612396,0.026114216370081572,1.210162374339897,19.130031440476724,2.502320090891494,190.05475978754833,27.009431345927815,0.646409734111963,0.6377887734864454,150.13446260773898,62.25555155057562,23.315496797687466
1634.875,非储层,1.0230118074495058,27.917388074116502,71.05960011843399,80.0779533872498,19.9220466127502,81.25670513621702,23.312269079332033,4.577201606710353,0.027917388074116117,1.1787517489672241,18.743294863782978,2.3202363518166926,195.0862788059162,26.92904155957068,0.6474229154815886,0.6388008719521664,143.14534238679425,61.95149240385946,23.80560203481541
1635.0,非储层,1.0441618657894252,26.81321483749669,72.14262329671388,81.75821250632428,18.24178749367572,82.9635705589953,22.390234985958397,4.396166636700798,0.02681321483749624,1.2053580526710201,17.036429441004696,2.4711168935887713,189.5391138311746,26.71762211389985,0.6524221235213538,0.6437059642289902,160.62131922244544,62.14366661661773,24.01443013086406
1635.125,非储层,1.0532946248438118,27.563743172953604,71.38296220220258,79.54880312608465,20.451196873915343,80.76189050128902,23.016959751949543,4.519219677831106,0.027563743172955013,1.2130873752043558,19.238109498710987,2.252307097279471,208.8007467636133,26.711696581198723,0.656756413606336,0.6479859388341993,155.64972356619242,62.3444765582542,24.69056596308923
1635.25,非储层,1.067814247424554,26.193590755743557,72.73859499683188,77.66773752557515,22.332262474424848,78.84852470239748,21.872821133218512,4.2945760317693,0.026193590755744373,1.18078717682233,21.151475297602516,2.368253780671392,175.2336102360595,26.712981986584108,0.667030480090872,0.6580078322741647,150.91075454376977,61.042818102088845,23.027129823652366
1635.375,非储层,1.0581390864531883,27.963316952132466,70.97854396141435,75.40598804307861,24.594011956921392,76.56880386868733,23.350621749000748,4.584731886179584,0.027963316952133582,1.162815825608718,23.43119613131267,2.2183021695577856,193.444892586124,26.739509165217406,0.6842323349566091,0.6748053917949723,151.57157426543574,61.01082365893945,22.62214894707144
1635.5,非储层,1.079210684423457,26.651188332911467,72.26960098266507,73.55195725655038,26.44804274344962,74.71080581305391,22.254935599681772,4.369601544896786,0.02665118833291083,1.1588485565035183,25.289194186946094,2.5388458223500985,183.69767304875597,26.94075594365067,0.6933306174708431,0.683715846786953,139.13785766486254,62.41098695563701,22.761576741852135
1635.625,非储层,1.0694933902421857,25.492143871333727,73.43836273842409,73.2006233621354,26.79937663786459,74.34437586608163,21.287081576537634,4.17957015092476,0.025492143871334166,1.1437525039462273,25.655624133918366,2.171232987235618,180.80203435054398,26.877239108205192,0.7027362992721186,0.6930112404406195,154.00462485969823,62.78474605151749,22.107003828674642
1635.75,非储层,1.0415186524406042,26.957319688407612,72.00116165915178,74.22728139340116,25.772718606598843,75.33853970136715,22.510568988951572,4.419793379767631,0.026957319688408754,1.1112583079659886,24.661460298632853,2.4038190051090322,180.47503966328136,27.092657219675417,0.7004590307128808,0.6908805001869722,147.45758683890767,61.05793740548833,22.12404086772373
1635.875,非储层,1.0387010395841267,25.671833685517843,73.28946527489803,73.9661715601444,26.0338284398556,75.05515649361591,21.437130617227044,4.209031234605277,0.025671833685519257,1.0889849334715187,24.944843506384085,2.5586033414799836,174.74580844622764,27.367608917245093,0.6904667272180182,0.6812720736581391,157.44458226339242,62.90415773282696,22.22426958836502
1636.0,非储层,1.0083280719622179,23.69697777769112,75.29469415034666,74.85481116972524,25.14518883027477,75.9167311042295,19.788037507443995,3.885243292469434,0.023696977777690198,1.0619199345042594,24.083268895770505,2.3920105381100476,192.13197314694298,27.35613498847775,0.6842501616428904,0.6754081736406949,139.81629712946105,61.59052627664357,22.854408177033314
1636.125,非储层,1.0168140740673015,25.598342082311976,73.38484384362071,76.01058277476253,23.989417225237474,77.06749336159908,21.37576183786781,4.196981902361854,0.02559834208231207,1.0569105868365434,22.93250663840093,2.2035528696666993,194.19536162784374,27.479376615004384,0.681530568057263,0.6727824243560596,153.73604606261102,62.33086271271427,22.946074402545417
1636.25,非储层,1.008384214016644,25.64743647017027,73.34417931581308,74.0143382443376,25.985661755662402,75.09394273033837,21.416757849994703,4.205031183705397,0.025647436470171286,1.0796044860007683,24.90605726966163,2.3717537715327413,186.82644986927798,27.282569247951034,0.6868681687569037,0.6780456360419844,150.3037808251039,60.891103557482054,22.89489486054732
1636.375,非储层,1.0005352711749638,27.821707611108426,71.17775711771661,73.89895455251335,26.10104544748666,74.97900632240741,23.232371608502827,4.561514294994491,0.027821707611108,1.0800517698940728,25.020993677592585,2.452097899104019,195.04315285350344,27.08767233188429,0.6931923775973317,0.6842674251109437,147.966983858719,61.64645890861785,22.784507530718916
1636.5,非储层,1.0094688156902214,25.8143362119166,73.17619497239318,74.2043993399791,25.795600660020888,75.26206900789593,21.5561266075064,4.232395268198284,0.025814336211917033,1.0576696679168132,24.737930992104072,2.2713043970499673,206.8510279727394,27.181799978884584,0.6991029505389303,0.6900194189761621,149.83689930986523,60.58419751502555,22.056481334017285
1636.625,非储层,1.0030421906131433,24.64879500577063,74.34816280361622,72.43442931570321,27.56557068429679,73.47450630461151,20.58284751174758,4.041298699017276,0.024648795005771662,1.040076988908299,26.52549369538849,2.3454900751272545,188.9574492514672,27.227952997956717,0.7063413599144212,0.6971661754911757,159.82782334662392,62.38616847942869,22.138986588413843
1636.75,非储层,1.0305310495435271,25.196158433647785,73.77331051680869,70.57626191751048,29.423738082489525,71.60485781975162,21.039920482936047,4.131041792278091,0.025196158433647697,1.0285959022411326,28.39514218024839,2.281532319017996,191.6121296935577,27.36348681572732,0.7147211812921385,0.7053422531751392,152.16941041168,62.44484877807179,22.0751169973062
1636.875,非储层,1.0170654906880505,26.42790152874508,72.55503298056686,69.17613168676974,30.823868313230264,70.22291225247032,22.0684811202451,4.332992506971236,0.026427901528745107,1.0467805657005913,29.777087747529674,2.3913457174759314,183.02418640916758,27.134278336149446,0.7380995238478935,0.728094065727652,155.1056828691404,61.43278393389183,21.889876489327094
1637.0,非储层,1.0016069317725165,28.405018153140283,70.59337491508721,67.68289687218541,32.31710312781458,68.75452238031275,23.719462029589362,4.657151105397778,0.0284050181531402,1.0716255081273365,31.245477619687247,2.2149928636198024,185.0050241013046,26.910790641552744,0.7616420629947497,0.7509547914401391,151.96383511878454,61.60702364027938,22.02223415744266
1637.125,非储层,0.9907148053108473,27.177209854021523,71.83207534066763,65.97571315203452,34.02428684796549,67.04333149747521,22.694187123108005,4.455845521059493,0.027177209854022805,1.067618345440707,32.95666850252479,2.2992426806306345,195.54356366511382,26.7265389287584,0.7816587562262086,0.7703516733074526,139.0668549936331,60.8174892993995,21.950321663611543
1637.25,非储层,1.0157861173061469,27.28382000886812,71.70039387382573,65.29664293449622,34.70335706550378,66.3601232714399,22.78321137601358,4.473324812845672,0.027283820008868614,1.0634803369436758,33.639876728560104,2.2433266633169833,178.9272619705659,26.642692728525,0.7928571646655795,0.7812371842539712,154.85947110250905,61.972764712256776,21.83584128655771
1637.375,非储层,1.0119743553171119,27.388385926323945,71.59963971835894,66.09905239157303,33.90094760842698,67.14999691207058,22.870528599164462,4.490468941233159,0.02738838592632395,1.050944520497557,32.85000308792942,2.165411439162509,190.5123181305349,26.79772818926975,0.796068947507672,0.7843614350844647,147.04436715781546,60.45424102645899,22.13183524902667
1637.5,非储层,1.0124684689317969,26.768795891900076,72.21873563916813,65.05306597343858,34.946934026561415,66.09806126660823,22.35314317746903,4.388883918539148,0.026768795891900232,1.0449952931696356,33.90193873339178,2.6607974442166955,192.55128948724473,26.936436985977274,0.8000518855729551,0.7882357064065613,156.0448350680752,61.40048410857265,21.983894308815287
1637.625,非储层,0.9857211535415975,25.723143125590873,73.29113572086753,63.347840151831434,36.652159848168566,64.38831180292405,21.4799762971351,4.217443685330187,0.025723143125590264,1.0404716510926142,35.61168819707595,2.299379471336624,201.7585184927857,27.12778410184285,0.8005129975836833,0.7885678991366478,141.74384799270146,61.44012597606141,21.831747420593377
1637.75,非储层,1.0057957304912613,25.252205134454396,73.74199913505434,63.31260594177215,36.68739405822785,64.38395347168814,21.08672198767366,4.140230941646283,0.02525220513445517,1.0713475299160002,35.61604652831185,2.2948687239039343,198.7480701307197,27.447879244979347,0.7983850038459841,0.7862918225301558,151.90636904521722,62.76078630195358,22.009188101726654
1637.875,非储层,1.0073590466445368,23.96904551341382,75.02359543994163,63.72686281807003,36.27313718192997,64.80329981925948,20.01522624895999,3.9298502189404165,0.02396904551341464,1.0764370011894586,35.196700180740514,2.633563704190779,188.46203476031366,27.661861765702177,0.797054395064603,0.7847453427435818,152.1593817580165,62.81899883193695,21.852825263028823
1638.0,非储层,1.0045434291306194,24.484469467606306,74.51098710326308,63.44856927164062,36.55143072835938,64.54766105809901,20.445628329490184,4.014356668648516,0.024484469467606074,1.099091786458391,35.45233894190098,2.4538501629901894,196.05596217735206,27.7561614714342,0.7980747282818998,0.7854238166629411,156.37859074668998,62.934556252165386,22.104932919218676
1638.125,非储层,1.0100455990660353,24.712912637378903,74.27704176355506,62.16961998471153,37.83038001528847,63.29877130937738,20.63638860509103,4.051811119650493,0.02471291263737782,1.1291513246658398,36.70122869062262,2.475535476857432,212.73831771992195,27.7777965221871,0.7952469892301257,0.7825396248951835,157.7611672459024,62.81577480968309,22.026223335068988
1638.25,非储层,1.0262267070650133,24.997866933159884,73.9759063597751,64.01971537725876,35.980284622741245,65.14050770889148,20.874338201268216,4.098530864958507,0.02499786693316089,1.120792331632715,34.85949229110853,2.5401246416986814,177.93782619751784,27.487363522512364,0.8063798237277869,0.7933132634966517,144.8109089907216,62.54025913342004,23.173352951163466
1638.375,非储层,1.0294929109205042,27.112984540076624,71.85752254900287,62.95221164157674,37.04778835842326,64.0725946118944,22.64055611019186,4.445315445344687,0.027112984540077212,1.1203829703176587,35.927405388105605,2.278833687674895,191.44153891854967,27.301067213769073,0.8152531731020974,0.8019958408725587,161.9415374132403,62.59596717078838,23.139077607494563
1638.5,非储层,1.0304948362866948,26.50620620872719,72.46329895498612,62.43260513227269,37.56739486772731,63.529028978680714,22.133869034224286,4.345830968294177,0.026506206208728317,1.0964238464080227,36.470971021319286,2.3177054926104335,190.76406919998425,27.009880298473508,0.8286415450355296,0.8151716108536733,148.6348967998885,61.88500387360499,23.946924338083708
1638.625,非储层,1.0565631826088207,27.866678849399406,71.07675796799178,60.929201058324665,39.070798941675335,62.03240531468291,23.269924606121617,4.568887564428391,0.027866678849398224,1.103204256358249,37.96759468531709,2.509537255534704,192.45835624631226,26.88153789497463,0.8420598625666325,0.8282383698573992,159.64473154273503,61.864522532743564,23.826173027342467
1638.75,非储层,1.0439757158409402,26.429079349061414,72.52694493509765,61.11315627299116,38.88684372700884,62.22189793241802,22.069464652947676,4.333185616764674,0.02642907934906208,1.1087416594268436,37.77810206758198,2.1787721255320696,192.5597827721615,27.133226099025528,0.8393307341267418,0.8256003025688183,146.41651118012632,61.86137164639785,22.884332570325263
1638.875,非储层,1.0354722419423181,24.416086568182727,74.54844118987496,61.46183691624836,38.53816308375164,62.54405817225304,20.388525546538027,4.003144935076517,0.02441608656818181,1.082221256004674,37.45594182774696,2.3472736379218873,199.71911918942598,27.52124231751374,0.8350121327489454,0.8212159169620343,147.73372818815423,62.82716479653409,22.932138435733126
1639.0,非储层,1.0106513097440337,22.35487638697804,76.63447230327792,60.25445776612354,39.74554223387646,61.35692704574007,18.66732275185921,3.6651987587318517,0.022354876386977002,1.1024692796165358,38.64307295425993,2.3172231978760163,205.91514838815405,28.145896708951984,0.8223875054730312,0.8087111834229781,148.55875300419038,62.360837558513026,22.0887658183749
1639.125,非储层,0.9949341051329426,21.16507691605889,77.83998897880818,59.051788316378676,40.948211683621324,60.14997117406594,17.67378691881936,3.470124920323471,0.02116507691605901,1.09818285768727,39.85002882593406,2.329076631208057,194.7103912591082,28.522216675568792,0.821763652287112,0.8079669838039195,154.77974603292031,63.30843974569558,22.095784706853326
1639.25,非储层,0.9763036435733625,22.434051257121336,76.5896450993053,58.00141331252235,41.99858668747765,59.087507291953756,18.733437313586887,3.6781798922773272,0.02243405125712042,1.0860939794313962,40.912492708046244,2.433631982452539,191.68740939415858,28.672088250492585,0.8252180089530137,0.811252630950738,151.97318384626521,64.46348606436864,21.979746496523607
1639.375,非储层,1.005444120916078,22.844906236351303,76.14964964273263,59.13866602184867,40.86133397815133,60.21086026652404,19.076519617811204,3.7455417123037473,0.02284490623635088,1.0721942446753654,39.78913973347596,2.4529683093989894,204.80727973034138,28.666722400861648,0.8294705320399157,0.8155244888419213,154.17209623554956,62.95018701073747,22.0046241877949
1639.5,非储层,0.9758354753045625,22.444399750688493,76.57976477400695,59.048337502974434,40.951662497025566,60.09662371383627,18.742078769082752,3.679876581855051,0.022444399750688043,1.0482862108618345,39.90337628616373,2.5606355942210675,200.18112432432213,28.47969838567879,0.8295292839587829,0.8158682167081834,152.09179877496223,62.83075197636038,22.646657370267164
1639.625,非储层,1.0038788493795816,23.159212795028605,75.83690835559182,60.62059137625626,39.37940862374374,61.65754560136811,19.338979667792657,3.797073914440923,0.023159212795027112,1.0369542251118569,38.34245439863189,2.5131815201203036,193.70663732511096,28.538192541578077,0.8184411634527611,0.8053805088900745,156.01898026713764,62.7100837540287,23.56194340235485
1639.75,非储层,1.0014676001501477,21.750466430782556,77.2480659690673,60.73442570691032,39.26557429308968,61.7475016073446,18.16261337519227,3.5661025891595033,0.02175046643078382,1.0130759004342844,38.2524983926554,2.4436319555431125,191.20169053685018,28.64670991524137,0.8084260315600805,0.7959229914272756,156.0866611121921,63.52973546453123,23.6485982292469
1639.875,非储层,1.006222883736301,21.638764672251078,77.35501244401263,61.18918590565946,38.81081409434054,62.17597318624839,18.06933740522663,3.5477885023521956,0.021638764672251426,0.9867872805889274,37.82402681375161,2.3858524543720168,203.05059242055574,28.7893504589597,0.7959766487486043,0.7840340547444353,176.3898390957039,62.77620240393706,23.687213728552692
1640.0,非储层,1.0046533907555257,20.852403864241786,78.14294274500269,61.59550167475929,38.40449832524071,62.579185517939884,17.412690920208576,3.4188605401689687,0.020852403864241725,0.9836838431805933,37.420814482060116,2.508309168689207,193.02786472363798,28.9470707719506,0.792400883499978,0.7805987947214239,150.47379337824137,62.6158540196183,22.66456819866922
1640.125,非储层,1.0099304827397493,21.457255545015187,77.53281397224507,60.34404907355901,39.65595092644099,61.35296745327459,17.91776915667687,3.518029132793301,0.021457255545016124,1.0089183797155727,38.64703254672541,2.36669518233884,201.57145623334878,29.057806142306895,0.7910503106530213,0.7793379118822956,162.5475901532721,63.6455922016448,21.977989191084706
1640.25,非储层,1.011969981387154,20.55907531569573,78.42895470291712,60.21444564489161,39.78555435510839,61.199898476752935,17.16774844800447,3.370767792375566,0.02055907531569451,0.9854528318613263,38.800101523247065,2.610196811139441,194.01871614555498,29.338526267494604,0.7865276866177905,0.7748721319213915,164.1453448825401,63.56497210531432,22.726909047233566
1640.375,非储层,1.0370666760586724,18.609773700172592,80.35315962376873,60.253893279337426,39.746106720662574,61.23835107503932,15.53999431652166,3.0511696099507604,0.018609773700173013,0.9844577957018957,38.76164892496068,2.6571211350227366,205.9108332688514,29.463386723782474,0.7930231270290475,0.7811268501613476,159.2718110825241,64.11345745081276,22.71246282584137
1640.5,非储层,1.0254877417245678,19.546488101931846,79.42802415634358,58.5925561173497,41.4074438826503,59.57520248415798,16.3221927845991,3.204748829230817,0.019546488101931242,0.9826463668082658,40.42479751584202,2.587751785687909,208.59647060833558,29.72131324389896,0.7968049325289113,0.7848608917410911,173.12984955636279,63.630088926178345,23.011800408454196
1640.625,非储层,1.0374713903105026,18.71552103820787,80.24700757148162,57.1645518849082,42.8354481150918,58.123071951030106,15.628298078756034,3.068507438413631,0.018715521038207075,0.9585200661219045,41.876928048969894,2.527007906030234,202.17437230256263,29.980491488400947,0.8002596633881087,0.7881594441770479,157.43938737541245,64.73627224872622,22.612688714599177
1640.75,非储层,1.0606983786296278,17.79581777023137,81.143483851139,57.14245985676286,42.85754014323714,58.11771487378281,14.860304669082886,2.917717283378254,0.017795817770230662,0.9752550170199545,41.88228512621719,2.7916820579757617,222.4048785750438,30.10888988969544,0.8052128649370722,0.7930254934602305,154.84383309632707,64.50410963888004,21.9145451324753
1640.875,非储层,1.069746608784471,17.256166625065063,81.67408676615047,57.7526986288247,42.2473013711753,58.70568195620991,14.409671799285489,2.8292386591545053,0.01725616662506639,0.9529833273852006,41.29431804379009,2.5451011127513676,194.22730132548884,30.213732022353415,0.8069332031682679,0.7947351658376535,153.831925692543,63.661304144284976,22.004703014068312
1641.0,非储层,1.04527193035203,18.430444435510008,80.52428363413796,57.27878719820176,42.72121280179824,58.238353745143066,15.390246350826796,3.021767640247699,0.018430444435510798,0.9595665469413006,41.761646254856934,2.493853645614928,222.83218483829387,30.21179188744303,0.8069993091132497,0.7948431526683392,157.4455176341915,65.69657323532829,22.163761382090623
1641.125,非储层,1.0380471491391567,18.736613448671633,80.2253394021892,57.16139663446293,42.83860336553707,58.107285235987796,15.64591118593345,3.071965649289513,0.01873661344867182,0.9458886015248605,41.892714764012204,2.568632474011496,209.45366807320963,29.94114748793048,0.8191045528495634,0.806682226494141,171.26058177703047,62.83598217286196,21.9892961718366
1641.25,非储层,1.0401295409615288,20.74824569799677,78.2116247610417,55.92615568804884,44.07384431195116,56.8923056485921,17.32571418757631,3.4017832647224626,0.020748245697996964,0.9661499605432602,43.1076943514079,2.3572345878511656,205.52658962295948,29.71441852703036,0.8294479625303811,0.8167103972920526,152.54705673110684,64.32378477624071,21.961851307453486
1641.375,非储层,1.0158844833002993,19.741651570654106,79.24246394604559,56.5779385737724,43.4220614262276,57.543921146701024,16.485163019680915,3.2367468994025357,0.019741651570655272,0.9659825729286251,42.456078853298976,2.5666020924584356,207.0686241184727,29.441341190691055,0.8390001882422269,0.8260354081651544,156.72885521957173,63.766244963507404,21.81058572475072
1641.5,非储层,1.002079961630703,21.402459145195618,77.59546089317368,56.77764246009278,43.22235753990722,57.7405997735303,17.872011709247296,3.509044976803128,0.021402459145194314,0.9629573134375213,42.2594002264697,2.491393462316536,210.551093679609,29.047106270701036,0.8553964763204955,0.8419430036972898,154.38920215919904,64.01519812698263,22.15588378439827
1641.625,非储层,0.9775809869669246,23.035220629680254,75.98719838335283,55.864019434522206,44.135980565477794,56.83803414914945,19.235440657815936,3.7767447512346357,0.023035220629681608,0.9740147146272513,43.16196585085055,2.3676230256961297,211.13092113093353,28.977993340963906,0.8562480411067268,0.8427860763640547,157.32817113235927,62.726196560188676,22.62325770535995
1641.75,非储层,1.0048174092101727,21.49904287762968,77.49613971316015,56.23070164562939,43.76929835437061,57.19612524253993,17.952663450492263,3.5248803842597853,0.02149904287763113,0.9654235969105451,42.80387475746007,2.4806429172303943,187.23524362164616,28.631820495919104,0.8660448227810129,0.8523086863010885,157.35042355340917,62.629476546183184,22.62101856314046
1641.875,非储层,1.0006010637832745,23.485114928112615,75.5142840081041,56.723458170188245,43.276541829811755,57.71738182062695,19.611122541610666,3.8505072715738384,0.02348511492811234,0.9939236504387037,42.28261817937305,2.6434633819557583,200.58496484623106,28.61004248449911,0.8664459146001217,0.8526892729816568,161.90036399810788,63.31039343725613,22.582722679614637
1642.0,非储层,1.0139083023090054,21.633534063047723,77.35255763464328,56.848324205061985,43.151675794938015,57.81735997209807,18.064969612334483,3.5469309166501914,0.021633534063046633,0.9690357670360826,42.18264002790193,2.372255463606417,211.5322354000365,28.570692939016787,0.8605274126781135,0.8469678895818568,162.9083222145943,62.52272129002128,22.513134437461602
1642.125,非储层,1.0037337211124728,23.422871181056315,75.57339509783121,57.744005729045234,42.255994270954766,58.725604706955636,19.559146225773738,3.840302084101522,0.0234228711810551,0.9815989779104016,41.274395293044364,2.340031564129826,208.15709767733665,28.57385016443193,0.8567829664232243,0.8432017664195935,160.1182022547226,63.839468013880946,22.08902767554759
1642.25,非储层,1.0313157531458494,21.440732496683445,77.52795175017071,57.214886809494516,42.785113190505484,58.22392823909782,17.90397167147884,3.515320092707925,0.021440732496682408,1.009041429603309,41.77607176090218,2.4736584834128634,171.7744435564992,26.864286516431413,0.9480156889706679,0.887225737125892,162.57473414001169,61.188953689547546,21.86632278539935
1642.375,含油水层,3.6398667852233286,41.03829714808559,55.32183606669108,51.53022793376234,48.46977206623766,62.62755444791217,34.28076402536983,6.716494825567677,0.04103829714808688,11.09732651414983,37.37244555208783,2.4357788013262422,199.08142085271348,25.100883489699147,1.0424215236996006,0.9346013518114934,155.25079194178753,59.697076908734914,21.844850962307564
1642.5,含油水层,3.5349296434292388,39.86162152712416,56.6034488294466,50.764078050867276,49.235921949132724,61.681345018836375,33.29784460376156,6.523915301835472,0.03986162152712497,10.917266967969097,38.318654981163625,2.3433137477201584,189.71717298226304,23.361916060130575,1.1390427372227667,0.9831072712601447,156.42662251575013,58.30358068201365,22.119543828284147
1642.625,含油水层,3.5967542980878293,41.31744457435661,55.085801127555555,51.52845179096549,48.47154820903451,62.743762116457845,34.513945899699436,6.762181230082814,0.04131744457435693,11.21531032549235,37.256237883542155,2.182083178305859,173.85484223428324,21.452066330820116,1.2302498123417651,1.027815155539672,129.08806687315726,57.171072475613016,21.945366638282366
1642.75,含油水层,3.6400636922110796,41.06618138046554,55.29375492732338,52.90648729659857,47.09351270340143,64.4176395943805,34.30405672649717,6.7210584725879,0.04106618138046553,11.511152297781932,35.5823604056195,2.149875443398289,162.63716495812054,21.335637198995748,1.2340386339901692,1.029865075540541,135.3723000612046,56.64679323005946,21.972418677290616
1642.875,含油水层,3.547504059472055,42.27251299274708,54.17998294778087,52.03119180710093,47.96880819289907,63.5057152764542,35.31174886313098,6.918491616623353,0.04227251299274565,11.474523469353272,36.4942847235458,2.323862816276102,159.75174486973634,21.198928461800534,1.2414397465364357,1.0329423799777238,140.8725925134808,56.562328047975825,21.91724126468714
1643.0,含油水层,3.4637747324240187,41.31080714234857,55.22541812522741,50.831395640520206,49.168604359479794,62.527768915649354,34.508401414274495,6.761094920931726,0.04131080714234736,11.696373275129144,37.472231084350646,2.213239752300097,184.36830990870433,21.204688985641756,1.2454263242811052,1.0332579632423458,160.4948843304859,56.256897987569786,22.154813778992583
1643.125,含油水层,3.428700970217286,41.32081455392647,55.25048447585624,50.73148590825289,49.26851409174711,62.49235648252457,34.516760964710244,6.762732774662298,0.04132081455392733,11.760870574271676,37.50764351747543,2.181928314511421,175.39907618423473,21.199336822381092,1.2652753058930846,1.0459480032894728,145.51334648808546,57.16087556234513,21.987642364969354
1643.25,含油水层,3.528160380287235,41.34117774701269,55.130661872700074,49.67709020424886,50.32290979575114,61.379023967313984,34.53377107150081,6.7660654977648695,0.041341177747014624,11.701933763065115,38.620976032686016,2.3075667910754265,154.28065429079376,21.206307251662405,1.2792548281550573,1.0543050985178994,142.91952124683232,56.45126379142763,22.043921205979203
1643.375,含油水层,3.6334879979618275,42.289739682421654,54.076772319616516,49.78108865135463,50.21891134864538,61.541729281452895,35.32613893593399,6.921311006805246,0.042289739682423166,11.760640630098262,38.458270718547105,2.273052758808721,165.16202522943453,21.25017062834658,1.2747616287554842,1.051532900438692,141.37769540623108,57.45672009464169,22.0638487577019
1643.5,含油水层,3.54491258944661,40.801205030830204,55.653882379723186,51.16434877173474,48.83565122826526,62.71230207282833,34.08271246161759,6.67769136418178,0.04080120503082846,11.547953301093598,37.28769792717167,1.9809869075415687,161.40490049362597,21.186717789523215,1.2726519476785372,1.0510247537408373,129.20551427429353,56.41064374727554,22.008361595894264
1643.625,含油水层,3.6199672188966727,41.88748991645457,54.49254286464876,51.783644930303105,48.216355069696895,63.51033319672329,34.99012525445448,6.855477172083627,0.04188748991645619,11.726688266420185,36.48966680327671,2.1197502699734243,156.77770910319822,21.213681273066626,1.2600557521450504,1.0414766492143446,132.87448345619015,56.90675652041588,22.124666636983573
1643.75,含油水层,3.528723573944306,40.935315145593385,55.53596128046231,51.402794022168806,48.597205977831194,63.308529538615296,34.19473945876668,6.699640371681115,0.040935315145590456,11.905735516446486,36.691470461384704,2.104405792242538,167.6558290169976,21.37569280063603,1.2436985241202834,1.0284505763814722,130.45352896696227,56.37629729524731,21.9599487558602
1643.875,含油水层,3.5639426787889734,40.49609600475912,55.9399613164519,50.711104459351375,49.288895540648625,62.57628885898168,33.82784393023066,6.627755978523703,0.04049609600476067,11.865184399630301,37.42371114101832,2.087178033477492,163.53066129379283,21.33687050571603,1.2404565918761756,1.0253107882948118,146.7044584632905,56.682194077619954,22.14476208293707
1644.0,含油水层,3.6423850257878643,41.112018818060335,55.2455961561518,52.10471820698691,47.89528179301309,64.00880668189397,34.34234638496045,6.72856041428182,0.04111201881806248,11.904088474907057,35.99119331810603,2.2602299506934815,171.5120880255597,21.260208742135944,1.234266149759836,1.0223387673322737,147.14489952942372,55.89450968337738,22.552069594166536
1644.125,含油水层,3.670675390355581,42.593833795149116,53.7354908144953,53.645839647354464,46.354160352645536,65.23259484620844,35.58015967374135,6.971080287612621,0.042593833795148694,11.586755198853982,34.76740515379155,2.413171789916877,166.77292536139586,21.110383707921326,1.2391487645610242,1.0272866136050447,143.71289575402224,56.268104761864905,22.50697505265597
1644.25,含油水层,3.717214678228981,42.44790710123396,53.83487822053705,52.19051644790787,47.80948355209213,64.07970930989173,35.45826186348239,6.947197330650333,0.042447907101235416,11.889192861983854,35.92029069010828,2.1402234735500847,150.71660370593568,21.045842914435514,1.2323585025720503,1.02271218837314,129.4638086309659,56.775379098211005,22.56597608320328
1644.375,含油水层,3.6756748556264247,41.03819325474352,55.28613188963006,52.509974258174154,47.490025741825846,64.55197027916722,34.28067723952853,6.716477821960244,0.04103819325474295,12.041996020993066,35.448029720832785,2.1015479002675166,163.1048898080427,21.17174666321921,1.2261271167008698,1.0168990054575089,142.28752826914916,56.175676729213535,22.29458066850593
1644.5,含油水层,3.619912478205923,39.76366699961426,56.61642052217982,51.89002174664048,48.10997825335952,63.91882228979872,33.21601966763747,6.50788366497717,0.039763666999616254,12.028800543158233,36.08117771020128,2.0993830873653176,172.35187217801334,21.527374702809386,1.2162510853002018,1.0058217501264564,136.13238076747393,57.176649120595165,21.84955237684885
1644.625,含油水层,3.659000100165176,38.851237582004515,57.489762317830305,51.71831990592436,48.28168009407564,63.6415933824933,32.45383459348548,6.358551750937032,0.03885123758200354,11.923273476568944,36.3584066175067,2.1975532603052503,167.89939454103128,21.838055748051104,1.208082213007199,0.9968516325119453,134.8016022571513,57.10124406140922,22.040636898351632
1644.75,含油水层,3.762788425712689,39.17306395173187,57.06414762255544,50.4531224991036,49.5468775008964,62.52089827859161,32.72266772264663,6.41122316513351,0.03917306395173209,12.067775779488011,37.47910172140839,2.2648485464745867,161.27983156850783,21.941439616952895,1.2137922491334714,1.0006916086559503,131.24369391096067,57.298437635931954,22.106595334216166
1644.875,含油水层,3.663497649619152,40.0599588699429,56.276543480437944,50.54873188533653,49.45126811466347,62.35397988952936,33.463522912051346,6.556375999021613,0.0400599588699424,11.805248004192835,37.64602011047064,2.125860220325314,153.58719617915673,22.00246491814527,1.2200910806887508,1.0051870557287725,128.8598342176228,57.65164284167074,22.047679529668855
1645.0,含油水层,3.605728478586126,39.219999923459945,57.17427159795393,50.25753431311176,49.74246568688824,62.07797779141313,32.7618750261394,6.418904897397086,0.03921999992345798,11.820443478301373,37.92202220858687,2.036812954343697,158.60998319769087,21.873357408237453,1.241693403966889,1.0220079770282589,133.62336449654154,57.141014088640816,21.972407525515045
1645.125,含油水层,3.5028659838618004,40.452697160284245,56.04443685585395,49.393001960519136,50.606998039480864,60.98763903958151,33.79159131621384,6.620653146910119,0.04045269716028421,11.59463707906237,39.01236096041849,2.305997196188212,165.52089998607886,21.91567239649733,1.2429980797784874,1.0241258183667301,153.8621707998381,57.445552394673804,22.006087212185452
1645.25,含油水层,3.4161222848844077,38.88882208123453,57.69505563388107,49.744906709332405,50.255093290667595,61.309202525376314,32.48523027602237,6.364702983130926,0.03888882208123445,11.564295816043913,38.690797474623686,2.1807118682467417,163.75625566146704,21.931270228644763,1.2508123933018882,1.0299325980357794,138.13126994189918,57.33273486070799,22.03058593098727
1645.375,含油水层,3.379510118985957,40.07346225755346,56.54702762346058,49.071962683045186,50.928037316954814,60.6298486302423,33.474802776870064,6.558586018425847,0.04007346225755326,11.557885947197114,39.3701513697577,2.088440403197638,157.18467184842396,21.88445461828104,1.2610418455255599,1.0368390420782707,153.29702147668883,57.51372943412482,22.055781832027787
1645.5,含油水层,3.384004251498076,39.861211212657146,56.754784535844784,48.99309114709454,51.00690885290546,60.8421469885865,33.29750185334555,6.523848148098935,0.03986121121265784,11.849055841491968,39.1578530114135,2.13552405760743,166.222414714139,21.990243779637478,1.251350309310688,1.0274804872342242,133.28451122982133,56.635883424387835,21.90801686989265
1645.625,含油水层,3.3630386667977623,39.2973677703374,57.33959356286484,49.844864763580134,50.155135236419866,61.88014098679548,32.82650316829614,6.431567234270924,0.039297367770335656,12.035276223215357,38.11985901320452,2.1208076046013784,162.50967465051866,21.95214786486986,1.2443987140795776,1.0205638731827877,148.28145727585198,56.912659323143046,22.032008104365005
1645.75,含油水层,3.368402007930593,39.194392975075274,57.43720501699413,51.2068584868364,48.7931415131636,63.42996709035784,32.740484622151214,6.414713959948984,0.03919439297507543,12.223108603521439,36.57003290964216,2.0727977934152504,157.59650537805533,21.961022339992454,1.232409310576427,1.0093054851394963,138.28443141069002,55.95621521098691,22.139809456676247
1645.875,含油水层,3.2771902480212853,39.866432674131445,56.85637707784726,50.827082898747946,49.172917101252054,63.16064843169363,33.30186352771089,6.524702713746421,0.03986643267413076,12.333565532945691,36.83935156830637,2.144394724652655,146.04129121793616,22.03613833266501,1.2139070597523094,0.9938302713009387,141.7524096039461,58.8867298283149,22.003649489330666
1646.0,含油水层,3.3282111765099693,38.90385305520636,57.76793576828367,51.23553414536646,48.76446585463354,63.72227262235065,32.497786188611535,6.3671630135396144,0.03890385305520827,12.486738476984197,36.27772737764935,2.068051530058892,158.32089056051578,22.19094615858685,1.2044311459340944,0.9846086404433481,137.48466433771029,57.617381912292025,22.15642874333666
1646.125,含油水层,3.4035790899171157,37.58126281002458,59.015158100058294,49.95301063375832,50.046989366241675,62.41789080643932,31.39297903899404,6.150702508220522,0.03758126281002347,12.464880172680997,37.58210919356068,2.21952042493275,153.42150239790382,22.20083996962612,1.2063844669422337,0.9857562939964041,144.68984191672791,56.7013689835271,22.07721188425145
1646.25,含油水层,3.440530557071977,39.08548972531639,57.473979717611634,50.80631586356796,49.19368413643204,63.06650039012764,32.64951382496856,6.396890410622519,0.03908548972531567,12.26018452655968,36.93349960987236,2.0611347092465357,172.14852943651425,22.155857546573955,1.2021975746022004,0.9849146366902112,152.14135557576623,57.40299358916651,22.003288484175847
1646.375,含油水层,3.347534278064984,40.28587566617112,56.3665900557639,52.020690539319034,47.979309460680966,63.95631764221448,33.65223932864439,6.593350461860563,0.04028587566616976,11.935627102895435,36.04368235778552,2.1670356697218627,163.92536385806088,22.09214791227909,1.2014953669852313,0.9871180662001349,142.99497074561663,56.66904853375803,22.21696970111728
1646.5,含油水层,3.3036945258484294,39.59078224142589,57.10552323272567,51.99631966841831,48.00368033158169,63.89852653781993,33.07160281774596,6.479588641438508,0.03959078224142487,11.902206869401615,36.10147346218007,2.311678442956657,167.32021097486432,22.03967468401579,1.1989142849402405,0.9883072982460901,126.52575990918177,58.04013588826444,22.07697638994622
1646.625,含油水层,3.3254595238735085,38.15807593986633,58.51646453626016,50.882340515466154,49.117659484533846,62.6691408339777,31.874811770003504,6.245106093922964,0.038158075939864755,11.786800318511547,37.3308591660223,2.0606292925612752,174.6630755083722,22.002878855023095,1.2074537428522827,0.9952594099761729,123.0620503987219,56.28628010783097,22.04580360622613
1646.75,含油水层,3.393078629987563,39.57246339104531,57.034457978967126,49.75589100679393,50.24410899320606,61.75861491382992,33.05630042386624,6.476590503788021,0.039572463391046586,12.002723907035989,38.24138508617008,2.2980415241483163,167.84208432832696,22.178023710547706,1.21346931944502,0.9971860988523361,135.10683157799775,58.082878934992394,22.06851050970082
1646.875,含油水层,3.461956628110068,38.49806945008755,58.03997392180239,49.37943552431805,50.62056447568195,61.4931199852927,32.158820564325374,6.300750816312083,0.038498069450089434,12.11368446097465,38.5068800147073,2.2706442601696892,159.6580973277767,22.230952425659645,1.2314157193039472,1.0085969211358756,148.98050603325015,56.8208861195343,22.037706050029477
1647.0,含油水层,3.483348059777655,39.15242661079461,57.36422532942773,48.623337574918025,51.376662425081975,60.60374947485625,32.705428610306555,6.407845573877265,0.039152426610793156,11.980411899938229,39.39625052514375,2.224907085863665,183.807969584258,22.067002713900834,1.2530321686869388,1.0246513680087714,138.69379423284963,58.614655194064,22.249594247941378
1647.125,含油水层,3.4428084977347195,40.00562112873172,56.551570373533565,48.96362219578639,51.03637780421361,60.74554169977,33.41813264457971,6.54748286302328,0.040005621128730295,11.781919503983602,39.25445830023,2.0973513585686367,170.2459682732104,21.937031201550063,1.2750382843693053,1.0423107275979122,135.3743649135928,56.39915638073881,21.939352475144425
1647.25,含油水层,3.4491815285417053,41.104467290607516,55.44635118085078,47.69334107292282,52.30665892707718,59.27755116516187,34.33603832276901,6.7273245005479,0.04110446729060774,11.584210092239049,40.72244883483813,2.2358947986078253,168.15394893279267,21.817661510546234,1.2867448716864467,1.0524556922464425,142.19602950755336,57.479104439298766,21.94772709702155
1647.375,含油水层,3.389298814443556,39.87024503508943,56.74045615046701,48.645118451805246,51.354881548194754,60.41722557875071,33.305048129789014,6.525326660265331,0.039870245035088236,11.772107126945459,39.58277442124929,2.331238733265214,158.8812903777409,21.788097325727264,1.280581327139167,1.0503624228717876,137.75173199426715,56.534238447059444,22.51720522766592
1647.5,含油水层,3.3456261647629257,39.46757284323329,57.18680099200378,49.83651103049178,50.16348896950822,61.347231218249874,32.96868158078753,6.459423689602524,0.03946757284323116,11.510720187758091,38.652768781750126,2.2252256913180175,160.63659605313302,21.705782684281345,1.2765361469655414,1.0503641962288668,135.70377346721574,56.10274884715473,22.73087556898075
1647.625,含油水层,3.3828005119025417,40.8596566710413,55.75754281705616,50.38436576786347,49.61563423213653,61.66723856330335,34.13153921672738,6.687257797642874,0.0408596566710398,11.282872795439882,38.33276143669665,2.37184107848737,157.46471162030664,21.61986478240864,1.2690338924618172,1.046849930447789,124.2226446708858,56.021244213093205,22.674591054017714
1647.75,含油水层,3.3119997146921585,41.97402013774181,54.71398014756603,49.569839131158666,50.430160868841334,60.9632968508739,35.062407057140085,6.869639060463981,0.04197402013774443,11.39345771971524,39.0367031491261,2.363504064947308,167.5759652945621,21.419303796644243,1.2769610708757433,1.0543025030056896,144.94238886493025,56.36317542898946,22.507059265258405
1647.875,含油水层,3.270949831963116,42.038733454694984,54.69031671334189,49.30939386133086,50.69060613866914,60.99220665749156,35.11646441580109,6.880230305439203,0.042038733454694,11.682812796160693,39.00779334250844,2.2504607796183502,165.20130021331644,21.2293849159091,1.290282165003858,1.0628008971902316,126.66262375503194,55.84842285863989,22.446015998632024
1648.0,含油水层,3.1975128842663993,41.55540707976088,55.247080035972715,49.48033541053706,50.51966458946294,61.487284737075484,34.712724529943614,6.801127142737514,0.04155540707976024,12.006949326538425,38.512715262924516,2.2334658351291163,156.76380882390274,21.186449425990638,1.302679587179876,1.0694143853003266,152.52808870876538,56.87704948831508,22.09333904980123
1648.125,含油水层,3.209768867139108,41.434205031820646,55.35602610104024,48.78967167476001,51.21032832524,60.54434596192437,34.611480104770756,6.781290722018074,0.0414342050318206,11.754674287164365,39.45565403807563,2.087508163957788,147.27899085784094,21.33057472375473,1.3061216680530763,1.0697371964394342,137.1041460507405,57.31486504585739,21.950009510101882
1648.25,含油水层,3.2383401862218513,40.53356967075323,56.228090143024914,47.65363227596174,52.34636772403827,59.16642032927889,33.8591470297836,6.633889071298881,0.04053356967075317,11.512788053317152,40.83357967072111,2.0526276192746113,142.07718962066994,21.57566683745434,1.3100435007827569,1.0703866983236499,141.58798897576673,57.679811196277974,22.097888664579912
1648.375,含油水层,3.1794561792137266,39.57420865025675,57.24633517052953,46.429620588740974,53.570379411259026,57.984354920633066,33.057758301588954,6.476876140017532,0.039574208650258735,11.554734331892092,42.015645079366934,1.9823021159200973,155.01972771291483,21.765955685654095,1.3251865589514016,1.0811679483364676,137.5241451222236,56.80642106768546,22.277502283888307
1648.5,含油水层,3.2208665726846615,39.73352373442987,57.045609692885456,45.58577047659916,54.41422952340085,56.98317644904595,33.19083991524641,6.502950295449042,0.03973352373442818,11.397405972446787,43.01682355095405,2.1539569618723156,167.05308762133996,22.01598580531615,1.3268119551035327,1.0825380654356365,152.0702448234609,57.30413953261067,22.027003428705953
1648.625,含油水层,3.1309203264881535,38.917624487883465,57.95145518562839,46.26578213937441,53.73421786062559,57.38407067069422,32.50928996110462,6.369416902290959,0.03891762448788305,11.118288531319811,42.61592932930578,2.171958410096091,168.0493736279987,22.292680781150427,1.3262162181086192,1.081582239061818,146.39622799748122,57.70832350482153,21.906533120399754
1648.75,含油水层,3.0730874504141523,37.731717659247245,59.19519489033861,45.25965731205744,54.74034268794256,56.26847237288407,31.518659380068208,6.175326561519787,0.03773171765924718,11.008815060826624,43.73152762711593,2.178993180439615,173.49558981369032,22.346787781593378,1.3243616458714185,1.082690075601715,149.7493732072482,58.01639944468339,22.200417068841954
1648.875,含油水层,3.149260303145005,39.04031284150389,57.8104268553511,46.23062820129513,53.76937179870487,57.14267704200486,32.6117759508119,6.389496577850486,0.03904031284150261,10.912048840709732,42.85732295799514,2.1870848789290704,191.71826729789927,22.489147684872414,1.3083602648940615,1.073401097323142,137.46899499412757,57.55230976630568,22.02939513036488
1649.0,含油水层,3.1603206263323083,38.186220094859394,58.6534592788083,46.596328224009056,53.403671775990944,57.384988477111065,31.898321593828037,6.249712280936493,0.038186220094859474,10.788660253102009,42.615011522888935,2.230579145028463,173.96755788372337,22.4437661339478,1.3165032071853235,1.0809108116557182,129.86365139332176,57.428426812825315,21.973513318029415
1649.125,含油水层,3.166655842888854,39.456127395605364,57.37721676150578,45.558045311278846,54.441954688721154,56.32560270800919,32.95912078717366,6.457550481036101,0.039456127395604,10.767557396730348,43.67439729199081,2.121016194848789,160.60321382973353,22.243374480121027,1.328102995121501,1.0907234134808939,136.58003691175512,57.21366204018855,22.03725758833207
1649.25,含油水层,3.175362744121318,39.8696918454586,56.95494541042009,45.42813557765944,54.57186442234057,56.416930572907745,33.30458603061547,6.525236122997674,0.039869691845456634,10.988794995248298,43.583069427092255,2.316085724016798,174.9894432777097,22.10579320637124,1.3490217499525834,1.1065428376198587,140.29733498889388,57.73698699262098,22.002341778607523
1649.375,含油水层,3.1880136297112602,40.60948348511928,56.20250288516946,44.632456646505794,55.367543353494206,55.441184894708165,33.9225605663433,6.646313435290857,0.04060948348512117,10.808728248202362,44.558815105291835,2.0164009755604093,152.10495167254854,21.82203328773784,1.3791523918320439,1.130195038984378,136.59773541493433,57.52881978629694,22.049512747606556
1649.5,含油水层,3.1369300768769466,41.35260636379703,55.51046355932603,44.955433716620256,55.04456628337975,55.590243186330724,34.54331780570634,6.767935951726894,0.04135260636379812,10.634809469710463,44.409756813669276,2.220081676810741,169.32348427166886,21.555554846853575,1.4058082883964762,1.150431301809965,125.15166390415885,57.14921581279105,21.98998971387157
1649.625,含油水层,3.193679630001679,42.386928825822736,54.41939154417559,44.454695541853944,55.54530445814605,55.28126847335446,35.407324519213375,6.937217377783535,0.042386928825820236,10.826572931500515,44.71873152664554,2.1479455654470825,164.71053350082875,21.433369147856617,1.4315318713618241,1.1688855895673307,131.0741973029171,56.51114946808238,21.928906090219048
1649.75,含油水层,3.117008123523359,41.32124122692501,55.561750649551634,43.1966009691335,56.80339903086651,54.1211449095769,34.51711737999537,6.762802605702717,0.04132124122692704,10.924543940443401,45.8788550904231,2.031770338789086,162.05002669268478,21.259808919700074,1.4565071751019916,1.18556586388828,139.3078305033017,56.443392643782964,22.13032763800017
1649.875,含油水层,3.113989965789089,42.56643086178501,54.319579172425904,43.044663926006145,56.955336073993855,54.14820118046784,35.55726901897397,6.966595411949256,0.04256643086178458,11.103537254461692,45.85179881953216,2.1330106630189514,165.40293162889952,21.167019845664555,1.4869013269182216,1.2041503977417947,135.65159173574983,56.207343891012464,22.072397633022252
1650.0,含油水层,3.0926529493404598,42.488577773453564,54.41876927720598,42.08697812376537,57.91302187623464,53.16297526611257,35.49223553719703,6.953853658483079,0.04248857777345155,11.0759971423472,46.83702473388743,2.2790096096800814,167.0745813895125,21.28639315571262,1.4984876136773948,1.2095462181891004,143.23072710067865,57.224615781953204,22.158840015676827
1650.125,含油水层,3.146490623719272,41.22407879686342,55.62943057941732,42.0339382511332,57.96606174886681,52.99940203010116,34.4359541113282,6.74690060673835,0.041224078796862906,10.965463778967957,47.00059796989884,2.2562828561474193,166.22677155587726,21.355152786725355,1.5034917412663136,1.2120355044791136,138.4131966098457,57.831905248097016,22.05814533970032
1650.25,含油水层,3.12212614399499,40.637015902074424,56.240857953930586,42.040820119012345,57.959179880987655,52.9612123057261,33.94555938340634,6.650819502766009,0.040637015902073026,10.920392186713753,47.0387876942739,2.0587738652841368,152.78951087748203,21.539932770814435,1.5076053950910975,1.2129146612810213,137.6663655722159,56.813027768863115,21.87661945250143
1650.375,含油水层,3.1885218833239,40.66348151118662,56.14799660548948,41.08291325724077,58.91708674275924,52.12077507537638,33.96766705755005,6.655150972125376,0.040663481511185595,11.03786181813562,47.87922492462362,2.303301294177636,151.00759169638184,21.814903774618664,1.5024750188343925,1.2075873753583664,153.90273517277507,58.009192067555674,22.1609883622385
1650.5,含油水层,3.1658647238395043,39.600637819083985,57.23349745707651,40.46768599421528,59.53231400578471,51.33543709968006,33.079835535853434,6.481201645411472,0.03960063781908163,10.867751105464775,48.66456290031994,2.2568893234158858,170.02790665518916,21.840023782877992,1.5140528172222758,1.2157739560555916,154.01614182115654,57.019387283814346,21.945494248846398
1650.625,含油水层,3.089121995737992,41.047614212972825,55.863263791289185,40.539225157147314,59.46077484285268,51.30199308176992,34.2885469044122,6.718019694347656,0.04104761421297315,10.762767924622612,48.69800691823008,2.1738306615843017,189.0376932906828,21.65302521794992,1.5358127457602555,1.2312593446988556,143.05130923825556,57.26405414263712,21.82991611563275
1650.75,含油水层,3.0261770631979457,42.71289640034325,54.26092653645881,41.130533674499354,58.86946632550065,52.15847897534706,35.67961694552281,6.99056655842009,0.042712896400344535,11.027945300847698,47.84152102465294,2.1928152459976396,177.26091671413562,21.605911151878608,1.541531315764329,1.236101097076507,138.19060903486059,57.396678558586984,22.071156593986416
1650.875,含油水层,3.0061337763876446,41.220889911778535,55.77297631183382,40.75679544433499,59.24320455566501,51.640126668860795,34.43329032104703,6.746378700819723,0.041220889911779135,10.883331224525802,48.359873331139205,2.0745342398438402,158.72424351533533,21.415461005967195,1.5414545310116035,1.2368339635814025,146.49236007624242,58.22199205383484,21.94512743236679
1651.0,含油水层,3.0069012578147407,41.59517806355194,55.39792067863332,41.91731340522211,58.08268659477789,53.013949469946496,34.74594666159002,6.807636223898374,0.04159517806355123,11.096636064724386,46.986050530053504,2.184628772419899,171.21829588782953,21.387572118750583,1.5385105561805896,1.2338623462884386,134.43678068817442,55.46274992340318,22.402729598441066
1651.125,含油水层,2.9654235019391204,41.33011573115331,55.70446076690756,41.00898089792071,58.99101910207929,51.99349724764119,34.52453057221908,6.76425504320308,0.04133011573115575,10.984516349720485,48.00650275235881,2.095298005429949,153.3007717835044,21.498461812457496,1.5280534915295458,1.2242233952366561,143.52879313875397,56.91873609275973,22.274190031705732
1651.25,含油水层,2.9849185352466536,41.49703519839326,55.51804626636009,41.313910958469144,58.686089041530856,52.616712964189524,34.663964400261335,6.791573762933532,0.041497035198391485,11.302802005720382,47.383287035810476,2.2956508658238968,167.52420948201552,21.448620593777402,1.52870464293178,1.2230859288414342,136.90599871219504,56.553040183957336,22.230811452149325
1651.375,含油水层,3.033010528847976,41.7202017619831,55.24678770916892,41.088745832362356,58.91125416763765,52.36085896277045,34.85038344872161,6.828098111499512,0.04172020176198277,11.272113130408098,47.63914103722955,2.375831220751142,168.7274546598652,21.58733927526953,1.5219768311817963,1.2157257498839285,147.96491241869455,58.49713468750621,22.291498701300466
1651.5,含油水层,3.1201691829193905,40.080578954997,56.79925186208361,41.58941985711833,58.41058014288167,52.978552954454095,33.48074760993225,6.559750766109753,0.040080578954997115,11.389133097335762,47.021447045545905,2.1909229712787286,160.3936561798028,21.612659401743045,1.5229518721197293,1.2125223138879861,140.8124521191426,56.90638853454488,22.124244873398865
1651.625,含油水层,3.061753206802261,41.02533745925285,55.91290933394488,40.72393202171864,59.276067978281354,52.355868531884234,34.26993833167415,6.714373790119449,0.04102533745925507,11.631936510165595,47.644131468115766,2.200308277621522,185.11174394366233,21.564787257846167,1.5304315665762007,1.2167847149295326,135.36810871795268,57.08127459964541,21.935347133523283
1651.75,含油水层,3.105126072804275,42.00523553060918,54.88963839658655,40.94889100822529,59.051108991774704,52.46677334487948,35.08848239630399,6.874747898774576,0.04200523553061081,11.517882336654191,47.53322665512052,1.8798086031156145,166.12972550414517,21.49567150296384,1.5311416933571338,1.2167976610456646,138.75050565682528,56.61225325458141,21.780486633313515
1651.875,含油水层,3.090130550528757,42.42064874493915,54.489220704532094,41.6011151410832,58.3988848589168,53.12209705452129,35.43549197913534,6.942736117058869,0.04242064874493828,11.520981913438087,46.87790294547871,2.2044478971740555,166.62248617885717,21.132570253368943,1.551228391913985,1.2340649265239005,129.08449851527047,56.66415471232277,21.92103085984438
1652.0,含油水层,3.0891506226418692,43.97092939368691,52.939919983671224,42.37652162289944,57.623478377100554,53.7532824307041,36.73049710327701,7.196461361016214,0.043970929393684355,11.376760807804658,46.2467175692959,2.0313248336184078,157.4065334526392,20.805152790519855,1.5618129338464648,1.2473936896731508,143.62977468820498,56.563443772716106,21.99824600350076
1652.125,含油水层,3.01606190321473,44.51341125089766,52.47052684588761,42.32381666541022,57.67618333458978,53.5153181896302,37.183651688809164,7.285246150837599,0.04451341125089603,11.191501524219985,46.4846818103698,2.133022005998837,161.6603698372979,20.515510904842873,1.5606269922810545,1.250452134395486,140.43349278872307,55.43727181920316,22.129661680454017
1652.25,含油水层,3.095149507844516,45.00354507033483,51.90130542182065,43.57684569367608,56.42315430632392,55.08707121568855,37.59307807763686,7.365463447627631,0.04500354507033649,11.510225522012469,44.91292878431145,2.2357684629929073,167.69791782962545,20.214931457025706,1.5573816681178152,1.2518152622429497,147.08678957950747,56.42088878380641,22.043547538987887
1652.375,含油水层,3.06960954817821,45.51551766049674,51.41487279132505,44.62219710337023,55.37780289662977,56.22063589521862,38.02074717627091,7.449254966565334,0.04551551766049794,11.598438791848388,43.77936410478138,2.266546151740204,157.64062651408884,20.195467088672643,1.5442652879496968,1.2426200892748738,122.24124598479195,55.1602900570158,22.042690359798794
1652.5,含油水层,3.157531434234683,44.07112134536807,52.771347220397246,44.06109858476581,55.938901415234184,55.65030399339922,36.81419104019718,7.212859183825522,0.04407112134536678,11.58920540863341,44.34969600660078,2.2610009153221693,147.6905717919731,20.090590454699807,1.5396237887044477,1.2392512277263295,129.17185959314335,55.8193030031044,22.16978801288582
1652.625,含油水层,3.1326319876109316,45.53247613205043,51.33489188033864,43.83162041946689,56.16837958053311,55.37406963960139,38.03491319684104,7.4520304590773385,0.04553247613205136,11.542449220134499,44.62593036039861,2.0887529564679075,148.70189157012928,20.01239855420671,1.543268452925781,1.2422360299370117,122.03248716667115,56.901604203437316,21.93173183389916
1652.75,含油水层,3.2188062000274833,45.80101476468131,50.98017903529121,43.948805559754604,56.051194440245396,55.563676127674086,38.25923316469195,7.495980585224678,0.0458010147646834,11.61487056791949,44.436323872325914,2.1727125849783615,137.38267013538035,19.917843617294512,1.5476398068241592,1.2463220836825566,126.96622462788345,55.17545355311377,22.102208093689395
1652.875,含油水层,3.287980656726477,46.463509260922606,50.24851008235092,45.12802808766126,54.87197191233874,56.78099211751437,38.8126386194018,7.604407132259886,0.04646350926092169,11.652964029853107,43.21900788248563,2.2338928918596177,155.80356383524943,19.561179368111837,1.5615471859773675,1.2612032589341378,121.68211366972497,55.19656402767231,21.95078129660037
1653.0,含油水层,3.2388714526810745,47.82335593446123,48.9377726128577,45.90295424030339,54.09704575969661,57.28761056246201,39.948567402168955,7.826965176357816,0.04782335593446069,11.384656322158632,42.71238943753799,2.0208302140015206,139.6764494970147,19.40378098272446,1.5563655274044128,1.2590135016576813,135.94943883356393,55.54128331074041,21.970872104584107
1653.125,含油水层,3.1541176466176464,47.109415932425186,49.736466420957164,45.951684798005196,54.048315201994804,57.675638129266126,39.352187668142605,7.710118848350159,0.04710941593242535,11.723953331260924,42.324361870733874,2.0136554250108394,143.45828093753397,19.33620269554149,1.5351380977318156,1.24512707066779,131.39962265622736,55.44844922735476,22.03984133020215
1653.25,含油水层,3.0996666239515935,46.38468469740181,50.5156486786466,47.07404984432046,52.92595015567954,58.849522620741844,38.74679362949619,7.5915063832082215,0.04638468469740087,11.775472776421383,41.150477379258156,2.230518862466205,146.10358184185006,19.46667902397876,1.5027213054660242,1.2214284747220459,115.67466223805991,55.139727560325795,22.00765878208382
1653.375,含油水层,3.183370440130696,44.922744235565226,51.89388532430408,47.841506099917964,52.158493900082036,59.64678565849633,37.52558223735395,7.3522392539757035,0.044922744235567635,11.805279558578365,40.35321434150367,2.159785319883953,157.1049320616039,19.7050375955062,1.473830182675896,1.1965751603950066,139.86119085075725,55.471303118395646,22.139531720287838
1653.5,含油水层,3.2696705076507744,45.14496265553883,51.58536683681039,47.06547660346099,52.934523396539014,59.02919549305159,37.71120926738683,7.388608425496463,0.04514496265554113,11.963718889590602,40.97080450694841,2.361188614780778,146.82171705382578,19.987867797891283,1.443347981317531,1.1729521917157117,127.35031869581574,55.73846723217981,21.992040819354976
1653.625,含油水层,3.2417574869378103,43.969007193618936,52.78923531944325,47.05100301990682,52.94899698009318,58.845233150831035,36.72889142049973,7.196146765925593,0.04396900719361718,11.794230130924213,41.154766849168965,2.1403230769153767,146.26438049519587,20.328580796093327,1.4167311294313754,1.1500711152241054,147.34635828323428,56.11361546148025,21.95643581997931
1653.75,含油水层,3.243929324956484,42.63330438798798,54.12276628705553,47.31604816728219,52.68395183271781,59.455847353961055,35.61313087803298,6.977540205567006,0.04263330438799007,12.139799186678871,40.544152646038945,2.143595726502599,155.16893385999444,20.534896950979096,1.4098649133967562,1.142712962612411,127.85129291164252,55.735695446940284,22.002511285776382
1653.875,含油水层,3.1511763545800444,42.7523186372728,54.096505008147155,46.750383668887736,53.24961633111227,58.66237577982307,35.71254775638608,6.997018562249445,0.042752318637274966,11.911992110935337,41.33762422017693,2.1086382746823182,158.39016967717166,20.71145900872026,1.3908863400637874,1.1286807455358374,121.44974068172223,56.27386158631817,22.111705547441705
1654.0,含油水层,3.131242170367733,43.236764068898424,53.63199376073384,47.83310626832748,52.166893731672516,59.67133094156443,36.11722243050329,7.076304874326242,0.043236764068896316,11.838224673236947,40.32866905843557,2.138269261561297,155.6081440145238,20.806992335855348,1.369233166444089,1.11421346177631,118.79242131537208,56.23286377304196,22.075404869066247
1654.125,含油水层,3.158759623397158,42.858983152093664,53.982257224509176,49.122152153941094,50.87784784605891,60.69331304130029,35.80164845784209,7.014475711099479,0.042858983152092855,11.571160887359193,39.30668695869971,2.307667362265016,160.28294506184943,20.656188235170838,1.3694923741929743,1.1174167687887608,129.5545583960604,55.940845615362065,22.076497844248248
1654.25,含油水层,3.076749877238476,44.253750942262215,52.669499180499315,48.689290610752586,51.31070938924742,60.4760108092086,36.96674810397069,7.242749087349266,0.04425375094226219,11.78672019845602,39.5239891907914,2.179834859832125,162.21371784124705,20.426159124594857,1.376804867311191,1.1260315759302382,136.9054948714901,56.23565420646127,21.98020900867898
1654.375,含油水层,3.0160973025228284,45.22666284699969,51.75723985047749,47.94677706700534,52.05322293299466,59.560821187990996,37.779456372625894,7.4019798115267985,0.04522666284699772,11.614044120985655,40.439178812009004,2.1948971996648576,165.19875864143876,20.37389215561617,1.3786504313740908,1.128327157212497,139.69867883149396,55.41613071149588,22.093796599620248
1654.5,含油水层,3.04210950505866,43.82080022871811,53.13709026622322,48.050032148866926,51.94996785113308,59.75226978149224,36.605088817961224,7.171890610528172,0.04382080022871937,11.702237632625316,40.24773021850776,2.1943366786360117,156.32834299391718,20.164181579109965,1.407342617494314,1.1478767872338331,138.51951588613224,55.24336044315294,21.772146770261994
1654.625,含油水层,3.0117498381930083,45.249975023705126,51.73827513810186,47.122128742149755,52.87787125785024,59.03704737820236,37.79892987138421,7.40579517729721,0.04524997502370759,11.914918636052603,40.96295262179764,2.0849297041447072,159.7392911104369,20.198320036649214,1.4170452306846657,1.1544061087730164,137.11243584093225,54.93738629334683,22.243905091942526
1654.75,含油水层,2.949691074877078,44.01118934625907,53.03911957886385,46.96582314834425,53.034176851655744,58.61122189737809,36.76412768811387,7.203050468798946,0.04401118934625886,11.645398749033841,41.38877810262191,2.2228780525758163,158.27416169860234,20.252096450972854,1.41748701478963,1.1533233468428143,141.69632400752008,56.21255723051005,22.02746744867849
1654.875,含油水层,2.8701807861389432,44.709306225344555,52.4205129885165,47.275662902509715,52.724337097490285,59.0142095446703,37.34728979904891,7.317307120070303,0.0447093062253448,11.738546642160589,40.9857904553297,2.168814015600609,154.45439166101949,20.24230520841556,1.423540962085395,1.1570607426864736,136.86037329514733,56.470716627235795,21.909790751929055
1655.0,含油水层,2.874101392936131,44.008184196700874,53.11771441036299,47.232096660875754,52.767903339124246,58.970792680378366,36.76161737871936,7.2025586337848155,0.04400818419669911,11.738696019502616,41.029207319621634,2.0166186556860315,174.66691258617092,20.353032510997547,1.4065076927676146,1.1441109326880639,134.3221428716351,55.159280957056104,21.928018894998075
1655.125,含油水层,2.8823422496592492,44.02614286720434,53.091514883136405,48.27236642137016,51.72763357862984,60.26944133515237,36.77661890140723,7.205497822929906,0.04402614286720535,11.99707491378222,39.73055866484763,2.2672112904382935,141.4650033859341,20.386242958351488,1.3984082688018526,1.1362109235697093,131.75413239445453,55.97431588683269,21.920707865406467
1655.25,含油水层,2.9028037956444144,43.60499277065893,53.49220343369665,47.70378099886201,52.29621900113799,59.82265516826138,36.42481709474751,7.136570683140761,0.04360499277065999,12.118874169399362,40.17734483173862,2.0020374519999984,156.14287309644862,20.568335460538634,1.3887970171939386,1.1269568887349455,135.0712248748713,55.547331982812736,21.93513607528602
1655.375,含油水层,2.857387084262368,42.75675344819949,54.38585946753815,46.80901786984961,53.19098213015039,58.74530599181836,35.71625231328635,6.997744381464946,0.0427567534482004,11.936288121968754,41.25469400818164,1.9684510477355248,155.11223210624556,20.831850497236832,1.3757354509183637,1.1159373907244001,141.04285130027802,56.64634962161803,21.814300119127232
1655.5,含油水层,2.814006158848491,41.212139455426296,55.97385438572521,46.5236794943197,53.4763205056803,58.16651991749333,34.42598075047098,6.7449465654999,0.04121213945542518,11.64284042317363,41.83348008250667,2.313765369698758,162.4567226228373,21.23925619874919,1.3593760356343774,1.1032684556268106,133.26258875781397,57.56951966117622,22.137569681995007
1655.625,含油水层,2.8328611792780207,39.730816339753126,57.43632248096885,46.77487643692947,53.22512356307053,58.244611987660335,33.18857833120206,6.502507192211314,0.03973081633975167,11.469735550730867,41.755388012339665,2.136749662494078,177.00399325684177,21.618261253362828,1.3487418748565736,1.0964929904148184,135.6317730603011,55.848680540882725,22.085383785393827
1655.75,含油水层,2.7824329051949652,39.67729374564388,57.540273349161154,45.67140154159556,54.32859845840444,56.84865963746868,33.14386898539115,6.49374746650709,0.03967729374564216,11.177258095873126,43.15134036253132,2.306372332243292,159.2194137116767,21.94631869113232,1.3360829017683131,1.0868484780525922,146.80252100705633,58.35484980246657,22.007045857243632
1655.875,含油水层,2.778731519988001,39.308045918580824,57.913222561431176,45.57307031037824,54.42692968962175,57.049500753124605,32.835423009166725,6.433314863495518,0.039308045918581835,11.476430442746356,42.950499246875395,2.158662291319067,149.0998097010643,22.044900128402865,1.3353366675810607,1.0854296881426264,135.03575653826854,57.75553979867975,22.011023219676154
1656.0,含油水层,2.856069173536864,40.17283296974931,56.971097856713826,45.76389481029847,54.23610518970153,57.399423725539286,33.55781070294278,6.574849433836773,0.040172832969752326,11.635528915240819,42.600576274460714,2.232918017438163,176.73063676081713,22.112068278455073,1.335792079433443,1.0830605631397026,135.16972095230813,56.25123955854394,22.129866213752898
1656.125,含油水层,2.8648665566419775,39.00628687832973,58.12884656502829,46.11397044924511,53.8860295507549,58.05040744093459,32.583352841293,6.383927750158403,0.03900628687832919,11.936436991689483,41.94959255906541,2.2924409694472367,157.3104277073977,22.225536662307107,1.3231798055157795,1.068887223146692,140.12994003394482,58.53979489253037,22.037741947452467
1656.25,含油水层,2.7924195761119033,38.361340152182485,58.84624027170561,46.438145864025095,53.561854135974905,58.7244371854051,32.044605669396276,6.278373142634029,0.038361340152183454,12.286291321380007,41.2755628145949,2.2589659430151343,156.61489460476713,22.28348847995092,1.315221581381576,1.059185442867675,136.59475722774684,57.77689391922589,21.935278950217505
1656.375,含油水层,2.767300163846072,38.615498325809895,58.61720151034403,46.155627333898316,53.84437266610169,58.53933127349892,32.256913123182684,6.3199697043014,0.03861549832580996,12.3837039396006,41.46066872650108,2.1906498103789813,172.72518914831346,22.574160500626316,1.2926088551808017,1.0387160199959404,146.8994129685059,57.4254574038248,21.99639075972113
1656.5,含油水层,2.6998531956045837,37.00708617144982,60.2930606329456,46.397308165257215,53.602691834742785,58.70519908265204,30.91334866386334,6.056730421415035,0.03700708617144777,12.307890917394829,41.29480091734796,2.396925788818824,176.96778803859127,22.60811876413454,1.2900668880753203,1.035318801575895,146.62690908696504,58.443877657103144,21.926513294756408
1656.625,含油水层,2.73473575870663,38.65627866160224,58.60898557969113,46.11459166788506,53.88540833211495,58.35060082347658,32.29097840281961,6.326643980121029,0.03865627866160154,12.236009155591521,41.64939917652342,2.2708576015373136,159.97186345004278,22.506950417736306,1.3056052897193133,1.0448387221082631,141.2102305197857,55.998905008106036,21.937609307082518
1656.75,含油水层,2.768738565893474,39.508285877180846,57.72297555692568,45.10675929396536,54.89324070603464,57.696252131112445,33.0026906407755,6.4660869505281715,0.03950828587718225,12.589492837147088,42.303747868887555,2.244757523680533,159.03066763571692,22.311430083351585,1.3162180849319634,1.0524072751947608,142.58962427269356,57.47913372092147,21.975084050750795
1656.875,含油水层,2.7593249108218054,40.709248523729336,56.53142656544886,46.36407475640345,53.635925243596546,59.01696238508632,34.005897887437115,6.662641387768491,0.040709248523730646,12.65288762868288,40.98303761491368,2.1702832856894134,150.29202406929167,21.839194099530076,1.3533007078382473,1.0789959861957807,135.35314628230435,56.42281514320948,21.940247765509937
1657.0,含油水层,2.75365398276337,42.12768555178079,55.11866046545584,45.35872351931847,54.64127648068153,58.07838842441589,35.190769298354006,6.894788567875004,0.04212768555177937,12.719664905097428,41.92161157558411,2.335865226313274,166.0280266419037,21.61622024821308,1.3675976082663917,1.087178650571834,138.90585611147426,56.73867567158979,22.206442813343205
1657.125,含油水层,2.751191689775133,41.03186059731227,56.2169477129126,46.05590899202261,53.94409100797739,59.02666825225828,34.27538734325747,6.715441393457482,0.04103186059731395,12.970759260235681,40.97333174774172,1.915832569847688,165.3170984815853,21.33373549839276,1.3866082289358317,1.0990168797088922,151.95393182480524,57.61935402067277,21.92872831330957
1657.25,含油水层,2.722874845121769,42.5444810328696,54.73264412200864,45.0474890373165,54.9525109626835,58.32130976715697,35.538933538270875,6.963003013565851,0.04254448103286762,13.27382072984047,41.67869023284303,2.1530381678405917,143.90495533786103,21.16797679583307,1.3972250940775592,1.1046243062361105,147.81738281535965,55.512524778596024,22.052412046471083
1657.375,含油水层,2.6584447772095694,42.499496497169986,54.84205872562045,46.34845123581694,53.651548764183055,59.63534592557984,35.50135633940357,6.955640661269245,0.04249949649716839,13.286894689762901,40.36465407442016,2.1910330807555938,174.19854920476516,21.28114544564589,1.3825056548547856,1.0900507055128528,136.42522685104996,57.46419401749037,22.12928168583009
1657.5,含油水层,2.686817665748659,40.838531703506995,56.474650630744335,46.25483866396747,53.74516133603253,59.90349585846585,34.11389277237142,6.683800399432066,0.0408385317035076,13.648657194498378,40.09650414153415,2.212988675353528,159.80606954874523,21.349821584481397,1.3738230437743482,1.0805190419536497,140.22940958872837,56.16328043194066,21.982707183797967
1657.625,含油水层,2.6485760660903193,40.25818039299368,57.09324354091599,46.57842304053767,53.42157695946233,60.3265345975353,33.629104471927796,6.588817740672895,0.04025818039299078,13.748111556997625,39.6734654024647,2.09764018629473,160.11872008231379,21.6933942937989,1.3313749582900614,1.0470721114639387,151.29483336390726,58.05979508382208,22.195919755853975
1657.75,含油水层,2.662415415017965,38.68213504328849,58.65544954169355,47.85435804292519,52.14564195707481,61.98873474450658,32.312577167406204,6.330875740838997,0.038682135043290045,14.134376701581383,38.01126525549342,1.9419639132463824,170.46166447935087,22.05508215127681,1.3002328265905063,1.02190238548264,150.11944320850847,56.94825949965935,21.897412522346094
1657.875,含油水层,2.5826412026954046,38.53987224408235,58.87748655322225,47.49360765172127,52.50639234827873,61.253484999769924,32.19373994003353,6.307592431804735,0.03853987224408384,13.759877348048658,38.746515000230076,2.136691989268869,169.73953639628053,22.294311494574302,1.2730372778155612,1.001615180331357,135.32158585408783,58.4551738172513,22.001403342628986
1658.0,含油水层,2.5508028695388965,38.201883132216686,59.24731399824442,48.06528279961315,51.93471720038685,61.953446252110986,31.91140549167176,6.252275757412705,0.03820188313221756,13.888163452497842,38.046553747889014,2.1188581578938037,186.97759740248708,22.617766535330674,1.2377335068858617,0.9754548718459687,136.06220948021945,57.35625861644828,22.07291442500586
1658.125,含油水层,2.494522673087425,36.688121420017225,60.817355906895344,49.0833338311532,50.9166661688468,63.117469347503906,30.64690594727558,6.004527351321631,0.03668812142001501,14.034135516350704,36.882530652496094,2.279623499302132,168.7757524457182,22.655693490353546,1.2323816706803785,0.9733189222302394,149.3193312846089,57.28610166370397,22.13939848972665
1658.25,含油水层,2.4337479262962747,38.343723514122075,59.222528559581654,48.27637566799759,51.723624332002416,61.952380310872826,32.02988985869658,6.2754899319113795,0.038343723514119854,13.676004642875228,38.047619689127174,2.331460828648425,174.30259305837922,22.81564077122423,1.2261543494615137,0.9688506634089225,153.5682011862453,58.970053507217656,21.9235487577279
1658.375,含油水层,2.432948880604441,36.8857466256882,60.68130449370736,47.00534715283243,52.99465284716758,60.49153935012747,30.811989381820275,6.036871497242235,0.03688574662568736,13.486192197295042,39.50846064987253,2.2670026248417154,178.91753383257478,23.086007730495027,1.2213966307191961,0.9647063594636727,150.94597126586095,58.29787469038853,21.995079098122286
1658.5,含油水层,2.3957669863999262,35.40707798576841,62.19715502783166,46.43639295190074,53.56360704809926,59.937955219959846,29.576804341517754,5.794866566264885,0.03540707798577111,13.501562268059109,40.062044780040154,2.144788322791544,173.25724466094206,22.06390652754027,1.234868381941141,1.058021797051728,139.5522733367863,56.75541201058846,22.11912170010785
1658.625,水层,8.844687067763966,44.230334639032755,46.92497829320328,73.53464643331058,26.46535356668941,74.32816894523611,40.55563997005395,3.6304643343397647,0.04423033463903589,0.7935225119255266,25.67183105476388,2.2031826541793795,149.55340872709408,21.078815871723766,1.2462661378743782,1.152851223342585,120.32511096455494,56.43486777854395,22.060471867043322
1658.75,水层,9.03789573963045,45.428455033548424,45.53364922682112,72.93616071843307,27.063839281566928,73.74586853788104,41.65421948018672,3.728807098328163,0.04542845503354709,0.8097078194479643,26.254131462118956,2.147847411046103,175.96727373666053,19.815108141129723,1.262289804505829,1.2533398972455096,119.84136726813394,54.022702248109624,21.947486126952352
1658.875,水层,8.91939385766678,46.81656662818749,44.26403951414573,73.94164062882723,26.058359371172767,74.7281142833751,42.92700555630107,3.842744505258232,0.046816566628189726,0.7864736545478757,25.271885716624887,2.067705753551798,180.39737870782267,18.330278984724682,1.2929256302458965,1.3695092745918789,109.52121927371788,54.84879339982949,22.098373467292507
1659.0,水层,9.062592453029925,47.753526029438646,43.183881517531425,73.20071246839599,26.79928753160401,73.9816263605596,43.78612155562172,3.919650947787491,0.04775352602944122,0.7809138921636132,26.018373639440394,1.9728207946477743,168.87436548599956,18.114406045090682,1.3227689671445682,1.401372075773537,120.68768546746337,53.33853933498655,21.833075866258685
1659.125,水层,9.031269509534946,46.855382513020146,44.11334797744491,71.22924477644194,28.770755223558055,72.01733176998097,42.96259658366361,3.8459305468435114,0.0468553825130176,0.7880869935390158,27.982668230019037,2.1271166886967396,171.5930579791126,18.0063783395783,1.3293016615448061,1.4087241144453886,96.41606185868547,53.693135155277396,22.26024251257095
1659.25,水层,9.080319193362218,46.53717187286053,44.382508933777245,73.19556011616405,26.80443988383595,73.99877076554968,42.67082316023659,3.819811540751086,0.04653717187285966,0.8032106493856337,26.001229234450317,2.078593534476424,179.0314145834012,18.121624229118645,1.313426534405544,1.3924869338399983,99.03552848406166,54.3266712860071,21.814127865116713
1659.375,水层,9.00167605187592,45.34066876744221,45.65765518068187,75.1209343721132,24.8790656278868,75.922408905683,41.57372657341641,3.721601525258358,0.045340668767444164,0.8014745335698061,24.077591094316997,2.0275685842514495,172.33933663621352,18.255189397529808,1.2877465886939623,1.364560121685964,96.04853359741047,52.71210417599471,21.89944510135668
1659.5,水层,8.795162920222658,45.98915745173778,45.21567962803956,75.9240713606855,24.07592863931449,76.73964666254705,42.168338253829425,3.7748300404566204,0.0459891574517389,0.8155753018615427,23.260353337452955,2.2324520638039456,185.3822444017507,18.232573740662225,1.2609274156909291,1.3354917535752882,100.44155124077254,54.13062278640389,21.97302388051451
1659.625,水层,8.536891128045996,46.5302099732326,44.932898898721405,76.23661929569732,23.763380704302673,77.0320558748139,42.66443966128451,3.8192401019748545,0.046530209973231346,0.7954365791165818,22.96794412518609,2.0909744892137816,153.40921603128052,18.22478001120254,1.2435577114324878,1.316546157009243,108.42683983740133,53.9362362324322,21.8719728940073
1659.75,水层,8.752218919070815,46.2476954388667,45.00008564206248,76.4610897107416,23.538910289258396,77.27520945870151,42.40539668013692,3.7960510632909172,0.046247695438866865,0.8141197479599075,22.72479054129849,2.152786064065908,161.0745045637627,18.165258514149798,1.2459354762204835,1.319097100657208,112.50192487854923,52.952334491699986,21.925629390889046
1659.875,水层,8.96171561131304,45.94449378057395,45.09379060811302,75.4916405916037,24.508359408396295,76.2834976032616,42.12738527930992,3.771164007483451,0.045944493780575996,0.791857011657888,23.716502396738402,2.146544281023162,172.7322315006803,18.14205535532772,1.246744694341365,1.3200550564426439,107.19530516435002,53.07105917236464,22.07262161057534
1660.0,水层,8.767942762172662,46.229614258069255,45.00244297975809,76.10667617209842,23.89332382790158,76.889004540349,42.38881769956534,3.794566944245841,0.04622961425807051,0.7823283682505794,23.110995459650997,2.0639037217516467,173.13829773860718,18.196738209307014,1.2334375083796856,1.308256684557982,112.6058615377321,53.624717254732396,22.345722033303133
1660.125,水层,8.939602976201876,45.51283283515074,45.547564188647385,77.65970939056643,22.340290609433566,78.43905067782757,41.73158710064845,3.7357329016671423,0.045512832835149786,0.7793412872611334,21.56094932217243,2.1970008341278096,182.75735307926115,18.114924890766765,1.2310940968551711,1.3065875610960165,108.74267713442465,54.28548103653666,21.877430753051318
1660.25,水层,8.762671920350666,46.89590889475196,44.341419184897376,77.9698931796603,22.03010682033969,78.73166819814132,42.99975599835532,3.849256987501896,0.046895908894752786,0.7617750184810124,21.268331801858675,2.232839890396776,182.09600372737435,17.9671608844046,1.2236532370921522,1.2980829396862053,111.58492626053784,53.85495064366048,22.173763913261023
1660.375,水层,8.520733086359279,47.199911249786226,44.279355663854496,79.12940072107895,20.870599278921055,79.87417986031372,43.27850157334217,3.874209765194272,0.04719991124978798,0.7447791392347658,20.12582013968629,2.0084538350456183,166.24640993626244,17.796174058601604,1.2302683188339993,1.3057158756968714,100.87716471710245,52.445678056088354,21.85705929225531
1660.5,水层,8.757014194456188,47.91164700712625,43.331338798417555,77.2240408086034,22.775959191396588,77.97479286336333,43.931105704965056,3.932629655154068,0.04791164700712683,0.7507520547599166,22.02520713663667,1.9350715606821232,170.3888575081198,17.65999644232947,1.2339297935822988,1.3090832800169754,108.91501576415266,54.08571622135001,21.97159173657731
1660.625,水层,8.68303237619176,46.91382395315664,44.40314367065161,78.99150663003674,21.008493369963265,79.73600982669808,43.016182658126986,3.850727471076496,0.046913823953156214,0.7445031966613537,20.263990173301917,2.1295580791918947,177.25839268915195,17.54797142886008,1.2442147460389807,1.3201406112732785,98.16503350738427,54.09605175297869,21.91721806951637
1660.75,水层,8.764911969165086,48.16063247149271,43.0744555593422,77.64568951079089,22.354310489209116,78.38682847537225,44.159405240409036,3.9530665986121836,0.04816063247149241,0.7411389645813815,21.613171524627738,2.079907997855206,173.23628195955646,17.42010102788815,1.2483568294836218,1.3260389835362265,88.79020495857314,52.38877891260205,22.022730412359113
1660.875,水层,8.737515329775931,48.33563905976581,42.92684561045825,79.95010920733587,20.049890792664126,80.6745397724075,44.319872129124995,3.9674312915810512,0.048335639059766955,0.724430565071636,19.325460227592494,2.078746931344018,166.73865399886543,17.288445974152378,1.2503814142406604,1.3281996196343762,105.5670068855645,52.39854702501754,22.00952203295915
1661.0,水层,8.597778135621633,49.17481999068546,42.22740187369291,78.80487028109312,21.19512971890689,79.52578599847267,45.08933317846731,4.036311992227462,0.04917481999068482,0.7209157173795568,20.474214001527336,2.1513460161629223,155.56999987640577,17.181209640313313,1.2519831792953986,1.3312484805956781,108.48152668878667,52.53454427768919,21.933652736149092
1661.125,水层,8.838064759813106,47.826870492252525,43.33506474793437,80.03693710641326,19.963062893586738,80.7385141355659,43.85337249667726,3.92567112508301,0.047826870492254786,0.7015770291526342,19.261485864434103,2.0823547763197965,170.62107724606338,17.20501385522769,1.2486116491404518,1.3280499856902996,99.88185892303443,53.132597259949854,21.9078781196819
1661.25,水层,8.791314357354512,47.855375104565105,43.35331053808037,77.9061498398935,22.0938501601065,78.60144497608727,43.87950892100842,3.928010808452117,0.047855375104564196,0.6952951361937598,21.398555023912735,2.2496456535786677,156.63255972489497,17.42190505591881,1.250394311112923,1.3296651572549323,109.30818775055462,54.349772689399664,21.987219241827088
1661.375,水层,8.898744587249357,46.45196938048255,44.6492860322681,76.58574307469166,23.41425692530833,77.26379309696726,42.59269936502606,3.8128180460760053,0.04645196938048435,0.6780500222755854,22.73620690303274,2.294089258274902,157.2237927486917,17.73071866827895,1.2497732262102008,1.3288248848040507,105.5801258625813,52.20121366050005,21.92893458779294
1661.5,水层,8.881037221607366,46.36635783169878,44.75260494669385,74.57753777964935,25.42246222035065,75.2718477384595,42.514200498171704,3.8057909756953805,0.04636635783169807,0.6943099588101468,24.728152261540504,2.2738969617719,150.8921349635448,17.876926074050107,1.262166127058176,1.339838990277845,94.69552377746645,54.54444809367462,22.028497684989073
1661.625,水层,8.684035651046184,46.97579039616314,44.34017395279067,75.94937918169563,24.05062081830437,76.65809655558729,43.07300087515623,3.85581373061075,0.046975790396160816,0.7087173738916572,23.341903444412715,2.0384826929573205,161.872229964332,18.07197613460784,1.2497774567364213,1.3251652640369393,103.68887047048588,53.96145905542174,22.133964513396325
1661.75,水层,8.541106925224152,45.9000350613273,45.55885801344854,77.7354405501408,22.264559449859213,78.45788738826533,42.08662022912408,3.7675147971418923,0.04590003506132895,0.7224468381245501,21.542112611734666,2.063742655973245,166.21631517853547,18.22172047938374,1.2300494206558963,1.3024898307932586,99.44801548636204,54.24378073305634,22.207834471788583
1661.875,水层,8.460528429564542,44.72820900036547,46.81126257006999,78.63913137796946,21.360868622030537,79.37661853252574,41.0121504964453,3.6713302949198034,0.04472820900036298,0.7374871545562729,20.623381467474267,2.0773274954724674,180.70638759595073,18.26925275941061,1.1953506943272378,1.2651792216621875,124.54281928953634,53.7732990061663,22.183348128784015
1662.0,水层,8.424779618556064,45.1108505783142,46.464369803129735,80.77634204930463,19.223657950695372,81.52144239157239,41.36300187931427,3.7027378484216125,0.04511085057831571,0.745100342267767,18.478557608427604,2.123358195258953,162.89216132858863,18.34364728214705,1.165161338373296,1.2327889675721224,111.17192820627963,54.01499155367344,22.056192799378366
1662.125,水层,8.318406703936123,45.59540151943341,46.08619177663047,80.9369112925661,19.063088707433906,81.67297875070878,41.807295906830845,3.742510211083134,0.04559540151943195,0.7360674581426898,18.32702124929122,1.9938497130104693,180.52715081443105,18.34731445630677,1.1441329658774428,1.210842820228962,106.9016630515153,53.893924477455855,22.00953459461202
1662.25,水层,8.362607292009224,45.300208970925766,46.337183737065004,82.02689456538447,17.973105434615533,82.75858911723847,41.53662821198248,3.718280549972361,0.045300208970924793,0.7316945518540108,17.24141088276152,2.2469822883329926,173.70552142767872,18.23396665499632,1.1443102576762108,1.2100564542813963,112.23265075585604,54.05557889775628,21.96205775011551
1662.375,水层,8.12393118204507,45.875998397837186,46.00007042011774,80.39776299318933,19.602237006810665,81.1475524809309,42.064580552541436,3.765541846897913,0.0458759983978374,0.7497894877415567,18.852447519069106,1.9972537016009488,178.5381707745043,18.177962198715893,1.1566295191020441,1.2206038929368423,118.39147016810443,54.75368953683869,21.96173233833017
1662.5,水层,7.933984367228009,46.19346262027367,45.872553012498315,79.44965177200383,20.550348227996164,80.20524386883314,42.35566957127894,3.7915995863744634,0.04619346262027327,0.755592096829295,19.794756131166867,2.140959405489643,166.51505109727515,18.07924863604899,1.1753404458644765,1.237999303593114,115.70478742987058,52.83969513514514,22.011981573920114
1662.625,水层,7.8866420774973935,47.20352366668674,44.90983425581586,78.93011706732426,21.069882932675732,79.6685227870288,43.281813867504866,3.874506275515189,0.04720352366668831,0.7384057197045356,20.331477212971194,2.0328316288920183,197.26006519263152,18.107946691948772,1.1940190420778043,1.2554969257671553,110.27934900667408,53.882219381840315,22.07347863643419
1662.75,水层,8.112077247351895,45.72231068302123,46.16561206962688,78.06174477621113,21.93825522378887,78.8210026354355,41.923661346734754,3.7529270256034537,0.0457223106830211,0.7592578592243742,21.178997364564502,2.2190695751428104,172.15543540785424,18.250613087351592,1.1885775760109831,1.2491274959854457,113.15590742928374,54.31780295792449,21.85653494645988
1662.875,水层,8.05281719384177,44.48273427017598,47.46444853598225,79.63815415229601,20.361845847703986,80.40888989538257,40.78707002032959,3.6511815155762224,0.04448273427017507,0.7707357430865618,19.591110104617428,2.135127695217361,173.72342051150818,18.300141682414207,1.1739451121461868,1.2336790957325112,111.46055158483033,54.510059301886336,22.136741545375966
1663.0,水层,7.812955148839349,45.37629017167054,46.81075467949011,81.8897161547796,18.110283845220398,82.67943428909325,41.606388520401474,3.724525361097391,0.045376290171673245,0.7897181343136437,17.320565710906756,2.3157981330338484,185.3596960523091,18.3143191268728,1.1548770522815768,1.214863999026575,104.79794378230335,54.534149836599255,21.954042198225814
1663.125,水层,8.038927292138556,46.446579650716956,45.51449305714449,82.423423413378,17.576576586621997,83.22832104553859,42.587757418696846,3.812375652369392,0.046446579650716996,0.8048976321605786,16.77167895446141,1.973704970877706,167.54207105103316,18.123772958032216,1.1388144053502678,1.1993064959116464,89.8673921292004,54.554450580959546,21.7761914784287
1663.25,水层,8.10731647936023,46.90541223077061,44.98727128986916,83.97017748435152,16.029822515648473,84.78521898173005,43.008469788952475,3.850037029587367,0.046905412230768134,0.815041497378522,15.214781018269951,2.0693985675449884,182.48364475542417,17.798803064792583,1.134534687420281,1.1954373870802255,114.47344609711503,53.226921088743595,22.168817789473938
1663.375,水层,7.883434259383812,47.27889969100598,44.837666049610206,85.25553380026322,14.744466199736783,86.07139138459048,43.35092758616906,3.880693205145919,0.04727889969100563,0.8158575843272585,13.928608615409521,2.092715648471437,157.7734621583884,17.678748893033102,1.12502238582792,1.1873693947433936,102.5404715070446,53.35635006291585,22.192255990842785
1663.5,水层,8.077197965989532,45.98846812364001,45.93433391037045,85.42499638988654,14.575003610113457,86.21953944785257,42.16770619570953,3.774773459806846,0.04598846812364221,0.7945430579660222,13.780460552147433,2.0545511187023338,175.71273022844073,17.553358575762125,1.1163602323261335,1.179217959756047,127.32819098590755,54.446306120636734,21.963012749920534
1663.625,水层,8.027201182082386,47.26813878742113,44.704660030496484,86.1211557365921,13.878844263407897,86.90468272491023,43.3410607078128,3.8798099408209046,0.04726813878742145,0.7835269883181278,13.09531727508977,1.9968360522516178,177.8887037852444,17.616453212370587,1.1095986215090432,1.1726132035408205,108.25448673311496,53.048168211950745,22.096723363856253
1663.75,水层,8.177653948460858,46.108246330646836,45.71409972089231,84.47568497822367,15.524315021776335,85.24535099370077,42.27753312510699,3.7846049592091964,0.04610824633064642,0.7696660154771096,14.754649006299225,2.1564253688085335,180.39318780188634,17.813480360891983,1.0997566978740463,1.1625324779118256,111.54785523298449,54.78632334747649,22.05388146348804
1663.875,水层,7.993140366255291,45.1880005708943,46.81885906285041,84.51656930207002,15.483430697929979,85.29634129611901,41.43374218341339,3.709070386910016,0.045188000570896975,0.7797719940489871,14.703658703880995,2.2463733080596,174.03500365824854,17.856084314235595,1.0933037205126848,1.1554213924223675,106.7223112844969,55.15166700848205,21.97663333862808
1664.0,水层,7.93039204414878,45.47955980238345,46.59004815346777,86.47415056996073,13.525849430039273,87.23753196896303,41.70107842038105,3.7330018222000114,0.045479559802385355,0.763381399002292,12.762468031036978,2.0152205444764313,173.27453792080505,17.95681218573741,1.09600031980632,1.1564450210745378,91.45019362314646,52.61641347923936,21.977152021027276
1664.125,水层,7.700996921483105,46.65122452405207,45.64777855446483,84.39504876334267,15.604951236657328,85.17257081843056,42.77540021797542,3.829173081552597,0.04665122452405038,0.7775220550878835,14.82742918156944,2.1652084233076865,178.4600635293643,17.939445021103154,1.098277986256838,1.1568525133670486,114.52927293491143,54.27188532355984,21.934744759103104
1664.25,水层,7.678748169859493,46.59200170300143,45.729250127139075,84.73566761952623,15.264332380473778,85.49652119265268,42.721097680403815,3.8243120208946118,0.04659200170300387,0.7608535731264467,14.503478807347324,1.8320429042832806,172.9531647904159,17.804245924401215,1.1037115842206586,1.160944810840701,109.77411038031337,53.00570514587798,21.841679504187567
1664.375,水层,7.5027261984262905,46.80977433371646,45.68749946785724,85.744476451773,14.255523548227,86.51285767709331,42.92077757156196,3.8421869878207846,0.04680977433371633,0.7683812253203104,13.487142322906687,2.2470569935537066,157.59599105172308,17.76642350734187,1.1093175877183923,1.165415338579995,126.24575875779715,53.79103038493935,22.158227550494303
1664.5,水层,7.6149319345142406,46.166405124266326,46.21866294121944,86.05348561490472,13.946514385095288,86.84100031892734,42.33086003557181,3.7893786835702477,0.04616640512426634,0.7875147040226294,13.158999681072657,2.2442458923782755,159.7679806896846,17.667045880373205,1.0987995444741316,1.1542390331749388,106.14055568285139,52.69869817407478,21.92913529874081
1664.625,水层,7.469626041032294,47.3069502681128,45.2234236908549,88.54823771958718,11.451762280412826,89.35620709363428,43.37664769693423,3.882995620910462,0.04730695026811116,0.8079693740471029,10.643792906365723,2.1234107732613876,178.45685276203815,17.46224694069145,1.094571694343276,1.1494072618991809,105.50218732068993,53.97894233483264,21.967185130649295
1664.75,水层,7.374013304631001,48.41033429298544,44.21565240238356,89.12872148830793,10.871278511692061,89.9421195202748,44.38836161740621,3.973562341286241,0.04841033429298647,0.8133980319668644,10.0578804797252,2.2687244444044508,174.9259827388502,17.262185443822595,1.1023581813365868,1.1580456672031056,110.77943613909981,54.43893080862401,22.033254260700854
1664.875,水层,7.5358518420964815,48.77795121071108,43.686196947192435,86.96474523831141,13.035254761688586,87.75575535532634,44.72543660189039,4.003736657609976,0.048777951210713516,0.7910101170149194,12.244244644673664,1.927740159079538,155.10509608013953,17.024734864322017,1.1215527089493178,1.1779707277374354,94.00827992686989,53.49616187833316,22.045444026016792
1665.0,水层,7.537759745568579,48.88177309471264,43.58046715971877,85.38486556649462,14.615134433505371,86.15670451336707,44.820632873475105,4.012258448142825,0.04888177309471109,0.771838946872451,13.843295486632922,2.042708087144183,165.5161269615655,17.052525031492326,1.14376503502224,1.1999772077446902,107.22321847977489,53.53158656573936,22.234465037691475
1665.125,水层,7.383369925425804,47.79867148073432,44.81795859383987,83.21131712019333,16.78868287980667,83.9643862107619,43.827516283560705,3.9233565256928857,0.047798671480734495,0.7530690905685679,16.035613789238102,1.9094884927285813,165.3468595146807,17.184894168872646,1.1528630078534083,1.2092561103193478,94.89083356544855,53.52184263495865,22.050110528530162
1665.25,水层,7.510125535928985,47.46601991717857,45.02385454689245,84.88463230292092,15.115367697079085,85.65909534370513,43.522501701212576,3.8960521960488195,0.04746601991717711,0.7744630407842172,14.340904656294873,2.1659770458050893,162.87530083295758,17.414584485544527,1.1439742252738063,1.198697696089484,107.79758091506893,54.102137319114455,21.997491244601825
1665.375,水层,7.341687880348842,46.600328998817794,46.057983120833356,85.72223347758204,14.277766522417956,86.51893765951753,42.728733137241505,3.824995532577477,0.0466003289988165,0.7967041819354939,13.481062340482463,1.9927652458622813,165.16585797839767,17.63428168535533,1.1353880889595453,1.1889809908156908,114.88367037784643,53.8383398946705,21.969791229447104
1665.5,水层,7.513655063513612,46.70719366596105,45.77915127052534,84.00238313295964,15.997616867040366,84.81446862128857,42.826719394898184,3.8337670773969066,0.04670719366596035,0.8120854883289239,15.185531378711437,2.2877712899233313,159.25813204690252,17.789182494499364,1.1164573744992792,1.1694182853297073,110.2031640396241,54.29248929720788,21.95955754122114
1665.625,水层,7.443602232299005,45.8217213367616,46.734676430939395,85.0748336576743,14.92516634232569,85.91022367276118,42.01481287690483,3.761086738520012,0.04582172133676052,0.8353900150868676,14.089776327238823,2.005706571172903,170.36103507942937,18.06651055473474,1.108311753478626,1.1600407046867998,99.17598924472979,54.44115990869869,21.874868922265403
1665.75,水层,7.504481141614104,44.761560607862116,47.73395825052378,82.70029641986902,17.299703580130988,83.53663807401117,41.042731223385196,3.674067823869056,0.04476156060786232,0.8363416541421564,16.463361925988828,1.8635999136727883,167.7143136115642,18.398718626923863,1.1083522990397896,1.1593258038214247,113.51487546554982,53.9083313532241,22.0377343629433
1665.875,水层,7.4688582444446885,43.57300598327687,48.95813577227844,80.87681737038162,19.123182629618384,81.7111833715661,39.95292275069769,3.576510226595908,0.04357300598327729,0.8343660011844876,18.288816628433903,2.1930398107541635,160.22128647974623,18.568891274739805,1.1045195670361478,1.1541334034448087,109.98397294341683,54.657194502863696,22.19595312851552
1666.0,水层,7.318115106906766,45.182016505395985,47.49986838769725,82.59253809229861,17.407461907701393,83.41623883370735,41.428255279281025,3.7085792096095664,0.04518201650539899,0.8237007414087538,16.583761166292643,2.115200008873778,166.91415646097875,18.743750176901948,1.1166039256947524,1.1646029334912802,111.42702051916109,53.58511802153265,22.146315872498597
1666.125,水层,7.183746835025824,44.75028926350646,48.06596390146771,80.11919033243683,19.88080966756317,80.96752689871786,41.032396312121314,3.6731426621216436,0.04475028926350516,0.8483365662810435,19.032473101282132,2.202378271994818,161.13300005471308,18.808164887134218,1.1225110244758374,1.1690952538010033,115.07245617142232,54.033889817832964,22.261826715702234
1666.25,水层,7.164892145839106,44.53063748856447,48.304470365596416,80.77733523533782,19.222664764662177,81.6024239101784,40.830993397672884,3.6551134534030285,0.0445306374885622,0.8250886748405816,18.397576089821598,2.119930604719119,166.89002825260872,18.694807052105144,1.136332484903506,1.18146285191744,108.09986784996617,54.16327980339677,21.971551928954714
1666.375,水层,6.960605158964799,45.23906876092448,47.80032608011072,79.81421847170725,20.185781528292747,80.62517377020497,41.48056758380181,3.7132621083617514,0.045239068760923734,0.810955298497707,19.37482622979504,2.35657914679285,148.3944510030466,18.748171645703362,1.1575018772616172,1.2012432564835,107.78495517138765,54.80300268178247,22.142233496567087
1666.5,水层,6.990390827477823,45.44209326709694,47.56751590542523,77.59022894239975,22.409771057600246,78.3915800088107,41.66672463743083,3.729926536399011,0.04544209326709861,0.8013510664109611,21.608419991189287,2.028109315743792,178.0209246991726,18.660168957201687,1.1708137824939473,1.2138195433855317,112.59594850888139,54.09358010162282,22.218709383337515
1666.625,水层,6.874742199976856,46.0553195802665,47.069938219756644,78.76481244525063,21.23518755474938,79.56633901448843,42.22900357517871,3.780260685507529,0.04605531958026404,0.8015265692378238,20.43366098551156,2.0367137029028326,165.90612144037897,18.445925405258258,1.1934771596658738,1.2367885652906563,109.33246914262769,53.57737514422895,22.174497175184023
1666.75,水层,7.072571317191747,47.11748970053312,45.809938982275135,79.0930379028636,20.906962097136393,79.90305544188536,43.20292767808312,3.86744453274947,0.0471174897005322,0.810017539021757,20.096944558114636,1.9826645420961284,168.57643788820408,18.319588258672823,1.1939374825697893,1.238299663278781,112.98288905532532,53.657339654109975,22.04537879362532
1666.875,水层,7.13344670394938,46.30582809050186,46.56072520554876,81.36931041204024,18.630689587959772,82.17527845083177,42.4586996205162,3.800822641895159,0.04630582809050238,0.8059680387915367,17.82472154916823,2.1215912548489313,167.87755192964124,18.224690372112903,1.1879906312862067,1.2334005688845824,106.6476695631122,53.875697996966466,21.919989770087984
1667.0,水层,7.168865919057632,46.06345462715158,46.76767945379079,80.00870827558263,19.99129172441736,80.79843661581867,42.236462755293516,3.780928417230915,0.04606345462715017,0.7897283402360338,19.20156338418133,2.3270423366397943,163.07782100705214,18.064246792616075,1.1898982474921422,1.2371340687991144,118.5107559481362,53.5144967801577,21.998723901611495
1667.125,水层,7.186689759295885,47.402988076917715,45.410322163786404,80.4398693829442,19.560130617055805,81.21143437262023,43.46470660105945,3.890878487781351,0.04740298807691737,0.7715649896760393,18.78856562737976,2.240906797758531,158.66582813465257,18.152049273577017,1.1825155116397768,1.2307236740847984,108.2183498562929,54.318671377462806,22.10975065814878
1667.25,水层,7.35556470865327,46.00542304343835,46.639012247908376,79.15881078612193,20.841189213878064,79.92494773692161,42.18325248602531,3.7761651343696045,0.04600542304343605,0.766136950799671,20.075052263078398,2.1073640249125636,176.09756442689124,18.121604271123005,1.1878476900295238,1.2375533796267417,119.11638082606235,54.39357859826395,22.066127756160988
1667.375,水层,7.445235502316902,46.57701104551821,45.97775345216488,80.44506644087488,19.55493355912512,81.19385947790094,42.707352459781696,3.8230815746909985,0.046577011045519784,0.7487930370260645,18.806140522099057,2.151260366080996,172.97056214521228,17.955534676581657,1.1970303708484513,1.2484585499807115,115.00838940864013,54.6783708161517,22.062582855348623
1667.5,水层,7.399254376403662,47.69015754017894,44.910588083417395,80.33151004498313,19.668489955016867,81.05817444612634,43.72801777556135,3.914449607077413,0.04769015754018183,0.7266644011432032,18.94182555387366,1.972016578122028,166.69915138004617,17.907347140510403,1.2068069454794983,1.2601845362399446,111.71061254467017,53.93922260506275,21.94980648556444
1667.625,水层,7.576746997029102,47.9083304262548,44.514922576716096,78.92409787957061,21.07590212042939,79.64204901453496,43.92806466851684,3.932357427311705,0.04790833042625578,0.717951134964341,20.357950985465045,2.0460024129568724,166.76937601480623,17.78511972001616,1.2177471715921322,1.2718882980677124,105.25155854869651,54.65630669412331,21.961499114838055
1667.75,水层,7.399240407421502,47.37235352897532,45.228406063603174,78.67030048756656,21.329699512433443,79.39604305825596,43.436617198003006,3.888363977443342,0.04737235352897523,0.7257425706893944,20.603956941744052,2.060232361885241,181.90959296368706,17.85340144568231,1.2334628745727414,1.288138745668431,104.42826968193908,53.62006354555098,22.15396242435203
1667.875,水层,7.614648120715202,46.309402377293985,46.075949501990806,76.31031298760357,23.689687012396433,77.02294720726151,42.46197695245307,3.801116022463617,0.04630940237729392,0.7126342196579354,22.977052792738494,2.1197085518847665,156.12151155376807,18.015932101045664,1.244377297523902,1.2989574109596265,100.35182257875182,54.429390887854304,21.978492649528015
1668.0,水层,7.525659497745492,46.460118550860116,46.01422195139438,75.88623046958969,24.113769530410313,76.60092029392854,42.60017149524132,3.8134869370679385,0.046460118550862434,0.7146898243388446,23.39907970607147,2.0952074415155297,166.10162174001755,18.051680270256654,1.2501075166881797,1.3048826523841044,91.92847304620263,53.75749466214167,21.92235439270063
1668.125,水层,7.650607061957376,47.70516350788191,44.64422943016071,77.29890576786698,22.701094232133013,78.00745185192372,43.74177703441685,3.9156813099571792,0.047705163507884285,0.7085460840567336,21.992548148076274,2.3146374292394776,165.06274585782808,17.966332381272984,1.2685072814486227,1.3252887754585179,102.1198428121881,53.47699089213982,22.06621242490258
1668.25,水层,7.795868070139497,48.41988527265865,43.784246657201855,76.21672560475643,23.78327439524357,76.9390785820072,44.397119093381676,3.974346294004314,0.04841988527265681,0.7223529772507609,23.06092141799281,2.0648264555023856,169.21776217577388,17.79445017005136,1.286505147003697,1.3454174646054051,107.61468334007783,53.97560171191947,21.987056073968294
1668.375,水层,7.971298845783059,48.142448675560814,43.886252478656125,75.2091111294628,24.7908888705372,75.9400390189755,44.14273217005763,3.951574056827628,0.048142448675558835,0.7309278895126942,24.05996098102451,2.144713250111622,166.5414944589485,17.648901278984955,1.3060289322943623,1.3679290081764646,111.8708765628329,54.02966701078989,21.81089872631857
1668.5,水层,8.117162169284702,47.998129245221406,43.8847085854939,74.0893998689766,25.910600131023397,74.82737476424792,44.01040292350557,3.9397281924706102,0.047998129245224036,0.7379748952713233,25.17262523575208,1.8632117439998148,156.07433392158333,17.70338190510092,1.3098394456726696,1.3735316544339713,101.8705650040438,53.12051340350934,21.993817011097317
1668.625,水层,8.150951750630703,47.10777278043146,44.74127546893784,75.55571264769745,24.444287352302553,76.28279355934828,43.19401804815432,3.86664695949671,0.04710777278043171,0.7270809116508188,23.71720644065173,1.8161407482529146,173.61801083067488,17.740995213228473,1.319770048458709,1.3841700477418906,101.03354666080456,53.30095887464897,21.943450856270687
1668.75,水层,8.027315412604068,48.228206542327584,43.744478045068355,73.88336890679746,26.116631093202546,74.63115867676362,44.2213651986697,3.9586131371155497,0.04822820654232993,0.747789769966163,25.36884132323638,2.0168071958713685,150.2935415878361,17.74772013504531,1.3288334222881804,1.3935320863549032,107.88410075399601,53.5069856809561,22.047679106969806
1668.875,水层,8.061234892194364,48.26237768302176,43.67638742478387,73.55455306028749,26.445446939712514,74.2989076997173,44.252697371276334,3.9614179340624043,0.04826237768302405,0.7443546394298081,25.701092300282703,2.27721611246795,160.97513207354805,17.748745042953693,1.3460697645482438,1.4105581143368582,113.44554905450929,54.00888440900725,22.005482787416515
1669.0,水层,8.063347388328596,48.404698737482924,43.53195387418848,71.34956599266508,28.650434007334923,72.07875545091149,44.3831942687561,3.973099769989346,0.04840469873748157,0.7291894582464122,27.92124454908851,2.0243388664005364,168.77431612334135,17.697057996079963,1.3752448867039004,1.4403883185952644,101.04772708762242,52.99576351167583,22.07608341153697
1669.125,水层,8.238126192275018,48.23331326230378,43.5285605454212,71.40256219157898,28.597437808421024,72.13029124392736,44.22604764790896,3.9590323011325155,0.04823331326230182,0.7277290523483764,27.86970875607264,2.2641173220145347,160.5845017911206,17.80167701025328,1.380958979504933,1.4475395580455193,88.58375622221543,53.1019801236216,21.84538900814937
1669.25,水层,8.46460232141876,47.27538005133539,44.26001762724585,71.38850470930322,28.611495290696777,72.13617818804826,43.34770036122333,3.880404310060722,0.04727538005133494,0.747673478745035,27.863821811951738,2.015589491860774,174.58442324008044,18.0226097182384,1.3729194091902481,1.440567038838252,102.53617699337396,52.967314435422836,21.98783954750801
1669.375,水层,8.539265415472702,45.93368254839859,45.527052036128715,71.76822408498865,28.231775915011358,72.50749104483202,42.11747225370623,3.7702766121439586,0.04593368254839844,0.7392669598433731,27.49250895516798,2.290557845859645,167.99776812959806,18.317287966920826,1.34736524666666,1.4161918991566111,106.5594718504737,54.44061447038399,22.127923031693975
1669.5,水层,8.656191007283091,44.97187583718029,46.371933155536624,71.40135070352285,28.598649296477152,72.1371182651868,41.235573280540244,3.691330680802865,0.04497187583718254,0.7357675616639544,27.862881734813193,2.231137677283117,163.27107449265964,18.739092931419535,1.321880170416341,1.3913276721655714,109.19117545021979,54.30643288162763,22.209920029202614
1669.625,水层,8.829012915097291,43.668138311515776,47.50284877338694,69.92904390280249,30.07095609719751,70.65188396934408,40.040151402369816,3.5843187708344417,0.043668138311516586,0.722840066541595,29.348116030655913,2.2623407442371475,168.27521215137781,19.13673451755522,1.3004903710315718,1.370800224626813,112.27067781456863,53.55117006413735,22.113946327267477
1669.75,水层,9.036605746946242,43.028285452609104,47.935108800444645,69.69427978481126,30.305720215188746,70.39611293091362,39.45345807546181,3.5317990916946864,0.0430282854526072,0.7018331461023622,29.603887069086387,1.9871549838329186,169.13295430228848,19.42804258904442,1.2869853283525332,1.3577527617808882,114.35458837526139,53.22494538604852,21.96476013353219
1669.875,水层,8.884023024013867,42.884821690811286,48.23115528517485,70.30186055148222,29.69813944851778,70.98573548490302,39.32191340776473,3.520023461355739,0.0428848216908119,0.6838749334207945,29.01426451509699,2.092825699880494,153.62491239460604,19.60280320054127,1.2825057427762534,1.3527496510935635,106.70265347793888,53.09418473308891,21.844248007893757
1670.0,水层,8.66352651436667,43.29527492999336,48.041198555639966,70.03658842542133,29.963411574578668,70.73182695847933,39.69826583486395,3.553713820199412,0.043295274929993494,0.6952385330580063,29.26817304152066,2.209933694028807,188.63240712798384,19.579141393646545,1.274999553151108,1.3454446689248398,104.27966101668983,54.33581302488733,22.005019412976814
1670.125,水层,8.823597584346428,43.69089016824568,47.48551224740788,71.45681979178346,28.543180208216544,72.15417281191179,40.061013015055295,3.586186263022146,0.04369089016824576,0.6973530201283303,27.84582718808821,1.8981648236510467,173.3640794325873,19.445074273499454,1.2717385576376954,1.3417538700679512,103.29488495842962,54.75927709038759,22.5741965517541
1670.25,水层,8.81962135442372,44.20396789503964,46.97641075053664,71.93002222341653,28.069977776583464,72.64793511106465,40.53146379808298,3.628300129061626,0.04420396789503733,0.7179128876481187,27.352064888935345,2.1646980517594003,167.71339229354098,19.304293652311358,1.272076507171279,1.3415166868133577,107.83527819237943,53.94191883759512,22.47840533103416
1670.375,水层,8.6306632103772,44.23108823062595,47.13824855899686,72.05211801221893,27.947881987781077,72.75574800553406,40.55633095260219,3.630526189793134,0.04423108823062641,0.7036299933151395,27.24425199446594,1.9699723665625182,183.930265957601,19.054487061606586,1.2717810350737317,1.3411956556269746,108.26947480047559,53.45836228366743,22.568009366381172
1670.5,水层,8.399210934410098,45.613157812532734,45.987631253057174,73.27671805997925,26.72328194002076,73.96668045104127,41.82357699165681,3.743967663063393,0.045613157812533084,0.6899623910620309,26.033319548958733,2.1796046460112577,179.8177263845646,18.92411503824083,1.275912006643025,1.3450944773688183,91.58924600007379,53.16337814388859,22.77513043390553
1670.625,水层,8.605038580214075,45.03621948177946,46.35874193800647,72.47096153814981,27.5290384618502,73.14274356931068,41.29457119918638,3.6966120631112993,0.045036219481780354,0.6717820311608806,26.857256430689315,1.94536418569245,167.53979779832378,18.720525830814996,1.283533136087154,1.3534043603120731,103.70160055385234,53.84404801788446,22.27411957566272
1670.75,水层,8.714632780724688,46.248084808997596,45.03728241027772,73.25004828767364,26.74995171232637,73.93283284404636,42.4057537010587,3.7960830231298974,0.04624808480899814,0.6827845563727314,26.06716715595364,2.1440502074711105,164.08872686244223,18.47009999230681,1.3055808815873455,1.3761523195378056,114.46073771536058,53.27338673023107,22.160020811780278
1670.875,水层,8.511990837229444,47.051466847318544,44.43654231545201,71.63096238100242,28.369037618997584,72.33083186230051,43.14239006093376,3.862025319537474,0.04705146684731709,0.6998694812981026,27.669168137699486,2.0147385913811213,145.00687161428203,18.436524101242785,1.307437775987921,1.3781282865773663,114.88982249673975,53.54403741906855,22.151818438342847
1671.0,水层,8.415027685563658,45.95117694253265,45.63379537190369,73.37583552846537,26.624164471534627,74.08705902841024,42.133513198360745,3.7717125672293745,0.045951176942531785,0.7112234999448653,25.91294097158976,2.168240489154051,170.48188385654362,18.397226235053832,1.2986505347888924,1.3676575226527268,97.46410813431649,54.402276605277144,22.168960596868953
1671.125,水层,8.191337895415337,45.30406199868094,46.50460010590371,74.72513692380666,25.274863076193345,75.41541362179906,41.54016112684077,3.718596809841488,0.04530406199868206,0.6902766979924028,24.584586378200946,2.20968111752894,161.66892190295005,18.36313962961371,1.2865344706781023,1.354320237652443,97.91699169499084,54.76875450178507,22.12802855405287
1671.25,水层,8.406299578452984,46.343072902070396,45.25062751947662,75.96583472721872,24.034165272781284,76.64247634353644,42.49285010074777,3.803879728420556,0.04634307290207196,0.6766416163177307,23.357523656463552,2.1278534399937765,170.95511488572868,18.52295609738652,1.2593180935770563,1.3260449139763844,105.22987965085848,54.48955752403259,21.95261606516145
1671.375,水层,8.42265165320036,44.97906301699295,46.598285329806686,74.19787274433176,25.80212725566824,74.871474785934,41.24216334320337,3.691920610772586,0.044979063016992865,0.6736020416022365,25.128525214066,2.1469051238617687,165.33312521672173,18.622598000234042,1.2535853398106873,1.3200017346538409,102.93716382983784,54.37652162304671,21.967319630584576
1671.5,水层,8.399231325278807,44.92657076291293,46.67419791180826,73.11280923041514,26.88719076958487,73.78183711567634,41.19403219124489,3.68761200090513,0.04492657076291262,0.6690278852612046,26.21816288432366,2.16644554647165,168.24528456565022,18.588662117179624,1.2679767629818735,1.3352510117655032,105.62968013722158,53.65995212690701,22.0633784297528
1671.625,水层,8.330860729964956,45.92601684178708,45.743122428247965,72.59123409428315,27.408765905716848,73.25904596679771,42.11044342066688,3.7696474042784125,0.04592601684178729,0.6678118725145702,26.74095403320228,2.063568951530617,170.91590119521877,18.621363322480963,1.2905319326970417,1.3577803956889838,90.12458846342744,55.60895219157376,22.131280499835825
1671.75,水层,8.388795538240597,46.635463668433836,44.97574079332556,71.73508807521888,28.26491192478111,72.38424797069686,42.76094878794918,3.8278794168162196,0.04663546366843324,0.649159895477969,27.61575202930314,1.9901386876685345,177.14571615207558,18.58083750940476,1.295485896208613,1.3635320616109956,110.91432140443902,53.68889873708237,21.98222572643921
1671.875,水层,8.544785790635569,45.428864046218,46.02635016314643,73.77716547933517,26.22283452066483,74.43241243554336,41.654594511727986,3.7288406704438004,0.04542886404621527,0.6552469562081851,25.56758756445664,2.116338679558595,178.13199350099356,18.414736697122944,1.3074464855586423,1.3776290797013584,108.92996637595532,52.616961545355835,21.878637632481656
1672.0,水层,8.67962848737934,46.61343022070055,44.70694129192011,73.05554076211355,26.94445923788644,73.7027605467364,42.74074589821609,3.826070892263759,0.04661343022070094,0.6472197846228391,26.2972394532636,2.184910960107123,167.51721714254393,18.46226710970362,1.3090002264929557,1.3803831944635105,126.4250558272964,53.6324808874421,21.91659253018242
1672.125,水层,8.633549419144416,45.44039984524047,45.926050735615114,71.59328512521003,28.406714874789962,72.24211186354638,41.66517190653497,3.729787538860261,0.04544039984523893,0.648826738336347,27.757888136453612,2.15712194603557,158.86479008949567,18.53376438946466,1.2949796164734084,1.3668590231809399,110.88280782736295,53.505401180723716,21.923737246607192
1672.25,水层,8.580986778151715,45.58587011468694,45.83314310716135,73.04118350579017,26.958816494209824,73.68555438245849,41.798556379480175,3.7417278650920713,0.045585870114688704,0.6443708766683238,26.314445617541505,2.0791552985186863,167.2359328296845,18.412231797084942,1.3049363911701604,1.3772810555606214,99.98554828438957,53.807821428296556,22.065290117021217
1672.375,水层,8.497346243341127,46.78185224107135,44.720801515587524,73.67223701156436,26.327762988435634,74.3135256770379,42.895175270657674,3.8398951181726004,0.04678185224107137,0.641288665473533,25.686474322962095,2.1259922257230643,170.60982599726486,18.361003880631237,1.3052833474470673,1.3771898225133312,111.65106370504026,53.922248143335025,22.09516362749697
1672.5,水层,8.536716369289127,47.1237187633755,44.33956486733537,73.73454728280853,26.26545271719146,74.39149980011376,43.20863922496713,3.867955819644995,0.04712371876337759,0.6569525173052362,25.60850019988623,2.15993221381541,177.2096793478179,18.22294792315276,1.293347800885095,1.3657872921773104,98.71697334843476,53.634876594417264,22.066984689340956
1672.625,水层,8.620535005196551,46.35641718613957,45.023047808663875,75.37093414791869,24.62906585208131,76.02066228027587,42.50508573009095,3.8049750388624917,0.0463564171861372,0.6497281323571807,23.979337719724125,1.9883153586277358,170.9854757951771,17.994997195741096,1.2912013427913038,1.365808797518921,102.16256702741936,53.21441291348515,22.12950793610496
1672.75,水层,8.803136973838546,47.4538607947254,43.74300223143606,76.22624971413809,23.773750285861905,76.85714191713043,43.511352769227614,3.8950541647030623,0.04745386079472516,0.6308922029923418,23.142858082869566,2.230751586084071,159.64484139002792,17.88637019797494,1.275993491982142,1.3513799814341685,109.30974658788863,53.810691669975256,21.982723461607666
1672.875,水层,8.573740640542962,47.30138611233424,44.1248732471228,77.70289938469608,22.297100615303922,78.34328702513889,43.3715458160569,3.8825389101650067,0.04730138611233614,0.6403876404428214,21.656712974861104,2.064419897172645,161.94064064170533,17.873209453953177,1.2643765525884134,1.3410690498178477,114.288608407517,54.03394638558814,22.022166241753293
1673.0,水层,8.817576069084323,46.83144167331104,44.350982257604635,75.70293547796183,24.29706452203817,76.35185821609444,42.94064476973892,3.8439654618988155,0.04683144167330899,0.6489227381326088,23.64814178390556,2.0195979678818383,170.0414083216499,17.839505061518906,1.2761966291108702,1.3543772452438947,109.63138097474491,53.42807424352671,22.022923323231726
1673.125,水层,8.890336304271448,46.86966484153844,44.23999885419011,73.64360951238073,26.356390487619265,74.29018630678108,42.975692323907246,3.8471028527896496,0.04686966484153954,0.6465767944003482,25.70981369321892,1.9724551166284365,166.79130153540436,17.91933749003316,1.2962422646387963,1.373741452651043,100.68810933749698,53.22389126234174,22.14526770480398
1673.25,水层,8.715462106610635,47.301504664528125,43.98303322886124,71.9466004694764,28.053399530523603,72.57792958416103,43.37165451883141,3.8825486410321846,0.04730150466452712,0.6313291146846264,27.422070415838974,2.0364755748190153,174.40656629653316,18.099222810224504,1.3106186009696759,1.3879271701979974,100.3171834619963,53.282520179677235,22.0559542583356
1673.375,水层,8.68963990517038,46.06464553163868,45.245714563190944,72.79808941833225,27.201910581667743,73.42394434165853,42.23755471840009,3.7810261677069477,0.046064645531639775,0.6258549233262671,26.57605565834148,2.300478319473587,152.9865377647676,18.276943289860924,1.3275895932795525,1.40368581932874,107.62012386015105,53.516803676909134,21.921370802190445
1673.5,水层,8.684997972764497,45.751507037199104,45.5634949900364,70.7190171561725,29.28098284382751,71.33476695892014,41.95043204241543,3.755323487746473,0.04575150703719777,0.6157498027476522,28.66523304107985,2.163411946669628,171.20112700050333,18.46016866465325,1.3358445174982496,1.410032155424038,115.15789905078714,53.83424398512567,22.074067292868026
1673.625,水层,8.645347432824728,45.5355705280714,45.81908203910387,70.14937371088439,29.85062628911561,70.78032802556012,41.75243572626627,3.7375992312770654,0.04553557052807272,0.6309543146757333,29.219671974439876,2.1617529365958186,175.4702119937708,18.721099763829372,1.3326624188178129,1.4063285554038698,99.0834446863391,54.0819451389731,22.03392014402535
1673.75,水层,8.877913002453337,44.8563912034086,46.265695794138075,69.15188401175591,30.848115988244086,69.77167414000793,41.12968321057941,3.681851601625778,0.04485639120340862,0.6197901282520228,30.22832585999207,2.098205657902099,169.9078827921074,18.848801314123175,1.3368741900585033,1.4113494950032117,125.45022544202266,53.29078066632036,21.950734446345724
1673.875,水层,9.016373404561017,44.932875233852656,46.05075136158633,70.37979883418733,29.620201165812677,71.01793944797699,41.19981288125593,3.688129477362867,0.04493287523385514,0.638140613789663,28.982060552023015,2.132813467486812,173.74253941357162,19.009793011757335,1.3363729401397746,1.4111558273404858,108.49325177691033,53.602128070282404,22.063306319667888
1674.0,水层,8.945476111681392,44.22078719287924,46.83373669543936,68.7477965741419,31.252203425858106,69.38114842219294,40.546885734030305,3.629680671656062,0.04422078719287653,0.6333518480510395,30.61885157780706,2.060777261387818,172.3807334681694,19.025014985671497,1.333049185146606,1.4090554070219423,103.67395631201248,53.840669058203346,21.900888774415428
1674.125,水层,8.941529194380852,45.22778883152903,45.83068197409012,70.35506118535277,29.644938814647237,70.99016835708258,41.47022480075069,3.7123362419468062,0.04522778883153111,0.6351071717298183,29.009831642917415,2.17737105691899,163.07691302749132,18.928828204213907,1.3251234643875285,1.402194549676837,108.5376270904284,54.21560021872977,21.919581699703087
1674.25,水层,9.035837974373486,45.46472899959195,45.499433026034566,71.4839753808677,28.516024619132295,72.11954987776139,41.68747977358384,3.7317844970085208,0.045464728999590476,0.6355744968936875,27.88045012223861,2.0118643748677316,176.518667308136,18.839236064556474,1.334853992708783,1.4134659074747087,92.39437261502404,55.460279831118655,21.944515954378605
1674.375,水层,9.236429693109066,45.904653880267205,44.85891642662372,69.862902280696,30.137097719303995,70.50000139209813,42.09085531256947,3.7678939138174714,0.045904653880268764,0.6370991114021235,29.499998607901865,2.2327764228524294,178.2423327226914,18.68333332679854,1.343733715409189,1.4242159843948448,95.11850946283876,53.29454130307055,22.157167977544404
1674.5,水层,9.20286974024748,45.75002253978338,45.04710771996914,69.14558960361627,30.854410396383724,69.80173632455619,41.94907087833607,3.7552016389075216,0.04575002253978319,0.6561467209399092,30.198263675443815,2.0157617132675796,161.22350232260249,18.628023589390885,1.354022424462955,1.4370343319789893,105.3068328525424,53.05704988842296,22.114417402594448
1674.625,水层,9.447979256502109,45.82165897039461,44.730361773103276,69.22822840080272,30.771771599197283,69.8982237185571,42.01475569198984,3.761081619434369,0.045821658970397056,0.6699953177543897,30.101776281442895,2.213779709513856,152.9494993771324,18.706072194468135,1.3695792028550333,1.4535402756492481,103.63172842540467,53.12306414764539,22.340574138900426
1674.75,水层,9.37001655984084,45.05799208224801,45.571991357911145,68.01826393001036,31.98173606998964,68.70522048915075,41.31453491307235,3.698399177093411,0.04505799208224595,0.6869565591403999,31.294779510849246,2.018616614630456,178.99533042269172,18.76385993956078,1.3825964316435562,1.4667137124701983,117.79071826000927,53.47693440077854,21.927822586701517
1674.875,水层,9.379652477061546,45.6587967887198,44.961550734218655,67.2183245330918,32.7816754669082,67.90444550470328,41.865424242009986,3.7477137499210924,0.04565879678871884,0.6861209716114753,32.09555449529673,2.108940618305249,144.32518687710436,18.715378220381787,1.3999527023323424,1.4844100553974509,110.16957967800604,54.69922208136179,21.966453007863485
1675.0,水层,9.236269265070407,46.57093490337487,44.192795831554726,67.22277640610245,32.777223593897546,67.90849182643885,42.701781128812044,3.8225828396594457,0.04657093490337688,0.685715420336382,32.09150817356116,2.1491435824933705,162.51278718432954,18.7614129393957,1.4199715557081665,1.5040216962145676,92.96110252798626,54.045411157528314,22.185935396591056
1675.125,水层,9.433177557611794,45.882025292590086,44.684797149798115,65.87336332208594,34.12663667791407,66.5717895483819,42.07010672763667,3.7660365396608277,0.04588202529259289,0.6984262262959665,33.4282104516181,2.173918283458254,189.87112298803194,18.617608651856195,1.4362054241142697,1.5207592362639373,103.589980395552,54.32076802257503,22.019611270165527
1675.25,水层,9.29351788726228,46.731407418533564,43.97507469420415,67.44207647116741,32.55792352883259,68.13143015622603,42.84892144784825,3.835754563266785,0.046731407418532794,0.6893536850586258,31.868569843773965,2.1637208510387715,172.54885564891703,18.650001917539548,1.4415662644347174,1.5266075425056438,99.470938343182,52.75670188605731,22.07457274781634
1675.375,水层,9.534798062880578,45.454022084283174,45.01117985283625,66.04867126706878,33.951328732931216,66.75163209491652,41.67766239811073,3.7309056640881613,0.04545402208428126,0.702960827847737,33.248367905083484,2.153711604927118,155.46488281611718,18.721421651280107,1.4462521981385774,1.5336000785629924,92.55777912586682,53.321117923690295,22.059523415057644
1675.5,水层,9.80436681631376,45.90486527914992,44.290767904536324,65.57750265255986,34.42249734744014,66.28227356408499,42.09104914824915,3.767911265621618,0.04590486527914772,0.7047709115251196,33.71772643591502,2.17108946371549,165.7625061825523,18.609133893451514,1.4699120661163332,1.5586942326195656,87.90701573407543,53.11002306398679,22.03492772661234
1675.625,水层,9.589918667567629,47.34589044454645,43.064190887885914,64.09486375220706,35.905136247792946,64.8167299005068,43.412352689643456,3.8861918644584486,0.04734589044454521,0.7218661482997435,35.1832700994932,2.092742703790863,171.30190804329794,18.491295672859188,1.510760650320236,1.601081550922622,100.18512814384161,53.512106031076236,22.141265925899454
1675.75,水层,9.433943620398743,48.59157070441901,41.974485675182244,63.606282924744384,36.393717075255616,64.31291511903092,44.55454075015639,3.988438383558204,0.04859157070441836,0.7066321942865381,35.68708488096908,2.176506709993699,176.30454578583837,18.116955458028766,1.5522242351881188,1.6440775876950684,111.62699262598656,53.31624374692648,21.913690383990833
1675.875,水层,9.328056057977188,49.68986765722747,40.98207628479535,65.24619940943823,34.75380059056177,65.9571690677502,45.561590236935515,4.078587552634722,0.049689867657226605,0.7109696583119679,34.0428309322498,1.9644325951694888,161.7609273276895,17.719368391069665,1.6055446457202842,1.697851301555569,113.4145459514063,52.68589780237102,22.07846517534977
1676.0,水层,9.315708780311095,50.60741419760768,40.076877022081234,63.91639711631749,36.08360288368251,64.62399950060092,46.40290621274977,4.153900570660308,0.05060741419760581,0.7076023842834208,35.37600049939908,2.2149628273809085,179.48628882818159,17.44332858379013,1.622920250361326,1.7164937805211675,98.11618460714473,52.35280845818828,22.095490601675134
1676.125,水层,9.395968813106464,50.17830808354249,40.425723103351054,65.34826489595518,34.651735104044825,66.03899607942104,46.00945060783514,4.118679167623805,0.050178308083544815,0.6907311834658598,33.96100392057896,2.1577617066237433,167.67731896232718,17.180479496854694,1.6320932918549185,1.727373623115672,97.34437948703969,51.83490552342822,21.978354324331697
1676.25,水层,9.369804373702664,51.098912139739426,39.53128348655792,65.74302409705572,34.256975902944276,66.45399068402934,46.853570078392934,4.194243149206753,0.05109891213973816,0.7109665869736188,33.54600931597066,2.511125060092347,154.6224452068311,17.115693798637412,1.6277128612404386,1.7226038244867168,105.74716609576916,51.19164687492037,21.985767714920442
1676.375,水层,9.147079222289905,50.22217388517929,40.630746892530816,66.62879723892819,33.371202761071814,67.31879754273608,46.049672000521824,4.122279710772285,0.05022217388517894,0.6900003038078949,32.68120245726392,2.177448514539367,176.11162284306917,17.096987634146423,1.5993830998073089,1.692638508793102,83.27570202505879,52.21303926655261,21.895601073386988
1676.5,水层,8.991121107816065,50.31437118779838,40.69450770438555,67.61386143363154,32.38613856636846,68.29889062006983,46.13420947105523,4.12984734555535,0.050314371187796386,0.6850291864382898,31.70110937993017,2.194833857934021,151.03254932630372,17.000895237516076,1.5768572760781425,1.6688062125397827,96.91118614183628,51.1600300475085,22.11873740451615
1676.625,水层,9.068120784729176,50.64916136419224,40.282717851078594,69.4712714623193,30.528728537680706,70.1730933194887,46.441184988426926,4.157327214401123,0.050649161364192674,0.7018218571694032,29.8269066805113,2.142016271766318,173.47006437352553,17.065411078067477,1.5264520278045002,1.61566292242457,105.40055102784396,51.61050167033332,22.060171807020303
1676.75,水层,9.035025042135594,49.570726330432656,41.39424862743175,71.54195328139996,28.45804671860005,72.26413901064662,45.45234727518815,4.068808328914067,0.04957072633043555,0.722185729246655,27.73586098935339,2.2136184371778937,166.90661353704093,17.088522874027582,1.4761517935942086,1.5632893335089229,111.62467084412837,51.874662136103595,21.983499518872065
1676.875,水层,8.85415202620794,49.00268312404105,42.14316484975101,73.37254469340647,26.62745530659354,74.07526632205442,44.93149759241133,4.022182848505679,0.04900268312403866,0.7027216286479491,25.92473367794559,2.1302571629321205,160.18513161539545,17.14696521639693,1.4277376428508326,1.5135720974434186,96.71454585631267,52.296073380440845,22.044855327642118
1677.0,水层,8.910914283251335,48.74110596175955,42.34797975498911,73.69779102938749,26.30220897061252,74.41757294146247,44.69165248826611,4.000712367531683,0.04874110596175818,0.7197819120749853,25.582427058537526,2.054120110721114,169.96719440179876,17.189360566279245,1.4014189375028363,1.4859109840459725,97.32055873381424,52.67342357913768,22.08946161188993
1677.125,水层,8.939496109850134,49.72931122390719,41.331192666242686,72.63553197577785,27.364468024222145,73.36744454666315,45.59775679779137,4.081825114891903,0.049729311223909584,0.7319125708852928,26.63255545333685,1.8172734075927148,161.16804707122844,17.287514767417356,1.395924229926673,1.4800152662364767,98.62167902450366,54.15422400589112,21.81940132591205
1677.25,水层,9.087656383132673,48.56967311964346,42.342670497223864,71.04347550620815,28.956524493791846,71.76410456397637,44.53446243576835,3.986641010755474,0.04856967311964375,0.7206290577682218,28.23589543602363,1.9337979046938822,171.26921284925848,17.355376357697395,1.4067184045485503,1.4914808837225098,98.89859885739901,53.90161419802662,22.127935059881946
1677.375,水层,9.08869838886269,48.58694623112335,42.324355380013955,70.76159080907472,29.238409190925285,71.49154034901251,44.55030048212404,3.9880588027681867,0.04858694623112586,0.7299495399378017,28.508459650987483,2.0274457216623913,156.18555143032978,17.489361162542032,1.408530313434515,1.4943825808645093,106.35355782005358,52.85028333612681,21.998933175255605
1677.5,水层,9.293239862522436,47.49262231459084,43.21413782288672,71.49419993435195,28.505800065648046,72.21294666932522,43.54689394831169,3.898235743964551,0.04749262231459328,0.7187467349732608,27.787053330674784,1.921516229669915,160.67783765130315,17.67440359772113,1.40051928988222,1.4874095445768498,97.29321607393977,52.86550826150324,21.94300391909326
1677.625,水层,9.365176480489854,47.79250146882923,42.84232205068091,71.2232236493259,28.776776350674094,71.93032281233678,43.82185888161075,3.9228500857496504,0.04779250146883102,0.7070991630108794,28.06967718766321,2.227629778901917,165.99396095538165,17.623556837119864,1.4087275543479738,1.496268158168978,96.2090076127321,52.825037460503935,21.92234204015475
1677.75,水层,9.146190683195917,49.18528390799103,41.66852540881305,70.49304976874153,29.50695023125848,71.22004199083337,45.09892774442265,4.037170879660383,0.04918528390799384,0.7269922220918429,28.77995800916664,2.1216738229372316,178.67475415380477,17.63474589650196,1.4027265378536327,1.4903204255762528,103.98500084756847,53.72437572039601,21.85722942652569
1677.875,水层,9.130193045987719,48.33293915195973,42.53686780205255,71.47463376790762,28.525366232092388,72.21293772639544,44.31739653200755,3.9672096808002157,0.048332939151962684,0.7383039584878309,27.78706227360456,2.4490823983276657,172.26479957863395,17.70233289879901,1.4047033127120598,1.492275616426852,100.62240282846231,52.99569271347286,22.04854633711201
1678.0,水层,9.393853835629029,46.91743904212264,43.68870712224833,70.30839589578719,29.69160410421282,71.04938565357448,43.01949740235764,3.851024200722872,0.046917439042123976,0.7409897577873007,28.950614346425517,2.351808829691394,167.92085533107553,17.808065529145374,1.393169057364856,1.479787653966346,102.84825954089962,53.27709431231038,21.74978498263994
1678.125,水层,9.343244204701831,46.58296714232502,44.07378865297316,71.65135193159156,28.348648068408433,72.3796088541536,42.71281371888577,3.823570456296925,0.04658296714232374,0.7282569225620322,27.6203911458464,2.1674427470325615,166.13586629123105,17.947346656434526,1.3665633822688172,1.4525233479888269,109.55032000632994,53.0677736919904,21.96884731950353
1678.25,水层,9.237580222439558,47.295229990261774,43.46718978729867,72.60903260600132,27.39096739399868,73.34405483897851,43.3659011499602,3.882033610311312,0.04729522999025945,0.7350222329771927,26.65594516102149,2.1573720811683295,180.18203746170576,18.04869696927513,1.3382123500605594,1.4244251089229467,98.6018761448889,52.46896808136593,21.933157810463868
1678.375,水层,9.348957568310876,46.646173849769205,44.004868581919915,74.48971722828158,25.51028277171842,75.22362023916979,42.77076915810456,3.8287585178148826,0.04664617384976949,0.7339030108882029,24.776379760830213,2.164733496443133,169.60570439498431,18.023184125431193,1.3164359680857116,1.4029406771258506,97.56534658039482,53.53786243258631,21.935240101431084
1678.5,水层,9.440448929498942,46.55864398415214,44.00090708634891,73.97911188533723,26.020888114662768,74.70120787099574,42.69051134984777,3.821573990320219,0.046558643984152825,0.7220959856585082,25.298792129004255,2.2107252116034064,186.23627238959094,17.95117221863166,1.2953636535706843,1.3821468607629035,108.48455944166193,53.3659364631291,22.095807416721044
1678.625,水层,9.342195084623906,46.634852318393236,44.022952596982854,75.99024632155223,24.009753678447765,76.70347188651732,42.76038822940165,3.827829236673196,0.04663485231839529,0.7132255649650825,23.296528113482683,1.971384058881057,167.47636239888283,18.041155213928416,1.2701993565037524,1.3571988180677084,111.2247403444867,53.773953769548754,21.906370631276122
1678.75,水层,9.425358750556185,45.75919702861606,44.81544422082775,75.48055846033972,24.51944153966028,76.20244788192126,41.95748314265747,3.7559546889299704,0.04575919702861503,0.721889421581547,23.797552118078734,2.114692116123596,188.29957390241069,18.070536464791473,1.25495758034136,1.3424932877636468,102.9623279353065,52.77939205297149,22.009433365525258
1678.875,水层,9.53777744263167,45.881483887332095,44.58073867003624,76.58058632248675,23.419413677513244,77.31826010974623,42.069610302798374,3.7659921006463906,0.045881483887329905,0.7376737872594786,22.681739890253773,2.17721609123206,172.16939895012146,18.11896010053352,1.2472936435315165,1.335828701892323,99.32467610264719,54.05186838288588,22.15299159015639
1679.0,水层,9.754190441254574,45.81457215135297,44.43123740739245,74.42519830372211,25.57480169627788,75.17551126994888,42.0082576520376,3.7604999271640183,0.04581457215135365,0.7503129662267632,24.82448873005112,2.035589559232876,174.4038523472762,18.254753017942466,1.2324204613024945,1.3224261561790114,108.79445879335442,53.470099354286916,21.956970279854172
1679.125,水层,9.904140751366462,44.80937917806834,45.2864800705652,76.441681708273,23.558318291726998,77.20280334691077,41.086576985190824,3.6779928136994426,0.044809379178068626,0.7611216386377755,22.797196653089223,2.1510925928353966,173.42382302996162,18.28279554214844,1.2289213094095124,1.3215753576291838,126.07822163152544,53.62006321311591,22.11882049125936
1679.25,水层,10.077610874707055,45.18548176463801,44.73690736065493,75.25790129732373,24.742098702676273,76.0276214733607,41.43143264177148,3.7088636411018916,0.04518548176464035,0.7697201760369738,23.972378526639304,2.1993876559929038,173.26290798515072,18.326629862376272,1.241285594889105,1.3366249736645077,110.30916646956665,52.80564560974141,21.94726491572998
1679.375,水层,10.132202068367581,45.676880912875895,44.19091701875652,73.54000880328616,26.45999119671384,74.29549042450148,41.88200592140341,3.7491981105596066,0.04567688091287325,0.7554816212153106,25.704509575498523,2.0549492207463436,168.9914133004776,18.312921619758686,1.2591266941703487,1.3571221316654587,107.29541421276475,54.46594117411995,22.103140995782923
1679.5,水层,10.244424086126232,46.288745927103285,43.46682998677048,71.48136228541323,28.51863771458677,72.25064606965745,42.44303665810916,3.7994205230670293,0.04628874592710053,0.7692837842442122,27.749353930342558,2.0549108789671244,162.85921037289302,18.148184187753728,1.3096128588206448,1.4112115881165481,106.72381311086875,54.19932675236659,21.99448413418501
1679.625,水层,10.27664419042835,47.558652725600034,42.16470308397162,70.27265348331511,29.727346516684893,71.04290168109564,43.60743849534753,3.903655577526903,0.04755865272560028,0.770248197780535,28.95709831890436,2.0352381406438,176.34056427975494,18.029307128516155,1.3595095100535066,1.4628337783694485,101.2730982329709,53.023926314629335,21.939825204019368
1679.75,水层,10.108813003918101,47.58230313304581,42.30888386303609,69.09576211835996,30.90423788164004,69.84524594777488,43.62912400637393,3.9055968235388363,0.04758230313304315,0.7494838294149171,30.15475405222512,2.185777953765138,168.3898334327843,17.86588534478623,1.4074858757502322,1.5138473493949915,102.38170473294079,53.17181260758588,22.179705960951075
1679.875,水层,10.35878082452997,48.29388946516779,41.34732971030225,68.4590997495543,31.540900250445702,69.21701127014602,44.28159112715584,3.96400444854678,0.04829388946516952,0.7579115205917156,30.78298872985399,2.210525107409103,174.45528031980757,17.76334888135735,1.4513683352572908,1.5597159178283122,114.38346863389941,52.575397208696174,22.19019000944822
1680.0,水层,10.32816812204868,48.254872550927786,41.41695932702353,66.68594487737965,33.314055122620346,67.42295024023522,44.245815772083944,3.96080190629291,0.048254872550929084,0.7370053628555708,32.577049759764776,2.020390013414937,170.13723950455082,17.787145654942503,1.4808602276616027,1.5899164657697695,104.99525824149839,52.35678115253275,22.213652626024718
1680.125,水层,10.310592706795324,48.06138464290866,41.62802265029601,66.11009715658601,33.889902843413985,66.82990805058589,44.06840300773969,3.9449202505260654,0.048061384642908433,0.7198108939998747,33.170091949414115,2.1171214744256694,165.09850272725308,17.88011589453989,1.508647783958462,1.6190070853721001,91.02518609473333,52.49824243366108,22.170925331951494
1680.25,水层,10.360291943488201,47.36636241707267,42.27334563943913,64.37772323302686,35.62227676697315,65.07874938749437,43.4311238328877,3.8878722217678963,0.047366362417072816,0.7010261544675169,34.92125061250563,2.1019511740593835,163.5257244944386,18.019529707165404,1.5394406952662065,1.650051286609027,96.43435777872455,53.26465368595429,21.966692172184516
1680.375,水层,10.457156855722014,47.76081909588946,41.78202404838852,63.06917450684365,36.93082549315635,63.76095629771113,43.79280870776901,3.9202495690245613,0.04776081909589058,0.6917817908674873,36.23904370228887,2.0232329323984564,173.8430710460328,18.193028584978187,1.5585904605026113,1.6687100404641293,94.62754237782566,52.93037829592835,22.016373054926873
1680.5,水层,10.416405766120123,47.1418628574697,42.44173137641019,62.40153576479991,37.59846423520009,63.10953649164431,43.225275891944044,3.8694451026681835,0.047141862857470046,0.708000726844406,36.89046350835569,2.3375656732677137,171.07542412514402,18.35748199979149,1.5884316596176948,1.6994969647332612,85.28176788953608,52.54194139076233,21.95076255906254
1680.625,水层,10.658115039288617,47.18830275037172,42.153582210339664,60.74446069350794,39.25553930649206,61.46466439940277,43.26785751815494,3.873256929466405,0.04718830275037417,0.7202037058948255,38.53533560059723,2.063685131318162,157.52680924659063,18.31858115329741,1.6364909692164404,1.7482497006934037,105.71129737997644,53.55118279909868,22.016384687891236
1680.75,水层,10.36009210380582,48.65381022699989,40.986097669194294,59.55316429247818,40.44683570752182,60.256697783646864,44.611609359071466,3.9935470577014187,0.04865381022700066,0.7035334911686885,39.743302216353136,2.170768314658616,153.106943626381,18.31060896861317,1.6858606311556783,1.7982518317443443,87.50277431733849,52.21333761423644,22.161482778250264
1680.875,水层,10.48404706022851,48.75339840576695,40.76255453400454,58.030569385527656,41.969430614472344,58.720978850223226,44.70292366533462,4.001721342026562,0.04875339840576878,0.6904094646955722,41.279021149776774,2.0433583817947167,160.93345580615346,18.270130285160086,1.7422095423543806,1.8566446242198675,99.46419524873976,51.77490494643453,21.976442638266192
1681.0,水层,10.630797749531721,48.51404588383936,40.855156366628925,57.0630049299919,42.9369950700081,57.765768459881116,44.48345675909391,3.9820750788616084,0.04851404588383998,0.7027635298892179,42.234231540118884,2.075694796328081,170.06207531539732,18.21586083284195,1.777754807379279,1.8915661911976602,86.83540066371026,52.25397064820491,21.94387365487483
1681.125,水层,10.401405076048551,48.35603883381357,41.242556090137874,57.76749958976082,42.23250041023918,58.460136431025724,44.33857707220316,3.9691057227765962,0.048356038833811954,0.6926368412649001,41.539863568974276,2.1959688225092915,160.64193086719706,18.315562834677287,1.7742352667879087,1.8877486439487812,93.01383167667716,53.11404610737529,21.92627545013651
1681.25,水层,10.463164866238765,47.69295662049785,41.843878513263384,58.81159813589454,41.18840186410546,59.517388362975424,43.73058430585301,3.9146793580243533,0.04769295662049866,0.7057902270808815,40.482611637024576,2.2725329005957144,160.3818198244117,18.296317615817042,1.7639519383457603,1.8782774465177041,93.1442317824985,51.36325843384607,22.005449092006995
1681.375,水层,10.633897317750291,48.721369869465434,40.64473281278428,59.21827000664028,40.78172999335972,59.93650764265976,44.67355608768429,3.9990924119116826,0.048721369869463016,0.7182376360194833,40.06349235734024,2.0743756614167546,161.0937884675223,18.33390943480855,1.7431655492079692,1.8555643988358044,107.90161747244153,52.53373376084735,21.88363753218031
1681.5,水层,10.417346708538597,47.8439644558415,41.738688835619904,58.65290324317779,41.34709675682221,59.376967270169224,43.86904627890463,3.9270742124810307,0.04784396445583969,0.7240640269914357,40.623032729830776,2.23794295273411,159.19203299895167,18.42312120085354,1.7144320819153545,1.8266607588691284,102.05045234351594,53.06155962710172,21.992742386116337
1681.625,水层,10.598903129651545,47.01589838034131,42.385198490007134,59.6515884546693,40.3484115453307,60.3971154470209,43.10977665312692,3.8591058288340494,0.04701589838034051,0.7455269923516004,39.6028845529791,2.127236161830892,171.56631313967085,18.539789910351736,1.704078576258882,1.814840725975679,98.18218826624093,52.512925787522434,21.978457226542236
1681.75,水层,10.419822067315538,46.467248052001295,43.11292988068317,58.62064061438924,41.37935938561076,59.35203778091916,42.60670867122715,3.814072132722141,0.046467248052000504,0.7313971665299216,40.64796221908084,2.4477352344666716,167.67678338213747,18.695352363421666,1.6869575218256667,1.795386446595273,91.66161137539385,52.42297704198308,22.063529098684374
1681.875,水层,10.490597055915122,47.05145400036927,42.457948943715614,59.27001676283395,40.72998323716605,59.9862804551938,43.1423782813202,3.8620242650487038,0.0470514540003672,0.7162636923598498,40.0137195448062,2.373589487471097,168.30016865581248,18.747149283499738,1.6779139950525956,1.786132068204678,111.43610058465084,54.04195988113484,22.013899241306348
1682.0,水层,10.456581267950513,47.21607847853385,42.32734025351563,59.00614758136923,40.99385241863077,59.72578223791989,43.29332561466479,3.875536785390533,0.04721607847853401,0.7196346565506555,40.27421776208011,2.0413683500129736,171.21910260113344,18.78286718671518,1.6942115828345683,1.8017760883127387,92.38400636437868,53.5277762080777,22.284188621051335
1682.125,水层,10.471052400933639,47.017467239772074,42.511480359294296,57.640550950371974,42.359449049628026,58.345722897444084,43.111215170351734,3.859234602180565,0.04701746723977038,0.7051719470721124,41.654277102555916,2.205907505778057,171.23994726686985,18.75087457855266,1.6928373157233039,1.8016742540328552,84.10116689492938,52.901506741997736,22.157943679922482
1682.25,水层,10.557586205471916,46.71385291772456,42.72856087680353,59.09380940123143,40.90619059876857,59.796726392840526,42.83282539023362,3.8343136745732136,0.04671385291772426,0.7029169916090909,40.203273607159474,2.082272622052612,170.2140207561968,18.778157700482996,1.6818768143886689,1.7911424100642934,91.88153368608309,52.15718303840032,22.21599451871432
1682.375,水层,10.585964143077023,46.59087433680057,42.82316152012242,60.123114356267926,39.876885643732074,60.818591500396266,42.72006397676739,3.824219485696373,0.046590874336799315,0.695477144128343,39.181408499603734,2.259753749309745,167.75926603705898,18.926462970548112,1.6688400773710637,1.77734758124787,88.22926736004163,53.89005249881435,22.243142310043176
1682.5,水层,10.503390996678712,45.64871347446595,43.84789552885533,58.795543540812304,41.204456459187696,59.48922098717853,41.85617865827382,3.7468861027176676,0.045648713474465835,0.6936774463662259,40.51077901282147,2.147854650306719,168.6648573551949,19.111937553600825,1.6509565068041259,1.7578160558059124,101.39823880852619,53.58302292231673,22.32621238642248
1682.625,水层,10.406075528361072,45.04334427758216,44.55058019405677,57.534619528516764,42.465380471483236,58.21455139646796,41.301104060757346,3.6971968725472273,0.045043344277583,0.6799318679511971,41.78544860353204,2.1823984780620296,169.8185122732331,19.294214180930084,1.6481726342092802,1.7521866776727197,106.28619838158073,53.30346995262562,22.71160140580469
1682.75,水层,10.276290080483639,45.06524249714438,44.65846742237198,57.50993792495143,42.49006207504857,58.196391408912106,41.321182957193436,3.6989942974537984,0.04506524249714636,0.6864534839606776,41.803608591087894,1.9727737150812974,185.65018934373362,19.396923334370307,1.6518487384406941,1.752692991435223,100.36640146584368,52.94060252462745,22.661025099591825
1682.875,水层,10.146359597219373,45.80355192054299,44.05008848223764,58.689878709312126,41.310121290687874,59.37772065755097,41.998152991587624,3.7595953770348287,0.045803551920543806,0.6878419482388414,40.62227934244903,2.340535951756332,179.41022086534255,19.4199135004135,1.6408472335690938,1.740151388540559,97.35773420716286,53.43780195063273,22.653353669109514
1683.0,水层,10.272867370089195,45.25928558360141,44.4678470463094,59.76791481723921,40.23208518276079,60.4713495537062,41.499104775268144,3.7149215227496653,0.045259285583603565,0.7034347364669847,39.5286504462938,2.0950541073701356,175.95489791889102,19.269876417737017,1.6452708235251714,1.7436578981698498,86.91813047828329,54.222371756078985,22.52779176056947
1683.125,水层,10.097413377410385,46.503722833239465,43.398863789350145,58.64565865460087,41.35434134539913,59.36645974762826,42.640153095917896,3.817066014488325,0.04650372283324031,0.7208010930273878,40.63354025237174,2.234769218374181,167.36879037954455,19.219928001889116,1.651353126277625,1.748605811056695,97.02577117591747,53.68723232323927,21.95288013886915
1683.25,水层,10.023190524087825,45.65166608977011,44.32514338614207,57.40305534869453,42.59694465130547,58.10362377181954,41.858885967730615,3.7471284559497255,0.045651666089770865,0.7005684231250171,41.89637622818046,2.1030242252927507,152.8479949862446,19.28758137084612,1.6465682085469031,1.7429039266577295,97.43537857421458,53.250155392084736,22.072799887534163
1683.375,水层,10.0871548844173,45.11108102910632,44.80176408647637,58.49770095773902,41.50229904226098,59.20100180804996,41.36321318405417,3.702756764023054,0.0451110810291068,0.7033008503109367,40.79899819195004,2.094489919189889,166.82887575011884,19.27515122818451,1.652026947959331,1.7476528557643292,93.7404197069304,54.63063290367935,22.119232232785315
1683.5,水层,10.14868732066527,45.490287875981025,44.36102480335371,59.30940903477896,40.69059096522104,60.03117696971228,41.710915196293925,3.7338823918111173,0.0454902878759815,0.7217679349333197,39.96882303028772,2.1717645453414356,156.62989038788106,19.422005765488315,1.646570779185526,1.7407114799860768,94.19301477738608,54.355865942704405,21.91370749018109
1683.625,水层,10.003441594039257,45.094209341721175,44.90234906423957,57.690768357107615,42.309231642892385,58.40239375835126,41.3477432111303,3.7013719212491565,0.04509420934171865,0.7116254012436478,41.59760624164874,2.1915904488259654,186.15155030858523,19.440785119411558,1.648455206999451,1.7417543896095504,90.74622569993971,54.2616591124535,21.964973732343175
1683.75,水层,9.93682049265264,45.519939731183214,44.54323977616414,57.01425903818625,42.98574096181375,57.74409945621394,41.738103549577666,3.7363162418743623,0.04551993973118465,0.7298404180276812,42.25590054378606,2.24860773619183,170.11839498640788,19.425327046004156,1.6552879718437874,1.7477442099550444,100.94946402314768,53.70712268583715,21.954794868685802
1683.875,水层,9.929180870487981,45.39318070430199,44.67763842521003,57.937728989428514,42.062271010571486,58.653972607498716,41.62187577289219,3.725911750705494,0.04539318070430273,0.716243618070199,41.346027392501284,2.197237173418005,187.48513193057303,19.374251739642986,1.6871146353398494,1.7796633392760632,104.24219123015199,53.856505791381835,21.841305306339436
1684.0,水层,10.1069220606231,46.52171798329305,43.37135995608385,56.56334825431012,43.43665174568988,57.289451918063975,42.65665319325463,3.8185430720551237,0.046521717983295796,0.7261036637538525,42.710548081936025,2.0983402730471403,173.05777008854503,19.28653113696004,1.6948444154965658,1.7894515559092994,79.8025100684752,54.22088023431203,22.18064202530404
1684.125,水层,10.314408782236045,45.98339362397155,43.702197593792405,57.774765738705256,42.225234261294744,58.51863270423553,42.16305328988682,3.774356940460761,0.04598339362397105,0.7438669655302748,41.48136729576447,2.2692675990895492,162.2348943404563,19.360982693677016,1.6891591167360795,1.7859849907555505,111.06655517127963,53.23644977050714,22.062942158743937
1684.25,水层,10.481329567168405,44.68461469064897,44.83405574218262,56.8172133042864,43.1827866957136,57.57270769557603,40.97217803989406,3.667752036064257,0.04468461469065085,0.7554943912896337,42.42729230442397,2.196178017600171,161.9866650676244,19.285473499073852,1.6935235125885284,1.7934233127763892,104.3806072261288,53.35243916477883,22.01504817474057
1684.375,水层,10.416782458655439,46.09038177805922,43.49283576328534,58.23647023578871,41.76352976421129,58.970720730505036,42.26115277508518,3.7831386211959854,0.04609038177805849,0.7342504947163212,41.029279269494964,2.2080246954558933,162.57065579313755,19.301306392832135,1.6843732145084294,1.786461312543143,93.35033120999529,53.397688988336,21.997361870043143
1684.5,水层,10.554286185094233,46.17017442196908,43.27553939293669,57.285058527024916,42.714941472975084,58.039243656170115,42.33431617674326,3.7896880708038516,0.046170174421968774,0.7541851291451973,41.960756343829885,2.3269420142906645,175.57708851369316,19.24132077751291,1.7055678132736594,1.8090686079993037,99.98643758906475,52.22029350901464,22.026466879031837
1684.625,水层,10.466012414643556,46.8752984382485,42.65868914710794,56.311095965575575,43.688904034424425,57.04799685474673,42.980857876503094,3.847565263307156,0.04687529843824881,0.7369008891711578,42.95200314525327,2.2801339548628574,172.33957541896942,18.920558858127713,1.7342879039113341,1.8404426240140541,102.73124398588351,52.58242523084235,22.14215343082563
1684.75,水层,10.486866863778642,48.06345853303764,41.449674603183716,57.310011050523926,42.689988949476074,58.06706191246375,44.070304597273086,3.9450904772315165,0.048063458533037506,0.7570508619398256,41.93293808753625,2.2878495359492237,178.82720926959377,18.620955328723642,1.773922620013603,1.8817300294262764,116.19932567189807,52.51940077216809,22.21059887967074
1684.875,水层,10.281016756215879,49.45882643776397,40.260156806020156,57.575224416814876,42.424775583185124,58.334670621304866,45.349744122921834,4.05962348840437,0.0494588264377635,0.7594462044899905,41.665329378695134,2.12780806643267,168.1531558058714,18.356496466746478,1.7842116073971455,1.8931945894990267,98.83116803598996,52.49368341329975,22.264611677582764
1685.0,水层,10.346959816882983,48.734770567558854,40.91826961555816,59.093900772091736,40.906099227908264,59.836456944071514,44.6858434441255,4.000192352865791,0.048734770567557956,0.7425561719797812,40.163543055928486,2.1484463966720275,145.11036969504156,18.085759133272262,1.771180397103836,1.8833002617865193,77.19806532375387,53.33872528726525,22.109385048501448
1685.125,水层,10.610239781266934,49.02854442707296,40.36121579166011,60.4784267948966,39.5215732051034,61.23050467829061,44.95521031589574,4.024305566750139,0.049028544427073134,0.7520778833940072,38.76949532170939,2.2010645061876213,165.17630333705114,17.889722772484774,1.77552194331217,1.888492031247495,99.6666059410042,51.7302581562175,22.079583054140357
1685.25,水层,10.294460023475875,49.90268151979708,39.80285845672705,59.047415296194586,40.952584703805414,59.78439424621435,45.75672333871841,4.096055499558872,0.04990268151979643,0.7369789500197577,40.21560575378565,2.1782116570703236,163.8198060162158,17.859194292272782,1.7524421158276569,1.8657263584451043,107.46582681533262,51.89144887656512,21.90406353018339
1685.375,水层,10.262875022673052,49.344189991105246,40.3929349862217,60.142188976112095,39.857811023887905,60.87561487647035,45.24463177195096,4.050214029163184,0.04934418999110804,0.7334259003582534,39.12438512352965,2.02336061264609,155.12789321087902,17.771658998735614,1.7453789395354824,1.8605026460931584,98.01222729798499,51.89229805420334,21.99733882476284
1685.5,水层,10.525287446418918,49.3526505344529,40.12206201912819,60.75758563322311,39.24241436677689,61.50485519358517,45.25238940599914,4.050908477919303,0.0493526505344552,0.7472695603620573,38.49514480641483,2.1119705761931957,153.93116769390036,17.662372587975476,1.749179785466346,1.8639719973934223,94.09783650531126,52.732226667567815,21.91298970245552
1685.625,水层,10.357515799101758,50.0973877126808,39.54509648821744,61.36745349858317,38.63254650141683,62.09923727827089,45.93525317176117,4.112037153206946,0.05009738771268035,0.7317837796877188,37.90076272172911,2.299139761604021,168.20703049261866,20.2471236761145,1.4515822603218456,1.5345953490100661,126.18385676341822,54.50880912384489,21.98198212405732
1685.75,非储层,0.8740355756539466,23.50453303061577,75.62143139373029,94.62340074210253,5.376599257897475,96.94335351871534,21.09233421780335,2.3886942797818027,0.02350453303061606,2.3199527766128165,3.0566464812846528,2.3361315385611108,191.28596845208872,22.785958293112998,1.1718275233546331,1.223535063038363,139.6032281138914,57.46418305943156,22.13616528670237
1685.875,非储层,0.8784884330317325,23.648381586749935,75.47312998021833,93.12798707737646,6.872012922623538,95.43324374963905,21.22142003366611,2.403313171497072,0.02364838158675081,2.305256672262584,4.566756250360959,2.393326333180897,199.6022491784289,25.458763198566484,0.8943639368482509,0.9132579844869432,153.73317375492596,61.3638792377014,21.983328514927233
1686.0,非储层,0.8785290064305942,22.368542489132615,76.7529285044368,92.9963458480959,7.0036541519041045,95.26245591272301,20.07292693419486,2.273247012448623,0.022368542489131782,2.2661100646271146,4.737544087276991,2.413928276524829,204.5184363363228,28.169649630428587,0.6115698096047095,0.5979709449015072,172.21022569017128,62.34976078216495,22.13574055786688
1686.125,非储层,0.8689519334050608,22.757305471944033,76.3737425946509,95.06313199839795,4.936868001602046,97.3149209081986,20.421792353230746,2.312755813241345,0.022757305471944253,2.2517889098006463,2.685079091801401,2.4504848314554386,200.0240269727004,28.26834827912694,0.6116541243637366,0.5981608912760203,194.62983354754,63.19501893864897,22.116614129120904
1686.25,非储层,0.8436380643640489,22.485982395302194,76.67037954033376,93.28312461477297,6.716875385227028,95.49430103040746,20.17831433960341,2.28518207330348,0.022485982395303514,2.2111764156344846,4.505698969592542,2.470339248164182,202.07853995999898,28.39925624674162,0.6048886566114444,0.5917964323049358,185.31792327572919,63.45462656610812,22.13100998282168
1686.375,非储层,0.8597475333804205,22.21677909640124,76.92347337021835,95.53421683860618,4.465783161393821,97.73566196571122,19.936738557367786,2.257823759937054,0.022216779096400144,2.2014451271050417,2.264338034288782,2.480985714684992,205.17837387032586,28.559228302341623,0.5975702488393231,0.584796340925063,184.45960521585047,63.49544581426066,21.948319945893488
1686.5,非储层,0.8521131686727549,20.627950201469258,78.519936629858,95.47334486666153,4.526655133338464,97.69644946002198,18.51096634469896,2.096355906568829,0.02062795020147043,2.2231045933604494,2.3035505399780165,2.485123974687544,211.8320895482725,28.86425128254359,0.5878925548487457,0.5754579014535375,185.76662564017263,64.31702560729619,22.05250211650524
1686.625,非储层,0.831884440071709,19.462739802324002,79.70537575760429,97.34826359054914,2.6517364094508555,99.56740225361254,17.465337948643654,1.9779391138780265,0.01946273980232352,2.219138663063407,0.4325977463874531,2.360332393702734,206.85814550031492,29.2168734134363,0.5763958699626018,0.5643469667936916,178.64676970902119,64.04425382219488,22.341366348138198
1686.75,非储层,0.8100044809403919,18.666877058408073,80.52311846065153,96.04117653730476,3.958823462695238,98.23249778117506,16.7511521801237,1.8970580012259608,0.018666877058408707,2.1913212438702927,1.7675022188249456,2.5275828248315007,201.59813900974615,29.61532615095061,0.566149494715173,0.554349216748202,178.43643818593893,64.16954278764621,22.100850532044685
1686.875,非储层,0.8342598611722828,17.910490072605654,81.25525006622206,97.11532984805693,2.8846701519430695,99.34602222604347,16.072390892598413,1.8201886899346358,0.017910490072605215,2.230692377986545,0.6539777739565267,2.433305947543279,217.11995243685064,29.841705631886754,0.5583607519297172,0.5468153045404645,175.31540233159708,63.89678927703427,22.10768047130208
1687.0,非储层,0.823479643997696,18.175702214471467,81.00081814153084,97.77224712392956,2.2277528760704435,99.99,16.31038511811937,1.8471413941376236,0.018175702214471776,2.217752876070442,0.009999999999998899,2.508523230138928,213.50722313295984,30.04711525086062,0.557262887561638,0.5456249869558694,177.71877477423314,64.03887183331858,21.950740198608997
1687.125,非储层,0.8118053832458436,17.28643764835409,81.90175696840006,95.46978161845415,4.530218381545847,97.7319166596464,15.512383072634522,1.7567681380712141,0.017286437648355094,2.262135041192253,2.2680833403535994,2.497115879786554,218.39661611175904,30.335780415723846,0.5561798260332178,0.5442995676275095,185.91907735767046,63.52418296455327,22.119439018133814
1687.25,非储层,0.7915537676117962,15.599676305063703,83.6087699273245,93.18617510133986,6.8138248986601475,95.50618041032813,13.998728921241252,1.585347707517386,0.015599676305065244,2.320005308988286,4.493819589671865,2.5912457543370344,209.85036395027836,30.470806007780055,0.5622826744377443,0.5498831422017278,183.42651873568877,63.9105194645081,21.999911022195292
1687.375,非储层,0.7903099458904961,16.566341911450564,82.64334814265894,91.4541910311736,8.545808968826407,93.80078601749881,14.866188573394703,1.6835869961444114,0.016566341911451038,2.3465949863252127,6.199213982501195,2.73537034861665,201.66415810507274,30.533751275550483,0.5668446996874498,0.5539601392263749,181.46763694033058,63.95759674671998,22.099017648812726
1687.5,非储层,0.8079435479407494,17.560231125470793,81.63182532658846,93.90745638209692,6.092543617903079,96.30084202461867,15.758077957041621,1.7845929373037008,0.017560231125470643,2.3933856425217477,3.6991579753813286,2.7627313751106737,205.17238582650947,30.310904777443977,0.5711491335567173,0.5579729349646929,182.22274943594365,64.64542464315048,21.8981630298762
1687.625,非储层,0.7887031606187238,19.715852899928155,79.49544393945312,95.45337023160572,4.546629768394284,97.8321547105389,17.692474818055874,2.003662228972351,0.019715852899927777,2.378784478933184,2.167845289461101,2.329782888302697,203.9319923289887,29.882282294940378,0.5730821881391777,0.559851003719735,171.2838541485684,64.20849717555302,21.953909054797258
1687.75,非储层,0.7863466557231122,20.18287294870258,79.03078039557431,97.29652835155954,2.7034716484404586,99.70347517495156,18.111566018137758,2.05112405761612,0.020182872948703093,2.4069468233920235,0.2965248250484387,2.3980447259853586,210.48746654901686,29.44073613938494,0.5761006112536333,0.5629239149576672,177.75893513497485,63.642051582162416,22.00257274214947
1687.875,非储层,0.8032639417604773,21.28027823284645,77.91645782539307,95.05642887918184,4.943571120818158,97.39498014757176,19.096347932136904,2.1626500224767,0.02128027823284709,2.338551268389911,2.6050198524282475,2.3116173465199785,205.02748322827046,29.310331076990796,0.5784278668100015,0.5652874109222441,185.05524635934364,64.60733330842875,22.204914047958436
1688.0,非储层,0.8261013012613404,18.952683581077633,80.22121511766103,94.0264771589336,5.9735228410663925,96.35921783734665,17.00762724771694,1.9261036497796185,0.01895268358107667,2.3327406784130393,3.6407821626533554,2.5283085381575754,197.5105247101285,29.457483747715905,0.580564329332498,0.5673999780864124,178.8465718843986,64.2398267993575,22.200228786181157
1688.125,非储层,0.8437890754029506,18.120149478273582,81.03606144632347,92.22352605992594,7.776473940074058,94.5265273828846,16.260533590455626,1.8414957383396862,0.01812014947827241,2.3030013229586497,5.473472617115405,2.5075747693504478,229.9747763250224,29.527041880511653,0.5872775320380557,0.5738562784739436,180.28288386050292,63.374872229698276,21.947965510168867
1688.25,非储层,0.8497525616082788,19.44447597916843,79.7057714592233,92.07575899024495,7.92424100975505,94.4374057350176,17.448948486168884,1.976083017020376,0.019444475979167597,2.361646744772665,5.5625942649823905,2.3973605032342324,184.2596915635233,29.52275969142406,0.5947703396990021,0.580884151816269,189.48074094046694,62.26677741342027,22.04518675178416
1688.375,非储层,0.8455641689917588,21.349758007513376,77.80467782349486,90.56564422285393,9.434355777146063,92.98137076401693,19.158697208625128,2.169711040880734,0.021349758007513375,2.4157265411630022,7.018629235983065,2.3308792321793907,210.86152527622485,29.212566561522642,0.6027484551589888,0.588526074660886,181.87538350465198,64.09758043031306,22.058692534816466
1688.5,非储层,0.8363886207821393,22.309711727757342,76.85389965146052,93.03940276638187,6.960597233618138,95.43349324874065,20.02013379511829,2.2672682209112938,0.022309711727756462,2.39409048235879,4.566506751259347,2.416466640414087,203.70966030650317,28.902427649688427,0.6092801682457405,0.5947676641503141,179.24104187699115,62.615199303777956,22.247820678158476
1688.625,非储层,0.8341812311662475,21.48198545250092,77.68383331633284,92.11826352260665,7.881736477393353,94.48861083414097,19.277354552670666,2.1831489143777523,0.021481985452501476,2.370347311534329,5.511389165859026,2.482957542691416,193.75958415820114,28.596606613186776,0.6147239272709658,0.6001125009218506,181.31187406750715,64.27234207346844,21.84144765190987
1688.75,非储层,0.8422345343363848,22.74889700930163,76.40886845636199,92.68722945840267,7.312770541597324,95.03022794562081,20.414246825562508,2.31190128672982,0.022748897009300384,2.3429984872181326,4.969772054379195,2.334116141870598,196.43243209641722,28.65646144634803,0.6130646505301488,0.5985452398138283,180.73550753205964,64.55333292528235,21.920563932998956
1688.875,非储层,0.8423298678472145,20.70270020303917,78.45496992911362,90.78415404582731,9.215845954172686,93.17581262306425,18.578044980715266,2.1039525221208653,0.020702700203038826,2.3916585772369285,6.824187376935753,2.466124813055016,210.07480350389517,28.86642748987063,0.616510743796386,0.6017064998829569,187.3245256170165,63.8403584490356,21.840588414394098
1689.0,非储层,0.8541932154147869,20.089692039028662,79.05611474555656,88.42282074352377,11.577179256476233,90.82730859392738,18.027947982118867,2.0416543648707663,0.02008969203902873,2.40448785040361,9.17269140607262,2.3918623775486734,203.76682698509072,29.096158154175434,0.6163592258402141,0.6013852725776503,185.6007078818174,63.73313223214299,21.887928390987305
1689.125,非储层,0.8793574945856139,18.998451079152524,80.12219142626186,89.3595915102394,10.640408489760599,91.78720884655192,17.048697766516476,1.9307548615568964,0.018998451079152434,2.427617336312518,8.212791153448084,2.650269550550491,189.69447891192075,29.393553395099364,0.6156592177747452,0.6004635515303817,176.25505562403606,65.06230939316349,22.05808264569924
1689.25,非储层,0.8561756008014025,19.567858073386258,79.57596632581235,89.37098150332402,10.629018496675979,91.78908665903609,17.559668250920012,1.9886219643928567,0.01956785807338754,2.4181051557120714,8.21091334096391,2.371270398739827,208.7620820173677,29.66854928785102,0.6122052566703504,0.597074669252311,186.83278043716908,63.479453113878904,22.06220355228397
1689.375,非储层,0.8466324078827336,17.744693294222593,81.40867429789468,89.47814550498138,10.521854495018612,91.86154979617503,15.923609333852465,1.8033392670759036,0.01774469329422247,2.3834042911936306,8.138450203824977,2.175210710665196,206.9047235679944,29.711546375609714,0.6135257018500948,0.5984415880114504,180.42557442073456,63.374794087948366,22.67746799805405
1689.5,非储层,0.8628023511953464,19.636826227598824,79.50037142120583,87.18268478615825,12.817315213841752,89.50975238132092,17.621558413006692,1.9956309883645342,0.01963682622759949,2.327067595162666,10.490247618679083,2.5194996562464325,206.58919382768968,29.632512917204632,0.6231354044091827,0.607641354905409,181.03986884951607,64.3501295403146,22.771781084647074
1689.625,非储层,0.8469795801779991,19.941506311013825,79.21151410880817,85.04433457265017,14.955665427349828,87.42998251386896,17.894970105148232,2.026594699554579,0.019941506311014004,2.3856479412187928,12.570017486131036,2.425280504917242,213.76680462421058,29.533047981619966,0.6350022983003857,0.6188887655823674,176.9125636726023,63.6407679043897,22.577113166194795
1689.75,非储层,0.8555889922469162,20.717593790904164,78.42681721684892,84.17560154428429,15.824398455715716,86.6158960868463,18.591410084907785,2.105466112205476,0.02071759379090321,2.4402945425620204,13.3841039131537,2.508812665919579,197.0318396429015,29.424581769071075,0.6468764559545832,0.63011471047629,177.40312550612734,64.15330272922651,22.701418000274053
1689.875,非储层,0.856371519770913,18.984025383663727,80.15960309656536,84.20093194528029,15.799068054719712,86.63015755501917,17.03575253632715,1.9292888219529152,0.018984025383664282,2.42922560973887,13.36984244498084,2.5386554685098703,189.23813233140186,29.50382379347324,0.6507179052382706,0.6335040534805092,190.4443189992698,64.04333591335255,22.147718052871717
1690.0,非储层,0.8781425892150554,18.80948721395089,80.31237019683405,84.22980835173554,15.770191648264465,86.67962319328542,16.879126688685268,1.911551038051675,0.018809487213950968,2.4498148415498866,13.320376806714574,2.4120211428448126,210.52355832959483,29.457891409125374,0.6498971106031457,0.6327418468906761,181.64729773347202,63.71768383662967,21.990304011762003
1690.125,非储层,0.8654223183150669,20.410064043565058,78.72451363811987,86.00276347002986,13.997236529970136,88.39855370080151,18.31544118119274,2.0742127983287513,0.020410064043565462,2.3957902307716417,11.601446299198493,2.504067251359417,196.8779128462624,29.50684657185086,0.6422826951182703,0.6256279224650736,188.04207646850145,63.601187547930614,22.051078409338775
1690.25,非储层,0.8476991327066811,20.146800042371115,79.00550082492221,87.59608404716242,12.403915952837586,89.96638883866403,18.079195164585393,2.047458077743351,0.02014680004237164,2.3703047915016153,10.033611161335966,2.5344350428130906,214.5195255304362,29.275452397870833,0.6370326068703167,0.6208431876743947,172.55293882510628,63.74047577979614,22.247669168870623
1690.375,非储层,0.8301527750229811,21.428575693913753,77.74127153106326,89.77065671844353,10.229343281556469,92.15259640707767,19.2294260753363,2.1777210428835385,0.021428575693914834,2.3819396886341355,7.847403592922331,2.4600968889436876,204.77357117695,29.179438436267716,0.625429063622288,0.6098812422591314,179.36473493149134,63.99057011914189,22.019874118496496
1690.5,非储层,0.8069851713863732,19.797932817057173,79.39508201155645,91.85737749433599,8.14262250566401,94.2988929851323,17.76613112266741,2.0120037615727084,0.019797932817056454,2.4415154907963053,5.701107014867701,2.5610045968756086,185.42960697129962,29.2037892459852,0.6170706230822253,0.6017603084494876,173.62406490927034,62.97771167754853,22.07045148264768
1690.625,非储层,0.8058743245453834,20.13321266373307,79.06091301172154,90.34951793281101,9.650482067188992,92.84222729475267,18.06700221733542,2.046077233733914,0.02013321266373415,2.492709361941668,7.157772705247323,2.4024819542642737,199.71073941263055,29.328942640890126,0.6080122280001116,0.5929739145740576,172.70068754865594,63.29286799520409,21.832556430158032
1690.75,非储层,0.8177344824430343,18.766086369907896,80.41617914764907,91.30952599962839,8.690474000371607,93.75337331570846,16.840179941404763,1.9071403421332251,0.018766086369907328,2.4438473160800576,6.246626684291545,2.5689442694651388,213.23749827421102,29.674573828549512,0.6012658467343658,0.5863455910873412,188.99357163929528,64.93664120221737,21.927158643719494
1690.875,非储层,0.8251732589848969,17.69957338252347,81.47525335849163,89.48833150357008,10.511668496429916,91.90826709528515,15.883119941606466,1.798753867534481,0.017699573382523245,2.419935591715074,8.091732904714844,2.639538412964037,203.1871322833006,29.897792298426985,0.6010740454829502,0.5860722338372281,177.85204141466372,64.89592061442947,21.984481580151474
1691.0,非储层,0.8358687266183145,17.39561244823058,81.7685188251511,89.26776412527182,10.732235874728168,91.71236372539049,15.610353594497573,1.7678632412847772,0.01739561244822989,2.4445996001186536,8.287636274609511,2.518698394256291,226.98211126156974,30.058089115050645,0.5978666056596349,0.5830695606520911,188.0446250956041,63.557264305670834,21.97396679401059
1691.125,非储层,0.8607587837380517,18.355398155395097,80.78384306086686,90.27616555013192,9.723834449868074,92.71389396387659,16.471639410583165,1.865403346656535,0.018355398155395913,2.4377284137446513,7.286106036123419,2.6318415410569433,210.1952541168387,30.0641190578423,0.5957828484462374,0.581168592140448,189.66678939110815,64.78090417754737,21.888325283317084
1691.25,非储层,0.8861839013382934,18.624549976129824,80.48926612253189,92.4875044297682,7.512495570231803,94.90049600256776,16.713168997700365,1.8927564284533294,0.018624549976128946,2.4129915727995743,5.099503997432231,2.4944432807823484,204.88786151417986,29.76501847373307,0.5933712240581287,0.5791302338905168,186.16019088748504,63.26973452366195,21.856328542548443
1691.375,非储层,0.8833512868092845,20.809266201112177,78.30738251207853,94.63677740908332,5.363222590916672,96.99384111544882,18.67367443417779,2.114782500733274,0.020809266201111953,2.357063706365496,3.00615888455118,2.501584658258646,197.027966535934,29.416401525249032,0.5896388924631497,0.5757971442146875,187.58354578278858,65.00871464944736,22.12568976074096
1691.5,非储层,0.8750049358071431,21.0352994297723,78.08969563442055,95.88658238742205,4.1134176125779405,98.30361035200762,18.87651055932091,2.1377535710216216,0.02103529942977314,2.41702796458556,1.6963896479923801,2.526587481631299,209.56405055023254,29.334665231774153,0.5797729228903528,0.5665194015167909,174.6757680318189,64.9133757621419,22.004191750599688
1691.625,非储层,0.8702447318685672,19.124903549828232,80.0048517183032,97.59695773819493,2.403042261805066,99.99,17.162172804318114,1.943605841960289,0.019124903549827196,2.393042261805066,0.009999999999998899,2.5345686026335192,211.5995624539886,29.234623247985944,0.573962884224682,0.560976658809888,172.65595758130854,64.34561689794133,22.07095540806062
1691.75,非储层,0.8852552992958047,19.631379770478098,79.4833649302261,97.53761766898197,2.4623823310180315,99.99,17.61667090923269,1.9950774814749308,0.01963137977047877,2.452382331018037,0.009999999999998899,2.251082880576609,201.90733957055434,29.241176831120157,0.5709550200184189,0.5579149987477833,178.03051581373734,63.22641542513037,23.14310406512797
1691.875,非储层,0.9029973858898578,20.690290274994826,78.40671233911532,96.47668850042447,3.523311499575521,98.97588924142829,18.566908645881927,2.102691338837904,0.020690290274996,2.499200741003819,1.0241107585717057,2.5238824217024445,202.15756361361207,29.21983354781463,0.5734337503455623,0.5600974190775191,191.9037047394415,63.59071491826271,23.16366488790207
1692.0,非储层,0.9232448380605418,21.238810457014644,77.83794470492481,94.56395738941856,5.4360426105814375,97.1213652966717,19.05913586815018,2.1584357784074517,0.021238810457014506,2.55740790725314,2.8786347033282977,2.5123544076726145,206.6490511661757,28.847769099639336,0.5864058495955342,0.5724981619108616,193.60182853949692,62.36277022150668,23.217355534802124
1692.125,非储层,0.9387066688041126,23.13418893761042,75.92710439358547,94.10322600455677,5.896773995443228,96.59034575576266,20.759997413873517,2.3510573347992936,0.023134188937610697,2.4871197512058747,3.409654244237348,2.450021550058695,194.94183062089232,28.42081376636031,0.597471391770435,0.5832048843855624,194.30578907305687,63.41163858300453,23.220550894606866
1692.25,非储层,0.9414092177170436,24.215644173833063,74.84294660844989,96.04595838291962,3.954041617080384,98.52510170047482,21.730466184909716,2.4609623447495137,0.024215644173831985,2.4791433175551973,1.4748982995251847,2.5443884794709652,193.89074866106165,27.9315325669597,0.6063115454419064,0.5918558757537958,181.7705039011564,62.96537942849433,21.98697321389235
1692.375,非储层,0.9421824352256105,25.926330297704038,73.13148726707036,97.48662724484929,2.5133727551507112,99.99,23.265589789341515,2.634814178064819,0.02592633029770315,2.5033727551507177,0.009999999999998899,2.2846696587034265,187.93725054706334,27.385565813944048,0.6136847281039454,0.5991810208805292,189.54003083581114,62.838456007215896,21.968791246567577
1692.5,非储层,0.9176934932498703,27.10210746559626,71.98019904115387,97.46413167390054,2.5358683260994663,99.99,24.320700518771535,2.7543048393591274,0.027102107465596867,2.5258683260994683,0.009999999999998899,2.292483379396195,199.46103301375265,26.998295678990367,0.6170078267352077,0.6024406827156208,173.3238081568474,62.448323269885115,21.90785348443306
1692.625,非储层,0.918028374422602,27.28744203695651,71.79452958862089,97.44279827372733,2.557201726272673,99.99,24.487014766161682,2.77313982875787,0.027287442036957876,2.5472017262726707,0.009999999999998899,2.45428223549316,192.54018600192484,26.641157779113495,0.6261769871147205,0.6112666293804677,175.3044715664728,61.239056583100364,22.166152164068325
1692.75,非储层,0.9315040612195683,28.093101769420336,70.9753941693601,95.54114911144708,4.458850888552912,98.06969655920724,25.20999208806034,2.855016579590578,0.028093101769418455,2.5285474477601535,1.9303034407927577,2.3733819316748126,178.8575696103183,26.613829792318874,0.6343413653107878,0.6190847775635976,165.41258878160068,61.8101366942192,22.22877566862669
1692.875,非储层,0.9291299526606648,26.304587060073136,72.7662829872662,93.02103244022729,6.978967559772709,95.49210807486989,23.60502720941879,2.673255263594276,0.02630458706007234,2.4710756346425984,4.507891925130114,2.3377231346390803,191.38074970734274,26.727833519630927,0.6351854209141108,0.6198713351974051,182.70375009006636,61.81764441296864,21.93221779740175
1693.0,非储层,0.940584250429251,25.88141670603926,73.17799904353149,95.33138666681197,4.668613333188032,97.83387599245378,23.225285543131584,2.630249746201639,0.025881416706040328,2.5024893256418212,2.1661240075462107,2.201329312713579,190.29386049346846,26.878359241606947,0.6380540431060117,0.6225540503986281,169.0354518493342,62.27138713270341,22.216307324010582
1693.125,非储层,0.9643691847273395,25.67735664653945,73.3582741687332,93.60961782335461,6.390382176645392,96.14285233546292,23.042167547557344,2.6095117423355667,0.025677356646540764,2.5332345121083146,3.857147664537075,2.447050088147343,187.75815162103615,27.28739002746696,0.6319601745987156,0.6165880717517094,176.7436425060985,61.04314615407481,21.92517963630741
1693.25,非储层,0.9683115219999308,23.670467829631892,75.36122064836817,93.47268071642453,6.527319283575461,95.98304556474602,21.241239632544126,2.4055577292581343,0.023670467829631225,2.5103648483214824,4.016954435253983,2.427277693393354,193.70842228935618,27.48504636253023,0.6260919740679541,0.6108656629146356,185.13345327620968,62.86515177641816,21.77055993396976
1693.375,非储层,0.961995660789736,24.126141335046302,74.91186300416396,93.73878413415565,6.261215865844349,96.24637786646261,21.65014875053765,2.4518664431736052,0.024126141335046453,2.5075937323069604,3.753622133537393,2.432269125359824,183.80750507884767,27.56080711728204,0.6299631727616655,0.6144421925904764,202.09491724266584,61.05495518806866,21.88844127643521
1693.5,非储层,0.9536263641289664,25.10203674248963,73.9443368933814,92.05207643316689,7.947923566833115,94.59232840110349,22.525890977307377,2.551043728439763,0.025102036742489717,2.5402519679366042,5.407671598896513,2.3262111925943953,193.34272045826626,27.471661563096298,0.6362661098795078,0.6203950207444058,173.56428386991956,62.038116474266594,22.034276213069102
1693.625,非储层,0.9422914776926913,26.697096989982306,72.36061153232501,91.29470220630066,8.70529779369934,93.86549648946088,23.95725503775586,2.713144855236464,0.02669709698998185,2.570794283160232,6.134503510539114,2.3734761798545168,196.1657901726404,27.310826259859873,0.6436159971893611,0.6274084296268578,164.0953045216159,62.66270706680898,22.034799959127717
1693.75,非储层,0.9699226601890425,25.44106924236631,73.58900809744465,91.39832524394397,8.60167475605602,93.93638034517235,22.830129601779596,2.5854985713443503,0.025441069242364972,2.538055101228373,6.0636196548276455,2.2164508021479175,189.8971250123875,26.99369958627048,0.6520993964762245,0.6356484952698135,178.89073860140897,62.36228136765844,22.119239125757733
1693.875,非储层,0.9520934914843463,27.572494047761754,71.4754124607539,93.18688310999215,6.8131168900078425,95.6855609409476,24.742812755150855,2.802108798563136,0.027572494047761048,2.49867783095544,4.3144390590523995,2.3609290832770236,187.21959166888962,26.804770331579768,0.6577113603424393,0.6411492305129145,179.2945773213255,62.38001336494467,21.989551659676675
1694.0,非储层,0.9295800881773267,27.175084086665724,71.89533582515695,91.49659858043239,8.503401419567602,93.98937642580472,24.38618777094022,2.761721231638837,0.027175084086666218,2.49277784537233,6.010623574195273,2.52154893075869,183.58701494729513,26.886961588485526,0.6583886110028733,0.6419322739292013,173.90409400079656,61.863621288571544,22.13846961880571
1694.125,非储层,0.9090359580764161,25.861217180099104,73.22974686182448,89.85105485259152,10.148945147408483,92.30207023692124,23.20715903316791,2.628196929751097,0.025861217180098844,2.4510153843297275,7.6979297630787595,2.4620116542778887,197.76612714159543,27.007833809401994,0.6539377373594267,0.637886018929001,178.04633616355855,62.7316713785368,22.13200202213732
1694.25,非储层,0.9320601512351305,24.155266517437703,74.91267333132717,92.32544077977522,7.674559220224775,94.7042864183366,21.676284903949153,2.454826346971112,0.024155266517436602,2.378845638561366,5.295713581663408,2.305971465529743,192.15724323320043,27.486234804335695,0.6476189221579685,0.63183661424606,181.57274010151804,61.23415598129907,22.094879370946185
1694.375,非储层,0.9594112649288993,22.44087667895467,76.59971205611643,90.40040917339239,9.599590826607606,92.7720760728439,20.137837685883202,2.2805981163925106,0.022440876678955085,2.371666899451503,7.227923927156099,2.3434202513320117,193.41124797302683,28.04689326501786,0.6359098934933112,0.620682241617841,179.62801442742636,63.326956528374936,22.116042942700712
1694.5,非储层,0.9649334278896873,21.097620676358254,77.93744589575205,90.75046606675106,9.249533933248944,93.0942746914184,18.93243596571587,2.144087089966024,0.02109762067635801,2.343808624667355,6.905725308581589,2.384413684134568,191.8626232873242,28.569234662499987,0.6195997701276865,0.6050433440058368,175.72747836716997,63.25177253521398,22.158745391498353
1694.625,非储层,0.9497787228782716,20.140163718089767,78.91005755903197,92.4118598946162,7.5881401053838005,94.80407956802614,18.073239906102376,2.0467836482693005,0.020140163718088827,2.392219673409949,5.195920431973855,2.4318149731612047,201.73695543723863,28.87011619269927,0.6091684420510326,0.595041937774927,176.3090606988955,63.32946741025343,21.95027618643743
1694.75,非储层,0.969077967010125,20.832391899717727,78.19853013327214,94.6591223279401,5.340877672059907,97.00630051135202,18.69442681259659,2.117132695221422,0.02083239189971907,2.347178183411933,2.9936994886479718,2.4664962219516005,211.98095243460912,29.023649547085164,0.6008972899646352,0.5871434671834286,180.78603633953637,62.6127579597582,21.99575337082041
1694.875,非储层,0.9893917657420372,20.707670366013144,78.30293786824481,93.30186564352991,6.6981343564700975,95.65920784766276,18.582505070963705,2.104457624683424,0.020707670366012024,2.357342204132847,4.340792152337247,2.40796311389934,203.72319186239835,28.966185139201194,0.5946766907821239,0.5812137600128142,184.0808010422742,63.43562834343359,22.065706048711373
1695.0,非储层,0.976716718077549,21.634847446490234,77.38843583543222,95.23516540627615,4.764834593723844,97.60584497054823,19.41452878464638,2.198683814397366,0.021634847446490302,2.3706795642720837,2.394155029451761,2.7491095954814093,209.00580383406606,29.031021233248595,0.5889316126481439,0.5757467079228482,181.4534527507264,62.914005524500524,22.122250454655795
1695.125,非储层,0.9878781987020447,19.359770028486356,79.6523517728116,95.17573010619033,4.824269893809674,97.56439973090038,17.37293564984936,1.9674746086085093,0.01935977002848581,2.3886696247100514,2.435600269099625,2.273715529122826,208.49645981205907,29.35240518838025,0.5824995306475255,0.5694312779690245,177.92354411941204,64.44359028596816,22.170021023791985
1695.25,非储层,0.9952623943657252,17.332074913341756,81.67266269229252,94.70776909897985,5.292230901020146,97.11163269215037,15.553336723772897,1.7614061146555147,0.017332074913342307,2.403863593170512,2.8883673078496375,2.704028689147632,201.1998625706783,29.814696068710496,0.5748179711212099,0.561975228284856,181.60535531403917,63.515070916904556,22.02566618935382
1695.375,非储层,1.0103642691992434,15.706584915957322,83.28305081484343,92.39827698331138,7.601723016688622,94.74531321881337,14.094665826211546,1.5962125048298186,0.015706584915956695,2.3470362355019923,5.254686781186635,2.4365813842441333,220.76077871321544,30.509106147529966,0.563425721054632,0.5509558506698682,194.97753260099037,65.1868434896071,22.038177532412714
1695.5,非储层,1.020998801428838,14.109284020285473,84.86971717828568,93.93690182723275,6.063098172767257,96.2743784879835,12.66129106849892,1.4338836677662667,0.01410928402028628,2.3374766607507538,3.725621512016497,2.450345045795927,223.2622640890721,31.092476111775326,0.5557509319392588,0.5435513129843278,191.61282173896157,64.71537813066912,21.915238325456045
1695.625,非储层,1.0423679312568548,13.040093470588554,85.91753859815458,93.05397479214422,6.946025207855778,95.4084484062459,11.701828296473218,1.3252250806447474,0.01304009347058814,2.3544736141016744,4.591551593754106,2.601308530250015,224.05760085785136,31.423910761124972,0.55477899387784,0.5426706200731156,191.2327635971752,66.40069795457781,22.033946914936394
1695.75,非储层,1.0653773984515407,13.746251124061148,85.18837147748731,91.31391107796921,8.686088922030788,93.64866023278398,12.335515135437554,1.3969897374995335,0.013746251124061026,2.3347491548147596,6.351339767216024,2.5162507820702946,229.5920020728429,31.378755183486742,0.555368974321571,0.5433321310026954,182.79011301679705,65.97032627725396,22.601980384168296
1695.875,非储层,1.0391207520433516,16.167559420059685,82.79331982789697,92.54801704336063,7.45198295663937,94.8486105117053,14.50833191750332,1.6430599431363058,0.0161675594200595,2.300593468344669,5.1513894882947,2.5512760844603117,215.0248625193447,31.055034421427752,0.5598978880053833,0.5477207998400117,185.7165122814708,65.45840067288904,22.512729601493046
1696.0,非储层,1.051227036998798,17.564621948899283,81.38415101410192,94.86362192666749,5.136378073332515,97.22875530380418,15.762018163601969,1.7850391633484175,0.017564621948898407,2.3651333771366945,2.771244696195818,2.5275886742565414,223.62673042421468,30.64874600369948,0.5676574532581176,0.555124774859167,191.37211491333161,65.0351433552035,22.708826507958314
1696.125,非储层,1.0239855181083235,17.45072184588341,81.52529263600826,92.88636697832126,7.113633021678734,95.29900401670048,15.659807282104182,1.7734638419333446,0.01745072184588317,2.4126370383792213,4.700995983299516,2.5483253566120108,217.2547269347733,30.23607773923311,0.5732457818554654,0.5605186347975806,190.63040738854554,64.28168824366325,22.519701245443123
1696.25,非储层,1.022451503560795,18.21985122525228,80.75769727118693,92.73996340013181,7.26003659986818,95.09212950902,16.350003250058492,1.851628123968537,0.018219851225251965,2.3521661088881713,4.907870490980004,2.5808766915202743,205.42298806987102,29.877537700544096,0.5813952672766732,0.5682792537787709,192.56211743632554,64.73059872810572,22.14265958145479
1696.375,非储层,1.0526140259588126,20.041713395776274,78.90567257826491,91.89430998208283,8.105690017917166,94.28396878230552,17.984893241253435,2.0367784411270615,0.020041713395775596,2.3896588002226897,5.716031217694473,2.603943447426528,212.80108316651828,29.5087881941405,0.5948206790350128,0.5811005318445701,192.23627717643737,63.07858946784105,22.05632986716315
1696.5,非储层,1.0666004996896126,21.601161750403076,77.33223774990732,91.20923112176686,8.790768878233134,93.64247923251989,19.384300149203835,2.1952604394488375,0.02160116175040326,2.433248110753031,6.357520767480107,2.4522651889583087,196.0756748116853,29.153879439590924,0.6045890614796289,0.5905677578521147,179.99526493795406,63.489116851326386,22.074298468430012
1696.625,非储层,1.0682547191358591,21.275940881394394,77.65580439946974,91.3416378279959,8.658362172004107,93.74594028902628,19.092455709886515,2.162209230626488,0.021275940881393743,2.4043024610303854,6.254059710973725,2.602043349804064,217.01675437932693,29.003663156183432,0.6135958493790752,0.5990100143332897,202.29080812122956,62.42172150959518,22.10375289470561
1696.75,非储层,1.053240952494582,19.87680706788949,79.06995197961592,89.2045026500996,10.795497349900396,91.6782075446239,17.836910748774727,2.0200195120468756,0.019876807067889177,2.473704894524303,8.321792455376098,2.3430983393668723,222.39721427772193,28.918779037658414,0.6172063393196618,0.6022259688247311,178.21775788840017,63.70697999818653,22.25610973942591
1696.875,非储层,1.039683748423551,20.986601425841698,77.97371482573475,90.83026658051789,9.169733419482117,93.37251973676803,18.832810283578088,2.132804540837771,0.020986601425843077,2.542253156250157,6.627480263231966,2.4671535334577372,204.10675364379662,28.99434926503075,0.6202821095374722,0.6048343222167929,202.33776914246036,63.03094404022405,22.145272008156656
1697.0,非储层,1.0132791704456723,20.87289727119135,78.11382355836298,88.55579266436538,11.444207335634616,91.13328843341077,18.730775240860407,2.1212491330597505,0.020872897271191973,2.5774957690453926,8.866711566589224,2.586953379222524,204.6524277535085,29.212125369927293,0.6213563495864589,0.6054535842220115,185.65860189578993,62.98307685715754,22.169383225333245
1697.125,非储层,0.9935971861758544,19.03765274526352,79.96875006856062,88.10000875772181,11.899991242278196,90.65968462473913,17.083876284738082,1.9347388077801755,0.01903765274526327,2.559675867017319,9.340315375260877,2.201180835939126,205.34621257312577,29.387292904102704,0.6243922359951765,0.6081856843886174,180.3757346143094,62.25189286666652,22.04879825657332
1697.25,非储层,0.9871493982457997,18.098940993492906,80.91390960826129,85.5069616951813,14.493038304818695,87.99180412032946,16.241501668031784,1.8393403844676286,0.01809894099349292,2.4848424251481545,12.008195879670536,2.439281711586944,204.62690394019438,29.5161371801395,0.635094972016226,0.6183743764842231,184.02735669190213,64.06525505477724,22.054955913567156
1697.375,非储层,0.9722638077504622,19.771394452484493,79.25634173976505,83.57189793541747,16.42810206458254,86.01537904532287,17.74231630982123,2.009306748210777,0.01977139445248563,2.4434811099054135,13.98462095467713,2.4706820407692662,208.4808359613699,29.57207696400292,0.6480713486008561,0.6307904849045568,169.53108652386922,64.94038621845674,22.00448107885777
1697.5,非储层,0.9897596902624985,20.409252867033622,78.60098744270387,81.31845003633434,18.681549963665656,83.77866823255385,18.31471325324419,2.0741303609224,0.020409252867033614,2.4602181962195155,16.221331767446145,2.5825558952610486,201.87560924100163,29.64980880793559,0.6601030865182448,0.6421889857804903,177.63503413195895,63.536109804540445,22.117768514848404
1697.625,非储层,0.9790464605366043,18.32618287868726,80.69477066077614,81.00833217450261,18.991667825497395,83.51254450986963,16.445422408961196,1.8624342868473758,0.018326182878685912,2.5042123353670127,16.487455490130376,2.585510803365268,205.69205635854772,29.742908642223476,0.6685660737358006,0.6501624471396212,176.8398974515178,64.37333247531971,21.996956130281504
1697.75,非储层,0.9620184779021412,17.19702389183192,81.84095763026595,80.23105101966983,19.76894898033016,82.6881313613583,15.432145578284883,1.7476812896552034,0.017197023891832308,2.4570803416884597,17.311868638641702,2.467466937524254,211.09337481917402,29.969625722858783,0.6685072353958521,0.6498661057402118,191.04186736878762,65.19995756627048,22.119464024772093
1697.875,非储层,0.9498169412137094,17.375035951084893,81.67514710770139,81.1118274608654,18.888172539134608,83.61133533714744,15.591888800737868,1.765772114395942,0.01737503595108346,2.4995078762820446,16.38866466285256,2.4777094857202178,222.87535828666034,30.254523122563853,0.6608754292360326,0.6422795535382884,182.03936043937404,63.54133731775519,22.021864495395217
1698.0,非储层,0.9309493815958784,17.35979553244048,81.70925508596363,81.88556785901362,18.11443214098638,84.45242959509713,15.57821245995507,1.7642232769529698,0.017359795532440048,2.566861736083504,15.547570404902878,2.4071026883745494,206.85470657610844,30.165164983513858,0.6644070434432622,0.6455540102559657,191.91379170000798,64.72501167596792,22.05366260758988
1698.125,非储层,0.9461345437587639,19.325318839239436,79.72854661700181,80.31337200983805,19.686627990161952,82.85956321538939,17.3420200814843,1.9639734389158972,0.019325318839239283,2.546191205551338,17.140436784610614,2.4967120218191905,199.85820774427228,29.85268962696016,0.6695487742253274,0.6503053850059194,176.71487913427404,63.95305659978955,22.096144835289998
1698.25,非储层,0.9323156900031601,20.578376943700306,78.48930736629653,81.18863390188567,18.811366098114334,83.77518899564114,18.466480639759997,2.091317926996607,0.020578376943701168,2.5865550937554787,16.224811004358852,2.318075620368931,199.901218522272,29.57255178957102,0.6793750942037273,0.6595642533200248,177.5371504389126,65.34863522214177,21.969782545499314
1698.375,非储层,0.9110053084273237,20.453366567448196,78.63562812412448,79.5425383840464,20.45746161595361,82.10705904172828,18.35429969861267,2.0786135022680736,0.020453366567448755,2.5645206576818924,17.89294095827172,2.415563899079876,202.60841406441907,29.34961214551609,0.6863848121602707,0.6661378792565789,195.21959244251767,63.25197815829574,22.26880969919795
1698.5,非储层,0.9175298519397251,19.79296845402937,79.2895016940309,80.932302268167,19.06769773183299,83.5706578905794,17.76167623713428,2.011499248441057,0.019792968454029197,2.6383556224123907,16.429342109420595,2.430745878659028,202.04858551508664,29.287089781747767,0.6835577726065228,0.6632136402640063,180.69457765763494,64.20914587339064,22.054548204316394
1698.625,非储层,0.8944005057683551,20.004028032177956,79.10157146205368,82.34495844802994,17.65504155197005,85.03575940339819,17.951075412024505,2.0329485921212744,0.020004028032178864,2.6908009553682453,14.964240596601808,2.5703515312418594,203.6808839384314,29.22269543297317,0.6826293062085815,0.6622693580530086,184.40755299733993,63.90571485131047,21.97065512297526
1698.75,非储层,0.9013912808947376,21.277849354392288,77.82075936471298,82.35120108030965,17.648798919690346,84.98789811591925,19.094168322099005,2.1624031829388883,0.021277849354392128,2.6366970356095902,15.012101884080753,2.5437753788866018,207.8583819682702,29.266637390703316,0.6715575473657027,0.651823692007351,179.20485656421536,64.37662339890635,22.22714707594096
1698.875,非储层,0.8906749649548577,19.92053258218418,79.18879245286095,84.34920316185467,15.65079683814533,86.90986539319395,17.876148846385416,2.0244632032165826,0.019920532582183223,2.5606622313392826,13.090134606806048,2.398400240549856,212.17663832690099,29.389697030946525,0.6588686168791983,0.6400511381689474,184.04184992490764,64.50080541743651,22.91174477046246
1699.0,非储层,0.8842654213911718,18.41390266502395,80.70183191358488,85.93611235473524,14.06388764526476,88.43214072457533,16.524139780138825,1.8713489822201026,0.018413902665024087,2.4960283698400976,11.567859275424663,2.4263813007381003,209.72210338319957,29.493972053391044,0.6503081126312834,0.6323773097305878,192.82444682559682,64.3429323089135,23.229197123625244
1699.125,非储层,0.8917118794079295,18.835237698329156,80.27305042226291,85.50711687078287,14.492883129217137,87.95166557201401,16.902234479087618,1.9141679815432067,0.018835237698329108,2.444548701231158,12.048334427985985,2.490504996135316,214.89723227394504,29.899151388441695,0.6377004069620695,0.6205592373182615,182.33612852924145,64.81114782458887,23.03107389219133
1699.25,非储层,0.9052961489689367,16.87008966087985,82.22461419015121,84.1338541833116,15.866145816688404,86.6176295950264,15.13876361415484,1.7144559570641305,0.016870089660879148,2.483775411714804,13.382370404973598,2.4612578367975075,207.1775722745651,30.220446093287002,0.6314730794940341,0.6146262008805201,199.81455552624095,65.25857881075517,23.10314245322994
1699.375,非储层,0.8922994525174335,16.452254900100847,82.65544564738173,83.98028570956303,16.01971429043696,86.48059044963199,14.76380996539751,1.67199267980324,0.016452254900099772,2.5003047400689455,13.51940955036801,2.4263884975755654,207.92232575113704,30.271291884212097,0.6358666593105518,0.618699244465925,176.70068692321152,65.2226457621542,22.130000404261576
1699.5,非储层,0.8657078637009912,17.91967987371231,81.2146122625867,83.07517115728746,16.924828842712536,85.592085927331,16.0806375723382,1.8211226215003984,0.017919679873712457,2.5169147700435364,14.407914072669003,2.524300017874,206.31888481743317,30.20486106371026,0.6378960947862282,0.6204277849478856,181.5261346600696,64.78589020150527,21.963826295025097
1699.625,非储层,0.869479413896263,19.573137353373404,79.55738323273033,85.20467837812632,14.795321621873681,87.76920257580647,17.564405734441735,1.9891584815782966,0.019573137353372932,2.5645241976801474,12.230797424193529,2.421638598082319,213.49833479214018,30.113518385090835,0.6391971711738711,0.621645445941984,198.2277123274237,64.73335075572366,22.101392546103238
1699.75,非储层,0.8825484721828982,17.869225523049902,81.2482260047672,84.46943829509668,15.530561704903324,86.9779770072036,16.03536119839248,1.8159950991343758,0.017869225523049065,2.5085387121069185,13.022022992796401,2.438784747366275,198.47252802060237,29.832701003941892,0.6459780729188145,0.6280823579725052,180.85981122362404,64.30424229709048,21.980810084639188
1699.875,非储层,0.8971444236758629,19.489197700490102,79.61365787583404,83.60885738004498,16.391142619955023,86.16825217583613,17.489080553106078,1.980627949683532,0.019489197700491012,2.5593947957911483,13.831747824163877,2.371290898568715,196.3645467184094,29.761852691816916,0.6448895036339407,0.6270360911648675,183.22743349738897,64.51173089202261,21.972904910101644
1700.0,非储层,0.8917744555002092,18.64606143650991,80.46216410798989,84.41626252535148,15.583737474648519,86.9727854004763,16.732472802258354,1.8949425728150462,0.018646061436509986,2.556522875124811,13.027214599523706,2.552444910145247,207.4933348649226,29.78552220442614,0.6414430406592831,0.6238027851616152,199.29323067034588,64.23821052056797,22.045141951277305
1700.125,非储层,0.9135751139482636,19.259943045244544,79.82648184080719,86.75331807686413,13.246681923135872,89.3126095624027,17.283353606600567,1.9573294955987344,0.019259943045243227,2.559291485538573,10.6873904375973,2.4144200768990562,208.9462746677574,29.787463603576413,0.6389668889337345,0.6212611208503007,179.75597330747328,63.45682976518317,22.1415881652066
1700.25,非储层,0.8928470854950511,17.819440056091917,81.28771285841303,85.75973741290899,14.240262587091014,88.38944897589404,15.990685062648813,1.8109355533870126,0.01781944005609208,2.629711562985052,11.610551024105964,2.5722639956384326,204.26511691223772,29.933588028719562,0.6314027721874536,0.6138653354196937,179.19608229329418,64.45429215758124,21.80278029338655
1700.375,非储层,0.8795097029496962,17.88729224271656,81.23319805433374,85.90140002398493,14.09859997601507,88.56403377831487,16.05157378551055,1.8178311649632923,0.017887292242716943,2.662633754329934,11.435966221685135,2.30134725271106,213.85755930713805,30.135166104620318,0.6242616208358142,0.6069724116606703,176.18691974616985,65.13643475319417,22.070037853571915
1700.5,非储层,0.903232727498502,16.434301604645174,82.66246566785632,85.96414073688979,14.035859263110206,88.55792310724222,14.747699162108251,1.6701681409322766,0.01643430160464532,2.5937823703524274,11.442076892757779,2.70950820295327,204.5282742583146,30.443094832031974,0.6165008321571914,0.599443676858867,179.50545130721963,65.4738776383773,22.194382085454595
1700.625,非储层,0.8825206913086995,15.94338437470537,83.17409493398593,87.55555157105442,12.444448428945575,90.13730506754476,14.307163275958922,1.6202777143717446,0.015943384374704148,2.581753496490331,9.862694932455241,2.757880819726542,200.07279707701005,30.585881969213354,0.6068985255167172,0.5904546554166787,182.53359243008174,65.19688541323063,21.9461667216577
1700.75,非储层,0.8990436088726409,16.214775190953446,82.88618120017391,89.58292805585145,10.417071944148548,92.1279641576209,14.55070207728251,1.647858338479983,0.016214775190952907,2.5450361017694365,7.872035842379111,2.710915286498569,225.30181048812358,30.63631075901304,0.6028514129497845,0.5868745480527149,178.59843009592802,65.21394456502583,22.136915590950657
1700.875,非储层,0.8943980008174177,17.30795602771441,81.79764597146817,87.56281076251358,12.437189237486423,90.07340121840294,15.531693086098826,1.7589549855878703,0.017307956027712984,2.5105904558893557,9.926598781597063,2.636328270815102,210.33218637633223,30.377384705185165,0.6016041632805383,0.5858205315004267,182.73166385085113,64.85622603293099,21.88894768766496
1701.0,非储层,0.8722163750812827,19.20349844820621,79.9242851767125,89.68565231252067,10.31434768747933,92.27105616281206,17.23270174706475,1.951593202693258,0.019203498448205902,2.5854038502913896,7.72894383718794,2.590343188969723,204.15425209121202,30.218479760665854,0.5975148066191736,0.581982578168446,181.33793434085774,63.79757729860938,22.073519247736883
1701.125,非储层,0.8623195154218085,17.615005357811242,81.52267512676696,91.87014353417274,8.129856465827256,94.47293615738054,15.807230876333552,1.7901594761198791,0.01761500535781002,2.602792623207805,5.527063842619451,2.668306994651515,221.43098818807354,30.306550677766513,0.5955405806741612,0.5798519229919998,178.73467555234694,64.33657728604517,22.09656254000164
1701.25,非储层,0.8381553130803557,15.309211600778848,83.8526330861408,89.77898006918925,10.22101993081076,92.45142818909206,13.73807372705929,1.555828662118782,0.015309211600778895,2.672448119902813,7.548571810907944,2.6251572916012886,212.7486376282019,30.532727522527555,0.5904632776140937,0.5747291510859267,181.3211909192735,64.37432155156358,21.955981511573015
1701.375,非储层,0.8500484177399046,14.891438931064215,84.25851265119589,87.9306188528266,12.069381147173408,90.56802575895523,13.363175797149035,1.5133716949841163,0.014891438931064621,2.6374069061286356,9.431974241044772,2.2440610357215416,212.55944424520925,27.368235048809147,0.9360313848578306,0.7722799678479109,181.6066694432934,62.3864922000292,21.968687019742134
1701.5,油水同层,3.1120904128711735,52.90636649598406,43.98154309114478,46.46752717646564,53.53247282353437,66.60573220998052,44.03620508150471,3.2994947251377074,5.570666689341642,20.138205033514886,33.394267790019484,2.3793482029407653,185.5748198604322,24.051131539199158,1.3024624546702719,0.9800610254566706,169.38264114339574,59.429356710378144,21.868149585843334
1701.625,油水同层,3.164925601326357,52.99930667505352,43.83576772362014,45.342620728303345,54.65737927169665,66.07948611711615,44.11356312094076,3.305290920395537,5.58045263371722,20.736865388812806,33.92051388288385,2.261532308672271,153.45168312465668,20.614589149468692,1.664925558852161,1.1829860303642825,159.92879594109203,56.570922165492696,22.059210684148123
1701.75,油水同层,3.2458667149307017,51.92610266963056,44.82803061543875,44.754789017708624,55.24521098229138,65.70246834817807,43.2202900650282,3.238360772108781,5.467451832493578,20.94767933046946,34.29753165182192,2.3795000526001604,144.76308120959666,17.24233432101437,2.0100773270897445,1.376841753114957,158.88904407209498,54.93008489302147,21.807368782936017
1701.875,油水同层,3.2479448486277063,50.811198899691355,45.94085625168094,44.99400052179569,55.0059994782043,65.42170709832455,42.29230853254265,3.1688300265371727,5.350060340611535,20.427706576528852,34.578292901675454,2.2165144481882515,146.97384738472144,17.314007448016106,2.00553233778374,1.3697077241528974,167.11192340784635,53.729097629647775,22.010843382964108
1702.0,油水同层,3.2626465938895817,52.058345626142014,44.6790077799684,46.13686043478803,53.86313956521197,66.90805336330158,43.33036146737946,3.2466080770428527,5.481376081719694,20.771192928513553,33.091946636698424,2.2077430839040875,151.98429539643038,17.503540494584897,1.961276331494704,1.346160372066777,153.74439058430906,54.21562477566734,22.18925749748118
1702.125,油水同层,3.3490654415189454,50.79462200096798,45.856312557513064,47.32888764307223,52.67111235692777,67.64439708901442,42.278510879062644,3.167796211638901,5.3483149102664385,20.315509445942194,32.35560291098558,2.1349194880356395,143.291182963608,17.613984236038892,1.9330875775058978,1.330802267345713,152.6920995656726,53.77469067940672,22.125428420597473
1702.25,油水同层,3.343341600532579,50.62834721418814,46.028311185279286,46.08214676488871,53.91785323511129,66.92431981967368,42.140113345921215,3.1574265185709582,5.330807349695967,20.84217305478497,33.075680180326316,2.0985395777466573,140.820867457003,17.636081858792366,1.9036054982308228,1.3163347030944177,162.84564864392783,54.40091858282909,21.97422550120163
1702.375,油水同层,3.270759976441182,50.43542392325977,46.29381610029905,47.404662696963534,52.59533730303647,67.75951971709942,41.979535136397686,3.1453948969924346,5.3104938898696465,20.354857020135892,32.24048028290058,2.186948929888908,151.65257047174828,17.662669481779098,1.8884446735759197,1.3127724297374272,160.0547696096011,54.08375061507253,22.0053053081378
1702.5,油水同层,3.3264677378141023,51.73033995429333,44.94319230789258,47.26363956334259,52.73636043665741,67.199829912205,43.05734848255236,3.22615207040777,5.4468394013332,19.9361903488624,32.800170087795,2.1193943603532133,151.03078469274865,17.642760782387008,1.8833291688310874,1.3097598259267242,166.26897414602254,54.3836963232497,22.048580707544357
1702.625,油水同层,3.337298727005681,50.96672398248079,45.69597729051353,47.99954123735646,52.00045876264354,68.49148864515023,42.42175863268425,3.1785293165144815,5.366436033282054,20.491947407793766,31.508511354849766,2.126219087727785,148.49290107255968,17.629027399922464,1.8668143239187687,1.3062457038203341,157.26615163537758,53.30913753630419,21.989539101807527
1702.75,油水同层,3.422330761142183,50.69529155946477,45.882377679393045,47.79493801719593,52.20506198280407,67.81836970651106,42.19583395409929,3.161601488971445,5.3378561163940335,20.02343168931513,32.181630293488936,2.100059350227405,144.55505950035368,17.520644982725102,1.874639464252355,1.3159680530201838,174.83859475744308,53.43523905075617,22.111116818211453
1702.875,油水同层,3.492636397146497,51.52646111342648,44.980902489427024,47.89327210823803,52.10672789176196,67.64984927286912,42.88765150574573,3.213437208198164,5.4253723994825895,19.756577164631096,32.35015072713088,2.2360459240326658,135.59795815421907,17.634081794545498,1.853864557014779,1.3024300498183297,161.619796756335,53.69207700112889,22.09605624655181
1703.0,油水同层,3.574618803429983,50.347638541952946,46.07774265461707,48.09239263887519,51.90760736112481,68.21843629405298,41.90646765302253,3.1399201796427167,5.301250709287699,20.12604365517778,31.781563705947026,2.0587439320520513,134.31858225298194,17.75869378259292,1.846916231529749,1.2978782536396323,163.9397555305604,53.986031080070106,21.93587907677469
1703.125,油水同层,3.5644546811757905,49.57447525339831,46.861070065425906,47.47331436584483,52.52668563415517,67.7156526794748,41.262931167883885,3.0917020092936007,5.219842076220827,20.24233831362998,32.2843473205252,2.1960476074364257,141.33068766047342,17.79665533177699,1.8482284680535077,1.2986393039576172,162.81680207038286,54.01881047863014,22.09235646488952
1703.25,油水同层,3.5614807325378766,50.26621659068541,46.17230267677671,47.33632464787853,52.663675352121466,67.22203975099474,41.8386967214386,3.134842316305834,5.292677552940974,19.885715103116215,32.777960249005254,2.0226583886363745,149.53177393817043,17.829207197332618,1.8554585999098798,1.3012178380146917,166.045533787844,54.79192361484954,22.189070040109907
1703.375,油水同层,3.629057542132185,51.173551319281344,45.19739113858648,46.93710615071697,53.06289384928302,66.80247237526663,42.59390976728356,3.191428061069912,5.388213490927868,19.86536622454966,33.19752762473337,2.030589937554508,147.83454745767472,17.77315622966236,1.8844897144543533,1.317270175545759,166.54312043189114,53.6194693019663,22.135320565984866
1703.5,油水同层,3.6297830886531024,51.06004034567003,45.31017656567686,46.043327724503165,53.95667227549683,66.12542710883862,42.49942978606375,3.1843489724179976,5.376261587188282,20.082099384335454,33.87457289116138,2.087963298607859,155.1587361991956,17.602120139537217,1.916446953893031,1.3411551555257721,174.44093825281607,54.06323758898091,21.900455553628337
1703.625,油水同层,3.698500519895309,51.485499990798566,44.81599948930613,46.38372627373079,53.61627372626921,65.89068071014023,42.85355783203732,3.210882676163597,5.4210594825976495,19.506954436409448,34.10931928985976,2.282862777726241,149.22206677309197,17.49075610742166,1.9413648704960627,1.3600900273648677,161.33545573103328,53.459496567024686,21.91268336594139
1703.75,油水同层,3.627499205895827,51.551586798516205,44.82091399558797,46.29397393496896,53.70602606503103,65.48178448855042,42.90856467545864,3.2150041664096163,5.428017956647943,19.18781055358146,34.51821551144958,2.1791371098008723,145.9718286313839,17.40145370871701,1.948921621611715,1.367724088474847,171.452897074688,53.18447233923983,22.222736836396003
1703.875,油水同层,3.588732804171862,52.15907033806475,44.252196857763394,47.19405749194136,52.80594250805864,66.7191033752736,43.41419890254602,3.252889753099842,5.4919816824188885,19.525045883332254,33.280896624726395,2.191376340182172,139.79784350172207,17.206114793655196,1.945503107505402,1.3718827880188802,156.7376244645281,53.1447547649947,22.91725321133974
1704.0,油水同层,3.679145179707822,53.02064070207311,43.30021411821907,48.41140438092191,51.58859561907809,68.27003122592862,44.13132033337606,3.3066214126269866,5.582698956070059,19.858626845006707,31.72996877407138,2.3778922402055573,135.47631374663482,17.012676980563352,1.9611118260528089,1.3804191058672526,155.41329537701463,54.295632244063896,22.89055496596269
1704.125,油水同层,3.7742000928589774,53.459736846367754,42.766063060773256,47.04578360321867,52.95421639678133,67.30314421386369,44.496798613993285,3.334005553853893,5.628932678520575,20.257360610645012,32.69685578613631,2.2302399772322716,152.79594758829398,16.79632692617467,1.96946223253653,1.3843551137560866,167.20058275436207,53.15916421558458,22.590641009188683
1704.25,油水同层,3.745543770473402,53.68644337249941,42.568012857027185,47.82443335998074,52.175566640019255,68.0547235793745,44.68549603812668,3.3481440599859003,5.652803274386838,20.23029021939376,31.9452764206255,2.0078526213913097,128.61697476833172,16.607015171600725,1.987167716146362,1.39391530887454,154.0169583204796,51.92626740202416,22.709649401285358
1704.375,油水同层,3.675481239589678,54.096663998772264,42.227854761638056,47.665770243715905,52.3342297562841,67.95545606473303,45.02694000458364,3.3737273854375296,5.695996608751092,20.289685821017123,32.044543935266965,2.4186119994368647,129.92842868501884,16.44652308964241,2.015204084224826,1.4104476331957605,163.7032129925696,52.6233998058966,21.87155786900608
1704.5,油水同层,3.6591471733098633,54.78831077678079,41.552542049909356,47.70570379020837,52.294296209791625,67.87158727691644,45.60262685245397,3.416861795279696,5.768822129047125,20.16588348670807,32.12841272308356,2.119379657513663,148.59421935023857,16.397047417172338,2.0291702377354106,1.4210384474177273,144.61533704525255,52.812453754842224,21.76521596890602
1704.625,油水同层,3.7567135781824197,54.066271319606905,42.177015102210675,46.440847958413684,53.55915204158632,66.27901016580032,45.0016428930762,3.371831952217853,5.692796474312849,19.838162207386624,33.720989834199685,1.8620333319634237,134.0964571904042,16.3299941062098,2.0389174787059714,1.4289923398542157,158.68532455606,53.77101328920469,22.101514385970113
1704.75,油水同层,3.807752481641159,54.40520381102083,41.78704370733801,47.76070936551111,52.23929063448889,67.77164218195912,45.283750731682396,3.3929694077201673,5.72848367161827,20.010932816448015,32.22835781804088,2.239100937703669,136.17919627940967,16.389660382883726,2.0305606080181424,1.427342415730843,155.169455093467,53.07156483142838,22.076838552572116
1704.875,油水同层,3.900415928397304,53.39559668802975,42.70398738357295,47.85175374755113,52.14824625244887,67.47483982112858,44.443412049131624,3.3300054659982687,5.622179172899851,19.623086073577454,32.52516017887142,2.2143075710980296,129.6441219910054,16.46843944163176,2.028058022726025,1.427869511167076,155.50694747186685,53.06566183719911,21.931633922309548
1705.0,油水同层,3.8785953705630196,53.92657460718819,42.194830022248794,47.16384474097457,52.83615525902543,66.72455510142515,44.88536741462789,3.3631197953212038,5.678087397239098,19.56071036045058,33.27544489857485,1.9446452680106494,128.15733064216622,16.5351989633746,1.9961256230976612,1.4113154060266022,153.91096783395568,52.1311778704137,22.12029418271812
1705.125,油水同层,3.958557807999647,53.14425129877729,42.89719089322306,48.51885703238479,51.48114296761521,68.18220116150623,44.23420665778705,3.3143303622073272,5.5957142787829115,19.66334412912144,31.817798838493772,2.2137470068928664,129.48042959716778,16.59446931827778,1.965255239482206,1.3970377731157442,167.64279344415587,53.40914132380795,21.812385052036454
1705.25,油水同层,4.031498710163921,53.56297351415127,42.40552777568481,49.9498560491233,50.0501439508767,69.45563089073988,44.58272685619814,3.340443887524347,5.639802770428775,19.505774841616585,30.544369109260117,2.0627315278497775,124.78741083651038,16.539079598706795,1.9521835123234832,1.3908609640821537,156.80232364880015,52.41958767681069,21.94397230053693
1705.375,油水同层,4.135824088126993,53.76077705291908,42.10339885895392,49.6878441891195,50.3121558108805,69.53117057277082,44.74736710227681,3.3527798647611795,5.660630085881091,19.843326383651313,30.46882942722918,2.0511837187563735,155.73422929621378,16.517976836739894,1.9208835997012366,1.3772215520434412,157.27184374771375,53.07898791193483,21.927763943527065
1705.5,油水同层,4.2496666541647174,53.81252934955647,41.9378039962788,50.295196450586566,49.704803549413434,69.58771515026372,44.79044272623477,3.3560073861556377,5.6660792371660635,19.292518699677153,30.41228484973628,2.3562335245127484,128.99640780674088,16.517364578454973,1.8921365816631022,1.3654414058076618,157.34850929396464,51.79275266148143,22.371182114149676
1705.625,油水同层,4.276720896449591,52.859613056567234,42.86366604698317,51.36781734414687,48.63218265585313,70.47947015804912,43.99729021770318,3.296578956451352,5.565743882412699,19.11165281390226,29.52052984195087,2.2901903834992403,151.16006353454046,16.601494729055467,1.8719579011038374,1.3525039198614466,162.77490201366683,53.38413685048471,22.350965019803066
1705.75,油水同层,4.260666641218449,52.47287487127722,43.26645848750433,50.99232677394274,49.00767322605726,70.64367852534565,43.675391679432316,3.2724601086285556,5.525023083216346,19.651351751402917,29.356321474654344,2.2558414413397965,143.21883682247386,16.645188378916863,1.8521380814656767,1.3436525948267448,151.0845318312952,52.820057801739274,22.33369929962805
1705.875,油水同层,4.303799873903211,53.145630645337235,42.55056948075955,51.14728607912632,48.85271392087368,70.53425464810599,44.23535474623113,3.3144163848734087,5.595859514232698,19.386968568979672,29.465745351894014,2.052429058328625,145.35798179619945,16.651088486166955,1.8306541355619028,1.3290869209223428,161.49547748778963,52.256525788603156,22.590479793810065
1706.0,油水同层,4.228125962269826,53.57440702301391,42.19746701471626,52.26723312730247,47.73276687269753,72.12660695795373,44.592243448896205,3.3411569359659743,5.641006638151733,19.859373830651254,27.87339304204628,2.072963627597321,140.81131300364962,16.560936849306454,1.8280388123312798,1.328620297143818,154.49793351051278,53.511466902047545,22.322728353530522
1706.125,油水同层,4.351259939109633,53.68801192943934,41.96072813145103,52.67970484289598,47.32029515710402,72.01702011608184,44.68680161436756,3.3482418827186287,5.652968432353149,19.337315273185855,27.98297988391817,2.12258807794151,142.38672762060844,16.417156866379816,1.8317058715076429,1.3343604246670293,154.69215639962954,51.8117857915564,21.833845776339164
1706.25,油水同层,4.293940972281955,53.92480153690333,41.78125749081472,52.30380666324993,47.69619333675007,71.84472835042138,44.88389161328565,3.3630092181555495,5.677900705462136,19.54092168717144,28.15527164957863,2.0986740936169173,136.4221070438582,16.37521008992389,1.8327575059478314,1.335199308006465,154.88597556468036,52.453157979652474,21.93006714899476
1706.375,油水同层,4.166654971652266,53.62778788940166,42.20555713894608,51.488526088579015,48.511473911420985,70.95885264468258,44.63667460029379,3.344486022779808,5.646627266328058,19.47032655610357,29.04114735531742,2.018582142724617,142.69030486513253,16.374893668308626,1.8361515373154038,1.3370945300695816,166.8389519745266,53.22439483504238,21.868616255467735
1706.5,油水同层,4.121994464107626,53.655177388617005,42.22282814727538,51.9093482633842,48.0906517366158,71.7185577311848,44.65947203819039,3.3461941632961687,5.649511187130445,19.8092094678006,28.281442268815194,2.277684946618257,142.7413308072219,16.508484422037007,1.8424222920838775,1.3321894123157745,132.61228175658252,51.65889077820888,21.9927965580947
1706.625,油水同层,4.2196634667774315,52.39293149734679,43.38740503587579,50.41037685157587,49.58962314842413,70.77798232942129,43.60885143026258,3.2674744564648748,5.5166056106193295,20.367605477845434,29.222017670578705,2.2796532405833383,141.77934129192866,16.698253945676505,1.8336006795069073,1.318636620652815,152.08089342165485,53.95883234002143,22.639615423279768
1706.75,油水同层,4.322455365427542,51.88934431015837,43.78820032441408,50.94027540684868,49.05972459315132,71.45280939408494,43.189694528736744,3.2360683445387943,5.463581436882832,20.512533987236253,28.547190605915063,1.8012631351757908,137.2472082968697,16.88627847530996,1.8204210317387752,1.300472657808382,160.31701559403595,53.01213974596101,22.547328599816584
1706.875,油水同层,4.231879015416327,51.525647334933325,44.24247364965034,50.578556365016425,49.421443634983575,71.52517266680867,42.88697416350907,3.213386457068887,5.425286714355362,20.946616301792254,28.47482733319132,2.1107910393854405,155.0761466989918,16.980739653023843,1.8197177593570284,1.2910073637551487,160.00011343986301,53.94159914590694,22.318992485034922
1707.0,油水同层,4.187941404509728,52.57926674155653,43.23279185393374,50.799102750761364,49.200897249238636,72.06724347514626,43.76394613003856,3.2790952158573,5.536225395660669,21.2681407243849,27.93275652485374,2.1211577003933457,132.60551837626284,16.89720454067178,1.8369176560758103,1.2966781820676863,147.53363432590913,51.86267371921785,22.538345734153577
1707.125,油水同层,4.068466076415454,53.35118554417059,42.580348379413955,49.602456280072396,50.397543719927604,70.93012146978062,44.40644677692692,3.3272357740952776,5.617502993148394,21.327665189708217,29.069878530219384,1.8308920300625586,159.0292710019865,16.746127414038597,1.8692600865973823,1.310317897581897,151.2322307567661,52.84210914397944,21.790846409927074
1707.25,油水同层,4.091379656252471,53.650051172385936,42.25856917136159,49.395842205510945,50.604157794489055,71.10266167675543,44.655205271746304,3.345874467869426,5.648971432770205,21.70681947124449,28.89733832324457,2.1626689556469727,137.19958347219028,16.579569492286936,1.8884822302008866,1.3170083979484413,148.06567711337607,52.359977700225784,22.135946578289783
1707.375,油水同层,4.11984189379198,53.28972569358923,42.5904324126188,50.430087202232556,49.569912797767444,72.7563865220836,44.3552911455024,3.323402843084672,5.611031705002162,22.326299319851046,27.243613477916394,2.191893068109255,157.40868970164104,16.5632314914547,1.8947903551242218,1.3125156595849352,162.85364733668473,52.42051488996533,21.950184741375327
1707.5,油水同层,4.224191619222319,52.65574171402925,43.120066666748436,50.24867979814738,49.75132020185262,73.22341882433591,43.82759948207261,3.2838645618734916,5.544277670083151,22.97473902618853,26.776581175664095,2.1295907256157864,154.12294943246215,16.644120468260923,1.8932475755050542,1.3018606078342523,172.92817270945434,53.34941268961023,22.460424887188267
1707.625,油水同层,4.105229378755417,52.406220305685935,43.488550315558655,48.748859406238715,51.25114059376128,71.70645580304623,43.61991226713476,3.2683032102788743,5.518004828272303,22.9575963968075,28.29354419695378,2.147081432729457,149.8969234924723,16.720618761390114,1.887825798527402,1.2884468083130156,154.87163171387726,53.132582582395926,22.101947053109892
1707.75,油水同层,4.045868935119101,52.75207630138432,43.202054763496584,48.90589969890877,51.09410030109123,72.42133358419211,43.90778283099966,3.289872448709767,5.554421021674895,23.51543388528335,27.578666415807884,2.0912897626685307,147.4750494175588,16.86360759334983,1.878572278317982,1.2731447733828332,160.99850098587225,53.50774105880586,22.174722636204315
1707.875,油水同层,3.962012748962741,51.7687455177323,44.26924173330497,49.5929673148535,50.407032685146504,73.48730148144877,43.0893150563294,3.228547225516228,5.45088323588667,23.894334166595257,26.512698518551236,2.1568393923681772,152.82965546701547,16.93188501057583,1.8834569663285936,1.2666496409703467,163.28569320343144,52.53723159201937,22.24805950268814
1708.0,油水同层,3.989056503835224,52.02196335191944,43.98898014424533,48.88817404227458,51.11182595772542,73.34273223928545,43.30007896273764,3.244339103952535,5.477545285229265,24.454558197010883,26.657267760714543,2.188099279783984,168.0291995210154,16.95262056829713,1.8848696889865288,1.2599839711762013,164.60149555570015,52.95327769498391,22.18359061794958
1708.125,油水同层,3.897090483714099,52.217652793759825,43.88525672252607,48.25812698095441,51.74187301904559,72.58932120755934,43.462959556584934,3.256543235966902,5.498150001207991,24.331194226604936,27.410678792440656,2.0911892668372665,151.25111041922952,16.99626758188971,1.8905730369732945,1.2608845124646584,171.9438111530996,54.244878908593805,22.08940524630967
1708.25,油水同层,3.9658224621043887,52.37829572518851,43.6558818127071,47.895394962562285,52.104605037437715,71.52252596992005,43.59666945847026,3.2665616995278013,5.515064567190444,23.627131007357768,28.47747403007994,1.9728154220994758,153.90291207632654,16.894932400050898,1.9117076428686506,1.273690202546251,157.608562320532,54.08706190147965,21.700630417408263
1708.375,油水同层,4.083342032096474,52.87012852412849,43.046529443775036,48.746161848368494,51.253838151631506,72.56229178324932,44.006042685822315,3.2972347514349925,5.566851086871181,23.816129934880824,27.43770821675068,2.1435235652981595,146.2314590803148,16.743625002342327,1.9278745519777627,1.2869783405830884,152.86856709341274,52.605056666782076,22.131202974567216
1708.5,油水同层,4.030763417351046,53.653142066639845,42.3160945160091,49.09922310168837,50.900776898311626,73.11766007043332,44.65777795367979,3.3460672308573645,5.649296882102694,24.018436968744947,26.88233992956669,1.9160180085567495,135.25690150502413,16.62393900898917,1.9325433455220637,1.295506963954116,151.68020847071892,52.937299764413,22.10201134392819
1708.625,油水同层,4.022816469545982,53.433815000583174,42.54336852987085,49.21043165567949,50.789568344320514,72.86222576542205,44.47522276608191,3.3323889432435507,5.626203291257711,23.651794109742553,27.13777423457795,2.0574940002974245,141.03590616949714,16.507405360131834,1.9426032138773042,1.3029974069569514,151.18208115594027,53.52316629180355,22.1095669140097
1708.75,油水同层,4.068742384278087,53.5606760056465,42.370581610075405,48.285874129674085,51.71412587032591,71.97143621818509,44.58081454275851,3.340300603876376,5.639560859011613,23.685562088511002,28.02856378181491,1.8674284596340927,145.47378650926532,16.358853376234705,1.9712738995726853,1.3185031485536787,162.82195470004916,52.869133421267904,22.02256933100452
1708.875,油水同层,4.023990367349378,54.54503418075598,41.430975451894646,47.84660520592389,52.1533947940761,71.96278489180042,45.400137458764604,3.401689900128018,5.743206821863357,24.116179685876535,28.037215108199575,2.0665076544151466,149.9741929295656,16.200650262224396,2.021397861044043,1.3446073698792667,153.6329660793809,52.56027902476218,21.914851165884954
1709.0,油水同层,4.076045445154938,55.496224403761005,40.42773015108405,46.65591996808814,53.34408003191186,70.89978357351755,46.191853286290794,3.461010683830786,5.843360433639431,24.243863605429404,29.10021642648245,2.0182356445804794,130.98613173556288,16.040917920060778,2.0842611944853804,1.3735669851007155,149.89743151543024,52.94543657197997,22.262697349843123
1709.125,油水同层,4.132400063971996,55.296903366494064,40.57069656953393,45.738256489373505,54.261743510626495,70.19730365397832,46.02594996206966,3.448580068110442,5.822373336313967,24.459047164604815,29.802696346021673,2.1890829895449015,146.8129693659679,15.89723383578376,2.135344892470507,1.3974358284647577,137.23993226616352,52.41538620873958,21.909708112981477
1709.25,油水同层,4.1571533384696036,55.211769637275886,40.631077024254516,45.69325921101127,54.30674078898874,70.02469500423322,45.955089560807934,3.4432707205008684,5.813409355967081,24.33143579322195,29.975304995766784,2.1423829581093417,133.85986079063525,15.739516470967565,2.200378305748223,1.4270196319602015,156.42037615895413,52.38872722059749,22.090315833756872
1709.375,油水同层,4.084274092036673,56.3988924563767,39.51683345158662,44.58270047705696,55.41729952294304,69.42955901953891,46.943182060466285,3.5173053923018713,5.938405003608545,24.846858542481957,30.57044098046109,2.1623194450939573,132.89875611295443,15.753051235969284,2.2212250216981175,1.4335383500020382,149.6281576545046,52.45899268532214,22.06963719267849
1709.5,油水同层,4.193998880175162,55.388827380613726,40.41717373921111,44.949741909092545,55.050258090907455,69.63445822554428,46.10246220446672,3.4543128904490223,5.832052285697982,24.684716316451734,30.365541774455718,2.2751723264392973,133.15717074008265,15.645041966941196,2.266047339513249,1.4539501253592746,144.01670926818366,52.33764325909346,22.0912675431182
1709.625,油水同层,4.124061820900914,56.58201916169404,39.293919017405045,43.70930841514655,56.29069158485345,68.57390136953396,47.09560615770356,3.5287260518225407,5.957686952167944,24.864592954387398,31.426098630466047,2.1415120748230683,128.04958334589935,15.530567501372825,2.3078666933994834,1.4706352035847619,155.19226660661735,52.208419973042105,22.001091437277353
1709.75,油水同层,4.129390928268364,56.5264734337207,39.34413563801093,43.894113397992655,56.105886602007345,69.0935151817914,47.04937310050389,3.5252619538587187,5.95183837935809,25.19940178379875,30.9064848182086,2.1918341507075327,129.99016866842732,15.464078673792404,2.346281205981124,1.490226597490903,158.22398373497305,52.323497284581336,22.144629183756994
1709.875,油水同层,4.201148973937818,57.206143247750695,38.592707778311485,42.81825237697724,57.18174762302276,67.51831034145732,47.61509101501244,3.5676494227921127,6.023402809946143,24.70005796448008,32.48168965854268,2.0180135981662732,131.22740200221224,15.354491536281373,2.394403232718025,1.511372835042018,145.93831566699004,52.8552046407727,21.947586532296505
1710.0,油水同层,4.107313943312567,56.72858164612005,39.16410441056738,42.79876128267843,57.201238717321566,67.92827071041535,47.21759630839607,3.5378663911861103,5.973118946537865,25.129509427736924,32.07172928958465,2.2781374716798153,133.69863008775988,15.29283898736404,2.417220123541979,1.5236865644025435,156.28269601626894,52.83650515957503,21.950520994376618
1710.125,油水同层,4.118402293586187,57.31417631729128,38.56742138912253,42.902636601085014,57.09736339891498,67.66720961602135,47.705011505134074,3.5743868830770986,6.034777929080107,24.76457301493634,32.33279038397865,2.0811433608826637,150.67330841306483,15.266494842224947,2.4505078125823783,1.5375680561344724,143.28110979286961,52.275085125343196,22.040815819271167
1710.25,油水同层,4.179780507485983,56.91210113402752,38.90811835848649,42.055542892744015,57.944457107255985,67.38631955025963,47.37034733518526,3.5493115465126754,5.9924422523295915,25.330776657515614,32.61368044974038,2.2409475129436527,133.50015750856053,15.243251190446154,2.445671693621201,1.5317542242407438,154.42631543341128,52.13895135458007,22.123187183789174
1710.375,油水同层,4.1645905426750245,57.382972058265615,38.452437399059356,43.306690898319985,56.693309101680015,68.76572614947074,47.762273108206166,3.5786773153915914,6.042021634667856,25.459035251150752,31.23427385052926,2.1562839702406644,122.5022037479028,15.096507216274304,2.476188443534695,1.5506788905152713,140.32246880437805,51.924239628575464,21.9490994605928
1710.5,油水同层,4.072367433684794,58.36047736323322,37.567155203081974,42.48752878506258,57.51247121493742,67.46494842396226,48.57589209073599,3.6396392337985106,6.144946038698721,24.97741963889968,32.535051576037745,2.3430423082928926,132.1110501492047,15.032955777756955,2.5000302455737833,1.564409309572528,134.95571485043416,51.50632957743497,21.965899327877686
1710.625,油水同层,4.15230835799743,58.05606181333411,37.79162982866847,42.157567810822144,57.84243218917786,66.70520451088134,48.32251416151506,3.620654420293727,6.112893231525331,24.5476367000592,33.294795489118655,2.1030162227068003,142.26370139292646,14.984873384717115,2.4949754479621884,1.5665089585500585,147.78307188845037,52.33104294284097,21.930066328738903
1710.75,油水同层,4.142004196511861,57.41524090752582,38.44275489596232,42.88980003492307,57.11019996507694,67.82507656121123,47.789131835385525,3.580689755575485,6.045419316564813,24.935276526288167,32.17492343878876,2.024869408059649,142.71956712552364,14.902824258957288,2.531093232267226,1.5870420749843166,140.83215514284427,52.230859364185044,21.92036261588178
1710.875,油水同层,4.249508300688399,58.35502034756909,37.395471351742515,42.05226654872273,57.94773345127727,67.11930464056493,48.57134998594153,3.639298908132786,6.144371453494769,25.067038091842207,32.880695359435066,2.239622800509818,135.96105384424206,14.888423355055814,2.564667615928945,1.601538664645674,149.7396918619471,51.47584377151402,22.036787119399147
1711.0,油水同层,4.289342694622637,58.555037842521386,37.15561946285598,40.80457025993364,59.19542974006635,65.80862621726531,48.73783300133206,3.6517729582942247,6.165431882895095,25.004055957331676,34.19137378273468,2.087030527512684,123.37299740875903,14.880774647407247,2.583222036061513,1.6043736295443123,155.8849930717679,52.81631465656186,21.867371357846235
1711.125,油水同层,4.355967031570015,58.07472130651602,37.569311661913964,41.18532997722271,58.81467002277729,66.57468883005173,48.338045246390024,3.6218181157694334,6.11485794435656,25.389358852829012,33.42531116994828,1.9849609284436491,136.25415668572367,14.796334922212298,2.629957309412155,1.625250935686775,141.8345583573269,52.43474949927284,22.00815853304161
1711.25,油水同层,4.4864152176671706,58.30373313542015,37.209851646912675,41.142143390617726,58.857856609382274,66.42609183407457,48.52866147146151,3.636100391637323,6.138971272321323,25.28394844345684,33.57390816592544,2.0038863183120066,146.26843685470837,14.700191948252149,2.6435681087717517,1.631549031610269,140.8048333899609,51.69944389536221,22.067182043545763
1711.375,油水同层,4.4655770556121155,59.24807708480158,36.286345859586305,42.35514367443338,57.64485632556662,68.0007457315828,49.3146788560724,3.694994208885881,6.238404019843298,25.645602057149407,31.99925426841721,2.3083361024420848,113.10082642158221,14.571409287022746,2.6294438315315163,1.6318620197690452,159.93938345908256,51.06517231107676,22.007703954333458
1711.5,油水同层,4.429561970607464,59.73080268420199,35.83963534519054,43.06698189937953,56.93301810062048,68.04428553176758,49.71647177630445,3.725099292156559,6.289231615740981,24.977303632388065,31.95571446823241,2.266738595946326,130.62058225157094,14.38527197209746,2.6339642079404477,1.649250184801725,139.97877558402945,51.69167741311534,21.964425526569002
1711.625,油水同层,4.361011233071997,60.031733647553295,35.607255119374706,43.06116402054773,56.938835979452264,67.29714321249953,49.96694933685511,3.7438667901340215,6.3209175205641674,24.235979191951802,32.702856787500465,1.8436396444471796,139.42903566881043,14.250635359922244,2.648661902855719,1.6677978941778142,144.767333530339,52.28540520612263,21.948939806055964
1711.75,油水同层,4.408755880349003,59.811351630319244,35.77989248933176,41.838846283338455,58.16115371666155,66.09717899698437,49.78351606880161,3.7301227107058077,6.297712850811826,24.258332713645913,33.902821003015625,2.1411128348359583,139.00894625648053,14.286845868490479,2.649485119917832,1.672505803600151,145.2946510504951,50.77437915925982,21.937652351867907
1711.875,油水同层,4.331697266835647,59.0086892102994,36.659613522864944,41.93201585031194,58.06798414968806,66.62908804700405,49.11542620967485,3.6800648330565693,6.213198167567984,24.697072196692098,33.370911952995954,2.0327321172015944,138.33725330762553,14.422530689738844,2.632074742670625,1.6605888238429176,143.05409969396865,51.94597899832125,22.09656965509858
1712.0,油水同层,4.225821744752759,58.39695693141592,37.37722132383132,42.51979702423414,57.48020297576586,67.2810026724075,48.60625557725325,3.6419142746067514,6.148787079555921,24.761205648173362,32.718997327592504,2.146761387570697,125.14693661451854,14.534715476883186,2.6085229130022016,1.6419404192203135,150.86370399558623,51.94652001338344,22.034472330040025
1712.125,油水同层,4.189395769973572,58.84210950144304,36.96849472858339,43.075204286945024,56.924795713054976,67.86838235394634,48.976774877000686,3.669676123585692,6.1956585008566645,24.793178067001318,32.131617646053655,2.1622251519728763,143.90814711348906,14.534091805310435,2.586273747773649,1.625877788619659,132.36584832373327,51.45952760024073,21.973109015076005
1712.25,油水同层,4.283159764170458,59.70810334121215,36.008736894617385,42.98104999252693,57.01895000747308,68.21474747445173,49.697578153677924,3.7236836522738854,6.28684153526034,25.233697481924803,31.78525252554827,2.12629082151064,125.05285911252732,14.4326286612485,2.5881085557502166,1.6293192862480137,142.4460411454772,52.447151966919904,21.92034841356044
1712.375,油水同层,4.374011693040569,59.99453111094519,35.631457196014246,42.95782340994298,57.04217659005701,67.91950398362647,49.93598409315894,3.7415466615478046,6.317000356238448,24.96168057368349,32.08049601637353,1.9811842759663636,111.16787250767294,14.324433935510397,2.6150100294633365,1.6488395631735775,150.3369210176633,50.82297093143977,22.000287864061356
1712.5,油水同层,4.401502325541504,59.559351811922554,36.039145862535946,42.2602743667743,57.7397256332257,66.50631700616441,49.57376596841887,3.7144067935751415,6.271179049928543,24.246042639390115,33.49368299383559,2.2877630868719647,141.6871797856348,14.163814617922768,2.652106322392001,1.6716268267744834,148.35171596762484,51.14138061749918,22.26018508402236
1712.625,油水同层,4.445590762593035,60.49774418242559,35.05666505498138,42.834631531107995,57.165368468892,67.64542174477135,50.35482960236788,3.772929441824276,6.3699851382334405,24.81079021366336,32.35457825522865,2.209986927128315,125.07765457980267,14.090797164494289,2.660687554687377,1.6820492745197768,139.77693596859925,50.67982768078707,22.096476343637605
1712.75,油水同层,4.410655224571356,60.45415258956655,35.13519218586209,43.412315142785815,56.587684857214185,68.13499150702185,50.31854647710134,3.7702108610517766,6.365395251413425,24.72267636423603,31.865008492978152,2.279668665455386,132.53026033129913,13.997612226820193,2.6811023469502713,1.694623285430803,146.42203781944008,50.97062513623055,22.077347389436948
1712.875,油水同层,4.456963379964385,60.97087131295717,34.572165307078436,42.9119923202183,57.0880076797817,67.91278358208655,50.74863331125221,3.802435918547205,6.41980208315776,25.000791261868233,32.08721641791345,2.1647641613017954,118.7044576011544,13.850758750717565,2.691667590892936,1.6987092087280349,150.7425982557153,50.15501403236552,22.01049354168582
1713.0,油水同层,4.391059485398918,61.001125889505694,34.607814625095386,43.266550392197075,56.73344960780293,68.51049856009841,50.77381547411433,3.8043227390254293,6.4229876763659375,25.243948167901337,31.48950143990159,2.1001792899764125,126.64941318179088,13.77644178388119,2.684937820325569,1.698840409418275,121.48440263983703,50.23506983466875,22.003438988448124
1713.125,油水同层,4.2860584031663125,61.27433045746733,34.43961113936635,44.0379367166338,55.96206328336619,68.8380867584188,51.00121518384256,3.821361086025528,6.451754187599239,24.800150041784995,31.161913241581196,2.1203762569559554,119.95440132599512,13.753144485580275,2.657107373979752,1.6830444649651795,136.6194409489381,50.818040996409295,22.212445225783526
1713.25,油水同层,4.236132269844647,60.58962350027966,35.1742442298757,45.247813697772074,54.752186302227926,70.68172659015205,50.431304642173856,3.7786594766893944,6.379659381416403,25.433912892379972,29.31827340984795,2.15019464657254,129.48515927202828,13.679729702162671,2.6133341963222625,1.6608781715794945,129.96221237651372,51.364518636950976,21.752653785531038
1713.375,油水同层,4.130677311783923,61.58919140748074,34.28013128073534,46.21869025985032,53.78130974014967,72.17796305912742,51.26328726108492,3.8409973247719544,6.484906821623859,25.959272799277095,27.822036940872586,2.1797815007462455,141.52473436987088,13.605063281591239,2.5850647894811245,1.648100033497939,138.33751894297822,50.00382110212161,21.89368980663559
1713.5,油水同层,4.129324208249088,61.69995314387866,34.17072264787225,45.717130700023,54.282869299977,71.51490083750105,51.355478935967234,3.847904957807381,6.496569250104043,25.79777013747804,28.485099162498962,1.9990275791223509,109.91578311708199,13.638829606246873,2.5308655752128337,1.6195272255251612,141.91481415041653,50.69486037115662,21.905001909840095
1713.625,油水同层,4.248833691717868,60.66973172731828,35.08143458096386,46.95468365728033,53.04531634271967,72.34712181367209,50.497982105553554,3.7836554098834485,6.388094211881276,25.392438156391755,27.65287818632791,2.189762355775382,138.88003813700632,13.566073690011335,2.5083858423871686,1.6146337841094116,124.6141003745293,50.261419629142125,22.116476457801152
1713.75,油水同层,4.218570967152524,61.23321229687,34.54821673597748,47.65564909454248,52.34435090545752,72.76976064283313,50.966990800794534,3.818796760350119,6.447424735725349,25.11411154829065,27.230239357166862,2.3350951730178413,125.33329063950255,13.578087941792708,2.4851871760249553,1.6056844074114975,143.51919850900256,50.395086735276365,21.959666599175275
1713.875,油水同层,4.140959995891532,61.37353729566667,34.48550270844179,47.61864781454139,52.38135218545861,73.32198378228168,51.08378922855164,3.82754810019822,6.462199966916815,25.703335967740294,26.678016217718326,1.9551732436195823,122.19095386648922,13.674140419678519,2.431679034784028,1.579058378139663,153.98953384137403,50.518094157067296,21.869191683623733
1714.0,油水同层,4.149767799874747,60.489448940389615,35.36078325973565,48.069651454071035,51.93034854592897,73.81027344038796,50.34792512179794,3.7724121107513975,6.369111707840272,25.740621986316924,26.189726559612048,2.1548216040289456,126.56704146028356,13.78058960952047,2.4087313986118692,1.56101575261191,137.96668883306896,51.09413063570722,21.83108253018722
1714.125,油水同层,4.198219800500315,59.48027723263025,36.32150296686944,47.14144080412407,52.85855919587592,73.20993890876562,49.50794885374867,3.7094753236113664,6.262853055270212,26.068498104641552,26.790061091234374,2.04183954678446,113.39003898443958,13.844742234077174,2.386052409479226,1.5438525126119171,136.74666752600615,51.42297045409666,21.95530786457833
1714.25,油水同层,4.181751115749228,60.45140421134396,35.3668446729068,48.33824506464827,51.66175493535172,74.24269686325,50.31625888573821,3.770039459006074,6.36510586659968,25.90445179860173,25.757303136749996,2.1309087360950913,140.18682006828973,13.86684336270061,2.3692374488796886,1.5314955649486457,142.78298896897454,50.25072381094661,22.26831172921826
1714.375,油水同层,4.301510540772012,60.93675529360634,34.76173416562165,48.47381282875396,51.52618717124604,74.96011312630984,50.720237106330224,3.800308279978426,6.416209907297688,26.486300297555886,25.039886873690165,2.2641971489016184,115.6369770354984,13.782997174846269,2.3665346596312644,1.5295608883865042,153.1786522006378,50.323311966686504,22.73533877693354
1714.5,油水同层,4.252513690508282,61.19953487658667,34.547951432905045,49.32113337819487,50.67886662180512,75.81192222249193,50.93895966041513,3.816696474922475,6.443878741249066,26.490788844297047,24.188077777508077,2.142461487178027,125.51363086374539,13.538550113909658,2.375057169846779,1.5421588256615892,133.4216568313347,51.976447615140245,22.64477557456272
1714.625,油水同层,4.316150357900559,61.86528453658083,33.81856510551861,49.7169749292372,50.2830250707628,75.92644670685887,51.49309124234244,3.858215816296631,6.513977477941765,26.209471777621673,24.073553293141124,2.289078741785206,138.91153348917084,13.291059674563291,2.397539300782524,1.5571578814893727,128.91110094883564,50.8262217422933,22.663319242524654
1714.75,油水同层,4.275077350120337,62.892577483753584,32.83234516612608,50.01057571597932,49.98942428402068,76.80128802734077,52.34815058390422,3.922282730826189,6.622144169023179,26.790712311361453,23.198711972659225,2.160154242091892,119.19961158483989,13.065469213264638,2.432666350361056,1.5777428539661802,140.9037720344404,50.23338619536705,22.258510967614853
1714.875,油水同层,4.340033553588375,63.25947319210998,32.40049325430164,49.04335973680204,50.95664026319796,76.2524464727971,52.65353338992119,3.9451641066335688,6.6607756955552215,27.209086735995054,23.747553527202903,2.0804861284335514,134.60701140111544,12.832983319790632,2.4678018563415787,1.5992833554533075,144.02573792452984,49.960974049936894,21.869416775080936
1715.0,油水同层,4.392633202607037,63.535942507860895,32.07142428953206,50.01634912357476,49.98365087642524,77.18176874682413,52.88365048722885,3.9624060589617787,6.689885961670269,27.165419623249363,22.81823125317587,1.913852953535142,120.10968929419248,12.60054538971444,2.519624906661894,1.6270683625130564,134.49538337846477,48.8217345829188,21.970368896408495
1715.125,油水同层,4.286689219678345,64.35764142856505,31.35566935175661,49.335035197374324,50.664964802625676,76.41301766227124,53.56758523051018,4.013651144082499,6.776405053972366,27.077982464896916,23.586982337728756,2.2450392921606017,116.9399379727396,12.465047285815746,2.5691388929683687,1.6548641617615694,134.73707139223612,48.853147434467004,22.112318856877927
1715.25,油水同层,4.278091882100152,64.45816476828735,31.26374334961251,48.622577316832,51.37742268316801,75.4119112664147,53.6512550550827,4.019920261603395,6.786989451601243,26.7893339495827,24.588088733585302,2.2069954843073236,123.37801400238624,12.414809616174313,2.589373555437697,1.6691037496851544,138.09734944881885,49.857864498204314,22.12535723635548
1715.375,油水同层,4.252821699563487,63.93363105537555,31.813547245060953,48.452767453902965,51.547232546097035,75.0934316628987,53.214663474829315,3.9872078238849453,6.73175975666129,26.640664208995734,24.906568337101298,2.0734273219759682,111.62787623035655,12.444337319687172,2.6095629961962756,1.6751516775084496,134.87588505067484,50.16647088876293,21.981435688227663
1715.5,油水同层,4.3647785637214715,63.35003645766349,32.285184978615035,48.226016265058064,51.77398373494193,75.61280484238121,52.72891302377052,3.9508120661661468,6.670311367726829,27.386788577323145,24.38719515761879,1.9704075548339803,130.37205439797546,12.460081082070962,2.6180189516119987,1.6724336499101538,129.10929846198792,49.84658220849955,22.340723539331144
1715.625,油水同层,4.415156374884513,64.10780975674368,31.477033868371805,48.497399118980425,51.50260088101957,76.56045318022976,53.35963977016534,3.9980704429695333,6.7500995436088145,28.063054061249332,23.43954681977024,2.1776760389865966,131.26188411858985,12.56956637497574,2.6170390664186387,1.6598855287004868,134.71186016169648,49.00664147777513,22.00092973768989
1715.75,油水同层,4.4594984162958315,63.20618186755619,32.33431971614799,47.09250038701797,52.90749961298202,75.08760248760792,52.60917676797676,3.9418406040778944,6.6551644955015306,27.995102100589946,24.912397512392083,2.041025795927201,127.39523331257662,12.637498675057671,2.615626455967573,1.648795465126632,122.81463560960295,50.71476658408983,22.077357713482158
1715.875,油水同层,4.395493651811608,63.100805768194505,32.5037005799939,47.52007578375084,52.47992421624916,75.4343123272574,52.52146778643987,3.935268845194663,6.64406913655997,27.91423654350656,24.565687672742598,2.068906422254095,139.6609737643877,12.712848536971649,2.618399815604641,1.6401290122246488,138.70764075975282,50.25310194568944,22.004139269063195
1716.0,油水同层,4.359597842190584,62.55454970264942,33.08585245515999,46.92761828779696,53.07238171220304,75.39403302330251,52.06679577392915,3.901201697397294,6.5865522313229725,28.466414735505552,24.60596697669749,1.844311325719186,130.21981857918303,12.82676038350077,2.6362223488358945,1.643229134123942,138.3515484422127,49.633161825772234,22.005155266536594
1716.125,油水同层,4.268861287730406,63.16926266812622,32.56187604414337,45.831115128279734,54.168884871720266,73.6359618307132,52.57844735779007,3.9395381457568392,6.651277164579315,27.804846702433462,26.364038169286808,1.9950755751490634,130.6447105610725,12.901341910014416,2.656346459340492,1.648302486011751,139.80885793285123,51.11585548087223,22.143305941359277
1716.25,油水同层,4.350936297177001,62.628485535773414,33.020578167049585,44.89329810086116,55.10670189913884,72.7662237487582,52.128335692958885,3.9058126905073536,6.594337152307178,27.87292564789704,27.233776251241803,2.039669729641409,130.2796367319842,13.001450371234416,2.662214609896455,1.646715241547724,126.70247728118034,49.857386563229596,22.078004402927395
1716.375,油水同层,4.267001175020685,62.220973389520196,33.51202543545912,45.81266228197669,54.18733771802331,73.57536799384334,51.78914610890432,3.88039827885816,6.551429001757719,27.76270571186666,26.424632006156656,2.031186490597671,131.03327532986881,13.12594360294461,2.633806421149503,1.6339493816730464,134.9219209313261,50.32872546879327,22.007643668531433
1716.5,油水同层,4.174913619036466,61.34485515212399,34.48023122883954,47.17012267362686,52.82987732637314,74.82167451499377,51.05991586814389,3.825759344182781,6.459179939797319,27.651551841366917,25.178325485006226,2.1084984614582005,117.15904401037982,13.182360041466845,2.5808724453982546,1.6072970347401054,126.14405447543729,49.97935085228434,21.99664163086261
1716.625,油水同层,4.075011340177403,62.45407041685442,33.47091824296818,48.35355943950447,51.64644056049552,76.48586247337244,51.98316261730238,3.894935327290563,6.575972472261479,28.132303033867963,23.514137526627565,1.8374358926109844,138.71473538092545,13.243553622405633,2.5071803618923787,1.5749640617228842,137.21445633239318,50.44597951687219,22.18690255005839
1716.75,油水同层,4.138332397335785,61.80641512962517,34.05525247303905,48.74136856177708,51.25863143822292,76.42973011204577,51.444091746640474,3.8545444377728963,6.507778945211798,27.68836155026869,23.570269887954233,2.041912298332337,126.80056144711853,13.181231060669742,2.4553051572265963,1.5560689554405382,152.50923243158124,50.35060272758693,22.073448558980765
1716.875,油水同层,4.22988310803636,62.60421265467928,33.165904237284366,50.07707908443096,49.92292091556904,77.81407620585952,52.10813234805782,3.9042989172426545,6.591781389378804,27.736997121428566,22.18592379414047,2.2053942454389044,140.82410509537425,12.973479317425522,2.4738351819266327,1.5695967926096497,124.66035844792492,50.259234017676334,21.939960591110687
1717.0,油水同层,4.237338342454076,63.40560563691688,32.35705602062904,48.68803410062237,51.31196589937763,76.92872148318233,52.775165600461804,3.9542776266642523,6.6761624097908285,28.24068738255996,23.07127851681767,2.104483367273458,111.62937871094307,12.83019503531166,2.5012440848498403,1.5920011611980593,126.96568013334348,50.080522648135265,22.079069149201505
1717.125,油水同层,4.363423823831377,63.87568174925944,31.760894426909186,48.65329523417708,51.34670476582293,76.1274192797728,53.16642981794695,3.9835938272618727,6.725658104050619,27.474124045595715,23.872580720227198,2.129773966286573,125.23436343667497,12.596174896160424,2.572455726167642,1.6379716734332486,126.50053068516401,49.58827620168478,21.93357659228322
1717.25,油水同层,4.395463149049948,64.35560710197878,31.24892974897128,47.45285379599184,52.54714620400816,74.3627546041884,53.56589197450548,4.0135242737210435,6.776190853752244,26.909900808196547,25.637245395811604,2.2408619838135153,126.71620002390372,12.373221869983224,2.667327886709418,1.690937726779353,132.5619575543696,49.48406292957867,21.95815487073039
1717.375,油水同层,4.44481812460105,65.13712725727875,30.418054618120205,47.193968310627795,52.806031689372205,74.65219127448394,54.21638423306442,4.062263618355432,6.858479405858898,27.458222963856137,25.347808725516064,2.0492530428469307,119.42675919623832,12.161273180373826,2.7562545683523623,1.739359051766037,125.27758634527495,48.64771818929003,22.072302879587646
1717.5,油水同层,4.312570606035899,65.83891820244838,29.84851119151571,46.35886340645341,53.64113659354659,74.46687493610877,54.8005145000367,4.10603066710773,6.932373035303952,28.108011529655354,25.533125063891237,2.196298942515052,127.21243104578414,12.085434924792878,2.832812595661592,1.7719728848012821,108.66845320052202,48.70180595730432,22.014571360178017
1717.625,油水同层,4.392562870531677,64.90898668939073,30.69845044007759,45.15622386747235,54.843776132527644,73.09913409291052,54.02649319536312,4.048035678502607,6.834457815525005,27.942910225438162,26.90086590708949,2.0697538025643487,132.55404737211197,12.012083931122778,2.913861955297019,1.7969574291987158,131.97438867734317,48.53150867400755,22.0733963068955
1717.75,油水同层,4.38878891949759,65.29190564191781,30.3193054385846,43.82738840856019,56.17261159143981,72.5041816750304,54.34521282477402,4.0719163406553225,6.874776476488466,28.676793266470202,27.495818324969612,2.010122127460828,134.1553339198935,12.007768212292595,2.981542565318148,1.820728753864556,126.15235899565805,49.555143842069995,22.098985914584535
1717.875,油水同层,4.465199485249952,65.40637960463147,30.128420910118585,43.58940322710881,56.410596772891196,71.6156052008595,54.440494342527344,4.079055485925637,6.886829776178488,28.02620197375069,28.3843947991405,2.12700129489774,127.27631230690454,12.103071283959721,3.020210466619947,1.8262848315906448,112.449268423768,50.28670054555531,22.07802812262815
1718.0,油水同层,4.51893894237335,64.90931279966505,30.571748257961605,43.05510575609359,56.944894243906404,71.8491027449011,54.02676463072845,4.048056016303162,6.834492152633429,28.793996988807514,28.150897255098894,2.130729779493766,134.66845246735912,12.035346682059458,3.0936685887199955,1.8582389994177357,124.76281424699275,50.06146689732708,22.265534320462134
1718.125,油水同层,4.500001461223245,65.78866268736154,29.71133585141522,42.436560284031074,57.56343971596893,70.52840278871328,54.75868471062923,4.102896492188521,6.927081484543776,28.09184250468222,29.471597211286714,2.1692999395469146,120.65970598978605,11.909932501191248,3.1501313280097394,1.8905922033677434,128.39124723856293,49.923912047585816,22.148050733444652
1718.25,油水同层,4.400637094554074,66.74348406627915,28.855878839166778,42.875449747934184,57.124550252065816,71.16063233295337,55.55342290270321,4.162443732187067,7.027617431388871,28.285182585019186,28.839367667046634,2.082526262023104,110.55296385684728,11.766112516114092,3.184979283247607,1.9153101333149258,119.7775338061661,48.505227612961434,22.249266207333378
1718.375,油水同层,4.441174285956141,66.96964762899104,28.58917808505282,43.90975943653474,56.09024056346526,71.64508555860564,55.741668395432356,4.176548376516458,7.051430857042234,27.735326122070898,28.354914441394353,2.169361803558564,118.45334333682165,11.594239911162097,3.21055583507777,1.9440065850582218,125.529412145836,48.96013574906149,22.22573419847969
1718.5,油水同层,4.44975890153224,66.79673662681088,28.753504471656875,44.24012990478397,55.75987009521604,71.87171859132206,55.5977472597136,4.165764817232435,7.033224549864844,27.631588686538095,28.128281408677935,1.851550407214589,118.72514825101184,11.496908406924195,3.1942961623110198,1.9516546751295014,132.177287457883,49.183359353252314,22.48575585181381
1718.625,油水同层,4.504448610533633,66.74950409540301,28.74604729406336,44.65065490799956,55.34934509200045,71.68942029490253,55.55843362739766,4.16281917007205,7.028251297933299,27.038765386902973,28.31057970509747,1.973028804312688,114.14759918973913,11.443273433379229,3.153627616762538,1.9483525378354778,132.3275977857752,48.79177271144222,22.103788669496463
1718.75,油水同层,4.605526467573422,67.09648548269219,28.29798804973439,45.78567061975606,54.21432938024394,72.8994851518434,55.84724090225165,4.184458593319317,7.064785987121226,27.11381453208733,27.10051484815661,2.073090596532285,117.14735443153022,11.38093133911961,3.134562858879298,1.9452301716909084,121.26084030021038,48.99218311932003,22.303189315270714
1718.875,油水同层,4.5747288543961755,67.43723128679505,27.988039858808776,45.78947880060568,54.210521199394314,73.51602063848236,56.13085803765395,4.205709135696585,7.100664113444514,27.726541837876677,26.48397936151764,2.0639548271327204,121.72134570849333,11.384807667070955,3.11854297024712,1.942809484121193,121.27315949548831,49.660981002765745,22.211863544348194
1719.0,油水同层,4.628500481955187,66.64690692961005,28.724592588434756,45.08836789348683,54.91163210651317,72.2207167514447,55.47303766973003,4.156420718812434,7.017448541067598,27.132348857957854,27.77928324855531,2.152740991298828,106.12126909891751,11.341072707547472,3.1358753587497343,1.9546809166283465,116.96792070255665,48.049185047691886,22.117504469747043
1719.125,油水同层,4.654658535658422,67.18097029678567,28.164371167555913,44.52160209221649,55.4783979077835,71.3700590870338,55.917561184026724,4.189727471469866,7.073681641289081,26.84845699481731,28.6299409129662,2.101040263043464,120.53316398479824,11.399954857660294,3.131890927518507,1.9541383793621967,129.77194653562222,49.57462244090223,22.032241415624117
1719.25,油水同层,4.767121618275954,66.47487659989957,28.758001781824472,45.25367392523053,54.74632607476947,71.7997271596857,55.32984955493207,4.145692082486851,6.999334962480663,26.546053234455165,28.200272840314298,2.056865368245244,118.73084004096994,11.444379195546238,3.1473334764172254,1.968612394752642,118.12594040597926,48.96817832598792,22.027780091931152
1719.375,油水同层,4.668627598453661,67.12201016043197,28.209362241114377,44.57490573934955,55.425094260650454,70.89839542754696,55.86848617041183,4.1860504346257805,7.067473555394361,26.323489688197405,29.101604572453045,2.0095444993722698,122.22595101668634,11.387180586392667,3.201542968966099,1.9974513902257278,123.99999062453662,48.601740034248806,22.04098165267755
1719.5,油水同层,4.800535160626396,67.34760704575773,27.85185779361587,43.453451532869074,56.54654846713092,70.27587945009381,56.05625999360016,4.200119738235893,7.0912273139216815,26.822427917224744,29.724120549906186,2.0718086096751787,114.79009905644102,11.42242695248137,3.2362560851793623,2.011362467407274,138.59887968927987,48.38634378060403,21.98343918196717
1719.625,油水同层,4.842096610454315,66.89736826773955,28.26053512180613,42.54904898631872,57.45095101368128,69.20837349355486,55.68150722795787,4.172040688935915,7.043820350845767,26.659324507236153,30.791626506445134,2.2704916148115966,115.89838247066969,11.435867323747102,3.291027765186268,2.031710685923749,125.62350467938592,49.83005117188579,22.602473300884228
1719.75,油水同层,4.969127762732349,66.4493184679394,28.581553769328238,42.55626175716385,57.44373824283615,69.34595575507569,55.30857644141021,4.144098154814775,6.996643871714431,26.78969399791184,30.654044244924307,2.0949889282030765,109.94818716815645,11.562750656600443,3.30276191937201,2.029652948998801,112.75120222108231,48.19678654650713,22.42044579378878
1719.875,油水同层,4.991367690549269,65.79788115372682,29.21075115572392,42.420734550855315,57.57926544914469,68.7294343983486,54.766357629831305,4.103471399957862,6.928052123937653,26.308699847493287,31.270565601651402,2.188210141366081,133.831930119404,11.683803141535147,3.302683162020085,2.0286893308733545,118.39339325320277,49.01146322361032,22.41617611690428
1720.0,油水同层,4.864980097197558,66.21089227351146,28.92412762929098,41.91582539697114,58.084174603028856,67.88610299365858,55.110124241986746,4.129228753966592,6.971539277558129,25.970277596687453,32.11389700634142,2.2289094452368214,125.69999187343433,11.691863296081788,3.3162949350587114,2.040387920029802,111.4077504573875,47.462288496312496,22.319926085214988
1720.125,油水同层,4.814729729052292,66.93977104802707,28.245499222920635,41.928596121850575,58.07140387814942,67.76486843201207,55.71680085427238,4.174685129655549,7.048285064099153,25.836272310161483,32.23513156798794,2.2409656637217603,139.40012371861542,11.685800421846292,3.342411821112817,2.0594377135151203,128.37664639685218,49.2468049516833,22.234944486761737
1720.25,油水同层,4.910787552924632,66.70296738690702,28.386245060168346,41.598388211942265,58.401611788057735,67.38051919893238,55.51969915790232,4.1599169177652415,7.023351311239454,25.782130986990108,32.619480801067624,2.14141491282744,130.30368393738084,11.57691371138675,3.4006867620837706,2.0903698516926648,113.3361548928498,49.180035014308025,22.029642928737502
1720.375,油水同层,4.834044602270406,67.1353676537928,28.030587743936795,41.32740556868496,58.67259443131504,67.52537697654392,55.87960417673072,4.186883471967108,7.068880005094967,26.197971407858972,32.474623023456076,2.2509576032435636,118.18188076736556,11.556073244286267,3.4229140651220575,2.0952633371994933,126.82066391748576,47.4429927450898,22.045260131614086
1720.5,油水同层,4.834055737613211,66.45809182324028,28.707852439146507,41.171378510633396,58.828621489366604,67.7607142191928,55.315878875859404,4.1446453033236255,6.997567644057255,26.589335708559407,32.239285780807194,2.1738720286940487,122.12328237815039,11.60593680131408,3.4299536275068307,2.094859667430622,117.50055331809705,49.17536758280032,22.152577858656695
1720.625,油水同层,4.822164087126915,66.47826872129711,28.699567191575976,40.97601888216359,59.02398111783642,66.78702463992195,55.332672960949466,4.145903631443989,6.999692128903659,25.81100575775837,33.21297536007805,2.34144630955356,126.07541493935594,11.5662443674113,3.4488986715969263,2.1037801229614717,117.52909819064116,49.133262766631645,21.95895719879964
1720.75,油水同层,4.836786003213523,67.17262988104486,27.990584115741623,41.301330102937754,58.69866989706225,67.21576013213493,55.91061910347286,4.189207323148126,7.0728034544238705,25.914430029197167,32.784239867865075,2.2288698633557558,109.6866055865546,11.601524253558594,3.4484831681655574,2.106327118489073,127.15919054330988,48.29739941223306,22.067234568509736
1720.875,油水同层,4.697395855195989,66.89385489060899,28.408749254195026,40.87234200397742,59.12765799602258,66.40522261439159,55.67858289566865,4.171821577889788,7.043450417050558,25.53288061041417,33.59477738560841,2.1135808948516086,121.01078828166935,11.574527205391032,3.478072336519324,2.1288904524245087,109.3644238207665,48.521799602876214,22.541158325288606
1721.0,油水同层,4.745076616299683,66.93331582074119,28.321607562959127,40.3911143848626,59.608885615137396,65.89987781059456,55.711427895752706,4.174282550726207,7.047605374262276,25.508763425731964,34.10012218940543,1.95402817606445,141.76841055471382,11.542168510317548,3.5170295724042733,2.144143979798903,119.74814516923149,48.72900942993205,22.420110014288785
1721.125,油水同层,4.767637650573018,66.92408701347448,28.308275335952505,39.799687828491955,60.20031217150805,65.8416098837738,55.70374636938129,4.173706998048663,7.046633646044523,26.041922055281848,34.1583901162262,2.310595454184763,118.60581945541473,11.608559983165167,3.5447381577086605,2.1559277957827896,119.21226237221296,47.42696622759599,22.57472389728526
1721.25,油水同层,4.897732196034237,66.63823302064216,28.464034783323605,39.43489159734329,60.56510840265672,64.74927425692425,55.465818008667156,4.155879772253798,7.016535239721203,25.314382659580957,35.25072574307575,2.294544225069788,155.81070521433378,16.317880160246297,2.800307846977006,1.7482336022634806,130.42716423526355,51.34043755437214,22.50582681149055
1721.375,非储层,2.6512391439313308,15.503930346792815,81.84483050927585,93.30579390460562,6.694206095394373,93.57433508216276,14.84087199006412,0.6475544263819047,0.01550393034679149,0.26854117755713136,6.425664917837237,2.2304716841304044,163.42340798395136,20.92564415884877,2.0470299983183593,1.3390550508869328,158.53682085548826,56.47085064995961,21.80480832346933
1721.5,非储层,2.6701969921927406,16.681295533407038,80.64850747440022,91.56714457203408,8.432855427965913,91.82960583304165,15.967884665512194,0.6967295723614345,0.016681295533408063,0.2624612610075674,8.17039416695835,2.298399357484981,192.72529637056186,25.349762940620455,1.2795355256322374,0.9289252361068483,154.3307330450351,60.48450932245237,22.173339597967537
1721.625,非储层,2.712705359190884,18.51133527436274,78.77595936644639,94.00538667450324,5.994613325496756,94.26437859324514,17.719658888225467,0.7731650508629102,0.018511335274361447,0.2589919187418971,5.735621406754854,2.2077069658848867,208.1531485669173,29.54423438042701,0.511965246998415,0.5153803508777766,178.64365377903752,64.70800411747415,22.076864411792602
1721.75,非储层,2.691834774117343,20.647514496920206,76.66065072896245,94.69907977867109,5.300920221328909,94.95064004864074,19.764479890428184,0.8623870919950992,0.02064751449692044,0.2515602699696385,5.049359951359267,2.560472800071785,215.3618013486007,28.906159253332014,0.5254801939588469,0.5287912057352079,179.8263050678218,63.593979325585686,21.968006639423336
1721.875,非储层,2.752857836299491,22.36871902012696,74.87842314357354,92.1908785902122,7.8091214097878,92.44467798210171,21.41207346355817,0.9342768375486618,0.022368719020126986,0.25379939188951023,7.555322017898291,2.3193818145278087,196.23644118925287,28.385064751194456,0.5355928504358847,0.5388084226140218,167.6937937263939,62.45595142442334,22.04508982570552
1722.0,非储层,2.735552815392946,22.266165814693682,74.99828136991337,91.45752681453541,8.542473185464594,91.71662870389495,21.313906162753646,0.9299934861253429,0.022266165814694913,0.25910188935955225,8.283371296105047,2.4211898003498873,205.44922781162234,28.25001387767033,0.5430314954707403,0.5462198668135376,181.0562969014841,63.875198985971146,22.178941747064297
1722.125,非储层,2.7705911456758883,20.078081413468617,77.15132744085548,90.7184733483414,9.2815266516586,90.98187366528337,19.219399816577063,0.8386035154780872,0.020078081413468438,0.2634003169419782,9.018126334716625,2.3463490729874064,201.24433857907061,28.123283140326315,0.551990790605777,0.5552325497438522,171.59426760019758,62.085296337592595,22.24169887010268
1722.25,非储层,2.844884822592435,22.09321187497453,75.06190330243304,90.41575519860433,9.58424480139567,90.67170323037277,21.14834896389276,0.9227696992067892,0.02209321187497549,0.25594803176843656,9.328296769627231,2.418272077684817,207.76839309902581,27.973188804709718,0.5582628774511257,0.5615239374983497,187.47479140095405,62.61696189654286,22.027311613762777
1722.375,非储层,2.8292427478297157,24.023167584432827,73.14758966773745,90.23514332118464,9.76485667881536,90.48635496667853,22.99576603749236,1.0033783793560311,0.02402316758443393,0.251211645493899,9.51364503332146,2.3943419019635015,226.98415063933408,27.903349627330932,0.5635269205031588,0.5668132904323383,172.7800287518154,62.38121237911501,21.95746192396491
1722.5,非储层,2.798870333618561,23.082463630248874,74.11866603613257,89.1140393547597,10.8859606452403,89.36658483368318,22.0952932765657,0.9640878900529244,0.023082463630248393,0.2525454789234808,10.633415166316817,2.299571142729498,215.4828125504441,27.55607380117143,0.5727142837685405,0.5759870922263182,161.41252208642817,62.88404382138195,21.992081844944444
1722.625,非储层,2.855282419746266,23.826424105063428,73.31829347519032,89.45448015501478,10.545519844985218,89.7120204624591,22.807436708935676,0.9951609720226847,0.023826424105064317,0.25754030744431083,10.287979537540902,2.283814367367515,200.08340487424474,27.255332893973183,0.5814498784455261,0.5847071147458782,165.85714917492436,62.23583553521185,22.056978156397918
1722.75,非储层,2.91764053789516,25.352854019618388,71.72950544248646,89.08534936277867,10.914650637221325,89.3445292103801,24.268585621308137,1.0589155442906315,0.025352854019619273,0.25917984760143115,10.655470789619892,2.376484522118286,209.38625849244306,26.9665003071524,0.5888247365780502,0.5920974467027108,173.52535917551526,60.78942808388989,22.042441463880834
1722.875,非储层,2.9128510546666537,27.104137560787787,69.98301138454556,89.72854367652633,10.271456323473672,89.9825600798695,25.944971819610284,1.1320616036167181,0.02710413756078535,0.25401640334316883,10.0174399201305,2.3130243696014934,178.0633477602638,26.59862678628236,0.5915510721753527,0.594875568736313,185.17023547281832,61.86110404703218,21.86213473704192
1723.0,非储层,2.907567685472724,26.81582261834745,70.27660969617983,92.2737752101161,7.726224789883906,92.53058907178269,25.668987275183785,1.1200195205453178,0.026815822618347918,0.2568138616665892,7.469410928217313,2.1388308815761916,201.5019773380595,26.270483706135806,0.5959734295563726,0.5993670189196431,161.31404215518265,60.39244432224297,22.040743554030307
1723.125,非储层,2.965750348963136,27.20075636135316,69.8334932896837,91.14721237223726,8.852787627762737,91.39741960759478,26.037458512916466,1.136097092075344,0.027200756361351296,0.2502072353575198,8.602580392405212,2.274854349256287,200.84737288411606,26.010119732537273,0.5969224962166718,0.6003742227726526,172.3595306268933,60.14444140767831,22.047002661548806
1723.25,非储层,2.9723344605965685,27.976189928093486,69.05147561130994,91.9936650917186,8.00633490828141,92.24085876182609,26.77972902390161,1.1684847142637833,0.027976189928092914,0.24719367010750923,7.759141238173905,2.2432409460227096,208.7637776578882,25.919676146208644,0.5930922985460929,0.5965724346986419,169.46564586065995,61.51605490914123,22.118616307631005
1723.375,非储层,2.914487892245571,27.907332466024293,69.17817964173013,93.17135306658957,6.82864693341042,93.42162786046715,26.7138163967631,1.1656087367951695,0.02790733246602166,0.25027479387758544,6.57837213953284,2.2224788439174863,190.40849409237092,25.68862255566696,0.5923685409198275,0.5958814633334675,177.81522821893952,59.78504123105169,22.004751192105857
1723.5,非储层,2.9142463185852097,29.12239955672522,67.96335412468957,95.96217076138515,4.037829238614854,96.20583968112707,27.876918574667453,1.2163585825010446,0.029122399556722606,0.24366891974192273,3.79416031887293,2.171641589446603,205.0298642115968,25.608130799595873,0.5822767819080965,0.5858147871385768,165.1906406844899,61.92747283987009,21.938919040434065
1723.625,非储层,2.931462096115521,27.722969184167003,69.34556871971748,98.5371118528246,1.4628881471754007,98.78552364515522,26.537337800400067,1.157908414582765,0.027722969184168153,0.2484117923306234,1.2144763548447735,2.1949312845207674,198.07077622815507,25.78030634672427,0.5663012475792244,0.5698883527711391,174.52487350713358,61.22080854834563,22.037754120160848
1723.75,非储层,2.9411146978243,25.744648873468524,71.31423642870718,99.73844133906631,0.26155866093368063,99.99,24.643624539975526,1.075279684619525,0.025744648873469826,0.2515586609336792,0.009999999999998899,2.418490264835236,196.7643872050958,25.914378292345052,0.5530855460202257,0.556761059463505,171.2467153532268,60.349362652017206,22.03069495710416
1723.875,非储层,2.9349908453776434,26.10516822628305,70.95984092833932,99.74330314952546,0.25669685047454704,99.99,24.98872552052579,1.0903375375309758,0.02610516822628313,0.24669685047454676,0.009999999999998899,2.2726688455594974,196.6575005660488,26.305069018740824,0.5388405681263352,0.5425965754184878,156.33237390366835,61.58184313680698,21.870097820565963
1724.0,非储层,2.934532567553617,24.6869754187237,72.37849201372268,99.73916466039067,0.26083533960933325,99.99,23.63118472645406,1.0311037168509178,0.024686975418724763,0.25083533960933946,0.009999999999998899,2.2907434486309772,204.98612484455455,26.61161722939903,0.5340912063086187,0.5379492428749442,177.8115327799006,61.103194764536845,22.733002260135898
1724.125,非储层,3.0155853174864777,24.39542181390847,72.58899286860505,97.27260972781178,2.7273902721882237,97.52222657419264,23.35210002789569,1.0189263641988684,0.024395421813908427,0.24961684638086673,2.4777734258073614,2.346544475327532,198.38849488035635,26.89864353679072,0.5346627003392501,0.5385728295154331,173.0658738023111,61.30189963292314,22.714941957181136
1724.25,非储层,2.989933021917933,22.82507517371898,74.1849918043631,95.30248121640916,4.697518783590837,95.55892264202232,21.84891258150082,0.9533375170444428,0.0228250751737177,0.25644142561316313,4.441077357977674,2.2784083738286065,214.31311149633964,27.08797176405123,0.5352690234604638,0.5391862628903924,172.14661095315958,62.193956725203655,22.921740919630842
1724.375,非储层,2.9475730595159257,24.205495574514213,72.84693136596985,96.63394712173577,3.366052878264225,96.8878493150392,23.17029638563491,1.0109936933047903,0.024205495574514124,0.2539021933034238,3.1121506849608016,2.466920194968819,209.8894371791018,27.146991172166224,0.5355155719432778,0.5394046160517654,169.97865818688686,61.17069056771483,22.648348144949765
1724.5,非储层,2.9112055664745444,24.1215093794079,72.96728505411755,98.74775300668182,1.2522469933181846,99.00719112414559,23.08990203770989,1.0074858323186038,0.02412150937940883,0.2594381174637678,0.9928088758544118,2.286054206115677,201.0005239621738,27.12153828270628,0.5336213686534476,0.5373893883530624,172.67166450103016,63.26073506354807,21.974437653066346
1724.625,非储层,2.885241463020651,24.701462963957045,72.41329557302231,99.05035504627914,0.9496449537208629,99.31432176885005,23.645052681188698,1.031708819804389,0.02470146296395786,0.2639667225709171,0.6856782311499443,2.4615720586297765,207.19776019535482,26.90992349086943,0.531592063732884,0.5352566685917772,173.889887906813,62.35737555109236,21.772694162005607
1724.75,非储层,2.886222801422739,24.982787473124546,72.13098972545271,99.72595282668838,0.2740471733116201,99.99,23.91434575299911,1.0434589326523107,0.02498278747312399,0.2640471733116169,0.009999999999998899,2.210444439618926,183.4502187769603,26.842076326384607,0.5308365241574972,0.534448746806393,178.25350909954173,61.162347216395005,21.91968678678958
1724.875,非储层,2.9082882579773814,24.898655813036118,72.19305592898651,98.12754380509882,1.872456194901173,98.39563681325708,23.83381216120945,1.039944996013632,0.02489865581303697,0.2680930081582588,1.6043631867429187,2.5518799448841216,203.84499823572133,26.959528302155867,0.5270597331294764,0.5307623868733731,181.78484002758083,61.8304397822755,22.01787358837194
1725.0,非储层,2.9899861456906933,22.725232066743818,74.28478178756549,99.72485015653693,0.2751498434630739,99.99,21.753339476064674,0.9491673586123995,0.022725232066744122,0.26514984346307763,0.009999999999998899,2.4934267492766664,197.57985557186396,27.196853181896174,0.5214154544651217,0.525206723647349,171.29035851687271,62.366333514973604,21.818296170788983
1725.125,非储层,2.93676931641495,22.051680794120145,75.0115498894649,99.7210185232554,0.2789814767446108,99.99,21.108594047508195,0.9210350658178277,0.02205168079412092,0.26898147674460854,0.009999999999998899,2.257514748433931,203.84456882856202,27.287851600369898,0.5194945116268346,0.523361624274658,179.36987981129494,61.911535495825305,22.004575013914405
1725.25,非储层,2.965214994695593,23.92217806474649,73.11260694055791,99.72115645643837,0.27884354356163543,99.99,22.899095548108164,0.9991603385735792,0.0239221780647475,0.26884354356163664,0.009999999999998899,2.4987539901141567,214.6714060658702,27.318415248225488,0.5184829657594482,0.5223584474514824,175.71097468172104,62.66678331625607,21.999723104200832
1725.375,非储层,2.920771329293472,24.543122323869248,72.53610634683729,98.38284334685675,1.617156653143248,98.6577670017257,23.493483813307794,1.025095388237586,0.024543122323868183,0.27492365486895465,1.3422329982742953,2.4197934830538435,202.66072936146506,27.327807663857428,0.5198601349927183,0.5236975631777463,182.60426480639273,62.35845033156287,21.946755523361272
1725.5,非储层,2.9793732047751114,22.691102093850123,74.32952470137477,98.61010924548765,1.3898907545123462,98.89248852692587,21.72066914361285,0.947741848143425,0.022691102093848857,0.28237928143821284,1.1075114730741298,2.3387061422345385,208.61650339148045,27.172541446922303,0.5227633968677727,0.5266220201908093,166.24148858564578,62.02896419069689,23.186168229848445
1725.625,非储层,3.0131404843728573,23.655941497448186,73.33091801817896,99.71159133851991,0.2884086614800885,99.99,22.644245150436866,0.9880404055138693,0.023655941497448436,0.2784086614800906,0.009999999999998899,2.5236647612044805,190.32798554753742,27.135564792010705,0.5234735073294721,0.5273375409116665,192.8184148615546,61.60583157807497,23.40622376662802
1725.75,非储层,2.993042835484622,24.29485508291688,72.7121020815985,99.71210376060064,0.2878962393993545,99.99,23.255834245753928,1.0147259820800316,0.02429485508291737,0.27789623939935343,0.009999999999998899,2.361618658424391,217.93279336422327,27.092506213904745,0.5244803008161395,0.5284367678822279,176.6483669189417,61.7727523290474,24.133911054980352
1725.875,非储层,3.041332561276218,24.904446600371454,72.05422083835232,98.19029090946013,1.8097090905398683,98.46668133199411,23.839355293282615,1.040186860488469,0.024904446600370125,0.2763904225339734,1.5333186680058897,2.3734340874442865,183.065329503837,27.06153620321019,0.526612373979197,0.5306858294089658,184.65985788839322,62.0485142609983,23.94308717878379
1726.0,非储层,3.1190872831973375,22.958675507625426,73.92223720917724,97.4098017254137,2.5901982745862973,97.68484439933431,21.976799214695447,0.9589176174223523,0.02295867550762623,0.27504267392060816,2.315155600665686,2.273759661383096,213.94539546010088,26.96790959600657,0.5356755202408194,0.5397782537168002,156.80678205879997,62.320567707784406,22.91582597630588
1726.125,非储层,3.1044067434569973,24.84604573326378,72.04954752327922,94.79620493887401,5.203795061125982,95.06933311258847,23.783452062716755,1.0377476248137587,0.02484604573326256,0.27312817371445525,4.930666887411528,2.381421359465184,194.9183608628842,27.041465411531725,0.5457519535864834,0.5498779057764305,180.88594322732456,61.624328394033434,22.723319129050605
1726.25,非储层,3.067210149136798,23.840531938130805,73.09225791273239,91.98948307577946,8.010516924220546,92.2596856081361,22.820941190697845,0.9957502154948296,0.02384053193813119,0.2702025323566492,7.740314391863901,2.5682712269609613,198.4246068212874,27.37727408662237,0.5524136852153188,0.5565387065499978,179.8611045965247,61.770348039690084,22.180400065800374
1726.375,非储层,3.0449385127534048,21.732939417416198,75.2221220698304,89.4541008074971,10.545899192502905,89.72767693214493,20.80348431960113,0.9077221583976521,0.021732939417416254,0.27357612464783787,10.272323067855071,2.5075132367004622,202.7176669455562,27.348955194111156,0.5672651026861222,0.5712339405507786,175.2137836383289,61.291152617844524,21.91915586025198
1726.5,非储层,3.045940708326707,23.803059113596138,73.15100017807715,88.51456007982299,11.48543992017701,88.7901822177106,22.78507097072229,0.9941850837602514,0.02380305911359494,0.27562213788760714,11.209817782289399,2.568897274135245,192.46238639665216,27.61554739981426,0.5681161785510379,0.5720322378832975,175.67006874199163,62.35805159106211,21.869360809308496
1726.625,非储层,3.015245046553673,22.25147554342565,74.73327941002069,90.8074902239312,9.192509776068803,91.07556662537336,21.299844151991753,0.9293799158904678,0.02225147554342586,0.26807640144216494,8.92443337462664,2.3414764125296395,192.0119050885151,27.726602781125372,0.5720998448765668,0.5760184930130456,174.04232224946557,63.292555790537534,22.229255364420485
1726.75,非储层,3.0947749386645707,22.82040052149815,74.08482453983729,88.1883022244082,11.811697775591801,88.4634389212539,21.844437850664473,0.9531422703121831,0.02282040052149683,0.2751366968457008,11.5365610787461,2.2413385408541027,207.66461164995187,27.59653701227896,0.5816750187637414,0.5856012994834533,176.1136008570591,61.78821547092007,21.996686072434805
1726.875,非储层,3.1316233726501013,23.280468504310715,73.58790812303918,85.58342670202218,14.41657329797782,85.85430399256026,22.284830053604203,0.9723579822022006,0.02328046850431191,0.2708772905380874,14.145696007439735,2.3121265355184346,209.2447508838025,27.772853817654244,0.582856661845449,0.5869112766708415,176.2314157543392,63.02144250275674,22.084971595648312
1727.0,非储层,3.157935590870332,21.969352585603218,74.87271182352644,85.61944110212998,14.38055889787001,85.88455805033122,21.02978677887107,0.9175964541465456,0.02196935258560271,0.2651169482012247,14.115441949668783,2.431411676192869,213.532064792367,27.79109570883644,0.5927504082190919,0.5968647843793162,171.32832769832368,61.99907417469315,21.99490227604798
1727.125,非储层,3.1309563796481448,22.283342354121626,74.58570126623023,84.84870687153261,15.15129312846738,85.10804004198533,21.330348111161594,0.9307109006059097,0.02228334235412164,0.2593331704527156,14.891959958014667,2.394043061548584,215.12104791508102,27.67503101600408,0.5995716779450417,0.603680877368821,168.66757629521746,63.45538891935101,22.080653430122002
1727.25,非储层,3.1207924648480074,24.182209900599815,72.69699763455218,85.8456537682056,14.154346231794413,86.10711668701337,23.148006572791584,1.0100211179076315,0.02418220990059918,0.26146291880779104,13.892883312986626,2.153801700029394,224.43774086665778,27.402386181851014,0.6025029250795138,0.6066210876606113,171.06135946858143,61.99658254107904,22.0988086994822
1727.375,非储层,3.144229169198161,26.120487331239495,70.73528349956234,87.41641224228046,12.583587757719538,87.67022009735052,25.00338947157405,1.0909773723342073,0.026120487331237306,0.25380785507006703,12.329779902649474,2.1897361207169856,192.09478961188174,27.07106430095001,0.6115204172117845,0.6154897453192587,177.62924540643158,61.83703664449897,21.958131685296163
1727.5,非储层,3.0578099012759443,25.65909188789831,71.28309821082574,84.94155252015192,15.05844747984808,85.19544760198586,24.561726579761466,1.0717062162489486,0.025659091887898083,0.2538950818339457,14.804552398014136,2.2968472229080548,192.99978541662767,26.84420304585342,0.6128443180757182,0.6167389470873305,164.93810077523096,60.33998643124267,22.116792301951723
1727.625,非储层,3.0595241203726053,24.675760384079236,72.26471549554816,86.95120415490834,13.048795845091654,87.20119521894692,23.62044932647485,1.0306352972203077,0.02467576038407797,0.24999106403857468,12.798804781053075,2.3538333476897826,197.00191458352722,26.650467806573086,0.6113662760545897,0.6152862750144807,172.6611394456828,61.970542368705516,22.2163430390388
1727.75,非储层,3.137626772564533,26.088329768893548,70.77404345854193,89.10408047446182,10.895919525538178,89.35948303732376,24.9726071953632,1.089634243761453,0.026088329768894636,0.25540256286192603,10.64051696267625,2.1368717731812357,203.4299094770958,26.713142464783026,0.6023288865503947,0.6063102577189672,170.34420828443353,61.188980389299616,22.03891130961957
1727.875,非储层,3.153641936695309,25.202095161013137,71.64426290229156,91.69889070560997,8.30110929439003,91.95189530988517,24.124274283996723,1.0526187818554011,0.025202095161012614,0.2530046042752064,8.04810469011482,2.2518414627057215,210.50014347617494,26.76271362392615,0.5918527655714386,0.5959434121960685,168.5116412831052,61.371173170799615,21.811879969859586
1728.0,非储层,3.122111908390572,24.805906544039203,72.07198154757023,89.98418762361484,10.015812376385158,90.24326856746993,23.74502951077398,1.0360711267211875,0.024805906544038067,0.2590809438550849,9.756731432530074,2.3127630643468966,198.21389428035985,26.874077023044833,0.5810213258847375,0.5853000288694505,164.9123102311227,61.23449234934129,22.236349000280036
1728.125,非储层,3.197852597950356,23.106427652836913,73.69571974921273,91.69954118018886,8.30045881981114,91.9527067874782,22.118232427067603,0.965088798116473,0.02310642765283588,0.2531656072893388,8.0472932125218,2.6349925512726364,184.19472509779763,27.295472728312447,0.5702541630336059,0.5746067183223065,181.41935426851757,61.92535981180826,22.093937364841228
1728.25,非储层,3.1188371458561974,21.500166844409595,75.3809960097342,89.97389613561626,10.026103864383739,90.23310678824356,20.580666757762465,0.89799991980272,0.021500166844409287,0.25921065262730314,9.766893211756432,2.211923109179645,202.70886314047462,27.489424876815466,0.5670115061300316,0.5712873793298812,182.2190687275092,61.68193918137518,22.015660106707067
1728.375,非储层,3.0311048908193574,23.233268541430117,73.73562656775053,91.1875304633135,8.812469536686507,91.44071523942303,22.239648696917342,0.9703865759713467,0.023233268541430867,0.25318477610953893,8.559284760576968,2.4190932538247383,204.36412598396046,27.477265373584995,0.5676147344659204,0.5718019587600505,182.20136307126174,62.608499998773326,21.88424966632549
1728.5,非储层,3.0231649659215125,25.022972016397127,71.95386301768136,89.85094292882508,10.149057071174916,90.10894700640632,23.952811719328153,1.0451373250525757,0.02502297201639695,0.258004077581247,9.891052993593675,2.1905333541162073,194.81587140540478,27.462770092340183,0.5672746352997112,0.5712646692411643,187.79778715824227,61.42489095179272,22.0091451221209
1728.625,非储层,2.9929401785047935,23.403669552225004,73.60339026927021,92.24018855975588,7.759811440244125,92.50359753817162,22.402762148256315,0.9775037344164634,0.0234036695522237,0.26340897841574873,7.496402461828378,2.4322051848582995,207.3384662219408,27.223698223669626,0.5696950426547616,0.5734722749057339,167.2118434345978,62.32928093776107,21.99218934436449
1728.75,非储层,2.917958642482139,24.157155976516197,72.92488538100166,91.70386612991878,8.296133870081224,91.9618018978327,23.124024132735624,1.0089746878040584,0.02415715597651573,0.25793576791391776,8.038198102167303,2.169255039199934,194.25098412229713,27.005848634095088,0.5744644564894054,0.5780435030843531,165.9285181137861,62.002733099589925,22.207859246692745
1728.875,非储层,2.852275788039091,25.728977710469547,71.41874650149136,91.29312732522146,8.706872674778543,91.55172362153358,24.628623587391186,1.0746251453678932,0.025728977710468698,0.2585962963121338,8.448276378466414,2.214856467117513,205.42344154401366,27.06209383012503,0.5703593180481061,0.5737534768884672,174.19540204333342,61.61869542897018,22.06482718753058
1729.0,非储层,2.777510098700231,24.52151888840355,72.70097101289622,91.68826971226038,8.311730287739627,91.95039485512805,23.472804294429643,1.0241930750855044,0.024521518888402476,0.26212514286768995,8.04960514487194,2.35689003833262,216.53407570752975,27.11699288326594,0.5732900545745239,0.576534800477147,171.36433743038964,61.279818001930366,21.97272970246544
1729.125,非储层,2.8317714226180795,23.0619922822217,74.10623629516022,89.84382631092488,10.156173689075121,90.10790047940577,22.075697429013523,0.9632328609259557,0.023061992282222103,0.2640741684808889,9.892099520594233,2.377408941957326,204.68637274346696,27.192383450742362,0.5722410336282988,0.5754635156404719,176.15848155208914,61.915909617347026,22.082006450874076
1729.25,非储层,2.901867675551055,23.371565561365635,73.72656676308331,91.368766090504,8.631233909496006,91.6399040544424,22.372031152434175,0.9761628433700968,0.02337156556136595,0.2711379639384018,8.3600959455576,2.4070069441938724,204.99850328792806,27.40718634658694,0.5673104416668684,0.5705625856656066,164.6157163198026,61.738925375348664,22.04683129472118
1729.375,非储层,2.8567711678888252,23.395675056833674,73.7475537752775,91.43549788571836,8.564502114281636,91.70225286894241,22.395109554360833,0.9771698274160097,0.02339567505683475,0.26675498322404967,8.297747131057587,2.4670460287517177,198.14531505396212,27.54540620454871,0.5651460231969622,0.5684329460261051,183.07365503410875,62.499158266519935,22.08263960935791
1729.5,非储层,2.794188551677889,23.037110029296215,74.1687014190259,91.19783069674017,8.802169303259832,91.45992418160611,22.051879318235702,0.9621936010312165,0.023037110029297536,0.26209348486594636,8.540075818393888,2.5630218049906746,226.0160545302085,27.65010257476648,0.5595084120784914,0.5628326523843123,173.21843888520536,61.74791231720476,22.108818458891356
1729.625,非储层,2.8174465315492054,21.837531749192117,75.34502171925868,91.98684704303895,8.013152956961045,92.24699806394982,20.903603539199523,0.9120906782434028,0.021837531749193187,0.2601510209108608,7.753001936050186,2.4580781018115254,211.7117422531857,27.624676906651334,0.5617125876387354,0.564974688033188,180.38809117799377,61.63018155753989,21.936554776624597
1729.75,非储层,2.8128271930075215,23.766529887415622,73.42064291957686,90.4166998345257,9.583300165474295,90.67092175530095,22.750103994122497,0.9926593634057096,0.023766529887414567,0.25422192077525296,9.32907824469904,2.3229999859268937,216.15480532755214,27.64081861657732,0.5611254993309621,0.5643251630556158,183.24922690103384,62.17825825000016,22.129819872419162
1729.875,非储层,2.738743547799651,23.308467186197902,73.95278926600245,91.66095754796471,8.339042452035283,91.90846418160716,22.311631312671018,0.9735274063406841,0.023308467186198764,0.24750663364244904,8.091535818392837,2.42719298752147,199.60797068516248,27.41311370832593,0.564214996005916,0.5673088112054991,178.3091985471494,60.89431404073376,21.95044695118625
1730.0,非储层,2.674398828684452,25.54298751880103,71.78261365251451,92.37722220255817,7.6227777974418265,92.62751826249178,24.45058765945431,1.0668568718279208,0.025542987518800166,0.25029605993359616,7.372481737508229,2.4910869537511284,184.43359578147448,26.958969562740116,0.5723080474423611,0.5752356059909349,178.9645061450718,62.60970238587677,22.24037496497262
1730.125,非储层,2.6800610571430648,26.811470173965123,70.5084687688918,93.07831533785803,6.921684662141969,93.33024839174877,25.664820972286574,1.1198377315045833,0.026811470173967837,0.2519330538907416,6.669751608251229,2.3602028549503156,211.33790733250038,26.83005954851476,0.570287492048415,0.5731396512153469,161.99978451719917,61.05949831274113,22.107675684496165
1730.25,非储层,2.7020887757881016,25.10916169472225,72.18874952948966,93.42795595299516,6.572044047004844,93.67659834077405,24.035315313853946,1.0487372191735793,0.02510916169472209,0.2486423877788971,6.323401659225947,2.375710140195696,192.50739243503395,26.595339773486913,0.5750007843444991,0.5778416334658797,161.06623234504323,61.7895773085614,21.914450237220052
1730.375,非储层,2.7737361987867906,25.807069854412145,71.41919394680106,91.86829437957242,8.131705620427576,92.11745741819898,24.703375955710584,1.0778868288471501,0.02580706985441314,0.2491630386265545,7.882542581801022,2.326048527098651,205.00536774891745,26.509769829992393,0.5804214951727129,0.5833188222029415,163.3862601974949,61.96862845133691,22.016591948862036
1730.5,非储层,2.768203846157755,26.490810649205663,70.74098550463658,90.26021512853772,9.739784871462277,90.50216074357851,25.357875129980574,1.1064447085758873,0.026490810649205075,0.24194561504078618,9.497839256421493,2.1472320866955674,206.7761289334196,26.397812983629787,0.5859499796912486,0.5889577263273433,169.2430717037357,61.633931458800745,22.069286289072583
1730.625,非储层,2.8256161843659964,27.986715011182273,69.18766880445173,91.27288187820282,8.727118121797172,91.50978088863538,26.78980397956198,1.1689243166091066,0.027986715011183577,0.23689901043254524,8.490219111364627,2.3130917982871906,205.875357426639,26.213428471270394,0.5977773172893716,0.6008015153439993,171.76634113738845,61.232657546326486,22.066056481209383
1730.75,非储层,2.7847409442698496,27.24986565312185,69.9653934026083,88.89309312726496,11.106906872735035,89.13187572061727,26.084467542005186,1.1381482454635474,0.02724986565311935,0.23878259335230836,10.86812427938273,2.1922485019847726,190.8032410591263,26.049042344276685,0.6032692750840631,0.6062505632813726,172.7616817098466,61.807094018601674,21.99156173256837
1730.875,非储层,2.742771608651877,27.656713915678953,69.60051447566917,90.88517117723208,9.114828822767917,91.1276412765169,26.47391607853315,1.1551411232301285,0.027656713915676263,0.24247009928481325,8.87235872348311,2.3664670081738763,200.5835181351235,26.07875208776812,0.6025906823714517,0.6055605203944755,168.83383975508065,60.803940621252224,21.965858611087604
1731.0,非储层,2.746096461024365,26.18705010624769,71.06685343272795,90.26736338357631,9.732636616423695,90.50801406874662,25.06710554879471,1.0937575073467292,0.026187050106249443,0.24065068517031946,9.491985931253378,2.2116128804831603,206.89859639400615,26.120683279083625,0.5990017455107761,0.6019056529593003,167.75624768582307,61.24889953407322,22.098027761531686
1731.125,非储层,2.735625431040716,27.53257727131383,69.73179729764546,92.84409327811383,7.155906721886174,93.08872234019377,26.35508840019028,1.1499562938522372,0.0275325772713126,0.24462906207995236,6.911277659806226,2.1823858533917546,184.95355074417495,25.989310199979382,0.5948160613245077,0.5976638242524906,181.1334589880824,60.75375205116727,22.082513665374822
1731.25,非储层,2.7023283698267355,28.536886732886902,68.76078489728637,93.12095673491947,6.879043265080531,93.3692944934189,27.316446444519947,1.191903401634065,0.028536886732887824,0.24833775849943598,6.630705506581092,2.3223309719605556,198.89363453827787,25.987321662355175,0.5920316251141369,0.5948022229529704,173.2372368137834,60.64011802811781,22.082914037752058
1731.375,非储层,2.625381954929185,27.696070510745162,69.67854753432565,92.59924414469032,7.400755855309682,92.84271288201123,26.511589505611155,1.1567849346232646,0.027696070510743742,0.24346873732091026,7.157287117988775,2.5177707388459556,198.8327674072729,25.966822425607297,0.5858192133910243,0.5884848763858884,184.7125034270952,61.795018809459066,22.28576516925631
1731.5,非储层,2.567085206975735,26.369623483401927,71.06329130962233,94.39918387547944,5.600816124520557,94.63967861373649,25.241870789513186,1.1013830704053362,0.026369623483403146,0.24049473825704368,5.360321386263511,2.3052148536352774,186.83965781533777,25.894349750200078,0.580863129029678,0.5833885605738829,180.86631184635436,60.71736684165522,22.032871025430914
1731.625,非储层,2.5148532343513215,28.318824959880594,69.16632180576808,97.09842439635017,2.901575603649831,97.34350251605154,27.107710544220804,1.1827955906999086,0.02831882495988331,0.24507811970137433,2.656497483948461,2.391780721892339,181.13494532439975,25.732106792177717,0.5743155008288829,0.5767370748151863,159.969860467324,61.612321098138416,22.590967765215492
1731.75,非储层,2.4968725016172066,30.18088206414302,67.32224543423978,99.74872726455466,0.25127273544534034,99.99,28.890132840013994,1.2605683420648834,0.030180882064145126,0.2412727354453404,0.009999999999998899,2.3523813574017103,201.4649005786014,25.662614857663367,0.5671888320822982,0.5695374646243668,170.97309526797827,61.08111452553353,23.94235175210189
1731.875,非储层,2.4688361295219416,28.342480587644147,69.1886832828339,98.17320437170565,1.826795628294342,98.4132159845214,27.13035448905484,1.1837836180016632,0.02834248058764255,0.24001161281574546,1.5867840154785928,2.258121566251197,186.32412855421313,25.325915640943858,0.572910763039016,0.575149713877606,173.14344671250828,61.16996111475728,23.76139880483252
1732.0,非储层,2.439106272100029,30.066380707403983,67.49451302049599,95.72001423706959,4.279985762930405,95.95840823948275,28.7805283758528,1.2557859508437803,0.03006638070740461,0.2383940024131614,4.0415917605172496,2.425836251805488,194.69334782423616,25.17611263110494,0.578575692323596,0.5807353612210386,176.24803639082722,60.00514851381665,23.837884941530106
1732.125,非储层,2.41460700853771,30.086579827908988,67.49881316355331,95.77240252694031,4.227597473059685,96.00855686349018,28.799863638268285,1.256629609812794,0.03008657982790791,0.23615433654987378,3.991443136509809,2.1889305342362397,197.8207937659107,25.20908082474823,0.5869239064078462,0.5889835103453723,166.1440543646509,60.34022358105633,23.214692972810983
1732.25,非储层,2.389116149058306,30.16378942519573,67.44709442574597,94.062058879549,5.937941120450995,94.29318339893833,28.873771203905278,1.2598544318652574,0.03016378942519351,0.23112451938932516,5.7068166010616705,2.2911083682351943,186.13678277587124,25.24802394570451,0.5968984422174428,0.5989037846581455,167.69695935419844,59.683562717299836,22.096722007258514
1732.375,非储层,2.438515836465797,28.233284478478172,69.32819968505603,91.43592788182957,8.56407211817043,91.6658213524798,27.0258283823389,1.17922281166079,0.028233284478480086,0.22989347065021748,8.334178647520208,2.252745791022378,185.30038729400482,25.536760186150616,0.5946539936889303,0.5966267464151072,159.68125739372067,61.158412477986445,22.102894694307704
1732.5,非储层,2.3734511825787323,27.11493213790922,70.51161667951204,93.00669736508968,6.9933026349103145,93.23883272245077,25.955304743821284,1.1325124619500277,0.027114932137908658,0.23213535736107768,6.761167277549241,2.2318126546645995,204.09019294217907,25.935495365554203,0.5918956536426246,0.5938672157378504,181.64257324907794,61.559083906270175,22.981766979687073
1732.625,非储层,2.3856723737475076,25.963126289578607,71.65120133667389,91.84934695895495,8.150653041045041,92.07720831328594,24.852758307522446,1.0844048557665842,0.025963126289578302,0.22786135433098464,7.922791686714059,2.3591235149933354,193.44839757968973,26.14356103476534,0.5899550727529083,0.5918815762957723,173.68722459510292,61.90622135287883,23.144819741423277
1732.75,非储层,2.315664611484107,28.04866029274532,69.63567509577058,92.29370385775788,7.706296142242131,92.52327408185602,26.849100040206103,1.1715115922464694,0.028048660292747524,0.22957022409815386,7.476725918143979,2.5806448219074563,191.38272823551821,26.21439398690449,0.5879758080000042,0.5897911818024214,168.57269162188544,60.00571669916769,22.994631253218856
1732.875,非储层,2.267121734661982,27.598569605580604,70.13430865975742,91.69517312601116,8.304826873988846,91.92704144050138,26.418258432773744,1.1527126032012769,0.027598569605581484,0.23186831449023707,8.07295855949861,2.2035103861449437,189.0833495542897,26.290050380728605,0.5929684758596545,0.5946981527447495,176.34833338051774,61.4168889231349,22.89656276069344
1733.0,非储层,2.270085938954149,26.537892295889897,71.19202176515596,89.07645806302499,10.923541936975012,89.30316777804629,25.40294323051333,1.1084111730806785,0.026537892295888654,0.2267097150213049,10.696832221953711,2.2284477258879605,200.58458447284147,26.38454217392188,0.5942035867338272,0.5958570471918683,174.77908719936244,61.45434845265508,22.010658947973884
1733.125,非储层,2.269340051713858,25.114000698988992,72.61665924929716,89.90305875338778,10.096941246612223,90.12621023310268,24.039947367873523,1.0489393304164782,0.025114000698990037,0.22315147971491092,9.873789766897312,2.3709739552494806,186.32496446083533,26.485968353187122,0.5923746614402019,0.5940400927565541,170.90597024028028,61.56299199814483,21.976938705540146
1733.25,非储层,2.3080755598931755,26.970630362672953,70.72129407743387,91.99378505845951,8.00621494154049,92.2172372742313,25.817174339058248,1.1264853932520353,0.026970630362672075,0.22345221577179186,7.782762725768699,2.241730773560467,206.1742907556917,26.35280818218897,0.5942708178343835,0.5959792119841087,173.45417791452473,61.42274063213763,21.94102189014652
1733.375,非储层,2.3191755141572274,28.967117992830914,68.71370649301186,92.40597156072357,7.594028439276423,92.62885673672434,27.728277955119708,1.2098729197183773,0.02896711799283136,0.22288517600076418,7.371143263275659,2.2108512760027135,195.75980038493697,26.19337901887567,0.5911706534323127,0.5929258337484573,175.71369744983957,61.099595488654565,21.999823824202714
1733.5,非储层,2.3177283728811915,28.066550769326405,69.61572085779241,93.04865936497694,6.951340635023051,93.276450070002,26.866225392735572,1.1722588258215065,0.028066550769326355,0.22779070502504245,6.723549929998008,2.2345076150392056,187.76043466192286,26.093715542755746,0.5904605202093367,0.5922014590966236,177.54147539966,61.34948483497138,22.069694569802245
1733.625,非储层,2.263435041313068,26.128004916625937,71.608560042061,91.6558182349588,8.344181765041203,91.88697929414758,25.010585551529196,1.0912913601801153,0.026128004916623794,0.23116105918878568,8.113020705852414,2.23789744986036,200.5526497904278,26.184940070910933,0.592388856380248,0.5941004866276538,156.642382921329,60.80119565276785,22.087138695440817
1733.75,非储层,2.3090928471713212,26.076600369296855,71.61430678353182,89.62658581995532,10.373414180044671,89.86277325809476,24.961379428336315,1.089144340591241,0.026076600369296342,0.23618743813943496,10.137226741905236,2.333488245399575,213.05355051148723,26.55543384162892,0.5918207486103337,0.5935121292810188,168.87705490098534,60.31935145125128,22.040460368758346
1733.875,非储层,2.322103974376387,25.14342786638665,72.53446815923697,87.75715200258549,12.242847997414508,87.99326321107122,24.068116020248123,1.0501684182721376,0.02514342786638646,0.23611120848573366,12.006736788928773,2.272161343810632,200.53275597449843,26.873820020498204,0.5925727667303293,0.5942515476830564,168.79848951207316,61.549402663460135,22.368828434470668
1734.0,非储层,2.310260934466872,24.817009745050434,72.8727293204827,88.33799825215695,11.662001747843043,88.56831357868573,23.755657859921694,1.0365348753836883,0.024817009745050668,0.23031532652877748,11.431686421314268,2.2530433704867656,208.5103289325008,27.176688930102653,0.5958862503182812,0.5975619444150715,173.5950459021818,62.60622210017629,22.276031024618014
1734.125,非储层,2.2695323161429144,23.07428881324114,74.65617887061595,85.83410823758773,14.165891762412276,86.06383900654104,22.08746807288894,0.9637464515389598,0.02307428881324139,0.2297307689533165,13.936160993458957,2.4767623656252153,202.91729057395355,27.546926933845295,0.5941771506839445,0.5958319591256486,173.267006525449,62.45126891603002,22.366621343699382
1734.25,非储层,2.2199497776043335,22.284135442985043,75.49591477941063,85.95132537442569,14.048674625574309,86.17608002742723,21.33110728190317,0.9307440256388873,0.02228413544298584,0.22475465300154018,13.823919972572774,2.4500910945941743,201.81028317744918,27.64269776547596,0.5948139886859438,0.5964377785833936,185.3017342300135,61.744138350847464,22.461845351425243
1734.375,非储层,2.241923497125077,24.228259935610463,73.52981656726446,86.2181439975738,13.781856002426196,86.44003893425032,23.192087180704814,1.0119444949700391,0.024228259935611847,0.22189493667652405,13.55996106574967,2.498891628524545,201.66104037771154,27.53809170145415,0.5964011048181324,0.5979827396899928,181.10101255387744,62.27122081476101,22.47106000330117
1734.5,非储层,2.253905583685178,25.973484869518735,71.77260954679609,88.8025851946487,11.197414805351302,89.02993935988863,24.862673880893304,1.0848375037559146,0.025973484869517942,0.2273541652399365,10.970060640111367,2.459518894135909,207.2836212575193,27.199718570034655,0.6000452624116024,0.601626545402523,170.50927616836069,61.92862817416977,22.48345958542418
1734.625,非储层,2.3145081669089644,26.611534227253287,71.07395760583775,88.06644579761229,11.933554202387707,88.29914516874541,25.473435709002256,1.111486984023775,0.026611534227254444,0.23269937113313174,11.700854831254581,2.379269866959849,190.04757695331037,26.879954913936302,0.6050952193575931,0.6066890476112327,171.25147184485866,62.82667187772878,22.08615700554866
1734.75,非储层,2.300341528109912,25.638109279463805,72.06154919242628,87.08250941739601,12.917490582603985,87.3100918595124,24.541641336934084,1.0708298332502586,0.025638109279463306,0.2275824421163824,12.689908140487605,2.2388311047107172,175.91564279952317,26.64386972800162,0.6078727648731901,0.6094446895059813,160.33800371778236,61.819565140822604,22.052127704590934
1734.875,非储层,2.2574840167230197,26.712406191806547,71.03010979147044,87.68375915767297,12.31624084232703,87.91493092245398,25.56999367074716,1.1157001148675818,0.026712406191806495,0.23117176478100213,12.085069077546029,2.3488439138647066,197.59430658989697,26.676249514737975,0.6098332069546721,0.6114139555222133,171.71670242986963,60.757212247436215,21.997585068145487
1735.0,非储层,2.286746534699526,25.65769585374419,72.05555761155628,87.2682243374421,12.731775662557887,87.49748283817522,24.56039024995917,1.0716479079312728,0.0256576958537447,0.2292585007331103,12.502517161824777,2.383297009626685,214.67737092068802,26.711859727760952,0.612668166711798,0.61420185408128,181.54388047600318,61.31036896818033,21.957188112153634
1735.125,非储层,2.2753677026551435,26.3337572503345,71.39087504701035,86.07068216600308,13.929317833996924,86.30674370040269,25.20753845172443,1.099885041359736,0.02633375725033197,0.2360615343996137,13.693256299597312,2.6399991731597763,199.60069626787697,26.528749512761674,0.6199203399469277,0.6214017850733775,169.18137817779086,61.467108451624476,22.09075824165765
1735.25,非储层,2.3062402823420425,27.67309042209426,70.02066929556369,85.54936992596807,14.450630074031935,85.78817078605185,26.48959220903152,1.1558251226406455,0.027673090422093705,0.23880086008378817,14.211829213948146,2.310147042035677,191.3563479902518,26.313447390634604,0.6264809201303047,0.6279474786106729,170.38350099936517,61.36299789849606,21.941153450475817
1735.375,非储层,2.297656361663407,29.036842243303475,68.66550139503312,86.98005299773519,13.019947002264809,87.21861989092238,27.795020300623115,1.2127851004370558,0.02903684224330426,0.23856689318719745,12.781380109077611,2.458348164859684,212.01790498616631,25.966201391713952,0.6349249413185987,0.6363138114345847,169.76516529415602,61.65356233993065,22.158164052609543
1735.5,非储层,2.251757185335508,29.437381815591344,68.31086099907314,87.27296529973748,12.727034700262518,87.51269060184809,28.178429951357842,1.2295144824179147,0.029437381815589254,0.2397253021106,12.487309398151913,2.0781273871399786,187.62067977133768,25.856780364192797,0.632907244292548,0.6342698456781676,173.39000433541642,61.06946476600226,22.139126924814367
1735.625,非储层,2.235610911038448,27.448745887215242,70.31564320174631,88.60832015977462,11.391679840225377,88.85162167836178,26.274842242452966,1.1464548988750602,0.02744874588721507,0.24330151858715462,11.14837832163822,2.4566551106660777,202.45062230472956,26.032356290886185,0.621965579742941,0.6233345346507244,171.02939742058723,61.00708634259465,22.111564699059926
1735.75,非储层,2.246902737193894,25.674328817181546,72.07876844562456,89.28697305551736,10.713026944482628,89.53224618777197,24.576311869552896,1.0723426188114682,0.02567432881718113,0.2452731322545947,10.46775381222803,2.3688745016511525,186.1019580093616,26.433738037979246,0.606263719811898,0.607630001275762,163.6748444304615,60.72434994241186,22.08272561457039
1735.875,非储层,2.2035073485203895,24.63284151717362,73.16365113430598,90.55953161364914,9.440468386350865,90.80978235477914,23.579365975643324,1.0288427000131242,0.02463284151717239,0.2502507411300111,9.190217645220855,2.185983835991761,176.34006163281208,27.020061560442127,0.5851523933673856,0.586560346484172,160.0123289578146,61.13468986821126,21.942879662622587
1736.0,非储层,2.1661622003909375,22.997001629348546,74.83683617026051,91.75992065655188,8.240079343448114,92.00734973381957,22.013486238801313,0.9605183889178841,0.022997001629347993,0.24742907726767543,7.992650266180434,2.2420289239084714,203.27619368939398,27.349635740723524,0.5721243810981076,0.5735482273970172,171.86432014596028,62.56278497498684,22.019307008305642
1736.125,非储层,2.170614083748072,23.809649155664946,74.01973676058698,92.01454827878261,7.985451721217385,92.26605591874247,22.79137917571062,0.9944603307986635,0.023809649155664796,0.25150763995984726,7.733944081257538,2.3236741127422054,181.90666541595365,27.3487501695179,0.5665318030817532,0.5679549731294843,173.52199962371975,61.94585231698533,21.911848066693462
1736.25,非储层,2.207282753148004,25.58675110716345,72.20596613968854,92.68641743703212,7.31358256296788,92.93453454108645,24.492479605443794,1.0686847506124966,0.02558675110716311,0.2481171040543211,7.065465458913556,2.4459498891825335,211.053127765385,27.446940327199286,0.564825427952482,0.5662721151335599,171.09763806143303,61.70035689630812,22.095264356676584
1736.375,非储层,2.2038916324165,23.580225074531125,74.21588329305237,90.32216531565854,9.677834684341457,90.5650864173834,22.571766900411053,0.9848779490455397,0.023580225074532404,0.24292110172486045,9.4349135826166,2.514197423979911,205.83070685812626,27.314602343035332,0.5667880079216473,0.5682346494310959,170.77831857738445,61.97223984855538,21.991205526629713
1736.5,非储层,2.193513418682666,24.3867184155941,73.41976816572323,92.24448873906088,7.755511260939119,92.4938414197099,23.343768848809297,1.0185628483692066,0.0243867184155944,0.2493526806490039,7.506158580290112,2.4649520960321016,192.9677129976372,27.087475703375354,0.5694630004377901,0.5708881487860856,174.15761125722705,62.416365148509755,21.916848824284042
1736.625,非储层,2.144171050704849,26.236804575332805,71.61902437396235,93.39673105998465,6.60326894001535,93.63994604478499,25.11473216282801,1.095835607929464,0.026236804575334796,0.24321498480034337,6.360053955215006,2.273292269171192,193.44961467187235,27.03306696955472,0.5674518596329258,0.5688783328575088,177.58176509398785,60.971099244537626,21.867776267832497
1736.75,非储层,2.1898007711365257,26.113436967228164,71.6967622616353,94.72377855985172,5.2762214401482765,94.97025768243643,24.996640631284194,1.0906828989767412,0.02611343696722907,0.24647912258471322,5.029742317563568,2.317568685611366,196.87334152608025,26.856855478234635,0.5665879059917851,0.5679613712841559,177.6004515545699,62.2483306261961,22.058172225550564
1736.875,非储层,2.1459419937921433,25.425126221920113,72.42893178428774,93.22346500959709,6.776534990402904,93.47728702139729,24.337766950094345,1.0619341456038485,0.02542512622192069,0.2538220118001886,6.522712978602718,2.3821448375339265,198.32829619176283,26.763980987108795,0.5685301577203419,0.5698372121562738,167.9149459798473,61.349174401854064,22.060392474723468
1737.0,非储层,2.1343607501413446,25.438119264837223,72.42751998502143,92.29629266218595,7.7037073378140475,92.55678954672764,24.350204318063696,1.0624768275086909,0.025438119264836224,0.2604968845416941,7.4432104532723535,2.478735646157759,186.21626665162208,26.780503178959425,0.5665631225998963,0.5678402160424266,168.47486194946717,62.29935325309711,21.90560385559285
1737.125,非储层,2.1087243830144895,26.050570995748835,71.84070462123667,94.44090243804747,5.55909756195253,94.69625374801936,24.936463255974406,1.0880571687786782,0.026050570995749846,0.25535130997188016,5.3037462519806455,2.394146574487651,196.3968469120912,26.850343523004604,0.5694802328569346,0.5706846941495053,174.40432579081548,61.50440348533231,22.2046332470499
1737.25,非储层,2.128835633260212,25.512812585407996,72.35835178133179,91.94865277153312,8.051347228466888,92.20762701192083,24.42170322087791,1.0655965519446804,0.025512812585407572,0.25897424038771655,7.7923729880791655,2.4078198143819507,178.52208151185587,26.839251512194434,0.5755498021879208,0.5766924361612129,184.38847682638124,61.26499215591667,21.98783948345744
1737.375,非储层,2.095067714842357,25.715368386931846,72.1895638982258,89.67999342441753,10.320006575582475,89.93203385780953,24.615596295344808,1.074056723200109,0.025715368386930622,0.2520404333920102,10.067966142190466,2.3018052033198355,212.43628325061496,26.81643024964088,0.5799863434445001,0.581111838433075,174.74038936508697,61.21853578750462,22.052088995475085
1737.5,非储层,2.1099848690821577,25.79143986728287,72.09857526363497,89.91847144957894,10.081528550421059,90.1647876847999,24.688414418022827,1.0772340093927628,0.02579143986728219,0.24631623522096985,9.835212315200092,2.421121888982382,192.37903548649348,26.762059949411857,0.587215218015274,0.5883041602219948,177.0630174994089,61.07173958241429,21.89978808363354
1737.625,非储层,2.09825661460674,26.78125864050568,71.12048474488758,90.71506626647343,9.284933733526568,90.96530133163826,25.635901498922976,1.1185758829421963,0.02678125864050713,0.2502350651648283,9.03469866836174,2.379556605076456,198.5472266593195,26.59416907251089,0.5940456613842136,0.5951029409817777,158.41660195721641,61.17818333862974,21.997384686404796
1737.75,非储层,2.111028027227842,27.408546150125,70.48042582264715,90.12991547385366,9.87008452614635,90.37967477738054,26.236361732101997,1.1447758718728809,0.027408546150122642,0.24975930352689416,9.620325222619453,2.2699248357327506,197.23196698747128,26.354077222113503,0.5975121078543224,0.5985948138293942,169.75670698592313,61.30098622592351,21.961755821827875
1737.875,非储层,2.1653684065612433,28.211409961480637,69.62322163195812,90.8604805424573,9.1395194575427,91.11486561413834,27.00488937530369,1.1783091762154623,0.028211409961483372,0.2543850716810351,8.88513438586166,2.24302213451917,187.21497340035637,26.072671829853487,0.6008106239633815,0.6018742827512689,172.283829005711,60.364805245713,21.975803356936883
1738.0,非储层,2.123962917422357,28.75414459939536,69.12189248318228,91.79475405724561,8.205245942754392,92.05098305775353,27.524412819082087,1.2009776357138733,0.0287541445993968,0.25622900050791847,7.949016942246468,2.3217953493294323,219.09783265380273,25.718015680302518,0.6041856432118891,0.6052934872638336,168.69419452409633,59.889327788337035,22.193221021488235
1738.125,非储层,2.18657012238982,30.433767757288578,67.3796621203216,93.65018711676709,6.34981288323292,93.90389332697757,29.13220334188955,1.271130647641736,0.030433767757289884,0.2537062102104831,6.0961066730224385,2.3978806867014044,194.64958428176865,25.585837270755576,0.6054020033168409,0.6065091777805476,171.7341379910026,61.354248730490525,21.892334059918834
1738.25,非储层,2.1353430464783147,28.77769123045446,69.08696572306722,91.22798017911843,8.772019820881571,91.48589708210956,27.54695242868616,1.2019611105378465,0.028777691230453227,0.25791690299113224,8.514102917890442,2.3220516903723505,177.70359730796775,25.364145947094556,0.6121812284744201,0.6132728178383609,163.93350398747003,60.66190696566188,22.104434409612814
1738.375,非储层,2.190164806665774,30.6159137283432,67.19392146499102,90.10745532215482,9.892544677845184,90.36489750263034,29.306559455433806,1.2787383591810522,0.03061591372834436,0.25744218047551715,9.635102497369664,2.046038335817199,183.45673709715177,23.931489269923695,0.6541471145907729,0.6679191115521729,167.77191989085364,59.797529506401304,21.836771901796197
1738.5,干层,13.477816579255864,37.75874649969041,48.763436921053724,78.12250575156085,21.877494248439156,82.11914546344272,34.741237105586514,2.979750647604204,0.037758746499691465,3.9966397118818815,17.88085453655728,2.1872472275967856,199.8609951704483,22.592964580054524,0.7083642046365017,0.7338719022981786,164.45049407583107,57.785191480954936,21.972605287843503
1738.625,干层,13.303427697474543,39.20810011667477,47.48847218585068,75.78580241866328,24.214197581336716,79.88693980170231,36.07476489253003,3.0941271240280717,0.03920810011667358,4.101137383039034,20.11306019829768,2.2325555477432975,176.0575241534282,21.12159724363527,0.766511592155984,0.8037816630045915,157.14303457113823,55.92864723811729,22.08300857610342
1738.75,干层,13.457074466610358,39.131600814393884,47.411324718995765,74.37937812838325,25.620621871616745,78.51310375002343,36.00437907082448,3.0880901427550147,0.03913160081439361,4.133725621640167,21.486896249976574,1.9895498731722023,193.59604267816073,19.888187424034783,0.8231082763239439,0.8713417403797665,158.23654566504055,55.353879681125115,22.011484687772878
1738.875,干层,13.370525889990963,38.8736184858569,47.755855624152126,72.67233438188441,27.32766561811558,76.80362369178818,35.76701353103284,3.0677313363382073,0.03887361848585874,4.131289309903751,23.196376308211832,2.188197385543675,206.3139161685469,19.836806691524465,0.8541049292942746,0.901151996753697,153.40034200774053,54.127087332337894,22.08982922476148
1739.0,干层,13.427340138853468,40.02052713200575,46.55213272914077,71.53120573289836,28.46879426710165,75.55303698557563,36.82226639051617,3.15824021435758,0.04002052713200366,4.021831252677272,24.446963014424373,2.1902117808352823,202.00752403933024,19.91068020454222,0.8730338380193066,0.9192752255784897,150.10061193147297,53.246340128081584,22.06922679783154
1739.125,干层,13.291227725493036,39.69230876802578,47.01646350648117,70.84006067749644,29.159939322503558,74.7999433319516,36.520277763708094,3.1323386955496684,0.039692308768025236,3.959882654455154,25.20005666804841,2.2919520532125444,204.36798915180157,19.873278862581078,0.8888883207709782,0.934922587434364,148.19446281039987,54.07962237972824,21.99681791948383
1739.25,干层,13.306464908487941,40.39026057637244,46.303274515139606,71.46947905377141,28.530520946228588,75.38945686042028,37.16245239898745,3.18741791680863,0.040390260576370074,3.9199778066488653,24.610543139579722,2.198779543714481,201.08083108282696,19.92707450091049,0.9000591833743861,0.9468581337592458,143.908704399414,54.302531797923706,22.020663898102132
1739.375,干层,13.573921811610834,39.03280966216521,47.393268526223956,69.71279301893264,30.28720698106735,73.54589017252329,35.91348286367579,3.080293988827252,0.03903280966216713,3.8330971535906393,26.454109827476714,2.2248986352152946,192.2697770140321,20.151758824408343,0.8970238576116405,0.9445426196111619,142.54309978190588,55.43333970214141,22.247992954956587
1739.5,干层,13.750502383429119,37.98793695510755,48.261560661463335,69.7409024420221,30.2590975579779,73.50423605914087,34.95211168941438,2.9978373287380577,0.03798793695510734,3.763333617118754,26.495763940859142,2.2330779132883936,193.88248270665446,20.414181529084743,0.8859713517680365,0.9347607915197461,151.82309354755836,54.095282034246104,22.156322369667762
1739.625,干层,13.887677933157036,36.81928806220067,49.293034004642294,70.22749597842083,29.77250402157916,74.04710617649579,33.87685596602876,2.905612808109711,0.036819288062198835,3.8196101980749573,25.95289382350421,2.1868249253048577,211.9835504724084,20.689589680404072,0.8768110513744038,0.9250966821326027,146.7862875109805,54.3659883842208,21.935475276345215
1739.75,干层,13.516426387913882,37.58996960332344,48.89360400876268,70.42093669092468,29.579063309075327,74.35411761933682,34.58594810056941,2.9664315331507027,0.03758996960332578,3.933180928412146,25.645882380663178,2.256454573776741,221.4332688229934,20.795107183375958,0.8735645287647128,0.921612088039998,142.66478829231676,54.29789976738324,21.871659024599104
1739.875,干层,13.897245796755522,37.8784505210303,48.224303682214185,69.1095069771676,30.8904930228324,73.14812361847798,34.85137491929533,2.989197151213938,0.03787845052103077,4.038616641310376,26.851876381522022,2.202510134002855,199.64894884275878,20.83349379208765,0.8647528645455203,0.9125694061467157,146.5856450344392,53.82670794645864,21.922044167585838
1740.0,干层,14.054433201973051,37.037952013487384,48.90761478453957,70.98543288605845,29.014567113941546,75.12285123782806,34.07804527664739,2.9228687848265134,0.037037952013488015,4.137418351769611,24.87714876217194,2.100462763282125,191.66917586040336,20.8899063528018,0.8560479071605016,0.9044414301279259,147.14688101226412,54.191326474849355,22.07401847364135
1740.125,干层,14.382508374729449,35.67893549134349,49.93855613392706,71.25782465588657,28.74217534411343,75.33733987616775,32.827635249752085,2.81562130610006,0.035678935491343516,4.079515220281166,24.662660123832257,2.083218700468283,199.68907720049836,21.032695350888904,0.8450045647946072,0.894317372984582,149.68205248226167,53.99283979603671,21.95004279175159
1740.25,干层,14.217228457782952,35.56600037863059,50.21677116358646,70.99364300395685,29.00635699604316,75.16547136407058,32.72372540390121,2.8067089743507454,0.035566000378629836,4.171828360113743,24.83452863592942,2.0780041067245003,210.77493566149954,21.261568372306762,0.8345206565359097,0.8824866453289029,147.67587629558605,54.21142710643722,22.26141985686772
1740.375,干层,13.83395039424605,35.4040490951514,50.76200051060255,69.0261144233211,30.973885576678896,73.23475906756181,32.574716539453064,2.793928506603189,0.035404049095149465,4.2086446442406995,26.765240932438196,2.315680534141497,210.65026337339322,21.60535807156823,0.8339589847997323,0.879282836116378,155.20755428147905,55.64763841867365,22.063297745218737
1740.5,干层,13.776899148952051,34.21628811254901,52.006812738498944,67.8326981196146,32.1673018803854,72.05899237622249,31.481876078721864,2.700195745714596,0.034216288112547816,4.226294256607896,27.9410076237775,2.2944609035828054,187.9963649893403,21.93189903499492,0.8372591997072362,0.8781709175683731,151.86498647320485,54.60779343679004,22.170651572193073
1740.625,干层,13.400356390114219,33.379400509259995,53.22024310062579,67.79233923164023,32.20766076835977,71.95664970483982,30.711868773081353,2.634152335669381,0.03337940050925983,4.1643104731995955,28.043350295160174,2.2015895760386472,204.52644000433105,22.20425651167116,0.8332506836510649,0.871166647449551,145.7229349877648,56.626081567766924,21.93315687746333
1740.75,干层,13.425941567913885,33.26958523903267,53.30447319305345,69.63394809722854,30.366051902771463,73.82114474177946,30.61082944592009,2.6254862078735504,0.03326958523903224,4.187196644550928,26.178855258220533,2.179249182111783,204.18288194984535,22.34741086302288,0.826177222000555,0.8616749701527934,164.64629834076098,56.477796602781794,22.266469608860664
1740.875,干层,13.055282923210193,33.98790212124283,52.95681495554698,69.54565938259981,30.454340617400188,73.84392519223667,31.27174166984716,2.682172549274431,0.03398790212124081,4.29826580963686,26.15607480776333,2.292714417899292,217.73735198394152,22.44031689549917,0.8138871578366854,0.848655219741782,166.33906417882832,55.92748616416109,21.952665518132886
1741.0,干层,13.313146386408512,32.8489412299678,53.83791238362369,69.93225366332692,30.067746336673085,74.15697772775194,30.223801416372364,2.592290872365467,0.03284894122996679,4.224724064425018,25.843022272248064,2.087271173096232,206.59008322149896,22.467012560901736,0.8109183914109261,0.8453781619497549,158.5744678110011,56.29600400408499,22.139163433611145
1741.125,干层,13.29206260042641,33.006765360264765,53.70117203930882,68.24046022240258,31.759539777597425,72.44683518485016,30.36901295117993,2.60474564372457,0.033006765360267185,4.206374962447578,27.553164815149845,2.1832537979841815,204.84191154638583,22.467677461080235,0.8228846352712167,0.8560060432636221,148.0425484707709,56.02305951450786,21.996219121552112
1741.25,干层,13.19177957417721,33.98066010567171,52.82756032015108,67.04912402489674,32.95087597510326,71.22714778943522,31.26507840362669,2.681601041939351,0.033980660105671634,4.178023764538476,28.772852210564782,2.210384085396686,212.96381522910283,22.639283141135895,0.8319021664403281,0.8632851882819652,156.36348775830677,56.09173184445349,21.967437119331255
1741.375,干层,12.845763447940318,33.0651566694396,54.089079882620084,65.9627039572911,34.03729604270891,70.22367733009204,30.422737889240707,2.60935362352945,0.03306515666944079,4.260973372800956,29.77632266990795,2.3727559662586692,219.30724177182972,25.185057420386805,0.7449812819265164,0.7647365476162312,182.15039370559882,58.11897212549442,22.223260507475057
1741.5,非储层,1.7872114668621615,9.877992978349681,88.33479555478816,93.03766356613191,6.962336433868089,95.77626765056623,8.060884428083629,1.6181603344857682,0.19894821578028443,2.738604084434317,4.223732349433773,2.479279141285095,217.64625549153652,27.723370051213653,0.651235961841376,0.659967786764123,197.35027159658037,61.6368141756209,22.080518568477554
1741.625,非储层,1.8156411826891736,9.657139559416839,88.52721925789399,93.23148204511959,6.768517954880416,95.92573941087628,7.88065815241541,1.5819813006439765,0.19450010635745257,2.6942573657566875,4.074260589123724,2.442808921144717,247.3152142545246,30.27577278646653,0.5499608804615154,0.548151674023667,210.8481434836507,63.339210508628554,22.144342185106012
1741.75,非储层,1.8020046926821778,10.161740299609722,88.03625500770809,93.24379586311244,6.7562041368875665,95.88951123597296,8.292434943301512,1.6646423132931978,0.20466304301501315,2.6457153728605287,4.110488764027043,2.66706883040941,238.52553660285622,32.73592512673168,0.44669671967886404,0.43614289096346937,230.82616384487125,65.74030714506057,22.135446511767075
1741.875,非储层,1.835835695921083,9.837732417936419,88.3264318861425,94.200522717754,5.799477282246002,96.80168847312856,8.028030008647159,1.6115650633565317,0.19813734593272686,2.601165755374569,3.1983115268714335,2.545696567247996,225.2689360077277,32.94923561688013,0.439255979292822,0.4293492428836647,220.2636148034492,67.14653566722258,22.013759911134148
1742.0,非储层,1.8150829524706622,7.439968492118998,90.74494855541035,96.67728103472506,3.32271896527494,99.23021170057001,6.0713473167070955,1.218776114759116,0.14984506065278663,2.5529306658449453,0.7697882994299965,2.7538115491061057,223.98717769904457,33.327185064394754,0.43183413728796094,0.4225220326793806,242.84333310214853,67.53677033556639,22.111474961770107
1742.125,非储层,1.80182831081154,5.532988926702808,92.66518276248566,94.98308663171822,5.016913368281772,97.57547485261657,4.5151666312957115,0.9063848528707187,0.11143744253637888,2.5923882208983304,2.4245251473834384,2.6942908464056092,247.86195466566454,33.643850986315925,0.42642713685479405,0.4174137736287458,240.40244343424195,66.10190931393403,22.284788945929883
1742.25,非储层,1.7647542144154003,6.748279050649053,91.48696673493555,94.02385966435412,5.976140335645875,96.67474778567441,5.506897771132862,1.1054672249449147,0.13591405457127648,2.6508881213202975,3.3252522143255803,2.6495910510673126,238.08350107304474,33.743956400930415,0.42724328897149755,0.41799910550535513,249.92387586249703,65.19591535720768,22.017635700139884
1742.375,非储层,1.7651039390342689,8.8684069253547,89.36648913561103,92.47549797583554,7.524502024164459,95.2019577784149,7.2370170178481015,1.4527753105454633,0.1786145969611342,2.72645980257935,4.798042221585108,2.7670016316363597,235.25631860534847,33.76123266835693,0.43211611189697374,0.422377177960397,225.00265686683974,67.25897477035952,21.937121491046632
1742.5,非储层,1.7245074813216965,7.457450840888747,90.81804167778957,92.52341935272874,7.476580647271258,95.23272851169268,6.085613695846386,1.2216399802624482,0.15019716477991193,2.709309158963947,4.767271488307312,2.497499098169439,236.39838944111668,33.55344615251546,0.4370474685940767,0.4268559157087114,230.92933734979718,66.51197501321042,23.271929275002144
1742.625,非储层,1.7272624969630124,7.8946595960587285,90.37807790697826,93.35965339530631,6.640346604693692,96.01187875350342,6.4423956103603945,1.2932611959341527,0.1590027897641809,2.652225358197114,3.9881212464965787,2.683091586880461,241.72147589801676,33.26955032296795,0.43887319550370646,0.42860449033489695,251.42143165126774,66.138885543999,23.17989825046111
1742.75,非储层,1.718776783599955,9.809398473262743,88.4718247431373,95.80725702666709,4.192742973332919,98.38577869617366,8.004908241512195,1.6069235470595526,0.19756668469099425,2.578521669506575,1.6142213038263464,2.601979504971299,225.04233035837427,33.20544825634733,0.4370103677982333,0.4269646612283493,244.21764524552756,66.6862660997638,23.113812755911656
1742.875,非储层,1.7290695899864539,9.531325918828081,88.73960449118546,94.7089075244343,5.291092475565707,97.31277826570599,7.777988590037175,1.561371178407183,0.1919661503837232,2.6038707412716957,2.6872217342940097,2.4942722925022083,232.0522419829936,33.02239517195447,0.4358546488113331,0.42600732642192096,235.58468925460693,66.48614974228755,23.058180613910505
1743.0,非储层,1.6772661435033014,9.395884187431935,88.92684966906477,95.5724210623977,4.427578937602306,98.12666451879008,7.6674620745884585,1.5391838334819858,0.18923827936149062,2.5542434563923857,1.8733354812099146,2.6485094666314755,231.1674897173202,33.03150633649108,0.4322227565460671,0.422662234224023,235.77861323659405,65.35626992388632,22.133625330337726
1743.125,非储层,1.6367710037526517,7.798366715288596,90.56486228095875,96.35116454890024,3.6488354510997523,98.86944830516701,6.363816309399508,1.277487007746622,0.15706339814246673,2.518283756266754,1.130551694832993,2.798392582636087,231.05042499844055,33.433316545876565,0.42727045089572835,0.4179689571939234,234.6595259761479,66.85726143762452,22.067051340612338
1743.25,非储层,1.604043903658941,5.583476107854768,92.8124799884863,95.46224803694741,4.5377519630525835,98.03391764989283,4.556366431017947,0.9146553946821129,0.11245428215470743,2.5716696129454206,1.9660823501071678,2.7313984859611042,247.88229032723552,34.04880642290598,0.41821471752929507,0.40967279912206617,226.00852666247428,66.1142826968593,22.03963949345039
1743.375,非储层,1.6186423986257237,2.9662784464048686,95.4150791549694,95.26395314279408,4.736046857205922,97.79754043324431,2.4206159885304848,0.4859199772193349,0.05974248065504888,2.5335872904502352,2.202459566755688,2.7530921158020374,238.60250940156456,34.43913085042209,0.4149093527973696,0.4065904681641973,242.05696943992123,67.62749049340205,22.174579977216
1743.5,非储层,1.6335845609415804,5.263686131600731,93.1027293074577,93.89925812970371,6.1007418702962894,96.4532476180102,4.295403495987185,0.8622690996042961,0.10601353600924995,2.553989488306486,3.546752381989804,2.694959713535825,237.0815049335169,34.81649805837338,0.4115605415115546,0.4035981973313578,234.01523675419503,67.31702489902922,22.014842878971898
1743.625,非储层,1.5997060879440603,3.795837541074132,94.60445637098181,94.8532795429572,5.146720457042797,97.3322850608948,3.09757334242322,0.6218139412105903,0.07645025744032154,2.47900551793761,2.6677149391051924,2.720887826451689,251.28121990237022,34.74266639888987,0.41299803208666785,0.40504226339511823,235.53476722951618,68.84960538042252,22.01691565795729
1743.75,非储层,1.5626638779555915,6.432719558335364,92.00461656370904,95.12678545960436,4.873214540395631,97.57311675970146,5.24938710036193,1.0537739452724495,0.1295585127009856,2.4463313000970883,2.4268832402985385,2.5983374959817556,236.3961263589957,34.19350563916834,0.4192964809032378,0.41083480643105175,233.4240329239791,67.26562501182629,22.047233304080244
1743.875,非储层,1.5231783671073253,8.966535269406538,89.51028636348613,96.39525777101116,3.604742228988833,98.7963792679854,7.31709413900569,1.468850174577204,0.180590955823646,2.401121496974236,1.2036207320145986,2.5708806855715363,252.37555920125402,33.90643723898682,0.41900520884524556,0.41055672138860927,234.31113235147336,66.9994635862959,21.966616580811223
1744.0,非储层,1.5415986529414276,8.358358549742794,90.10004279731578,97.55329767118212,2.4467023288178846,99.99,6.820794712613558,1.369221895201573,0.16834194192766397,2.4367023288178817,0.009999999999998899,2.7050600129690134,216.4237586819262,33.54185312533225,0.4209439695139546,0.41220584001205063,238.84001348762288,67.90429064337975,21.912708069333128
1744.125,非储层,1.5246777894930013,7.737998925655553,90.73732328485144,97.52909967422602,2.4709003257739837,99.99,6.314553490881882,1.2675978771429788,0.15584755763069347,2.4609003257739874,0.009999999999998899,2.650930916114701,233.8052394430431,33.18260836189577,0.4258138774393085,0.41678627335150825,236.52231845479116,67.1164203066797,22.09333084954362
1744.25,非储层,1.4970248081636537,10.375781963186581,88.12719322864977,95.2026203450452,4.797379654954792,97.64192814554283,8.467102521692125,1.699705481558912,0.20897395993554474,2.4393078004976223,2.3580718544571666,2.8714683586830203,227.85298509701425,32.915368598631744,0.43404758190073334,0.42458677645994086,250.00253409779464,67.3512094418217,21.89204566873661
1744.375,非储层,1.4598800783521795,12.003556962816031,86.53656295883178,92.82925267359113,7.170747326408867,95.25054039382718,9.795439783694212,1.9663589347088684,0.24175824441295019,2.4212877202360463,4.749459606172824,2.6564299372432036,233.93240645616615,32.662270051199805,0.4439234248545319,0.43400639156345855,230.22711167993847,66.76953501433458,22.08270736355245
1744.5,非储层,1.418220294313141,11.339292011859769,87.24248769382709,92.42317222824572,7.57682777175428,94.7959053868348,9.253369849951493,1.8575425792424831,0.22837958266579383,2.372733158589082,5.2040946131652,2.5294812418900805,236.2071798218915,32.23725654239072,0.456816719811581,0.44635265166800275,236.43503861635088,66.84402168108622,21.92430087883072
1744.625,非储层,1.457498995776761,12.537875913966069,86.00462509025716,91.94849544417572,8.051504555824284,94.3283267198608,10.23146796496499,2.053888226803939,0.25251972219713925,2.379831275685083,5.6716732801392,2.4517421326858195,227.1939940227582,32.05664682037783,0.46344607476517474,0.45283538819485014,232.4794059543739,66.52137558264295,22.042940994520247
1744.75,非储层,1.4942688360528558,12.413530754138414,86.09220040980873,92.06815294877744,7.9318470512225625,94.37704083399439,10.129996748619806,2.0335186632843647,0.25001534223424127,2.3088878852169494,5.622959166005614,2.633340874970867,224.79839075780254,32.00583895967701,0.4685179782258804,0.4578574894925972,242.00705824919763,65.50122174449771,22.180697576408246
1744.875,非储层,1.4763545824388906,12.620941159318477,85.90270425824264,89.66109513773826,10.338904862261744,91.93501102393398,10.299252923330899,2.0674955340269956,0.25419270196058336,2.273915886195736,8.064988976066012,2.6913072774958824,229.37583740471433,31.715913474301395,0.47707135950382934,0.4662935854182346,221.34049254802974,66.25770713002885,22.168520679991293
1745.0,非储层,1.4988787757998725,14.482655080599304,84.01846614360082,89.42041652621411,10.579583473785892,91.63202748796435,11.818494816951516,2.3724716185594934,0.29168864508829495,2.2116109617502406,8.36797251203565,2.481782698748587,229.9008090230029,31.70764489370192,0.47880459351557314,0.46820859194433473,235.75532404483326,64.99690859558437,21.984002527114544
1745.125,非储层,1.4740634725273694,12.647344799121774,85.87859172835086,90.7656533258862,9.234346674113791,92.94185643972075,10.320799475287517,2.0718208380345393,0.25472448579971807,2.1762031138345357,7.058143560279251,2.5613233719736694,218.11149573800648,31.57961009424815,0.4800195132650221,0.46951127706939993,225.10311838301996,66.02623973054523,22.0408355325218
1745.25,非储层,1.47454237913466,13.80373982737928,84.72171779348606,92.62062620320819,7.3793737967918105,94.82647013484143,11.264469580786177,2.2612553284036014,0.2780149181895019,2.205843931633235,5.173529865158577,2.644927701610316,227.38327033501923,31.4843576960143,0.4770266017509951,0.4667670671311881,228.12229034627322,67.12036792093616,22.019895659510695
1745.375,非储层,1.5177409523020517,13.534659336193155,84.9475997115048,92.89223667826155,7.107763321738448,95.11120924024421,11.044887855423815,2.2171759917837366,0.2725954889856046,2.218972561982652,4.88879075975579,2.60391664539291,217.02441057134862,31.772475740871336,0.46987986590538483,0.45993999636265936,245.60281211349292,65.60639675372374,22.153744556455223
1745.5,非储层,1.4817362965487302,11.334405399116076,87.18385830433519,91.3585366619856,8.641463338014399,93.5343916109808,9.24938215521856,1.8567420803021448,0.2282811635953709,2.1758549489952084,6.465608389019195,2.6023324795496117,223.9693415039361,31.728516962425623,0.4726282339026332,0.46253386080515646,232.55022361043285,65.42285379275815,21.917380454218154
1745.625,非储层,1.4452018052607931,13.182373087060927,85.37242510767827,89.30396235048083,10.696037649519162,91.49734634561806,10.757406507129478,2.159466329914167,0.2655002500172834,2.1933839951372267,8.502653654381941,2.463284587258501,220.42899797227443,31.989570273588075,0.4730968049176885,0.46295851174190006,228.99621562811848,65.5029698317017,22.14315413621895
1745.75,非储层,1.4080332735057637,11.117588562407121,87.47437816408711,89.41053294084502,10.589467059154977,91.57485297234585,9.07244991133013,1.8212242979165854,0.2239143531604062,2.164320031500836,8.425147027654145,2.663527144881203,225.50071012857293,32.295087075691825,0.47648811772955396,0.46613555688979535,226.10748681683532,66.07168775143597,21.866908388215734
1745.875,非储层,1.3882028276974352,10.481890877527588,88.12990629477497,87.16671108582737,12.833288914172625,89.34357822202072,8.553692145431176,1.7170876802199455,0.21111105187646764,2.176867136193351,10.656421777979276,2.5958205761773034,229.52026245478453,32.501441187150895,0.4797369951436445,0.46911769458438796,234.90904066477447,66.42187619985224,22.123969656278785
1746.0,非储层,1.3616152293334927,9.309482461855346,89.32890230881117,86.8661233608716,13.133876639128406,89.06690441653062,7.596954399012418,1.5250299617931113,0.1874981010498159,2.200781055659014,10.933095583469388,2.6619609002936704,229.61694935212668,32.63739216266704,0.4793030355435238,0.46869005162411076,239.50176734213625,66.37290907984278,22.199443120563288
1746.125,非储层,1.3876262065723703,11.787696625642152,86.82467716778548,88.15462319863508,11.845376801364926,90.32052340075965,9.619288086241143,1.9309978409958972,0.23741069840511225,2.1659002021245857,9.679476599240344,2.6712135295960984,222.20054091713615,32.567447536437975,0.48266924360277474,0.47191364199304037,232.03055908972493,67.77055850255469,21.95581687450593
1746.25,非储层,1.3749884102044057,11.938527612599692,86.6864839771959,87.80800888444593,12.19199111555408,89.95889331097158,9.7423729230803,1.9557061720142501,0.24044851750514157,2.150884426525653,10.041106689028423,2.5538233392524923,220.2572932696103,32.51271147506387,0.4797795637742428,0.46928464650154317,231.64836907778823,67.0115458196295,22.04806512692026
1746.375,非储层,1.4126149264224719,10.994026585153183,87.59335848842434,89.78108808143705,10.218911918562956,91.8770770262172,8.971617807021842,1.8009830312057071,0.22142574692563324,2.0959889447801414,8.12292297378281,2.573291263356722,225.06259906973085,32.29890266947799,0.48114581701087544,0.4707732691599759,242.90437003345374,64.89973198717826,22.102672338598758
1746.5,非储层,1.4525404234034212,11.520754938194422,87.02670463840215,88.13434937564992,11.865650624350078,90.24723544171496,9.401451720466232,1.88726887184241,0.2320343458857798,2.1128860660650446,9.752764558285032,2.765033000634717,228.68830946616237,32.12094878003834,0.48571894590573716,0.4752803405226804,236.23411727148698,65.58685467394044,22.11115990004776
1746.625,非储层,1.4457237344067257,13.695514886233184,84.85876137936009,86.95660602455307,13.043393975446927,89.05836099441821,11.17615318445679,2.2435264934724057,0.2758352083039886,2.1017549698651354,10.941639005581793,2.681873179329833,227.6403113954892,31.752793542150954,0.4969639387153502,0.4860989917063422,234.52604887748936,65.56394465583985,21.940756539856707
1746.75,非储层,1.4552628944463395,15.936139924370185,82.60859718118347,84.47050196154038,15.529498038459622,86.62806869646754,13.004603510214194,2.6105737842647407,0.3209626298912506,2.157566734927164,13.371931303532458,2.6080403639573912,220.22634315621,31.369544519449484,0.5147950902558918,0.5030274801778404,219.28411352346566,64.8669380300228,23.278122695577412
1746.875,非储层,1.4595060781609794,15.280213892706163,83.26028002913286,82.28029248662216,17.71970751337785,84.47955665381087,12.469338507879828,2.5031234662576605,0.30775191856867445,2.199264167188721,15.520443346189127,2.621482269620734,221.56653353983904,30.87091135400209,0.5296336505181214,0.5172579496469051,239.248904498988,64.83382607007333,23.24155614271515
1747.0,非储层,1.4638429427951831,17.004395638102753,81.53176141910207,83.97399397018894,16.026006029811057,86.10929457630445,13.876347989777177,2.7855697603540683,0.3424778879715089,2.1353006061155124,13.890705423695549,2.508642397254097,212.5312011688193,30.4979405377963,0.5391560185382673,0.5263886800928103,229.9726683039635,65.36631241762537,23.320885196529467
1747.125,非储层,1.5021862326755002,17.731561513595175,80.76625225372933,85.01021121870488,14.989788781295122,87.15781953473449,14.4697478935064,2.904690211127059,0.35712340896171535,2.1476083160296024,12.842180465265518,2.6377395647714557,210.59713506884094,30.168383186222794,0.5415063778697412,0.5288115698894968,236.55583462112588,65.59864421250566,23.13316956787044
1747.25,非储层,1.48547026982573,19.422657780285878,79.09187194988839,86.66234726016553,13.337652739834471,88.77960825921039,15.849758143810803,3.1817166178630805,0.39118301861199645,2.1172609990448694,11.220391740789603,2.371689957788043,216.31728029632526,29.633628582216648,0.5477846841611844,0.535208817784722,231.98022715864136,63.30399527801086,21.980360172124502
1747.375,非储层,1.5089732994814844,20.97475023525114,77.51627646526738,84.44746726517663,15.552532734823377,86.51636136912644,17.116335061672288,3.435972158597331,0.4224430149815189,2.068894103949809,13.483638630873562,2.259101618727078,214.79179625934054,29.213968447891748,0.5574057340046399,0.544752077133803,216.58081626159927,63.832836205048054,21.90005258382621
1747.5,非储层,1.5339789399125494,21.51518224925706,76.95083881083039,83.11710192468375,16.882898075316245,85.1314653764644,17.557351775865783,3.5245028601748025,0.43332761321647206,2.0143634517806484,14.8685346235356,2.442858866415928,206.80858243995436,28.747681274310878,0.5724651710375656,0.5594054251171919,209.9398320300845,63.53436803198132,22.014106049547603
1747.625,非储层,1.515978699014225,22.84631122709563,75.63771007389015,81.7930813213475,18.206918678652496,83.86174505229673,18.64361260564646,3.7425613379186102,0.4601372835305588,2.0686637309492277,16.138254947703267,2.34762276089547,197.33444296140746,28.60803418905071,0.5853457790263493,0.5718140828279928,235.80468744354968,64.03072621068458,22.10365714004815
1747.75,非储层,1.4971062479691786,21.067961426252413,77.4349323257784,80.9779087604267,19.022091239573303,83.04203020633379,17.19239956583949,3.4512415207379012,0.4243203396750196,2.064121445907099,16.957969793666205,2.379267665338835,197.0533081326597,28.689973184950667,0.589191839889517,0.575550678547026,236.2459344234142,62.47203994388252,21.945128784828295
1747.875,非储层,1.5119350859761993,20.16483365769137,78.32323125633242,81.44114620178523,18.55885379821477,83.4480897140631,16.45540688097732,3.3032959274112823,0.4061308493027681,2.0069435122778754,16.5519102859369,2.465739975586004,201.9724779001024,28.814090267118374,0.587039246110111,0.5735047358887705,225.377328571389,63.26616720291513,21.979684168748292
1748.0,非储层,1.483343362868263,20.215489310410828,78.30116732672091,82.9242657087192,17.075734291280796,84.89526670005193,16.496744161039743,3.311594067339886,0.40715108203119993,1.9710009913327349,15.104733299948059,2.4462108204972552,206.59396652986305,29.10060195971284,0.5752438908642743,0.5623212045330344,224.01201471048043,63.401877284476434,22.078599381237066
1748.125,非储层,1.4629183855040133,19.707737930521716,78.82934368397427,85.0761714048087,14.923828595191303,87.02817246630475,16.082396307132896,3.228416933632889,0.39692468975593354,1.9520010614960597,12.971827533695246,2.302485179616661,208.44512907677938,29.118014908672315,0.5666519019350923,0.5542527215204188,214.3235216864436,64.03169949905804,21.82401587460441
1748.25,非储层,1.4800983274725892,20.780436284735828,77.73946538779158,85.50551741487845,14.494482585121549,87.491255855989,16.95776618018985,3.404140679485099,0.418529425060879,1.9857384411105454,12.508744144011008,2.337386484711474,206.1714131482329,28.92874340723748,0.565487974443891,0.553334310725206,225.7505512692725,63.49346501007169,21.97152674815957
1748.375,非储层,1.4589359911771853,22.18238339892622,76.3586806098966,84.1681015601105,15.831898439889503,86.09737808837448,18.101817779188067,3.633800208116258,0.44676541162189454,1.929276528263987,13.902621911625513,2.4301211548397252,190.53809765744404,28.70130781113701,0.5704158659220028,0.5581314662903029,227.9146030620445,62.735132214502286,21.941416756522386
1748.5,非储层,1.4688926314002,22.688059432224637,75.84304793637516,82.78576918008883,17.21423081991117,84.75259686984165,18.514472057380452,3.7166373695697086,0.4569500052744785,1.9668276897528283,15.247403130158343,2.4479168794313466,204.64504571936106,28.306233374319557,0.5847727107761225,0.5718698894442663,215.73793562252197,63.631106327937516,21.996274699146404
1748.625,非储层,1.45954486437403,24.06254402456981,74.47791111105616,81.69914449631052,18.300855503689473,83.72166468552685,19.636113009278265,3.941798133762354,0.4846328815291894,2.022520189216317,16.278335314473157,2.3146368281504217,194.38957382516972,27.90632367863373,0.5981564998038555,0.5847036538719851,218.44265949259452,62.75499589869456,22.307572749659485
1748.75,非储层,1.4809750108026927,25.16927348597101,73.3497515032263,82.79180272872466,17.20819727127534,84.8387218646991,20.53925378909696,4.1230966748092435,0.5069230220648084,2.0469191359744303,15.161278135300904,2.248044760509891,192.8456974583642,27.608892641807973,0.6058923439375361,0.5920151074405877,235.74416984440867,63.41214579299129,22.064712808656086
1748.875,非储层,1.5078697749517473,25.37690466414857,73.11522556089969,83.45702364196767,16.542976358032334,85.51174319278945,20.70869012445623,4.157109711411503,0.5111048282808388,2.054719550821792,14.488256807210542,2.3366767220140714,195.5102605511129,27.338828011468816,0.6135717894063286,0.5992953804958129,219.096572568761,62.15845515556737,22.03909655842586
1749.0,非储层,1.5150302539769682,25.594653546801727,72.8903161992213,81.91430911863698,18.085690881363025,83.98065958462084,20.886382959555274,4.1927801766123,0.515490410634152,2.0663504659838643,16.01934041537916,2.268580074312394,182.8743716281278,27.10362994917991,0.6153409220916717,0.6009196650889153,215.75926891980734,61.265285147149285,22.13147151481846
1749.125,非储层,1.479607190251588,26.543290151921916,71.97710265782649,83.52827762918099,16.47172237081901,85.65241474650568,21.66051289211178,4.348180785785763,0.5345964740243736,2.124137117324703,14.34758525349431,2.360246096020797,221.26525374084156,26.97711031248057,0.6174070663247566,0.6027027354750158,210.57260089726682,61.6852351222037,22.101955288950396
1749.25,非储层,1.4771320911005552,26.525765556792912,71.99710235210654,83.2195958501791,16.780404149820892,85.40264619625707,21.646212038052308,4.3453099997082845,0.5342435190323194,2.1830503460779638,14.59735380374293,2.343680416365334,183.59944285699225,26.798352208946095,0.6176315939118958,0.6028472790351603,209.78731826760028,61.705941379988964,22.03018654955242
1749.375,非储层,1.496653969893549,27.264089906155554,71.2392561239509,85.48739743237518,14.512602567624821,87.63076972376624,22.24871775593414,4.4662583723931215,0.5491137778282904,2.1433722913910507,12.369230276233766,2.1955112985718674,183.95388512021282,26.792382756796414,0.6139099496503212,0.5990558635374521,217.31229739328816,62.20915554823994,22.045600948420375
1749.5,非储层,1.5089377722900883,25.60986753424355,72.88119469346637,83.88150733680864,16.118492663191365,86.08896952455257,20.89879825431481,4.195272451213191,0.5157968287155458,2.2074621877439227,13.91103047544744,2.2429191742115515,194.5800209417132,26.670520926745052,0.6114710054880816,0.5967054383148254,231.1240529890102,60.38808186172708,22.11102061026609
1749.625,非储层,1.5305385248298988,27.75079015255626,70.71867132261384,86.29562833862512,13.704371661374882,88.48274298536205,22.645886942625683,4.545987021242763,0.5589161886878122,2.187114646736931,11.517257014637948,2.404453631928689,202.30369604472764,26.63986951088698,0.607295884242971,0.5927886175127514,225.2144274328682,61.55884379218,21.89279687735494
1749.75,非储层,1.488707152424767,26.78513904565778,71.72615380191746,85.77594938546748,14.224050614532512,87.94088104665427,21.85787241501664,4.387799186774748,0.5394674438663906,2.1649316611867744,12.059118953345738,2.2035745654514827,181.2357611988583,26.75377192263171,0.6083758455996525,0.593711403006251,214.55723641930172,61.36999791655698,21.924645972093064
1749.875,非储层,1.5169573949276198,26.06625552096833,72.41678708410404,83.54449876355396,16.455501236446047,85.71654809316566,21.27123128027641,4.270035506711661,0.5249887339802556,2.172049329611707,14.283451906834344,2.345496122045766,181.9786792556903,26.780959771231856,0.6082216828812275,0.593704452643689,218.03794309666088,61.74843723513069,21.788292342242663
1750.0,非储层,1.5537899174414371,25.291411312641333,73.15479876991724,83.64411105092555,16.35588894907446,85.7729016501965,20.63892372278133,4.143104644737082,0.5093829451229208,2.128790599270973,14.22709834980349,2.3418501569253776,197.2620054075366,27.083391278309147,0.6031395234952692,0.5887580660511809,228.94689259364884,61.26658127731417,22.2153479759822
1750.125,非储层,1.5295810367548022,24.506510856612216,73.96390810663299,85.36971560285852,14.63028439714148,87.53286268607987,19.998409817024545,4.014526421686117,0.493574617901555,2.1631470832213546,12.46713731392013,1.9384777452947772,180.7868538800576,27.357005891550486,0.6014159757214854,0.5870678285485962,219.8482894257121,62.577593679274564,22.005058234357367
1750.25,非储层,1.5517195643961335,23.841066624075445,74.60721381152841,83.44261849368209,16.557381506317913,85.57005187286798,19.455377536725244,3.9055168825759536,0.48017220477424916,2.1274333791858986,14.42994812713202,2.3620614507407174,206.20492931387784,27.686807333033006,0.5944218722778407,0.5803491380039276,223.37468728310455,63.27637885123117,22.17791722269132
1750.375,非储层,1.5294642671826735,22.49644048703957,75.97409524577775,83.41297518712555,16.58702481287444,85.53506897580162,18.358102420881057,3.685247371913901,0.4530906942446136,2.122093788676056,14.46493102419838,2.4611519450314465,211.947770962505,28.097782543132986,0.5851631691167438,0.5713376735635483,219.56661882954444,64.05388166294593,21.966330479138488
1750.5,非储层,1.5402134718923493,20.85061574291327,77.60917078519438,83.93281273147066,16.067187268529338,86.0686636601098,17.01503575942865,3.415637105506796,0.41994287797782537,2.1358509286391483,13.931336339890187,2.650355830030233,188.59339410434998,28.440471214150143,0.5805083165509923,0.5667291102499228,228.51957547852103,62.39108725867571,22.071539787402536
1750.625,非储层,1.5703916697453353,20.806455709263837,77.62315262099084,84.00208608060471,15.997913919395291,86.19077762592967,16.978999195283627,3.4084030433873265,0.4190534705928832,2.188691545324966,13.809222374070329,2.401898067156804,215.7741747307891,28.736521229957262,0.5731122162579622,0.5593901941558761,209.33429745424095,63.90304890208557,22.602449861740762
1750.75,非储层,1.5926022769030015,20.589798007941017,77.81759971515598,84.11808598163945,15.881914018360543,86.3593691850084,16.802196812993486,3.3729113297153424,0.4146898652321894,2.241283203368944,13.640630814991594,2.5015054018158813,216.65663065434853,28.90486901993035,0.5654274797325138,0.5517979569617468,202.3439775905703,64.24029543371246,22.663961048474903
1750.875,非储层,1.6267645190444904,20.536267705272415,77.83696777568309,85.8082003499427,14.191799650057302,88.08341727818295,16.758513689897764,3.364142279903179,0.41361173547147245,2.275216928240248,11.916582721817049,2.4128551965324156,208.23823161784821,28.761441938879635,0.5644582097486662,0.5506887199418449,223.75736710643096,62.53441968814564,22.485153166022663
1751.0,非储层,1.6488288502308726,22.25639094231704,76.09478020745209,86.10444985156053,13.895550148439472,88.41773100427015,18.162211247313355,3.6459237307215315,0.44825596428215153,2.31328115270962,11.58226899572985,2.4223101078629976,214.99304301128956,28.423068261095718,0.5650274594418565,0.5512820450155204,217.8030538013669,63.92617989024701,22.713328252784677
1751.125,非储层,1.6124814387985,24.333419166141233,74.05409939506026,87.61454711017174,12.385452889828253,89.87286400565132,19.857159249686998,3.98617146047455,0.4900884559796863,2.2583168954795725,10.127135994348679,2.5244267694872646,215.03847124080684,27.98974926098648,0.5640820329441194,0.5506014699997481,230.3688828452429,62.29413270899966,21.971605412703433
1751.25,非储层,1.582333351684262,25.13047656884143,73.2871900794743,89.80087459845967,10.199125401540332,92.02276978119885,20.507593768095433,4.116741169947374,0.506141630798624,2.2218951827391735,7.977230218801157,2.32608358848245,182.14986724071173,27.660935766166027,0.5638219072792396,0.5505494431334166,235.3919821227009,61.99087999153741,22.126234661760893
1751.375,非储层,1.5382184717745624,24.05437624969695,74.40740527852849,89.88252023194252,10.11747976805748,92.10178538652151,19.629447739376875,3.9404601322726545,0.4844683780474208,2.2192651545790016,7.8982146134784825,2.209144236200071,202.6576562294777,27.460853314737406,0.5653818449324365,0.5522266992046285,228.1976161130651,63.24642593267275,21.978591866958254
1751.5,非储层,1.5268778904068672,24.477299535179252,73.99582257441388,87.5999424811584,12.400057518841601,89.82244629765918,19.974572071180948,4.009741178189352,0.4929862858089523,2.222503816500785,10.177553702340813,2.5806515599759017,210.67292724597286,27.42973736246424,0.5634319284258693,0.5504903542235086,222.40560057361557,62.070831469039526,21.918562585685518
1751.625,非储层,1.5227327553466132,24.70384725433883,73.77341999031457,89.15656915654073,10.843430843459279,91.32880856704708,20.15944515072189,4.046853022044246,0.49754908157269434,2.1722394105063656,8.671191432952918,2.313369818181182,192.11778819893718,27.283290363927733,0.5663405628069391,0.5534309389994843,233.66317985047948,62.3104835319621,21.799542116922353
1751.75,非储层,1.5012716106152262,26.779823665913916,71.71890472347086,89.94071850990014,10.05928149009987,92.08064364091892,21.853534827219143,4.3869284495021965,0.5393603891925759,2.13992513101879,7.919356359081076,2.3322922385516995,189.11455317717838,26.96730388743076,0.5740472959802139,0.5610366438226951,220.95514636309179,63.082179637420616,22.077258358267624
1751.875,非储层,1.4597416211757464,27.552370760885182,70.98788761793907,89.30903254996238,10.690967450037615,91.4385091985193,22.483967837392786,4.513483010569881,0.5549199129225122,2.1294766485569183,8.561490801480698,2.3102761670888152,178.37400751381426,26.809284821238403,0.5712891510746667,0.5585630907146946,207.44094694816206,61.69438239751947,22.030584414760337
1752.0,非储层,1.481812684105413,26.132053875243756,72.38613344065084,91.23551841613003,8.764481583869966,93.39529057745321,21.324925682624624,4.28081424356603,0.5263139490531011,2.159772161323176,6.604709422546784,2.450141975056556,183.49603772934302,26.859040285155242,0.561317575002924,0.548952264166995,221.67882170900884,61.0970655700217,22.048640253532408
