#DEPTH,CASE,POR,Vma,Vsh,Sw,Sh,Sxo,Vma1,Vma2,Vma3,Shm,Shr,DEN,AC,CNL,RT,RXO,GR,SP,CAL,lithology
1500,非储层,2.656224762,13.76869232,83.57508292,92.07100642,7.928993577,93.34997105,13.17391674,0.581006886,0.013768692,1.278964631,6.650028945,2.377898487,235.1068108,31.06243667,0.600833374,0.599028526,165.4051519,63.60788684,21.94720363,泥岩
1500.125,非储层,2.578361185,14.9400586,82.48158022,91.58952811,8.410471888,92.86773346,14.29468271,0.630435826,0.014940059,1.278205349,7.132266539,2.454558618,225.2943124,31.06243667,0.600833374,0.599028526,138.6237863,64.99199646,22.05868366,泥岩
1500.25,非储层,2.611460491,12.79941762,84.58912189,92.18909941,7.810900594,93.44287525,12.24651246,0.540105741,0.012799418,1.253775841,6.557124754,2.697744147,219.6851187,31.16753065,0.599015877,0.597095278,157.9822973,64.91772074,22.11361278,泥岩
1500.375,非储层,2.551563275,12.62312094,84.82531579,92.48798702,7.512012983,93.7676791,12.07783139,0.53266643,0.012623121,1.279692082,6.232320901,2.704321162,229.0796436,31.374598,0.591498711,0.589873829,138.7750937,64.9642547,22.09621462,泥岩
1500.5,非储层,2.625743569,11.46099579,85.91326064,94.20195241,5.798047592,95.44930397,10.96590735,0.483627444,0.011460996,1.247351564,4.550696028,2.600026109,238.8634686,31.78481967,0.576412354,0.575434326,154.9371813,64.0834838,22.15442247,泥岩
1500.625,非储层,2.60873894,10.28583419,87.10542687,95.92579362,4.074206385,97.17058998,9.841510008,0.43403835,0.010285834,1.244796365,2.829410019,2.683857841,215.7782769,31.93287726,0.57050638,0.569792116,162.9297187,67.48257629,22.02338329,泥岩
1500.75,非储层,2.602682974,11.12344151,86.27387552,94.06905159,5.930948414,95.28851221,10.64293463,0.469383436,0.011123442,1.219460628,4.711487786,2.873599066,238.6049903,31.96005061,0.571337901,0.57071071,147.3460334,64.98681741,22.13110265,泥岩
1500.875,非储层,2.529730385,12.38761915,85.08265046,91.66315546,8.336844536,92.86084639,11.85250273,0.522728801,0.012387619,1.197690929,7.139153606,2.587255599,222.0086751,31.85022362,0.57942265,0.578395792,144.5778131,66.38421599,21.88162988,泥岩
1501,非储层,2.472874564,12.93443905,84.59268638,90.69599142,9.304008579,91.92309126,12.37570128,0.545803332,0.012934439,1.227099837,8.076908742,2.542159569,225.0714727,31.64380706,0.593329734,0.591694199,167.0301523,65.01478819,22.15601918,泥岩
1501.125,非储层,2.486756423,12.88976044,84.62348314,89.85245572,10.14754428,91.09633903,12.33295268,0.543917999,0.01288976,1.243883304,8.903660974,2.501987449,209.2853631,31.33740818,0.604756609,0.602630682,165.5129038,64.85433186,21.84505584,泥岩
1501.25,非储层,2.522160858,14.64388933,82.83394982,90.92636476,9.073635239,92.14338633,14.01130727,0.61793817,0.014643889,1.217021569,7.85661367,2.693942748,217.7731213,31.1033176,0.614725522,0.612255368,155.3688953,64.88038714,21.91496349,泥岩
1501.375,非储层,2.483809104,15.08220781,82.43398309,88.74125003,11.25874997,89.92634354,14.43069141,0.636434193,0.015082208,1.185093515,10.07365646,2.464526691,229.8798695,31.04392598,0.619681536,0.617148558,155.307732,64.51891399,22.04959867,泥岩
1501.5,非储层,2.537245393,13.6199264,83.84282821,88.48725945,11.51274055,89.703641,13.03157716,0.574729309,0.013619926,1.216381549,10.296359,2.246888971,227.5446913,30.80751458,0.624517518,0.62191719,161.8255691,64.24392179,22.07168391,泥岩
1501.625,非储层,2.503966721,15.43046475,82.06556853,89.93563128,10.06436872,91.12205809,14.76390446,0.651129829,0.015430465,1.186426813,8.877941908,2.61901716,216.0854047,30.91485093,0.624496316,0.621870376,150.5817832,64.1880719,22.03310314,泥岩
1501.75,非储层,2.46856137,13.58163609,83.94980254,89.66533543,10.33466457,90.87893059,12.99494091,0.573113547,0.013581636,1.213595162,9.121069412,2.813015021,210.3674185,30.91471616,0.618518217,0.615967849,162.9514463,65.2307047,22.02098439,泥岩
1501.875,非储层,2.451823117,14.96101414,82.58716274,92.23020768,7.769792317,93.44363882,14.31473302,0.631320101,0.014961014,1.213431135,6.556361182,2.559739657,217.4993334,30.85327064,0.613624702,0.611035027,153.2290598,64.87833568,22.00043314,泥岩
1502,非储层,2.404262458,14.23493845,83.36079909,92.21373912,7.786260882,93.44133698,13.62002212,0.600681391,0.014234938,1.227597865,6.558663017,2.481194223,228.4579439,30.83698961,0.606289387,0.603697997,145.8032168,65.23230323,21.84964342,泥岩
1502.125,非储层,2.400298144,15.49585409,82.10384777,94.61018595,5.389814052,95.85122754,14.82646913,0.653889107,0.015495854,1.241041597,4.148772455,2.37381478,219.5438296,30.83693309,0.596006363,0.593507545,154.0330904,65.2777193,23.19492873,泥岩
1502.25,非储层,2.362385128,13.40329851,84.23431636,96.15055475,3.849445249,97.40773691,12.8243071,0.565588114,0.013403299,1.25718216,2.592263089,2.612980246,230.4642555,31.09993666,0.583078904,0.580834273,167.7331272,66.21634041,23.07301146,泥岩
1502.375,非储层,2.366739146,11.98306888,85.65019197,97.285819,2.714181005,98.53775946,11.46542809,0.505657717,0.011983069,1.251940461,1.462240544,2.599664311,227.4411376,31.2093203,0.574961587,0.572834773,163.3955493,65.98211589,22.96372803,泥岩
1502.5,非储层,2.34218183,12.94941728,84.70840089,96.05402471,3.945975287,97.31876606,12.39003248,0.546435379,0.012949417,1.264741344,2.681233942,2.511753441,216.0102405,31.49691162,0.56588149,0.564018693,153.4197684,66.76820264,23.02999153,泥岩
1502.625,非储层,2.384189355,12.30896804,85.3068426,96.84636963,3.153630365,98.09778544,11.77724917,0.519409906,0.012308968,1.251415806,1.902214559,2.598934065,212.3090209,31.71593068,0.558094395,0.556448293,147.5600297,65.65878426,21.92842374,泥岩
1502.75,非储层,2.329185926,10.96262018,86.7081939,98.71424459,1.285755412,99.99,10.48906041,0.462597149,0.01096262,1.275755412,0.01,2.388127269,238.6750338,31.93522325,0.552032761,0.550609934,150.1260215,66.15080505,22.16556468,泥岩
1502.875,非储层,2.378082613,9.541995545,88.07992184,98.69118623,1.308813767,99.99,9.129803466,0.402650084,0.009541996,1.298813767,0.01,2.535940813,251.0278711,32.06936486,0.54572043,0.544529854,154.1496084,66.28424593,21.92493797,泥岩
1503,非储层,2.426342159,11.31440733,86.25925051,98.55559981,1.444400191,99.87340765,10.82565117,0.477441751,0.011314407,1.317807841,0.12659235,2.755777465,229.3463044,32.24314503,0.540218009,0.539270517,160.7297828,66.55179657,22.0263485,泥岩
1503.125,非储层,2.440886659,10.31241484,87.2466985,98.34599416,1.654005844,99.63070226,9.866942433,0.435159991,0.010312415,1.284708107,0.369297737,2.57164249,209.063384,29.49921957,0.602274339,0.602594124,163.159728,64.52128994,22.20802185,泥岩
1503.25,非储层,2.543429559,40.45738675,56.99918369,98.73906141,1.260938587,99.10178841,35.57080291,4.846126454,0.040457387,0.362726997,0.89821159,2.317605115,194.6371043,26.73471451,0.661789046,0.663152151,163.8543208,62.85440073,21.94790861,泥岩
1503.375,非储层,2.495696893,39.33075288,58.17355022,99.24020856,0.759791442,99.60495365,34.5802478,4.711174332,0.039330753,0.364745094,0.395046348,2.399253797,196.3369262,23.99755876,0.72828568,0.730856839,172.2798532,58.32605718,21.94050896,泥岩
1503.5,非储层,2.535649214,40.90847867,56.55587212,97.01314197,2.986858032,97.38170546,35.96741037,4.900159813,0.040908479,0.368563496,2.618294536,2.145997041,171.8740189,21.02645966,0.799405002,0.802980032,160.5217365,57.59419275,22.31647005,泥岩
1503.625,非储层,2.479749409,42.44396412,55.07628647,98.10846296,1.891537037,98.48515476,37.31743456,5.084085599,0.042443964,0.376691797,1.514845241,2.182228044,162.973369,20.91643679,0.810095236,0.813578242,166.8026002,56.87666032,22.1656838,泥岩
1503.75,非储层,2.502868458,41.80366241,55.69346913,96.00530816,3.994691837,96.37174083,36.75447071,5.007388034,0.041803662,0.366432665,3.628259172,2.000825577,161.717565,20.7814435,0.818773783,0.822180744,172.1843123,56.4132446,22.19593781,泥岩
1503.875,非储层,2.467333146,40.88624979,56.64641707,97.61652703,2.383472972,97.99329648,35.94786638,4.89749716,0.04088625,0.376769448,2.006703524,1.945129233,156.8618673,20.78190041,0.823773132,0.82693574,166.9172751,56.81951082,21.97670607,泥岩
1504,非储层,2.394797768,41.11676713,56.4884351,94.98644845,5.013551548,95.37259575,36.15054103,4.925109329,0.041116767,0.386147296,4.627404252,2.147737233,161.6542261,21.01621852,0.817659055,0.82066922,163.6006802,59.02779937,22.01385265,泥岩
1504.125,非储层,2.383922152,40.052927,57.56315085,96.8538982,3.146101804,97.23158633,35.21519521,4.797678859,0.040052927,0.377688133,2.768413671,2.072477648,142.3329583,21.29462152,0.805055419,0.807873234,171.0074669,56.45894119,22.13172643,泥岩
1504.25,非储层,2.351859507,38.89248312,58.75565737,96.94861515,3.05138485,97.32193909,34.19491378,4.658676857,0.038892483,0.373323939,2.678060911,2.156175829,175.224149,21.51902151,0.802685312,0.805332185,167.0083447,57.56489058,22.11416979,泥岩
1504.375,非储层,2.357943199,38.66740955,58.97464725,95.04186612,4.958133879,95.41526791,33.99702538,4.631716761,0.03866741,0.373401793,4.584732086,2.282489087,187.8216132,21.76994398,0.790947447,0.793497714,170.5876083,58.14040957,21.86993466,泥岩
1504.5,非储层,2.288612639,38.45834976,59.2530376,96.01497233,3.985027665,96.39591385,33.81321655,4.606674853,0.03845835,0.380941518,3.604086147,1.991516236,173.1901098,21.93973168,0.78592126,0.788339598,187.1481978,58.6398964,22.1116225,泥岩
1504.625,非储层,2.302752481,38.31074296,59.38650456,96.37445477,3.625545233,96.76639815,33.68343822,4.588993997,0.038310743,0.391943383,3.23360185,2.233255951,169.2673138,21.85837067,0.789232244,0.791466627,166.9447307,57.81519561,22.06996328,泥岩
1504.75,非储层,2.237895599,39.8789692,57.8831352,96.88291274,3.117087261,97.28280475,35.06224864,4.776841589,0.039878969,0.39989201,2.717195251,2.311433186,156.416056,21.61979984,0.79257918,0.794660805,168.9983551,58.45411734,22.08941167,泥岩
1504.875,非储层,2.249996407,41.24299968,56.50700391,97.58534852,2.414651483,97.99474236,36.26152678,4.940229903,0.041243,0.409393841,2.005257641,2.40548298,163.2345717,21.32595555,0.806734307,0.808693147,173.4673173,56.06415046,21.88396671,泥岩
1505,非储层,2.245013524,41.72085844,56.03412803,94.79151953,5.208480465,95.19673205,36.6816681,4.997469487,0.041720858,0.405212512,4.803267953,2.177338335,163.6717667,21.15902303,0.812510196,0.814391382,176.2965711,56.51278121,22.06300679,泥岩
1505.125,非储层,2.241910619,40.16320052,57.59488886,96.57319658,3.426803416,96.97117876,35.31214952,4.810887805,0.040163201,0.397982179,3.028821236,2.196170126,157.6002465,21.25984016,0.814590235,0.81643558,171.9106835,56.96014836,22.00005779,泥岩
1505.25,非储层,2.25959056,38.86811114,58.8722983,94.32183434,5.678165659,94.72857327,34.17348553,4.655757496,0.038868111,0.406738934,5.271426725,2.089993213,163.575904,21.43272039,0.810545594,0.812392462,164.1201143,57.99070891,21.99615612,泥岩
1505.375,非储层,2.27173575,39.3973691,58.33089515,96.46536031,3.534639689,96.87579636,34.63881788,4.719153855,0.039397369,0.410436052,3.124203637,2.270763251,162.9173013,21.67317858,0.800188625,0.80206167,158.7292028,56.35120065,21.85217343,泥岩
1505.5,非储层,2.261590881,39.09016349,58.64824563,95.21480848,4.785191517,95.6203299,34.36871763,4.682355699,0.039090163,0.405521416,4.379670101,2.419776562,166.651198,21.8294932,0.800511488,0.802331333,169.8211756,58.07115281,21.82876344,泥岩
1505.625,非储层,2.25501135,38.56463166,59.18035699,93.89345086,6.106549145,94.30104841,33.90666136,4.619405669,0.038564632,0.407597559,5.698951586,2.258816931,170.4734066,21.96321118,0.797161908,0.799039351,166.4993941,56.67165576,22.01269725,泥岩
1505.75,非储层,2.319707388,37.39711083,60.28318178,93.63340522,6.366594779,94.04011282,32.88015775,4.479555964,0.037397111,0.406707597,5.959887182,2.370638733,166.0580934,22.25745713,0.795502308,0.797354315,181.123224,59.269612,21.89647682,泥岩
1505.875,非储层,2.295614372,36.34869939,61.35568624,92.55612469,7.443875313,92.96127547,31.95837709,4.353973597,0.036348699,0.405150783,7.03872453,2.143149002,166.8131571,22.6585133,0.781648363,0.783490814,183.5701824,59.05684416,21.94193289,泥岩
1506,非储层,2.229181789,34.78256196,62.98825625,95.24056798,4.759432019,95.64258627,30.58140319,4.166376209,0.034782562,0.402018293,4.357413726,2.169363669,171.2028293,23.06918738,0.770899294,0.772695357,168.0055618,58.77310904,22.05036655,泥岩
1506.125,非储层,2.179722747,34.24658392,63.57369333,92.40738039,7.592619609,92.79748193,30.11016244,4.102174897,0.034246584,0.390101543,7.202518065,2.126331643,180.7116176,23.41444833,0.758343259,0.760004939,168.5687072,59.64831382,22.1906306,泥岩
1506.25,非储层,2.150217646,33.79168649,64.05809586,94.17608829,5.823911709,94.57621295,29.71020911,4.047685701,0.033791686,0.400124661,5.423787048,2.333716925,182.5386423,23.65442087,0.744157701,0.745802412,177.6649219,58.99517878,22.08482712,泥岩
1506.375,非储层,2.188508932,33.73579425,64.07569682,95.48719073,4.512809271,95.87861256,29.66106772,4.040990734,0.033735794,0.391421829,4.121387442,2.211902029,189.7945368,23.91031155,0.738817635,0.740414769,187.3815617,59.17033104,21.91711133,泥岩
1506.5,非储层,2.152618941,32.1291878,65.71819326,94.04858578,5.951414222,94.43605793,28.24851279,3.848545827,0.032129188,0.387472153,5.563942069,2.342100805,186.5084279,24.24947331,0.728774365,0.730367526,187.2961915,61.69070876,22.01446596,泥岩
1506.625,非储层,2.126240301,30.63166203,67.24209767,92.23634115,7.763658853,92.61819463,26.93186338,3.669166983,0.030631662,0.381853483,7.38180537,2.282787492,188.3749008,24.39384735,0.731512901,0.73311315,186.4109108,60.12216064,22.08042213,泥岩
1506.75,非储层,2.182816838,32.32757181,65.48961135,90.83061268,9.169387322,91.22144689,28.42293528,3.872308954,0.032327572,0.390834216,8.778553107,2.101712989,186.879459,24.44821475,0.739520298,0.741017987,196.7158547,61.50765823,22.13621902,泥岩
1506.875,非储层,2.169871818,33.3306955,64.49943268,91.0143373,8.985662705,91.41048633,29.30489821,3.992466597,0.033330695,0.39614903,8.589513674,2.195081838,178.8416452,24.17149281,0.756464937,0.757809236,187.6032506,59.12614553,22.11617615,泥岩
1507,非储层,2.118289307,35.28104488,62.60066582,90.43610452,9.563895475,90.83593323,31.0196776,4.226086227,0.035281045,0.399828701,9.164066774,2.49238335,182.4205947,23.8605078,0.76628098,0.767559291,189.6289167,57.79363284,22.14568872,泥岩
1507.125,非储层,2.11961718,34.00266846,63.87771436,92.13042071,7.869579293,92.52341286,29.89570794,4.072957855,0.034002668,0.392992154,7.476587139,2.266613218,188.6774062,23.63247944,0.767951115,0.769111884,190.4194061,59.51649091,22.64092397,泥岩
1507.25,非储层,2.069422372,34.793272,63.13730563,93.42539382,6.574606176,93.82961698,30.59081963,4.167659095,0.034793272,0.404223152,6.170383024,2.209474209,170.3671907,23.41230164,0.765881211,0.766963118,176.6481876,58.88844517,22.69835669,泥岩
1507.375,非储层,2.057378896,35.65348855,62.28913256,95.26661187,4.733388132,95.67407847,31.34713624,4.270698825,0.035653489,0.407466604,4.325921528,2.414291206,187.7584039,23.3081293,0.754284955,0.755426778,168.2706968,58.43225964,22.45832632,泥岩
1507.5,非储层,2.081181102,36.19399004,61.72482886,97.26594567,2.734054332,97.67529677,31.82235407,4.335441973,0.03619399,0.409351099,2.324703232,2.304082648,177.4103054,23.12924951,0.754934771,0.75608132,180.5275527,58.12166866,22.54530958,泥岩
1507.625,非储层,2.11685353,35.85267148,62.03047498,94.50101257,5.498987435,94.90393841,31.52226116,4.29455765,0.035852671,0.402925846,5.096061589,2.22634837,177.0301933,22.90559461,0.763955514,0.76508512,182.2839859,60.11914433,22.04302429,泥岩
1507.75,非储层,2.060771696,37.24057267,60.69865563,92.81136254,7.188637459,93.20617213,32.74252682,4.46080528,0.037240573,0.394809591,6.793827867,2.195649102,156.7514865,22.79178323,0.774566448,0.77560523,178.6732068,57.83739292,22.16606311,泥岩
1507.875,非储层,2.011947631,37.02737472,60.96067765,92.28263183,7.717368168,92.68181871,32.55507966,4.435267687,0.037027375,0.399186876,7.318181292,2.093710179,165.3898445,22.58387999,0.797555407,0.798374389,165.8816259,58.24871594,21.9922897,泥岩
1508,非储层,1.97444459,38.7706427,59.25491271,90.46291938,9.537080623,90.85976877,34.08778967,4.644082388,0.038770643,0.396849391,9.140231231,2.170577647,169.5484671,22.47360599,0.805634693,0.806243747,173.6850319,59.65357907,22.01895609,泥岩
1508.125,非储层,1.919412478,37.27835236,60.80223516,92.70032996,7.299670043,93.09171661,32.77574335,4.465330662,0.037278352,0.391386649,6.908283394,2.188603442,168.6364634,22.55315167,0.808704309,0.80917525,165.9410291,57.98383713,21.99877537,泥岩
1508.25,非储层,1.938136918,36.56626956,61.49559353,90.36378801,9.636211992,90.74837946,32.14966838,4.380034908,0.03656627,0.384591447,9.251620545,2.171350472,171.7922616,22.4925403,0.813405799,0.813762295,164.0965378,58.24711595,22.07142504,泥岩
1508.375,非储层,1.880424314,37.82632334,60.29325234,91.27497086,8.725029141,91.65836103,33.25752849,4.530968532,0.037826323,0.383390167,8.341638974,2.184955555,175.1311377,22.66183423,0.803841157,0.804152132,169.5625554,58.32402416,22.06341091,泥岩
1508.5,非储层,1.845191355,37.00100417,61.15380447,91.89340548,8.106594525,92.2747256,32.53189424,4.432108932,0.037001004,0.381320129,7.725274396,2.291042605,166.7661709,22.72627607,0.80717689,0.807414765,170.8728407,59.75784483,22.09759117,泥岩
1508.625,非储层,1.854886168,36.71151608,61.43359775,90.33643192,9.663568082,90.71581179,32.27737152,4.397433041,0.036711516,0.37937987,9.284188212,2.016635033,166.1192776,22.78476595,0.803171587,0.803418605,176.5372132,60.29894249,22.08798783,泥岩
1508.75,非储层,1.891159708,35.94530983,62.16353047,91.20800835,8.791991645,91.57828428,31.60371032,4.305654192,0.03594531,0.370275921,8.421715724,2.150481942,164.292956,22.95197607,0.801663415,0.801955262,176.9159146,59.16955726,21.91742937,泥岩
1508.875,非储层,1.895552288,36.06729882,62.03714889,89.40024844,10.59975156,89.76030568,31.71096507,4.320266458,0.036067299,0.360057241,10.23969432,2.208830023,184.2910131,22.96486468,0.812322504,0.812619468,188.6592574,58.89013658,21.76084156,泥岩
1509,非储层,1.880370497,36.97820326,61.14142624,87.34808631,12.65191369,87.70344632,32.5118473,4.429377759,0.036978203,0.355360007,12.29655368,2.097089955,181.806591,22.82579286,0.824754182,0.825052746,184.2489548,56.98203279,21.89207881,泥岩
1509.125,非储层,1.871062908,38.29426335,59.83467374,87.45113208,12.54886792,87.80704156,33.66894908,4.587020013,0.038294263,0.355909478,12.19295844,2.203767401,171.7146369,22.52321938,0.851699211,0.851823136,170.0661098,58.28716865,21.862599,泥岩
1509.25,非储层,1.852380531,39.43758208,58.71003738,85.18839241,14.81160759,85.55414011,34.6741738,4.723970706,0.039437582,0.365747704,14.44585989,2.03978924,166.6577237,22.125732,0.883770509,0.883668786,182.1469809,57.92571986,22.02159396,泥岩
1509.375,非储层,1.852690972,40.58751021,57.55979882,83.36677529,16.63322471,83.73438759,35.68520961,4.861713095,0.04058751,0.367612295,16.26561241,2.217679582,161.1451904,21.85827535,0.908446964,0.908114349,151.4103492,57.424611,22.18183255,泥岩
1509.5,非储层,1.808659712,40.07438087,58.11695942,82.41747998,17.58252002,82.78302664,35.23405781,4.800248679,0.040074381,0.365546661,17.21697336,2.235485164,173.8700436,21.87004619,0.924713152,0.924170028,171.1986476,57.58172635,21.91577365,泥岩
1509.625,非储层,1.786505121,38.41007615,59.80341873,81.52600409,18.47399591,81.88115664,33.7707736,4.600892472,0.038410076,0.355152552,18.11884336,2.120056833,174.7163153,21.95311397,0.926271716,0.925621468,176.1957923,58.02985881,22.97630971,泥岩
1509.75,非储层,1.743233459,38.66942652,59.58734002,83.45575264,16.54424736,83.81228348,33.99879873,4.631958362,0.038669427,0.356530843,16.18771652,2.285766329,172.1528363,22.00241437,0.917627179,0.916967727,168.3025691,58.8402284,23.03199499,泥岩
1509.875,非储层,1.717961657,40.08252744,58.19951091,85.62133224,14.37866776,85.96888171,35.24122041,4.801224503,0.040082527,0.347549474,14.03111829,2.214960984,158.403261,21.9531854,0.904189692,0.9036317,172.83657,57.87140978,24.04572635,泥岩
1510,非储层,1.74165069,40.4923842,57.76596511,87.84456446,12.15543554,88.19572905,35.60157325,4.850318571,0.040492384,0.35116459,11.80427095,2.060135483,153.9073535,21.71007062,0.893555965,0.893070905,171.4630074,57.60483289,24.03180901,泥岩
1510.125,非储层,1.704351763,40.88075361,57.41489462,88.87715974,11.12284026,89.23281687,35.94303405,4.896838809,0.040880754,0.355657136,10.76718313,2.162708698,156.2498422,21.6081517,0.888671755,0.888192359,171.9026653,57.16843645,22.85305294,泥岩
1510.25,非储层,1.686028835,39.7185586,58.59541256,86.69206872,13.30793128,87.05210479,34.92121299,4.75762705,0.039718559,0.360036073,12.94789521,2.092254318,154.9458981,21.48538532,0.884781264,0.884244852,167.6797261,58.01500747,23.17271985,泥岩
1510.375,非储层,1.642113395,41.37234576,56.98554084,88.9396259,11.0603741,89.30768264,36.37524999,4.955723426,0.041372346,0.368056742,10.69231736,2.020037581,162.0334131,21.28668161,0.886128108,0.885541879,162.1854408,56.45009421,21.84624677,泥岩
1510.5,非储层,1.669102168,42.62045222,55.71044562,90.51405543,9.485944573,90.87593845,37.47260581,5.105225957,0.042620452,0.361883025,9.124061548,2.252075007,161.4557007,21.18134141,0.883115076,0.882468469,170.1720853,56.81028586,22.02793058,泥岩
1510.625,非储层,1.621557461,42.00521582,56.37322672,91.75266318,8.247336815,92.12423022,36.93167981,5.031530803,0.042005216,0.371567038,7.875769778,2.22348647,152.6544818,20.92324879,0.883253037,0.882574585,165.2075089,57.41888578,22.07649554,泥岩
1510.75,非储层,1.584499303,42.47685428,55.93864642,90.71434383,9.285656166,91.07805927,37.34635212,5.088025296,0.042476854,0.363715434,8.921940732,2.236948203,152.084921,20.79162564,0.889966465,0.889210575,165.5434154,56.81167837,21.99108333,泥岩
1510.875,非储层,1.57942203,42.85422066,55.56635731,88.57734128,11.42265872,88.94745123,37.67813888,5.133227553,0.042854221,0.370109949,11.05254877,2.105427972,166.8659097,20.87870015,0.88527451,0.88441145,157.0616145,56.80860831,22.84316349,泥岩
1511,非储层,1.580530773,41.73987197,56.67959726,90.91810685,9.081893153,91.29867731,36.6983851,4.999746993,0.041739872,0.380570459,8.701322693,2.152117017,150.8208563,20.98285134,0.884553948,0.88359766,158.5448046,56.1583939,22.9308587,泥岩
1511.125,非储层,1.540475408,40.98301784,57.47650675,90.36728753,9.632712474,90.74158664,36.03294645,4.909088374,0.040983018,0.37429911,9.258413365,2.219033514,165.7093578,21.17035156,0.882381184,0.881301459,174.4861809,56.21834337,22.92539527,泥岩
1511.25,非储层,1.508251445,40.56671858,57.92502997,88.55891367,11.44108633,88.93582879,35.66692926,4.859222602,0.040566719,0.376915122,11.06417121,2.013098488,165.82423,21.36484368,0.869791762,0.86872045,166.0876368,58.67930216,22.85096793,泥岩
1511.375,非储层,1.512718336,40.76169705,57.72558462,90.22538369,9.774616315,90.59132739,35.83835755,4.8825778,0.040761697,0.36594371,9.408672605,2.175445286,165.6427762,21.30730393,0.870777976,0.869704105,166.4569069,58.24775029,22.13332252,泥岩
1511.5,非储层,1.557772787,42.36584495,56.07638227,91.48255296,8.517447041,91.85923735,37.24875089,5.074728213,0.042365845,0.376684393,8.140762648,2.17954407,158.485835,21.21215118,0.865163897,0.864192635,163.5197247,57.71919035,21.89839174,泥岩
1511.625,非储层,1.593605941,41.86549537,56.54089869,94.18338138,5.816618619,94.56106902,36.80883527,5.014794601,0.041865495,0.377687636,5.438930983,1.932652255,150.9514085,20.9605757,0.863958806,0.863100072,161.4311581,55.84927303,22.18365095,泥岩
1511.75,非储层,1.554839964,43.13030778,55.31485226,93.11596521,6.884034788,93.49168498,37.92087924,5.166298229,0.043130308,0.375719766,6.508315022,2.329923324,155.2646132,20.59107463,0.866804275,0.866020532,167.7529505,57.19459524,22.14797657,泥岩
1511.875,非储层,1.527510709,44.61270869,53.8597806,95.31491189,4.685088113,95.68370008,39.22423062,5.343865365,0.044612709,0.368788196,4.316299918,2.345309671,165.4019116,20.43766644,0.864557394,0.863845653,160.7233862,55.74940763,22.00823013,泥岩
1512,非储层,1.562873032,43.92713935,54.50998762,94.99794553,5.00205447,95.37030674,38.62146672,5.261745485,0.043927139,0.372361214,4.629693256,2.121645804,156.7744927,20.20301703,0.873357852,0.87267171,151.8166468,55.54205557,22.08710952,泥岩
1512.125,非储层,1.593963919,44.39021736,54.01581872,94.63025495,5.369745055,94.99445937,39.02861256,5.317214579,0.044390217,0.364204428,5.005540627,2.165507295,146.4796335,20.01924858,0.874860672,0.874224766,166.9951901,55.9487577,22.06810609,泥岩
1512.25,非储层,1.550771308,45.05173476,53.39749393,95.73914779,4.260852207,96.10823232,39.61022959,5.396453434,0.045051735,0.36908453,3.891767678,2.245060561,144.5870103,20.09578118,0.872233368,0.871590923,165.6137298,56.03096831,21.91487576,泥岩
1512.375,非储层,1.516065979,43.80278659,54.68114743,95.03664763,4.963352369,95.40401359,38.51213372,5.246850079,0.043802787,0.367365962,4.595986406,2.16211602,168.1238516,20.24318723,0.86501566,0.864318187,177.0424805,57.0211025,21.94205711,泥岩
1512.5,非储层,1.480458152,42.39505022,56.12449163,95.47556311,4.524436889,95.85069965,37.27442865,5.078226522,0.04239505,0.375136534,4.149300354,2.174044414,147.5330701,20.42941289,0.85018411,0.849410333,178.3648659,56.02770235,22.12053818,泥岩
1512.625,非储层,1.467823229,42.41258318,56.11959359,97.67461474,2.325385261,98.05557624,37.28984391,5.080326681,0.042412583,0.380961498,1.944423763,1.994423257,162.6061074,20.75676028,0.833745737,0.832939014,167.1925539,56.37831903,21.93649038,泥岩
1512.75,非储层,1.50973802,41.51778654,56.97247544,96.9780732,3.0219268,97.36617025,36.50312392,4.973144828,0.041517787,0.388097048,2.633829752,2.093707689,170.5686648,20.93907129,0.820994347,0.820190391,166.0445221,56.6522428,22.1534708,泥岩
1512.875,非储层,1.515702566,41.77297236,56.71132508,97.31843778,2.681562218,97.70840298,36.72748751,5.003711873,0.041772972,0.389965197,2.29159702,2.12826475,161.9435739,20.86295415,0.821082555,0.820267028,165.8078838,57.13947818,22.65712573,泥岩
1513,非储层,1.490342165,43.17608952,55.33356831,96.76361722,3.236382785,97.1554241,37.96113131,5.171782125,0.04317609,0.391806883,2.844575902,2.324089056,154.0929472,20.87296729,0.822131109,0.821341975,163.394695,57.42516828,22.705669,泥岩
1513.125,非储层,1.519179609,42.27319066,56.20762973,97.00999527,2.990004728,97.39272259,37.16728771,5.063629761,0.042273191,0.382727321,2.607277408,2.101288277,155.5967548,20.81916435,0.825745772,0.824970591,165.3056461,57.29811283,22.97906462,泥岩
1513.25,非储层,1.507314982,42.11901711,56.37366791,96.31440032,3.685599681,96.68798404,37.03173578,5.045162317,0.042119017,0.373583724,3.312015957,2.084694233,162.9483953,20.78457087,0.830323593,0.829528342,165.3338697,57.92274697,22.45527901,泥岩
1513.375,非储层,1.474668148,42.22056488,56.30476697,95.92283182,4.07716818,96.29463981,37.12101825,5.057326061,0.042220565,0.371807988,3.705360191,2.144847888,168.8956069,20.94227461,0.827464489,0.82670479,164.850435,57.22927527,21.92190405,泥岩
1513.5,非储层,1.4710906,41.52683357,57.00207582,95.27317319,4.726826812,95.63535384,36.51107823,4.974228514,0.041526834,0.362180651,4.364646161,2.221929538,170.5788391,20.91761059,0.826308451,0.825555424,165.3370266,56.97742604,21.86822464,泥岩
1513.625,非储层,1.427423487,42.60167767,55.97089884,98.00195389,1.998046114,98.35468391,37.45609891,5.102977076,0.042601678,0.352730022,1.645316092,2.031495774,157.2335668,20.82199491,0.829743738,0.828970477,166.6684427,58.4600292,22.12204929,泥岩
1513.75,非储层,1.408222477,43.23863582,55.3531417,96.54154391,3.458456094,96.88786327,38.01612305,5.179274139,0.043238636,0.346319365,3.112136729,2.229919729,168.3952838,20.58661209,0.837451045,0.836692097,165.9274906,57.13244726,21.84590728,泥岩
1513.875,非储层,1.394398396,44.81711799,53.78848362,96.84972308,3.150276921,97.18711538,39.40395065,5.368350221,0.044817118,0.3373923,2.812884621,2.232474123,154.3499321,20.24412126,0.842873441,0.842176979,149.5104579,57.58154607,22.8683587,泥岩
1514,非储层,1.411671513,45.19301625,53.39531223,99.05905414,0.940945856,99.38977065,39.73444661,5.413376622,0.045193016,0.330716502,0.610229355,2.308115629,151.8240186,20.08036815,0.847164775,0.846474219,166.6710205,57.41356077,23.06162315,泥岩
1514.125,非储层,1.375794528,44.39600573,54.22819975,99.08179848,0.918201521,99.41648464,39.03370179,5.31790793,0.044396006,0.33468616,0.583515361,2.021065591,147.7657647,19.87757634,0.8520115,0.851337233,159.7857288,56.35133754,22.83677247,泥岩
1514.25,非储层,1.378431425,45.42076761,53.20080096,98.1646081,1.835391898,98.49943844,39.93468937,5.440657472,0.045420768,0.334830342,1.500561556,2.022622804,140.3503822,19.75502735,0.8588009,0.858069207,164.4506766,56.73448633,22.79069161,泥岩
1514.375,非储层,1.358025362,46.18770995,52.45426468,96.31597315,3.684026852,96.65901444,40.60899775,5.532524492,0.04618771,0.34304129,3.340985562,2.183851465,157.2829438,19.81442502,0.860314423,0.859510291,161.2261217,57.00401267,22.19932579,泥岩
1514.5,非储层,1.365123272,44.63561,53.99926672,97.32452739,2.675472609,97.66117705,39.24436583,5.346608563,0.04463561,0.336649657,2.338822951,2.083184041,150.4929912,19.75545071,0.868112682,0.867257773,155.6780157,56.59567852,21.8627065,泥岩
1514.625,非储层,1.366779429,45.09477837,53.5384422,96.80796073,3.192039274,97.14512037,39.64807425,5.401609347,0.045094778,0.337159646,2.854879629,1.873692916,152.195122,19.91398595,0.865752633,0.864822209,165.7501746,55.94270164,21.95874856,泥岩
1514.75,非储层,1.330621598,43.7940464,54.875332,96.29287968,3.707120316,96.63654288,38.5044492,5.245803149,0.043794046,0.343663196,3.36345712,2.297095512,156.5672573,20.23158378,0.848121418,0.847186714,158.5175826,55.59366122,22.02044761,泥岩
1514.875,非储层,1.306946541,42.76172174,55.93133172,98.08514338,1.914856623,98.43589423,37.5968123,5.122147711,0.042761722,0.350750848,1.564105774,2.236078935,166.8206775,20.41662312,0.843066425,0.842071613,151.3991356,56.71048317,22.09342304,泥岩
1515,非储层,1.324911526,42.69751559,55.97757289,96.20372066,3.796279345,96.55177168,37.5403612,5.114456876,0.042697516,0.348051029,3.448228315,2.102362879,147.6087188,20.50558055,0.84541177,0.844277046,155.1837477,57.94143762,22.11976575,泥岩
1515.125,非储层,1.28849121,44.26025782,54.45125097,94.2645678,5.735432196,94.62114356,38.91434999,5.301647574,0.044260258,0.35657576,5.378856436,2.143934148,140.9010586,20.5669469,0.848614722,0.847375834,175.6303437,59.44008612,22.87024607,泥岩
1515.25,非储层,1.259394458,43.24650856,55.49409698,93.89667453,6.103325471,94.24804988,38.02304489,5.180217163,0.043246509,0.351375349,5.751950122,2.276772956,154.2016378,20.56378342,0.85989603,0.858533006,160.3594956,55.85686313,22.95815248,泥岩
1515.375,非储层,1.262186668,42.93965997,55.79815337,93.31749407,6.682505935,93.6737006,37.75325854,5.143461771,0.04293966,0.356206535,6.3262994,2.167924346,164.5844066,20.40427166,0.877072322,0.875589133,167.2915353,56.79182806,23.25522542,泥岩
1515.5,非储层,1.292530938,44.5435321,54.16393696,91.98020591,8.019794085,92.33167507,39.16340942,5.335579152,0.044543532,0.35146916,7.668324925,2.119811773,155.6126868,20.25394783,0.893595579,0.892039422,166.2745152,57.23778474,24.0107233,泥岩
1515.625,非储层,1.270928393,45.97999355,52.74907805,90.57726051,9.422739494,90.92368448,40.42637006,5.507643499,0.045979994,0.346423979,9.076315515,2.21113901,143.4851923,20.11124281,0.906839624,0.905232296,168.3986951,57.86460499,22.90672044,泥岩
1515.75,非储层,1.251368928,44.85404524,53.89458583,91.16326891,8.83673109,91.50677695,39.4364177,5.372773496,0.044854045,0.343508041,8.493223048,2.042125727,146.9758847,19.9146207,0.927965998,0.926236754,169.2097911,54.93844091,22.75732603,泥岩
1515.875,非储层,1.224534919,45.19417307,53.58129201,88.6471333,11.3528667,88.99610701,39.7354637,5.413515189,0.045194173,0.348973717,11.00389299,2.131760441,144.7667459,19.89096829,0.931855747,0.930061141,148.8044356,56.47684615,23.80700738,泥岩
1516,非储层,1.209334348,44.89071374,53.89995191,90.92779617,9.072203826,91.27292283,39.46865725,5.377165776,0.044890714,0.345126658,8.727077167,2.182242002,168.8131969,19.98104868,0.92735596,0.925563659,150.7446813,56.62730112,22.79105645,泥岩
1516.125,非储层,1.24230603,45.02778937,53.7299046,90.6647083,9.335291698,91.00657543,39.58917641,5.393585171,0.045027789,0.341867127,8.993424571,2.071267297,146.6938427,19.93385784,0.937768338,0.935914023,167.2031681,58.07811831,22.69176701,泥岩
1516.25,非储层,1.247240031,45.42973648,53.32302349,88.20461942,11.79538058,88.54550892,39.94257495,5.441731793,0.045429736,0.340889501,11.45449108,1.995016981,156.8545246,19.8161654,0.952396058,0.950554063,158.7543106,55.5627336,22.71044008,泥岩
1516.375,非储层,1.284601447,46.48349417,52.23190438,85.69837914,14.30162086,86.02994918,40.86905612,5.567954554,0.046483494,0.331570042,13.97005082,2.028631308,150.4540406,19.64567451,0.979843996,0.977956284,170.6094817,55.68425663,22.12919274,泥岩
1516.5,非储层,1.284243679,46.81225536,51.90350096,84.46329757,15.53670243,84.78671607,41.15810839,5.607334713,0.046812255,0.323418499,15.21328393,1.936359048,144.6402048,19.609253,0.999086773,0.997148174,154.3343937,55.61228141,22.19049161,泥岩
1516.625,非储层,1.24832953,45.54335427,53.2083162,84.64836755,15.35163245,84.96268572,40.04246959,5.455341328,0.045543354,0.314318163,15.03731428,2.278802668,144.1239705,19.561081,1.011738995,1.009769208,159.8761668,55.40597825,22.0958792,泥岩
1516.75,非储层,1.215459194,46.04521796,52.73932284,84.79582187,15.20417813,85.11151876,40.48371644,5.515456306,0.046045218,0.315696883,14.88848124,2.247619189,144.6328782,19.59496426,1.007726789,1.005788267,163.8894315,54.69981573,22.0658042,泥岩
1516.875,非储层,1.207279299,46.15938047,52.63334023,86.43532591,13.56467409,86.74431384,40.58409,5.529131088,0.04615938,0.308987934,13.25568616,2.174867023,144.4746831,19.7207893,1.001805966,0.999868786,173.896759,56.23286276,23.09961548,泥岩
1517,非储层,1.241964055,45.4865876,53.27144834,84.25348433,15.74651567,84.56948754,39.9925594,5.448541619,0.045486588,0.316003211,15.43051246,1.99220321,153.4198342,19.61950759,1.011502357,1.009544783,151.5620169,55.93737899,23.30057523,泥岩
1517.125,非储层,1.274254632,46.64894185,52.07680352,83.28496781,16.71503219,83.59791796,41.01452045,5.587772452,0.046648942,0.312950152,16.40208204,2.120451837,143.4721533,19.58446657,1.023974009,1.02201976,157.0626481,55.83586685,23.11193587,泥岩
1517.25,非储层,1.309520792,46.42749265,52.26298655,81.57428767,18.42571233,81.88451043,40.81981866,5.561246498,0.046427493,0.310222757,18.11548957,2.011000936,163.6126135,19.49701584,1.053219385,1.051172151,155.8316501,55.07473915,23.09789641,泥岩
1517.375,非储层,1.313056124,47.18690514,51.50003873,79.13494646,20.86505354,79.43852297,41.48750667,5.652211566,0.047186905,0.303576506,20.56147703,2.187468799,144.2227745,19.35725859,1.086006484,1.083838546,163.5702463,57.08815577,22.27110876,泥岩
1517.5,非储层,1.281006077,47.12381072,51.59518321,77.09383413,22.90616587,77.39316585,41.43203301,5.644653896,0.047123811,0.299331716,22.60683415,2.0021085,151.6579538,19.24784145,1.11333738,1.111025108,154.9764686,56.10951022,22.0322472,泥岩
1517.625,非储层,1.28040065,47.95311737,50.76648198,77.43694633,22.56305367,77.74300814,42.16117312,5.74399113,0.047953117,0.306061808,22.25699186,2.138744004,149.9346568,19.20059979,1.130073615,1.127599275,153.4133607,54.94117757,21.87019725,泥岩
1517.75,非储层,1.260519319,47.0526916,51.68678908,77.68144272,22.31855728,77.99491416,41.36950391,5.636135001,0.047052692,0.313471443,22.00508584,2.229229513,146.1935777,19.35766623,1.118799766,1.116305832,163.6810639,54.79377406,21.82421999,泥岩
1517.875,非储层,1.264543104,45.5045573,53.23089959,79.80979372,20.19020628,80.11971814,40.00835865,5.450694092,0.045504557,0.30992442,19.88028186,2.15394535,143.2501653,19.44298105,1.109913031,1.107355967,168.7565007,55.35786068,21.99168223,泥岩
1518,非储层,1.229812762,46.2100931,52.56009414,78.11542627,21.88457373,78.43353089,40.62867738,5.535205623,0.046210093,0.31810462,21.56646911,2.10209341,151.1890844,19.64608618,1.103843785,1.101201134,164.8221865,55.56301967,22.15281962,泥岩
1518.125,非储层,1.235770727,45.81544277,52.9487865,75.89441343,24.10558657,76.20996176,40.28169429,5.487933034,0.045815443,0.315548326,23.79003824,2.198567445,164.9127876,19.90021896,1.099750591,1.097016414,173.5414816,56.87114598,22.131228,泥岩
1518.25,非储层,1.23706111,44.37498578,54.38795311,74.97822615,25.02177385,75.29969307,39.01522071,5.315390088,0.044374986,0.321466916,24.70030693,2.232320473,144.3522241,19.95201084,1.106951192,1.104133562,157.7461309,56.58405571,21.82958947,泥岩
1518.375,非储层,1.273752607,44.99766387,53.72858352,77.04301175,22.95698825,77.35830079,39.56268957,5.389976635,0.044997664,0.315289035,22.64169921,1.976328339,141.4678618,20.00048744,1.112810246,1.109985159,171.2995624,56.49382192,22.04221382,泥岩
1518.5,非储层,1.294583485,45.69564988,53.00976664,75.8673353,24.1326647,76.18326969,40.1763704,5.473583825,0.04569565,0.315934397,23.81673031,2.09733746,141.14455,20.04425284,1.105929813,1.103209884,140.5175678,55.96309836,21.96364887,泥岩
1518.625,非储层,1.282251828,45.29120954,53.42653864,77.05969705,22.94030295,77.36716224,39.82077977,5.425138555,0.04529121,0.307465195,22.63283776,2.234709208,160.6185331,19.89623922,1.103709703,1.101129334,157.8148951,56.74969439,22.08555776,泥岩
1518.75,非储层,1.312610206,45.8729234,52.81446639,77.7480238,22.2519762,78.06356172,40.33223221,5.494818264,0.045872923,0.315537923,21.93643828,2.048982269,137.9904746,19.77319574,1.099753089,1.097285975,170.420302,55.17438839,22.06699627,泥岩
1518.875,非储层,1.325246405,46.23205278,52.44270081,80.0070125,19.9929875,80.3202284,40.6479847,5.53783603,0.046232053,0.3132159,19.6797716,2.0293207,146.6903233,19.72787463,1.083681795,1.081422858,163.7055485,56.23885392,22.0667542,泥岩
1519,非储层,1.346415422,46.04219811,52.61138647,80.93984768,19.06015232,81.2473685,40.48106134,5.515094578,0.046042198,0.307520823,18.7526315,2.202142573,152.0509679,19.63246969,1.072318136,1.070249812,175.3202397,56.25246619,21.9858664,泥岩
1519.125,非储层,1.349979452,46.17789254,52.47212801,81.71630967,18.28369033,82.01600495,40.60036612,5.531348528,0.046177893,0.299695286,17.98399505,2.104656453,150.259265,19.6657536,1.062664829,1.060728815,158.6343413,54.64064435,22.1758925,泥岩
1519.25,非储层,1.361331117,45.4347889,53.20387999,79.917364,20.082636,80.22411702,39.94701712,5.44233699,0.045434789,0.306753019,19.77588298,1.977179563,150.697394,19.79317489,1.052458188,1.05060217,157.7228735,57.2160285,22.96155704,泥岩
1519.375,非储层,1.371797946,44.80254866,53.82565339,80.9840089,19.0159911,81.29600393,39.39114106,5.366605056,0.044802549,0.311995037,18.70399607,2.211123708,152.307026,19.93812118,1.038041194,1.036273295,165.5660184,56.42512617,23.24326089,泥岩
1519.5,非储层,1.385139744,44.40202878,54.21283148,83.00295484,16.99704516,83.31272624,39.03899736,5.318629392,0.044402029,0.309771395,16.68727376,2.351313282,157.4925121,20.1062488,1.025921601,1.024217063,167.1095625,56.72340817,23.820639,泥岩
1519.625,非储层,1.388691581,44.31078586,54.30052255,82.73689013,17.26310987,83.03874826,38.95877508,5.307699999,0.044310786,0.301858129,16.96125174,2.034909084,146.9238074,20.23785884,1.013870668,1.012275404,165.8038935,56.40587351,23.73479897,泥岩
1519.75,非储层,1.385657253,43.96122226,54.65312048,81.4512912,18.5487088,81.7461518,38.65143299,5.265828055,0.043961222,0.294860601,18.2538482,2.173690181,144.7946652,20.23156401,1.017547467,1.016000418,171.9216795,56.20551308,22.88236772,泥岩
1519.875,非储层,1.404035138,44.87285257,53.72311229,80.01239918,19.98760082,80.30958648,39.45295341,5.375026303,0.044872853,0.2971873,19.69041352,2.071152014,162.6200419,20.30319645,1.023756515,1.022180306,159.1770241,56.77870105,22.81423098,泥岩
1520,非储层,1.371962226,43.70558858,54.92244919,80.02175752,19.97824248,80.31734175,38.42667563,5.235207364,0.043705589,0.295584228,19.68265825,2.171652075,151.1993454,20.43086042,1.027956956,1.026331672,169.7552226,57.31992487,21.95080022,泥岩
1520.125,非储层,1.365597932,43.01995447,55.6144476,79.53267729,20.46732271,79.82469873,37.82385479,5.153079726,0.043019954,0.29202144,20.17530127,2.046744805,169.1080225,20.65940457,1.016472175,1.014891876,162.4899251,56.98743075,21.80859765,泥岩
1520.25,非储层,1.403420563,41.47493579,57.12164365,81.61642106,18.38357894,81.90942307,36.46544884,4.968012016,0.041474936,0.293002009,18.09057693,2.162003748,164.2582582,21.03077587,0.990559317,0.989108306,155.4987845,57.9266059,21.85283806,泥岩
1520.375,非储层,1.406701518,40.79892181,57.79437667,82.45651855,17.54348145,82.74217143,35.87108618,4.887036712,0.040798922,0.285652884,17.25782857,1.911638612,170.466572,21.31277876,0.970329329,0.969029403,164.7959082,57.28850503,22.15784091,泥岩
1520.5,非储层,1.415686324,40.57839358,58.0059201,82.17402127,17.82597873,82.45573514,35.67719411,4.860621073,0.040578394,0.281713873,17.54426486,2.360174885,176.7641275,21.64632116,0.944932663,0.943802932,173.1371164,57.73928321,22.06589807,泥岩
1520.625,非储层,1.421022082,39.30266685,59.27631107,82.7598042,17.2401958,83.04335712,34.5555541,4.70781009,0.039302667,0.28355292,16.95664288,2.336110663,160.9732571,21.7297111,0.938945778,0.937894204,159.7309402,58.28808475,21.87391157,泥岩
1520.75,非储层,1.419542519,40.54574792,58.03470956,82.34513685,17.65486315,82.62356723,35.64849151,4.856710663,0.040545748,0.27843038,17.37643277,2.147604432,158.3557806,21.60712987,0.939891832,0.938936078,174.7267077,56.66813802,22.16242931,泥岩
1520.875,非储层,1.456261814,42.05395236,56.48978582,83.9698914,16.0301086,84.24235515,36.97452978,5.037368635,0.042053952,0.272463755,15.75764485,2.200307339,172.3562652,21.39526446,0.942612945,0.941688909,165.9720425,56.71287705,21.92823132,泥岩
1521,非储层,1.41258114,42.81701764,55.77040122,84.44722521,15.55277479,84.72682134,37.64542937,5.128771247,0.042817018,0.279596125,15.27317866,2.033062641,161.6415126,21.16253686,0.944473086,0.943577973,159.6312844,56.43193178,22.15333261,泥岩
1521.125,非储层,1.384325171,41.77837869,56.83729614,85.5723684,14.4276316,85.84801109,36.73224085,5.004359462,0.041778379,0.27564269,14.15198891,2.116545892,155.8502964,20.92749819,0.943539886,0.942721609,165.9323518,56.73288553,22.08731688,泥岩
1521.25,非储层,1.421871418,42.99257257,55.58555601,86.22462487,13.77537513,86.496247,37.79978017,5.149799827,0.042992573,0.271622131,13.503753,2.189027355,154.237222,20.96045377,0.935558104,0.934723829,174.5443466,56.47403261,22.20955152,泥岩
1521.375,非储层,1.379883302,41.69920757,56.92090913,86.2110302,13.7889698,86.48402603,36.66263229,4.99487607,0.041699208,0.27299583,13.51597397,2.159180634,154.0516459,20.91637366,0.935512231,0.934730104,166.4633049,57.70563073,21.99569077,泥岩
1521.5,非储层,1.417980171,43.27328609,55.30873374,85.15013717,14.84986283,85.41654839,38.04658814,5.183424668,0.043273286,0.266411224,14.58345161,2.219813644,157.6141862,20.70826028,0.940011754,0.939341319,167.1584245,56.59989526,22.05111208,泥岩
1521.625,非储层,1.453991456,43.93569282,54.61031572,87.29551171,12.70448829,87.55627241,38.62898708,5.26277005,0.043935693,0.260760703,12.44372759,2.145008658,154.8764686,20.48766619,0.955298816,0.954664501,169.1246131,57.18052219,21.91470191,泥岩
1521.75,非储层,1.476029244,45.37585162,53.14811913,84.68624533,15.31375467,84.9463862,39.89519849,5.435277278,0.045375852,0.26014087,15.0536138,2.188032425,168.1497145,20.24163018,0.963982903,0.963438783,162.0526219,56.72757392,21.97788279,泥岩
1521.875,非储层,1.458728476,44.27951758,54.26175394,87.08684079,12.91315921,87.3492488,38.93128349,5.303954575,0.044279518,0.262408011,12.6507512,2.053785979,143.9835322,20.1258771,0.956378998,0.955919279,166.5154215,53.78361527,21.97134554,泥岩
1522,非储层,1.42403025,44.41148352,54.16448623,89.69141615,10.30858385,89.95451312,39.04731012,5.319761914,0.044411484,0.263096967,10.04548688,2.333712431,165.2806974,20.0766395,0.953075776,0.952635634,172.2447127,57.03975865,21.93013465,泥岩
1522.125,非储层,1.455610036,44.41802922,54.12636074,89.27733655,10.72266345,89.5425393,39.05306521,5.320545981,0.044418029,0.265202746,10.4574607,2.129661799,152.9883608,20.16363862,0.939456668,0.939057655,164.7079752,54.71842475,21.92374746,泥岩
1522.25,非储层,1.456408257,44.3729031,54.17068864,87.80113847,12.19886153,88.06183728,39.01338958,5.315140618,0.044372903,0.260698811,11.93816272,2.2126087,173.136094,20.06193332,0.940230957,0.9398459,168.5495114,55.54035135,22.01132264,泥岩
1522.375,非储层,1.441163551,45.3577758,53.20106065,88.51076593,11.48923407,88.77009697,39.87930593,5.433112093,0.045357776,0.259331038,11.22990303,1.98073503,168.0220604,19.86985961,0.958504928,0.958117368,158.3519944,55.80362807,22.0411822,泥岩
1522.5,非储层,1.472386139,46.52521839,52.00239547,86.64026972,13.35973028,86.8975523,40.90574075,5.572952426,0.046525218,0.257282583,13.1024477,2.111383599,143.9577268,19.56093849,0.986499529,0.986082572,153.0729858,55.81916149,22.05803698,泥岩
1522.625,非储层,1.493354638,47.83059143,50.67605394,85.20275763,14.79724237,85.46065957,42.05344629,5.729314547,0.047830591,0.257901941,14.53934043,2.278786241,136.1322078,19.15897935,1.021495422,1.021057458,150.682517,56.48700841,22.09261115,泥岩
1522.75,非储层,1.506197265,48.79094811,49.70285463,83.44844645,16.55155355,83.69923882,42.89780775,5.844349409,0.048790948,0.250792372,16.30076118,2.003218147,143.1706341,18.8683706,1.051997385,1.051546551,138.2306123,54.84774024,21.98905703,泥岩
1522.875,非储层,1.516126535,48.56341198,49.92046148,83.73179811,16.26820189,83.98482573,42.69775423,5.817094341,0.048563412,0.253027619,16.01517427,2.043325169,154.548943,18.78152154,1.073308412,1.072842225,163.5648196,56.20777501,22.05585405,泥岩
1523,非储层,1.544866795,47.54073316,50.91440005,81.62410933,18.37589067,81.87460933,41.79859811,5.694594316,0.047540733,0.250500001,18.12539067,1.960628068,162.8832005,18.8908706,1.073453327,1.073012681,174.5114696,55.97558139,22.3290132,泥岩
1523.125,非储层,1.523429341,46.67490227,51.80166839,83.33552342,16.66447658,83.58328612,41.03734528,5.590882081,0.046674902,0.247762702,16.41671388,2.085876958,132.748541,19.20106711,1.050705292,1.050358621,154.3859563,55.75239012,22.20017148,泥岩
1523.25,非储层,1.559864629,45.35441443,53.08572094,85.20158988,14.79841012,85.45033743,39.87635056,5.432709457,0.045354414,0.248747555,14.54966257,2.222428268,153.8639404,19.34818745,1.036955197,1.036722013,159.5662469,56.10043378,22.26882586,泥岩
1523.375,非储层,1.589360883,46.87754984,51.53308928,85.39619282,14.60380718,85.64491021,41.21551637,5.615155912,0.04687755,0.248717391,14.35508979,2.094223143,165.7840761,19.42583714,1.016061219,1.01597983,159.6516514,56.72846538,21.89767503,泥岩
1523.5,非储层,1.602861889,46.52726697,51.86987114,86.65334353,13.34665647,86.90293454,40.90754189,5.573197812,0.046527267,0.249591008,13.09706546,2.288697692,153.3949561,19.38520615,1.014831842,1.014862616,170.3738689,56.95405872,21.94108454,泥岩
1523.625,非储层,1.632752982,47.01019739,51.35704963,84.37832631,15.62167369,84.62769124,41.33214229,5.631044897,0.047010197,0.249364932,15.37230876,2.236070672,145.3093676,19.34799678,1.0148632,1.014996541,158.3786441,54.84042114,22.05522506,泥岩
1523.75,非储层,1.652522392,45.67347036,52.67400725,85.79667804,14.20332196,86.04200165,40.1568698,5.470927086,0.04567347,0.245323609,13.95799835,2.208688587,150.3311702,19.54428423,0.999151833,0.999340629,154.8267687,55.81307527,21.96477034,泥岩
1523.875,非储层,1.616312526,44.68532674,53.69836073,87.25410244,12.74589756,87.50366756,39.28807761,5.352563807,0.044685327,0.249565124,12.49633244,2.059680296,159.7106202,19.79931993,0.977811566,0.978045101,153.6250555,55.788456,21.94978195,泥岩
1524,非储层,1.588786649,43.69804451,54.71316884,89.73259617,10.26740383,89.9799487,38.42004275,5.234303708,0.043698045,0.247352531,10.0200513,2.163142191,151.6469275,20.18055998,0.94336328,0.943676473,166.4621884,56.09087403,21.98454963,泥岩
1524.125,非储层,1.615566776,42.75631296,55.62812026,89.6772796,10.3227204,89.92515787,37.59205682,5.12149983,0.042756313,0.247878268,10.07484213,2.147300077,158.8925148,20.42766112,0.918056842,0.918433774,164.0420272,56.85600436,22.14334239,泥岩
1524.25,非储层,1.630615235,42.88704386,55.4823409,90.55587327,9.444126731,90.79770205,37.70699759,5.137159231,0.042887044,0.241828785,9.202297946,2.253331869,155.6957001,20.50845609,0.90661938,0.907093519,157.4266482,55.95431579,21.92272563,泥岩
1524.375,非储层,1.648387295,43.7126745,54.63893821,89.9542086,10.0457914,90.19347311,38.43290568,5.236056139,0.043712674,0.23926451,9.806526886,2.130124313,164.8042198,20.37006419,0.90615376,0.906739933,169.1585399,56.7192519,21.89413653,泥岩
1524.5,非储层,1.648972094,45.07618417,53.27484374,92.2470379,7.752962099,92.48492832,39.63172591,5.399382069,0.045076184,0.237890416,7.515071683,1.981365485,153.8324858,20.26949184,0.900870045,0.901533427,156.9359743,57.8622292,22.04743992,泥岩
1524.625,非储层,1.601082582,43.75470117,54.64421624,93.39950426,6.600495743,93.63065243,38.46985623,5.241090241,0.043754701,0.231148174,6.369347569,2.179324633,167.0589079,20.21282921,0.8912188,0.8919338,165.2452661,55.21451612,23.09882229,泥岩
1524.75,非储层,1.603664592,43.39129356,55.00504185,95.35455697,4.645443034,95.58997976,38.15034225,5.197560013,0.043391294,0.235422794,4.41002024,2.042105057,149.4018641,20.33848537,0.877968644,0.878657345,161.5423968,55.74573054,23.1943699,泥岩
1524.875,非储层,1.555946305,42.34880978,56.09524391,92.98222312,7.017776881,93.21624548,37.23377329,5.072687682,0.04234881,0.234022364,6.783754517,2.238595915,154.729605,20.68711231,0.858406231,0.859069761,169.867264,57.42336246,23.10892468,泥岩
1525,非储层,1.584638227,41.31169755,57.10366422,94.10177469,5.898225305,94.33615486,36.32192708,4.948458773,0.041311698,0.234380161,5.663845144,2.048825691,151.182073,20.85531277,0.844825353,0.845537121,164.9658275,58.4293774,23.16505831,泥岩
1525.125,非储层,1.619881887,41.8451522,56.53496591,96.12802019,3.871979808,96.35825871,36.79094923,5.012357826,0.041845152,0.230238522,3.641741286,2.177883711,168.9690324,21.00114994,0.839245915,0.839959063,161.696468,57.34398309,21.86739973,泥岩
1525.25,非储层,1.583129024,41.83758093,56.57929005,95.19580036,4.804199638,95.4220625,36.78429244,5.011450912,0.041837581,0.226262136,4.577937502,2.171171882,168.1259254,21.16132795,0.827886575,0.828649872,170.8667099,57.18424888,21.85502308,泥岩
1525.375,非储层,1.550950985,40.56680846,57.88224056,95.07389719,4.926102813,95.29514932,35.66700828,4.859233367,0.040566808,0.221252131,4.704850682,2.190899126,165.3486306,21.36580881,0.812059437,0.812890637,176.8294709,57.809671,22.1022088,泥岩
1525.5,非储层,1.588565271,38.99954573,59.41188899,97.7527693,2.247230696,97.97573345,34.289045,4.671501189,0.038999546,0.222964142,2.024266554,2.293832014,173.250466,21.72087296,0.795650116,0.796527138,162.8758448,57.10864818,22.19837304,泥岩
1525.625,非储层,1.625660232,37.95929426,60.41504551,97.66229449,2.337705505,97.88139459,33.37443872,4.54689625,0.037959294,0.2191001,2.118605405,2.157704561,172.6840471,22.06966034,0.776927852,0.777886075,178.7011722,56.89636527,22.05252682,泥岩
1525.75,非储层,1.635811349,37.94678357,60.41740508,97.82924727,2.17075273,98.05163244,33.36343911,4.545397676,0.037946784,0.222385166,1.948367564,2.237358157,161.2974441,22.2702267,0.76877736,0.769812561,175.7418069,57.40930824,22.0480925,泥岩
1525.875,非储层,1.636742104,38.31346978,60.04978811,95.3851615,4.614838503,95.60608497,33.68583569,4.589320626,0.03831347,0.220923477,4.393915026,2.269399102,168.0654069,22.30806032,0.768618435,0.769676794,177.9268468,58.06761537,22.06295889,泥岩
1526,非储层,1.613641617,38.58260418,59.8037542,97.18828191,2.811718086,97.40759105,33.9224631,4.62155848,0.038582604,0.219309136,2.59240895,2.386929383,161.1564281,22.12333606,0.77619972,0.777232617,175.6549593,58.05199309,22.04694182,泥岩
1526.125,非储层,1.600424526,39.99298009,58.40659538,97.18324838,2.816751621,97.40143209,35.1624889,4.79049821,0.03999298,0.218183709,2.598567912,2.195002678,145.7197972,22.01314998,0.785066658,0.786039391,167.7275827,58.35007976,22.11015325,泥岩
1526.25,非储层,1.581514725,39.25070639,59.16777889,95.53306023,4.46693977,95.75169129,34.5098696,4.701586085,0.039250706,0.218631055,4.248308715,1.991349414,165.2558396,21.79618782,0.793089039,0.794029412,180.3154426,56.95410258,22.08680882,泥岩
1526.375,非储层,1.588603593,40.70217856,57.70921785,95.38845001,4.611549985,95.60472585,35.78602791,4.875448469,0.040702179,0.216275833,4.395274152,2.19628558,161.0188521,21.589994,0.802069352,0.802995363,178.4443547,56.8930052,21.98409533,泥岩
1526.5,非储层,1.601183579,40.84137561,57.55744081,96.52479333,3.47520667,96.74223489,35.90841226,4.892121976,0.040841376,0.217441559,3.257765111,2.223439975,165.904999,17.28891061,2.229384872,2.189555068,145.5515118,53.54159889,22.10364404,泥岩
1526.625,油水同层,10.57941424,81.85982391,7.560761852,65.49597317,34.50402683,79.50687549,78.50015695,3.277807138,0.081859824,14.01090232,20.49312451,2.466849401,136.7242431,12.87346132,3.614758823,3.549535653,118.8433306,48.97753178,22.15747452,细砂岩
1526.75,油水同层,10.6323193,81.90672477,7.460955929,67.15200011,32.84799989,81.31441358,78.54513292,3.279685128,0.081906725,14.16241347,18.68558642,2.330382903,137.6478034,8.621830859,4.997674981,4.912546815,96.3048299,46.52967437,22.11982277,细砂岩
1526.875,油水同层,10.94855161,81.60439243,7.447055958,66.21923775,33.78076225,80.38280428,78.25520882,3.267579225,0.081604392,14.16356653,19.61719572,2.488557088,120.2510167,4.3544715,6.377910506,6.288704301,73.73649567,41.55973326,21.87718867,细砂岩
1527,油水同层,11.0510558,81.70940752,7.239536681,67.08923204,32.91076796,81.30803778,78.3559139,3.271784208,0.081709408,14.21880574,18.69196222,2.193503893,108.1164741,4.28274206,6.329079711,6.281476522,62.20582972,43.15266113,22.14623714,细砂岩
1527.125,油水同层,10.83426487,81.96575333,7.199981796,68.13161198,31.86838802,82.15882946,78.60173885,3.282048733,0.081965753,14.02721748,17.84117054,2.063966276,109.4011682,4.252728159,6.293611387,6.274436193,71.68821143,40.48616401,21.92626789,细砂岩
1527.25,油水同层,10.84119393,81.86662678,7.292179287,68.55898127,31.44101873,82.53401223,78.50668062,3.278079536,0.081866627,13.97503096,17.46598777,2.15604181,108.7259314,4.239721167,6.267353936,6.277414473,51.21817141,41.48555856,22.00137501,细砂岩
1527.375,油水同层,11.08675493,81.57793784,7.335307231,67.2112228,32.7887772,80.83144726,78.22983996,3.266519938,0.081577938,13.62022446,19.16855274,2.244072107,131.650817,4.281245338,6.280770559,6.312696215,67.78360773,42.8244961,21.94330906,细砂岩
1527.5,油水同层,11.3645699,81.4548461,7.180584002,66.03845747,33.96154253,79.58478724,78.11180012,3.261591135,0.081454846,13.54632977,20.41521276,2.247571316,124.4411069,4.332886206,6.244760257,6.294029747,67.86774136,42.89243968,22.05090217,细砂岩
1527.625,油水同层,11.33855541,81.35834593,7.303098667,67.29446373,32.70553627,81.03981603,78.01926048,3.257727103,0.081358346,13.7453523,18.96018397,2.230087619,128.1044138,4.39272438,6.263571404,6.307719879,69.26474751,43.37744522,22.01786414,细砂岩
1527.75,油水同层,11.24937909,81.4000168,7.350604115,66.44672041,33.55327959,80.56488755,78.05922111,3.259395676,0.081400017,14.11816714,19.43511245,2.179119944,115.5759216,4.425015087,6.29031326,6.326716148,63.118541,42.62356349,22.22389181,细砂岩
1527.875,油水同层,11.48065598,81.25550322,7.263840798,65.56692864,34.43307136,79.71816603,77.92063861,3.253609105,0.081255503,14.15123738,20.28183397,2.043915078,129.0810033,4.438981645,6.289867502,6.306374509,69.00311643,41.6471302,22.21500727,细砂岩
1528,油水同层,11.45040192,81.27412398,7.275474108,65.35547712,34.64452288,79.51759976,77.93849514,3.254354712,0.081274124,14.16212264,20.48240024,2.053280562,114.5452737,4.510855901,6.354691682,6.350707499,66.11298987,41.47129084,22.31952125,细砂岩
1528.125,油水同层,11.516248,81.10224638,7.381505617,64.38021964,35.61978036,78.17693307,77.77367169,3.24747244,0.081102246,13.79671344,21.82306693,2.169201645,115.486313,4.564589742,6.347346861,6.336368921,65.8874062,42.89382547,22.35479063,细砂岩
1528.25,油水同层,11.39363168,81.03407106,7.57229726,65.22800937,34.77199063,79.19562014,77.70829441,3.244742584,0.081034071,13.96761077,20.80437986,2.274035003,106.3585931,4.615629623,6.342495759,6.312202864,72.48897478,43.33293667,22.04240533,细砂岩
1528.375,油水同层,11.55202664,80.91545919,7.532514174,64.27518356,35.72481644,78.56799299,77.59455057,3.239993162,0.080915459,14.29280943,21.43200701,2.348706099,122.6714553,4.628556857,6.336464977,6.296630232,55.84488471,43.61778101,21.90405701,细砂岩
1528.5,油水同层,11.55071979,81.1033733,7.34590691,64.92990356,35.07009644,79.42357838,77.77475237,3.247517564,0.081103373,14.49367481,20.57642162,2.19478398,115.9997495,4.649973932,6.294166153,6.246396554,56.92775239,42.05272615,22.0757148,细砂岩
1528.625,油水同层,11.81586776,80.64919972,7.534932521,64.15715158,35.84284842,78.52601207,77.33921884,3.229331678,0.0806492,14.36886049,21.47398793,2.308177371,123.129805,4.656602117,6.22653357,6.196983928,68.3752584,41.16974643,22.06083705,细砂岩
1528.75,油水同层,12.1194452,80.36296903,7.51758577,65.62072234,34.37927766,80.22329953,77.06473555,3.217870512,0.080362969,14.60257719,19.77670047,2.19230356,129.1039587,4.702736327,6.162270325,6.148124709,55.87177161,41.84373964,21.96022329,细砂岩
1528.875,油水同层,12.15917717,80.16510226,7.675720573,63.99914216,36.00085784,78.37225447,76.87498957,3.209947589,0.080165102,14.37311231,21.62774553,2.056114864,114.0742311,4.838961517,6.100774455,6.087625308,69.15847525,43.10705753,21.90888378,细砂岩
1529,油水同层,12.51671304,79.71912985,7.764157114,62.40172432,37.59827568,76.98032929,76.44732062,3.192090092,0.07971913,14.57860497,23.01967071,2.082303224,122.1239876,4.9547191,6.140787885,6.127723579,70.32646822,42.22552734,22.19459759,细砂岩
1529.125,油水同层,12.57494759,79.84770609,7.577346321,60.82705118,39.17294882,75.05391089,76.57061988,3.197238504,0.079847706,14.22685971,24.94608911,2.137152123,111.6001,5.06660785,6.274640917,6.242845839,74.9181924,41.88857037,22.12069005,细砂岩
1529.25,油水同层,12.26637702,80.22810446,7.505518524,61.23873514,38.76126486,75.21289781,76.93540605,3.212470304,0.080228104,13.97416267,24.78710219,2.298968616,114.1341458,5.109580594,6.3442526,6.315843739,75.7020167,42.59125563,22.05512107,细砂岩
1529.375,油水同层,12.47353305,80.06255606,7.463910893,61.97381527,38.02618473,76.17854543,76.77665204,3.205841464,0.080062556,14.20473016,23.82145457,2.186953338,129.0436056,5.091898048,6.49748723,6.464369014,69.49083452,43.9410244,22.01370104,细砂岩
1529.5,油水同层,12.12853366,80.55138993,7.320076411,60.86824389,39.13175611,74.90757572,77.24542333,3.225415207,0.08055139,14.03933183,25.09242428,2.265265671,132.6629957,5.060486591,6.581453621,6.556689556,66.90550844,42.68469179,21.97972814,细砂岩
1529.625,油水同层,12.33578533,80.43296017,7.231254498,60.56717305,39.43282695,74.4048309,77.13185413,3.220673077,0.08043296,13.83765784,25.5951691,2.232299605,135.1237729,5.036803025,6.625612635,6.617417789,68.45369931,42.95804568,22.1309773,细砂岩
1529.75,油水同层,12.19590037,80.57163355,7.232466074,61.3583594,38.6416406,74.95448261,77.26483612,3.226225796,0.080571634,13.59612321,25.04551739,2.22185399,106.7972606,5.043590776,6.717217625,6.708685033,69.20584496,43.86475599,21.7759833,细砂岩
1529.875,油水同层,12.20955906,80.50114288,7.289298067,60.83364534,39.16635466,74.41970296,77.19723851,3.223403229,0.080501143,13.58605762,25.58029704,2.063935709,132.7181753,5.067106078,6.752661744,6.762381809,70.58605657,41.32134879,22.06394108,细砂岩
1530,油水同层,12.50078419,80.40414696,7.095068847,59.94776207,40.05223793,73.79008003,77.10422347,3.219519347,0.080404147,13.84231796,26.20991997,2.240324639,116.6953703,5.071626206,6.727178544,6.735185575,69.43032999,43.91724547,22.08720314,细砂岩
1530.125,油水同层,12.47718017,80.24126921,7.28155062,60.68043142,39.31956858,74.78130153,76.94803049,3.212997443,0.080241269,14.10087012,25.21869847,2.207714266,119.7211976,5.09301438,6.629862405,6.643068059,65.03995012,43.04264702,22.20857476,细砂岩
1530.25,油水同层,12.56212996,79.95066698,7.487203063,62.07674352,37.92325648,75.98507245,76.66935508,3.201361234,0.079950667,13.90832893,24.01492755,2.118902913,117.1839263,5.103427784,6.489817361,6.513723771,59.74374372,43.44488665,21.98383142,细砂岩
1530.375,油水同层,12.57558425,79.79201334,7.632402408,62.43650075,37.56349925,76.35179797,76.51721286,3.195008471,0.079792013,13.91529722,23.64820203,2.260578248,127.1258923,5.076886834,6.304256016,6.346177371,59.39722333,41.21758959,22.10020549,细砂岩
1530.5,油水同层,12.82571299,79.7484303,7.425856711,62.88741742,37.11258258,77.21677969,76.47541854,3.193263332,0.07974843,14.32936227,22.78322031,2.065388677,122.3528703,5.085698964,6.210161216,6.25992093,55.68724658,41.90115834,22.05611251,细砂岩
1530.625,油水同层,12.5954829,79.83515313,7.569363979,61.82656343,38.17343657,75.90602086,76.55858211,3.196735862,0.079835153,14.07945744,24.09397914,2.224436413,118.3058787,5.075639068,6.148041172,6.205007968,71.40152515,43.08828965,21.9725832,细砂岩
1530.75,油水同层,12.51745352,79.81789456,7.664651915,63.32192273,36.67807727,77.0995848,76.54203187,3.1960448,0.079817895,13.77766208,22.9004152,2.379005043,113.4500314,5.041740994,6.13086209,6.192545894,67.33583171,42.30191688,22.11578581,细砂岩
1530.875,油水同层,12.33490963,80.03227877,7.632811598,63.58844645,36.41155355,77.35414616,76.74761738,3.204629109,0.080032279,13.76569971,22.64585384,2.301236764,117.5532386,5.032669742,6.094557896,6.166166795,71.1818141,45.42618547,21.93806102,细砂岩
1531,油水同层,12.48126591,79.89571489,7.623019198,64.10544362,35.89455638,77.66973758,76.61665832,3.199160858,0.079895715,13.56429396,22.33026242,2.365057849,114.1115453,4.988230912,6.00484774,6.097182008,76.74106007,43.8285011,22.12003801,细砂岩
1531.125,油水同层,12.113574,80.05591232,7.830513682,64.76837509,35.23162491,77.96696448,76.77028097,3.205575437,0.080055912,13.19858939,22.03303552,2.231562424,112.6141807,4.945300482,5.898021954,6.002669567,63.41486275,42.4377185,22.14748068,细砂岩
1531.25,油水同层,11.99045276,79.95036958,8.059177662,66.61966814,33.38033186,79.63873259,76.66906988,3.201349325,0.07995037,13.01906444,20.36126741,2.157962978,127.2583996,4.883968698,5.742343155,5.881353969,64.67219776,43.72863496,22.04066136,细砂岩
1531.375,油水同层,12.16960867,79.90921067,7.921180663,68.06749322,31.93250678,81.11456826,76.6296002,3.199701252,0.079909211,13.04707504,18.88543174,2.038802409,113.70822,4.818468085,5.57543008,5.75223227,68.23356675,41.96234446,21.97796369,细砂岩
1531.5,油水同层,12.35888153,79.71876785,7.922350619,68.97063694,31.02936306,81.70002384,76.44697348,3.192075597,0.079718768,12.7293869,18.29997616,2.506270749,132.0870681,4.735514725,5.401760077,5.632211433,69.56248248,41.56229046,22.03753647,细砂岩
1531.625,油水同层,12.57041581,79.61542245,7.814161743,69.72571103,30.27428897,82.66733928,76.34786956,3.187937471,0.079615422,12.94162824,17.33266072,1.992299481,107.2416026,4.629398096,5.282077726,5.566764171,68.93715504,42.48905137,22.34253898,细砂岩
1531.75,油水同层,12.66669404,79.669158,7.664147963,70.83691515,29.16308485,84.11850901,76.39939971,3.190089134,0.079669158,13.28159386,15.88149099,2.153072991,120.0045035,4.554959724,5.143761513,5.469146007,68.82196398,41.24618979,22.27942052,细砂岩
1531.875,油水同层,12.76064162,79.39160299,7.847755384,72.05406624,27.94593376,85.20316839,76.13323603,3.178975357,0.079391603,13.14910214,14.79683161,2.2828388,125.276325,4.476272502,5.046494781,5.399705092,55.70200241,43.36275044,22.24849618,细砂岩
1532,油水同层,12.99858274,79.30619472,7.695222541,71.86741245,28.13258755,85.33132426,76.05133306,3.175555464,0.079306195,13.46391181,14.66867574,2.001983831,134.9782641,4.36188786,4.920957731,5.318604192,76.00774583,41.8212776,22.2291726,细砂岩
1532.125,油水同层,13.37191082,79.16254176,7.465547422,73.86457239,26.13542761,87.39264132,75.91357586,3.169803354,0.079162542,13.52806893,12.60735868,2.163253099,125.9570526,4.302149104,4.865488374,5.289011672,65.64544025,43.73479419,22.08903307,细砂岩
1532.25,油水同层,13.03635742,79.52388571,7.439756866,72.89789966,27.10210034,86.35918804,76.26008964,3.184272183,0.079523886,13.46128838,13.64081196,2.163107316,129.0618013,4.208131508,4.879960058,5.325949912,51.74497425,42.27021692,21.89556961,细砂岩
1532.375,油水同层,12.66681269,79.98310818,7.35007913,73.93752564,26.06247436,87.15929575,76.70046483,3.202660235,0.079983108,13.22177011,12.84070425,2.203946936,131.6855083,4.113781643,4.943006355,5.398171504,66.45748831,41.93745172,21.95844315,细砂岩
1532.5,油水同层,12.52958491,80.29436012,7.176054975,73.09841696,26.90158304,86.66549735,76.99894246,3.215123294,0.08029436,13.56708039,13.33450265,2.312359416,127.9940915,4.079349694,5.034527016,5.471127554,66.74995002,41.01342115,22.02467423,细砂岩
1532.625,油水同层,12.52279272,80.18672155,7.290485724,73.56276608,26.43723392,87.05729919,76.89572157,3.210813262,0.080186722,13.4945331,12.94270081,2.026536752,124.1892745,4.048644075,5.076602289,5.495848977,79.30796029,41.3469042,21.91507083,细砂岩
1532.75,油水同层,12.48989871,80.11121763,7.398883658,73.1225659,26.8774341,86.76668129,76.82331646,3.207789956,0.080111218,13.64411539,13.23331871,2.152615925,123.2973358,4.060046075,5.180877868,5.570348495,72.56576094,43.05284408,22.17682033,细砂岩
1532.875,油水同层,12.13654163,80.61056011,7.252898254,71.92386408,28.07613592,85.47864209,77.30216507,3.227784482,0.08061056,13.55477801,14.52135791,2.249496715,124.0209143,4.124536473,5.256799813,5.617132889,68.14967902,41.27115555,22.17355476,细砂岩
1533,油水同层,12.41167672,80.32144834,7.266874942,70.1374467,29.8625533,83.97665402,77.02491893,3.216207953,0.080321448,13.83920732,16.02334598,2.249411187,121.992137,4.199293267,5.276682367,5.625297353,69.23741435,44.42029115,21.99382525,细砂岩
1533.125,油水同层,12.68934032,79.82902175,7.481637927,71.3578709,28.6421291,84.78765632,76.55270238,3.196490351,0.079829022,13.42978542,15.21234368,2.091624774,132.7169835,4.22275212,5.338913651,5.680916362,60.73322241,42.2792091,21.95207846,细砂岩
1533.25,油水同层,12.31621829,80.37487079,7.308910922,71.61272531,28.38727469,85.08257986,77.07614884,3.218347079,0.080374871,13.46985455,14.91742014,2.136725691,121.0858266,4.259085464,5.279906744,5.628369601,83.46693343,42.70702747,22.10197098,细砂岩
1533.375,油水同层,12.48676759,80.01796714,7.49526527,72.00724958,27.99275042,85.38859257,76.73389313,3.204056047,0.080017967,13.38134299,14.61140743,2.362673372,126.5290206,4.252427039,5.212055389,5.585291898,64.05865562,41.96653248,22.00240175,细砂岩
1533.5,油水同层,12.65798711,80.00750015,7.334512736,71.63980705,28.36019295,84.95071178,76.72385572,3.203636931,0.0800075,13.31090473,15.04928822,2.043274297,110.5349133,4.266211581,5.229131184,5.617194767,59.70049365,42.10287309,21.86850885,细砂岩
1533.625,油水同层,12.995451,79.71652044,7.288028557,70.56952895,29.43047105,83.89993481,76.44481831,3.191985607,0.07971652,13.33040587,16.10006519,2.284781844,128.6946717,4.281034577,5.138977658,5.545384997,65.14472505,41.54448077,22.75701126,细砂岩
1533.75,油水同层,12.88889537,79.63064166,7.48046297,72.6098023,27.3901977,85.98953958,76.36246415,3.188546874,0.079630642,13.37973729,14.01046042,2.182087957,139.1956678,4.220006916,5.068131282,5.508257928,74.14784913,42.18973556,22.48785578,细砂岩
1533.875,油水同层,12.83120679,79.85481901,7.313974204,74.63925848,25.36074152,87.80277863,76.57744087,3.197523317,0.079854819,13.16352015,12.19722137,2.041560931,141.617098,4.153234384,5.040075676,5.50616788,62.79067143,41.98851565,22.438192,细砂岩
1534,油水同层,12.56506019,80.31094464,7.12399517,74.03315888,25.96684112,86.8966853,77.01484633,3.215787367,0.080310945,12.86352642,13.1033147,2.180597598,125.1247889,4.079902778,5.090042826,5.565496294,60.77757102,41.97875036,22.43348402,细砂岩
1534.125,油水同层,12.22873216,80.73429023,7.036977613,72.26680846,27.73319154,84.88220759,77.42081709,3.232738847,0.08073429,12.61539913,15.11779241,1.97869523,124.6029312,4.024085566,5.152068617,5.638805144,58.86245488,43.30830467,22.06892383,细砂岩
1534.25,油水同层,12.37854394,80.49515078,7.126305285,73.36260904,26.63739096,86.26540973,77.19149233,3.223163295,0.080495151,12.90280069,13.73459027,2.098711671,108.0995235,4.004890066,5.229955698,5.716045882,78.66661719,43.45708182,22.08172042,细砂岩
1534.375,油水同层,12.1854391,80.6930291,7.121531806,74.45514713,25.54485287,87.00587908,77.38124939,3.231086681,0.080693029,12.55073195,12.99412092,2.062623741,125.8473972,3.962715142,5.293446357,5.772435268,72.06500964,43.98584487,21.99850937,细砂岩
1534.5,油水同层,11.93638065,81.11966078,6.943958577,74.48548072,25.51451928,87.178537,77.79037138,3.248169742,0.081119661,12.69305628,12.821463,1.996509605,128.784322,3.907889126,5.288410963,5.779964366,60.20581118,41.85677814,22.12062415,细砂岩
1534.625,油水同层,12.15378767,81.01826636,6.827945977,73.71864727,26.28135273,86.39332106,77.69313835,3.244109736,0.081018266,12.67467379,13.60667894,2.173677871,137.4104182,3.852661179,5.307348435,5.809440279,52.34476216,42.01101454,22.16115386,细砂岩
1534.75,油水同层,12.08387476,81.01717973,6.898945506,74.70458027,25.29541973,87.40244706,77.69209633,3.244066226,0.08101718,12.69786679,12.59755294,2.103575796,130.8080794,3.7767474,5.32536967,5.835249522,64.00568762,43.02572322,21.91648325,细砂岩
1534.875,油水同层,11.77944679,81.355204,6.86534921,76.41598909,23.58401091,88.8855019,78.0162475,3.257601295,0.081355204,12.46951281,11.1144981,1.931582822,127.1640883,3.718134056,5.301932027,5.837129505,64.34767181,41.3576785,21.95817376,细砂岩
1535,油水同层,11.95451695,81.32966693,6.715816127,76.52000377,23.47999623,88.94467072,77.99175851,3.256578747,0.081329667,12.42466696,11.05532928,2.257013955,129.3829119,3.626826001,5.199728737,5.755507859,68.87276821,42.46013943,22.18275493,细砂岩
1535.125,油水同层,12.10601316,81.05819764,6.835789202,78.09109784,21.90890216,90.52608611,77.73143079,3.245708653,0.081058198,12.43498827,9.473913888,2.208974959,117.6386281,3.582926395,5.173873185,5.734323757,66.28458794,41.70726566,22.27352223,细砂岩
1535.25,油水同层,11.83655073,81.26392802,6.899521254,76.65616567,23.34383433,89.11892499,77.92871764,3.253946449,0.081263928,12.46275932,10.88107501,2.107261626,106.2096505,3.592893872,5.199203353,5.75253812,59.21521203,43.48840541,22.04604653,细砂岩
1535.375,油水同层,11.69911552,81.44479775,6.85608673,75.7103442,24.2896558,88.2704157,78.10216417,3.261188782,0.081444798,12.5600715,11.7295843,2.02821311,134.1859127,3.565258279,5.189432595,5.71744687,66.84204852,43.13364756,22.35296451,细砂岩
1535.5,油水同层,11.55729469,81.56873778,6.873967537,77.5884701,22.4115299,90.46785011,78.22101749,3.266151552,0.081568738,12.87938001,9.532149894,1.97822461,128.2522224,3.581727966,5.244088475,5.74054766,62.75130897,42.5133309,22.08701626,细砂岩
1535.625,油水同层,11.8277958,81.28601776,6.886186446,76.51063037,23.48936963,89.67495073,77.94990078,3.25483096,0.081286018,13.16432036,10.32504927,2.16105336,110.8149717,3.587878163,5.22789567,5.716095639,62.20374637,42.4269211,21.85670655,细砂岩
1535.75,油水同层,11.94126721,81.06984649,6.988886305,76.51285974,23.48714026,89.34331333,77.74260155,3.246175093,0.081069846,12.83045359,10.65668667,2.311653668,120.8567975,3.558440838,5.152367235,5.650080326,68.55700658,42.72257855,22.04422484,细砂岩
1535.875,油水同层,12.11941787,80.99746013,6.883122,77.21473734,22.78526266,90.25534835,77.67318605,3.243276619,0.08099746,13.04061101,9.744651651,2.275782357,119.2167308,3.653095133,5.114990169,5.621761374,71.89674816,42.48545305,22.13802631,细砂岩
1536,油水同层,12.39962954,80.52485496,7.075515498,75.12693955,24.87306045,87.97301155,77.2199774,3.224352701,0.080524855,12.846072,12.02698845,2.209325329,122.30985,3.770056889,5.080530035,5.592750122,63.16404366,41.58281873,21.98638208,细砂岩
1536.125,油水同层,12.7182154,80.13174065,7.150043947,73.55167692,26.44832308,86.64668363,76.84299717,3.208611733,0.080131741,13.09500672,13.35331637,1.962979419,134.4620165,3.86650941,5.0835789,5.588099521,71.0235565,41.58225173,21.96521025,细砂岩
1536.25,油水同层,12.72542142,80.16529609,7.109282489,73.08293069,26.91706931,86.53624146,76.87517545,3.20995535,0.080165296,13.45331077,13.46375854,2.06016682,125.0014599,3.947225869,5.032302533,5.527492613,66.94696554,43.18789813,21.9065369,细砂岩
1536.375,油水同层,12.87050966,79.92864639,7.20084395,75.25557702,24.74442298,88.847767,76.64823825,3.200479492,0.079928646,13.59218998,11.152233,2.246118984,131.372252,3.914641263,4.939976045,5.44068512,60.21039888,42.47477294,22.06900794,细砂岩
1536.5,油水同层,12.82087893,79.97091712,7.208203948,77.08238678,22.91761322,90.4033008,76.68877412,3.202172084,0.079970917,13.32091401,9.596699204,1.901785082,128.70879,3.872595005,4.830496783,5.347960161,87.53378955,42.06836275,22.0698428,细砂岩
1536.625,油水同层,13.04496938,79.64816397,7.306866649,76.48028882,23.51971118,89.45641874,76.37926731,3.189248497,0.079648164,12.97612992,10.54358126,2.125169911,127.2580009,3.856342556,4.673665161,5.222508394,61.5413964,42.09536513,21.94987881,细砂岩
1536.75,油水同层,13.30003269,79.26743746,7.43252985,76.52243378,23.47756622,89.19140805,76.01416647,3.174003557,0.079267437,12.66897427,10.80859195,2.171582982,126.5391517,3.866925417,4.582119005,5.147118551,68.35473479,40.47325356,21.85560949,细砂岩
1536.875,油水同层,12.97597472,79.45584313,7.568182154,77.45820574,22.54179426,89.95022278,76.19483964,3.181547642,0.079455843,12.49201704,10.04977722,2.055958191,134.274672,3.912859797,4.504998891,5.064093189,64.67710042,41.52279103,22.06348222,细砂岩
1537,油水同层,12.84517803,79.37135577,7.783466191,78.11160555,21.88839445,90.73528442,76.1138198,3.178164624,0.079371356,12.62367887,9.264715582,1.876801625,130.1828274,3.92882468,4.433279028,4.975099771,53.78292656,41.40461542,21.84956867,细砂岩
1537.125,油水同层,12.83643166,79.27711731,7.886451035,78.11458232,21.88541768,90.82107899,76.02344904,3.174391155,0.079277117,12.70649667,9.178921013,2.117007542,134.9330264,3.878798081,4.38750356,4.916933927,69.30094492,42.35181922,22.00346669,细砂岩
1537.25,油水同层,12.85609055,79.44961652,7.694292926,79.20373419,20.79626581,91.82539305,76.18886859,3.181298318,0.079449617,12.62165885,8.174606954,2.328740662,125.1641322,3.89010764,4.348038196,4.872467137,62.35724252,41.50256448,22.19206403,细砂岩
1537.375,油水同层,13.23484642,79.00816981,7.756983767,77.67487482,22.32512518,90.46657652,75.7655396,3.163622038,0.07900817,12.7917017,9.533423481,2.164103119,163.542709,3.871700017,4.326422219,4.868528048,74.26185618,41.81817144,22.07418041,细砂岩
1537.5,油水同层,13.39238936,79.04911709,7.558493554,78.24157089,21.75842911,91.15203224,75.80480633,3.165261637,0.079049117,12.91046136,8.847967755,1.945097413,129.7190271,3.841395807,4.259748191,4.824432205,68.79820665,44.17026271,22.0588061,细砂岩
1537.625,油水同层,13.56584746,78.64995818,7.784194359,79.44798445,20.55201555,92.31100975,75.42202959,3.149278633,0.078649958,12.86302529,7.688990253,2.240280493,131.7129493,3.875949834,4.174070665,4.748946303,62.74298702,43.23777933,22.0650932,细砂岩
1537.75,油水同层,13.8731188,78.21021109,7.916670114,79.15450742,20.84549258,92.11142168,75.00033047,3.131670408,0.078210211,12.95691426,7.888578316,2.170316971,138.1816224,3.85729925,4.108223693,4.69473526,81.94722026,43.35568986,21.87723724,细砂岩
1537.875,油水同层,13.94199366,78.300247,7.757759339,78.59373155,21.40626845,91.8370812,75.08667115,3.1352756,0.078300247,13.24334965,8.1629188,2.10344695,137.4475958,3.891114797,4.057515331,4.660105713,64.55823416,40.92461268,22.04073233,细砂岩
1538,油水同层,14.27643963,78.15305792,7.570502448,77.66659761,22.33340239,90.68481218,74.94552296,3.129381897,0.078153058,13.01821457,9.315187821,2.077013856,143.6107963,3.847903279,4.05167633,4.671909644,76.10582324,42.48524196,21.86071069,细砂岩
1538.125,油水同层,14.01011959,78.5745247,7.415355708,79.700036,20.299964,92.99346649,75.34969203,3.146258147,0.078574525,13.29343049,7.006533509,1.949707747,133.5531335,3.770367187,4.048285515,4.696668946,77.39179504,39.61198036,22.18402927,细砂岩
1538.25,油水同层,14.19800386,78.41641422,7.385581922,80.34720615,19.65279385,93.41768357,75.19807067,3.139927133,0.078416414,13.07047742,6.582316433,2.00093359,148.5950471,3.694004721,4.036699273,4.696847856,66.03199689,42.00927742,21.88937285,细砂岩
1538.375,油水同层,13.77728406,78.68309047,7.539625474,80.72233583,19.27766417,93.86538608,75.45380207,3.150605306,0.07868309,13.14305025,6.134613924,1.984772605,122.7508773,3.589251333,4.008675789,4.670013572,67.54554153,41.2882002,21.91857064,细砂岩
1538.5,油水同层,13.93672766,78.59228752,7.470984821,80.78611059,19.21388941,94.01180663,75.36672583,3.146969401,0.078592288,13.22569605,5.988193366,1.891313838,128.2542594,3.575299536,4.02717687,4.689207707,74.98756102,43.4619948,22.15043701,细砂岩
1538.625,油水同层,13.7804528,78.88454109,7.33500611,79.90005459,20.09994541,93.07896203,75.64698482,3.158671733,0.078884541,13.17890744,6.921037974,1.95270911,139.869303,3.580956221,4.072830653,4.708153215,68.09572483,40.96191277,21.99467872,细砂岩
1538.75,油水同层,13.49468269,78.97620808,7.529109234,79.86949143,20.13050857,93.22661908,75.73488963,3.162342236,0.078976208,13.35712765,6.773380922,2.176370783,142.0914813,3.630160869,4.121442197,4.736262565,74.26382735,40.98610216,22.12526831,细砂岩
1538.875,油水同层,13.33783674,78.96424947,7.697913798,79.04265954,20.95734046,92.19140632,75.72342182,3.161863392,0.078964249,13.14874678,7.808593685,2.227192057,131.4028613,3.615187289,4.136465652,4.740549548,72.22411597,40.71909914,22.00351705,细砂岩
1539,油水同层,13.59276847,78.9022426,7.504988928,81.09572688,18.90427312,94.49756709,75.66395983,3.159380532,0.078902243,13.40184021,5.50243291,2.326729765,147.4580823,3.591448918,4.115395964,4.721139753,68.15719023,43.14789007,22.21069432,细砂岩
1539.125,油水同层,13.89980118,78.77833659,7.321862238,80.63689361,19.36310639,94.01819772,75.54513913,3.154419123,0.078778337,13.3813041,5.981802284,2.03545334,146.5420153,3.55329356,4.076640186,4.706336877,77.27301692,42.3928869,22.08189199,细砂岩
1539.25,油水同层,13.99004595,78.69167047,7.318283576,81.02173464,18.97826536,94.26704464,75.46202994,3.150948864,0.07869167,13.24531,5.732955358,2.160834477,151.8942096,3.485264284,4.066442444,4.728402554,64.94546195,43.19141053,22.2155142,细砂岩
1539.375,油水同层,13.68821214,79.09031329,7.221474568,80.35349756,19.64650244,93.39789477,75.84431177,3.166911203,0.079090313,13.04439721,6.602105229,2.083785442,134.9290398,3.480070339,4.12177149,4.799578074,61.29530796,43.08726963,21.88749703,细砂岩
1539.5,油水同层,13.65900174,79.26621842,7.074779839,79.79334143,20.20665857,93.196533,76.01299746,3.173954745,0.079266218,13.40319157,6.803467003,2.017074063,153.0813786,3.47780799,4.167259495,4.85751837,67.52352288,42.96936808,21.98899155,细砂岩
1539.625,油水同层,13.73813097,79.21032076,7.051548269,80.01064283,19.98935717,93.04034646,75.95939393,3.171716507,0.079210321,13.02970364,6.959653535,1.967938786,139.8335948,3.47011019,4.231615455,4.927485482,71.48377793,42.37034785,22.09912463,细砂岩
1539.75,油水同层,13.7238201,79.27908245,6.997097449,80.00205657,19.99794343,93.25685199,76.02533353,3.174469843,0.079279082,13.25479542,6.743148015,2.023034925,136.7622276,3.440838927,4.244097517,4.95715121,70.97661353,41.86796905,21.83256463,细砂岩
1539.875,油水同层,13.788456,79.28067526,6.930868748,80.5923656,19.4076344,93.55777863,76.02686096,3.174533621,0.079280675,12.96541303,6.442221369,1.87760773,125.2037191,3.500562823,4.231484864,4.9611127,70.03628896,42.64318501,21.91341595,细砂岩
1540,油水同层,14.02711624,78.83479747,7.138086285,78.80669626,21.19330374,91.41492221,75.59928276,3.156679913,0.078834797,12.60822595,8.585077788,2.060469814,146.5871794,3.605884696,4.263978748,5.003476357,58.55064774,41.56518603,22.16522179,细砂岩
1540.125,油水同层,14.0931631,78.82654785,7.080289045,76.99255415,23.00744585,89.41380603,75.59137172,3.156349584,0.078826548,12.42125188,10.58619397,1.90812529,141.1138754,3.721572187,4.317238646,5.071230291,68.99747249,42.57668594,21.96932974,细砂岩
1540.25,油水同层,14.18175766,78.91728337,6.900958972,76.17823325,23.82176675,88.89652424,75.67838329,3.159982789,0.078917283,12.71829099,11.10347576,1.924294107,136.8899079,3.814370337,4.341016245,5.100016438,60.44318553,42.88163411,22.17141315,细砂岩
1540.375,油水同层,14.05605284,78.93129332,7.012653834,78.05831502,21.94168498,90.51778918,75.69181826,3.160543772,0.078931293,12.45947415,9.482210822,2.228236751,141.9824903,3.85927415,4.407209089,5.157916833,53.25035339,40.01447841,22.08801711,细砂岩
1540.5,油水同层,13.77505095,79.13592399,7.089025056,76.69964839,23.30035161,89.27095807,75.88805054,3.168737534,0.079135924,12.57130968,10.72904193,2.273123322,134.3041729,3.871147636,4.514930808,5.245233469,55.56686857,42.96896574,21.86969937,细砂岩
1540.625,油水同层,13.54920809,79.55183324,6.898958669,74.78905567,25.21094433,87.68723957,76.28689016,3.18539125,0.079551833,12.8981839,12.31276043,2.060230229,131.2167122,3.851668609,4.570212565,5.279541432,49.9580567,43.38166741,22.26157528,细砂岩
1540.75,油水同层,13.5387147,79.56547157,6.895813739,75.96373192,24.03626808,88.94214972,76.29996874,3.185937352,0.079565472,12.9784178,11.05785028,2.094677567,136.6367664,3.834113393,4.683545565,5.374745022,55.34091551,40.90724335,22.22085681,细砂岩
1540.875,油水同层,13.17247178,80.02686097,6.800667244,76.90173555,23.09826445,89.55841376,76.74242194,3.204412172,0.080026861,12.65667821,10.44158624,1.836599917,135.5852,3.744472614,4.718060299,5.396389792,74.90635212,42.22038166,22.12174632,细砂岩
1541,油水同层,12.8586189,80.16811744,6.973263658,78.92178842,21.07821158,91.57258494,76.877881,3.210068322,0.080168117,12.65079652,8.427415057,2.241161648,125.7854329,3.670726497,4.699047163,5.376080721,71.28204758,41.55709549,22.01020374,细砂岩
1541.125,油水同层,12.88298536,80.16479197,6.95222267,77.76303213,22.23696787,90.17574123,76.87469201,3.209935164,0.080164792,12.4127091,9.824258771,1.98307206,133.3878129,3.571267488,4.658285908,5.342725682,71.35059743,41.63657363,22.04802517,细砂岩
1541.25,油水同层,13.0506083,80.08557019,6.86382151,79.78639516,20.21360484,92.38870336,76.79872163,3.206762989,0.08008557,12.6023082,7.61129664,2.143747532,139.2382109,3.526952609,4.61377812,5.289138724,62.86536415,42.24695302,22.07503518,细砂岩
1541.375,油水同层,12.82622495,80.17321341,7.000561644,79.3124155,20.6875845,91.83630274,76.88276782,3.210272373,0.080173213,12.52388724,8.163697258,2.069013492,133.0650861,3.541735359,4.623915556,5.297779643,59.62496696,42.17581131,22.0712601,细砂岩
1541.5,油水同层,12.79495538,80.19905327,7.005991354,78.52775457,21.47224543,91.01762226,76.90754717,3.211307045,0.080199053,12.48986769,8.982377742,2.032817371,118.8577432,3.477316713,4.580695639,5.248000498,70.71798353,43.54850277,22.38117434,细砂岩
1541.625,油水同层,12.53482067,80.40253525,7.062644088,80.6083734,19.3916266,93.03916085,77.1026779,3.219454811,0.080402535,12.43078745,6.960839146,1.919757285,131.8357432,3.472609642,4.519846973,5.174341171,74.60774174,41.44370403,22.43673832,细砂岩
1541.75,油水同层,12.86920544,79.86499306,7.265801503,81.68660762,18.31339238,93.98624079,76.58719736,3.197930704,0.079864993,12.29963317,6.013759208,2.179733671,124.6024905,3.444609593,4.477756525,5.123365227,66.36824531,42.09901227,22.55531913,细砂岩
1541.875,油水同层,12.50620317,80.24906239,7.244734442,81.47097244,18.52902756,93.73437962,76.95550383,3.213309496,0.080249062,12.26340718,6.265620384,2.093026354,128.7344053,3.386674015,4.395449299,5.023304926,73.88666047,43.00225855,22.3772301,细砂岩
1542,油水同层,12.2733229,80.28346915,7.443207947,82.56519808,17.43480192,94.84207922,76.98849848,3.214687201,0.080283469,12.27688114,5.157920779,2.185256354,122.1490984,3.333132481,4.312684896,4.932606247,74.82967557,42.92103703,21.92566732,细砂岩
1542.125,油水同层,12.31847609,80.29264718,7.388876729,84.23503839,15.76496161,96.5200252,76.99729983,3.215054705,0.080292647,12.28498681,3.4799748,1.989724757,133.6575243,3.275031178,4.281398355,4.886612919,82.95084597,43.00283407,22.00004672,细砂岩
1542.25,油水同层,12.20629119,80.29889256,7.494816253,84.94607408,15.05392592,97.00532327,77.00328889,3.215304781,0.080298893,12.05924919,2.99467673,2.000311358,125.408773,3.187090764,4.232269729,4.839985913,70.08929342,42.81881562,22.13592888,细砂岩
1542.375,油水同层,12.13521907,80.58874019,7.276040736,85.4737356,14.5262644,97.4827984,77.28124068,3.226910775,0.08058874,12.0090628,2.5172016,1.894481647,118.5493771,3.107179163,4.219892126,4.838157709,66.87806208,43.61868468,21.81983412,细砂岩
1542.5,油水同层,12.05872182,80.71204856,7.229229613,85.18451892,14.81548108,97.38280387,77.39948826,3.231848253,0.080712049,12.19828495,2.617196132,2.115060782,135.4506036,3.04637951,4.250978057,4.873235599,68.84616819,43.01198671,22.0990503,细砂岩
1542.625,油水同层,11.73474496,81.11016105,7.155093989,86.11239939,13.88760061,98.03735137,77.78126153,3.247789356,0.081110161,11.92495198,1.962648625,1.910009391,131.9162646,3.01984822,4.300250617,4.917504417,92.45430107,42.58620619,22.15045539,细砂岩
1542.75,油水同层,11.68078961,81.00543487,7.313775529,85.24757973,14.75242027,97.23348934,77.68083349,3.243595941,0.081005435,11.98590961,2.766510655,2.093529419,137.5973312,2.987681508,4.302503209,4.917788959,63.28052321,44.03863236,21.87224358,细砂岩
1542.875,油水同层,11.92611472,80.85553261,7.218352676,86.52394383,13.47605617,98.60682822,77.53708347,3.237593599,0.080855533,12.08288439,1.393171782,2.037224838,116.2900569,2.972691488,4.311763377,4.933227198,69.65130659,41.193965,22.02037471,细砂岩
1543,油水同层,11.91336728,80.94794634,7.138686386,85.74500806,14.25499194,97.62518406,77.62570439,3.241294003,0.080947946,11.880176,2.374815945,2.270726295,101.2598622,3.027492552,4.336305116,4.960033639,66.26401143,42.05332136,22.18396074,细砂岩
1543.125,油水同层,12.12252376,80.76637645,7.111099799,83.3896152,16.6103848,95.55972577,77.45158643,3.234023634,0.080766376,12.17011057,4.440274234,2.060709104,123.9361364,3.003796584,4.308761025,4.939699928,70.92304493,41.97152067,22.47371009,细砂岩
1543.25,油水同层,12.01193457,80.74299132,7.245074107,85.77142143,14.22857857,98.13110286,77.42916108,3.233087254,0.080742991,12.35968143,1.868897138,2.140443301,126.1109642,2.9835896,4.264207531,4.895950384,75.91439693,43.47955473,22.27508003,细砂岩
1543.375,油水同层,12.11140697,80.55783047,7.330762565,87.78229688,12.21770312,99.99,77.25159954,3.225673097,0.08055783,12.20770312,0.01,2.188177891,110.1666098,2.940082969,4.236056057,4.852650877,62.03200628,42.87792598,22.4869906,细砂岩
1543.5,油水同层,11.7684067,80.98679394,7.244799359,87.4206523,12.5793477,99.99,77.66295762,3.242849527,0.080986794,12.5693477,0.01,2.220353204,144.6377418,2.867209469,4.188860649,4.793884482,74.58256721,40.82851105,22.35904522,细砂岩
1543.625,油水同层,11.74812695,81.00276921,7.249103844,86.8476082,13.1523918,99.25763128,77.67827724,3.243489204,0.081002769,12.41002307,0.742368722,2.149046824,129.2842318,2.839089641,4.145346867,4.745969644,62.93766895,42.28734571,22.08105024,细砂岩
1543.75,油水同层,12.03467899,80.56996292,7.395358089,87.45236895,12.54763105,99.99,77.26323406,3.226158901,0.080569963,12.53763105,0.01,1.904689568,130.6781131,2.83089647,4.172127263,4.769342725,65.06925418,42.23572168,22.10522271,细砂岩
1543.875,油水同层,11.83116421,80.9190056,7.249830192,87.80915549,12.19084451,99.99,77.59795143,3.240135166,0.080919006,12.18084451,0.01,2.08140724,132.0794529,2.870410612,4.180947294,4.790637363,76.88428891,41.79303536,22.10524642,细砂岩
1544,油水同层,12.18185489,80.65504385,7.163101261,85.57445758,14.42554242,97.98981609,77.34482312,3.229565687,0.080655044,12.4153585,2.010183913,2.068462419,116.3822111,2.922643283,4.173861255,4.792894731,69.69002414,41.44047014,22.0694745,细砂岩
1544.125,油水同层,12.1330719,80.54855048,7.318377614,85.27105461,14.72894539,97.32149032,77.24270042,3.225301511,0.08054855,12.05043571,2.678509684,2.058201949,132.8560932,2.944723864,4.178005444,4.817872431,69.03028695,42.71654336,22.07868499,细砂岩
1544.25,油水同层,12.3647589,80.38642968,7.248811423,86.5434249,13.4565751,98.50579191,77.08723333,3.218809917,0.08038643,11.96236701,1.49420809,2.106881491,129.1812746,2.963237483,4.149282631,4.800868268,77.99712278,43.03937075,22.04107552,细砂岩
1544.375,油水同层,12.4048659,80.34159425,7.25353985,87.03200877,12.96799123,99.28068372,77.04423803,3.21701463,0.080341594,12.24867495,0.719316278,2.02335772,127.1678846,3.019561221,4.126945899,4.778225147,66.89321905,41.14204691,22.11862531,细砂岩
1544.5,油水同层,12.3647942,80.20732792,7.427877883,84.76309449,15.23690551,96.67726705,76.91548221,3.211638376,0.080207328,11.91417256,3.322732949,2.088202756,131.3571126,3.09189345,4.149371229,4.795544467,62.60178012,43.28322196,22.01656968,细砂岩
1544.625,油水同层,12.44275771,80.15981873,7.39742356,82.39230151,17.60769849,94.64646816,76.86992288,3.209736027,0.080159819,12.25416666,5.353531839,2.196573791,127.0422508,3.218391599,4.282802934,4.912244096,61.48153233,43.52213218,21.98914191,细砂岩
1544.75,油水同层,12.14541433,80.67698969,7.177595974,80.5908876,19.4091124,92.56501506,77.36586827,3.230444436,0.08067699,11.97412746,7.434984937,2.13811607,124.7124654,3.346954451,4.394423452,5.0179429,65.07977256,43.24322826,22.2044816,细砂岩
1544.875,油水同层,12.35540829,80.46683603,7.177755684,81.44673142,18.55326858,93.41760317,77.16433967,3.222029524,0.080466836,11.97087174,6.582396832,1.952213258,115.9369718,3.385833363,4.469263618,5.111735701,62.70713058,41.00408281,21.86643265,细砂岩
1545,油水同层,12.5624025,80.40293831,7.03465919,81.84206697,18.15793303,93.55937648,77.10306443,3.219470951,0.080402938,11.71730951,6.44062352,2.247324473,135.7140905,3.327628422,4.444432076,5.119749931,72.01072958,41.88480226,22.31102981,细砂岩
1545.125,油水同层,12.84954978,80.11791639,7.032533831,83.87294945,16.12705055,95.90417953,76.82974028,3.208058186,0.080117916,12.03123008,4.095820474,2.143849371,141.2339689,3.208074892,4.304652003,5.002685242,86.91879743,40.51675965,22.15656587,细砂岩
1545.25,油水同层,12.58327235,80.20260912,7.214118532,86.16761319,13.83238681,98.13420524,76.91095708,3.211449428,0.080202609,11.96659205,1.865794757,1.977394442,137.3962484,3.085104654,4.159267486,4.871217692,61.43288657,42.52835449,21.93435499,细砂岩
1545.375,油水同层,12.82734031,79.8730929,7.299566789,87.0565685,12.9434315,99.29768529,76.59496477,3.198255035,0.079873093,12.24111679,0.702314714,2.119212399,150.7061436,2.95959434,3.998657639,4.714594679,82.3232343,43.76966172,21.80143557,细砂岩
1545.5,油水同层,12.96242062,79.72581539,7.311763988,87.99074711,12.00925289,99.99,76.45373179,3.192357793,0.079725815,11.99925289,0.01,2.133034489,137.1158495,2.882710599,3.922530628,4.627542473,60.76629633,43.43350963,22.12352429,细砂岩
1545.625,油水同层,12.68832587,80.02705488,7.28461925,87.75650016,12.24349984,99.99,76.74260789,3.204419936,0.080027055,12.23349984,0.01,1.850722426,143.5249619,2.863046786,3.839839879,4.547626761,76.15034909,41.06506491,22.06057519,细砂岩
1545.75,油水同层,13.06179696,79.46965504,7.468547999,88.01381885,11.98618115,99.99,76.20808469,3.182100694,0.079469655,11.97618115,0.01,2.082997678,139.2635523,2.886680497,3.845630967,4.55228532,58.10746464,42.66862647,21.92383189,细砂岩
1545.875,油水同层,12.74299849,79.87926496,7.377736544,86.68124784,13.31875216,98.60787262,76.60088352,3.198502175,0.079879265,11.92662479,1.392127376,2.189544061,134.433031,2.908558721,3.859837559,4.549433692,78.1136406,43.8791755,22.08488928,细砂岩
1546,油水同层,12.37349432,80.06215714,7.564348545,88.38094829,11.61905171,99.99,76.77626949,3.20582549,0.080062157,11.60905171,0.01,2.009883149,130.9506043,2.970072708,3.855694527,4.534351004,76.9297911,41.23303187,22.12186085,细砂岩
1546.125,油水同层,12.51185612,79.85590753,7.632236345,87.06688708,12.93311292,98.73741463,76.57848472,3.197566904,0.079855908,11.67052756,1.262585366,1.95063851,117.8501564,3.045976641,3.913421821,4.591570569,73.86228798,42.62593133,21.96794528,细砂岩
1546.25,油水同层,12.86731032,79.68047507,7.45221461,85.32135832,14.67864168,96.81160447,76.41025231,3.190542289,0.079680475,11.49024615,3.188395526,1.944995835,115.8292213,3.099423049,3.971090746,4.658907251,66.74689552,44.05159411,21.98167007,细砂岩
1546.375,油水同层,12.59586409,80.16323028,7.240905636,84.57159773,15.42840227,95.79253322,76.87319441,3.209872631,0.08016323,11.22093549,4.207466779,1.902895806,125.6888932,3.206865162,4.046058633,4.738724158,72.57562962,42.39938446,22.02793781,细砂岩
1546.5,油水同层,12.65362321,79.92589883,7.420477963,83.44433574,16.55566426,94.97447145,76.64560345,3.200369475,0.079925899,11.53013571,5.025528554,2.073415867,133.5246039,3.284210809,4.155138422,4.8599351,69.80080311,41.79015824,22.04200775,细砂岩
1546.625,油水同层,12.68964771,80.11039084,7.199961441,82.16018132,17.83981868,93.86818876,76.8225236,3.20775685,0.080110391,11.70800744,6.131811244,1.949262453,134.9377395,3.35948303,4.237334887,4.939505935,66.49132218,42.49734743,22.12371553,细砂岩
1546.75,油水同层,12.88585241,79.82703787,7.287109725,81.41972693,18.58027307,93.07810413,76.55079991,3.196410913,0.079827038,11.6583772,6.921895873,2.102316947,138.0678569,3.424248934,4.241570914,4.924229144,61.88555389,41.21598512,22.45781636,细砂岩
1546.875,油水同层,12.84749328,79.6774356,7.475071119,82.22333116,17.77666884,94.13101127,76.40733758,3.190420583,0.079677436,11.90768011,5.868988731,2.083341964,127.6869873,3.497692306,4.253174973,4.93064029,68.28980788,42.90716539,22.25824344,细砂岩
1547,油水同层,13.05785758,79.41693861,7.525203811,80.76539284,19.23460716,92.59847443,76.15753183,3.179989839,0.079416939,11.83308159,7.401525574,2.224077551,129.6403217,3.556091205,4.223035745,4.900446396,72.15929116,42.76771817,22.65413934,细砂岩
1547.125,油水同层,13.42083925,79.24690801,7.332252741,80.33957978,19.66042022,92.51388943,75.99447958,3.173181523,0.079246908,12.17430965,7.486110567,1.957408048,140.6855373,3.560486468,4.122556681,4.805920126,78.89953312,43.96750567,22.48715153,细砂岩
1547.25,油水同层,13.74516026,78.70774834,7.547091401,82.5052796,17.4947204,94.43821915,75.47744794,3.151592649,0.078707748,11.93293955,5.561780847,1.907009518,144.9310038,3.531714535,4.002259892,4.711450528,68.55249092,42.00070005,22.1304193,细砂岩
1547.375,油水同层,14.01741252,78.42846375,7.554123727,84.30046383,15.69953617,96.17576636,75.20962567,3.140409617,0.078428464,11.87530253,3.824233636,2.047157635,160.326612,3.492604961,3.84469095,4.579997745,64.04541537,43.32785037,21.99235133,细砂岩
1547.5,油水同层,14.38586103,77.87889572,7.735243251,83.95274167,16.04725833,95.66886733,74.68261285,3.118403975,0.077878896,11.71612566,4.33113267,2.028246724,140.8733713,3.517559284,3.703827271,4.446159089,59.91884358,42.94123803,21.96433516,细砂岩
1547.625,油水同层,14.41374843,77.70709738,7.879154189,82.31967742,17.68032258,94.16238714,74.51786541,3.111524876,0.077707097,11.84270972,5.837612856,2.046511695,140.5355043,3.526247096,3.633212258,4.383776917,72.02141321,43.14190118,22.10892956,细砂岩
1547.75,油水同层,14.38107016,77.86366322,7.755266614,83.45077226,16.54922774,95.17839639,74.66800552,3.11779404,0.077863663,11.72762412,4.821603612,1.952939984,137.6710479,3.532866362,3.59522994,4.35434675,76.02153002,42.0103556,22.01379414,细砂岩
1547.875,油水同层,14.37134673,77.97826416,7.650389108,84.90199631,15.09800369,96.4050198,74.77790304,3.122382857,0.077978264,11.50302349,3.594980203,1.95198924,141.4918416,3.466556979,3.541918409,4.316440301,60.77758493,43.11883826,21.92904376,细砂岩
1548,油水同层,14.66391083,77.66354527,7.672543901,86.6134614,13.3865386,97.91664544,74.47610075,3.109780975,0.077663545,11.30318404,2.083354559,2.079923617,145.2635994,3.409770048,3.469951331,4.258797726,71.12599088,42.22825315,21.85281016,细砂岩
1548.125,油水同层,14.93256987,77.16698034,7.900449788,84.89336749,15.10663251,96.48553692,73.99991569,3.089897667,0.07716698,11.59216944,3.514463076,1.698151108,143.0378523,3.318342886,3.386845829,4.180892764,68.6968215,42.50691645,22.0565869,细砂岩
1548.25,油水同层,14.70688734,77.42039491,7.872717744,87.22069223,12.77930777,98.90909726,74.2429297,3.10004482,0.077420395,11.68840504,1.090902735,1.911722598,154.7828709,3.315073637,3.330954082,4.11488146,77.5237903,42.82542147,22.12386698,细砂岩
1548.375,油水同层,14.58886025,77.38677735,8.024362407,86.27045334,13.72954666,97.82451807,74.21069185,3.098698715,0.077386777,11.55406473,2.175481931,2.235891675,157.3605456,3.326223209,3.327461949,4.092859341,73.76157155,43.65000384,22.20453893,细砂岩
1548.5,油水同层,14.47023269,77.6013458,7.928421516,86.58764193,13.41235807,98.30897305,74.41645405,3.107290402,0.077601346,11.72133113,1.691026946,2.005995749,133.6510513,3.297319102,3.381169033,4.143468506,67.47910305,42.0321185,21.85375475,细砂岩
1548.625,油水同层,14.16033063,78.13049443,7.709174938,85.12018109,14.87981891,96.58881575,74.92388552,3.128478417,0.078130494,11.46863466,3.411184246,2.03097086,140.2666262,3.348541465,3.457210253,4.217804566,71.94086943,42.38966111,22.03705385,细砂岩
1548.75,油水同层,14.12538207,78.15233251,7.722285419,85.01686442,14.98313558,96.41808333,74.94482733,3.129352851,0.078152333,11.40121892,3.581916665,1.948922761,140.1928139,3.332298357,3.52216153,4.285069409,80.95477137,43.23106229,21.87222386,细砂岩
1548.875,油水同层,13.86612743,78.39773733,7.736135241,85.95154002,14.04845998,97.22730932,75.18016031,3.139179279,0.078397737,11.2757693,2.77269068,2.01811403,144.5056505,3.284827987,3.556300759,4.313966353,73.59457166,44.00676757,22.05075687,细砂岩
1549,油水同层,13.65194419,78.53119838,7.816857439,88.01261507,11.98738493,99.51549111,75.30814389,3.144523287,0.078531198,11.50287604,0.484508891,2.106715921,127.6309732,3.295692676,3.583571606,4.320088491,55.70838788,42.02906413,21.90244979,细砂岩
1549.125,油水同层,13.31355059,78.71526523,7.971184182,85.58638455,14.41361545,96.76677706,75.48465632,3.151893638,0.078715265,11.18039252,3.233222936,1.942791187,130.5837854,3.268487654,3.612930638,4.334288782,73.18692492,41.87182125,22.05289584,细砂岩
1549.25,油水同层,13.25952266,78.93582717,7.804650173,86.22407974,13.77592026,97.42516319,75.69616602,3.160725315,0.078935827,11.20108345,2.574836815,1.948461119,147.1889614,3.252499713,3.61832072,4.326067749,60.59222038,41.42185585,22.19262941,细砂岩
1549.375,油水同层,13.2261925,78.84719756,7.926609941,87.34853522,12.65146478,98.33049227,75.61117392,3.157176434,0.078847198,10.98195705,1.669507727,2.027060693,142.0166354,3.303391001,3.678147572,4.379695369,67.37297966,42.35639031,22.13685602,细砂岩
1549.5,油水同层,13.02253863,79.1428993,7.83456207,86.54599225,13.45400775,97.44352422,75.89473956,3.169016837,0.079142899,10.89753196,2.556475782,1.880468529,142.2566402,3.25279728,3.6414716,4.35139567,76.99843971,43.23635167,21.9321955,细砂岩
1549.625,油水同层,13.34795114,78.68607489,7.965973967,87.9005465,12.0994535,98.7418633,75.45666401,3.150724807,0.078686075,10.8413168,1.258136697,1.943533564,130.5070429,3.240827311,3.606770085,4.309818816,59.97659603,41.62885184,21.99110258,细砂岩
1549.75,油水同层,13.165901,78.77698424,8.057114764,87.76557685,12.23442315,98.79737572,75.54384228,3.154364973,0.078776984,11.03179887,1.202624282,1.955797343,147.6750823,3.268421761,3.596139454,4.294866053,62.15733882,42.4637278,22.08182989,细砂岩
1549.875,油水同层,13.30010242,78.59950717,8.100390412,86.98646072,13.01353928,97.89677571,75.37364917,3.147258488,0.078599507,10.91031499,2.103224293,1.946425573,150.6767052,3.336892041,3.573066329,4.26272158,83.50854979,41.47693716,22.15073194,细砂岩
1550,油水同层,13.37955376,78.44388312,8.176563128,85.08961261,14.91038739,96.11730794,75.2244122,3.141027035,0.078443883,11.02769533,3.882692058,2.12735876,129.6859712,3.492995528,3.606703966,4.279772471,58.33093365,43.82659297,22.0230884,细砂岩
1550.125,油水同层,13.53813663,78.10553781,8.356325558,83.25756138,16.74243862,94.13766542,74.89995316,3.127479111,0.078105538,10.88010404,5.862334576,1.982145769,136.6854141,3.715915598,3.662440018,4.317845453,79.59137301,42.73688527,22.03727856,细砂岩
1550.25,油水同层,13.49504261,77.9827403,8.522217088,80.93794532,19.06205468,91.84220503,74.78219548,3.122562089,0.07798274,10.9042597,8.157794973,2.080955751,143.6040839,3.842929179,3.684426291,4.340517715,68.64528326,42.3899667,22.06155504,细砂岩
1550.375,油水同层,13.75358312,77.9778838,8.268533081,83.07656073,16.92343927,93.78072585,74.77753828,3.122367626,0.077977884,10.70416512,6.219274151,2.049650647,153.8838399,3.851529068,3.669089882,4.340587064,61.50232913,41.85081642,22.00762239,细砂岩
1550.5,油水同层,13.76853947,78.1453201,8.086140429,84.95977915,15.04022085,95.64259005,74.93810272,3.129072062,0.07814532,10.6828109,4.357409949,1.919112756,126.4357956,3.820768366,3.687276392,4.376997235,69.05809284,43.05846501,22.14839061,细砂岩
1550.625,油水同层,13.63532576,78.38408027,7.980593971,83.34508136,16.65491864,94.04314464,75.16706376,3.138632427,0.07838408,10.69806328,5.956855363,2.035466876,126.2840308,3.702682765,3.665771397,4.371198487,73.36267062,43.53111323,22.01050113,细砂岩
1550.75,油水同层,13.26386201,78.5416238,8.194514184,84.51314503,15.48685497,95.17221451,75.31814144,3.144940739,0.078541624,10.65906948,4.82778549,2.024177545,134.7987946,3.644653589,3.669984693,4.380484286,67.10835537,41.86482827,22.05452107,细砂岩
1550.875,油水同层,13.63609494,78.32808553,8.035819523,84.23244299,15.76755701,95.11691618,75.11336715,3.136390302,0.078328086,10.88447319,4.883083825,2.059087675,139.6280004,3.736975785,3.724161208,4.419432381,64.8584661,42.77502294,22.01711914,细砂岩
1551,油水同层,13.5336809,78.21875012,8.247568979,81.78327894,18.21672106,92.49923913,75.00851905,3.132012326,0.07821875,10.7159602,7.500760869,1.942084655,124.3214211,3.800028691,3.741618332,4.417447752,63.17851354,43.61428823,21.83928635,细砂岩
1551.125,油水同层,13.40359251,78.29769247,8.298715021,81.80501865,18.19498135,92.55890897,75.08422146,3.135173312,0.078297692,10.75389031,7.441091033,2.18058278,141.9967927,3.843226882,3.748275883,4.413957923,59.70271373,41.92712168,22.2239011,细砂岩
1551.25,油水同层,13.12972742,78.45283855,8.417434029,83.63568397,16.36431603,94.18532193,75.23300009,3.141385626,0.078452839,10.54963796,5.814678072,2.031408509,126.4970644,3.88315055,3.789053076,4.438134203,66.56914873,42.82618986,22.10942379,细砂岩
1551.375,油水同层,12.89458219,78.84454638,8.26087143,83.5525684,16.4474316,93.90640015,75.60863156,3.157070276,0.078844546,10.35383175,6.093599846,2.131253031,131.9091888,3.774953134,3.770878548,4.418198502,73.76643508,44.06036369,22.04686709,细砂岩
1551.5,油水同层,12.92200726,78.91290879,8.165083956,85.60173527,14.39826473,96.15790043,75.67418826,3.159807624,0.078912909,10.55616517,3.842099566,1.996407586,136.21696,3.642902713,3.70393958,4.354496611,65.58567507,41.51735788,21.96758665,细砂岩
1551.625,油水同层,13.03259488,78.62729105,8.340114068,87.3547292,12.6452708,97.79934564,75.40029276,3.148371002,0.078627291,10.44461644,2.200654363,1.997364762,152.3899316,3.577846103,3.679115491,4.349812995,67.23036845,41.76749538,22.16694714,细砂岩
1551.75,油水同层,13.35447254,78.5056184,8.139909057,85.56915351,14.43084649,95.88469935,75.28361376,3.143499021,0.078505618,10.31554584,4.11530065,2.029927978,126.8531395,3.497748761,3.617095558,4.300720191,63.24998849,43.29461497,21.86131295,细砂岩
1551.875,油水同层,13.23214644,78.59079443,8.177059134,86.58739825,13.41260175,97.01669474,75.36529402,3.146909615,0.078590794,10.42929649,2.983305259,2.237498112,141.3852301,3.5120288,3.562388367,4.24903348,58.25665665,43.50926842,21.95038847,细砂岩
1552,油水同层,13.42031437,78.17134607,8.408339563,86.19529886,13.80470114,96.70023054,74.96306054,3.130114186,0.078171346,10.50493168,3.299769462,2.122214387,132.0599064,3.621341325,3.572045549,4.250443676,73.55776188,42.58261122,22.20703908,细砂岩
1552.125,油水同层,13.31864945,78.03404261,8.647307938,84.25281349,15.74718651,94.68942575,74.83139225,3.124616322,0.078034043,10.43661226,5.310574251,2.260247968,138.1053366,3.656458054,3.550147281,4.218199099,77.49836601,43.13087152,22.16041864,细砂岩
1552.25,油水同层,13.39315741,78.13705474,8.469787849,85.4466907,14.5533093,95.72198271,74.93017658,3.128741103,0.078137055,10.275292,4.278017294,1.932975917,131.3289261,3.706628069,3.536799035,4.184556072,71.29202661,43.18887486,22.19184327,细砂岩
1552.375,油水同层,13.04691833,78.31091535,8.64216632,86.18194757,13.81805243,96.65792675,75.09690166,3.135702779,0.078310915,10.47597918,3.342073249,2.128483504,141.050627,6.832194363,2.997947506,3.433131353,95.91929271,43.77546638,22.00248268,细砂岩
1552.5,含油水层,4.565149191,53.78778701,41.6470638,67.42594356,32.57405644,78.80362943,40.61101528,5.208915156,7.967856578,11.37768587,21.19637057,2.077628657,138.6874202,9.922295467,2.426206442,2.662399178,106.1856592,49.00868328,22.11313814,粉砂岩
1552.625,含油水层,4.493113277,53.28048131,42.22640541,69.27018133,30.72981867,80.79219349,40.22798781,5.159786673,7.892706822,11.52201215,19.20780651,1.969494898,156.7378129,12.96385862,1.865413881,1.893548309,129.29508,49.26322445,21.99525213,粉砂岩
1552.75,含油水层,4.551925262,54.12571108,41.32236366,70.70051393,29.29948607,81.95844726,40.86615571,5.241640388,8.017914977,11.25793332,18.04155274,2.048185937,152.0366796,15.91418893,1.321061268,1.152584553,147.0856799,53.23719926,21.930793,粉砂岩
1552.875,含油水层,4.459674399,55.37103547,40.16929013,69.67698099,30.32301901,80.96490604,41.80640425,5.362240053,8.20239117,11.28792505,19.03509396,2.311684235,143.4031802,15.72162552,1.330113839,1.162312634,151.5004522,51.72624241,22.07129317,粉砂岩
1553,含油水层,4.502218849,55.80884118,39.68893997,68.90246932,31.09753068,80.04223558,42.13695762,5.404638019,8.267245541,11.13976625,19.95776442,2.0845641,144.8570632,15.48570799,1.354097059,1.185763878,158.3767068,53.30889813,22.07481806,粉砂岩
1553.125,含油水层,4.578399119,55.87531856,39.54628232,68.76854581,31.23145419,79.58206734,42.18714957,5.411075819,8.277093171,10.81352153,20.41793266,2.330062216,137.1317204,15.35247318,1.371790236,1.202156082,150.7982413,53.52716243,22.08523934,粉砂岩
1553.25,含油水层,4.581426941,55.66336558,39.75520748,69.64462797,30.35537203,80.50714113,42.0271202,5.390549876,8.245695506,10.86251316,19.49285887,2.08550603,135.7866072,15.31154753,1.377634118,1.209708787,135.2856409,52.93809504,22.12635114,粉砂岩
1553.375,含油水层,4.645078724,55.77426615,39.58065513,69.37178057,30.62821943,80.04521996,42.11085268,5.401289705,8.262123767,10.67343939,19.95478004,2.181143279,132.825125,15.33628523,1.370320258,1.205318262,162.378791,51.85990135,22.06510674,粉砂岩
1553.5,含油水层,4.736278405,55.34947208,39.91424951,69.81471697,30.18528303,80.67927521,41.79012339,5.360151812,8.199196876,10.86455825,19.32072479,2.241335533,155.1764902,15.45231133,1.360855748,1.196291216,153.0700078,52.53382719,22.05984476,粉砂岩
1553.625,含油水层,4.625875037,54.59753831,40.77658665,68.54817406,31.45182594,79.52703942,41.22239612,5.287333065,8.087809128,10.97886536,20.47296058,2.185120595,140.3066599,15.54995137,1.362671032,1.195287084,161.133977,54.17589146,22.23375369,粉砂岩
1553.75,含油水层,4.713060944,54.65312569,40.63381337,67.71992682,32.28007318,78.98664876,41.26436587,5.292716257,8.096043568,11.26672194,21.01335124,1.937150895,154.3350626,15.73169218,1.346208013,1.179075341,158.090667,53.36023623,22.05382277,粉砂岩
1553.875,含油水层,4.643859177,53.7722731,41.58386772,69.38036535,30.61963465,80.51454764,40.59930192,5.207412758,7.965558424,11.13418229,19.48545236,2.244887464,151.7104338,15.80442605,1.341889775,1.173815051,148.6233109,52.03608838,22.43721922,粉砂岩
1554,含油水层,4.662609481,54.61899114,40.71839938,69.39244021,30.60755979,80.54171557,41.23859349,5.289410599,8.090987044,11.14927535,19.45828443,2.119191995,139.559025,15.75381744,1.34087367,1.172819455,146.5300532,52.07534944,22.51800737,粉砂岩
1554.125,含油水层,4.74162037,54.97733573,40.2810439,69.49704836,30.50295164,80.73219177,41.50915189,5.324113395,8.144070438,11.2351434,19.26780823,2.117927513,143.966656,15.66052621,1.338418823,1.17277074,138.8320254,52.27078357,22.26912244,粉砂岩
1554.25,含油水层,4.823101441,55.44970521,39.72719335,69.64325274,30.35674726,80.75568081,41.86580171,5.369858585,8.214044916,11.11242807,19.24431919,2.266880934,142.9655241,15.57471314,1.342981103,1.176986187,155.6310025,51.53300084,22.49030012,粉砂岩
1554.375,含油水层,4.787833479,54.56323172,40.6489348,69.87396441,30.12603559,81.11200402,41.19649386,5.284010748,8.08272712,11.23803961,18.88799598,2.263402901,144.4522004,15.57377337,1.335393629,1.170538816,144.573442,51.81243598,21.83477464,粉砂岩
1554.5,含油水层,4.763771151,54.43413038,40.80209847,70.76589319,29.23410681,82.15140864,41.09901937,5.271508319,8.063602686,11.38551545,17.84859136,2.171318061,149.7066312,15.50347188,1.329758227,1.167555219,163.9705643,52.53616819,21.9302796,粉砂岩
1554.625,含油水层,4.810596015,55.52242667,39.66697731,71.6780644,28.3219356,82.78911079,41.92070809,5.376901075,8.224817513,11.11104639,17.21088921,2.309937218,145.1259997,15.55950445,1.323473096,1.16261358,147.4829168,52.47726186,21.97290783,粉砂岩
1554.75,含油水层,4.776185338,54.86445256,40.35936211,69.88427971,30.11572029,80.8510355,41.42392251,5.313181566,8.127348484,10.96675579,19.1489645,2.280504125,144.525847,15.55785039,1.321253797,1.161571454,146.0098558,51.85538465,21.95241231,粉砂岩
1554.875,含油水层,4.684003514,54.62460065,40.69139583,70.3442232,29.6557768,81.35956564,41.24282881,5.289953836,8.09181801,11.01534244,18.64043436,2.243956186,142.9562255,15.42719017,1.325598877,1.168110528,152.226806,51.48951283,21.96034854,粉砂岩
1555,含油水层,4.724533312,55.79968664,39.47578005,72.17256752,27.82743248,83.01995303,42.13004573,5.403751476,8.265889433,10.8473855,16.98004697,1.972362919,141.3495282,15.36407377,1.336091476,1.177887188,141.7348312,53.55200077,21.93920776,粉砂岩
1555.125,含油水层,4.841528989,56.27687722,38.88159379,70.85359315,29.14640685,81.70393008,42.49033558,5.44996355,8.336578083,10.85033693,18.29606992,2.084134005,142.9388974,15.13814687,1.341914372,1.18505334,158.9619809,49.98836128,22.04657625,粉砂岩
1555.25,含油水层,4.838183116,57.0429922,38.11882468,72.59157612,27.40842388,83.52067592,43.06877,5.524155633,8.450066565,10.9290998,16.47932408,1.943062029,147.5023492,14.90068989,1.357194165,1.198955687,154.5013114,52.21153856,22.06461497,粉砂岩
1555.375,含油水层,4.805298989,57.00763701,38.187064,71.48091044,28.51908956,82.65665283,43.04207602,5.520731767,8.444829222,11.17574239,17.34334717,2.055731378,144.7098243,14.68583746,1.371976307,1.212550691,144.6900846,52.71851364,22.24862075,粉砂岩
1555.5,含油水层,4.902217309,57.91237483,37.18540786,73.12661656,26.87338344,84.12107126,43.72517387,5.608348358,8.578852605,10.99445471,15.87892874,1.90127869,124.1481883,14.54134497,1.37657769,1.218112753,150.1265603,52.31507668,22.2308732,粉砂岩
1555.625,含油水层,4.770298442,57.75421559,37.47548597,72.5389849,27.4610151,83.25073012,43.60576,5.593031906,8.555423678,10.71174522,16.74926988,2.082093468,143.7679352,14.56246078,1.386889132,1.226624859,143.2331279,52.62383144,22.51951979,粉砂岩
1555.75,含油水层,4.729077048,57.08479761,38.18612534,70.4504618,29.5495382,81.12371809,43.10033405,5.528204152,8.456259412,10.67325628,18.87628191,1.855156507,136.6972355,14.61431438,1.387386231,1.228216983,147.8641319,51.94686402,22.31780799,粉砂岩
1555.875,含油水层,4.622674835,56.68051779,38.69680738,70.6024581,29.3975419,81.21786088,42.79509349,5.489052897,8.3963714,10.61540278,18.78213912,2.250046853,138.8543126,14.6725957,1.403921177,1.24099524,146.3928994,52.21909429,21.79978552,粉砂岩
1556,含油水层,4.717738488,57.74058135,37.54168016,69.33534819,30.66465181,80.06123271,43.59546584,5.591711539,8.55340397,10.72588452,19.93876729,2.043521529,143.0590387,14.73947627,1.405427877,1.240552093,139.7985442,51.62262862,21.9307792,粉砂岩
1556.125,含油水层,4.733703188,57.15810639,38.10819042,71.08951189,28.91048811,82.00745835,43.15568386,5.535303518,8.467119012,10.91794646,17.99254165,2.189563875,140.8976503,14.6560707,1.416296158,1.248491736,145.5474369,51.32987235,22.0212189,粉砂岩
1556.25,含油水层,4.654730923,58.04307764,37.30219143,69.99561564,30.00438436,80.98918961,43.82385749,5.621005876,8.598214274,10.99357398,19.01081039,1.973626322,134.5353361,14.42465564,1.433475522,1.262885301,148.5113123,51.58593119,21.96364034,粉砂岩
1556.375,含油水层,4.525507635,59.13287675,36.34161561,71.63156004,28.36843996,82.60417643,44.64668087,5.726544166,8.75965172,10.9726164,17.39582357,2.007439559,135.2958074,14.24087317,1.447787494,1.275709283,143.3718721,52.11908001,22.09616669,粉砂岩
1556.5,含油水层,4.450166832,59.81806783,35.73176533,70.23185419,29.76814581,80.9509741,45.16401588,5.792899419,8.861152536,10.71911991,19.0490259,2.027821447,134.3230686,14.05747114,1.482840031,1.3054501,144.9992785,50.58323716,21.98756552,粉砂岩
1556.625,含油水层,4.479051017,59.51983343,36.00111556,68.5394632,31.4605368,79.20637236,44.93884205,5.764017812,8.816973567,10.66690916,20.79362764,2.145511926,128.9708557,13.99050586,1.504489116,1.324553554,151.1037293,50.60813738,22.09843996,粉砂岩
1556.75,含油水层,4.507359411,59.06969641,36.42294418,67.74751916,32.25248084,78.27682928,44.59897825,5.720425657,8.750292497,10.52931012,21.72317072,2.141091838,140.0937569,14.00687423,1.534925072,1.349762478,136.2754926,52.10139285,22.12304963,粉砂岩
1556.875,含油水层,4.569227953,59.36350644,36.0672656,66.60816128,33.39183872,77.11965485,44.82081158,5.748878799,8.793816061,10.51149357,22.88034515,2.046965719,139.6875689,14.15480308,1.552732206,1.363620727,132.9283301,51.06831548,22.02924585,粉砂岩
1557,含油水层,4.685102373,58.52695801,36.78793962,65.05222591,34.94777409,75.39245033,44.18919829,5.667865803,8.669893917,10.34022442,24.60754967,2.209638057,133.8288125,14.28267679,1.565222215,1.374583693,154.2152558,50.47743478,22.16226593,粉砂岩
1557.125,含油水层,4.783239013,58.32969263,36.88706836,64.63602395,35.36397605,74.76089458,44.04025839,5.648762235,8.640671999,10.12487063,25.23910542,2.187804206,130.6023633,14.43444175,1.566116578,1.37668583,144.1220748,51.44754915,22.16185804,粉砂岩
1557.25,含油水层,4.693293558,57.58594215,37.72076429,65.19087262,34.80912738,75.05619253,43.47870969,5.576735975,8.530496484,9.865319904,24.94380747,2.226550244,131.7166022,14.56467643,1.565445393,1.377138022,145.1290277,51.14490782,21.7473987,粉砂岩
1557.375,含油水层,4.688183319,58.09489723,37.21691945,64.62564777,35.37435223,74.60492063,43.86298247,5.626024186,8.60589057,9.979272855,25.39507937,1.992124317,126.6191781,14.5506949,1.565641921,1.379370505,148.3118748,50.59235152,22.25883985,粉砂岩
1557.5,含油水层,4.723463108,58.66912385,36.60741304,65.30787642,34.69212358,75.26294416,44.29653677,5.681633422,8.69095366,9.955067741,24.73705584,2.049512838,134.5659008,14.47512437,1.567383837,1.381619381,150.5533775,50.91789322,21.85567199,粉砂岩
1557.625,含油水层,4.707036024,59.10526486,36.18769911,65.62220429,34.37779571,75.73691249,44.62583325,5.723870176,8.755561431,10.11470819,24.26308751,2.236646771,150.4867959,14.33751175,1.589777001,1.400193455,150.2774326,50.96759025,22.23673519,粉砂岩
1557.75,含油水层,4.682692514,59.14856772,36.16873976,64.22936101,35.77063899,74.19464794,44.65852791,5.728063711,8.761976103,9.965286922,25.80535206,2.258810905,147.5443787,14.18929191,1.614140562,1.419583263,140.2233864,50.18691737,22.30058007,粉砂岩
1557.875,含油水层,4.654676563,59.77091434,35.57440909,63.65847722,36.34152278,73.89394126,45.12841391,5.788332982,8.854167452,10.23546404,26.10605874,2.039313806,131.7771959,14.08252564,1.641835804,1.440063288,125.187566,52.84898394,22.05988671,粉砂岩
1558,含油水层,4.644976821,59.99635033,35.35867285,63.22903896,36.77096104,73.59967082,45.29862326,5.810164647,8.887562423,10.37063186,26.40032918,2.142097025,138.3370732,13.99919185,1.665320519,1.45927056,132.4845602,51.6727864,21.95096784,粉砂岩
1558.125,含油水层,4.751167222,60.12998154,35.11885124,63.81410907,36.18589093,73.9501263,45.39951789,5.823105756,8.907357889,10.13601723,26.0498737,2.033168328,126.9454059,13.9642062,1.66738702,1.461818144,136.2138429,51.94012622,22.11293172,粉砂岩
1558.25,含油水层,4.682259388,59.50974732,35.80799329,64.53747492,35.46252508,74.40844672,44.93122681,5.763041054,8.815479461,9.870971799,25.59155328,2.134756359,123.2101207,13.90523024,1.664093949,1.462443537,135.2432594,50.2728092,21.84119042,粉砂岩
1558.375,含油水层,4.674577028,60.31429186,35.01113111,65.15458398,34.84541602,74.94354869,45.53867642,5.84095473,8.934660707,9.788964709,25.05645131,2.270404237,140.8332018,13.76211927,1.665572059,1.469312379,136.0301403,50.25262701,22.02095413,粉砂岩
1558.5,含油水层,4.567092721,61.45469884,33.97820843,65.56332027,34.43667973,75.20269327,46.3997099,5.951393987,9.103594955,9.639372992,24.79730673,2.238998681,145.1555016,13.69378272,1.652263187,1.461952868,148.1906111,51.66020138,21.85452394,粉砂岩
1558.625,含油水层,4.591989085,60.74380005,34.66421087,66.82759626,33.17240374,76.50047418,45.86296498,5.882549149,8.998285925,9.672877929,23.49952582,2.06702082,137.3145779,13.4975278,1.663234927,1.47473859,137.4426866,49.84851323,21.69878715,粉砂岩
1558.75,含油水层,4.592741139,61.54903852,33.85822034,66.4620595,33.5379405,76.00517833,46.47093853,5.960530027,9.117569967,9.543118829,23.99482167,2.33128822,123.5096311,13.3717249,1.66114229,1.476110219,142.8407499,50.61187122,22.34944446,粉砂岩
1558.875,含油水层,4.511257964,61.58460417,33.90413787,67.68423359,32.31576641,77.15066273,46.49779141,5.963974275,9.122838487,9.466429144,22.84933727,2.149816262,132.4170401,13.36321439,1.642789184,1.461130578,134.8989951,50.25068759,22.37409231,粉砂岩
1559,含油水层,4.442709925,61.39794367,34.1593464,68.23203973,31.76796027,77.96705904,46.35685844,5.945897705,9.095187524,9.735019306,22.03294096,2.237698152,120.618308,13.27048184,1.649583303,1.465981091,142.4256514,51.19668029,22.1400895,粉砂岩
1559.125,含油水层,4.467312062,61.73802822,33.79465972,67.48341733,32.51658267,77.4667131,46.61363009,5.978832161,9.145565965,9.983295766,22.5332869,2.272917403,123.3391625,13.2583709,1.645612316,1.459646753,131.8374634,48.93182946,22.33873137,粉砂岩
1559.25,含油水层,4.393566222,61.68910572,33.91732806,67.11594886,32.88405114,77.25937309,46.57669248,5.974094411,9.138318829,10.14342424,22.74062691,2.244091882,138.5021146,13.21880773,1.647785519,1.459935878,129.7084765,51.28290325,22.04925888,粉砂岩
1559.375,含油水层,4.50093564,61.95766711,33.54139725,68.05065399,31.94934601,77.92439737,46.7794625,6.000102424,9.178102184,9.873743384,22.07560263,2.226444596,129.865536,13.20476872,1.6470214,1.459675998,139.2959965,50.24733632,21.9485943,粉砂岩
1559.5,含油水层,4.524852398,61.47347247,34.00167513,68.60882768,31.39117232,78.3539435,46.41388442,5.953212062,9.106375986,9.745115821,21.6460565,2.024836319,140.8951251,13.28860244,1.62788048,1.443657873,130.686983,51.60662236,22.14517925,粉砂岩
1559.625,含油水层,4.464651061,60.73860072,34.79674822,68.72810757,31.27189243,78.69030851,45.85903936,5.882045635,8.997515722,9.962200945,21.30969149,2.046586556,129.1763593,13.33210529,1.624704852,1.442799908,136.0865037,50.21480837,21.9066913,粉砂岩
1559.75,含油水层,4.516710347,61.20431556,34.27897409,66.84464985,33.15535015,76.58317507,46.21066477,5.927146378,9.066504414,9.738525229,23.41682493,2.243505041,132.4117453,13.42798695,1.635891984,1.451404221,140.8235269,50.44735904,22.03288874,粉砂岩
1559.875,含油水层,4.630469745,61.12109429,34.24843596,64.85479949,35.14520051,74.52437171,46.1478308,5.919087066,9.054176427,9.669572217,25.47562829,2.014688998,134.2312732,13.55541586,1.635383733,1.450918618,135.4978459,51.14730942,21.90178377,粉砂岩
1560,含油水层,4.701583235,60.1928904,35.10552636,66.46080503,33.53919497,75.93840046,45.44701553,5.829197974,8.916676897,9.477595428,24.06159954,2.312317318,142.1724092,13.67160967,1.645457521,1.461567664,130.7563106,51.83472791,22.08263365,粉砂岩
1560.125,含油水层,4.807343785,59.62761063,35.56504558,65.38810374,34.61189626,74.60200536,45.02021631,5.774455169,8.832939149,9.213901616,25.39799464,2.261678469,125.1780802,13.90914712,1.63770177,1.45679434,141.0634282,50.21952656,21.94796879,粉砂岩
1560.25,含油水层,4.825263864,58.77238577,36.40235037,64.02389075,35.97610925,72.98309524,44.37450189,5.69163351,8.70625037,8.959204494,27.01690476,2.118218147,130.0578174,14.21412054,1.600542313,1.42891594,141.7513004,51.69754994,22.12325504,粉砂岩
1560.375,含油水层,4.93319616,57.7378472,37.32895664,65.06264026,34.93735974,73.78456469,43.59340149,5.591446759,8.552998946,8.721924431,26.21543531,1.961821662,117.7475374,14.42610842,1.588125539,1.421241237,129.6848385,51.85700514,22.08574874,粉砂岩
1560.5,含油水层,4.847255966,58.04088026,37.11186377,64.82375056,35.17624944,73.36694096,43.82219842,5.620793077,8.597888764,8.543190408,26.63305904,2.229741953,141.0809367,14.57295664,1.571139871,1.409415222,136.948017,52.13504588,22.05626271,粉砂岩
1560.625,含油水层,4.891004794,58.04933441,37.05966079,65.46967628,34.53032372,74.00330142,43.8285815,5.621611793,8.59914112,8.533625145,25.99669858,2.356203665,147.9366038,14.63507142,1.55567374,1.399333355,132.7950434,50.22964294,21.94305977,粉砂岩
1560.75,含油水层,4.981056934,57.96551282,37.05343024,65.28790437,34.71209563,73.71737594,43.76529427,5.613494346,8.586724205,8.429471577,26.28262406,1.954743032,135.6637418,14.70265462,1.547634583,1.393774097,144.2496284,50.07197063,22.07511883,粉砂岩
1560.875,含油水层,5.109624397,56.93191853,37.95845708,65.22384331,34.77615669,73.68484971,42.98490683,5.51339904,8.433612661,8.461006399,26.31515029,1.86197215,139.4835429,14.8597854,1.536911006,1.384616505,138.6517616,50.44173527,21.96157455,粉砂岩
1561,含油水层,5.12518841,56.29832601,38.57648557,63.96791646,36.03208354,72.38700857,42.50652992,5.452040694,8.339755402,8.419092103,27.61299143,2.223577572,132.7393419,15.02236593,1.528484065,1.377921739,140.97589,52.24899575,22.12327819,粉砂岩
1561.125,含油水层,5.075203262,56.34171543,38.58308131,64.20034764,35.79965236,72.42096108,42.53928992,5.45624261,8.346182895,8.220613434,27.57903892,2.105312212,135.3872966,15.25260456,1.502083062,1.355568794,148.0871883,50.84796244,22.01516076,粉砂岩
1561.25,含油水层,5.158286813,55.3770416,39.46467158,65.67692778,34.32307222,73.88819433,41.81093902,5.362821698,8.203280889,8.211266554,26.11180567,2.06492653,130.0856376,15.34869145,1.491896861,1.347476545,151.1076294,51.82344206,22.01271961,粉砂岩
1561.375,含油水层,5.141970956,55.89270359,38.96532546,65.28582742,34.71417258,73.5174371,42.20027566,5.41275942,8.279668503,8.23160968,26.4825629,2.108152068,130.0491478,15.43452486,1.466142517,1.326375042,155.5440388,51.48382032,22.00920961,粉砂岩
1561.5,含油水层,5.153648458,55.13133386,39.71501768,66.59764057,33.40235943,74.92610642,41.62542402,5.339026877,8.166882959,8.328465848,25.07389358,1.996903905,145.6188555,15.52490913,1.449645643,1.311752343,151.8460716,53.53248299,22.15749255,粉砂岩
1561.625,含油水层,5.219520892,55.18623743,39.59424168,65.30077742,34.69922258,73.67756832,41.66687748,5.344343847,8.175016103,8.376790895,26.32243168,2.229052227,144.7594616,15.5434468,1.452201668,1.312788401,150.8877452,52.91933527,21.98753054,粉砂岩
1561.75,含油水层,5.262134608,55.16921812,39.56864727,64.98407337,35.01592663,73.42664662,41.65402751,5.342695663,8.172494946,8.44257325,26.57335338,2.244595708,148.2064035,15.64550697,1.451401414,1.309921079,150.8231128,50.87045477,22.13155599,粉砂岩
1561.875,含油水层,5.23120777,54.85177547,39.91701676,63.8443789,36.1556211,72.36295918,41.41435102,5.311953892,8.125470563,8.518580284,27.63704082,2.109909513,143.2476581,15.71279927,1.459201252,1.315604226,145.5392845,51.67699743,21.9236923,粉砂岩
1562,含油水层,5.311399122,54.52574627,40.16285461,64.37099225,35.62900775,72.7528094,41.16819147,5.280380583,8.07717421,8.381817149,27.2471906,1.887230636,146.1427853,15.84796951,1.459871348,1.315778231,152.4080261,53.00359065,22.09984558,粉砂岩
1562.125,含油水层,5.167225486,53.95672879,40.87604572,63.22387775,36.77612225,71.35487852,40.7385702,5.22527581,7.992882777,8.131000763,28.64512148,2.294056259,160.5996153,16.00006797,1.467303206,1.320725374,142.7051115,52.41510065,22.21498046,粉砂岩
1562.25,含油水层,5.035236847,53.9408589,41.02390425,61.64458429,38.35541571,69.85266477,40.72658807,5.223738939,7.990531891,8.208080474,30.14733523,2.286601473,141.5260038,16.03751869,1.484836139,1.335794658,146.0714616,52.18452561,22.14500922,粉砂岩
1562.375,含油水层,4.931796857,54.88016519,40.18803796,60.76599245,39.23400755,68.83589639,41.4357859,5.314703208,8.129676075,8.069903941,31.16410361,2.262917964,143.384609,16.13832105,1.491482468,1.339853088,141.5014851,52.43306748,22.0824812,粉砂岩
1562.5,含油水层,4.927233124,53.83491981,41.23784707,61.86298741,38.13701259,70.11383953,40.64660162,5.213479588,7.974838597,8.250852126,29.88616047,2.30342517,146.5846052,16.24329591,1.48249622,1.329743752,150.0086786,53.00396056,21.95012547,粉砂岩
1562.625,含油水层,5.021488086,52.87032722,42.10818469,63.0411316,36.9588684,71.52284088,39.91831205,5.120066544,7.831948625,8.481709278,28.47715912,2.186402303,151.5227827,16.38761432,1.452089595,1.303859073,151.9080682,55.44529801,21.83214873,粉砂岩
1562.75,含油水层,5.058898687,52.13457743,42.80652388,64.29916895,35.70083105,72.57133225,39.36280405,5.048815087,7.722958293,8.272163296,27.42866775,2.062956879,161.5858629,16.59234484,1.413699216,1.2716231,161.1267195,52.36211934,21.94469251,粉砂岩
1562.875,含油水层,5.197030615,52.30699778,42.49597161,63.62956257,36.37043743,71.7149346,39.49298538,5.065512612,7.748499789,8.085372028,28.2850654,2.074039903,142.5792391,16.62865275,1.393336532,1.257068509,151.4692584,52.58598324,22.06947696,粉砂岩
1563,含油水层,5.049596371,53.19418314,41.75622049,64.54805367,35.45194633,72.39302717,40.16283071,5.151429388,7.879923038,7.844973496,27.60697283,2.283210847,142.5110149,16.59487067,1.381473791,1.249982928,157.9864977,52.31834722,21.94200076,粉砂岩
1563.125,含油水层,5.112675902,53.01789164,41.86943246,65.49330024,34.50669976,73.54091457,40.02972658,5.134356973,7.853808088,8.047614333,26.45908543,2.10658409,152.051865,16.40600698,1.401072163,1.267498302,153.9586725,52.26673624,22.05281565,粉砂岩
1563.25,含油水层,5.080735119,54.20136423,40.71790065,63.89914953,36.10085047,72.17239397,40.92327558,5.248966787,8.02912186,8.273244432,27.82760603,1.971988875,144.555932,16.35662138,1.412139,1.276800218,157.3795783,53.27451762,22.22775378,粉砂岩
1563.375,含油水层,5.200582815,52.93106262,41.86835457,62.59652243,37.40347757,70.69038063,39.96416867,5.125948279,7.840945666,8.093858202,29.30961937,2.051609025,146.5511038,16.40900836,1.421833875,1.28205562,147.5388135,52.17169474,21.78655423,粉砂岩
1563.5,含油水层,5.137010975,52.74886982,42.1141192,62.25002806,37.74997194,70.5788248,39.82660893,5.108304371,7.813956528,8.328796738,29.4211752,1.992168088,139.0093121,16.39724482,1.440282984,1.294745712,149.7492775,52.19891554,22.04944467,粉砂岩
1563.625,含油水层,5.160793369,53.32677895,41.51242768,62.68844294,37.31155706,71.24505125,40.26294359,5.164270227,7.899565125,8.556608308,28.75494875,2.303422573,138.2729192,16.4632793,1.449990092,1.300608761,166.9542159,53.55791643,21.83896638,粉砂岩
1563.75,含油水层,5.304904994,53.57414678,41.12094823,61.51414187,38.48585813,70.13137489,40.44971199,5.188225815,7.936208971,8.617233021,29.86862511,2.235217643,136.5906965,16.41339239,1.459214324,1.307308425,161.8483427,53.22400141,22.09140966,粉砂岩
1563.875,含油水层,5.368942371,53.43381235,41.19724528,61.91342598,38.08657402,70.32538244,40.34375627,5.174635552,7.915420523,8.411956454,29.67461756,2.241059785,151.675981,16.35515062,1.473225203,1.320251874,155.297725,52.56485843,21.95416345,粉砂岩
1564,含油水层,5.523467173,53.33682874,41.13970409,61.08737319,38.91262681,69.33067676,40.27053142,5.165243469,7.901053851,8.243303574,30.66932324,2.172493868,149.1858526,16.40418457,1.49202151,1.338052066,145.307832,52.43746898,21.94045861,粉砂岩
1564.125,含油水层,5.670300371,52.93849844,41.39120119,59.49185772,40.50814228,67.56943161,39.96978289,5.126668379,7.842047173,8.077573895,32.43056839,2.216778238,150.4761763,16.50973175,1.486840468,1.336617776,156.5025483,51.57275578,22.27218792,粉砂岩
1564.25,含油水层,5.667870984,52.40020095,41.93192807,60.96082467,39.03917533,68.96297618,39.56335591,5.07453859,7.762306446,8.002151509,31.03702382,2.220044614,140.1291666,16.50456787,1.491606753,1.342353517,146.0407825,53.07999882,22.131347,粉砂岩
1564.375,含油水层,5.780330357,53.39317033,40.82649931,61.40273138,38.59726862,69.61345793,40.31307062,5.1706997,7.909400016,8.210726553,30.38654207,1.987890814,128.9205793,16.43407883,1.4939579,1.345619069,148.1841735,53.36921199,21.90720976,粉砂岩
1564.5,含油水层,5.710564079,53.96266151,40.32677441,61.77505773,38.22494227,69.9762633,40.74304954,5.225850346,7.993761621,8.20120557,30.0237367,2.114698906,150.5363951,16.30135259,1.49075726,1.343575874,126.6184451,50.27517832,21.96763744,粉砂岩
1564.625,含油水层,5.677689016,54.13385096,40.18846003,61.72579617,38.27420383,69.99666084,40.87230151,5.24242867,8.019120779,8.270864673,30.00333916,2.291604929,139.3019083,16.11255701,1.508994952,1.35967523,153.1200421,50.00526636,21.99593489,粉砂岩
1564.75,含油水层,5.748704001,54.39332599,39.85797001,61.00219254,38.99780746,69.13617803,41.06821112,5.267556742,8.057558126,8.133985491,30.86382197,2.185034658,144.362812,16.11664065,1.510949426,1.361973321,154.5323722,52.3540284,22.15854208,粉砂岩
1564.875,含油水层,5.917919414,53.33468389,40.7473967,61.11004478,38.88995522,69.22759708,40.26891201,5.165035758,7.900736124,8.117552299,30.77240292,2.05340907,140.6580858,16.21098336,1.500987111,1.354461604,155.1344492,51.47645341,22.14685652,粉砂岩
1565,含油水层,6.039184563,52.8078026,41.15301283,61.96029424,38.03970576,70.02042842,39.87110453,5.114011537,7.822686538,8.060134189,29.97957158,1.944921458,140.1868514,16.22980242,1.50558478,1.359895447,142.6886917,51.5317601,22.27066658,粉砂岩
1565.125,含油水层,6.180674141,53.83077597,39.98854989,60.94409605,39.05590395,69.06366406,40.64347293,5.213078291,7.97422475,8.119568011,30.93633594,2.177034025,145.5645263,16.34673623,1.496642532,1.351709085,150.9999972,52.33753168,21.9283722,粉砂岩
1565.25,含油水层,6.242056619,52.95561966,40.80232372,60.68570494,39.31429506,69.00813108,39.9827098,5.128326432,7.844583425,8.322426135,30.99186892,2.205691969,146.1861498,16.39548143,1.500009828,1.353339645,155.4492467,52.48640213,21.82606969,粉砂岩
1565.375,含油水层,6.151668355,52.81321244,41.0351192,60.00833569,39.99166431,68.33669796,39.87518908,5.114535437,7.823487925,8.32836227,31.66330204,2.267458834,140.886658,16.3419616,1.525022624,1.372448216,146.3196745,53.53540899,21.98558371,粉砂岩
1565.5,含油水层,6.210542006,53.57045097,40.21900703,59.26357752,40.73642248,67.67345317,40.44692157,5.187867905,7.935661492,8.409875653,32.32654683,2.208003495,163.9650859,16.44370263,1.519393238,1.365285779,142.9204013,53.8662611,21.92802574,粉砂岩
1565.625,含油水层,6.126626315,52.79155861,41.08181507,60.28463171,39.71536829,68.68183575,39.85883994,5.112438437,7.820280234,8.397204044,31.31816425,2.177390644,150.3166796,16.4759487,1.517126925,1.363429003,153.4114453,51.72650869,22.08963419,粉砂岩
1565.75,含油水层,6.096411643,52.68874209,41.21484626,60.55724335,39.44275665,68.75028013,39.78121111,5.102481483,7.805049503,8.193036785,31.24971987,2.067613933,147.8047208,16.57628852,1.513319278,1.359455161,137.4111227,52.75800889,21.97310276,粉砂岩
1565.875,含油水层,5.933223879,51.90549906,42.16127706,59.18100258,40.81899742,67.38178397,39.18984462,5.026630686,7.689023756,8.200781387,32.61821603,2.322244964,156.038918,16.80468472,1.494535521,1.342223325,143.0592325,51.67528841,22.03581968,粉砂岩
1566,含油水层,5.798186823,51.32217229,42.87964089,58.71701412,41.28298588,66.91768095,38.7494195,4.970140173,7.602612615,8.200666826,33.08231905,2.275743464,144.5987207,16.89808023,1.490219815,1.338656195,145.1298792,53.63320187,21.99705039,粉砂岩
1566.125,含油水层,5.930006498,51.94727449,42.12271901,59.64080364,40.35919636,67.77564389,39.22138603,5.030676301,7.695212161,8.134840244,32.22435611,2.214684722,160.2016078,16.99632485,1.480107138,1.329053692,156.9837058,53.46847904,21.9391455,粉砂岩
1566.25,含油水层,6.017621632,51.63843054,42.34394783,60.65437699,39.34562301,68.91916125,38.98820175,5.000767245,7.649461547,8.264784254,31.08083875,2.066882729,150.1814691,16.93816177,1.483059529,1.332157189,153.4273628,53.75626869,21.99218486,粉砂岩
1566.375,含油水层,6.114168787,52.42464735,41.46118386,59.56918347,40.43081653,67.82585531,39.58181351,5.076906028,7.765927815,8.25667184,32.17414469,2.085639131,141.1564861,16.82421591,1.480900814,1.33155468,145.9321109,54.24165177,22.39476334,粉砂岩
1566.5,含油水层,5.976744573,52.29726147,41.72599396,60.52105873,39.47894127,68.82298463,39.48563424,5.064569729,7.747057501,8.301925901,31.17701537,2.163556403,151.557327,16.71038617,1.478996756,1.331383706,143.0993058,52.57736965,22.57167594,粉砂岩
1566.625,含油水层,6.026798625,52.95500404,41.01819733,61.43721424,38.56278576,69.59045737,39.982245,5.128266814,7.84449223,8.153243133,30.40954263,2.18320036,153.1420683,16.62342298,1.473101371,1.327571208,159.5036711,51.23189099,22.45441434,粉砂岩
1566.75,含油水层,6.00795944,52.37252255,41.61951801,62.67778824,37.32221176,70.93931538,39.54245809,5.07185816,7.758206305,8.261527143,29.06068462,2.027734163,155.6650824,16.59091366,1.455587466,1.313771627,156.5050612,53.32774623,22.54744921,粉砂岩
1566.875,含油水层,6.152699403,52.44783715,41.39946345,62.46273501,37.53726499,70.78674198,39.59932234,5.079151774,7.769363037,8.324006973,29.21325802,2.127858208,163.1798795,16.44359464,1.454919646,1.31442692,156.0070227,52.88458389,22.02996509,粉砂岩
1567,含油水层,6.067299686,53.62262446,40.31007586,62.61987466,37.38012534,71.04891325,40.48631375,5.192920489,7.943390215,8.429038592,28.95108675,2.124801905,155.0432324,16.28009706,1.472803877,1.328956989,148.0702712,52.84716361,21.99081074,粉砂岩
1567.125,含油水层,6.237460219,54.61983213,39.14270765,61.22467396,38.77532604,69.78870121,41.23922846,5.289492043,8.091111625,8.564027251,30.21129879,2.137588922,148.2622155,16.01003675,1.513718661,1.363867529,139.4543559,54.04215422,22.05585181,粉砂岩
1567.25,含油水层,6.240019126,55.37391163,38.38606924,60.7849947,39.2150053,69.30010704,41.80857582,5.362518586,8.20281723,8.515112343,30.69989296,1.980436391,156.8723143,15.78480008,1.559717851,1.401977423,143.9735517,50.38110931,21.78011014,粉砂岩
1567.375,含油水层,6.413579061,55.08465897,38.50176197,59.38005452,40.61994548,68.01502742,41.59018341,5.334506789,8.159968772,8.634972895,31.98497258,2.21653388,159.7682822,15.66615308,1.592412844,1.42945417,149.8640584,52.20816565,22.00909388,粉砂岩
1567.5,含油水层,6.313754582,55.08856397,38.59768145,59.92345091,40.07654909,68.44342508,41.59313178,5.334884957,8.16054724,8.519974172,31.55657492,2.100794232,153.1395179,15.66790187,1.601493577,1.437829013,144.4210581,51.64296475,22.04109782,粉砂岩
1567.625,含油水层,6.229828637,54.75534901,39.01482235,60.05167707,39.94832293,68.38098436,41.34154682,5.302615764,8.111186424,8.329307288,31.61901564,1.983718308,135.4437651,15.77688986,1.606771665,1.443134952,142.6047725,50.17589478,21.81661991,粉砂岩
1567.75,含油水层,6.379264682,54.41480548,39.20592984,58.70766418,41.29233582,66.8294476,41.08442863,5.269636858,8.060739991,8.121783421,33.1705524,2.135561511,154.0975542,15.85633437,1.61211992,1.44885862,149.9755345,51.6684585,21.96525874,粉砂岩
1567.875,含油水层,6.466195322,54.43813355,39.09567113,57.73694282,42.26305718,65.94000019,41.10204186,5.271895994,8.064195696,8.203057362,34.05999981,2.198993772,153.3041582,15.89688922,1.623369412,1.46086019,143.5403076,53.92563771,21.83923489,粉砂岩
1568,含油水层,6.613000099,54.80217628,38.58482362,58.14449102,41.85550898,66.16331126,41.37690249,5.307150609,8.118123184,8.018820241,33.83668874,2.304398933,146.8036645,15.98497946,1.643295587,1.479078511,157.6847209,51.00210944,22.06801868,粉砂岩
1568.125,含油水层,6.4788887,54.1548041,39.3663072,56.59489428,43.40510572,64.41420611,40.88812161,5.244457813,8.022224673,7.819311827,35.58579389,2.225078458,146.3171413,15.93451361,1.68197009,1.511180647,141.4679366,50.84904832,22.14404553,粉砂岩
1568.25,含油水层,6.32448415,55.4018282,38.27368765,54.9806748,45.0193252,62.91796807,41.82965346,5.365222081,8.206952652,7.937293271,37.08203193,2.175026034,145.0122919,15.94769943,1.713475581,1.536612676,139.2220426,52.51133495,22.15119503,粉砂岩
1568.375,含油水层,6.334347577,54.7591107,38.90654172,54.05195659,45.94804341,62.0394545,41.34438698,5.302980053,8.111743662,7.987497909,37.9605455,2.351111881,140.4566637,16.02471758,1.739327423,1.556396358,135.8166549,52.08388474,22.05419459,粉砂岩
1568.5,含油水层,6.270576577,54.52846833,39.20095509,54.17874612,45.82125388,61.96493436,41.1702467,5.280644193,8.077577444,7.786188242,38.03506564,2.34829475,153.884818,15.95353723,1.754805442,1.569764788,133.7482495,51.21321701,21.94927604,粉砂岩
1568.625,含油水层,6.284005328,55.0853243,38.63067037,55.73737619,44.26262381,63.43944982,41.59068575,5.33457122,8.16006733,7.702073625,36.56055018,2.275703528,144.4825588,16.06285813,1.747619033,1.564511111,136.3456665,50.60588701,22.11909055,粉砂岩
1568.75,含油水层,6.469113127,54.26884801,39.26203886,54.42636008,45.57363992,62.12844578,40.97422739,5.25550205,8.039118574,7.702085693,37.87155422,2.197353756,147.3941694,16.02151517,1.761821478,1.577936554,151.5581849,51.14854323,21.95870163,粉砂岩
1568.875,含油水层,6.285617073,55.34511515,38.36926778,53.14281638,46.85718362,60.84900843,41.78683381,5.359729877,8.198551461,7.706192051,39.15099157,2.209120139,152.4040861,15.88222839,1.777973727,1.591841767,145.745457,52.66765897,21.98502855,粉砂岩
1569,含油水层,6.135196557,56.05676246,37.80804099,54.23168264,45.76831736,62.07331913,42.32414388,5.428647203,8.303971372,7.841636494,37.92668087,2.350291954,147.4332516,15.80316902,1.815683261,1.619606758,135.1730814,51.03939404,21.97189995,粉砂岩
1569.125,含油水层,6.082915258,56.2674835,37.64960124,52.75843874,47.24156126,60.80457217,42.48324311,5.449053844,8.335186545,8.046133424,39.19542783,2.229293678,134.0617801,15.65477806,1.862818074,1.653369068,131.2147711,50.6705909,22.16114178,粉砂岩
1569.25,含油水层,5.966334989,56.25893654,37.77472847,51.34732458,48.65267542,59.5608229,42.47678996,5.44822614,8.33392044,8.213498321,40.4391771,2.277042711,144.0262237,15.52338925,1.91195977,1.687453009,156.5167249,51.42535614,22.03925712,粉砂岩
1569.375,含油水层,5.87267793,57.11271051,37.01461156,49.9824243,50.0175757,58.30986366,43.12140893,5.530907291,8.460394291,8.327439359,41.69013634,2.319570339,160.9007316,15.40686683,1.955650347,1.720144935,136.3747549,52.1651499,21.98193127,粉砂岩
1569.5,含油水层,5.70852239,57.68045036,36.61102725,51.34977118,48.65022882,59.43018993,43.55006556,5.585888336,8.544496462,8.080418755,40.56981007,2.256277643,132.7550182,15.3174634,1.990773296,1.745635916,138.2345633,51.96765556,22.02595492,粉砂岩
1569.625,含油水层,5.704698476,57.52016296,36.77513856,50.47105454,49.52894546,58.74944873,43.42904489,5.570365789,8.52075228,8.278394187,41.25055127,2.215338757,131.9885072,15.15590846,2.008296094,1.761612694,134.9859741,50.38654577,22.00043393,粉砂岩
1569.75,含油水层,5.75259062,58.01921536,36.22819402,51.73747611,48.26252389,59.88911595,43.80584092,5.618695005,8.594679433,8.15163984,40.11088405,2.146383889,134.712025,15.01812275,1.99087305,1.751135269,146.6589762,50.1759791,22.04969741,粉砂岩
1569.875,含油水层,5.626921087,58.35366455,36.01941436,53.25209155,46.74790845,61.43303924,44.05835775,5.651083723,8.644223081,8.180947685,38.56696076,2.079390755,131.3543955,14.9083328,1.98502441,1.747246006,122.376349,52.39384428,22.04631913,粉砂岩
1570,含油水层,5.637483753,58.68217469,35.68034156,53.30312683,46.69687317,61.53647287,44.30639045,5.682897291,8.692886947,8.233346041,38.46352713,2.325629367,134.026338,14.68637239,1.984356743,1.750639654,140.5284439,48.97842971,22.01812445,粉砂岩
1570.125,含油水层,5.671319826,59.63568622,34.69299396,53.4973014,46.5026986,61.78870667,45.02631357,5.775237224,8.834135426,8.291405271,38.21129333,2.294513353,131.2594828,14.57065447,1.980542486,1.749779521,136.3373631,51.11549879,21.93838137,粉砂岩
1570.25,含油水层,5.542153249,59.1544474,35.30339935,53.56625367,46.43374633,61.62654829,44.6629672,5.728633111,8.76284709,8.060294617,38.37345171,2.151777723,130.0786113,14.40622399,2.011228574,1.777912892,124.1785763,50.00716461,22.13603616,粉砂岩
1570.375,含油水层,5.400075842,60.26870074,34.33122342,52.66251307,47.33748693,60.55010228,45.50425408,5.836539597,8.927907065,7.887589203,39.44989772,2.428936247,140.695076,14.34273496,2.043345023,1.805825073,139.5334714,49.23725268,21.97555351,粉砂岩
1570.5,含油水层,5.481820309,59.62718342,34.89099627,51.26608287,48.73391713,59.16266795,45.01989376,5.774413796,8.832875863,7.896585082,40.83733205,2.230721093,131.2058822,14.33798548,2.072936488,1.832184658,129.1449297,49.70050705,22.12775199,粉砂岩
1570.625,含油水层,5.438508615,60.03278324,34.52870815,50.92540999,49.07459001,58.66802468,45.32613094,5.813692881,8.892959413,7.742614687,41.33197532,2.210466244,134.7234225,14.35955644,2.108017355,1.859451648,135.9675508,49.94143058,21.90995955,粉砂岩
1570.75,含油水层,5.460486303,59.267299,35.2722147,50.15667836,49.84332164,58.08963364,44.74817275,5.739561881,8.779564366,7.932955279,41.91036636,2.280590599,134.8755577,14.5565201,2.111909012,1.857634182,131.6329467,50.64731848,21.7962198,粉砂岩
1570.875,含油水层,5.569564772,58.35486784,36.07556739,49.73327112,50.26672888,57.82300033,44.05926626,5.651200252,8.64440133,8.089729214,42.17699967,2.289893472,135.7613273,14.74965865,2.082975209,1.83031122,135.3257696,50.14366238,22.03601463,粉砂岩
1571,含油水层,5.475357824,57.52647964,36.99816253,51.20842248,48.79157752,59.31568422,43.43381413,5.570977509,8.521688003,8.107261734,40.68431578,2.064476389,123.9755708,14.98198344,2.048126523,1.796732018,140.4071386,50.06244691,22.52637492,粉砂岩
1571.125,含油水层,5.385230185,57.51755058,37.09721923,50.77967747,49.22032253,58.8287214,43.42707249,5.570112801,8.520365295,8.049043933,41.1712786,2.087461682,131.7159798,15.19393284,1.993266621,1.748349502,138.5390179,49.9441985,22.5909021,粉砂岩
1571.25,含油水层,5.253437251,56.81675753,37.92980522,52.13553248,47.86446752,60.35243946,42.89795763,5.502246622,8.416553281,8.216906986,39.64756054,2.192711739,131.1004684,15.40258865,1.930449873,1.695721365,142.2163406,52.2484143,22.23861987,粉砂岩
1571.375,含油水层,5.231839946,55.90535087,38.86280919,52.63541141,47.36458859,60.75941275,42.20982465,5.413984207,8.281542008,8.124001336,39.24058725,2.126105015,131.6551042,15.64448398,1.891802425,1.663009199,139.2771956,52.36791689,22.43051544,粉砂岩
1571.5,含油水层,5.201945092,54.94383106,39.85422385,51.7179753,48.2820247,59.62406823,41.4838551,5.320868737,8.139107222,7.906092934,40.37593177,2.057609661,140.2685584,15.97321725,1.832327139,1.613736911,149.9390779,52.0090633,22.11370105,粉砂岩
1571.625,含油水层,5.084710984,53.91989922,40.99538979,52.33795184,47.66204816,60.08179244,40.71076303,5.221709162,7.987427027,7.743840598,39.91820756,2.131465402,145.2998864,16.21331455,1.812649338,1.597787097,144.7455638,52.91511462,22.14000984,粉砂岩
1571.75,含油水层,4.942583333,54.43517648,40.62224019,50.95698861,49.04301139,58.66835914,41.0998092,5.271609626,8.06375765,7.711370535,41.33164086,2.328920034,138.1961427,16.46198098,1.793933169,1.581003285,152.6863303,52.14598264,21.88963319,粉砂岩
1571.875,含油水层,5.055482679,53.3827449,41.56177242,51.42216648,48.57783352,59.3195575,40.30519918,5.169690081,7.907855644,7.897391016,40.6804425,2.114856496,145.5974833,16.65432831,1.7701028,1.559459189,157.4539393,52.69588856,22.05266349,粉砂岩
1572,含油水层,5.165668088,52.85506,41.97927192,51.83605901,48.16394099,59.8255474,39.90678495,5.118588036,7.829687014,7.989488391,40.1744526,2.28802816,146.8602935,17.576291,1.536827065,1.376793552,149.4860692,53.49840764,22.28658712,粉砂岩
1572.125,非储层,1.718851204,43.76620917,54.51493963,96.58885825,3.411141754,96.94880481,38.27461549,1.49953242,3.992061257,0.359946567,3.051195187,2.197542864,155.2417737,18.63594809,1.288004232,1.182080555,157.6307715,55.11794382,21.93314904,泥岩
1572.25,非储层,1.751505279,42.68100655,55.56748817,94.28185182,5.718148177,94.63636714,37.32557938,1.462350846,3.893076323,0.354515319,5.363632858,2.270025552,169.2813511,19.55461188,1.049737451,0.99677914,141.4981933,55.94362944,22.02639712,泥岩
1572.375,非储层,1.801204472,43.1062579,55.09253763,96.95790683,3.042093174,97.31107918,37.69747204,1.476920949,3.93186491,0.353172358,2.688920816,2.235444073,152.1882251,20.54506042,0.816150181,0.815112615,153.7789179,57.0411242,21.96614295,泥岩
1572.5,非储层,1.778854121,41.90302678,56.3181191,96.58264106,3.417358944,96.93077375,36.64521713,1.435695444,3.822114205,0.348132698,3.069226247,2.2871073,161.2502994,20.66253727,0.81397812,0.812977603,152.5154037,55.79769135,21.84960871,泥岩
1572.625,非储层,1.785591403,42.46927354,55.74513506,95.46027014,4.53972986,95.81655993,37.14041371,1.455096379,3.873763452,0.356289791,4.183440069,2.258780378,154.7046019,20.52689493,0.819617403,0.818640564,141.9471499,55.68896735,21.85627701,泥岩
1572.75,非储层,1.827732077,44.08097442,54.0912935,94.25993618,5.740063821,94.61921897,38.54988537,1.510317011,4.020772041,0.359282791,5.380781029,1.998322804,147.8079327,20.47396794,0.83502074,0.833969374,153.7386171,56.66087762,22.01216057,泥岩
1572.875,非储层,1.853613277,43.80278755,54.34359918,91.47985685,8.520143155,91.83587214,38.30660417,1.50078568,3.995397692,0.356015296,8.164127859,2.147107949,152.0255502,20.43588954,0.853703239,0.852567203,147.5706144,56.81178476,22.21606152,泥岩
1573,非储层,1.85164465,42.47174249,55.67661286,89.47510622,10.52489378,89.82340535,37.14257287,1.455180971,3.873988653,0.348299128,10.17659465,1.962056051,165.7748657,20.35022534,0.867251907,0.866063458,144.8761614,56.66184183,21.9964584,泥岩
1573.125,非储层,1.833939733,43.48067477,54.6853855,91.33331505,8.666684946,91.68982429,38.0249087,1.489749345,3.966016716,0.35650924,8.310175706,2.204254803,175.9853301,20.30566719,0.869936475,0.868735785,160.9793641,55.050595,22.0073174,泥岩
1573.25,非储层,1.814395128,44.58399907,53.6016058,93.95103375,6.04896625,94.30822018,38.98979267,1.527551809,4.066654589,0.357186426,5.691779824,2.092698083,151.7798914,20.21294995,0.871573921,0.870376954,161.4194856,56.19915528,22.14776981,泥岩
1573.375,非储层,1.863810383,44.76641825,53.36977136,92.42892327,7.57107673,92.79061829,39.14932269,1.533801916,4.083293649,0.36169502,7.20938171,2.09980208,163.0906513,20.09923037,0.86891676,0.867776941,142.4205188,56.41772694,21.97042148,泥岩
1573.5,非储层,1.898383574,43.56982029,54.53179614,92.38621869,7.613781305,92.74226358,38.10286864,1.492803678,3.974147975,0.356044881,7.257736424,2.294890759,151.6158856,19.96275621,0.866445608,0.865446635,151.6670034,55.56325988,22.1329811,泥岩
1573.625,非储层,1.955126123,44.74567953,53.29919434,94.64611171,5.353888286,94.99769622,39.13118617,1.533091359,4.081402001,0.351584511,5.002303775,2.207024016,152.5004506,19.84952592,0.863216553,0.862375425,165.4559093,56.04331434,21.84537876,泥岩
1573.75,非储层,1.992202944,45.53986587,52.46793118,97.26935039,2.73064961,97.63078222,39.82572146,1.560302036,4.153842374,0.361431828,2.369217781,2.04879385,154.7022892,19.74262381,0.858818249,0.858122943,138.6787598,56.64535181,22.117605,泥岩
1573.875,非储层,1.990931468,45.69138335,52.31768518,96.05519228,3.944807715,96.41640046,39.95822719,1.565493378,4.167662787,0.36120818,3.583599535,2.302719087,143.9880835,19.56470598,0.852516998,0.851906476,138.2077419,55.90833378,21.87524086,泥岩
1574,非储层,1.942699842,45.26478242,52.79251774,98.13123866,1.868761341,98.5026414,39.58515429,1.550877035,4.128751099,0.371402742,1.497358599,2.191525388,161.3537876,19.39161378,0.857512782,0.856801794,142.3699748,55.80654339,22.34252798,泥岩
1574.125,非储层,1.884890703,46.64162171,51.47348759,95.78348362,4.216516382,96.16270403,40.78923376,1.59805076,4.254337182,0.379220416,3.837295966,1.958954241,143.0052548,19.26355705,0.872302551,0.871392946,143.4779116,56.41768751,22.28682196,泥岩
1574.25,非储层,1.898825339,47.12490219,50.97627247,93.7331531,6.266846902,94.12076137,41.21187432,1.614609077,4.2984188,0.387608271,5.879238631,2.229129239,157.8114736,19.21247841,0.880047643,0.878931433,143.4556046,54.85677419,21.87215485,泥岩
1574.375,非储层,1.856533444,46.43205828,51.71140827,93.93077531,6.069224686,94.32286607,40.60596545,1.590870629,4.235222206,0.392090755,5.67713393,2.18992348,146.8528785,19.0386681,0.898516288,0.897215946,149.5512858,55.75870847,23.24738778,泥岩
1574.5,非储层,1.892493543,47.32784045,50.779666,93.87895514,6.121044857,94.27578973,41.38934877,1.621562215,4.316929472,0.39683459,5.724210268,2.279198887,158.7121707,18.92506141,0.912239514,0.910813054,145.1703872,56.05314035,23.19949356,泥岩
1574.625,非储层,1.880616344,47.97404762,50.14533604,92.63092041,7.369079589,93.03032892,41.95447267,1.64370278,4.375872174,0.399408507,6.969671082,2.195600338,143.6526762,18.82003897,0.918336133,0.916872292,144.5794434,54.7410157,23.23958817,泥岩
1574.75,非储层,1.870041622,48.2959535,49.83400488,93.39741544,6.602584561,93.78613933,42.23598719,1.654732027,4.405234278,0.388723888,6.213860673,2.123363732,152.4749123,18.61260136,0.930243315,0.92871113,143.5896759,55.56337656,23.30969414,泥岩
1574.875,非储层,1.825746765,48.72141597,49.45283726,93.28319725,6.716802753,93.68181014,42.60806449,1.669309364,4.444042123,0.398612893,6.318189859,2.093688057,143.4940927,18.48536733,0.938156668,0.936572478,134.4524257,55.42167672,22.09247899,泥岩
1575,非储层,1.825816932,48.77925792,49.39492515,93.31302303,6.68697697,93.70371087,42.65864868,1.671291164,4.449318079,0.390687842,6.296289127,2.066120154,141.3909348,18.51646376,0.936808337,0.935176861,144.4143637,55.1851808,23.13278322,泥岩
1575.125,非储层,1.796110891,47.7117947,50.49209441,92.56568376,7.43431624,92.96227246,41.7251261,1.634717384,4.351951214,0.396588703,7.037727537,2.256586002,138.0315224,18.48528192,0.933994269,0.932332495,149.3407353,54.75950455,23.25017922,泥岩
1575.25,非储层,1.771769977,48.6678383,49.56039172,95.06016596,4.939834037,95.44794388,42.56120951,1.667473668,4.439155126,0.387777916,4.552056121,1.94877477,154.4478861,18.37954756,0.934726461,0.933082848,134.2507536,54.85871688,23.20873562,泥岩
1575.375,非储层,1.777880082,49.85250132,48.3696186,95.05185302,4.948146976,95.44237285,43.59722616,1.708062986,4.547212173,0.390519828,4.557627148,2.162813041,148.6227714,18.27525915,0.941929981,0.940220466,144.2437676,54.77967869,23.11220816,泥岩
1575.5,非储层,1.780082837,49.96405234,48.25586483,92.71589109,7.284108905,93.11132343,43.69478024,1.711884984,4.557387111,0.39543234,6.888676565,2.258022043,150.005786,18.08561066,0.952876435,0.951130497,157.493589,53.86669252,21.99273591,泥岩
1575.625,非储层,1.780731208,49.78685678,48.43241202,92.17783557,7.822164434,92.57396167,43.53981841,1.705813851,4.541224516,0.396126099,7.426038334,2.059816016,147.5317839,18.06941595,0.956790279,0.95495996,149.470088,55.49525695,21.91971716,泥岩
1575.75,非储层,1.751535324,48.89494544,49.35351924,93.90193399,6.09806601,94.30768761,42.75982023,1.675254888,4.459870321,0.405753625,5.692312385,2.15446891,145.8854304,18.28714851,0.953529795,0.951610594,132.8339321,54.58967286,21.86576877,泥岩
1575.875,非储层,1.730578511,47.626112,50.64330949,92.14620426,7.853795737,92.54287773,41.6501945,1.631781694,4.344135811,0.396673472,7.457122266,2.179871865,161.420555,18.60406821,0.932361201,0.930444171,152.6613365,55.11910967,21.9742597,泥岩
1576,非储层,1.687652341,46.55975563,51.75259203,94.69559186,5.30440814,95.09705528,40.71763988,1.595245838,4.246869905,0.401463422,4.902944718,2.189506667,151.794509,18.78281134,0.915124206,0.913217526,140.7617591,56.15046706,22.9143812,泥岩
1576.125,非储层,1.717798377,47.82000843,50.46219319,95.16376697,4.836233028,95.57341018,41.81976165,1.638425039,4.361821748,0.409643204,4.426589824,2.351142928,146.5404488,18.82166936,0.913723009,0.911770093,142.8593554,55.82874377,22.98879673,泥岩
1576.25,非储层,1.705172348,48.52118581,49.77364184,93.69337273,6.306627266,94.10562176,42.43295833,1.662449011,4.425778465,0.412249026,5.89437824,1.977040475,143.6275738,18.65429331,0.915387842,0.913405168,147.2160503,55.97866647,23.08183795,泥岩
1576.375,非储层,1.705763186,49.38255646,48.91168035,94.6776263,5.322373696,95.09532372,43.18624794,1.691961579,4.504346942,0.417697417,4.904676279,2.097788678,153.7768937,18.29885175,0.939117009,0.937019692,135.7335139,54.17293832,22.84972564,泥岩
1576.5,非储层,1.676117758,50.47286383,47.85101841,92.56939311,7.43060689,92.97868375,44.13974828,1.729318053,4.603797498,0.409290638,7.021316251,2.139881557,145.7904276,18.09349161,0.951833079,0.949650126,143.6157736,55.20234347,21.77744682,泥岩
1576.625,非储层,1.668660933,50.10783885,48.22350022,94.32085126,5.679148745,94.73607903,43.82052505,1.716811445,4.570502357,0.415227778,5.263920967,2.17191441,143.5271972,17.82692979,0.96681511,0.964579044,150.3276337,55.49780826,21.96553553,泥岩
1576.75,非储层,1.671943496,51.43836798,46.88968852,93.46457138,6.535428623,93.8752714,44.98410517,1.762398477,4.691864337,0.410700025,6.124728598,2.14188813,152.2229001,17.52270349,0.984566416,0.982294204,146.842233,53.8990443,22.12336558,泥岩
1576.875,非储层,1.675312535,52.70696039,45.61772707,94.38938436,5.610615645,94.79784166,46.09352012,1.805863412,4.807576863,0.408457304,5.202158341,1.955926492,144.5604828,17.28062188,0.987384845,0.985202656,139.2650387,53.78990409,22.02367103,泥岩
1577,非储层,1.691701538,52.96472842,45.34357004,96.47181177,3.528188225,96.87553877,46.31894454,1.814695147,4.831088741,0.403726992,3.124461233,2.184003656,135.8373791,17.08844894,0.996933364,0.994829034,135.7463141,53.62798479,21.98298097,泥岩
1577.125,非储层,1.72967242,52.12008145,46.15024613,94.73315076,5.26684924,95.12977747,45.58028019,1.785755571,4.754045685,0.396626707,4.870222532,2.094053808,132.9805656,16.93001639,0.996918479,0.99494726,129.4880455,53.77769578,21.89477499,泥岩
1577.25,非储层,1.728054383,53.00737477,45.26457085,96.71835749,3.281642509,97.11533407,46.3562398,1.81615631,4.834978655,0.396976575,2.884665934,1.989558772,144.485569,16.86307128,0.993980093,0.992153555,134.3209934,53.95517213,22.03747825,泥岩
1577.375,非储层,1.755168992,53.28842872,44.95640229,96.81011143,3.189888569,97.20346944,46.60202833,1.825785874,4.860614519,0.393358014,2.796530555,2.241732949,131.3323592,16.93977602,0.996449877,0.994633696,121.1761488,54.66252703,22.03763124,泥岩
1577.5,非储层,1.742572033,52.16220809,46.09521988,94.00422561,5.995774387,94.39868051,45.61712096,1.787198928,4.757888196,0.394454901,5.601319486,2.212861434,157.3383324,16.85244444,1.010235114,1.008367119,140.2794913,52.96560158,22.12569765,泥岩
1577.625,非储层,1.710643182,53.1646804,45.12467641,91.86897364,8.131026365,92.25200483,46.49380741,1.821545968,4.849327025,0.383031198,7.747995167,2.197895579,131.2520553,16.83348408,1.025113452,1.023215259,138.5261241,54.90275626,21.92802575,泥岩
1577.75,非储层,1.748191343,53.33320308,44.91860558,92.05114129,7.948858711,92.4247584,46.64118459,1.827319948,4.864698537,0.373617112,7.575241599,2.422600565,145.2380129,16.7781437,1.03653928,1.034662865,146.7312132,52.60543891,21.93288271,泥岩
1577.875,非储层,1.787877374,53.94106115,44.27106148,94.05510203,5.944897966,94.42534349,47.17277127,1.848146583,4.92014329,0.370241456,5.57465651,2.139075468,125.947879,16.48628586,1.051537215,1.049816952,125.4417077,53.74402308,21.97492491,泥岩
1578,非储层,1.83548726,55.20304831,42.96146443,95.09394257,4.906057429,95.4587178,48.27640977,1.891385207,5.035253329,0.364775224,4.541282205,2.254571184,132.9663993,16.38349887,1.050293822,1.048730478,132.4279674,53.98086534,21.85203848,泥岩
1578.125,非储层,1.79268543,54.13054783,44.07676674,94.40116736,5.598832643,94.76784356,47.33848199,1.854638839,4.937427,0.366676199,5.232156444,2.220941981,138.0681482,16.30919417,1.046788262,1.045336877,130.5978539,52.61926624,21.86204488,泥岩
1578.25,非储层,1.822218869,53.99100432,44.18677681,94.73907273,5.26092727,95.11251041,47.21644779,1.849857753,4.924698772,0.373437685,4.887489585,1.903184248,147.7673763,16.19931733,1.049844214,1.048461538,133.5335701,53.21372854,21.97354096,泥岩
1578.375,非储层,1.85399316,55.0289159,43.11709094,95.3877838,4.612216197,95.76029845,48.12412674,1.885419025,5.019370134,0.372514646,4.239701551,2.376025484,134.6175236,16.1177009,1.053320643,1.051948702,133.4393761,53.38638797,21.91935359,泥岩
1578.5,非储层,1.874648513,56.0288595,42.09649199,95.75690162,4.243098377,96.13331674,48.99860177,1.919679425,5.11057831,0.376415115,3.866683262,2.166168072,126.7278679,15.89039269,1.059511345,1.058216594,131.8019363,52.88147905,21.92138634,泥岩
1578.625,非储层,1.822012741,56.47033756,41.7076497,97.35618082,2.643819178,97.7231351,49.38468508,1.934805493,5.15084699,0.366954279,2.276864899,2.110526084,130.8364533,15.55559172,1.080070395,1.078818467,137.5955337,54.62136948,21.95846841,泥岩
1578.75,非储层,1.823744735,57.58507893,40.59117634,95.52575476,4.474245241,95.88643997,50.35955354,1.972999133,5.252526251,0.360685212,4.113560029,2.348725146,129.1135828,15.32843095,1.087640338,1.086450746,124.9384574,52.76802124,22.03525785,泥岩
1578.875,非储层,1.84843018,57.40588336,40.74568646,98.05068294,1.949317063,98.41831422,50.20284266,1.966859474,5.236181228,0.367631284,1.581685779,2.18721312,129.0005712,15.08999192,1.102098319,1.100919306,120.5284333,52.08959602,22.01033073,泥岩
1579,非储层,1.860483122,58.58950317,39.55001371,96.70042386,3.299576144,97.07513647,51.237947,2.00741305,5.344143121,0.374712613,2.924863531,2.098348464,127.5543391,14.96601812,1.104349014,1.103207633,130.7993829,52.3103133,22.03953674,泥岩
1579.125,非储层,1.815668162,57.74930744,40.4350244,99.52415073,0.475849272,99.89139698,50.50317538,1.978625985,5.267506079,0.367246248,0.108603024,2.044438372,143.0160235,14.89639657,1.101261596,1.100150305,127.0645831,51.9726775,22.17717297,泥岩
1579.25,非储层,1.821951078,58.25770611,39.92034281,98.14489188,1.855108123,98.51441434,50.94778239,1.996044909,5.31387881,0.369522458,1.485585665,2.161245705,145.2052797,14.87159222,1.101755034,1.100612807,123.2610988,53.02006275,22.08687797,泥岩
1579.375,非储层,1.789961543,57.71576995,40.4942685,98.49672016,1.50327984,98.8611422,50.47384603,1.977476912,5.264447014,0.364422036,1.138857805,2.064693486,127.5443619,14.9921229,1.091912035,1.090763034,119.7067679,52.41899637,22.08499386,泥岩
1579.5,非储层,1.816343035,57.31893827,40.86471869,96.97308655,3.026913448,97.33980346,50.12680706,1.963880533,5.228250678,0.366716905,2.660196543,2.227060382,145.6329505,14.99704709,1.094176148,1.093025458,122.2142506,51.93380621,22.07187437,泥岩
1579.625,非储层,1.808435824,57.73014764,40.46141653,98.65616591,1.343834086,99.01540505,50.48641967,1.977969525,5.26575845,0.359239134,0.984594952,2.238768854,140.420139,15.13366259,1.079956462,1.07886264,121.6936858,50.85471143,22.01517775,泥岩
1579.75,非储层,1.783573392,56.77220153,41.44422508,99.64110379,0.358896205,99.99,49.64867247,1.945148057,5.178381005,0.348896205,0.01,2.081182837,134.7132454,15.21424985,1.070935903,1.069862724,126.2202408,52.20543179,21.94143576,泥岩
1579.875,非储层,1.766816714,56.83257988,41.40060341,99.63105314,0.368946863,99.99,49.7014748,1.94721676,5.183888314,0.358946863,0.01,1.986136192,123.3169492,15.37017348,1.057585454,1.05651008,120.8726132,52.93810752,21.94868102,泥岩
1580,非储层,1.746042646,55.67262581,42.58133154,97.84992461,2.15007539,98.2056156,48.68706673,1.907474028,5.078085053,0.355690989,1.794384401,2.320064833,121.4667312,15.57918899,1.040505314,1.039425456,118.5049113,53.8150728,22.05951417,泥岩
1580.125,非储层,1.78915647,55.45917757,42.75166596,99.62655204,0.373447956,99.99,48.50040104,1.900160793,5.058615729,0.363447956,0.01,2.121835488,138.1358491,15.7999008,1.026252305,1.025149526,124.6558109,52.38573673,22.00218816,泥岩
1580.25,非储层,1.782210829,54.38745346,43.83033571,99.63131584,0.36868416,99.99,47.56315222,1.863441025,4.960860215,0.35868416,0.01,2.08096873,130.3990478,16.06052511,1.009536822,1.008428503,144.2996895,52.30172041,22.20137506,泥岩
1580.375,非储层,1.740799855,54.04032891,44.21887123,99.63369173,0.366308266,99.99,47.25958335,1.851547728,4.929197832,0.356308266,0.01,2.179723603,148.8304845,16.1356818,0.99969127,0.998596239,140.5905501,54.16300545,22.06487436,泥岩
1580.5,非储层,1.746664195,54.80638953,43.44694627,99.62496031,0.375039687,99.99,47.92952201,1.877794752,4.999072765,0.365039687,0.01,2.08503815,132.0251966,16.18648817,0.996499268,0.995372615,127.3166065,54.85261976,22.00419555,泥岩
1580.625,非储层,1.785269517,54.91370072,43.30102976,99.61499087,0.385009128,99.99,48.02336826,1.881471484,5.008860975,0.375009128,0.01,2.016751053,142.9498508,16.12581441,1.001067978,0.999920881,128.0263327,53.38328597,23.14527978,泥岩
1580.75,非储层,1.787838625,55.04655943,43.16560195,99.34118066,0.658819339,99.7066958,48.13955643,1.886023533,5.020979459,0.365515135,0.293304204,2.282399436,142.3306864,16.01747574,1.015710819,1.014473921,122.1486014,52.15514698,23.23507892,泥岩
1580.875,非储层,1.763288646,55.2730165,42.96369485,96.84438778,3.155612222,97.21833381,48.33759866,1.893782481,5.041635361,0.373946028,2.781666193,2.351277278,137.371651,15.87619457,1.040749846,1.039391723,128.5515633,52.34055718,23.23712517,泥岩
1581,非储层,1.738211076,56.49804791,41.76374101,94.35354875,5.646451251,94.71741391,49.40891845,1.935754914,5.153374543,0.363865156,5.282586095,2.026719355,136.9167052,15.78244126,1.055354506,1.053939244,125.5224099,53.15435027,23.21442618,泥岩
1581.125,非储层,1.735549028,56.06259165,42.20185932,96.69080437,3.309195634,97.0494026,49.02810135,1.920835167,5.113655132,0.358598233,2.950597401,2.013709383,138.5417553,15.64421874,1.066843155,1.065363683,120.3329605,52.92465955,22.14257617,泥岩
1581.25,非储层,1.715344889,56.63477577,41.64987934,98.53303795,1.466962048,98.89403516,49.52849029,1.94043953,5.165845945,0.36099721,1.105964838,2.009433564,136.5910629,15.40679445,1.078898288,1.077438176,130.4449969,53.32032457,21.97907208,泥岩
1581.375,非储层,1.729780121,57.82784638,40.4423735,98.30854481,1.691455188,98.67370055,50.57185959,1.981316912,5.274669876,0.365155736,1.326299452,2.305239891,141.6571628,15.25139794,1.074603238,1.073222425,123.1588273,54.36371491,22.17885073,泥岩
1581.5,非储层,1.728556037,58.03884518,40.23259878,99.36540512,0.634594877,99.73512338,50.75638318,1.988546223,5.293915778,0.369718254,0.264876624,2.019646078,138.781466,15.12260316,1.075088167,1.073698909,126.3469386,52.6832862,22.23082571,泥岩
1581.625,非储层,1.712573806,57.39270573,40.89472046,99.53433694,0.46566306,99.90912786,50.1913185,1.966407978,5.234979253,0.374790916,0.090872144,2.194449616,138.7147654,15.0435026,1.077447012,1.076003053,124.9689962,52.19113262,22.92908763,泥岩
1581.75,非储层,1.708313357,57.46471181,40.82697483,99.6040423,0.395957704,99.99,50.25428957,1.968875074,5.241547167,0.385957704,0.01,2.028934314,133.8515422,15.06446275,1.0721039,1.070600352,122.8459721,54.12955684,22.88980149,泥岩
1581.875,非储层,1.668338961,57.62220044,40.70946059,99.61046921,0.389530794,99.99,50.39201721,1.974271002,5.255912228,0.379530794,0.01,2.320729264,130.2022204,15.00991897,1.083744497,1.082101241,134.7360176,52.92658405,22.89755924,泥岩
1582,非储层,1.684268831,58.74051884,39.57521233,96.93846766,3.061532345,97.32444634,51.37001388,2.012587199,5.357917762,0.385978681,2.675553664,2.042822286,125.2245587,14.935033,1.10102555,1.099230423,136.0512734,51.91499727,22.86424893,泥岩
1582.125,非储层,1.674789298,58.34727633,39.97793437,95.72381099,4.276189008,96.10941288,51.02611373,1.999113794,5.322048807,0.385601888,3.89058712,2.128083153,130.4576536,14.97776012,1.117456653,1.115494495,123.689641,53.17045746,22.0627023,泥岩
1582.25,非储层,1.705752039,57.18694467,41.10730329,93.3381522,6.6618478,93.73052939,50.01137544,1.959358124,5.216211103,0.392377188,6.269470611,2.090321713,117.4651795,15.08950886,1.124093609,1.121996236,125.6283316,53.05503886,21.91926917,泥岩
1582.375,非储层,1.685709841,56.53414661,41.78014355,94.81997806,5.180021936,95.21585876,49.44048765,1.93699174,5.156667225,0.395880698,4.784141239,2.171543022,133.152944,15.24535415,1.126720857,1.124482081,124.0631502,51.90219185,22.00271618,泥岩
1582.5,非储层,1.641400338,57.21838433,41.14021534,92.52126373,7.478736273,92.91052751,50.03887019,1.96043532,5.219078819,0.389263785,7.089472487,1.929423266,145.0708421,15.28448681,1.139024973,1.136632146,117.6628357,51.26238676,21.99069486,泥岩
1582.625,非储层,1.646062436,58.07679505,40.27714251,91.18564991,8.814350093,91.57578507,50.78957127,1.989846474,5.297377312,0.390135167,8.424214926,2.049954617,130.6676951,15.11043216,1.157466104,1.154979052,125.9023933,50.35132589,22.13310023,泥岩
1582.75,非储层,1.615468675,59.1845639,39.19996742,91.95947899,8.040521007,92.34173755,51.7583421,2.027801219,5.398420586,0.382258555,7.658262451,2.121654434,126.1733437,14.82262186,1.181285039,1.178754479,111.510511,52.66972429,21.93214212,泥岩
1582.875,非储层,1.65742003,59.68543294,38.65714703,94.30490851,5.695091493,94.69446194,52.19636427,2.044962161,5.444106515,0.389553432,5.305538061,1.969304227,128.3482804,14.60096183,1.191426528,1.188935048,118.7701875,51.74373841,22.10533698,泥岩
1583,非储层,1.680283557,59.52038087,38.79933557,94.66301124,5.33698876,95.06056122,52.05202221,2.039307092,5.429051567,0.397549975,4.939438785,2.185580479,124.0085313,14.50505271,1.18387872,1.181454889,123.3146581,51.37918552,22.02199741,泥岩
1583.125,非储层,1.641249068,58.99366021,39.36509072,95.62630582,4.373694179,96.02909501,51.59139217,2.021260413,5.381007627,0.402789186,3.970904993,2.272260553,130.2959237,14.61537378,1.165900957,1.163536026,129.2468352,51.86025805,21.93722481,泥岩
1583.25,非储层,1.681360901,57.85905177,40.45958733,94.65302163,5.346978373,95.0600872,50.59914947,1.982386081,5.277516224,0.407065576,4.939912797,2.127098757,136.8273126,14.84208663,1.151072652,1.148671589,125.9944303,52.4964189,22.05129459,泥岩
1583.375,非储层,1.725217083,57.20040782,41.0743751,93.40396504,6.596034955,93.82179085,50.02314929,1.959819403,5.217439122,0.417825805,6.17820915,2.131777755,126.5621696,15.05262247,1.13174514,1.12931196,131.1800382,51.07159531,22.06842118,泥岩
1583.5,非储层,1.697540892,57.20149334,41.10096577,95.58691356,4.413086436,96.01471313,50.02409861,1.959856596,5.217538136,0.427799563,3.985286874,2.132482615,120.8230213,15.25747046,1.108197507,1.10588828,123.7751744,50.29694564,22.04151562,泥岩
1583.625,非储层,1.747107424,56.60332627,41.6495663,98.30434218,1.695657823,98.72238187,49.50098694,1.939361997,5.162977332,0.418039691,1.277618132,1.967377933,124.240758,15.29393341,1.103047095,1.100763109,138.3884297,51.41538205,21.96973881,泥岩
1583.75,非储层,1.704679311,57.42235808,40.87296261,95.40106156,4.598938439,95.81359629,50.2172502,1.967423937,5.237683942,0.412534733,4.186403706,1.982379297,136.3559181,15.16705633,1.098325927,1.096132882,131.4678783,52.75595046,22.03002641,泥岩
1583.875,非储层,1.692070506,58.47318837,39.83474113,97.84106712,2.158932883,98.25492484,51.13622687,2.003427834,5.333533662,0.413857723,1.74507516,2.076135691,119.5717226,15.15763184,1.098972079,1.096861497,130.5296608,52.09155021,22.10375667,泥岩
1584,非储层,1.723796272,57.28003409,40.99616964,95.59589978,4.404100221,96.00237672,50.09278441,1.962547585,5.224702099,0.406476943,3.997623278,2.255654636,133.6409612,15.20362067,1.106406197,1.10417761,126.4896524,52.09668726,21.9243641,泥岩
1584.125,非储层,1.703114576,56.24887738,42.04800804,94.82134589,5.178654112,95.2398468,49.19101276,1.927217751,5.130646872,0.418500911,4.7601532,2.066813948,132.8131679,15.31943266,1.102630359,1.100300414,132.2490806,54.86240172,22.12293864,泥岩
1584.25,非储层,1.676405088,56.23596392,42.08763099,93.97106174,6.028938261,94.40194901,49.17971962,1.926775305,5.129468992,0.430887272,5.598050989,2.260965193,135.4338803,15.5991033,1.095074996,1.092619306,130.1042047,52.51864187,22.89340787,泥岩
1584.375,非储层,1.712403361,55.5467796,42.74081704,93.82862403,6.171375972,94.26479409,48.57701115,1.903162243,5.066606202,0.436170063,5.735205909,1.956769447,137.7567166,15.69047481,1.095845341,1.093297327,143.7213448,52.97123585,23.01093402,泥岩
1584.5,非储层,1.739756221,56.34539842,41.91484535,93.29390187,6.706098131,93.71785759,49.27542276,1.930524787,5.139450876,0.423955718,6.282142413,2.145974408,140.2146586,15.77463637,1.103952139,1.101333241,124.9421778,53.23874067,22.96791279,泥岩
1584.625,非储层,1.741656329,55.43264802,42.82569565,90.50032627,9.49967373,90.91524729,48.47720031,1.899251829,5.056195881,0.414921017,9.084752712,2.133442911,119.0813319,15.79911821,1.110103117,1.107505482,119.6391807,52.70439218,22.90588079,泥岩
1584.75,非储层,1.692267116,56.02769754,42.28003534,91.54811448,8.451885517,91.95449947,48.9975856,1.919639613,5.110472324,0.406384982,8.045500534,2.134874307,134.8873479,15.78055827,1.12604533,1.12337121,128.915842,52.20958328,22.07360482,泥岩
1584.875,非储层,1.704101156,55.88300107,42.41289777,89.40824261,10.59175739,89.8242387,48.87104502,1.914681975,5.097274078,0.415996096,10.1757613,1.988109587,140.6128147,15.7581704,1.143633137,1.14086469,129.3839475,52.54482762,21.97252562,泥岩
1585,非储层,1.722423194,56.73852267,41.53905414,88.6514562,11.3485438,89.05654385,49.61921948,1.94399414,5.175309044,0.405087646,10.94345615,2.149985765,119.1436037,15.74441952,1.159579637,1.156758463,144.3332141,54.17204276,22.13653853,泥岩
1585.125,非储层,1.760802529,55.69195752,42.54723995,86.2874419,13.7125581,86.68257792,48.70397278,1.908136377,5.079848362,0.395136019,13.31742208,2.095208455,134.9349203,15.81263565,1.169668763,1.166790234,125.8221795,53.2296138,21.90407232,泥岩
1585.25,非储层,1.773789583,55.35242108,42.87378934,87.22530522,12.77469478,87.63074529,48.40703989,1.896503067,5.048878115,0.405440071,12.36925471,2.3724447,123.8539464,15.77887241,1.171745609,1.168931545,132.2790134,54.06046761,22.11926514,泥岩
1585.375,非储层,1.74015804,56.21617102,42.04367094,89.52773822,10.47226178,89.93205364,49.16241025,1.926097154,5.127663615,0.404315415,10.06794636,2.099995089,141.7774434,15.88905897,1.161464691,1.158687069,129.2229541,54.1611239,22.16549048,泥岩
1585.5,非储层,1.70037487,55.54782228,42.75180285,89.23863184,10.76136816,89.637655,48.577923,1.903197968,5.066701308,0.399023162,10.362345,2.136653557,139.4444328,15.97109501,1.139197846,1.136530728,127.3436895,51.66375175,21.97516123,泥岩
1585.625,非储层,1.677145954,54.7340706,43.58878345,90.97977516,9.020224844,91.36797816,47.86627735,1.875316937,4.992476315,0.388203006,8.632021838,2.100551484,124.8265948,16.0669136,1.122884256,1.120269863,135.1547132,52.66896199,22.12282129,泥岩
1585.75,非储层,1.684727787,54.30540449,44.00986772,89.98704913,10.01295087,90.385728,47.4913984,1.860629836,4.953376256,0.398678879,9.614271995,2.063967744,128.1840652,16.3711029,1.106903458,1.10422162,136.0216768,50.76986836,22.05480845,泥岩
1585.875,非储层,1.662819796,53.03168779,45.30549241,88.01655275,11.98344725,88.42381304,46.37750213,1.816989331,4.837196327,0.407260296,11.57618696,2.236592374,141.091127,16.72169632,1.093338754,1.090544247,145.8376698,52.94903728,22.19436168,泥岩
1586,非储层,1.653968216,51.87638389,46.46964789,86.29131557,13.70868443,86.70408076,45.36716074,1.777405924,4.731817222,0.41276519,13.29591924,2.110192802,145.7862189,16.88906644,1.101745239,1.098648739,131.5479117,52.29279115,21.99630081,泥岩
1586.125,非储层,1.612378805,53.13478456,45.25283664,85.18735777,14.81264223,85.60946878,46.46766276,1.820521666,4.846600125,0.422111018,14.39053122,2.220619994,141.0534887,16.96055289,1.107079982,1.103811856,137.932503,54.0381267,22.13470635,泥岩
1586.25,非储层,1.634680786,53.65544332,44.70987589,86.98066809,13.01933191,87.39755272,46.92299153,1.83836065,4.89409114,0.416884636,12.60244728,2.222531466,132.3485926,16.95606194,1.114730967,1.111327751,125.5468553,54.28584016,22.20027276,泥岩
1586.375,非储层,1.63574396,53.16003605,45.20421999,85.86876106,14.13123894,86.29102468,46.48974581,1.821386841,4.848903397,0.422263627,13.70897532,2.211230757,140.2370461,16.74295498,1.132154619,1.128680115,126.2876546,52.13715795,22.16370556,泥岩
1586.5,非储层,1.668172261,54.19500737,44.13682036,85.38928163,14.61071837,85.80618213,47.39485343,1.856847373,4.943306569,0.416900502,14.19381787,2.010627363,128.2143147,16.59791513,1.144974454,1.141563082,129.495931,52.48730881,22.04815835,泥岩
1586.625,非储层,1.699527842,54.66032746,43.6401447,84.48916942,15.51083058,84.89531243,47.80178717,1.872790325,4.985749958,0.406143011,15.10468757,2.133448102,136.7235198,16.50012381,1.159180203,1.155722593,140.5239043,52.98145857,21.93607254,泥岩
1586.75,非储层,1.689617916,54.72914442,43.58123767,84.95349677,15.04650323,85.36984455,47.86196928,1.875148154,4.992026982,0.416347786,14.63015545,2.019333921,137.544651,16.25631669,1.17132085,1.167892105,133.6187117,53.45494163,22.02528893,泥岩
1586.875,非储层,1.649313938,55.74644276,42.6042433,87.28752059,12.71247941,87.70489705,48.75162145,1.910003169,5.084818142,0.417376462,12.29510295,2.247972743,138.3245132,16.13366145,1.170757044,1.167380672,133.7125547,52.85286709,22.03851614,泥岩
1587,非储层,1.652872272,55.45955788,42.88756985,87.98745289,12.01254711,88.40496547,48.50073364,1.900173823,5.058650419,0.417512587,11.59503453,2.135499584,130.6119523,15.94875924,1.165457262,1.162124147,125.9975073,54.46279038,22.00988703,泥岩
1587.125,非储层,1.667682362,56.53435645,41.79796118,89.7009,10.2991,90.12963882,49.44067116,1.93699893,5.156686366,0.428738815,9.870361182,2.066670025,130.8747036,15.74699834,1.154572922,1.151422248,138.1252169,53.85946585,21.82580656,泥岩
1587.25,非储层,1.686683197,56.70515005,41.60816675,92.21215978,7.787840223,92.63354163,49.59003432,1.942850717,5.172265017,0.421381858,7.366458366,2.199389403,124.1282563,15.61924168,1.152931807,1.149896163,128.7140068,51.62406763,22.09416419,泥岩
1587.375,非储层,1.709307051,56.99056325,41.3001297,90.44750916,9.552490838,90.86820917,49.83963511,1.952629639,5.198298502,0.420700006,9.131790832,1.987647193,144.1883419,15.52760557,1.151416562,1.148543165,149.7273581,53.38159417,21.97997744,泥岩
1587.5,非储层,1.757415198,56.29972627,41.94285854,90.34430573,9.655694275,90.7543611,49.23548135,1.928959952,5.135284967,0.410055371,9.245638904,1.937896622,142.8680282,15.42667273,1.153688728,1.151054572,131.5277741,51.74207197,22.34679232,泥岩
1587.625,非储层,1.801567523,57.47194083,40.72649165,91.25098618,8.749013818,91.64922984,50.26061152,1.969122757,5.242206549,0.398243662,8.350770155,2.341645456,133.4253022,15.39973782,1.152275376,1.149807337,121.433773,52.53589169,22.58691701,泥岩
1587.75,非储层,1.763916221,56.90145793,41.33462585,93.22986713,6.770132866,93.62514261,49.76171034,1.949576683,5.19017091,0.395275477,6.37485739,2.072863543,120.5507436,15.35517044,1.144816809,1.142568329,127.1483697,51.59262694,22.59427649,泥岩
1587.875,非储层,1.754453946,57.34193043,40.90361562,93.62553421,6.374465793,94.01530731,50.14691427,1.964668298,5.23034787,0.389773102,5.98469269,2.091536374,121.096157,15.23391648,1.152247046,1.150076408,127.7979262,52.58510395,22.52327455,泥岩
1588,非储层,1.79674641,57.56351921,40.63973438,90.85539882,9.144601176,91.25196519,50.34069904,1.972260446,5.250559718,0.396566362,8.748034814,2.020075033,145.2277887,15.29850487,1.156329781,1.154043708,146.3003152,53.0873542,22.23996549,泥岩
1588.125,非储层,1.752410453,56.88990419,41.35768535,88.7046548,11.2953452,89.10465182,49.75160631,1.949180825,5.189117056,0.399997025,10.89534818,2.015988547,135.6313597,15.26288009,1.183875438,1.18138093,116.8956492,52.69031431,22.09978348,泥岩
1588.25,非储层,1.752113061,57.50190011,40.74598683,86.32601204,13.67398796,86.71769503,50.28681164,1.970149232,5.244939235,0.391682999,13.28230497,2.221600063,133.2964051,15.35335818,1.20313837,1.200477064,132.7470041,51.01072085,22.07733073,泥岩
1588.375,非储层,1.776371384,56.56696089,41.65666773,86.25638084,13.74361916,86.63974692,49.46918453,1.938116034,5.159660324,0.383366075,13.36025308,2.169958531,138.116477,15.3823215,1.209686584,1.206968266,135.8062887,53.80062388,22.09015628,泥岩
1588.5,非储层,1.748508828,57.36266849,40.88882268,88.41626129,11.58373871,88.79734643,50.1650502,1.965378832,5.232239457,0.381085136,11.20265357,2.051337374,129.2036913,15.32314381,1.216483581,1.213814661,130.2563639,53.16175411,22.03193425,泥岩
1588.625,非储层,1.752155129,57.54755327,40.7002916,88.13004172,11.86995828,88.50845781,50.32673645,1.971713416,5.249103412,0.378416089,11.49154219,2.191639845,135.6534582,15.2604009,1.223435285,1.220800125,119.3539023,52.6574014,22.09359304,泥岩
1588.75,非储层,1.740327199,58.20218175,40.05749105,85.89356488,14.10643512,86.26734146,50.89922499,1.994142515,5.308814249,0.373776579,13.73265854,1.983011797,127.4231068,15.00225345,1.243334987,1.24069712,115.4319881,53.1970831,22.03270596,泥岩
1588.875,非储层,1.790656358,59.33360704,38.8757366,86.70474712,13.29525288,87.08788489,51.88868395,2.032907785,5.412015306,0.383137771,12.91211511,2.084092405,122.4788677,14.89175951,1.263418891,1.260632114,125.2723514,53.34610768,22.04469224,泥岩
1589,非储层,1.742755493,58.64381144,39.61343306,85.61945205,14.38054795,86.01099979,51.2854409,2.009273778,5.349096759,0.391547743,13.98900021,2.008675992,121.4205292,14.73820846,1.287404243,1.284455892,109.1079358,53.33207116,22.07526183,泥岩
1589.125,非储层,1.791875117,59.25929179,38.9488331,85.39141744,14.60858256,85.79230896,51.82369345,2.030361571,5.405236765,0.400891518,14.20769104,1.964767438,121.961783,14.57619829,1.311930004,1.308737795,122.2463577,51.43581209,22.07078209,泥岩
1589.25,非储层,1.754170937,60.01149598,38.23433309,83.56234871,16.43765129,83.97260736,52.48151433,2.056133841,5.473847807,0.410258654,16.02739264,2.113616794,140.020119,14.47572486,1.328999442,1.32565243,120.408933,50.88184379,22.12260479,泥岩
1589.375,非储层,1.796858135,60.46993284,37.73320902,84.88263051,15.11736949,85.28630142,52.88242853,2.071840957,5.515663355,0.403670905,14.71369858,2.09781843,135.709636,14.21522579,1.363099621,1.359599913,106.5137452,50.55265401,21.98882483,泥岩
1589.5,非储层,1.795995031,61.48439689,36.71960808,83.52003033,16.47996967,83.93038968,53.76960204,2.106598862,5.60819599,0.410359351,16.06961032,2.18457052,120.1796192,14.02961141,1.379779561,1.376266585,126.3615923,52.52602644,21.882842,泥岩
1589.625,非储层,1.784760258,61.26389045,36.95134929,85.63235105,14.36764895,86.0307894,53.57676379,2.099043797,5.588082866,0.39843835,13.9692106,2.120052703,125.7232512,13.93274875,1.371118019,1.367861682,108.6051826,50.90872094,21.95359147,泥岩
1589.75,非储层,1.822647662,60.88204833,37.29530401,87.76232907,12.23767093,88.16099403,53.24283355,2.085960995,5.553253777,0.398664962,11.83900597,2.258490039,124.1671574,13.87054082,1.373961371,1.370728737,111.9613667,52.05443399,22.19429958,泥岩
1589.875,非储层,1.818718373,61.10347903,37.0778026,85.63673409,14.36326591,86.04477342,53.43648009,2.093547727,5.573451207,0.408039332,13.95522658,2.159932513,126.9239725,13.91734616,1.371080172,1.367851684,123.9788223,50.15212517,22.17518331,泥岩
1590,非储层,1.820287,60.97422147,37.20549153,83.10697137,16.89302863,83.51938154,53.32344121,2.089119062,5.561661196,0.412410165,16.48061846,2.056075446,118.6784859,14.02996062,1.380575998,1.377117622,121.9158732,51.10393172,22.11003126,泥岩
1590.125,非储层,1.82822117,60.15427395,38.01750488,81.09348332,18.90651668,81.51434578,52.60637714,2.061025747,5.48687106,0.420862461,18.48565422,2.265093759,121.3486467,14.07845848,1.405951578,1.402070197,115.3709443,52.00728613,22.0475513,泥岩
1590.25,非储层,1.778353135,60.59420141,37.62744545,80.99439238,19.00560762,81.41925136,52.99110442,2.076098688,5.526998304,0.424858981,18.58074864,1.998234472,127.5585903,14.0591758,1.423489483,1.419379866,122.8173163,52.70249025,22.71782501,泥岩
1590.375,非储层,1.811845412,61.42043474,36.76771984,82.23951963,17.76048037,82.66445985,53.71366558,2.10440737,5.60236179,0.424940222,17.33554015,1.756373488,133.6706606,13.97516321,1.44602806,1.441675585,121.9421421,49.79697869,22.78692024,泥岩
1590.5,非储层,1.781450411,61.99302425,36.22552534,80.29990875,19.70009125,80.72468422,54.21440905,2.124025622,5.65458958,0.424775463,19.27531578,2.051329371,131.0517382,13.82914863,1.477118601,1.472461118,120.0800139,51.19030981,22.50785646,泥岩
1590.625,非储层,1.770642452,61.86191427,36.36744328,78.0069962,21.9930038,78.43971382,54.09975018,2.119533488,5.642630603,0.43271762,21.56028618,2.037607888,111.7293494,13.77386703,1.499049086,1.494071944,130.820384,52.17556901,22.83405941,泥岩
1590.75,非储层,1.728041661,61.31700314,36.95495519,77.79397488,22.20602512,78.23790943,53.62321213,2.100863562,5.59292745,0.443934544,21.76209057,2.027657359,118.4969076,13.72666889,1.532963317,1.527456706,122.8713388,50.78614668,21.95271794,泥岩
1590.875,非储层,1.73649821,62.14325219,36.1202496,76.66503897,23.33496103,77.11905787,54.34578704,2.129172782,5.668292369,0.454018896,22.88094213,2.202499566,116.2413231,13.82135526,1.549826576,1.54391863,106.0195473,50.60896624,23.13444097,泥岩
1591,非储层,1.780470732,61.12303294,37.09649632,75.16312958,24.83687042,75.61419978,53.45358047,2.09421769,5.575234784,0.4510702,24.38580022,2.099751546,104.191459,13.95270629,1.548774188,1.54267762,115.6266381,50.26214192,23.29358801,泥岩
1591.125,非储层,1.823685554,60.48558848,37.69072597,75.52314719,24.47685281,75.9814593,52.89611976,2.072377356,5.517091358,0.458312118,24.0185407,2.172724919,132.289076,14.12806085,1.547606624,1.541313991,113.1671998,53.34918576,23.23718581,泥岩
1591.25,非储层,1.803484588,59.47449151,38.7220239,74.53413173,25.46586827,75.00224113,52.01189085,2.037734815,5.424865847,0.468109403,24.99775887,2.225607621,113.0142945,14.4028462,1.52322579,1.5169187,130.2829137,51.92900519,23.00655574,泥岩
1591.375,非储层,1.790345419,59.17217369,39.0374809,75.63039779,24.36960221,76.10345708,51.74750655,2.027376701,5.397290434,0.473059289,23.89654292,2.082133249,121.254075,14.56809989,1.499311643,1.49299099,126.0698826,50.95810436,21.75686828,泥岩
1591.5,非储层,1.745251011,59.32290429,38.9318447,76.26564847,23.73435153,76.73900635,51.87932414,2.032541083,5.411039073,0.473357876,23.26099365,2.103596156,125.2349461,14.73664029,1.468902871,1.462703752,126.7097275,50.55348705,21.94241959,泥岩
1591.625,非储层,1.763785137,58.62297876,39.61323611,78.0076524,21.9923476,78.47225949,51.26722221,2.008560002,5.347196541,0.46460709,21.52774051,2.147713022,140.3537642,14.91547165,1.438831888,1.432794242,120.2336628,50.54823037,22.01830971,泥岩
1591.75,非储层,1.793849458,57.47418687,40.73196367,76.92121819,23.07878181,77.3979125,50.26257574,1.969199712,5.242411419,0.476694311,22.6020875,2.16119372,129.6326158,15.08966507,1.405056902,1.399255957,133.2909377,53.2491118,22.01848233,泥岩
1591.875,非储层,1.757859014,57.20453346,41.03760752,79.10326689,20.89673311,79.57529332,50.02675727,1.959960757,5.217815436,0.472026426,20.42470668,2.094166051,127.2705853,15.26532031,1.382252329,1.376612278,119.4833631,51.33214766,21.99421193,泥岩
1592,非储层,1.709571744,57.4114213,40.87900696,77.42164514,22.57835486,77.88191151,50.20768572,1.967049217,5.236686362,0.460266374,22.11808849,2.149316903,117.9965757,15.37689029,1.368560079,1.362922623,127.1972498,52.70325748,22.02715471,泥岩
1592.125,非储层,1.72132668,57.42241578,40.85625753,78.68444364,21.31555636,79.15703416,50.21730067,1.967425914,5.237689206,0.47259052,20.84296584,2.020590092,131.3317101,15.47558371,1.359391159,1.353722138,119.3060547,52.13774951,22.08844171,泥岩
1592.25,非储层,1.671151319,56.47848967,41.85035901,76.92603768,23.07396232,77.39613047,49.39181429,1.935084803,5.15159057,0.470092786,22.60386953,2.148105275,131.1953343,15.51559447,1.367705927,1.361888228,136.7887948,52.57536674,22.12547604,泥岩
1592.375,非储层,1.643704022,56.91389444,41.44240153,76.53269105,23.46730895,76.99002974,49.77258637,1.950002787,5.191305286,0.457338692,23.00997026,1.907628014,126.7884284,15.54521508,1.369516208,1.363658687,131.0954245,53.2818588,22.16025629,泥岩
1592.5,非储层,1.675947281,57.13781178,41.18624094,76.47530404,23.52469596,76.92927662,49.96840753,1.957674717,5.211729529,0.453972584,23.07072338,2.138475615,138.6500223,15.6718636,1.363841738,1.35800297,119.337963,52.94382673,21.91165725,泥岩
1592.625,非储层,1.724014156,56.08557059,42.19041525,77.52148434,22.47851566,77.98500308,49.048197,1.921622479,5.115751117,0.463518742,22.01499692,2.158183317,134.4390129,15.70078993,1.352621506,1.346937552,129.2562173,52.71663112,22.18534067,泥岩
1592.75,非储层,1.738919611,56.07012514,42.19095525,78.8498161,21.1501839,79.32189723,49.03468957,1.921093282,5.114342286,0.472081123,20.67810277,2.154672531,137.0834637,15.72958045,1.333190873,1.32768976,132.7746687,54.67289402,22.04873938,泥岩
1592.875,非储层,1.763256529,56.42265389,41.81408958,80.26176168,19.73823832,80.7457781,49.34298455,1.933171739,5.146497604,0.484016416,19.2542219,2.171461628,131.2555732,15.82991051,1.31423394,1.308737874,134.7687236,52.585168,22.11960041,泥岩
1593,非储层,1.731266618,55.95613787,42.31259551,78.67739736,21.32260264,79.17502193,48.93500493,1.917187812,5.103945129,0.49762457,20.82497807,2.14210871,122.0218036,15.85145718,1.298999733,1.293516517,125.9693024,52.86487253,22.16300769,泥岩
1593.125,非储层,1.709754753,55.77339287,42.51685238,80.53619406,19.46380594,81.03340935,48.77518998,1.910926542,5.08727635,0.497215295,18.96659065,2.141898326,123.1424243,15.78880475,1.286888381,1.281387826,143.1839,54.36714998,21.81592974,泥岩
1593.25,非储层,1.674150767,56.67336183,41.6524874,82.85157812,17.14842188,83.36124087,49.56223474,1.941761578,5.169365507,0.509662755,16.63875913,2.057721953,134.180861,15.76253719,1.287889785,1.282293073,124.9123367,53.65029354,21.88425841,泥岩
1593.375,非储层,1.69736841,56.74106407,41.56156752,80.5148952,19.4851048,81.01132517,49.621442,1.944081215,5.175540854,0.49642997,18.98867483,2.272199272,127.9733051,15.76390423,1.289144056,1.283554084,132.5655557,53.10263124,21.97068789,泥岩
1593.5,非储层,1.67715183,55.98401969,42.33882848,78.35226036,21.64773964,78.83479705,48.95938826,1.918143108,5.106488322,0.482536684,21.16520295,2.257611264,125.8728162,15.65651096,1.303558508,1.29796508,130.1323552,54.18233265,21.98892242,泥岩
1593.625,非储层,1.704707692,56.97359672,41.32169558,79.30650902,20.69349098,79.78022757,49.82479747,1.952048326,5.196750929,0.473718551,20.21977243,2.285387926,140.8550873,15.61675139,1.331731854,1.325954178,116.5905549,52.72450617,22.05939771,泥岩
1593.75,非储层,1.686999626,57.2531014,41.05989897,77.28896873,22.71103127,77.77102976,50.06923111,1.961624808,5.222245479,0.482061024,22.22897024,2.03378674,125.9412778,15.61690285,1.343766095,1.337890745,133.7322653,53.32570251,21.84290505,泥岩
1593.875,非储层,1.700651778,56.81377696,41.48557127,77.85219479,22.14780521,78.33823212,49.68503119,1.946572528,5.182173237,0.486037326,21.66176788,2.048680048,148.790119,15.6492262,1.341513098,1.335687276,125.3009168,51.46208339,22.09391935,泥岩
1594,非储层,1.750685527,55.59199195,42.65732252,78.28454488,21.71545512,78.76977483,48.61655046,1.904711324,5.07073017,0.485229957,21.23022517,2.105475383,135.6605548,15.83784989,1.324673352,1.318897427,129.9063856,53.24638884,21.94056061,泥岩
1594.125,非储层,1.77278533,54.8825743,43.34464037,79.60905334,20.39094666,80.10061682,47.99614745,1.88040502,5.006021831,0.491563481,19.89938318,2.147957758,131.991317,15.94212168,1.302213968,1.296645737,126.666761,51.47674037,22.85225033,泥岩
1594.25,非储层,1.817505077,55.95672735,42.22576758,80.2922363,19.7077637,80.79589659,48.93552044,1.917208009,5.103998897,0.50366029,19.20410341,2.276459817,141.9172501,16.01809136,1.291530876,1.286035533,120.8776662,52.71070372,22.78883477,泥岩
1594.375,非储层,1.7823216,55.91503208,42.30264632,78.7951651,21.2048349,79.29683873,48.89905692,1.915779432,5.100195733,0.501673629,20.70316127,2.373189387,144.4325975,15.92974467,1.305145569,1.299443077,124.3999581,53.3213437,22.73286272,泥岩
1594.5,非储层,1.77321573,56.57144994,41.65533433,76.98405126,23.01594874,77.49681839,49.47311031,1.938269839,5.160069785,0.512767131,22.50318161,2.110550377,135.7731638,15.77829087,1.321643203,1.315764674,129.0541639,52.24235436,22.63651605,泥岩
1594.625,非储层,1.766855403,56.55021141,41.68293319,78.69711524,21.30288476,79.20669969,49.4545367,1.937542157,5.158132549,0.509584446,20.79330031,2.12453412,131.5033798,15.68178889,1.339482809,1.333325457,127.1631708,53.43222822,21.98062528,泥岩
1594.75,非储层,1.731660088,57.1172487,41.15109121,78.13428027,21.86571973,78.65187499,49.95042462,1.956970178,5.209853903,0.517594715,21.34812501,2.28354181,130.7253557,15.68362781,1.351751313,1.345325884,119.9523709,53.53497143,22.03154155,泥岩
1594.875,非储层,1.760772548,55.98721972,42.25200774,76.10936975,23.89063025,76.63238678,48.96218676,1.918252749,5.106780207,0.523017031,23.36761322,2.090040987,142.3556348,15.77970065,1.343331466,1.336867962,132.6446212,51.484018,22.11083339,泥岩
1595,非储层,1.813041844,55.50747732,42.67948083,77.03164756,22.96835244,77.5687906,48.54264036,1.901815655,5.063021311,0.537143032,22.4312094,2.196893165,127.4978015,15.80785056,1.346491006,1.339898529,119.2660834,51.88758369,22.06144121,泥岩
1595.125,非储层,1.828083447,56.24412862,41.92778793,77.51223719,22.48776281,78.04877269,49.18685986,1.927055047,5.130213722,0.536535498,21.95122731,2.110113804,136.622171,15.97116062,1.342200084,1.335462018,142.3334476,51.54113589,22.0460235,泥岩
1595.25,非储层,1.826998762,55.35641897,42.81658226,76.08167655,23.91832345,76.63383149,48.41053615,1.896640044,5.049242777,0.552154941,23.36616851,2.155783478,132.8396685,16.00900545,1.329703237,1.323024706,129.5453336,51.66218002,22.04534142,泥岩
1595.375,非储层,1.857648418,55.45861875,42.68373283,78.13996537,21.86003463,78.69924789,48.49991234,1.900141647,5.058564758,0.559282523,21.30075211,2.169378176,130.229423,16.08135574,1.328091741,1.321393467,134.1226574,52.78481946,22.05340176,泥岩
1595.5,非储层,1.860570158,54.72633282,43.41309703,76.1092254,23.8907746,76.65209564,47.85951047,1.875051822,4.991770526,0.542870239,23.34790436,2.138081723,135.0569155,16.2352634,1.316368303,1.309642616,131.9737969,52.31499152,21.89658194,泥岩
1595.625,非储层,1.816247504,54.59430207,43.58945042,77.26750567,22.73249433,77.81797643,47.74404637,1.870528141,4.979727564,0.550470756,22.18202357,2.058571277,138.4720596,16.35116088,1.311679129,1.304870048,125.4865882,53.66727282,22.08078679,泥岩
1595.75,非储层,1.797122545,54.15174817,44.05112928,75.03447277,24.96552723,75.59506672,47.35702221,1.855365212,4.939360753,0.560593949,24.40493328,2.012053465,141.7888055,16.36061665,1.318105192,1.31105115,126.1454992,52.36614519,21.94484641,泥岩
1595.875,非储层,1.772040111,55.45508122,42.77287867,76.53849586,23.46150414,77.11585395,48.49681869,1.900020443,5.058242088,0.577358092,22.88414605,2.180528381,130.5524037,16.36121363,1.321224149,1.313998799,128.9636972,52.37768727,21.95092438,泥岩
1596,非储层,1.817117246,54.76494897,43.41793378,75.4182172,24.5817828,75.98193476,47.89328124,1.876374902,4.995292834,0.563717553,24.01806524,2.280212081,143.3414259,16.37611644,1.333829638,1.326435718,127.1236874,52.03097092,22.06949533,泥岩
1596.125,非储层,1.846537305,54.50632928,43.64713342,74.33761201,25.66238799,74.88902957,47.66711202,1.867513988,4.971703273,0.551417556,25.11097043,2.189758719,135.5009782,16.25170286,1.354335472,1.3468321,137.3640657,53.48649136,22.13939249,泥岩
1596.25,非储层,1.90191763,55.50180361,42.59627876,73.07942017,26.92057983,73.63896821,48.53767856,1.901621261,5.062503792,0.559548038,26.36103179,1.944217132,130.1384416,16.24621665,1.369089506,1.361562685,125.8027163,51.54138166,22.00030073,泥岩
1596.375,非储层,1.915030191,55.5244915,42.56047831,73.68969991,26.31030009,74.25157898,48.55751967,1.902398601,5.06457323,0.561879065,25.74842102,1.997240062,129.4519841,16.07701169,1.403040868,1.395310341,124.7427104,52.65210105,21.90836504,泥岩
1596.5,非储层,1.90949295,56.65973244,41.43077461,71.79064933,28.20935067,72.33990446,49.55031551,1.941294604,5.168122326,0.549255126,27.66009554,2.061273694,141.5364417,15.94608355,1.439865364,1.431767642,121.190608,52.19893923,21.93512129,泥岩
1596.625,非储层,1.93286322,56.02729289,42.03984389,69.65543048,30.34456952,70.20833912,48.99723173,1.919625749,5.110435415,0.552908638,29.79166088,2.156119649,131.4238878,15.78484678,1.464306667,1.45597751,125.8088374,52.26812078,22.20420418,泥岩
1596.75,非储层,1.921598844,57.28934226,40.7890589,71.38066543,28.61933457,71.94664942,50.10092462,1.962866504,5.225551128,0.565983988,28.05335058,2.08912324,140.7515444,15.60864988,1.495999426,1.487241892,119.7470565,52.07931326,22.02993346,泥岩
1596.875,非储层,1.869438499,57.54033942,40.59022208,70.8967354,29.1032646,71.47308522,50.32042776,1.971466253,5.248445412,0.576349822,28.52691478,2.150010674,120.1315747,15.548633,1.516584413,1.50738216,117.5777004,52.63287466,22.03099529,泥岩
1597,非储层,1.911996284,57.38726648,40.70073723,69.26022368,30.73977632,69.84435724,50.18656175,1.966221617,5.234483122,0.584133566,30.15564276,2.152491079,133.4103216,15.3398851,1.544180536,1.534620989,128.4111072,53.17503571,22.04860024,泥岩
1597.125,非储层,1.937283178,58.31469215,39.74802467,68.62179848,31.37820152,69.2006231,50.99761807,1.997997384,5.319076696,0.578824619,30.7993769,2.158846226,125.1991819,15.35474152,1.555454321,1.545619649,130.0666127,52.11642859,22.21868483,泥岩
1597.25,非储层,1.991036103,57.1656054,40.8433585,69.24116956,30.75883044,69.83373354,49.99271373,1.958626991,5.214264678,0.592563985,30.16626646,2.232908924,124.6426891,15.44925865,1.548092271,1.538279841,121.8449844,52.96765572,21.8324598,泥岩
1597.375,非储层,1.943506568,56.49266553,41.5638279,70.59409483,29.40590517,71.18248821,49.40421143,1.935570502,5.152883598,0.588393374,28.81751179,2.146785494,134.1720734,15.45524667,1.543946783,1.534138519,120.8053293,51.98802356,21.93354442,泥岩
1597.5,非储层,1.96345779,57.27839994,40.75814227,69.88095102,30.11904898,70.48390055,50.0913553,1.962491595,5.224553042,0.602949532,29.51609945,2.2751418,141.9985867,15.47473028,1.530757909,1.521049804,124.1669286,52.6941443,22.05945906,泥岩
1597.625,非储层,1.929088368,58.04886494,40.02204669,70.42716903,29.57283097,71.0206792,50.76514571,1.988889523,5.294829714,0.593510167,28.9793208,2.123081685,128.341299,15.32674334,1.528254468,1.518756921,120.9879086,53.88515746,21.86930741,泥岩
1597.75,非储层,1.969400003,58.67584286,39.35475713,72.25438931,27.74561069,72.84204149,51.31345316,2.010371249,5.352018451,0.587652182,27.15795851,2.316306051,131.6017844,15.0870409,1.534858128,1.525427666,116.9595599,50.37161664,22.09115584,泥岩
1597.875,非储层,1.916450316,58.99710965,39.08644004,73.68475687,26.31524313,74.28388223,51.59440879,2.021378599,5.381322262,0.599125356,25.71611777,2.168494215,146.893761,14.87199588,1.532035517,1.522971091,121.8258106,51.55722349,22.06076002,泥岩
1598,非储层,1.945713957,59.46932413,38.58496191,74.25103598,25.74896402,74.83514988,52.00737185,2.037557769,5.424394513,0.584113898,25.16485012,2.139769079,134.4907515,14.71093505,1.53395011,1.525028504,113.6580196,51.512127,22.02859639,泥岩
1598.125,非储层,1.914147595,59.71360215,38.37225026,73.02870785,26.97129215,73.62124217,52.22099892,2.045927303,5.446675922,0.592534317,26.37875783,2.228038127,138.4506175,14.60178134,1.548146827,1.539124554,115.4241824,50.93758176,21.98236014,泥岩
1598.25,非储层,1.915944723,59.89647901,38.18757627,71.83136001,28.16863999,72.41029019,52.38092919,2.052193091,5.463356727,0.578930184,27.58970981,2.051578915,125.6223828,14.45984432,1.565609034,1.556649816,117.789964,53.26772672,22.10816843,泥岩
1598.375,非储层,1.88542767,60.56032325,37.55424908,73.32797043,26.67202957,73.88985032,52.96147714,2.074937943,5.523908165,0.561879891,26.11014968,2.023017424,123.045179,14.26408154,1.583607144,1.574716357,116.2538026,53.27404737,21.9004203,泥岩
1598.5,非储层,1.916963458,61.57997111,36.50306543,74.93069105,25.06930895,75.48900847,53.85318402,2.109873458,5.616913631,0.558317426,24.51099153,2.213960717,127.4235346,14.16965201,1.585793362,1.577105563,136.7871922,51.82809653,21.86714535,泥岩
1598.625,非储层,1.877968502,60.70903654,37.41299496,74.45543372,25.54456628,75.01733134,53.09153054,2.080033208,5.537472798,0.561897618,24.98266866,2.202975259,112.1650126,14.06899427,1.576985317,1.568613569,118.9910264,52.10122181,22.01723122,泥岩
1598.75,非储层,1.866366598,60.90220754,37.23142587,75.26673894,24.73326106,75.8235157,53.26046327,2.086651697,5.555092566,0.556776756,24.1764843,2.262171043,123.075755,13.96075152,1.582060551,1.573706374,109.1167342,50.66887077,22.02669046,泥岩
1598.875,非储层,1.880442634,61.69251571,36.42704166,74.60772491,25.39227509,75.17522552,53.95160701,2.113729498,5.627179198,0.567500609,24.82477448,2.034009492,127.5007145,14.04936339,1.572940209,1.5646385,111.4278474,50.55331634,21.97017321,泥岩
1599,非储层,1.917653064,60.62782502,37.45452192,74.74312192,25.25687808,75.29676602,53.02050908,2.077250711,5.530065225,0.553644093,24.70323398,2.130436022,116.9526943,14.03894324,1.580950908,1.572675253,112.7861374,51.60631477,21.85994331,泥岩
1599.125,非储层,1.92939381,60.83139532,37.23921087,73.31707626,26.68292374,73.86477121,53.19853627,2.084225505,5.548633548,0.547694949,26.13522879,1.894800577,120.2939333,14.06439256,1.595997888,1.587597553,116.7695243,51.89513782,22.11833452,泥岩
1599.25,非储层,1.881539171,60.71597794,37.40248289,72.20625535,27.79374465,72.74409498,53.09760096,2.080271036,5.538105946,0.53783963,27.25590502,2.001372221,119.1071975,14.19369447,1.596152655,1.587885389,118.8005069,51.75654789,22.01602179,泥岩
1599.375,非储层,1.921587086,60.35567089,37.72274202,72.07146135,27.92853865,72.59495656,52.78250367,2.067926076,5.505241144,0.523495213,27.40504344,2.053817925,130.1856394,14.30598722,1.609225069,1.60078629,109.0039458,51.5984566,22.28913955,泥岩
1599.5,非储层,1.944654835,59.54074258,38.51460258,70.42759282,29.57240718,70.96036364,52.06982902,2.040004731,5.430908827,0.532770819,29.03963636,2.082713676,120.3421539,14.51231516,1.596156463,1.587821832,132.9475554,51.38710257,22.04016934,泥岩
1599.625,非储层,1.969004796,58.6350945,39.3959007,71.67958193,28.32041807,72.2078881,51.27781773,2.008975116,5.348301658,0.528306174,27.7921119,2.313805661,115.7034208,14.6310915,1.598952421,1.590455774,112.1114661,52.42450077,22.11183385,泥岩
1599.75,非储层,1.910991444,59.50162622,38.58738234,69.56781911,30.43218089,70.10810825,52.03562081,2.038664514,5.427340893,0.540289144,29.89189175,2.14926454,129.4876581,14.69619928,1.606685654,1.597789007,121.6743267,51.92899224,22.61612508,泥岩
1599.875,非储层,1.882903134,59.74825689,38.36883998,69.59203878,30.40796122,70.14556898,52.25130533,2.047114656,5.449836895,0.5535302,29.85443102,2.329901719,137.1079747,14.66729032,1.6176396,1.608384593,120.9810507,52.65416011,22.42814511,泥岩
1600,非储层,1.909961838,59.9077597,38.18227846,69.19894349,30.80105651,69.76422115,52.39079443,2.052579594,5.464385677,0.565277656,30.23577885,2.251887733,128.9575511,14.58773579,1.65031075,1.640331132,114.2286705,52.59362203,23.43752362,泥岩
1600.125,非储层,1.872413379,59.66239474,38.46519188,67.81224696,32.18775304,68.37929154,52.1762168,2.044172818,5.442005124,0.567044579,31.62070846,2.105002721,126.2421804,14.01284286,1.677860055,1.715018459,98.38103408,50.90325398,23.18275879,泥岩
1600.25,水层,9.783277797,61.41421478,28.80250743,76.53664815,23.46335185,76.68907105,51.29993653,4.832851665,5.281426582,0.1524229,23.31092895,2.078987125,144.7559117,13.40629134,1.712734172,1.799777181,117.7061029,49.32114482,22.89448897,细砂岩
1600.375,水层,9.916763969,61.97197221,28.11126382,76.29733399,23.70266601,76.44826811,51.76583715,4.876743115,5.329391942,0.15093412,23.55173189,2.080795577,138.8452984,12.85540535,1.72813731,1.865313749,110.9847322,48.81649471,22.5891476,细砂岩
1600.5,水层,10.12465842,61.27598054,28.59936105,77.14557227,22.85442773,77.29650471,51.18446802,4.821973636,5.269538878,0.150932434,22.70349529,2.127510187,137.9397383,12.2205652,1.739703931,1.930501879,112.0763639,49.10777568,22.08537489,细砂岩
1600.625,水层,10.37621654,61.65445271,27.96933075,77.68557835,22.31442165,77.83587165,51.50060979,4.851756641,5.302086278,0.150293302,22.16412835,2.144049385,144.7088538,12.18272348,1.734229636,1.929960768,98.74632162,47.90250427,22.07125783,细砂岩
1600.75,水层,10.31793433,61.40611879,28.27594688,77.41724779,22.58275221,77.56570261,51.29317387,4.832214569,5.280730353,0.148454824,22.43429739,2.046603723,157.9812781,12.25454157,1.713570003,1.908100354,110.3771215,48.86913859,21.97670465,细砂岩
1600.875,水层,10.06773994,60.93996375,28.99229631,77.30315253,22.69684747,77.45499845,50.90378968,4.795531561,5.240642506,0.151845922,22.54500155,2.125601717,138.8524324,12.23964389,1.715401936,1.912156145,115.8450359,49.28004377,22.08866581,细砂岩
1601,水层,10.33595934,61.35469034,28.30935032,77.04548753,22.95451247,77.19557059,51.25021514,4.828167525,5.27630767,0.15008306,22.80442941,2.005813913,149.8966352,12.21974956,1.720332814,1.919556571,105.3773131,49.13763015,21.95798256,细砂岩
1601.125,水层,10.56553021,61.84365007,27.59081972,77.34592615,22.65407385,77.49359254,51.65864832,4.866645096,5.318356647,0.147666396,22.50640746,2.047637772,146.1991733,12.11825338,1.744830723,1.949332971,110.5902921,49.49438924,22.08324791,细砂岩
1601.25,水层,10.48547905,62.623268,26.89125295,76.37745829,23.62254171,76.5217194,52.30987135,4.927995353,5.385401303,0.14426111,23.4782806,1.927124032,139.0677108,12.01449064,1.75367651,1.964965953,100.0047191,48.81067923,21.84031007,细砂岩
1601.375,水层,10.55679592,61.75509871,27.68810537,77.67578036,22.32421964,77.81844972,51.58468044,4.859676749,5.310741513,0.142669369,22.18155028,2.111909119,147.5481239,11.95464962,1.743534053,1.955075912,101.3880087,48.74422961,21.96517933,细砂岩
1601.5,水层,10.31854983,61.60772898,28.0737212,79.16966297,20.83033703,79.31290041,51.46158097,4.848079824,5.298068186,0.14323744,20.68709959,2.216986363,159.8817485,12.017508,1.733202401,1.94129777,100.5700012,48.17529246,22.01065683,细砂岩
1601.625,水层,10.39075852,61.20525534,28.40398614,77.5756311,22.4243689,77.71866654,51.12539052,4.816408078,5.263456737,0.143035436,22.28133346,2.140077118,142.5348499,12.07772866,1.720656793,1.926269552,113.0439832,49.0715673,22.29475805,细砂岩
1601.75,水层,10.44387122,61.92714578,27.62898301,76.71767464,23.28232536,76.85773678,51.72839316,4.873215601,5.325537012,0.140062138,23.14226322,2.043047534,147.1876139,11.9971673,1.725975439,1.930719006,92.71759072,48.06365441,22.35085556,细砂岩
1601.875,水层,10.25022448,62.59151239,27.15826314,78.65350684,21.34649316,78.79609899,52.28334555,4.925496417,5.382670421,0.142592143,21.20390101,1.932292689,138.8738614,11.92055722,1.754460173,1.963859578,110.9727946,48.50027476,22.02038284,细砂岩
1602,水层,10.43838956,62.73975177,26.82185866,77.26528019,22.73471981,77.41092373,52.40717146,4.937161778,5.395418536,0.145643544,22.58907627,1.970001024,149.1091657,11.81999648,1.78150749,1.996684164,118.84682,48.33141606,21.7977997,细砂岩
1602.125,水层,10.59876998,62.45798615,26.94324387,76.20123314,23.79876686,76.34963771,52.17180968,4.914988874,5.371187591,0.148404569,23.65036229,1.847866155,145.2696323,11.74559712,1.818015119,2.038838145,110.3129364,48.5234342,22.01242798,细砂岩
1602.25,水层,10.5937784,63.1448906,26.261331,74.21309493,25.78690507,74.35993508,52.74558816,4.969043254,5.430259183,0.14684015,25.64006492,2.187574327,144.6854013,11.65660341,1.860285311,2.086844834,91.73744171,47.67709641,22.11045867,细砂岩
1602.375,水层,10.32346087,64.05029334,25.62624579,75.83147944,24.16852056,75.97712433,53.50188055,5.04029186,5.50812093,0.145644891,24.02287567,2.237347346,147.3033941,11.65589341,1.893503698,2.121878836,109.6780618,49.66808372,22.04030925,细砂岩
1602.5,水层,10.37258106,63.3865649,26.24085405,74.05700034,25.94299966,74.20196499,52.94746123,4.988061262,5.451042401,0.144964645,25.79803501,1.885130807,144.678327,11.64151332,1.9156407,2.142992629,112.3635751,47.48148757,22.02950992,细砂岩
1602.625,水层,10.29441467,63.08529198,26.62029335,74.43418951,25.56581049,74.57778263,52.69580481,4.964353277,5.425133892,0.143593116,25.42221737,2.042570038,132.7961506,11.65726719,1.928191422,2.15279838,104.7543732,47.98472376,21.91162442,细砂岩
1602.75,水层,10.26571158,63.34744285,26.38684557,72.9523908,27.0476092,73.09272958,52.91478218,4.984982642,5.44767803,0.140338779,26.90727042,1.954371875,138.6406418,11.75307637,1.947518624,2.169034742,104.4229384,47.41611203,21.91722953,细砂岩
1602.875,水层,10.10044682,63.71679809,26.18275508,72.54798716,27.45201284,72.69087006,53.22330848,5.014048211,5.479441403,0.142882893,27.30912994,2.141709164,150.2988935,11.78673599,1.953163259,2.17185406,105.0151675,48.28373116,22.07645685,细砂岩
1603,水层,10.12400207,63.30362569,26.57237224,73.09326663,26.90673337,73.23458854,52.87818124,4.98153455,5.443909894,0.141321909,26.76541146,1.87000097,137.7503038,11.84115157,1.981915959,2.198225992,107.4875987,48.82921897,22.15358531,细砂岩
1603.125,水层,9.981212542,63.2459234,26.77286406,71.01462532,28.98537468,71.15228992,52.82998192,4.9769938,5.438947681,0.137664599,28.84771008,2.144403925,155.8043394,11.92978049,1.990018567,2.201421799,103.7309426,48.323164,22.10079865,细砂岩
1603.25,水层,9.910647321,62.89553249,27.19382019,70.89841976,29.10158024,71.04000407,52.53729672,4.949420586,5.408815181,0.141584305,28.95999593,2.179289948,140.0562502,12.11484123,1.988236301,2.193193483,111.3541806,48.51852864,22.10820191,细砂岩
1603.375,水层,9.841291425,62.30509367,27.8536149,69.77875527,30.22124473,69.91980345,52.044097,4.902957349,5.358039325,0.141048184,30.08019655,2.024230984,148.7351284,12.21683617,2.014904399,2.217247402,95.24143547,49.91997931,21.82501858,细砂岩
1603.5,水层,9.916859051,62.99055076,27.09259019,69.11121488,30.88878512,69.25048654,52.61666648,4.956897832,5.416986449,0.139271663,30.74951346,2.149922214,157.5885126,12.27018479,2.019744782,2.220832994,109.5327533,47.73570458,22.10782245,细砂岩
1603.625,水层,9.942269956,62.91041225,27.14731779,69.72986757,30.27013243,69.87122275,52.54972594,4.950591515,5.410094793,0.141355182,30.12877725,2.188131526,147.3292447,12.29156107,2.035909905,2.240125017,97.84098579,48.17041533,22.03141638,细砂岩
1603.75,水层,10.17554746,62.90400517,26.92044738,69.05690523,30.94309477,69.1956765,52.54437404,4.950087324,5.409543804,0.138771267,30.8043235,2.109930659,134.5984559,12.16940505,2.078623015,2.288067512,109.5034119,47.56478868,22.01503819,细砂岩
1603.875,水层,9.880975037,63.90970901,26.20931596,68.08344736,31.91655264,68.22148617,53.38444899,5.029228896,5.496031126,0.138038806,31.77851383,2.21672778,152.5857767,12.1608271,2.107857544,2.315719991,103.4178287,49.48916945,22.35848229,细砂岩
1604,水层,9.59049513,63.57092468,26.83858019,66.8661779,33.1338221,67.00193738,53.10145889,5.002569035,5.466896755,0.135759478,32.99806262,2.185144134,136.6566053,12.21695134,2.147724524,2.352132172,106.9562996,47.13156521,22.24796476,细砂岩
1604.125,水层,9.505604123,63.15091539,27.34348049,65.56187338,34.43812662,65.69795843,52.75062073,4.969517361,5.430777295,0.13608505,34.30204157,2.103818608,127.0412975,12.31501463,2.193937998,2.392231809,111.998257,46.35072558,22.47660614,细砂岩
1604.25,水层,9.537754305,62.92469183,27.53755386,63.84471985,36.15528015,63.97690791,52.56165383,4.951715214,5.411322791,0.132188053,36.02309209,1.999801601,126.0025515,12.50192774,2.195056113,2.387024074,100.4850173,46.69523156,22.22288241,细砂岩
1604.375,水层,9.632352435,62.48049916,27.8871484,65.04562952,34.95437048,65.1774504,52.19061504,4.916760484,5.373123638,0.131820881,34.8225496,2.104101071,148.2408167,12.67473502,2.187841318,2.377435638,115.7065802,47.78729054,21.99978099,细砂岩
1604.5,水层,9.730409895,62.02871707,28.24087304,64.72037596,35.27962404,64.85191194,51.81323673,4.881208522,5.334271819,0.131535973,35.14808806,2.161356784,156.851687,12.84912922,2.157426604,2.346247872,107.8562711,48.78560084,22.03709511,细砂岩
1604.625,水层,9.909405646,61.19963031,28.89096404,65.33437317,34.66562683,65.46544324,51.12069188,4.815965429,5.262973002,0.131070073,34.53455676,2.282529691,131.7207382,13.03143762,2.093348964,2.281204481,100.3272795,49.21436436,22.02012317,细砂岩
1604.75,水层,10.09737445,60.38721651,29.51540905,66.32198185,33.67801815,66.45529875,50.44207412,4.752034376,5.193108007,0.133316906,33.54470125,2.008281969,141.3484091,13.09315426,2.054828325,2.241890759,103.5047962,49.79862601,22.12288098,细砂岩
1604.875,水层,9.858345517,61.36215644,28.77949804,67.31848762,32.68151238,67.45483761,51.25645166,4.828755053,5.276949731,0.136349984,32.54516239,2.116490791,141.9882003,13.10920689,2.000485474,2.187511923,116.2479033,48.54128714,22.15748606,细砂岩
1605,水层,10.03929171,60.99542498,28.96528331,69.14638472,30.85361528,69.28542694,50.95011703,4.799895956,5.245411995,0.139042227,30.71457306,2.194490304,149.0498599,13.02201378,1.981000522,2.167186988,100.1611316,49.33753556,21.96729774,细砂岩
1605.125,水层,9.748250561,61.65788212,28.59386732,68.39570846,31.60429154,68.53373625,51.50347441,4.852026511,5.302381197,0.138027787,31.46626375,1.97918832,146.6964826,12.83960848,1.99183176,2.17983038,110.852552,49.2842489,21.95938308,细砂岩
1605.25,水层,9.875776527,62.09501795,28.02920552,68.18641017,31.81358983,68.32122554,51.86861855,4.886425919,5.339973483,0.134815367,31.67877446,2.490345582,147.149324,12.82276144,1.987978647,2.174209163,107.9275136,48.45581078,22.12141187,细砂岩
1605.375,水层,9.643746726,61.49877622,28.85747706,67.96405661,32.03594339,68.09565458,51.37057158,4.839506034,5.288698596,0.131597964,31.90434542,2.085393789,131.9547968,12.88026683,1.994483948,2.177010166,100.6906179,49.43826967,21.89137097,细砂岩
1605.5,水层,9.69103711,60.72958413,29.57937876,67.74008577,32.25991423,67.87510176,50.72805738,4.778976216,5.22255053,0.135015994,32.12489824,1.947986914,136.7430177,12.95421078,2.008275173,2.187116579,115.1618666,47.97290443,21.95824894,细砂岩
1605.625,水层,9.408969003,61.35123739,29.2397936,66.07111803,33.92888197,66.20492128,51.24733086,4.827895803,5.276010728,0.133803244,33.79507872,2.1154964,132.2379842,13.03314895,2.013182421,2.187106263,110.8958444,50.12894386,21.96276167,细砂岩
1605.75,水层,9.468097036,61.63570858,28.89619439,66.58914754,33.41085246,66.71949357,51.48495262,4.850281615,5.300474342,0.13034603,33.28050643,2.043898326,147.4058216,12.96967414,2.036365446,2.209623419,98.72941542,49.14124447,22.11965528,细砂岩
1605.875,水层,9.335603296,62.44544563,28.21895107,66.96228046,33.03771954,67.09204395,52.16133446,4.914002027,5.370109146,0.129763486,32.90795605,2.246320492,147.2595166,12.89297935,2.050501264,2.224630981,108.9480642,48.36896805,22.02181316,细砂岩
1606,水层,9.565780706,61.61170832,28.82251097,67.65986697,32.34013303,67.78724289,51.46490496,4.848392969,5.298410397,0.127375914,32.21275711,2.147544183,142.7813645,12.94301604,2.042862114,2.218445747,103.1272951,47.98198213,21.98558917,细砂岩
1606.125,水层,9.697221422,60.75233162,29.55044696,65.95379371,34.04620629,66.0797782,50.7470586,4.780766278,5.224506742,0.125984491,33.9202218,2.110792412,148.7489803,13.07626401,2.023848329,2.197531644,98.12707821,49.85248297,22.23289555,细砂岩
1606.25,水层,9.581385281,60.22164024,30.19697448,66.24638593,33.75361407,66.36994318,50.30376654,4.73900473,5.178868976,0.123557249,33.63005682,2.035511775,142.8063655,13.28883587,2.016128096,2.190565481,117.9040762,48.1804894,22.06466914,细砂岩
1606.375,水层,9.862386562,60.4498583,29.68775514,64.32925315,35.67074685,64.45409255,50.49439947,4.75696383,5.198495001,0.124839401,35.54590745,2.131964245,150.0639303,13.50399458,2.024541129,2.196072235,96.54049685,49.04463739,21.9841618,细砂岩
1606.5,水层,9.596286465,59.94614148,30.45757205,63.67392974,36.32607026,63.79589247,50.07363954,4.717324983,5.155176961,0.121962729,36.20410753,2.002044833,139.9238923,13.66831364,2.019643942,2.186091109,97.0703198,49.66724636,21.91445485,细砂岩
1606.625,水层,9.414451142,59.3767869,31.20876196,63.98193175,36.01806825,64.10564302,49.5980517,4.672520922,5.106214284,0.123711274,35.89435698,2.238808936,160.8346787,13.86929437,2.007511523,2.170577571,107.1054015,49.50241025,22.09569159,细砂岩
1606.75,水层,9.576077505,58.35327925,32.07064325,64.43830106,35.56169894,64.55845649,48.74310504,4.591978319,5.01819589,0.120155435,35.44154351,2.16555568,139.0224586,14.06154644,1.963655426,2.11803581,120.3091868,50.83327905,22.03501407,细砂岩
1606.875,水层,9.335601228,58.29885953,32.36553925,65.56399282,34.43600718,65.68453854,48.69764768,4.587695883,5.013515967,0.120545723,34.31546146,2.157368405,143.0405805,14.19071472,1.923927763,2.073931899,116.0045589,49.68508011,21.97818655,细砂岩
1607,水层,9.450073483,58.29305499,32.25687153,65.44067027,34.55932973,65.56218035,48.69279908,4.587239108,5.013016796,0.121510081,34.43781965,2.134972951,166.9002291,14.17258155,1.899861805,2.047525736,131.0581558,50.52718435,21.97200525,细砂岩
1607.125,水层,9.178932619,59.22496224,31.59610514,66.51587519,33.48412481,66.63531105,49.47123097,4.660573426,5.093157847,0.119435862,33.36468895,2.372385874,142.1134344,14.14423653,1.899480237,2.044006473,119.0284856,50.00166438,22.04368927,细砂岩
1607.25,水层,9.117730212,58.69794847,32.18432131,64.91130651,35.08869349,65.03352434,49.03101085,4.619101279,5.047836344,0.122217832,34.96647566,2.04286755,148.1251565,14.13576727,1.918618166,2.064038268,110.1503775,49.87947824,22.10987349,细砂岩
1607.375,水层,9.363165091,58.65835314,31.97848177,63.87119114,36.12880886,63.99483826,48.99793645,4.615985414,5.044431271,0.123647118,36.00516174,2.141269323,143.526032,14.08709605,1.941368857,2.0853251,105.1109467,50.52280707,21.99066137,细砂岩
1607.5,水层,9.085067449,59.14027882,31.77465373,64.02132239,35.97867761,64.14636424,49.40049402,4.653909457,5.085875343,0.125041849,35.85363576,2.138365768,147.3102856,14.22858791,1.961518543,2.103050793,114.6420151,50.91561804,22.04469643,细砂岩
1607.625,水层,9.02594018,58.35701104,32.61704878,62.56962303,37.43037697,62.69487259,48.74622224,4.592271984,5.018516812,0.125249555,37.30512741,2.205396208,134.1053301,14.22426257,2.000861532,2.141256243,113.8300804,49.62518712,22.20852152,细砂岩
1607.75,水层,8.820328976,59.35597876,31.82369227,61.40830215,38.59169785,61.52994578,49.58067043,4.670883472,5.104424849,0.121643628,38.47005422,2.195303569,135.6118584,14.11249219,2.030331121,2.169981811,115.2973198,49.48545167,21.89643118,细砂岩
1607.875,水层,8.957861711,60.1199275,30.92221079,62.86805221,37.13194779,62.98788359,50.21880482,4.731000678,5.170122005,0.119831384,37.01211641,2.098970086,151.3593482,14.11920332,2.026432842,2.166644314,116.4507552,50.429476,22.13168761,细砂岩
1608,水层,9.182547986,59.00295562,31.81449639,64.28096142,35.71903858,64.40400875,49.28578652,4.643103121,5.074065986,0.123047327,35.59599125,2.069026885,139.4173127,14.00472124,2.03888394,2.18283321,119.5150625,49.00118478,21.97576819,细砂岩
1608.125,水层,9.270983457,59.45663717,31.27237937,63.09872934,36.90127066,63.22475603,49.66475146,4.678804556,5.113081152,0.126026691,36.77524397,2.095417916,152.9935191,13.98849327,2.007947931,2.154473846,107.3113363,48.84426465,22.26592849,细砂岩
1608.25,水层,9.245980105,58.96653919,31.78748071,64.41023171,35.58976829,64.53850054,49.25536749,4.640237413,5.070934289,0.128268831,35.46149946,2.008109763,146.7483374,14.0970562,1.976200047,2.121586164,116.4528325,49.93627049,21.99384761,细砂岩
1608.375,水层,9.120366133,58.70899156,32.17064231,64.13580413,35.86419587,64.26080475,49.04023526,4.619970289,5.048786014,0.125000618,35.73919525,2.092403955,144.6231826,14.07183864,1.994081473,2.139332729,124.3614835,48.76236116,22.11395548,细砂岩
1608.5,水层,9.055747867,59.50274317,31.44150896,63.03144523,36.96855477,63.15560629,49.70326429,4.682432763,5.117046121,0.124161058,36.84439371,2.213730235,150.2513498,14.01300454,2.020220561,2.165847117,109.835021,49.04891697,22.21918362,细砂岩
1608.625,水层,9.115367488,60.34345073,30.54118179,61.72800242,38.27199758,61.85254685,50.40551611,4.748590328,5.189344289,0.12454443,38.14745315,2.217305129,132.8814147,14.02256629,2.055707532,2.203162034,115.9851957,51.2591172,22.03001224,细砂岩
1608.75,水层,9.352301947,59.36196896,31.28572909,61.16768372,38.83231628,61.28941748,49.58567412,4.671354858,5.104939988,0.121733759,38.71058252,2.307732987,146.1983481,13.92833523,2.09397404,2.243522035,111.7770069,51.43623145,22.11626868,细砂岩
1608.875,水层,9.079932474,60.0561969,30.86387063,62.10978825,37.89021175,62.23052032,50.16556998,4.725985543,5.164641376,0.120732074,37.76947968,2.054654221,154.3330644,13.94128465,2.095211831,2.24652427,126.1598992,50.43322262,22.1937266,细砂岩
1609,水层,9.293712617,59.35615343,31.35013395,62.74264124,37.25735876,62.86371498,49.58081634,4.670897218,5.104439871,0.121073738,37.13628502,2.375466294,140.2231293,14.05260002,2.073947963,2.224917622,111.246981,49.90091784,21.99956127,细砂岩
1609.125,水层,9.346657451,59.06144485,31.5918977,61.92944508,38.07055492,62.05282874,49.33464318,4.647705797,5.079095872,0.123383658,37.94717126,2.052919267,141.6886116,14.02235039,2.057847247,2.207918112,114.5972556,51.15284397,22.06180137,细砂岩
1609.25,水层,9.249853195,59.42156203,31.32858478,62.96402912,37.03597088,63.0890586,49.63545283,4.676044398,5.110064802,0.125029485,36.9109414,2.289977647,154.6780151,14.01346582,2.065368237,2.218241725,111.6855486,49.62473939,21.97178871,细砂岩
1609.375,水层,9.379557864,60.16592424,30.4545179,61.6369449,38.3630551,61.76164657,50.25722637,4.734620286,5.174077577,0.124701662,38.23835343,2.302688995,152.4840746,13.86921812,2.10815214,2.264464218,111.261564,48.50874292,21.98368459,细砂岩
1609.5,水层,9.290376233,61.14372991,29.56589385,61.31499491,38.68500509,61.44310552,51.07399769,4.811566475,5.258165747,0.128110614,38.55689448,2.262185512,136.9826574,13.6404587,2.158268784,2.320678066,103.9319539,47.99380284,21.96224008,细砂岩
1609.625,水层,9.456038466,61.62806694,28.91589459,61.21141972,38.78858028,61.34289675,51.47856948,4.849680274,5.299817186,0.131477034,38.65710325,2.371348223,141.6853051,13.54822599,2.210534325,2.379692399,111.4311671,49.06031512,22.09497275,细砂岩
1609.75,水层,9.680495172,60.8021009,29.51740393,60.09385321,39.90614679,60.22470988,50.7886314,4.784682758,5.228786741,0.130856667,39.77529012,2.19351922,145.5631171,13.5096492,2.257482294,2.431063273,116.85309,49.43858004,21.91557306,细砂岩
1609.875,水层,9.63929642,61.0249329,29.33577068,58.6534001,41.3465999,58.78080741,50.9747653,4.802218015,5.247949582,0.127407302,41.21919259,2.084307829,157.3278719,13.58622272,2.284947922,2.463471775,123.011184,48.70554086,22.10606477,细砂岩
1610,水层,9.880725452,60.71986754,29.39940701,58.27381422,41.72618578,58.40282699,50.71994101,4.778211591,5.221714934,0.129012776,41.59717301,2.224296757,146.090653,13.65771627,2.312342375,2.492001251,101.7008541,50.36824753,22.10988786,细砂岩
1610.125,水层,9.621565246,61.31677699,29.06165776,58.21925847,41.78074153,58.35158757,51.21854573,4.825184021,5.273047244,0.132329105,41.64841243,2.278039605,153.4414838,13.66388959,2.339146461,2.521233271,115.5539968,49.52432662,22.08070017,细砂岩
1610.25,水层,9.852074802,61.04161849,29.10630671,58.11014653,41.88985347,58.23930921,50.98870295,4.803531049,5.24938449,0.129162687,41.76069079,2.086637494,142.5128759,13.62653398,2.340903003,2.523749243,110.3554491,49.49127348,22.1202357,细砂岩
1610.375,水层,9.643345506,61.36086086,28.99579363,59.06060165,40.93939835,59.19025491,51.25536944,4.8286531,5.276838315,0.129653265,40.80974509,2.094950137,134.1388857,13.55319892,2.350994655,2.534107074,99.51910993,48.92816688,22.06948925,细砂岩
1610.5,水层,9.728715271,61.48243964,28.78884509,58.57435422,41.42564578,58.70461738,51.35692547,4.838220465,5.287293703,0.13026316,41.29538262,2.352240184,142.1752088,13.56385217,2.35767569,2.540651616,111.3088768,48.00777672,22.07008548,细砂岩
1610.625,水层,9.599873543,61.30537288,29.09475358,57.60581565,42.39418435,57.73318459,51.20901975,4.8242866,5.272066526,0.127368946,42.26681541,2.279936218,141.9442734,13.55885572,2.358287439,2.537233479,110.5214772,48.43248808,22.05892844,细砂岩
1610.75,水层,9.410517116,61.16343942,29.42604346,58.04667464,41.95332536,58.1742987,51.09046125,4.81311747,5.259860701,0.127624062,41.8257013,2.076068351,146.6082827,13.62794042,2.338763151,2.512574313,100.5470152,49.54069347,22.0903186,细砂岩
1610.875,水层,9.270143304,60.61107015,30.11878655,59.43772963,40.56227037,59.56162902,50.62906142,4.769650029,5.212358706,0.123899384,40.43837098,2.22278029,131.1476197,13.70004353,2.317337895,2.484756163,98.06167554,48.56968123,22.01938543,细砂岩
1611,水层,9.239899638,60.70678794,30.05331242,58.99098908,41.00901092,59.11677758,50.70901549,4.777182322,5.220590131,0.125788508,40.88322242,1.997675846,142.30936,13.7154941,2.315686255,2.478472826,99.0997149,50.13193565,22.10798114,细砂岩
1611.125,水层,9.136715268,61.22992914,29.63335559,57.38781324,42.61218676,57.51671551,51.14600081,4.818349727,5.265578606,0.128902277,42.48328449,2.112305521,153.9498878,13.7687403,2.30225148,2.46064839,111.2018557,49.63293404,22.03570346,细砂岩
1611.25,水层,9.062477027,60.61412832,30.32339465,58.17752193,41.82247807,58.30904626,50.63161594,4.769890684,5.212621699,0.131524328,41.69095374,2.322886606,138.3735845,13.82796888,2.299956142,2.456780037,116.7260095,49.62106417,21.83481803,细砂岩
1611.375,水层,9.215962804,60.08399756,30.70003963,58.76155152,41.23844848,58.8958696,50.18879216,4.728173253,5.167032144,0.13431808,41.1041304,2.227152965,135.5099247,13.84765893,2.293595774,2.448968085,105.6995963,49.96295571,22.23487035,细砂岩
1611.5,水层,9.143063035,60.47947134,30.37746562,59.16660884,40.83339116,59.30427288,50.51913555,4.75929416,5.201041628,0.137664043,40.69572712,2.144375605,136.8760211,13.96544809,2.250413835,2.401600577,105.563812,49.37224179,21.98691146,细砂岩
1611.625,水层,8.993342575,59.7482618,31.25839562,58.86464615,41.13535385,58.99967007,49.90834857,4.701753292,5.13815994,0.135023914,41.00032993,2.083107081,139.8192665,13.9736734,2.234122708,2.382855164,112.2067133,49.85062624,22.0638086,细砂岩
1611.75,水层,8.833154805,60.3984544,30.76839079,59.23725873,40.76274127,59.37019674,50.45146125,4.752918717,5.19407443,0.132938007,40.62980326,2.266415072,149.2182266,14.03252616,2.229115941,2.374030481,122.2928379,49.53560568,22.01485087,细砂岩
1611.875,水层,8.864667413,59.57795971,31.55737288,58.25236007,41.74763993,58.38355035,49.76609345,4.688351757,5.123514503,0.131190281,41.61644965,2.138943543,126.6689426,14.12815655,2.211904257,2.352061748,103.8157381,49.89447735,21.82740549,细砂岩
1612,水层,8.767256248,59.51943656,31.71330719,59.08249877,40.91750123,59.2113998,49.71720845,4.683746412,5.118481699,0.128901022,40.7886002,2.356965778,128.2562002,14.16574383,2.199136313,2.338312476,115.8357853,50.69337803,21.84338056,细砂岩
1612.125,水层,8.960585053,59.27545608,31.76395887,59.34277292,40.65722708,59.46813023,49.513409,4.664546923,5.097500156,0.125357303,40.53186977,2.079277257,151.0351213,14.28485436,2.167333716,2.306285344,108.4699171,50.08878219,21.96041949,细砂岩
1612.25,水层,9.103820446,58.92760154,31.96857801,60.14022266,39.85977734,60.2690905,49.22284246,4.637173303,5.067585775,0.128867832,39.7309095,2.182829384,138.3148042,14.25972502,2.144919092,2.283731164,104.5240473,50.28913874,22.32146521,细砂岩
1612.375,水层,8.861390975,59.52766822,31.61094081,60.39324603,39.60675397,60.51905718,49.72408444,4.684394183,5.119189596,0.125811152,39.48094282,2.123306432,119.8100592,14.26218405,2.147555546,2.285904773,103.1742027,48.95997344,22.3241731,细砂岩
1612.5,水层,8.700990062,59.54188618,31.75712375,58.82606681,41.17393319,58.95232864,49.73596086,4.685513033,5.120412295,0.126261823,41.04767136,2.297467692,131.8285313,14.25680404,2.13720412,2.275154375,134.7376098,48.86369891,22.30158935,细砂岩
1612.625,水层,8.933614562,59.19824463,31.86814081,60.25753467,39.74246533,60.38452101,49.44891347,4.658470945,5.090860218,0.126986342,39.61547899,2.079339839,139.0188258,14.19428586,2.164465671,2.30422123,117.1399737,49.34561497,22.33589201,细砂岩
1612.75,水层,9.12894541,59.80163542,31.06941917,58.84418541,41.15581459,58.96905662,49.95293211,4.705953407,5.142749901,0.124871204,41.03094338,2.268928699,135.4029233,14.18912687,2.202607144,2.347680405,107.502124,50.10085455,22.0247634,细砂岩
1612.875,水层,9.381107484,59.93677337,30.68211915,57.60655025,42.39344975,57.73066448,50.06581426,4.716587781,5.154371334,0.124114232,42.26933552,2.018064951,145.1591694,14.13355706,2.233856726,2.388206716,112.6146619,52.22455964,21.89785661,细砂岩
1613,水层,9.611596387,60.23159383,30.15680978,57.45046593,42.54953407,57.57211603,50.31208087,4.739788005,5.179724953,0.121650097,42.42788397,2.320268441,152.4814087,14.03956327,2.283610992,2.449049317,113.9823039,48.87653033,22.01397258,细砂岩
1613.125,水层,9.885733963,60.44572931,29.66853672,57.930135,42.069865,58.04886989,50.49095048,4.756638908,5.198139921,0.118734886,41.95113011,2.226835161,155.5149332,13.92868236,2.301000175,2.47385982,113.6291811,49.23267202,21.95894574,细砂岩
1613.25,水层,9.701547423,60.85803284,29.44041974,59.20588222,40.79411778,59.32257847,50.83535194,4.789084195,5.23359671,0.116696252,40.67742153,2.190771806,145.1760197,13.89877792,2.302954554,2.47804706,105.8157344,48.54621868,22.08625198,细砂岩
1613.375,水层,9.563329626,60.18846176,30.24820862,57.91694844,42.08305156,58.03276853,50.2760522,4.736393825,5.176015732,0.115820081,41.96723147,2.045034787,136.1871703,13.86260101,2.295189121,2.472448947,111.2950001,49.1571527,22.06056962,细砂岩
1613.5,水层,9.801810226,60.41918292,29.77900686,58.54150566,41.45849434,58.65904276,50.468776,4.7545499,5.195857016,0.117537103,41.34095724,2.401530815,147.3821203,13.77287918,2.292568696,2.468445732,107.0189191,50.29231131,22.00121972,细砂岩
1613.625,水层,9.571077438,61.22832305,29.20059951,59.32138922,40.67861078,59.43926926,51.14465922,4.818223339,5.265440487,0.11788004,40.56073074,2.400318195,135.3734516,13.69488133,2.321184862,2.499700562,99.76045908,50.10979882,22.07922664,细砂岩
1613.75,水层,9.718867456,61.84641914,28.4347134,58.31587627,41.68412373,58.43136721,51.66096136,4.866863002,5.318594779,0.115490942,41.56863279,2.087460384,143.4169628,13.49797651,2.380755086,2.564373117,114.7344106,47.71202785,21.91303815,细砂岩
1613.875,水层,9.519282061,62.52543366,27.95528428,56.66333519,43.33666481,56.77697721,52.2281493,4.920296502,5.376987862,0.113642021,43.22302279,2.105560818,149.4412616,13.30967124,2.440798258,2.629449523,101.6121577,47.68394669,22.07008889,细砂岩
1614,水层,9.72201669,62.69617517,27.58180814,57.15104601,42.84895399,57.26435731,52.37077147,4.933732616,5.391671087,0.113311297,42.73564269,2.055127583,127.3301077,13.29313596,2.495296808,2.689868229,101.4376126,48.80090733,22.1269222,细砂岩
1614.125,水层,9.944598995,61.9144764,28.14092461,55.99521273,44.00478727,56.10775261,51.7178103,4.872218613,5.324447486,0.112539878,43.89224739,2.166663365,145.3058685,13.25890942,2.515274729,2.716592989,108.4654227,48.6317044,21.99924846,细砂岩
1614.25,水层,10.22233436,62.2766643,27.50100133,57.60286498,42.39713502,57.71540154,52.02034965,4.900720165,5.35559449,0.112536561,42.28459846,2.326934227,137.4049212,13.27640955,2.490490779,2.700802083,107.6719344,48.54635349,21.96742792,细砂岩
1614.375,水层,10.49559537,61.96176987,27.54263475,58.22390435,41.77609565,58.33633151,51.75731503,4.875940265,5.328514574,0.112427167,41.66366849,2.204378732,137.4987654,13.3158247,2.494079178,2.710016788,93.90116522,49.7332284,22.15533968,细砂岩
1614.5,水层,10.30959812,62.31814458,27.37225729,56.52053374,43.47946626,56.63053564,52.05499856,4.903984361,5.359161662,0.110001907,43.36946436,2.031864509,132.6725888,13.26995638,2.486828101,2.705743242,103.8495133,49.90379652,21.98115387,细砂岩
1614.625,水层,10.1493895,62.19587369,27.65473681,57.1457407,42.8542593,57.25299687,51.9528644,4.894362531,5.348646755,0.107256166,42.74700313,2.211133409,140.9845982,13.26657943,2.509451789,2.728711663,92.55419668,48.38152565,22.1893397,细砂岩
1614.75,水层,10.16059098,62.5555005,27.28390851,56.23902379,43.76097621,56.34904093,52.25326444,4.922662544,5.379573514,0.110017142,43.65095907,2.27905886,120.7193899,13.24226654,2.550730624,2.765910333,97.68162106,48.31485038,22.14932051,细砂岩
1614.875,水层,9.916206586,62.69255449,27.39123893,55.86294388,44.13705612,55.97517827,52.36774707,4.933447695,5.39135972,0.112234392,44.02482173,2.213721879,137.8623704,13.18572869,2.575831752,2.791999106,103.1914325,48.08760811,21.90732573,细砂岩
1615,水层,10.18815095,63.06526138,26.74658767,55.79328115,44.20671885,55.90645901,52.67907304,4.962777014,5.423411324,0.113177869,44.09354099,2.138565525,152.6904852,13.04566568,2.607725503,2.831159446,111.0852334,49.75094436,22.18399025,细砂岩
1615.125,水层,10.37186519,63.66398154,25.96415327,57.26921894,42.73078106,57.3849911,53.17919026,5.009891933,5.474899348,0.115772165,42.6150089,2.229148495,130.5315674,12.98736815,2.615467415,2.845413193,102.7822169,49.20076409,22.0395476,细砂岩
1615.25,水层,10.57735367,63.06441511,26.35823122,56.71169378,43.28830622,56.82799429,52.67836615,4.962710419,5.423338547,0.116300515,43.17200571,2.176227252,122.8912004,12.89283038,2.619803159,2.858260305,87.09757657,47.41342754,22.04603477,细砂岩
1615.375,水层,10.44189963,63.45203568,26.10606469,57.10117543,42.89882457,57.21649251,53.00214966,4.993213336,5.45667268,0.115317081,42.78350749,2.308762367,140.6239619,12.74554068,2.607774725,2.85052354,99.47980601,47.33066221,21.94397392,细砂岩
1615.5,水层,10.26993312,64.14880518,25.5812617,58.67087888,41.32912112,58.78595972,53.58416852,5.048044024,5.516592634,0.115080844,41.21404028,2.12297077,128.4928199,12.69340637,2.606147256,2.84682058,101.4914779,48.63277853,21.96973217,细砂岩
1615.625,水层,10.08587424,64.12155255,25.79257321,58.06518363,41.93481637,58.17914719,53.56140411,5.045899441,5.514248995,0.113963561,41.82085281,2.402415076,118.8120147,12.49718002,2.611662345,2.850244384,105.6314095,49.06505412,22.09525886,细砂岩
1615.75,水层,9.937156501,64.83699928,25.22584422,59.13850377,40.86149623,59.25175014,54.15902426,5.10219989,5.575775132,0.113246371,40.74824986,2.114644855,128.4894044,12.33897201,2.610566304,2.843966379,103.51977,48.52797233,22.27882983,细砂岩
1615.875,水层,9.654836614,64.8755551,25.46960829,59.35462234,40.64537766,59.46724197,54.19123033,5.105233953,5.579090809,0.112619629,40.53275803,2.407561924,138.9883689,12.22816687,2.628844333,2.859490636,96.53293475,47.43707987,21.88403934,细砂岩
1616,水层,9.72462709,65.33942169,24.93595122,59.15511216,40.84488784,59.26935071,54.57870296,5.141736877,5.618981857,0.114238545,40.73064929,2.101583387,150.5716862,12.16920676,2.645358852,2.874539628,106.5361981,47.95877087,22.03570938,细砂岩
1616.125,水层,9.772790925,64.82532919,25.40187989,57.90018526,42.09981474,58.01374437,54.14927611,5.101281539,5.574771541,0.113559114,41.98625563,2.111997728,132.2208424,12.18929987,2.673270995,2.902781491,99.48530773,48.3778669,22.1434421,细砂岩
1616.25,水层,9.911278166,64.95095875,25.13776309,57.1960581,42.8039419,57.3113388,54.2542158,5.111167671,5.585575283,0.115280698,42.6886612,2.192591582,147.0791226,12.16151691,2.708571913,2.944604683,104.1185801,47.2635802,22.01677486,细砂岩
1616.375,水层,10.00008304,65.38958936,24.61032759,57.79703844,42.20296156,57.9141509,54.62060854,5.145684708,5.623296116,0.117112463,42.0858491,2.066763452,144.7061623,12.16935974,2.703095315,2.940762563,84.53260081,47.84574263,22.26274249,细砂岩
1616.5,水层,9.899700057,65.18742864,24.91287131,59.39743078,40.60256922,59.51612669,54.45174157,5.12977613,5.605910939,0.118695908,40.48387331,2.341288264,131.9038744,12.09326611,2.705988274,2.944180898,101.3518581,46.49572651,22.36546642,细砂岩
1616.625,水层,9.63787266,65.50441198,24.85771536,58.87593255,41.12406745,58.99116941,54.71652107,5.154720412,5.633170495,0.115236857,41.00883059,2.430238398,147.9228697,12.05390457,2.666883741,2.899462239,107.7260682,47.65360166,22.2415666,细砂岩
1616.75,水层,9.489189898,64.96572652,25.54508358,60.03435661,39.96564339,60.14703648,54.26655147,5.112329788,5.586845264,0.112679868,39.85296352,2.221287548,131.2775908,12.16823699,2.617252605,2.841269924,101.0544589,47.08789156,22.16703835,细砂岩
1616.875,水层,9.716477001,64.00131343,26.28220956,58.92900941,41.07099059,59.04108402,53.46096712,5.036437497,5.503908815,0.11207461,40.95891598,2.358170295,128.102432,12.21191992,2.586783472,2.809049122,92.22664521,47.56844898,22.0620349,细砂岩
1617,水层,9.966485631,64.49819643,25.53531794,60.61339172,39.38660828,60.72775852,53.87601869,5.075538572,5.546639168,0.114366797,39.27224148,2.263255266,138.9531746,12.25201987,2.531686343,2.755872151,104.1538979,48.27912789,22.27534674,细砂岩
1617.125,水层,10.10191155,64.50756772,25.39052073,61.74687377,38.25312623,61.86410269,53.88384662,5.076276024,5.547445068,0.117228915,38.13589731,2.267305508,140.4521416,12.29026312,2.48525912,2.71244644,100.5372943,47.8990538,21.98090577,细砂岩
1617.25,水层,10.02005216,64.02961533,25.95033251,62.56128535,37.43871465,62.67557865,53.48460799,5.038664651,5.506342688,0.1142933,37.32442135,2.03044772,143.0241778,12.22449885,2.46708069,2.701062495,96.13652834,48.0269876,22.42667532,细砂岩
1617.375,水层,10.2346094,64.24456571,25.52082488,61.17743313,38.82256687,61.29357792,53.6641583,5.055579681,5.524827735,0.116144795,38.70642208,2.449185968,138.4441235,12.19945779,2.479156044,2.714087019,92.81148119,48.14661907,22.47873083,细砂岩
1617.5,水层,9.944190999,64.836504,25.219305,60.23772647,39.76227353,60.35410562,54.15861054,5.102160916,5.575732539,0.116379154,39.64589438,2.356801736,143.4464754,12.17758214,2.514072415,2.750811565,97.31582114,47.23761513,22.66251963,细砂岩
1617.625,水层,10.05327344,65.07572024,24.87100632,59.88618958,40.11381042,60.00001772,54.35843038,5.120985493,5.596304373,0.11382814,39.99998228,2.040384293,148.2569552,12.13994119,2.569639285,2.811442557,94.76357847,48.37890483,22.87804954,细砂岩
1617.75,水层,10.13010413,64.93313396,24.93676191,59.58864468,40.41135532,59.70367401,54.23932656,5.10976499,5.584042408,0.115029331,40.29632599,2.146225825,129.3450491,12.16518756,2.598720362,2.842238013,88.15736968,47.76638992,22.31141648,细砂岩
1617.875,水层,10.30906752,64.34581757,25.34511492,58.99400062,41.00599938,59.10763434,53.74873503,5.063547465,5.533535071,0.113633718,40.89236566,2.304842354,133.2183674,12.20772512,2.617746224,2.865212322,101.6567009,48.28147957,22.33333476,细砂岩
1618,水层,10.28069615,64.62890316,25.09040069,58.50558338,41.49441662,58.61631073,53.98519939,5.085824241,5.557879529,0.110727347,41.38368927,2.144425649,133.6813761,12.26916757,2.642068974,2.892288641,93.45223642,48.38047046,22.393136,细砂岩
1618.125,水层,10.3121322,64.77836737,24.90950044,57.58569687,42.41430313,57.69415628,54.11004841,5.097585986,5.570732974,0.108459416,42.30584372,2.222109249,123.8880361,12.29976104,2.694970057,2.947810359,97.64163502,47.7252865,22.42720575,细砂岩
1618.25,水层,10.20024655,65.18980732,24.60994613,56.15289174,43.84710826,56.26127615,54.4537285,5.129963315,5.606115498,0.108384407,43.73872385,2.177973046,150.3120631,12.36137715,2.755169371,3.008536191,101.9130642,47.26684903,22.39273372,细砂岩
1618.375,水层,10.26677312,64.43412109,25.29910579,54.69700018,45.30299982,54.80708813,53.82249588,5.070496309,5.541128892,0.110087943,45.19291187,2.154871709,149.4319733,12.50734839,2.814075898,3.065197892,92.69753762,48.49551341,22.27221959,细砂岩
1618.5,水层,10.23072429,63.98326923,25.78600649,53.144311,46.855689,53.25585277,53.44589461,5.03501755,5.50235707,0.111541772,46.74414723,2.10311458,131.9766629,12.71301609,2.825751004,3.074052284,101.5190465,48.54462832,22.35996084,细砂岩
1618.625,水层,10.51564067,63.16329713,26.3210622,54.03850286,45.96149714,54.14673247,52.76096333,4.970491714,5.431842085,0.10822961,45.85326753,2.418943615,122.9010893,12.93662272,2.789344797,3.034463713,89.87293313,48.13765622,22.33501894,细砂岩
1618.75,水层,10.59088368,62.94139137,26.46772495,55.02712571,44.97287429,55.13476111,52.57560312,4.953029346,5.412758898,0.107635398,44.86523889,2.063973943,134.7548529,13.10129823,2.733719362,2.972762323,99.87341709,48.66207396,22.57156865,细砂岩
1618.875,水层,10.32150665,62.51993788,27.15855547,55.44984417,44.55015583,55.55870988,52.22355861,4.919864024,5.376515242,0.108865707,44.44129012,2.315470329,124.9850603,13.13434799,2.70412594,2.939911499,111.9630576,49.07726866,22.23308886,细砂岩
1619,水层,10.12932579,63.45176441,26.41890981,54.19455181,45.80544819,54.3043631,53.00192307,4.993191989,5.456649351,0.109811289,45.6956369,2.297698093,136.392749,13.09622574,2.697517222,2.930896529,105.6439595,48.6423337,22.48072145,细砂岩
1619.125,水层,10.25586552,63.44884956,26.29528492,54.84274437,45.15725563,54.95247803,52.99948826,4.992962612,5.456398684,0.109733661,45.04752197,2.205623935,138.4690379,13.07866201,2.687450046,2.915389508,98.77648785,48.41443256,22.1160297,细砂岩
1619.25,水层,10.1231476,63.04599454,26.83085786,55.70421869,44.29578131,55.81107607,52.66297925,4.961260854,5.421754437,0.106857384,44.18892393,2.203010793,129.0300703,13.02057055,2.685744665,2.911450652,89.99106332,48.87611371,21.93741236,细砂岩
1619.375,水层,9.999415456,63.03292303,26.96766151,56.27769316,43.72230684,56.38303656,52.65206048,4.960232222,5.420630329,0.105343402,43.61696344,2.103284599,135.9516162,13.08282953,2.62786782,2.851587768,94.77713548,49.08853139,22.16600318,细砂岩
1619.5,水层,10.28310516,62.33699809,27.37989675,56.7018827,43.2981173,56.8049054,52.07074709,4.905467995,5.360783004,0.103022692,43.1950946,2.306262808,126.7121752,13.06705461,2.580469105,2.800417416,106.9678591,48.41404196,22.1884122,细砂岩
1619.625,水层,10.05618318,63.13348571,26.81033111,57.78172363,42.21827637,57.88526053,52.73606154,4.968145773,5.429278399,0.103536903,42.11473947,2.13468246,133.5436833,13.06120844,2.534808616,2.754855062,93.85077727,49.33745952,21.98377306,细砂岩
1619.75,水层,10.28709253,62.58784926,27.12505821,58.61710752,41.38289248,58.72218467,52.2802857,4.925208156,5.382355404,0.105077156,41.27781533,2.184985029,141.1828648,13.11246918,2.504970691,2.72575708,95.99591106,48.54839585,21.96251345,细砂岩
1619.875,水层,10.28597405,62.24897591,27.46505004,57.4469464,42.5530536,57.55340893,51.99722124,4.898541289,5.353213377,0.106462525,42.44659107,2.094422524,137.3769292,13.16635159,2.497624366,2.716614477,108.9626766,48.7236579,22.11503844,细砂岩
1620,水层,10.26420321,61.80853635,27.92726044,56.39749182,43.60250818,56.50427579,51.62931747,4.863881903,5.31533698,0.106783972,43.49572421,2.174312187,140.9328801,13.25118806,2.5215838,2.740345456,92.98404925,50.12152344,21.99925259,细砂岩
1620.125,水层,10.13798428,62.6565956,27.20542012,55.15714899,44.84285101,55.26412476,52.33771024,4.930617992,5.38826737,0.106975776,44.73587524,2.385572073,126.3386907,13.27659072,2.571508688,2.790234986,90.71339233,48.5989018,21.94687736,细砂岩
1620.25,水层,10.1549243,62.91995684,26.92511887,55.19204972,44.80795028,55.29756153,52.55769864,4.951342605,5.410915596,0.105511808,44.70243847,2.357393101,138.3260696,13.16777023,2.609006405,2.828922566,89.63978204,48.2720136,21.85478631,细砂岩
1620.375,水层,10.01426044,63.58938703,26.39635252,56.66097743,43.33902257,56.76335495,53.11688069,5.004021888,5.468484458,0.102377517,43.23664505,2.258395302,125.0782289,12.91921508,2.636140564,2.860078233,103.2622355,47.50243543,21.89642809,细砂岩
1620.5,水层,9.978968215,64.20759018,25.8134416,58.25680846,41.74319154,58.3592137,53.63327225,5.052669976,5.521647957,0.10240524,41.6407863,2.197943447,138.4401805,12.73544593,2.635128697,2.858552089,97.51611894,48.54611823,22.05493776,细砂岩
1620.625,水层,9.696807533,64.24995938,26.05323308,57.75719969,42.24280031,57.86187428,53.66866369,5.056004124,5.525291573,0.104674594,42.13812572,2.130906557,131.0296263,12.62097275,2.625291464,2.848200392,85.78921687,49.23257524,21.94449273,细砂岩
1620.75,水层,9.896439615,63.81619381,26.28736657,57.34347757,42.65652243,57.45010494,53.30633476,5.021869931,5.487989118,0.106627372,42.54989506,2.100946177,127.7216096,12.60363858,2.640464685,2.862670881,99.04892241,48.19710068,22.00875516,细砂岩
1620.875,水层,9.867222646,63.90303638,26.22974097,55.98941516,44.01058484,56.09395957,53.37887527,5.028703809,5.495457302,0.104544413,43.90604043,2.111557191,138.8230575,12.71083032,2.645755816,2.86127427,108.2220856,47.35586862,22.07869,细砂岩
1621,水层,9.611268321,63.42279924,26.96593244,56.24821948,43.75178052,56.35584336,52.97772816,4.990912641,5.454158439,0.107623879,43.64415664,2.345434151,141.9448901,17.53777617,2.125662331,2.286700236,110.1421617,53.05731519,22.14433997,细砂岩
1621.125,非储层,0.441117205,13.63958588,85.91929691,91.60755002,8.392449982,91.85871089,10.63138553,2.994560768,0.013639586,0.251160867,8.141289115,2.5168658,176.4924013,22.18933413,1.608081559,1.713613969,134.1986025,57.15546813,21.91902647,泥岩
1621.25,非储层,0.44209392,15.04022792,84.51767816,93.75524325,6.244756753,94.00276402,11.72311702,3.302070667,0.015040228,0.247520772,5.997235981,2.558315891,185.8108732,26.80453709,1.074407735,1.124285813,150.0767239,60.01058651,23.26488864,泥岩
1621.375,非储层,0.429927321,15.31682273,84.25324995,91.52884207,8.471157926,91.77648536,11.93870906,3.362796849,0.015316823,0.247643288,8.223514638,2.538737642,209.8709869,31.37629654,0.5546879,0.553500745,165.5498508,64.86018935,23.18135405,泥岩
1621.5,非储层,0.436298862,15.3072945,84.25640663,93.30545756,6.694542441,93.54884671,11.93128227,3.360704934,0.015307295,0.243389148,6.451153293,2.454516917,227.9195498,31.12274668,0.559893713,0.558705507,165.6688773,65.18288736,23.24891397,泥岩
1621.625,非储层,0.442904575,16.38245484,83.17464059,91.17431336,8.825686636,91.41217523,12.76931681,3.596755573,0.016382455,0.237861866,8.58782477,2.553418724,215.7585359,31.03352651,0.566882231,0.565680112,157.3836581,64.5829884,23.21725536,泥岩
1621.75,非储层,0.445357769,16.02930474,83.5253375,90.06655167,9.933448332,90.30124456,12.4940537,3.519221735,0.016029305,0.234692887,9.698755445,2.687279933,220.0541363,31.133891,0.567781942,0.566590193,154.9539197,65.37587534,22.22155598,泥岩
1621.875,非储层,0.432561375,14.24283916,85.32459947,89.6971456,10.3028544,89.93321975,11.10159175,3.127004568,0.014242839,0.236074146,10.06678025,2.578018367,214.027809,31.19531561,0.575434299,0.574208591,158.0588864,64.31998254,22.10556418,泥岩
1622,非储层,0.421313358,14.69730367,84.88138297,87.43581934,12.56418066,87.67227609,11.45582446,3.226781908,0.014697304,0.236456751,12.32772391,2.347449169,222.7920774,31.35024248,0.576100654,0.574854844,157.770861,65.88933418,21.94012283,泥岩
1622.125,非储层,0.42410537,14.73954786,84.83634677,88.84059053,11.15940947,89.08385649,11.48875172,3.236056588,0.014739548,0.243265962,10.91614351,2.40872903,219.8355757,31.36928681,0.577034181,0.575761131,150.1803958,66.37709428,22.07826505,泥岩
1622.25,非储层,0.4163149,15.85270568,83.73097942,89.22493445,10.77506555,89.469895,12.35640343,3.480449546,0.015852706,0.244960547,10.530105,2.446030119,206.5559418,31.26604956,0.580914063,0.579604951,163.4135435,64.83143205,22.14430614,泥岩
1622.375,非储层,0.405673233,15.38920159,84.20512518,88.40320815,11.59679185,88.64772087,11.99512481,3.378687573,0.015389202,0.244512727,11.35227913,2.37452162,220.2096556,31.21179985,0.584641001,0.583308486,153.547309,64.67833502,22.11536402,泥岩
1622.5,非储层,0.410942972,15.30308287,84.28597416,85.76954265,14.23045735,86.0079387,11.92799951,3.359780274,0.015303083,0.238396055,13.9920613,2.751921853,222.6517882,31.37938103,0.58863995,0.58728593,162.1563659,66.38690766,21.86635997,泥岩
1622.625,非储层,0.401955681,12.97497876,86.62306556,84.40419432,15.59580568,84.64151222,10.113357,2.848646776,0.012974979,0.237317904,15.35848778,2.656574538,216.5179197,31.84635932,0.589479508,0.588125475,168.5366684,63.8012112,22.00396111,泥岩
1622.75,非储层,0.404611337,10.85304456,88.7423441,83.3606121,16.6393879,83.59404849,8.459413791,2.382777728,0.010853045,0.233436392,16.40595151,2.542065916,199.445053,32.07308588,0.591962418,0.59061001,165.384794,66.38333732,22.06151353,泥岩
1622.875,非储层,0.414082062,12.96013409,86.62578384,84.24894779,15.75105221,84.48131968,10.10178632,2.845387641,0.012960134,0.23237189,15.51868032,2.607813333,219.8553529,32.47840321,0.589560188,0.588230014,166.5818972,66.62161212,22.03801418,泥岩
1623,非储层,0.416738237,10.93833118,88.64493058,82.69176387,17.30823613,82.91966532,8.525890509,2.40150234,0.010938331,0.227901442,17.08033468,2.782489928,221.5504029,32.7980946,0.587966475,0.586657226,161.069826,66.29394502,22.14150379,泥岩
1623.125,非储层,0.410550186,9.52973237,90.05971744,81.91000582,18.08999418,82.13875186,7.427957101,2.092245536,0.009529732,0.228746044,17.86124814,2.602948529,225.8360074,33.02151588,0.583049444,0.581777979,162.1224816,66.11645698,22.03288698,泥岩
1623.25,非储层,0.408541022,8.430647656,91.16081132,83.99945186,16.00054814,84.22682684,6.57127469,1.850942318,0.008430648,0.22737498,15.77317316,2.572926167,226.7955605,33.63110781,0.569689593,0.568496804,160.7671288,67.70131995,21.88392838,泥岩
1623.375,非储层,0.406400863,6.362910459,93.23068868,86.11001424,13.88998576,86.33950728,4.959575368,1.39697218,0.00636291,0.229493032,13.66049272,2.603785345,231.5219593,34.20946516,0.553659276,0.55257389,172.1302521,67.43717675,22.08016283,泥岩
1623.5,非储层,0.404425873,4.666514955,94.92905917,86.83439088,13.16560912,87.06109388,3.63731861,1.02452983,0.004666515,0.226703001,12.93890612,2.611363366,242.3487112,34.65995695,0.539935085,0.538937399,155.346593,68.46334597,21.77149156,泥岩
1623.625,非储层,0.394190163,4.644403712,94.96140613,85.91493579,14.08506421,86.14619465,3.620083985,1.019675323,0.004644404,0.231258854,13.85380535,2.741361751,235.6565672,35.2729565,0.527780003,0.526951167,162.6973541,68.87131434,21.99855048,泥岩
1623.75,非储层,0.38725974,1.808356308,97.80438395,85.60646474,14.39353526,85.84182762,1.409524692,0.39702326,0.001808356,0.235362876,14.15817238,2.877432088,251.512103,35.78141667,0.521260063,0.520707219,164.717277,69.08833091,22.09009105,泥岩
1623.875,非储层,0.383275646,0.889659404,98.72706495,85.10258928,14.89741072,85.33305812,0.693445695,0.195324049,0.000889659,0.230468842,14.66694188,2.872094132,245.1752616,36.04660757,0.523401741,0.52293187,163.3273181,69.21496604,22.12534032,泥岩
1624,非储层,0.392739658,1.835923951,97.77133639,82.60951822,17.39048178,82.83792756,1.431012312,0.403075715,0.001835924,0.228409346,17.16207244,2.876379745,237.057703,36.38301426,0.519891679,0.519677882,153.3145572,69.88801603,21.96442278,泥岩
1624.125,非储层,0.398819298,1.012391744,98.58878896,84.6762617,15.3237383,84.89862008,0.78910951,0.222269842,0.001012392,0.222358377,15.10137992,3.023325937,258.4239252,36.21366609,0.520752208,0.520474159,174.8220453,69.49630519,21.97951212,泥岩
1624.25,非储层,0.388265527,3.630671199,95.98106327,86.82474257,13.17525743,87.04347533,2.829929411,0.797111117,0.003630671,0.218732754,12.95652467,2.831266834,247.0272272,35.92831315,0.522968674,0.522480026,172.0151722,70.53266123,22.00177024,泥岩
1624.375,非储层,0.396828324,3.954298585,95.64887309,86.69608774,13.30391226,86.91241347,3.082181022,0.868163264,0.003954299,0.216325735,13.08758653,2.956287987,226.6473481,35.77555089,0.52063518,0.520101331,164.0984002,68.49857414,22.16340075,泥岩
1624.5,非储层,0.4070712,3.456273005,96.1366558,85.77431876,14.22568124,85.99395585,2.693994607,0.758822125,0.003456273,0.219637095,14.00604415,2.969109,235.1273357,35.62506131,0.5228966,0.522190202,173.6091249,67.6731658,21.91477938,泥岩
1624.625,非储层,0.403588004,2.635013448,96.96139855,84.80759484,15.19240516,85.0265897,2.053863225,0.57851521,0.002635013,0.218994861,14.9734103,2.748563255,252.7672249,35.85508166,0.519717464,0.519233357,162.6215497,70.0554302,21.99794902,泥岩
1624.75,非储层,0.41363949,1.126971145,98.45938937,86.50448538,13.49551462,86.72298795,0.878418511,0.247425663,0.001126971,0.218502575,13.27701205,2.828227895,258.0618514,35.94018496,0.515473851,0.515033976,166.6631585,67.9617602,22.09558705,泥岩
1624.875,非储层,0.402503783,3.015711589,96.58178463,88.82925253,11.17074747,89.04990459,2.350598679,0.662097199,0.003015712,0.220652066,10.95009541,3.037976552,253.636321,35.97822987,0.5079862,0.507590738,167.888232,69.26817348,22.04712975,泥岩
1625,非储层,0.394573187,3.021109838,96.58431697,90.83405505,9.165944946,91.05170452,2.354806347,0.663282381,0.00302111,0.217649462,8.948295484,2.787515655,255.090634,35.77540044,0.505242444,0.504805229,170.8698048,69.20155314,21.88768956,泥岩
1625.125,非储层,0.398205922,4.804577261,94.79721682,88.91143694,11.08856306,89.1267662,3.744931379,1.054841305,0.004804577,0.215329261,10.8732338,2.886313151,244.6031827,35.5828549,0.5024263,0.501812998,174.4852758,68.21880423,22.15652184,泥岩
1625.25,非储层,0.398612898,3.19121044,96.41017666,90.83147973,9.168520273,91.05103237,2.48739139,0.700627839,0.00319121,0.219552643,8.94896763,2.923273452,240.493182,35.51677305,0.503902249,0.503264548,171.9355596,69.2576984,22.47206117,泥岩
1625.375,非储层,0.40898521,3.727473345,95.86354145,88.46361824,11.53638176,88.68403951,2.905381917,0.818363954,0.003727473,0.220421269,11.31596049,2.692392833,243.7269846,35.3886531,0.512426465,0.511731475,161.060298,70.33302439,22.56613067,泥岩
1625.5,非储层,0.421033193,4.418144525,95.16082228,86.00753477,13.99246523,86.22275958,3.44372609,0.97000029,0.004418145,0.215224811,13.77724042,2.72390327,257.8632366,35.67109545,0.515120144,0.514557561,166.0810382,68.58338679,23.69861625,泥岩
1625.625,非储层,0.426097589,1.76404917,97.80985324,83.96609443,16.03390557,84.18003724,1.374989459,0.387295661,0.001764049,0.213942813,15.81996276,2.781402277,241.3555505,35.84880323,0.519967698,0.519577623,165.418263,70.33625614,23.68380661,泥岩
1625.75,非储层,0.429496042,1.284620482,98.28588348,85.23139652,14.76860348,85.43908161,1.001298406,0.282037456,0.00128462,0.207685088,14.56091839,2.762739285,242.1868413,35.9675045,0.52612745,0.525797797,166.5376078,69.7078652,23.75074358,泥岩
1625.875,非储层,0.428413359,2.468368016,97.10321862,82.94119911,17.05880089,83.14315684,1.923971316,0.541928331,0.002468368,0.201957731,16.85684316,2.834341264,234.8116528,35.89247799,0.534811891,0.53444803,166.8432836,69.48549437,23.65624142,泥岩
1626,非储层,0.426024666,5.259771654,94.31420368,81.17293012,18.82706988,81.37628869,4.099732993,1.15477889,0.005259772,0.203358566,18.62371131,2.759611684,232.7276935,35.78283458,0.539667851,0.539216013,167.2895235,69.44301455,22.79304098,泥岩
1626.125,非储层,0.433769394,2.95851301,96.6077176,81.94839688,18.05160312,82.15510717,2.306015203,0.649539294,0.002958513,0.206710286,17.84489283,2.933399948,247.1841761,35.80422144,0.545783254,0.545355757,173.7026438,69.1905917,22.87035921,泥岩
1626.25,非储层,0.438086014,1.078483791,98.48343019,80.91732661,19.08267339,81.12533152,0.840625007,0.236780301,0.001078484,0.208004912,18.87466848,2.855118015,246.9259784,36.03363074,0.547665079,0.548273458,169.1777515,69.17618773,21.87246456,泥岩
1626.375,非储层,0.443780696,0.01,99.5462193,78.5396422,21.4603578,78.74548477,0.007794508,0.002195492,1.00E-05,0.20584257,21.25451523,3.003988826,249.5258889,36.5210377,0.544723863,0.546453667,155.973271,70.19873114,21.96794319,泥岩
1626.5,非储层,0.439305973,0.01,99.55069403,77.28094145,22.71905855,77.49173548,0.007794508,0.002195492,1.00E-05,0.210794026,22.50826452,2.968848532,250.7852207,36.76827265,0.547976151,0.550225947,156.267255,68.60022141,22.08754527,泥岩
1626.625,非储层,0.429420809,0.322799934,99.24777926,77.14659256,22.85340744,77.35402323,0.251606653,0.070870482,0.0003228,0.207430671,22.64597677,2.969305239,238.3454706,36.86998759,0.550318956,0.553375039,160.3984593,70.12890425,21.88209765,泥岩
1626.75,非储层,0.424751596,0.01,99.5652484,77.73784316,22.26215684,77.94669119,0.007794508,0.002195492,1.00E-05,0.208848026,22.05330881,2.778923085,242.5543858,36.75776041,0.556579706,0.55865892,171.3398238,67.86793712,22.0735243,泥岩
1626.875,非储层,0.420403671,1.250013639,98.32958269,76.76514504,23.23485496,76.97845315,0.974324076,0.274439549,0.001250014,0.213308117,23.02154685,3.000994315,251.6239199,36.67329466,0.561867378,0.563073122,160.3889974,68.91999012,22.01572527,泥岩
1627,非储层,0.432469584,0.937885528,98.62964489,75.78458796,24.21541204,76.00325287,0.731035584,0.205912059,0.000937886,0.218664909,23.99674713,3.026136716,244.4130704,36.60414921,0.563990726,0.564816879,163.8895639,69.84497017,21.87715143,泥岩
1627.125,非储层,0.436474462,1.068067511,98.49545803,76.86011115,23.13988885,77.08522797,0.832506029,0.234493414,0.001068068,0.225116816,22.91477203,2.992959523,264.0580366,36.49428068,0.569039328,0.568942283,157.8775228,68.70646214,22.94355844,泥岩
1627.25,非储层,0.42606851,1.204780466,98.36915102,76.6119737,23.3880263,76.8402008,0.939067045,0.26450864,0.00120478,0.228227104,23.1597992,2.975702354,252.7088227,36.26897011,0.575666894,0.575343577,177.0131433,69.87157636,22.96901841,泥岩
1627.375,非储层,0.422106291,3.695044976,95.88284873,75.28933123,24.71066877,75.5129885,2.8801056,0.811244331,0.003695045,0.223657263,24.4870115,2.6708351,243.5466811,35.75769936,0.584296076,0.583623062,153.2822406,67.37038342,22.9202196,泥岩
1627.5,非储层,0.425255852,6.467669683,93.10707447,76.00756215,23.99243785,76.22972889,5.041230025,1.419971989,0.00646767,0.222166748,23.77027111,2.88699909,232.5282219,35.37231994,0.589332158,0.588374804,164.127248,69.33396325,22.89151276,泥岩
1627.625,非储层,0.429380564,5.231905727,94.33871371,77.78897888,22.21102112,78.01489293,4.078012875,1.148660946,0.005231906,0.225914054,21.98510707,2.550997861,240.7344845,34.77586676,0.601216801,0.599968739,148.4235566,68.67293087,21.99713447,泥岩
1627.75,非储层,0.435777841,7.652731358,91.9114908,75.85102854,24.14897146,76.07830642,5.964927243,1.680151383,0.007652731,0.227277877,23.92169358,2.601521339,239.0851557,34.29014669,0.60488918,0.603576965,150.3284595,66.3795113,22.02582477,泥岩
1627.875,非储层,0.443273271,8.914686672,90.64204006,77.9351449,22.0648551,78.16158364,6.948559267,1.957212718,0.008914687,0.226438742,21.83841636,2.719750746,234.4923121,33.85537866,0.611370156,0.61002699,154.6766805,66.75375818,22.00478284,泥岩
1628,非储层,0.452471797,11.14592477,88.40160343,76.84622782,23.15377218,77.06592758,8.687699493,2.447079357,0.011145925,0.219699759,22.93407242,2.786158688,228.1620364,33.45420227,0.622259346,0.620855696,168.9037923,65.52446818,21.95509823,泥岩
1628.125,非储层,0.441648433,9.575863752,89.98248781,75.83694642,24.16305358,76.05408174,7.463914242,2.102373646,0.009575864,0.217135328,23.94591826,2.66611594,240.0206008,33.35242621,0.62461754,0.623211078,168.0606543,67.32433346,21.94780136,泥岩
1628.25,非储层,0.444955204,8.749577832,90.80546696,75.60849778,24.39150222,75.83051529,6.819865057,1.920963197,0.008749578,0.222017504,24.16948471,2.656668726,213.6376536,33.56387597,0.623504549,0.622119545,163.0158259,66.59593671,21.92140945,泥岩
1628.375,非储层,0.451931889,6.634345306,92.91372281,76.48583432,23.51416568,76.71046808,5.171145465,1.456565496,0.006634345,0.224633759,23.28953192,2.852276179,235.7300319,33.76810196,0.619296406,0.617924627,162.6172402,66.37823718,21.97684951,泥岩
1628.5,非储层,0.463934181,8.929922016,90.6061438,77.02018876,22.97981124,77.24763797,6.960434467,1.960557627,0.008929922,0.227449204,22.75236203,2.729631465,233.2790981,33.98721942,0.611603941,0.610256672,159.576079,67.5554121,23.12945253,泥岩
1628.625,非储层,0.45686426,7.183537575,92.35959816,77.77236554,22.22763446,78.00581609,5.599213795,1.577140243,0.007183538,0.233450551,21.99418391,2.709532187,229.4872293,34.1368526,0.602956836,0.601647853,163.8258258,67.82744082,23.02932027,泥岩
1628.75,非储层,0.444583778,7.108670938,92.44674528,78.78537121,21.21462879,79.01600182,5.540858937,1.56070333,0.007108671,0.230630607,20.98399818,2.620091315,225.6271946,34.25597298,0.595953372,0.594677822,162.487954,68.08899483,23.39565324,泥岩
1628.875,非储层,0.451194939,5.326398073,94.22240699,79.22919612,20.77080388,79.46441674,4.151665005,1.16940667,0.005326398,0.235220616,20.53558326,2.863737418,251.8866412,34.67316492,0.583519477,0.582317056,161.8156593,68.28948874,23.25020874,泥岩
1629,非储层,0.440830359,4.412259419,95.14691022,79.90449313,20.09550687,80.14603065,3.43913894,0.968708219,0.004412259,0.241537515,19.85396935,2.808732016,243.2384883,34.89273862,0.578290089,0.577121443,169.0977744,68.29537653,22.10327514,泥岩
1629.125,非储层,0.449262283,4.808313074,94.74242464,78.57618979,21.42381021,78.81926902,3.747843261,1.0556615,0.004808313,0.243079227,21.18073098,2.795896286,242.4058463,35.26681587,0.5754325,0.574339994,158.9583854,69.39302149,21.99199697,泥岩
1629.25,非储层,0.452405978,3.074630733,96.47296329,76.78919672,23.21080328,77.02777836,2.396523249,0.675032853,0.003074631,0.238581634,22.97222164,2.996215473,241.0105956,35.53294954,0.579418993,0.578387552,164.5872653,69.56199893,22.14224282,泥岩
1629.375,非储层,0.456741136,2.481616971,97.06164189,74.49117111,25.50882889,74.72943723,1.934298224,0.54483713,0.002481617,0.238266119,25.27056277,3.003748284,248.3321846,35.94189782,0.578646272,0.578775008,158.574031,68.91176412,21.81578086,泥岩
1629.5,非储层,0.463988792,0.01,99.52601121,75.52537838,24.47462162,75.77039063,0.007794508,0.002195492,1.00E-05,0.245012255,24.22960937,2.990523013,257.8412885,36.12897276,0.57952224,0.579716556,171.6488577,68.54544397,22.09031746,泥岩
1629.625,非储层,0.454033307,2.800142195,96.7458245,76.29261632,23.70738368,76.53119581,2.182572951,0.614769102,0.002800142,0.238579493,23.46880419,2.978234072,239.8247811,35.89967038,0.584009563,0.58412507,152.8224129,68.25854734,21.9949944,泥岩
1629.75,非储层,0.463902684,5.54907578,93.98702154,76.49367294,23.50632706,76.73234762,4.325231312,1.218295392,0.005549076,0.238674682,23.26765238,2.965855627,250.9435284,35.81220937,0.585859021,0.585929333,158.9722076,69.13142514,22.16295848,泥岩
1629.875,非储层,0.474393359,3.418712886,96.10689376,74.32638407,25.67361593,74.56527457,2.664718344,0.750575829,0.003418713,0.238890495,25.43472543,2.792241394,248.1859,35.7003832,0.587415628,0.586602512,161.2145429,69.90799293,22.18126228,泥岩
1630,非储层,0.479031671,1.20306261,98.31790572,76.46119775,23.53880225,76.69357937,0.937728061,0.264131486,0.001203063,0.232381624,23.30642063,2.785989186,236.0304371,35.74824326,0.583932004,0.583214661,176.8976201,67.84685226,21.9252552,泥岩
1630.125,非储层,0.476217016,2.258207048,97.26557594,77.78040314,22.21959686,78.00744492,1.760161191,0.49578765,0.002258207,0.227041781,21.99255508,2.757949065,251.0063787,36.07332397,0.574271225,0.573798688,165.1311052,69.66093879,22.03203045,泥岩
1630.25,非储层,0.490495835,2.000583355,97.50892081,78.7954602,21.2045398,79.01780057,1.559356208,0.439226563,0.002000583,0.222340368,20.98219943,3.061226416,247.6888577,36.2708215,0.559444352,0.559303483,165.661327,68.47758102,21.96109874,泥岩
1630.375,非储层,0.482548182,1.2274687,98.28998312,80.80375104,19.19624896,81.02543915,0.956751407,0.269489825,0.001227469,0.221688106,18.97456085,2.772694094,248.9752201,36.37590106,0.546339379,0.547257386,173.9325949,69.21899613,21.99307265,泥岩
1630.5,非储层,0.492042489,0.01,99.49795751,82.53385044,17.46614956,82.75790253,0.007794508,0.002195492,1.00E-05,0.224052082,17.24209747,2.802678574,242.7505917,36.5811215,0.536216798,0.538289576,160.8973846,69.47318989,22.29528187,泥岩
1630.625,非储层,0.483340778,0.01,99.50665922,80.93673095,19.06326905,81.16410681,0.007794508,0.002195492,1.00E-05,0.227375861,18.83589319,2.935235583,242.3712305,36.73716653,0.533299275,0.535882303,159.4459844,69.32175404,22.02914251,泥岩
1630.75,非储层,0.468872947,0.328455238,99.20267182,78.6083432,21.3916568,78.8376744,0.256014683,0.072112099,0.000328455,0.229331201,21.1623256,3.016229743,248.5470986,36.85309373,0.536596181,0.540088137,157.9743664,68.82025638,22.14317465,泥岩
1630.875,非储层,0.475441122,0.01,99.51455888,76.85098915,23.14901085,77.07434998,0.007794508,0.002195492,1.00E-05,0.223360837,22.92565002,2.942862304,256.805801,36.73695715,0.549523305,0.551925214,167.3480886,70.45502538,22.04795758,泥岩
1631,非储层,0.471097746,1.325447035,98.20345522,76.69155493,23.30844507,76.9212826,1.033120693,0.291000894,0.001325447,0.229727671,23.0787174,3.073497907,257.9384585,36.39512251,0.561674316,0.562822527,164.381967,69.21780699,21.79031017,泥岩
1631.125,非储层,0.479461191,3.731740356,95.78879845,77.95131515,22.04868485,78.18539557,2.908707842,0.819300774,0.00373174,0.234080415,21.81460443,2.840426506,233.2486815,35.9505737,0.568380635,0.568823359,168.795008,68.7614096,22.06834927,泥岩
1631.25,非储层,0.482711898,5.119164592,94.39812351,79.4305485,20.5694515,79.66979341,3.990136712,1.123908715,0.005119165,0.239244911,20.33020659,2.752920333,248.6699212,35.46833294,0.574113853,0.573299269,160.7495312,69.91613828,22.0078216,泥岩
1631.375,非储层,0.470722678,5.208443891,94.32083343,79.10730979,20.89269021,79.34962542,4.059725529,1.143509918,0.005208444,0.242315624,20.65037458,2.832411159,237.329465,35.30229053,0.573017044,0.572014024,166.5417457,70.15883231,22.07910403,泥岩
1631.5,非储层,0.477441061,3.098338795,96.42422014,79.00357389,20.99642611,79.25124529,2.415002517,0.68023794,0.003098339,0.247671393,20.74875471,2.788804538,237.7162439,35.59078151,0.569318699,0.568719905,164.325529,70.87066573,22.20367614,泥岩
1631.625,非储层,0.465295857,0.628314839,98.9063893,77.06241081,22.93758919,77.30569034,0.489740476,0.137946048,0.000628315,0.243279532,22.69430966,2.822453506,253.7255191,36.06562885,0.561409711,0.561983545,157.3203599,69.06681578,21.80085468,泥岩
1631.75,非储层,0.454336008,0.01,99.53566399,78.58625934,21.41374066,78.82465723,0.007794508,0.002195492,1.00E-05,0.238397886,21.17534277,2.986191345,252.2775752,36.54942457,0.555237176,0.556959368,159.3735642,70.68205393,21.86820315,泥岩
1631.875,非储层,0.442859948,0.01,99.54714005,77.16586751,22.83413249,77.40167444,0.007794508,0.002195492,1.00E-05,0.23580693,22.59832556,2.952667691,253.512528,36.8391311,0.553951394,0.556747122,177.541089,70.09500122,21.95167789,泥岩
1632,非储层,0.441509856,0.01,99.54849014,76.13229726,23.86770274,76.36202282,0.007794508,0.002195492,1.00E-05,0.229725564,23.63797718,2.991452763,243.1773238,36.79125979,0.557378053,0.559948012,170.429034,70.21949685,22.0506167,泥岩
1632.125,非储层,0.443133893,1.168733494,98.38813261,75.74280525,24.25719475,75.97924718,0.910970206,0.256594555,0.001168733,0.236441929,24.02075282,2.811872194,223.2464428,36.48997727,0.568097744,0.569503465,151.6428414,69.87356959,22.87633939,泥岩
1632.25,非储层,0.437939658,3.294691985,96.26736836,76.18660259,23.81339741,76.42148275,2.568050159,0.723347134,0.003294692,0.234880166,23.57851725,2.889224469,246.7197258,36.36572939,0.571925415,0.572380264,158.4765872,69.31622371,22.94484449,泥岩
1632.375,非储层,0.439564678,1.356838059,98.20359726,76.93459361,23.06540639,77.17425499,1.057588451,0.29789277,0.001356838,0.239661383,22.82574501,2.817494122,235.8100112,36.3642186,0.56686588,0.567313211,176.6248251,68.60588547,22.96959528,泥岩
1632.5,非储层,0.432369997,0.01,99.55763,79.14391728,20.85608272,79.37995957,0.007794508,0.002195492,1.00E-05,0.236042297,20.62004043,2.839353567,236.8773309,36.22454805,0.564883706,0.565155626,167.4263651,69.636863,22.87248194,泥岩
1632.625,非储层,0.426983052,2.669866387,96.90315056,78.28893834,21.71106166,78.53186986,2.081029374,0.586167147,0.002669866,0.242931516,21.46813014,2.882516802,245.0024667,36.18664904,0.565587465,0.565831102,160.6084918,67.39313703,21.95166677,泥岩
1632.75,非储层,0.433520131,3.707138261,95.85934161,76.15853458,23.84146542,76.39808203,2.889531721,0.813899402,0.003707138,0.239547447,23.60191797,3.025007343,252.5872183,36.13370956,0.564818174,0.564992387,166.8720581,69.28356192,22.13779183,泥岩
1632.875,非储层,0.42748028,1.929282276,97.64323744,77.93287178,22.06712822,78.1661926,1.503780529,0.423572465,0.001929282,0.233320823,21.8338074,2.743136721,255.0258249,35.84878664,0.572614743,0.571701761,172.5988514,68.45936415,22.0005254,泥岩
1633,非储层,0.417680177,3.106414401,96.47590542,78.14859453,21.85140547,78.37767759,2.421297054,0.682010933,0.003106414,0.229083055,21.62232241,2.642470444,247.9853655,36.06470188,0.571728047,0.571295574,172.2650054,68.12163798,22.02527459,泥岩
1633.125,非储层,0.407112022,0.360548608,99.23233937,76.42513581,23.57486419,76.64931668,0.281029885,0.079158174,0.000360549,0.224180866,23.35068332,2.808468263,243.3333996,36.39058104,0.56167882,0.561979981,162.2082491,70.02355343,22.16895257,泥岩
1633.25,非储层,0.402134077,0.187921366,99.40994456,78.33501714,21.66498286,78.55573642,0.146475451,0.041257994,0.000187921,0.220719289,21.44426358,3.120715098,262.1530952,36.49958458,0.558825137,0.5593294,165.3960987,69.45713977,22.0699706,泥岩
1633.375,非储层,0.401266715,0.763462057,98.83527123,78.44701771,21.55298229,78.67036556,0.595081077,0.167617517,0.000763462,0.223347852,21.32963444,2.94042445,261.032625,36.53256308,0.555833479,0.556377223,161.3825728,70.34417195,22.26056438,泥岩
1633.5,非储层,0.410838162,2.744315316,96.84484652,79.59072558,20.40927442,79.81194872,2.139058648,0.602512353,0.002744315,0.221223143,20.18805128,3.02632842,253.9598411,36.31214963,0.558542636,0.558616857,169.8646742,70.28988433,22.1019033,泥岩
1633.625,非储层,0.42000567,2.729863885,96.85013045,77.28842295,22.71157705,77.51393275,2.127794469,0.599339552,0.002729864,0.225509802,22.48606725,2.780467339,262.0905708,36.12038933,0.567636076,0.567046702,157.5011628,68.05351268,22.01456233,泥岩
1633.75,非储层,0.411185478,2.275200852,97.31361367,75.42575966,24.57424034,75.65364777,1.773407024,0.499518627,0.002275201,0.227888111,24.34635223,2.873877725,250.4792592,35.85845716,0.580884228,0.579945914,164.2279965,69.33212786,22.05227128,泥岩
1633.875,非储层,0.415237018,3.619088517,95.96567447,73.70884937,26.29115063,73.93715047,2.820901281,0.794568147,0.003619089,0.228301099,26.06284953,2.779023962,247.161501,35.64175816,0.598205223,0.597106812,154.7512148,69.97658536,22.22665602,泥岩
1634,非储层,0.406281833,5.139231573,94.45448659,72.25556903,27.74443097,72.47876557,4.005777936,1.128314406,0.005139232,0.223196535,27.52123443,2.846368832,249.9053815,35.45726489,0.607606837,0.606395941,170.3938989,67.74230308,22.00406694,泥岩
1634.125,非储层,0.401485075,4.757672977,94.84084195,73.94791769,26.05208231,74.17076516,3.708371799,1.044543505,0.004757673,0.222847464,25.82923484,2.808922798,233.6983642,35.00491516,0.620498181,0.619115225,170.0116474,68.11107055,22.20647648,泥岩
1634.25,非储层,0.405030333,7.185561347,92.40940832,72.94899192,27.05100808,73.17668646,5.600791225,1.577584561,0.007185561,0.227694534,26.82331354,2.837809682,233.6602678,34.59243505,0.631645257,0.630158793,168.6256969,67.36447824,22.02429043,泥岩
1634.375,非储层,0.414076998,8.090916822,91.49500618,71.96634507,28.03365493,72.1919001,6.306471234,1.776354671,0.008090917,0.225555027,27.8080999,2.751139503,240.4853166,34.15179859,0.642663271,0.64110218,156.8371158,68.36922499,22.14102477,泥岩
1634.5,非储层,0.411884776,9.908063993,89.68005123,71.07234843,28.92765157,71.2940089,7.722847971,2.175307958,0.009908064,0.221660475,28.7059911,2.990854704,232.6476736,33.91719001,0.654802666,0.653170098,165.5296286,67.14329485,22.13002099,泥岩
1634.625,非储层,0.418995517,7.310325626,92.27067886,70.22720437,29.77279563,70.44490858,5.698038836,1.604976464,0.007310326,0.217704211,29.55509142,2.622081123,240.9342951,34.00429302,0.659360481,0.657731957,158.0951171,68.95318212,22.15195283,泥岩
1634.75,非储层,0.429523917,6.251725406,93.31875068,70.04715474,29.95284526,70.26635806,4.872912095,1.372561586,0.006251725,0.219203322,29.73364194,2.846202165,237.1907854,34.26809872,0.658039022,0.656456796,176.4842871,66.86320942,22.12966694,泥岩
1634.875,非储层,0.432881786,5.241726782,94.32539143,70.25191481,29.74808519,70.4700949,4.085667904,1.150817152,0.005241727,0.218180089,29.5299051,2.791954848,244.2964113,34.91696506,0.644672337,0.643248627,166.3916157,68.11605437,22.04475409,泥岩
1635,非储层,0.421823119,2.885001306,96.69317557,71.56049401,28.43950599,71.77842232,2.248716449,0.633399855,0.002885001,0.21792831,28.22157768,2.854694651,229.4550392,35.38489132,0.637289393,0.636024209,177.8523269,68.21308927,22.09063136,泥岩
1635.125,非储层,0.425230663,2.253358163,97.32141117,69.5659879,30.4340121,69.77859629,1.756381724,0.494723081,0.002253358,0.212608393,30.22140371,2.724349833,242.0712167,35.58741151,0.63527461,0.634061739,168.035245,68.50041389,22.06123467,泥岩
1635.25,非储层,0.427578575,4.069117926,95.5033035,69.22347575,30.77652425,69.43613703,3.171677044,0.893371764,0.004069118,0.212661288,30.56386297,2.943470289,264.7514538,35.89929033,0.628511003,0.62745429,165.8441306,69.68707935,21.94329871,泥岩
1635.375,非储层,0.419918283,1.873074454,97.70700726,70.71780231,29.28219769,70.9329484,1.4599693,0.41123208,0.001873074,0.215146083,29.0670516,2.957769081,244.3430375,36.07076619,0.62292018,0.622094286,163.3489844,69.00224583,22.184776,泥岩
1635.5,非储层,0.42258144,1.022534367,98.55488419,72.74878029,27.25121971,72.96431739,0.797015186,0.224496647,0.001022534,0.215537093,27.03568261,2.648816417,247.1601639,36.10035105,0.614218788,0.613483298,173.5211525,68.27260474,21.87714282,泥岩
1635.625,非储层,0.433484121,1.900936582,97.6655793,73.57117442,26.42882558,73.78164746,1.481686456,0.417349189,0.001900937,0.210473041,26.21835254,3.147323593,238.4966395,36.26547828,0.601424674,0.600842321,161.1069879,69.16260721,22.0286692,泥岩
1635.75,非储层,0.443866204,2.241448022,97.31468577,73.97991947,26.02008053,74.19641933,1.747098356,0.492108219,0.002241448,0.21649986,25.80358067,2.905101164,248.2634735,36.07102745,0.597003115,0.596350756,161.0136683,69.04713617,22.31364552,泥岩
1635.875,非储层,0.442248598,3.935188994,95.62256241,74.6946503,25.3053497,74.91640904,3.067286037,0.863967768,0.003935189,0.221758739,25.08359096,2.886088885,245.259124,35.62467954,0.597403578,0.59648607,157.9366438,67.01940737,22.02870596,泥岩
1636,非储层,0.454335785,5.801282805,93.74438141,76.73270282,23.26729718,76.96105952,4.521814269,1.273667254,0.005801283,0.228356695,23.03894048,2.928835906,253.5929243,35.01980424,0.603438949,0.602320215,160.3368918,67.21369879,22.92044837,泥岩
1636.125,非储层,0.460823447,8.406365149,91.1328114,76.05966488,23.94033512,76.28895581,6.552347672,1.845611112,0.008406365,0.229290934,23.71104419,2.89139895,243.0688211,34.30834581,0.609467649,0.60818904,169.0259319,68.25713251,22.70579887,泥岩
1636.25,非储层,0.46227771,9.895711408,89.64201088,77.52620937,22.47379063,77.74867713,7.713219739,2.172595958,0.009895711,0.222467766,22.25132287,2.565473951,223.9796935,33.52584365,0.614694951,0.613332776,152.1612892,67.57538859,22.82778235,泥岩
1636.375,非储层,0.451594307,12.35332457,87.19508113,79.5216932,20.4783068,79.75079083,9.628808173,2.712163068,0.012353325,0.229097628,20.24920917,2.584224226,232.5115854,33.13600866,0.619947477,0.618527976,157.3889501,69.12003339,22.86262442,泥岩
1636.5,非储层,0.445645779,10.01365295,89.54070128,77.69994151,22.30005849,77.93231034,7.80514936,2.198489933,0.010013653,0.232368827,22.06768966,2.762276364,227.2317171,32.79215116,0.622693415,0.621231346,159.3157894,66.73721194,21.85170626,泥岩
1636.625,非储层,0.43279234,12.1257082,87.44149946,78.03072341,21.96927659,78.26997235,9.451392424,2.662190067,0.012125708,0.239248942,21.73002765,2.697150835,214.0377444,32.57598929,0.628382431,0.62683826,154.7620509,66.6992968,22.01208694,泥岩
1636.75,非储层,0.441587119,12.25056193,87.30785095,76.74648222,23.25351778,76.99260544,9.548709762,2.68960161,0.012250562,0.246123216,23.00739456,2.570084062,216.4935129,32.67537363,0.629700091,0.628106854,163.3709859,66.15680671,22.04688664,泥岩
1636.875,非储层,0.446970434,11.29442262,88.25860694,77.80137481,22.19862519,78.05103999,8.803446253,2.479681947,0.011294423,0.249665181,21.94896001,2.556460209,222.9824497,32.79506208,0.628508187,0.62689847,157.588423,66.94207991,22.7674271,泥岩
1637,非储层,0.437868951,8.728311206,90.83381984,77.15214346,22.84785654,77.39616348,6.803288769,1.916294126,0.008728311,0.244020023,22.60383652,2.474466062,215.6924287,33.0065664,0.630121691,0.628490366,162.4061506,66.52489611,22.81314953,泥岩
1637.125,非储层,0.437311804,9.857495205,89.70519299,75.11617372,24.88382628,75.36029958,7.683432091,2.164205619,0.009857495,0.244125855,24.63970042,2.680082463,224.7739404,33.32739031,0.627729424,0.626106602,159.0264943,66.15291226,23.45873189,泥岩
1637.25,非储层,0.440592752,8.796846595,90.76256065,74.81778054,25.18221946,75.06499537,6.85670873,1.931341019,0.008796847,0.247214825,24.93500463,2.604224532,245.9846899,33.38392542,0.631845703,0.630196144,160.7110875,67.28876998,23.59670819,泥岩
1637.375,非储层,0.452629818,10.69965527,88.84771491,75.15303129,24.84696871,75.40343198,8.339854389,2.349101224,0.010699655,0.250400686,24.59656802,2.883715373,229.8986013,33.37578612,0.638332326,0.636621707,174.9780261,66.69367314,22.76520665,泥岩
1637.5,非储层,0.448888343,8.833585429,90.71752623,73.93363355,26.06636645,74.18957269,6.885344842,1.939407002,0.008833585,0.255939139,25.81042731,2.675166472,243.1196143,33.49849561,0.637035402,0.635314092,176.7310594,67.89856298,22.77520223,泥岩
1637.625,非储层,0.437499618,8.534506353,91.02799403,74.59503734,25.40496266,74.84878482,6.65222743,1.873744417,0.008534506,0.253747482,25.15121518,2.623617214,226.6591567,33.57301412,0.632664925,0.630964094,170.9082957,66.88248866,21.75077871,泥岩
1637.75,非储层,0.449102072,7.975116384,91.57578154,76.342987,23.657013,76.59626146,6.216210496,1.750930772,0.007975116,0.253274457,23.40373854,2.485177617,223.2763732,33.6257278,0.633460936,0.631757378,154.626903,66.47783118,21.97012851,泥岩
1637.875,非储层,0.451379523,10.13718543,89.41143504,74.25774692,25.74225308,74.50643079,7.901436852,2.225611397,0.010137185,0.248683872,25.49356921,2.553678177,231.1087719,33.55656199,0.638673796,0.636945405,167.1108246,67.89247207,22.10383049,泥岩
1638,非储层,0.443156138,9.597890812,89.95895305,72.10440579,27.89559421,72.35469711,7.48108325,2.107209671,0.009597891,0.250291315,27.64530289,2.847196377,228.9266727,33.45698217,0.643053912,0.641308159,159.173847,67.45816258,22.16062331,泥岩
1638.125,非储层,0.442304596,9.617197,89.9404984,73.39709267,26.60290733,73.64597497,7.496131473,2.11144833,0.009617197,0.248882295,26.35402503,2.730598056,211.986058,33.17990165,0.658234276,0.656403701,173.3821902,66.45686004,22.27984573,泥岩
1638.25,非储层,0.437289475,11.01180765,88.55090288,71.60639585,28.39360415,71.85138377,8.583161795,2.417634042,0.011011808,0.244987925,28.14861623,2.423469397,227.8381903,32.88176413,0.67408237,0.67215814,175.6591506,66.14248979,22.02462793,泥岩
1638.375,非储层,0.4347799,13.40043301,86.16478709,69.94469247,30.05530753,70.19044419,10.44497764,2.942054935,0.013400433,0.245751725,29.80955581,2.602728517,224.2522649,32.62484175,0.685057819,0.683082495,162.2972048,66.73942978,22.04889744,泥岩
1638.5,非储层,0.44325903,12.39343735,87.16330362,69.64931887,30.35068113,69.89259691,9.660074112,2.720969799,0.012393437,0.243278038,30.10740309,2.740337036,212.1886799,32.50247443,0.699852042,0.697774976,157.5448941,66.61865238,23.04415516,泥岩
1638.625,非储层,0.430858731,10.98461656,88.58452471,68.00622895,31.99377105,68.25528969,8.561967685,2.411664261,0.010984617,0.249060734,31.74471031,2.600641817,213.8324054,32.26964805,0.71658678,0.714391624,164.8268109,67.15824746,22.83121704,泥岩
1638.75,非储层,0.428063115,13.56736105,86.00457583,66.81876073,33.18123927,67.06809429,10.57508983,2.978703861,0.013567361,0.24933356,32.93190571,2.718872627,220.89959,32.15142865,0.725332035,0.723083267,157.0899763,66.134045,22.65701823,泥岩
1638.875,非储层,0.435117741,14.69560817,84.86927409,67.54262862,32.45737138,67.78838004,11.4545029,3.226409662,0.014695608,0.245751411,32.21161996,2.690416785,218.4372818,31.82574674,0.733971032,0.731680984,163.6335695,65.87736321,22.56061446,泥岩
1639,非储层,0.438506634,15.92005036,83.64144301,69.16842721,30.83157279,69.41130152,12.40889529,3.495235018,0.01592005,0.242874315,30.58869848,2.418163951,216.8552312,31.23318767,0.743513169,0.741212945,146.8846077,66.05208959,22.0419968,泥岩
1639.125,非储层,0.431356893,17.37868462,82.18995849,69.66283871,30.33716129,69.90280481,13.54582887,3.815477068,0.017378685,0.239966101,30.09719519,2.688705153,209.3290917,30.69066604,0.754399029,0.752071713,148.5502257,64.85424316,21.92209841,泥岩
1639.25,非储层,0.437280737,19.42148332,80.14123595,67.79987602,32.20012398,68.04586689,15.13808985,4.263971977,0.019421483,0.245990879,31.95413311,2.508527666,208.7290694,30.37923395,0.763697803,0.761318885,159.7612295,65.51713135,21.74404529,泥岩
1639.375,非储层,0.433931843,18.06710439,81.49896376,66.96185908,33.03814092,67.2105743,14.08241818,3.966619109,0.018067104,0.248715224,32.7894257,2.53865908,203.5389536,30.13713495,0.773715015,0.771262353,150.500661,64.19338095,22.1924072,泥岩
1639.5,非储层,0.426001622,18.55375687,81.02024151,67.65159622,32.34840378,67.90185644,14.46173982,4.073463291,0.018553757,0.250260219,32.09814356,2.297349205,200.7940656,29.87699694,0.782208437,0.779694541,155.6183174,63.8571729,22.06321878,泥岩
1639.625,非储层,0.416958161,20.20259412,79.38044772,68.95497694,31.04502306,69.20296572,15.74692726,4.435464263,0.020202594,0.247988777,30.79703428,2.555291031,207.8376534,29.85396991,0.780056351,0.777565479,154.6907987,64.46085816,22.1120635,泥岩
1639.75,非储层,0.423341463,19.66949119,79.90716735,68.81252881,31.18747119,69.05513092,15.33139978,4.318421918,0.019669491,0.242602104,30.94486908,2.664220863,203.6605271,29.7606135,0.780457868,0.777989437,167.298814,63.1123032,21.94589265,泥岩
1639.875,非储层,0.422339801,19.07621283,80.50144737,67.69811575,32.30188425,67.93946218,14.86896852,4.188168104,0.019076213,0.241346422,32.06053782,2.635126827,196.7047516,29.54069964,0.781842699,0.779398289,150.5674386,63.49379828,22.14452404,泥岩
1640,非储层,0.413102992,20.92571172,78.66118529,69.28868907,30.71131093,69.53231293,16.31056182,4.594224186,0.020925712,0.243623868,30.46768707,2.563807598,195.5610562,29.60215814,0.780502293,0.778078276,158.9440949,64.46756356,22.01865168,泥岩
1640.125,非储层,0.421179822,19.53700579,80.04181439,68.850712,31.149288,69.09284615,15.22813394,4.28933485,0.019537006,0.242134147,30.90715385,2.567457894,196.0552787,29.62263622,0.782950845,0.780497904,157.1982497,63.85415586,21.97331678,泥岩
1640.25,非储层,0.429465975,19.45308322,80.11745081,67.71370515,32.28629485,67.96060867,15.16272042,4.270909711,0.019453083,0.246903526,32.03939133,2.477708363,200.3537304,29.73613004,0.78511335,0.782616736,148.0932388,64.63117178,22.12092356,泥岩
1640.375,非储层,0.440510815,17.85458903,81.70490015,65.86413187,34.13586813,66.11372643,13.91677292,3.919961522,0.017854589,0.249594562,33.88627357,2.417602219,196.4993179,29.91022244,0.789631522,0.787059594,164.687082,64.70784602,21.89853117,泥岩
1640.5,非储层,0.437815128,19.05598681,80.50619806,65.98432841,34.01567159,66.23986767,14.85320333,4.183727495,0.019055987,0.255539258,33.76013233,2.58750796,206.2855078,30.07946197,0.798170202,0.795504317,153.7090614,65.52828959,22.22477196,泥岩
1640.625,非储层,0.434748069,17.73425365,81.83099828,64.24241203,35.75758797,64.49230328,13.82297742,3.89354198,0.017734254,0.249891245,35.50769672,2.677872313,205.3764875,30.09382541,0.802259655,0.799568228,161.0817114,65.29881995,22.1266491,泥岩
1640.75,非储层,0.423658823,19.31151168,80.2648295,66.12239098,33.87760902,66.36721956,15.05237238,4.239827788,0.019311512,0.244828587,33.63278044,2.595230163,198.7019616,29.77742546,0.807720365,0.805009409,160.9630698,64.56166601,22.07661605,泥岩
1640.875,非储层,0.41138138,21.27964698,78.30897164,66.94651366,33.05348634,67.19701644,16.58643693,4.671930406,0.021279647,0.250502774,32.80298356,2.708680937,186.9347581,29.53245558,0.806032667,0.803380894,167.5660701,64.07494711,22.07482081,泥岩
1641,非储层,0.403108486,21.69882669,77.89806482,68.95448409,31.04551591,69.19858015,16.91316687,4.763960994,0.021698827,0.244096058,30.80141985,2.324199652,196.0860885,29.23591155,0.80233745,0.799744807,170.1836588,63.46344913,22.1205498,泥岩
1641.125,非储层,0.403447424,20.92493673,78.67161585,68.31498931,31.68501069,68.56051872,16.30995776,4.594054038,0.020924937,0.245529411,31.43948128,2.624049361,198.3602162,29.27819365,0.792638024,0.790108254,158.0440489,64.66516127,22.17763534,泥岩
1641.25,非储层,0.400904489,18.84312364,80.75597187,69.24172773,30.75827227,69.48533943,14.68728697,4.136993548,0.018843124,0.243611695,30.51466057,2.471604532,200.2385935,29.49815091,0.775680003,0.773277656,146.6640874,63.04440048,22.20360463,泥岩
1641.375,非储层,0.39062575,18.88387575,80.7254985,71.09341178,28.90658822,71.33110241,14.71905123,4.145940644,0.018883876,0.237690634,28.66889759,2.561784424,213.313159,29.70422544,0.759756511,0.757439547,169.8304465,64.21682305,21.93936747,泥岩
1641.5,非储层,0.38982724,19.45046776,80.159705,73.08382894,26.91617106,73.3284428,15.1606818,4.270335491,0.019450468,0.244613858,26.6715572,2.374343234,206.1981741,29.99126587,0.744326916,0.742094674,150.2654507,64.76266515,22.10678531,泥岩
1641.625,非储层,0.381501626,17.81214859,81.80634978,71.40933808,28.59066192,71.65193691,13.88369269,3.910643755,0.017812149,0.242598827,28.34806309,2.394070317,221.4742915,30.30357118,0.729149014,0.726987274,158.238906,65.34766133,22.02528769,泥岩
1641.75,非储层,0.382315646,15.45580543,84.16187892,72.35135166,27.64864834,72.59724989,12.04703923,3.393310397,0.015455805,0.245898232,27.40275011,2.601775051,195.5665426,30.69448312,0.714815292,0.712713149,155.5992531,65.07271551,22.00847436,泥岩
1641.875,非储层,0.379641783,14.64944697,84.97091125,73.28731725,26.71268275,73.52722414,11.41852251,3.216275005,0.014649447,0.239906893,26.47277586,2.768721317,212.7519317,31.24214947,0.697545355,0.695544072,167.1223236,66.76318462,21.9985297,泥岩
1642,非储层,0.386552389,13.51768511,86.0957625,75.25203609,24.74796391,75.48498488,10.53636988,2.967797545,0.013517685,0.232948793,24.51501512,2.521115906,222.501824,31.83662397,0.675155148,0.673286558,161.1588349,66.64451957,21.98086494,泥岩
1642.125,非储层,0.376920103,11.36140493,88.26167497,75.6353492,24.3646508,75.86682579,8.855655659,2.494387861,0.011361405,0.23147659,24.13317421,2.417805152,219.8343099,32.10052531,0.658578379,0.656824101,166.8540303,66.84245976,22.02605292,泥岩
1642.25,非储层,0.379736014,12.57167557,87.04858842,77.53047324,22.46952676,77.76460223,9.799002028,2.760101866,0.012571676,0.234128982,22.23539777,2.483779296,217.243158,32.22800543,0.646979288,0.64531117,163.259426,68.06136822,21.91520162,泥岩
1642.375,非储层,0.389436367,13.23863136,86.37193227,77.55462053,22.44537947,77.78490511,10.31886122,2.906531505,0.013238631,0.23028458,22.21509489,2.568544195,237.0201339,32.33188058,0.643127581,0.641491796,159.222929,67.22670941,22.05880366,泥岩
1642.5,非储层,0.392485857,12.38593996,87.22157419,76.09285492,23.90714508,76.3197796,9.654230264,2.719323752,0.01238594,0.226924676,23.6802204,2.580490538,216.4117849,32.337583,0.639325502,0.637733703,164.1769416,66.1996723,22.18052441,泥岩
1642.625,非储层,0.382867272,11.28453907,88.33259366,77.51189391,22.48810609,77.73256565,8.795742511,2.477512021,0.011284539,0.220671746,22.26743435,2.680732742,225.7712245,32.22303811,0.639938157,0.638373995,186.2378667,67.06058096,21.92741703,泥岩
1642.75,非储层,0.375087485,13.80751463,85.81739789,78.39581429,21.60418571,78.61531685,10.76227772,3.031429397,0.013807515,0.21950256,21.38468315,2.885566025,216.7089359,32.10796499,0.642196289,0.640636124,158.3057075,66.73160109,22.05495154,泥岩
1642.875,非储层,0.383102946,14.48623004,85.13066701,77.60102823,22.39897177,77.82428304,11.29130296,3.180440853,0.01448623,0.22325481,22.17571696,2.718905055,225.6306092,31.92959471,0.642254782,0.640708374,160.4952536,66.305752,21.82109702,泥岩
1643,非储层,0.384364722,14.30760447,85.30803081,77.88237827,22.11762173,78.10444171,11.15207312,3.141223743,0.014307604,0.222063437,21.89555829,2.778908252,223.0098941,31.4427568,0.650407355,0.648829991,169.5730092,64.81847216,21.83212594,泥岩
1643.125,非储层,0.386665351,16.53955481,83.07377984,78.41742854,21.58257146,78.64038437,12.8917685,3.631246752,0.016539555,0.222955835,21.35961563,2.506109925,193.0486509,31.11660152,0.661023263,0.659407568,162.8996477,65.47187939,23.00293692,泥岩
1643.25,非储层,0.388814183,17.33672472,82.2744611,76.58515108,23.41484892,76.80332925,13.51312319,3.806264803,0.017336725,0.218178167,23.19667075,2.471692545,199.8434232,30.68164092,0.674129904,0.672459843,166.5915515,65.36398908,22.95704593,泥岩
1643.375,非储层,0.380738918,19.20038242,80.41887866,75.94202049,24.05797951,76.16629458,14.9657526,4.215429443,0.019200382,0.224274086,23.83370542,2.623987359,223.3170173,30.01667481,0.698407854,0.696639332,158.7667133,65.67219864,23.92535021,泥岩
1643.5,非储层,0.389910011,21.51961945,78.09047054,73.76770632,26.23229368,73.9891498,16.77348365,4.72461618,0.021519619,0.221443483,26.0108502,2.361140494,203.3376087,29.48590208,0.724814595,0.722944998,161.1541164,64.79106051,24.1645884,泥岩
1643.625,非储层,0.396877098,22.31131992,77.29180298,72.33874986,27.66125014,72.55532913,17.39057518,4.898433419,0.02231132,0.216579275,27.44467087,2.629982071,205.8505003,29.14610864,0.739118668,0.737180836,157.0588691,63.67701673,22.8494514,泥岩
1643.75,非储层,0.390681046,21.02687328,78.58244567,73.8289522,26.1710478,74.0507249,16.38941228,4.616434131,0.021026873,0.221772708,25.9492751,2.567497588,202.6941316,29.17757833,0.747669807,0.745695925,153.7473166,64.58223621,22.9433959,泥岩
1643.875,非储层,0.393822372,18.8789137,80.72726393,71.91658006,28.08341994,72.13519434,14.71518356,4.144851228,0.018878914,0.218614276,27.86480566,2.419677876,207.9625171,29.56366315,0.742236113,0.740286689,157.4998801,63.91104406,22.14707398,泥岩
1644,非储层,0.394739731,17.35448148,82.25077879,72.03619508,27.96380492,72.25054528,13.52696371,3.810163288,0.017354481,0.214350194,27.74945472,2.56945127,201.9456188,30.02729257,0.727463541,0.725586158,148.2529464,65.49573222,22.07827978,泥岩
1644.125,非储层,0.400834116,17.28827885,82.31088703,73.6715161,26.3284839,73.88085753,13.47536202,3.79562855,0.017288279,0.209341437,26.11914247,2.611770578,206.6494168,30.44613948,0.71313944,0.711351787,161.9499318,64.49754293,22.06325559,泥岩
1644.25,非储层,0.401656381,16.48008622,83.1182574,75.7661897,24.2338103,75.97357475,12.84541567,3.618190469,0.016480086,0.20738505,24.02642525,2.685699618,202.7710331,30.80026184,0.691808008,0.690134624,155.0903727,66.12650406,21.8452925,泥岩
1644.375,非储层,0.405368158,15.00418415,84.59044769,77.95876304,22.04123696,78.17232377,11.69502268,3.294157285,0.015004184,0.213560729,21.82767623,2.566985882,219.926776,30.86093724,0.675278726,0.673689097,164.0156381,66.21925345,21.94572348,泥岩
1644.5,非储层,0.394466164,16.6529532,82.95258063,79.03562106,20.96437894,79.25193176,12.98015696,3.656143284,0.016652953,0.216310703,20.74806824,2.48690167,217.4352923,30.81053253,0.663401432,0.661871644,150.9585437,64.7034886,22.03357153,泥岩
1644.625,非储层,0.398280141,17.79393034,81.80778952,79.83135319,20.16864681,80.04309107,13.86949246,3.906643952,0.01779393,0.211737879,19.95690893,2.416245306,218.0023898,30.55040228,0.662123749,0.660601436,166.3995288,64.58927629,22.06725261,泥岩
1644.75,非储层,0.395536993,19.27331737,80.33114563,79.19467443,20.80532557,79.40714696,15.0226018,4.231442257,0.019273317,0.212472531,20.59285304,2.472543584,209.1860568,30.0178061,0.673132961,0.671571308,148.5382175,64.27616628,22.01923406,泥岩
1644.875,非储层,0.385306622,20.77141237,78.84328101,78.39293283,21.60706717,78.60789551,16.19029308,4.56034788,0.020771412,0.214962683,21.39210449,2.467032786,218.2197789,29.70852978,0.68287175,0.681266837,165.9716745,64.41692045,21.93116779,泥岩
1645,非储层,0.386356223,20.01021916,79.60342462,77.68008574,22.31991426,77.89897748,15.59698045,4.393228487,0.020010219,0.218891739,22.10102252,2.544849416,219.0529269,29.57892336,0.694583303,0.692895953,147.1920194,63.3287602,22.06558298,泥岩
1645.125,非储层,0.377476485,19.23461328,80.38791024,75.62489135,24.37510865,75.84742666,14.99243386,4.222944802,0.019234613,0.222535311,24.15257334,2.295911316,197.6337216,29.44899813,0.70094736,0.699199593,148.2669247,63.74716839,22.03229997,泥岩
1645.25,非储层,0.372167855,20.70236866,78.92546349,77.59859525,22.40140475,77.8252734,16.1364769,4.545189386,0.020702369,0.22667815,22.1747266,2.208566132,206.7974046,29.30160259,0.708068158,0.706263145,156.3925308,64.77728507,22.15733929,泥岩
1645.375,非储层,0.376138904,22.38046565,77.24339545,76.78466774,23.21533226,77.0116653,17.44447087,4.913614311,0.022380466,0.226997563,22.9883347,2.515748464,196.1011759,29.26577598,0.71207724,0.710233123,150.9015949,63.7765762,22.03417186,泥岩
1645.5,非储层,0.368145646,20.41737633,79.21447803,76.2224513,23.7775487,76.44872267,15.91433942,4.482619535,0.020417376,0.226271367,23.55127733,2.432231353,198.1756339,29.09278793,0.712497911,0.710645003,162.7493152,63.2469899,21.97747079,泥岩
1645.625,非储层,0.358768057,21.10526976,78.53596219,77.328654,22.671346,77.55769004,16.45051847,4.633646018,0.02110527,0.229036042,22.44230996,2.355579217,206.7031646,28.93992314,0.721191324,0.719294643,155.5282688,62.37294196,21.89892336,泥岩
1645.75,非储层,0.362771154,22.37377464,77.2634542,75.40792563,24.59207437,75.63581856,17.43925556,4.912145306,0.022373775,0.227892931,24.36418144,2.53954098,192.3882376,29.15415872,0.716862019,0.714983038,160.0690796,63.85779107,22.08407332,泥岩
1645.875,非储层,0.372507256,20.06926948,79.55822326,76.34656547,23.65343453,76.57006733,15.64300727,4.406192941,0.020069269,0.223501861,23.42993267,2.660372635,198.8864228,29.24997088,0.711672151,0.709820927,161.7789489,65.48772873,21.93979041,泥岩
1646,非储层,0.373576369,19.37010173,80.2563219,77.56878534,22.43121466,77.79349976,15.09804044,4.25269119,0.019370102,0.224714413,22.20650024,2.344020102,197.5321346,29.62541429,0.699484001,0.697677593,156.2945606,64.97373661,21.92603406,泥岩
1646.125,非储层,0.366369526,17.03142755,82.60220292,79.04847497,20.95152503,79.2793958,13.27515908,3.739237041,0.017031428,0.230920836,20.7206042,2.281731558,216.9981942,29.9680509,0.68363073,0.681891054,153.626772,62.48424416,22.00244045,泥岩
1646.25,非储层,0.358401539,18.65130397,80.99029449,78.90838904,21.09161096,79.1368806,14.53777298,4.094879684,0.018651304,0.228491561,20.8631194,2.329260656,203.5491401,30.10522296,0.673805167,0.672107784,156.1423015,65.26684651,21.952671,泥岩
1646.375,非储层,0.368610407,18.56921828,81.06217131,79.52046628,20.47953372,79.74578967,14.47379123,4.076857834,0.018569218,0.225323391,20.25421033,2.526499285,208.7024889,30.03369594,0.667531792,0.665867632,159.381225,64.50558413,21.89128144,泥岩
1646.5,非储层,0.378085933,20.11612419,79.50578987,81.48271586,18.51728414,81.71041466,15.67952821,4.416479857,0.020116124,0.227698799,18.28958534,2.501919489,203.0797732,29.81330177,0.669432147,0.667778916,156.1478271,64.00540517,22.01277705,泥岩
1646.625,非储层,0.370072347,19.40255601,80.22737164,80.55253073,19.44746927,80.77869211,15.12333695,4.259816502,0.019402556,0.226161382,19.22130789,2.582768974,213.3124764,29.73283309,0.669345867,0.667695712,166.4615168,63.10135779,21.87739127,泥岩
1646.75,非储层,0.380094918,19.50165624,80.11824884,79.86213541,20.13786459,80.09344271,15.2005807,4.281573881,0.019501656,0.231307305,19.90655729,2.494533684,211.1031851,29.43869314,0.67331394,0.671640654,154.465293,63.67985363,22.05558241,泥岩
1646.875,非储层,0.379667174,21.73317253,77.8871603,80.9281479,19.0718521,81.16353595,16.93993776,4.771501596,0.021733173,0.235388058,18.83646405,2.465390819,203.8841059,29.46832076,0.674458183,0.672776366,149.2638048,63.9419835,21.77366934,泥岩
1647,非储层,0.38663914,19.79604385,79.81731701,80.55592605,19.44407395,80.78475198,15.43004135,4.34620646,0.019796044,0.228825933,19.21524802,2.45354395,185.9483325,29.33079318,0.681125012,0.679423472,155.0103023,63.13534998,22.31390803,泥岩
1647.125,非储层,0.381685413,20.89262973,78.72568486,78.83738409,21.16261591,79.06016997,16.28477604,4.586961059,0.02089263,0.222785875,20.93983003,2.349685219,195.3295484,29.07047719,0.691245535,0.689507377,154.4717145,63.78242046,21.88244458,泥岩
1647.25,非储层,0.375764499,22.33035256,77.29388294,77.98509465,22.01490535,78.21396105,17.40541019,4.902612022,0.022330353,0.228866399,21.78603895,2.264624305,194.6762027,29.00257424,0.70410581,0.702300337,157.9549924,63.08413901,22.15192243,泥岩
1647.375,非储层,0.375669509,22.50225085,77.12207964,75.72717519,24.27282481,75.9611088,17.53939644,4.94035216,0.022502251,0.233933612,24.0388912,2.488252536,193.0287022,28.6269243,0.722080234,0.720196862,154.6118537,63.32996698,22.23472839,泥岩
1647.5,非储层,0.367734044,23.89445023,75.73781573,76.45161784,23.54838216,76.67950502,18.62454729,5.24600848,0.02389445,0.22788718,23.32049498,2.333921095,195.2771996,28.36507623,0.732856941,0.730930998,148.8360825,62.19570326,21.93806684,泥岩
1647.625,非储层,0.375344565,23.73942379,75.88523164,76.89873307,23.10126693,77.12108862,18.50371182,5.211972544,0.023739424,0.222355552,22.87891138,2.289506239,194.8767551,28.12578975,0.740478397,0.738551764,155.0889167,64.1143498,21.99127229,泥岩
1647.75,非储层,0.37119107,24.92398713,74.7048218,77.35145605,22.64854395,77.56861402,19.42702061,5.472042528,0.024923987,0.217157965,22.43138598,2.34809326,185.2393064,27.9924157,0.737950493,0.736096066,160.4446339,63.46046171,21.87771914,泥岩
1647.875,非储层,0.379681567,23.92525153,75.69506691,78.38759624,21.61240376,78.59979684,18.64855539,5.252770883,0.023925252,0.212200607,21.40020316,2.47110712,191.4795244,27.85382678,0.732523831,0.73073575,160.8172374,62.47523337,22.18131121,泥岩
1648,非储层,0.372787833,25.36445476,74.26275741,80.56295482,19.43704518,80.7787865,19.77034344,5.568746864,0.025364455,0.215831686,19.2212135,2.399429858,185.5861588,27.5936864,0.729115432,0.727379313,149.3362726,62.28473405,22.16205228,泥岩
1648.125,非储层,0.383527662,26.5169885,73.09948384,81.61686631,18.38313369,81.83241169,20.66868674,5.821784776,0.026516989,0.215545387,18.16758831,2.462230511,191.2546119,27.43201976,0.720733671,0.719067463,150.6074772,63.56305517,22.08805964,泥岩
1648.25,非储层,0.37429756,26.6333298,72.99237264,83.25397998,16.74602002,83.4637764,20.75936905,5.847327419,0.02663333,0.209796417,16.5362236,2.330183628,193.2189481,27.28909885,0.711976935,0.710372704,148.9009081,63.40330517,21.93536148,泥岩
1648.375,非储层,0.37018636,25.43938314,74.1904305,84.39613331,15.60386669,84.60281609,19.82874642,5.585197334,0.025439383,0.20668278,15.39718391,2.30114871,198.139988,27.38628621,0.701683274,0.700135478,163.210934,64.23734749,22.10045815,泥岩
1648.5,非储层,0.36661121,24.29422999,75.3391588,84.45163728,15.54836272,84.66140778,18.93615593,5.333779825,0.02429423,0.2097705,15.33859222,2.497392784,203.126883,27.47596271,0.698378054,0.696849338,156.0327936,61.81536334,21.91445181,泥岩
1648.625,非储层,0.368501492,25.55486651,74.07663199,82.06605288,17.93394712,82.27643616,19.91876003,5.610551621,0.025554867,0.210383281,17.72356384,2.393604829,190.159547,27.39550555,0.704655426,0.703109374,151.4504634,62.35471872,22.076534,泥岩
1648.75,非储层,0.360137842,27.52479602,72.11506613,81.28243962,18.71756038,81.48734978,21.45422307,6.043048155,0.027524796,0.204910156,18.51265022,2.283039611,198.0718553,24.80788872,1.214319274,0.740409261,161.7743129,59.36119449,22.08853281,泥岩
1648.875,油层,13.29885517,41.13126609,45.56987874,28.40061878,71.59938122,98.58550387,37.64416926,2.243943481,1.243153352,70.18488509,1.414496131,2.229768385,186.8578583,22.15098402,1.724705415,0.774065066,160.2045132,56.98989755,22.14415403,细砂岩
1649,油层,13.26749996,40.37479176,46.35770828,28.01784352,71.98215648,99.99,36.9518286,2.202673523,1.220289635,71.97215648,0.01,2.034069081,209.0974312,19.56837268,2.255994249,0.806894054,169.0784843,55.87665364,22.01797551,细砂岩
1649.125,油层,13.46147413,41.07235709,45.46616878,27.35670736,72.64329264,98.41557691,37.59025454,2.240729662,1.241372883,71.05886955,1.584423093,1.75648012,214.8097368,17.08455486,2.797467675,0.830857372,165.8627379,53.59727144,22.53565942,细砂岩
1649.25,油层,13.84107764,41.15264172,45.00628064,26.88820019,73.11179981,99.99,37.66373267,2.245109643,1.24379941,73.10179981,0.01,1.717499856,190.47107,16.87447997,2.884681394,0.836139926,161.8405256,52.65544416,22.44286732,细砂岩
1649.375,油层,13.4650196,42.85203915,43.68294125,26.21670988,73.78329012,99.99,39.21905567,2.337821396,1.295162079,73.77329012,0.01,1.829915295,184.7372608,16.55414242,3.003152907,0.855725621,161.3800628,54.39636129,22.78180433,细砂岩
1649.5,油层,13.57507564,43.87151316,42.5534112,25.88664927,74.11335073,98.81753411,40.15209898,2.393439476,1.32597471,72.93088485,1.182465885,2.016387201,195.2045886,16.39522394,3.051298138,0.864069715,156.6592388,54.373993,22.843822,细砂岩
1649.625,油层,13.57593213,42.72548609,43.69858178,26.60873013,73.39126987,98.26738604,39.10323175,2.33091721,1.291337133,71.65865591,1.732613957,1.891428292,200.9284512,16.29523646,3.094761704,0.876505433,164.7535085,55.21796902,22.57141736,细砂岩
1649.75,油层,13.21672377,43.27795169,43.50532454,26.40990778,73.59009222,98.39824359,39.60885947,2.361057337,1.30803488,71.98833581,1.601756406,1.934118397,198.3968002,16.32580055,3.095447204,0.880791176,165.5618838,54.36981575,22.52309019,细砂岩
1649.875,油层,13.58458039,42.89348961,43.52193,26.25503394,73.74496606,98.26957954,39.25699198,2.340082754,1.29641488,72.0145456,1.730420459,1.795861484,201.2803861,16.50109874,3.040209314,0.868828068,162.8152212,54.2103477,22.12958751,细砂岩
1650,油层,13.54086249,41.78742291,44.6717146,26.51898926,73.48101074,99.60000943,38.24469729,2.279740552,1.262985067,73.08102017,0.399990571,1.95913583,193.0265767,16.42485598,3.093891954,0.865854302,152.8587844,53.48051292,22.12009697,细砂岩
1650.125,油层,13.83869377,42.80572382,43.35558241,24.97769688,75.02230312,99.99,39.17666695,2.335294633,1.293762242,75.01230312,0.01,1.974434152,211.9280916,16.33492306,3.135389678,0.862353372,169.1589256,52.78881389,22.13895059,细砂岩
1650.25,油层,14.10876302,42.94545338,42.94578359,25.14489648,74.85510352,99.99,39.30455027,2.342917671,1.297985435,74.84510352,0.01,2.164182366,214.286431,16.31151669,3.141552972,0.856958903,157.5657533,52.96794972,21.92229894,细砂岩
1650.375,油层,14.35281176,42.06062861,43.58655963,25.79561115,74.20438885,99.49842352,38.49474069,2.29464547,1.271242449,73.70281237,0.501576479,1.883761983,201.226173,16.18502542,3.228589427,0.858582533,161.962212,53.03856354,22.0267899,细砂岩
1650.5,油层,14.7422981,41.8756987,43.3820032,24.138922,75.861078,99.99,38.32548908,2.284556496,1.265653118,75.851078,0.01,2.00542576,209.3908425,16.22826682,3.261104204,0.857257547,158.9024443,52.68859574,22.16080694,细砂岩
1650.625,油层,15.13373196,41.48470781,43.38156023,23.68404107,76.31595893,98.73664997,37.96764629,2.263225729,1.253835791,75.0526089,1.263350026,1.898971716,212.7943249,16.37457761,3.299026352,0.851111376,155.8839583,53.4759391,22.01561963,中砂岩
1650.75,油层,15.2764041,40.6507233,44.0728726,23.14715813,76.85284187,98.70021266,37.20436675,2.217727151,1.228629403,75.55305453,1.299787338,2.006548346,209.7561742,16.46085633,3.394059288,0.842542289,169.5629976,53.21971523,21.98247146,中砂岩
1650.875,油层,15.19557274,40.15858285,44.64584442,22.27867228,77.72132772,99.99,36.75394982,2.190878102,1.213754927,77.71132772,0.01,2.140975837,209.2729794,16.67145497,3.407122919,0.834356909,160.6111668,53.42502631,21.98382191,中砂岩
1651,油层,15.40817652,39.33114705,45.26067644,22.65069158,77.34930842,98.84364698,35.99666379,2.145736794,1.188746468,76.1929554,1.156353018,1.860425644,220.3868266,16.86003483,3.434566643,0.834059664,166.0817872,53.98698992,22.18691814,中砂岩
1651.125,油层,14.97080245,40.3463353,44.68286225,22.33110214,77.66889786,96.38031217,36.92578467,2.201121062,1.219429566,74.04921003,3.619687827,2.033655536,218.2041564,16.92081956,3.463595182,0.847647073,166.4607505,52.78192374,21.95425601,细砂岩
1651.25,油层,14.72161367,41.74238807,43.53599826,22.78651748,77.21348252,94.73243758,38.20348049,2.277283646,1.261623931,71.9459201,5.267562419,1.920582975,222.174967,17.06079442,3.42722972,0.85983482,152.7406854,52.43095571,22.03474942,细砂岩
1651.375,油层,15.00135537,40.42281813,44.5758265,23.32141018,76.67858982,94.99135695,36.99578331,2.205293634,1.221741187,71.66994678,5.008643048,1.751879852,198.9350073,17.11180854,3.434083301,0.869216674,158.7237442,54.84752208,21.92499795,中砂岩
1651.5,油层,15.37563613,39.84546903,44.77889484,22.71335353,77.28664647,95.67968063,36.4673817,2.173795971,1.20429136,72.96632711,4.320319368,1.858289803,202.5330967,17.09926846,3.436908163,0.87150638,166.517321,52.73098361,22.15027004,中砂岩
1651.625,油层,15.40434677,40.33241938,44.26323385,22.36724539,77.63275461,95.67070725,36.91304854,2.20036187,1.21900897,73.30346185,4.329292753,1.985310162,213.1634454,17.21244295,3.455487533,0.867238226,167.3770103,54.30670838,21.98156354,中砂岩
1651.75,油层,15.6881002,40.03888462,44.27301518,21.74291881,78.25708119,93.73958087,36.64439957,2.184347886,1.210137162,71.99666206,6.260419129,1.88310322,220.0720795,17.30178576,3.497694223,0.869304801,161.0684086,53.73298549,21.91774738,中砂岩
1651.875,油层,15.76772213,39.51616116,44.71611671,21.97012548,78.02987452,92.86897125,36.16599246,2.155830362,1.194338343,70.89884577,7.131028751,1.635758787,207.6620775,17.26197414,3.535674754,0.8815674,168.0161509,54.78522058,21.95351901,中砂岩
1652,油层,15.40578457,41.07911308,43.51510235,22.36017372,77.63982628,93.11637592,37.59643776,2.241098239,1.241577076,70.7562022,6.883624083,1.738049643,218.3399865,17.3181814,3.542684735,0.881328538,160.1292825,53.81032303,21.98659667,中砂岩
1652.125,油层,15.81778085,39.68115764,44.5010615,21.98284421,78.01715579,94.74185962,36.31700059,2.164831854,1.199325205,72.75901541,5.258140381,2.036112394,220.9591857,17.45725763,3.497318752,0.874466855,146.6657335,54.42440993,22.01603272,中砂岩
1652.25,油层,15.89352352,38.42637654,45.68009994,22.15476166,77.84523834,93.56890291,35.16859946,2.096376439,1.161400641,71.41414125,6.43109709,1.818024722,223.1009889,17.54674652,3.478731573,0.863538007,155.1421499,53.33085609,22.02936236,中砂岩
1652.375,油层,16.03574745,37.83431039,46.12994216,21.71031447,78.28968553,94.35788444,34.62672851,2.064075878,1.143506005,72.64756997,5.642115559,2.013644893,223.8754618,17.72744895,3.443035,0.85241732,163.7465086,54.55604345,22.05043129,中砂岩
1652.5,油层,16.39987789,38.38376287,45.21635924,22.20220311,77.79779689,92.98435774,35.12959856,2.094051622,1.160112683,70.78215463,7.015642262,1.937161813,207.3864632,17.87806847,3.387991076,0.84346098,155.4900876,53.07713189,22.02345999,中砂岩
1652.625,油层,16.61823704,37.42293902,45.95882394,22.51294209,77.48705791,94.63806601,34.25023308,2.04163324,1.131072697,72.12512391,5.361933991,1.89422532,221.9843627,17.95315155,3.348312846,0.835691205,164.3507768,54.26430982,22.07274913,中砂岩
1652.75,油层,16.14668383,37.09111879,46.76219738,22.63845484,77.36154516,94.50529267,33.94654447,2.023530567,1.121043746,71.86683783,5.49470733,1.957959825,210.3445632,18.11285285,3.289524802,0.8318058,160.0441702,52.3565309,22.18200893,中砂岩
1652.875,油层,15.95172581,36.48409835,47.56417585,22.61593477,77.38406523,93.44576599,33.39098705,1.990414165,1.102697132,70.82983122,6.554234007,1.882783779,214.448809,18.40579205,3.20291716,0.818771178,166.3925121,55.02059737,21.84331869,中砂岩
1653,油层,16.15755815,35.43812482,48.40431703,23.14314513,76.85685487,92.89473627,32.43369085,1.933350386,1.071083578,69.75159114,7.10526373,1.895402401,216.2603636,18.55012616,3.149967291,0.818057122,174.5682891,53.49085242,22.15622483,中砂岩
1653.125,油层,15.84791484,36.88465398,47.26743119,23.57434157,76.42565843,93.49368508,33.75758369,2.012266743,1.114803544,69.91934351,6.506314922,1.904573925,236.2508742,18.62584095,3.086509608,0.813657875,163.5517795,55.21245336,22.36523639,中砂岩
1653.25,油层,15.5177447,36.58231686,47.89993844,24.12007268,75.87992732,95.15091533,33.48087863,1.995772541,1.105665693,71.03084265,4.84908467,2.136621687,224.9599981,18.49811288,3.051389588,0.814367928,165.1574581,55.04019392,22.33208008,中砂岩
1653.375,油层,15.62569609,37.59836113,46.77594278,24.10878136,75.89121864,95.05064419,34.41078296,2.05120351,1.136374663,70.94186283,4.949355812,2.065573637,213.1134462,18.3256402,3.049019187,0.813155153,176.8493385,53.43987798,22.09582974,中砂岩
1653.5,油层,15.40280779,36.9461508,47.65104141,23.76302573,76.23697427,95.83472557,33.81386683,2.015621743,1.116662227,72.07169983,4.165274434,1.932714968,215.4622179,18.3534973,3.020708132,0.804143136,170.4139927,55.18331678,22.09205509,中砂岩
1653.625,油层,15.43365907,36.13339456,48.43294637,23.98767902,76.01232098,95.90461182,33.07001583,1.971281288,1.092097444,71.9169328,4.095388177,1.903799758,222.4092387,18.30978613,3.036269562,0.798497369,172.1406454,55.49764778,22.0888019,中砂岩
1653.75,油层,15.85485606,36.11839304,48.02675091,23.48999888,76.51000112,97.07940915,33.05628613,1.97046287,1.091644037,73.58941027,2.920590847,1.940440701,225.8400102,18.25114705,3.050708518,0.791306375,174.4841461,55.15853351,21.97130639,中砂岩
1653.875,油层,15.90085171,37.13665781,46.96249048,23.50830632,76.49169368,97.59590744,33.98822271,2.026014979,1.12242012,74.08760112,2.404092565,1.867076869,204.3944615,18.18099749,3.06803299,0.790368145,170.2254614,53.65936893,21.95363344,中砂岩
1654,油层,15.6484391,37.16242566,47.18913524,23.4048744,76.5951256,96.82633752,34.01180597,2.027420762,1.123198929,73.42146312,3.17366248,1.877768777,233.2972598,18.18561168,3.062720097,0.787990936,171.4936664,52.71260939,22.02722231,中砂岩
1654.125,油层,16.08064635,35.45908713,48.46026652,23.97486831,76.02513169,96.09384639,32.45287599,1.934493999,1.071717144,72.11897808,3.906153606,2.083831588,226.4819008,18.24106093,3.071344954,0.796519846,187.2671558,54.19895446,21.93405894,中砂岩
1654.25,油层,15.94942324,36.49795542,47.55262134,23.43413051,76.56586949,93.94453475,33.40366932,1.991170147,1.103115949,70.51040424,6.055465245,2.043790687,217.7563918,18.43527311,3.053841324,0.799142895,157.835991,54.87723259,22.08938728,中砂岩
1654.375,油层,15.50132218,36.36014764,48.13853017,23.56661055,76.43338945,94.67537474,33.27754485,1.983651952,1.09895084,71.10876419,5.324625263,2.073946291,203.8743333,18.56631378,3.029249553,0.797290223,172.9665336,54.03663057,22.13537396,中砂岩
1654.5,油层,15.33892806,36.32183439,48.33923755,23.66936176,76.33063824,95.90019625,33.24247979,1.981561748,1.097792858,72.23083448,4.099803755,1.989417203,219.6980781,18.45045205,3.072149221,0.807857185,163.2132437,54.65208675,21.97676987,中砂岩
1654.625,油层,15.07694293,37.85622034,47.06683672,23.58742719,76.41257281,95.23793977,34.64678094,2.06527119,1.144168212,71.65051258,4.762060227,2.043488377,217.1387598,18.29623398,3.082108165,0.815782878,169.4780194,54.2069004,21.82423399,中砂岩
1654.75,油层,15.02377879,38.80292427,46.17329694,24.05031411,75.94968589,94.31690375,35.51322358,2.11691925,1.172781437,70.26658964,5.683096249,1.910028764,208.4356366,18.16650701,3.091286473,0.827202994,155.0278054,55.24361037,22.41537726,中砂岩
1654.875,油层,14.95186744,38.57850403,46.46962853,24.2488429,75.7511571,93.52828182,35.30782962,2.104675855,1.165998549,69.27943893,6.471718176,1.968563234,225.6918754,17.91060043,3.14960259,0.844774513,160.3749206,53.13113859,22.35573417,细砂岩
1655,油层,14.52587399,40.10208028,45.37204573,23.59978359,76.40021641,94.87903522,36.70223752,2.187795567,1.212047191,71.27925164,5.120964775,1.693269392,215.1797736,17.7709453,3.188426993,0.849867422,157.1144897,52.68929922,22.43623487,细砂岩
1655.125,油层,14.09617451,39.89002942,46.01379607,23.21369538,76.78630462,96.29978028,36.50816427,2.176226992,1.205638155,73.0860849,3.700219725,2.178784287,203.9448846,17.77084777,3.218560414,0.843155734,169.0740962,53.08270932,22.14828571,细砂岩
1655.25,油层,14.00418282,38.91849115,47.07732603,22.96007904,77.03992096,96.83459961,35.61899273,2.123224078,1.176274336,73.87452057,3.16540039,2.035691618,220.6036048,17.65338055,3.279150313,0.843593685,166.4808447,55.52670615,22.00885951,细砂岩
1655.375,油层,14.36035549,39.79664599,45.84299853,22.934492,77.065508,95.3104325,36.42269786,2.171132397,1.20281573,72.3759405,4.689567502,1.961661842,204.1036732,17.69611215,3.300883412,0.84150158,175.0210417,55.20522082,22.2582282,细砂岩
1655.5,油层,14.75747276,39.49126669,45.75126055,22.75006013,77.24993987,94.72928326,36.14320853,2.154472227,1.193585931,71.97922314,5.270716739,1.835231315,212.8476639,17.81704299,3.299430664,0.841031214,163.8904733,53.51655476,21.9994684,细砂岩
1655.625,油层,14.55420135,38.71986955,46.7259291,22.80146976,77.19853024,94.52152915,35.43721021,2.112388145,1.170271187,71.7200594,5.478470846,1.912403246,216.8457454,17.83051138,3.324155583,0.84485337,173.4106615,53.79103089,21.93585517,细砂岩
1655.75,油层,14.48954495,38.81947243,46.69098262,22.35956361,77.64043639,95.25007039,35.5283688,2.117822046,1.17328159,72.89050678,4.749929608,1.695947984,209.3074174,17.95982541,3.30076597,0.836009414,167.2174298,54.43170524,22.10293096,细砂岩
1655.875,油层,14.14028798,38.32339652,47.5363155,22.81410205,77.18589795,96.20705122,35.07435006,2.090758296,1.158288168,73.39294917,3.79294878,1.798888133,218.5924878,18.09106546,3.27640905,0.820951715,188.1304647,53.54013447,22.00316559,细砂岩
1656,油层,14.14414043,37.72200694,48.13385263,22.41667905,77.58332095,97.66915091,34.52394611,2.057949089,1.14011174,75.25247185,2.330849092,1.896863294,224.5097273,18.07371544,3.245073597,0.803771801,171.6132149,53.4997156,21.96448859,细砂岩
1656.125,油层,14.35561008,37.44536622,48.1990237,23.03313628,76.96686372,99.93127737,34.27075891,2.042856771,1.131750538,76.8981411,0.068722626,2.038056414,214.7982881,18.20368678,3.201250754,0.781734289,177.4398593,54.91180479,21.97188763,细砂岩
1656.25,油层,14.68497445,35.77949119,49.53553436,22.20553498,77.79446502,99.99,32.74611628,1.951973855,1.081401051,77.78446502,0.01,2.007997306,228.7425361,18.22443071,3.178289428,0.768150471,175.6163445,55.87515795,21.95295849,细砂岩
1656.375,油层,14.85685016,36.43537586,48.70777398,22.75806145,77.24193855,99.50137987,33.34639524,1.987756077,1.101224541,76.74331842,0.498620126,2.03212133,230.7239565,18.25277432,3.179825176,0.766416717,160.8884262,55.67455939,22.07758776,细砂岩
1656.5,油层,15.16665118,36.6705569,48.16279191,22.13981942,77.86018058,97.08497711,33.5616377,2.000586535,1.108332664,74.94515769,2.915022891,1.971298989,214.3500167,18.27623021,3.227074342,0.775954161,171.6800396,55.04381707,22.11828815,中砂岩
1656.625,油层,14.93143652,37.76873787,47.29982561,22.01916973,77.98083027,96.3464761,34.56671521,2.060498526,1.141524138,74.32730638,3.653523897,1.951325137,219.5958885,18.22955221,3.265167963,0.79630288,164.7585406,54.39228491,21.88312334,细砂岩
1656.75,油层,14.61285411,38.02764857,47.35949732,22.172359,77.827641,94.54772513,34.80367554,2.074623571,1.149349468,72.37536613,5.452274866,2.039904761,222.9027984,18.2356176,3.328494289,0.807535962,157.9665257,53.05503832,21.83231053,细砂岩
1656.875,油层,14.88908676,37.42966166,47.68125158,21.50982778,78.49017222,96.04189239,34.25638578,2.041999998,1.131275882,74.53206461,3.958107614,2.011409033,220.3864671,18.29960959,3.359027191,0.806085057,181.0003088,53.88808101,21.99852857,细砂岩
1657,油层,14.86348588,36.30702184,48.82949228,21.11588724,78.88411276,96.90519642,33.22892304,1.980753639,1.097345163,75.78930919,3.094803576,2.202181103,209.8134206,18.34690249,3.383814906,0.802249526,163.4926349,54.32502973,22.26425593,细砂岩
1657.125,油层,14.4634782,37.42045975,48.11606205,21.11955426,78.88044574,97.16561745,34.24796401,2.041497982,1.130997764,76.04606319,2.834382547,2.07485893,209.3555303,18.3469568,3.424081308,0.792216574,174.6018835,54.8571914,22.0572809,细砂岩
1657.25,油层,14.24432569,37.39373123,48.36194309,20.78228531,79.21771469,97.71966315,34.22350152,2.04003979,1.130189919,76.93737784,2.280336847,1.906540115,220.1690066,18.2635506,3.488052084,0.795656931,171.4958035,54.04027536,21.97665551,细砂岩
1657.375,油层,14.12049267,38.81793676,47.06157057,20.40590086,79.59409914,96.66532815,35.52696332,2.117738267,1.173235175,76.25942729,3.334671851,2.019376914,208.8236363,17.96460144,3.587441639,0.807433012,156.4791889,55.51956111,22.05279094,细砂岩
1657.5,油层,13.78445399,40.1317535,46.08379251,20.20247752,79.79752248,98.19997268,36.72939505,2.189414409,1.212944035,77.99749516,1.800027318,2.170139037,209.780595,17.65220607,3.704921629,0.816501166,165.8229485,53.53742929,22.12040445,细砂岩
1657.625,油层,13.8481317,40.75990896,45.39195934,19.78802958,80.21197042,99.2120846,37.30429568,2.223683847,1.231929436,79.42405502,0.787915403,1.823028214,215.3123303,17.28073278,3.865975648,0.826440211,167.2270276,54.38364334,22.16150817,细砂岩
1657.75,油层,14.07226932,40.89544492,45.03228576,18.8417763,81.1582237,99.99,37.42834093,2.231078101,1.236025881,81.1482237,0.01,1.877089485,205.3044978,16.9730366,4.126706671,0.830739139,164.8486633,53.6600309,22.02577644,细砂岩
1657.875,油层,13.7266835,41.54220444,44.73111206,16.70452685,83.29547315,99.99,38.02026837,2.266362495,1.255573572,83.28547315,0.01,1.947808649,204.4270377,16.7158377,4.499657412,0.838352341,168.5058443,54.4067123,22.09052325,细砂岩
1658,油层,13.39040052,42.77866922,43.83093026,15.19309521,84.80690479,99.99,39.15190603,2.333818651,1.292944543,84.79690479,0.01,1.957589898,197.8725471,16.70999276,4.82397223,0.843143414,164.5046452,53.21560507,22.13926108,细砂岩
1658.125,油层,13.74204643,41.27098221,44.98697135,14.93702081,85.06297919,98.00411304,37.77204029,2.251565787,1.247376138,83.06709223,1.99588696,1.89353282,189.9631891,16.74716829,5.095554985,0.841381042,164.2014343,52.07475937,21.96436031,细砂岩
1658.25,油层,14.05898621,40.50646793,45.43454586,14.73258076,85.26741924,99.99,37.07234131,2.209857204,1.224269422,85.25741924,0.01,1.895089294,199.0424214,16.81218949,5.426538794,0.836383508,161.4499594,53.0118099,21.99692631,细砂岩
1658.375,油层,14.3855394,40.19839334,45.41606726,12.70672994,87.29327006,99.99,36.79038518,2.19304999,1.214958161,87.28327006,0.01,1.881282316,205.6091006,16.94879394,5.878803118,0.827867975,166.2701851,54.05549539,22.02361258,细砂岩
1658.5,油层,13.99667721,40.71212816,45.29119463,10.80874693,89.19125307,99.99,37.26056572,2.221077134,1.230485307,89.18125307,0.01,1.716535145,209.5403069,16.97222312,6.355197083,0.827369019,167.5183498,52.75264466,22.09495436,细砂岩
1658.625,油层,13.62399811,41.15689765,45.21910424,10.78952779,89.21047221,97.89711211,37.66762778,2.245341828,1.243928041,87.10758432,2.102887893,1.982424762,209.6089018,16.99639349,6.904777641,0.845785568,164.2217974,53.03343264,22.27278079,细砂岩
1658.75,油层,13.24751292,42.38355833,44.36892875,10.559652,89.440348,95.05571073,38.79029253,2.312263115,1.281002692,84.49605872,4.944289274,1.824176183,189.9572894,17.04344842,7.215708364,0.867499036,166.3427639,53.36485646,22.1146899,细砂岩
1658.875,油层,12.88667959,42.65425404,44.45906636,10.78625582,89.21374418,94.28489333,39.03803873,2.327031098,1.289184212,83.49863752,5.715106666,2.129055566,203.8697881,17.15309847,7.267438509,0.882173097,153.2546339,54.17603714,22.2900801,细砂岩
1659,油层,12.6834106,42.06399265,45.25259675,10.56750226,89.43249774,95.13634374,38.49781953,2.294828997,1.271344124,84.56884148,4.86365626,2.100496759,204.1574349,17.27300854,7.306403062,0.888282357,151.0729056,52.93031492,22.00898572,细砂岩
1659.125,油层,12.73407923,41.4277093,45.83821147,10.4473129,89.5526871,95.01579215,37.9154801,2.260116137,1.252113065,84.56847925,4.984207852,1.806788638,192.0769039,17.3472378,7.328044239,0.888343712,166.0049205,52.75092674,21.93664655,细砂岩
1659.25,油层,12.59824373,42.32021931,45.08153696,10.29396316,89.70603684,94.32343114,38.73232337,2.308807612,1.279088331,84.02946798,5.676568864,1.990901372,191.2827883,17.27174945,7.46801152,0.88464952,150.2661137,52.61228193,22.05794664,细砂岩
1659.375,油层,12.56498214,43.15226987,44.28274799,10.041012,89.958988,96.58868077,39.49383292,2.354200682,1.304236266,86.54766877,3.411319231,1.940303006,207.5985189,17.15222841,7.647333856,0.888791852,148.0908826,53.79095629,21.8812079,细砂岩
1659.5,油层,12.80204512,43.11480484,44.08315004,9.842192568,90.15780743,95.67454301,39.45954417,2.352156753,1.303103922,85.83235045,4.325456987,2.083912916,194.3801933,17.05389042,7.789234423,0.888903013,169.6256502,53.26596817,22.28483202,细砂岩
1659.625,油层,12.5579893,42.25782819,45.1841825,9.81385808,90.18614192,96.51951742,38.67522175,2.305403824,1.277202618,86.70565934,3.480482581,2.060985227,201.0874524,16.90662797,7.834010981,0.878422612,170.6438181,53.48460044,22.23652934,细砂岩
1659.75,油层,12.78887626,42.44114377,44.76997997,10.10813272,89.89186728,99.34340453,38.84299589,2.315404727,1.282743157,89.23527181,0.656595475,1.874889122,190.4926644,16.86442548,7.822371075,0.872639113,166.1386911,53.53571117,22.08766098,细砂岩
1659.875,油层,13.12818118,42.60214788,44.26967093,10.08109619,89.91890381,98.45882404,38.99035012,2.324188412,1.287609353,88.37772785,1.541175964,2.119669369,194.0713035,16.84621093,7.714623176,0.867405696,158.3577862,53.10421668,22.04796501,细砂岩
1660,油层,13.23369668,42.54946362,44.2168397,10.3718036,89.6281964,97.10373564,38.94213241,2.321314187,1.286017021,86.73193203,2.896264364,2.029289803,200.7095726,16.61300448,7.694690393,0.870887212,162.5639848,53.78306401,22.13256758,细砂岩
1660.125,油层,13.58515346,43.37000761,43.04483893,10.37877579,89.62122421,98.28846884,39.69311092,2.366079509,1.310817182,87.90969305,1.711531164,1.938664553,192.2863118,16.55274629,7.747789905,0.870198053,144.0581726,53.96656005,21.93563184,细砂岩
1660.25,油层,13.36277132,42.363375,44.27385368,9.913651153,90.08634885,99.99,38.77182033,2.311162,1.28039267,90.07634885,0.01,1.875955043,204.2546248,16.51019618,7.829827672,0.865473278,164.5532036,52.65175623,21.97276732,细砂岩
1660.375,油层,13.69254515,42.09611219,44.21134266,9.646023686,90.35397631,99.99,38.52721599,2.2965813,1.272314906,90.34397631,0.01,1.757718096,204.8849043,16.46707893,8.616521875,0.856597174,160.0336463,52.74527882,22.13488804,细砂岩
1660.5,油层,13.56110632,41.90557546,44.53331822,7.160067525,92.83993247,99.99,38.3528329,2.286186442,1.266556115,92.82993247,0.01,1.937244569,213.5105975,16.53870523,10.35758924,0.847500266,162.1288857,53.51140193,22.038426,细砂岩
1660.625,油层,13.28951219,42.4003889,44.31009891,5.164470918,94.83552908,99.99,38.8056962,2.313181317,1.28151138,94.82552908,0.01,1.873370192,203.4667174,16.42992484,15.05417998,0.852402142,162.9430555,55.73591166,22.04330056,细砂岩
1660.75,油层,13.63525336,43.27433075,43.09041588,2.83846987,97.16153013,99.99,39.60554552,2.360859794,1.30792544,97.15153013,0.01,1.94077425,214.9876174,16.30491063,21.36044219,0.859544744,168.4269332,53.38284202,21.92107618,细砂岩
1660.875,油层,13.48018199,43.65418667,42.86563134,2.255418725,97.74458128,99.99,39.95319736,2.381583086,1.319406224,97.73458128,0.01,1.880138095,212.2877609,16.17063893,27.19576326,0.871602439,167.1710094,56.35264421,21.90495002,细砂岩
1661,油层,13.12070242,44.07535706,42.80394052,2.208490666,97.79150933,98.92634799,40.33866105,2.404560315,1.332135698,96.71785732,1.07365201,2.063476554,207.3425447,15.91684661,35.26138204,0.886061426,153.2216263,51.68843833,21.98362407,细砂岩
1661.125,油层,13.03093028,45.39561784,41.57345188,1.618894431,98.38110557,99.99,41.5469905,2.476588017,1.372039323,98.37110557,0.01,1.997008173,200.665793,15.85282531,40.44386744,0.896032958,166.427982,53.18448113,22.0542615,细砂岩
1661.25,油层,13.29297076,44.70680246,42.00022679,1.585837718,98.41416228,98.51682468,40.91657268,2.439009237,1.351220534,96.93098696,1.483175322,1.901618896,199.5065872,15.92764108,43.6110837,0.902838129,174.2161986,52.43894924,22.0335192,细砂岩
1661.375,油层,13.55594785,43.6114623,42.83258986,1.603487441,98.39651256,97.01482997,39.91409515,2.379252229,1.31811492,95.41134253,2.985170026,1.87216171,201.528069,15.87342888,46.48880873,0.903363738,155.2023061,53.73075172,22.1368296,细砂岩
1661.5,油层,13.3898827,44.27628965,42.33382764,1.639973085,98.36002691,99.3943119,40.52255863,2.415522326,1.338208694,97.75433881,0.605688101,1.912584358,198.6596294,15.91794039,46.52798641,0.903670917,159.0970972,52.26496302,22.10109449,细砂岩
1661.625,油层,13.0698225,45.09109397,41.83908353,1.602258054,98.39774195,99.19944096,41.26828407,2.459974516,1.362835379,97.59718291,0.80055904,1.866505767,208.4931496,15.85355321,48.46525191,0.902646351,152.6846128,53.95004161,22.15065786,细砂岩
1661.75,油层,12.98899669,45.29115758,41.71984573,1.36007405,98.63992595,99.99,41.45138635,2.470889118,1.368882111,98.62992595,0.01,1.920470444,190.0518641,15.81100259,50.68862974,0.905191809,163.4058421,52.73744754,21.95367316,细砂岩
1661.875,油层,13.05803558,44.44200148,42.49996294,1.340413093,98.65958691,97.30093364,40.67422146,2.424562845,1.343217176,95.96052055,2.699066361,1.945011347,201.681439,15.77536502,53.4201214,0.907154257,166.7017296,53.19624346,21.74845892,细砂岩
1662,油层,13.18686889,44.81122881,42.0019023,1.31621722,98.68378278,99.55758684,41.0121458,2.444706286,1.354376721,98.24136962,0.442413162,1.776949516,203.4599812,15.76213092,56.05089362,0.905357532,151.0011326,53.98277763,21.854314,细砂岩
1662.125,油层,12.92759928,45.15799605,41.91440467,1.290961163,98.70903884,99.99,41.32951422,2.463624403,1.36485743,98.69903884,0.01,2.003716736,192.3253086,15.80000466,216.4924428,0.90239034,165.9147074,52.39880464,21.93736431,细砂岩
1662.25,油层,13.274766,44.60373783,42.12149617,0.09,99.91,99.99,40.82224585,2.433386479,1.348105503,99.9,0.01,1.733157059,203.5332685,15.73372968,378.0192435,0.894576957,164.8987788,51.23874492,22.01173305,细砂岩
1662.375,油层,13.5895281,43.91589579,42.4945761,0.088601693,99.91139831,99.98860169,40.19271886,2.3958608,1.327316133,99.9,0.011398307,1.830628263,202.9515374,15.81573285,538.1106584,0.888288966,147.863006,53.82450039,22.45083632,细砂岩
1662.5,油层,13.25123529,43.74394989,43.00481481,0.088036111,99.91196389,99.98803611,40.03535048,2.386480178,1.322119232,99.9,0.011963889,1.898088842,202.0555603,15.8720283,700.8469178,0.884621622,152.5606147,50.82553119,22.45082775,细砂岩
1662.625,油层,13.11304986,44.36967644,42.5172737,0.08753833,99.91246167,99.98753833,40.60802811,2.420617104,1.341031221,99.9,0.01246167,1.901556547,195.9826281,15.96307179,696.8810693,0.87929191,145.4562845,52.78502338,22.37745431,细砂岩
1662.75,油层,13.39764943,43.49995269,43.10239788,0.09,99.91,99.99,39.81203929,2.373168748,1.314744648,99.9,0.01,1.976344971,204.5636528,16.08131519,688.7021427,0.882516797,155.9876658,52.28576677,22.35918926,细砂岩
1662.875,油层,13.75809787,43.25248001,42.98942211,0.092094632,99.90790537,97.2798275,39.58554728,2.359667713,1.307265023,97.18773287,2.720172497,2.12633887,197.8277658,16.15210316,683.4631952,0.892712185,169.6080961,52.07344354,21.82869947,细砂岩
1663,油层,13.50615126,43.8355592,42.65828954,0.091741677,99.90825832,96.04829234,40.11919318,2.391477984,1.324888036,95.95655066,3.95170766,2.144843279,198.4825273,16.39824517,675.0197952,0.898997091,164.7735062,53.76563713,22.07709091,细砂岩
1663.125,油层,13.55095299,42.84557154,43.60347547,0.089771279,99.91022872,94.41733073,39.21313639,2.337468551,1.294966601,94.32755945,5.582669274,1.900336294,201.9326648,16.49292405,673.7252617,0.90923698,149.3722133,53.56145147,21.83150521,细砂岩
1663.25,油层,13.41890987,43.60893806,42.97215207,0.091030089,99.90896991,95.84366796,39.91178492,2.379114518,1.318038628,95.75263787,4.156332037,1.827308833,197.9537322,16.4921658,678.1990195,0.914825105,161.521016,53.44514451,22.09229126,细砂岩
1663.375,油层,13.7954175,43.64262102,42.56196148,0.090492396,99.9095076,95.82569388,39.94261225,2.380952114,1.319056663,95.73520148,4.17430612,2.105149647,194.8143135,16.44608026,685.2636522,0.913955454,140.8034655,53.89373718,22.18924257,细砂岩
1663.5,油层,13.96689439,43.75747621,42.2756294,0.088662032,99.91133797,96.64808521,40.04773004,2.387218115,1.322528052,96.55942317,3.351914794,1.946846378,188.9919944,16.30322052,689.0314704,0.917328528,145.3972442,53.3671477,21.98505352,细砂岩
1663.625,油层,13.72600461,43.93503823,42.33895716,0.090476603,99.9095234,95.51264098,40.21023841,2.396905129,1.327894695,95.42216437,4.487359023,2.170192662,202.0313635,16.2948463,692.5085966,0.915330888,153.9185805,52.95114393,22.07387613,细砂岩
1663.75,油层,13.70875072,43.31727667,42.97397262,0.089065772,99.91093423,96.30417783,39.64485049,2.363202737,1.30922344,96.21511205,3.695822174,1.827217907,204.472947,16.35956204,691.9598472,0.910765538,140.6726104,52.17974859,22.09959746,细砂岩
1663.875,油层,13.79427593,42.87405522,43.33166886,0.089081357,99.91091864,96.07098489,39.23920523,2.339022497,1.295827493,95.98190353,3.929015108,2.067326462,201.4222399,16.43985727,691.4575791,0.917016087,141.590473,53.35858965,22.07754365,细砂岩
1664,油层,14.01566773,43.63610165,42.34823062,0.088769908,99.91123009,93.92148867,39.93664558,2.380596445,1.318859621,93.83271876,6.078511331,1.883334818,210.6965821,16.41198755,698.5721264,0.921188924,162.6507629,53.77720301,21.93906972,细砂岩
1664.125,油层,14.35085991,43.99131919,41.6578209,0.088164551,99.91183545,94.53215008,40.26174788,2.399975573,1.329595733,94.44398553,5.467849921,1.854852007,194.1841615,16.37104901,703.7616875,0.93144852,157.9524609,52.80914182,21.72534317,细砂岩
1664.25,油层,13.9833108,44.13468201,41.88200719,0.088692783,99.91130722,94.17062586,40.39295644,2.407796827,1.333928738,94.08193308,5.829374139,1.811959588,204.2851697,16.23611813,715.0238269,0.939615623,156.9549872,52.80290222,22.06229821,细砂岩
1664.375,油层,14.3356556,43.99735852,41.66698588,0.086767547,99.91323245,95.61091864,40.2672752,2.400305053,1.329778266,95.5241511,4.389081356,1.899311469,211.3328414,16.17939269,713.9429134,0.929860384,159.94355,51.94243327,22.06804446,细砂岩
1664.5,油层,14.51537187,42.95753328,42.52709485,0.088953307,99.91104669,96.84028207,39.31560604,2.343576698,1.298350538,96.75132876,3.159717933,2.219177725,199.8768788,16.08256259,707.3365189,0.91707712,149.1095662,53.08761906,22.02862545,细砂岩
1664.625,油层,14.41961618,43.62490802,41.9554758,0.091069255,99.90893075,99.02380096,39.92640094,2.379985769,1.318521304,98.93273171,0.976199037,1.884769613,205.5246299,15.92042443,711.8125374,0.914239375,152.2278271,53.00699194,21.94931768,细砂岩
1664.75,油层,14.60623693,44.57347063,40.82029244,0.088763947,99.91123605,96.7955588,40.7945447,2.431735231,1.347190706,96.70679486,3.204441196,1.748777679,207.8621711,15.8276572,709.5916071,0.922180881,156.5815131,53.00983133,21.92469908,细砂岩
1664.875,油层,14.98983332,44.72889545,40.28127124,0.091139594,99.90886041,94.68340866,40.93679264,2.440214535,1.351888273,94.59226907,5.316591338,1.907799533,214.9452395,15.67245468,719.8089282,0.937819732,155.5036556,50.88556772,22.06622451,细砂岩
1665,油层,15.01724695,44.77629981,40.20645324,0.088873533,99.91112647,94.97832337,40.98017807,2.442800712,1.353321025,94.88944983,5.021676635,2.032986606,187.1724913,15.62832811,732.8394342,0.943403277,152.0272316,54.13631555,22.01687811,中砂岩
1665.125,油层,15.11418469,43.85259711,41.0332182,0.086293624,99.91370638,97.75477067,40.13478662,2.392407499,1.32540299,97.66847704,2.245229333,1.989757205,198.2330219,15.67563735,736.8795456,0.946594174,149.2829999,51.23069938,22.14978894,中砂岩
1665.25,油层,15.39330838,43.97736309,40.62932853,0.087139009,99.91286099,94.90446684,40.24897498,2.39921419,1.329173923,94.81732783,5.09553316,2.023316417,192.9500313,15.8620064,740.2083923,0.941671192,160.9077128,52.53760687,22.03511433,中砂岩
1665.375,油层,15.34638298,42.94359985,41.71001717,0.086107272,99.91389273,93.04167225,39.30285389,2.342816551,1.297929414,92.95556497,6.958327754,2.06339893,214.6699152,16.12387232,741.0195843,0.944094592,152.1811572,54.66893717,22.1937835,中砂岩
1665.5,油层,15.30114067,43.06641839,41.63244094,0.085225969,99.91477403,90.70619542,39.4152599,2.349516997,1.301641487,90.62096945,9.293804583,1.927638142,199.6520901,16.46309363,742.2975478,0.958590644,148.0169973,52.30684114,22.08503588,中砂岩
1665.625,油层,15.11411664,42.69972034,42.18616302,0.083167735,99.91683227,89.77555707,39.07965041,2.329511543,1.290558388,89.69238934,10.22444293,1.875109452,190.0742408,16.68178119,749.6380671,0.964060323,140.5782689,53.19816069,22.17533395,中砂岩
1665.75,油层,14.66960821,43.39517764,41.93521415,0.080840393,99.91915961,91.029803,39.71614704,2.367452676,1.311577923,90.9489626,8.970197002,1.992642669,183.3366762,16.8600955,753.4680389,0.966139948,150.3216322,52.89613031,21.96518283,细砂岩
1665.875,油层,14.44188137,42.4681132,43.09000543,0.081355065,99.91864493,90.56032948,38.86767886,2.316876061,1.283558283,90.47897441,9.439670524,1.985216225,214.0633689,16.92804272,754.7205708,0.966343121,148.0821606,53.48710225,22.14703851,细砂岩
1666,油层,14.43266019,43.15325721,42.41408259,0.082956343,99.91704366,90.08853104,39.49473656,2.354254547,1.304266108,90.0055747,9.911468959,1.894306112,197.5846275,16.90840534,759.7454571,0.979534904,157.1506632,53.49039622,22.10281684,细砂岩
1666.125,油层,14.25624026,44.18836432,41.55539542,0.082164677,99.91783532,87.46548372,40.44208758,2.410725501,1.335551235,87.38331904,12.53451628,1.927732577,210.9119733,16.9343282,756.7500128,0.990964014,149.248792,51.67569378,22.39342377,细砂岩
1666.25,油层,14.44149789,44.09989547,41.45860663,0.08320901,99.91679099,88.24573344,40.3611191,2.405899025,1.332877348,88.16252443,11.75426656,1.954681525,199.458819,16.77026984,766.5144083,1.016853122,149.466044,54.83242868,22.32160647,细砂岩
1666.375,油层,14.60889467,45.12845128,40.26265405,0.082845667,99.91715433,87.1442183,41.30247425,2.462012569,1.363964468,87.06137263,12.8557817,1.998267332,199.341405,16.53328928,779.3951102,1.038419516,136.0994222,51.59945595,22.36819358,细砂岩
1666.5,油层,14.98306068,45.77276262,39.2441767,0.083930454,99.91606955,88.59646127,41.89216106,2.497163401,1.383438165,88.51253082,11.40353873,2.048005437,193.3612253,16.19662756,788.9404938,1.051671313,154.9301592,52.14260999,22.19420655,细砂岩
1666.625,油层,14.56030402,47.05876439,38.38093158,0.084929845,99.91507016,89.39839889,43.06913597,2.56732208,1.422306344,89.31346904,10.60160111,2.032176799,199.2390384,15.93474552,797.5861114,1.063692963,152.4378371,51.43378499,22.36455265,细砂岩
1666.75,油层,14.71588759,46.42074868,38.86336373,0.085026413,99.91497359,89.33250246,42.48521104,2.53251471,1.403022926,89.24747605,10.66749754,2.077833244,203.8485779,15.7017478,799.3592958,1.075688023,138.1557785,51.68282649,22.40714432,细砂岩
1666.875,油层,14.45258808,47.46687618,38.08053573,0.08708724,99.91291276,88.11848558,43.44264816,2.589586889,1.434641134,88.03139834,11.88151442,2.12187981,193.4534459,15.72685754,790.4591359,1.08645169,152.67716,52.5080994,22.38817711,细砂岩
1667,油层,14.38199403,46.57309801,39.04490796,0.088603008,99.91139699,86.31061815,42.62464424,2.540826228,1.40762754,86.22201514,13.68938185,2.011624819,196.9709852,15.87403161,774.7964874,1.086777108,150.8756081,52.86536614,22.26884709,细砂岩
1667.125,油层,14.16789805,46.32849577,39.50360619,0.089775589,99.91022441,87.34893297,42.40077931,2.527481791,1.40023467,87.25915738,12.65106703,2.005577852,194.5926978,15.98992159,757.403399,1.092840385,145.5535565,51.95559473,22.14512525,细砂岩
1667.25,油层,13.85910343,46.49747487,39.6434217,0.091779577,99.90822042,86.71703889,42.55543241,2.536700558,1.405341902,86.62525931,13.28296111,1.874574329,196.0644714,16.0914342,746.2384026,1.096868219,146.959329,52.19762072,22.00936949,细砂岩
1667.375,油层,13.57264197,47.51642871,38.91092932,0.090529763,99.90947024,86.07884703,43.48799964,2.59229026,1.436138812,85.98831727,13.92115297,2.164740898,195.390615,16.15140454,735.3928829,1.102114323,150.1288401,51.84762099,21.90143091,细砂岩
1667.5,油层,13.52129362,46.92971378,39.5489926,0.093041437,99.90695856,84.59671469,42.95102623,2.560281638,1.418405912,84.50367325,15.40328531,1.955371267,182.7479511,16.16600639,728.2618637,1.104817933,137.0297665,53.70244071,21.83387031,细砂岩
1667.625,油层,13.62975543,46.69574743,39.67449714,0.093171191,99.90682881,86.72593711,42.73689548,2.547517449,1.411334501,86.63276592,13.27406289,1.804365861,188.4190722,16.1307868,722.8434112,1.108812907,139.0192225,51.90940751,22.02957452,细砂岩
1667.75,油层,13.72434465,47.03482383,39.24083152,0.095833834,99.90416617,86.46269844,43.04722508,2.566015986,1.421582763,86.3668646,13.53730156,1.948352598,179.0806468,16.09609743,719.9345363,1.115220622,142.4614167,51.13114521,21.97573655,细砂岩
1667.875,油层,13.74355514,47.98331092,38.27313394,0.093691135,99.90630886,85.339231,43.91529971,2.617761328,1.450249882,85.24553986,14.660769,1.975040226,200.0228714,15.90804412,722.5002423,1.118966197,152.3404936,50.75101018,21.9394877,细砂岩
1668,油层,14.06325378,48.10318479,37.83356143,0.096084559,99.90391544,86.51631501,44.0250107,2.624301126,1.453872955,86.42023045,13.48368499,1.842106379,170.8123769,15.79058285,720.9628045,1.120133136,130.94505,49.53942481,21.97248474,细砂岩
1668.125,油层,13.91270115,47.39294324,38.6943556,0.096576446,99.90342355,88.12901749,43.37498323,2.585553428,1.432406581,88.03244104,11.87098251,2.079056471,183.3120315,15.74830769,720.2164664,1.124970114,133.0219068,50.89680614,22.13571599,细砂岩
1668.25,油层,14.25008188,47.27517109,38.47474702,0.098313116,99.90168688,86.03673636,43.26719577,2.579128291,1.42884703,85.93842324,13.96326364,1.90174556,178.3308682,15.75343035,709.5022,1.122355522,145.9435784,51.20401732,21.87440404,细砂岩
1668.375,油层,14.41884679,47.42788787,38.15326534,0.100196242,99.89980376,85.63492948,43.40696526,2.587459855,1.433462749,85.53473324,14.36507052,1.969584963,176.9076028,15.83583175,705.4275137,1.132561451,149.0752297,50.91962476,22.10554392,细砂岩
1668.5,油层,14.6851636,47.71792504,37.59691135,0.099087227,99.90091277,83.41990226,43.67241317,2.603283026,1.442228847,83.32081503,16.58009774,2.082259504,186.9975874,15.81119545,714.3547025,1.162028875,139.3928507,51.7225923,22.15310771,细砂岩
1668.625,油层,14.98644685,48.46853608,36.54501707,0.097405274,99.90259473,83.00209601,44.35938762,2.644233108,1.46491535,82.90469074,16.99790399,2.114044091,175.9425943,15.71544736,724.965639,1.178769819,146.694448,51.24821026,22.08594514,细砂岩
1668.75,油层,15.20059225,48.25111874,36.54828901,0.097540895,99.9024591,84.27472677,44.16040286,2.632371762,1.458344118,84.17718588,15.72527323,2.078046404,197.833718,15.58123075,742.6151304,1.201462001,127.4342217,51.40417382,22.00880802,中砂岩
1668.875,油层,15.2339034,49.01508602,35.75101059,0.096863545,99.90313645,83.53625292,44.85960121,2.674050503,1.481434302,83.43938938,16.46374708,2.028134176,188.1612286,15.55234443,752.9595654,1.218235866,140.8632302,50.79193764,22.00650764,中砂岩
1669,油层,15.08623435,48.51002005,36.4037456,0.096563634,99.90343637,81.04371315,44.39735459,2.646496294,1.466169164,80.94714952,18.95628685,2.092595209,190.119937,15.56615143,754.6982339,1.224074362,124.6562284,50.30559988,22.0067499,中砂岩
1669.125,油层,15.19006608,48.54993848,36.25999544,0.097252699,99.9027473,81.8574528,44.43388875,2.64867407,1.46737566,81.76020011,18.1425472,1.943157871,199.485206,15.63351663,757.7838893,1.229351485,131.490367,49.60045025,21.99049828,中砂岩
1669.25,油层,15.00902791,48.16691085,36.82406124,0.095079448,99.90492055,82.48155319,44.08333409,2.627777744,1.455799015,82.38647374,17.51844681,1.880840584,192.7557931,15.71576787,756.567633,1.219376891,141.4323814,50.09713033,21.98505733,中砂岩
1669.375,油层,15.2376093,47.9795596,36.7828311,0.094606915,99.90539309,84.0123915,43.91186642,2.617556672,1.450136502,83.91778459,15.9876085,1.979650389,189.1068769,15.79599865,752.0724031,1.200980358,140.3128607,50.20740592,21.91620252,中砂岩
1669.5,油层,15.38036418,46.92483324,37.69480258,0.095461171,99.90453883,82.91864001,42.94655946,2.560015377,1.418258402,82.82317884,17.08135999,2.093437598,187.3123928,15.92386335,748.8385955,1.178836168,140.3697881,51.95045624,21.99072357,中砂岩
1669.625,油层,15.61402681,46.36722263,38.01875057,0.094181756,99.90581824,83.72323942,42.43622291,2.52959456,1.401405152,83.62905766,16.27676058,1.894570273,185.9029052,16.04573068,745.6153949,1.155919391,140.0130838,52.50596061,22.02091567,中砂岩
1669.75,油层,15.38858691,45.96728014,38.64413295,0.091975563,99.90802444,84.69427465,42.07018744,2.507775433,1.389317271,84.60229909,15.30572535,2.128072872,195.4774848,16.22164628,738.5601471,1.138385594,143.9385499,51.15447721,21.85488018,中砂岩
1669.875,油层,15.5759647,45.70296963,38.72106567,0.093242857,99.90675714,84.59295536,41.82828509,2.493355798,1.381328738,84.4997125,15.40704464,1.947253607,194.9674113,16.20537585,741.5343477,1.130409135,148.8441162,51.95590135,22.04135365,中砂岩
1670,油层,16.03373695,46.26668238,37.69958067,0.093825198,99.9061748,84.40641958,42.34420644,2.52410952,1.398366419,84.31259438,15.59358042,2.125851536,210.0421132,16.12625733,748.174662,1.125803498,135.4606601,52.04613673,21.98637234,中砂岩
1670.125,油层,15.71729135,46.57954001,37.70316863,0.091510835,99.90848916,85.57636944,42.6305401,2.541177676,1.407822243,85.48485861,14.42363056,2.176147899,208.51585,16.12167322,751.1819053,1.128922872,130.4014234,51.53574607,22.21757183,中砂岩
1670.25,油层,15.82621916,45.93839045,38.23539038,0.091443612,99.90855639,84.13241804,42.04374701,2.506199337,1.388444108,84.04097443,15.86758196,1.875363336,194.1620906,16.04512734,767.5046337,1.1466138,143.7887346,53.27050949,21.96671707,中砂岩
1670.375,油层,15.87343075,47.00262257,37.12394668,0.089039422,99.91096058,82.55887617,43.01775384,2.564259225,1.42060951,82.46983675,17.44112383,2.012011806,205.5533254,16.03964534,776.6209573,1.164618653,142.4602999,51.1309888,22.00935591,中砂岩
1670.5,油层,15.75112183,47.38702024,36.86185792,0.091347502,99.9086525,81.54402742,43.36956238,2.585230295,1.432227564,81.45267992,18.45597258,2.040057987,206.5438572,16.04542714,785.4859691,1.195212946,138.3782492,52.22998476,21.88903522,中砂岩
1670.625,油层,15.58701407,48.16930456,36.24368137,0.090950781,99.90904922,80.50038764,44.08552486,2.627908335,1.455871363,80.40943686,19.49961236,1.853609005,182.4658972,15.85576001,799.9092897,1.227403973,142.05491,50.47759501,22.33748047,中砂岩
1670.75,油层,15.36618991,49.0501001,35.58370999,0.091284827,99.90871517,81.51398652,44.89164681,2.675960719,1.482492569,81.42270169,18.48601348,2.070728715,186.4397278,15.69475356,801.6570878,1.251518056,133.5787459,50.86337707,22.14405809,中砂岩
1670.875,油层,15.05291333,49.63521124,35.31187542,0.093060768,99.90693923,81.03681182,45.4271524,2.707881845,1.500176996,80.94375106,18.96318818,1.940375875,187.8532336,15.53708495,807.1956432,1.258791809,119.3692702,50.92502319,22.45314072,中砂岩
1671,油层,14.77713815,49.28240517,35.94045668,0.091109004,99.908891,82.62361802,45.10425712,2.688634276,1.489513769,82.53250902,17.37638198,2.105824109,184.1253577,15.33629071,815.0906825,1.25077662,136.7844165,49.20496593,22.38332979,细砂岩
1671.125,油层,14.82876088,49.50971475,35.66152437,0.08880256,99.91119744,84.63125414,45.31229546,2.701035301,1.496383984,84.54245158,15.36874586,2.107768628,175.5748967,15.21317792,815.8522962,1.227707291,126.6894861,51.92875702,21.99192156,细砂岩
1671.25,油层,15.18255479,48.81668738,36.00075784,0.08979874,99.91020126,87.0010579,44.67802275,2.663226733,1.475437892,86.91125916,12.9989421,1.769779801,182.4276683,15.07043724,820.7151226,1.197564014,128.6938043,49.38884508,21.95089267,中砂岩
1671.375,油层,14.93098145,49.17922843,35.88979012,0.08916217,99.91083783,87.97912978,45.00982768,2.6830054,1.48639535,87.88996761,12.02087022,1.843734855,179.5829031,14.10074895,619.4826631,1.452504385,131.1004413,50.16896954,22.07639306,细砂岩
1671.5,含油水层,7.228354394,65.85017051,26.9214751,61.82615939,38.17384061,69.44431018,58.2473299,2.713919436,4.888921169,7.618150791,30.55568982,2.152313066,150.9217287,13.18153851,411.7455169,1.730624521,131.671865,48.00087127,22.14374568,粉砂岩
1671.625,含油水层,7.329606107,66.2282914,26.4421025,61.13559635,38.86440365,68.52873702,58.58179422,2.729503141,4.916994038,7.393140673,31.47126298,2.175553872,151.2007245,12.25150646,208.1050387,2.009693096,104.7382908,48.06246604,22.15352616,粉砂岩
1671.75,含油水层,7.218512996,66.42169533,26.35979167,62.91209879,37.08790121,70.12659468,58.75286838,2.737474004,4.931352947,7.214495896,29.87340532,2.38688644,125.2694532,11.31211717,2.461108561,2.291261313,100.1137548,48.35009029,21.8557251,粉砂岩
1671.875,含油水层,7.212290941,66.88877104,25.89893801,63.79068671,36.20931329,71.16680022,59.16601709,2.756723853,4.966030098,7.376113514,28.83319978,2.22335954,125.9816438,11.22997179,2.433293085,2.272741379,100.5748357,46.93111162,22.13030039,粉砂岩
1672,含油水层,7.071773218,66.39052338,26.5377034,65.50599835,34.49400165,72.72665579,58.72529544,2.736189297,4.929038645,7.220657436,27.27334421,2.060298537,121.2847885,11.1428208,2.397081942,2.246142924,102.4370559,48.99261464,22.20927039,粉砂岩
1672.125,含油水层,7.036073355,66.78891708,26.17500956,65.45220156,34.54779844,72.48051118,59.07769194,2.752608517,4.95861663,7.02830962,27.51948882,2.001595871,123.540956,11.08980373,2.380333642,2.235103741,99.8329074,47.96146863,22.07543803,粉砂岩
1672.25,含油水层,7.057633045,66.81160445,26.13076251,65.20441019,34.79558981,72.11114648,59.09775989,2.753543543,4.96030101,6.906736284,27.88885352,1.94214577,128.1324116,11.11060374,2.366722018,2.22464085,99.87297959,47.818644,21.93733818,粉砂岩
1672.375,含油水层,6.942945607,66.73276673,26.32428766,64.50660592,35.49339408,71.49154336,59.02802452,2.750294361,4.954447854,6.984937436,28.50845664,1.908218423,111.8536258,11.0797243,2.412023285,2.266124386,90.28563149,48.23612156,22.2105056,粉砂岩
1672.5,含油水层,6.870199689,67.20411278,25.92568753,62.65333592,37.34666408,69.44993207,59.44495053,2.769720206,4.989442048,6.796596151,30.55006793,2.209334371,125.1407134,11.11926139,2.442762593,2.291202035,100.4661719,48.50036801,21.86355823,粉砂岩
1672.625,含油水层,6.761689328,66.86805212,26.37025856,62.37817326,37.62182674,69.17723869,59.1476903,2.755869952,4.964491861,6.799065427,30.82276131,2.248876659,124.8280491,11.17218662,2.491038202,2.327476966,111.0644343,47.58459479,22.01491604,粉砂岩
1672.75,含油水层,6.756600284,66.89817661,26.34522311,60.58354181,39.41645819,67.57983019,59.17433672,2.75711149,4.966728397,6.996288379,32.42016981,2.074266531,117.3910908,11.16935243,2.57004039,2.3910032,90.9104473,47.89336314,22.09633001,粉砂岩
1672.875,含油水层,6.70835437,67.5048402,25.78680543,58.8531033,41.1468967,65.93875964,59.71095697,2.782114251,5.011768986,7.085656338,34.06124036,2.485326983,123.0070423,11.25605258,2.625660333,2.429954851,109.5386097,47.72755147,21.84595107,粉砂岩
1673,含油水层,6.854616435,66.85740215,26.28798141,57.26177142,42.73822858,64.50552066,59.13826995,2.755431029,4.963701174,7.243749234,35.49447934,2.297370464,133.7153836,11.34627925,2.674733116,2.464175186,105.705859,47.72383917,21.91246043,粉砂岩
1673.125,含油水层,6.926887148,66.37052344,26.70258941,57.37455487,42.62544513,64.67067652,58.70760463,2.735365028,4.927553787,7.296121653,35.32932348,2.32709237,139.3910433,11.35650085,2.706037413,2.489141521,111.8998774,48.55949398,21.92545985,粉砂岩
1673.25,含油水层,6.943942277,66.97187913,26.0841786,58.32363318,41.67636682,65.51030647,59.23952979,2.760149032,4.972200301,7.186673293,34.48969353,2.021392957,121.157519,11.3983375,2.691703196,2.47731887,103.1162869,47.97872792,22.09736711,粉砂岩
1673.375,含油水层,6.854856518,66.97987356,26.16526993,59.11531654,40.88468346,66.16861025,59.24660121,2.760478511,4.972793832,7.053293711,33.83138975,2.236137597,126.427984,11.3668675,2.698252173,2.488238796,103.3927266,48.58229358,22.18141729,粉砂岩
1673.5,含油水层,6.896411591,67.20648348,25.89710492,57.47991886,42.52008114,64.33013336,59.44704752,2.769817911,4.989618057,6.850214496,35.66986664,2.093310243,112.3213702,11.33103362,2.71880932,2.51287837,99.43460248,49.24043985,22.23275496,粉砂岩
1673.625,含油水层,7.064280084,66.84754042,26.0881795,56.83818564,43.16181436,63.6072845,59.12954682,2.755024592,4.962969009,6.769098863,36.3927155,2.190162849,136.4626449,11.41624362,2.733818532,2.527253646,101.0137395,47.31696544,22.37260941,粉砂岩
1673.75,含油水层,7.125819965,66.31087886,26.56330118,56.08100816,43.91899184,62.93617297,58.65484641,2.732906863,4.923125588,6.855164808,37.06382703,2.078824468,136.68431,11.50257187,2.767560406,2.555476485,104.521376,48.35691443,22.19495159,粉砂岩
1673.875,含油水层,6.982636462,66.45245338,26.56491016,55.60986102,44.39013898,62.44437157,58.78007521,2.738741652,4.93363652,6.834510543,37.55562843,2.312286314,123.9600615,11.55213835,2.781927169,2.569594706,103.8944993,48.24198676,21.95739578,粉砂岩
1674,含油水层,7.188695568,66.80049224,26.01081219,55.9216511,44.0783489,62.61444097,59.08793066,2.75308557,4.959476006,6.692789876,37.38555903,2.231733976,120.8064166,11.49177861,2.799052975,2.589140565,100.5532746,48.11895556,22.0902272,粉砂岩
1674.125,含油水层,7.287003606,67.4450148,25.26798159,56.94831428,43.05168572,63.57836298,59.65803881,2.779648634,5.007327363,6.630048699,36.42163702,2.187718266,118.7679412,11.4505048,2.821733634,2.613964855,101.3715017,48.93455478,21.84707914,粉砂岩
1674.25,含油水层,7.377918068,66.79022529,25.83185664,55.56584288,44.43415712,62.17307041,59.07884911,2.752662433,4.958713756,6.607227533,37.82692959,2.376918606,124.2547106,11.33924695,2.829420118,2.629790497,100.1901891,47.85316706,22.20211743,粉砂岩
1674.375,含油水层,7.395596925,67.378713,25.22569007,57.22675983,42.77324017,63.83645343,59.59939199,2.776916101,5.002404911,6.609693605,36.16354657,2.454679724,121.0744086,9.101353557,4.228999258,4.585844352,102.460307,46.54667637,21.84415885,粉砂岩
1674.5,水层,8.073756315,87.93096712,3.995276564,80.62800467,19.37199533,82.58059063,68.25449609,15.24689677,4.429574259,1.952585952,17.41940937,2.267868421,118.5417488,6.917091273,5.582864887,6.516252516,91.22118352,45.75490236,21.90004017,细砂岩
1674.625,水层,8.209279966,87.87080055,3.919919488,81.91057363,18.08942637,83.82455849,68.2077931,15.23646411,4.426543332,1.913984866,16.17544151,2.509526248,113.9063002,4.644785138,6.892287992,8.422231706,86.85031011,42.33273679,21.89706563,细砂岩
1674.75,水层,8.369022799,87.76349853,3.867478674,82.83618794,17.16381206,84.79716104,68.12450225,15.21785835,4.42113793,1.960973102,15.20283896,2.395950277,103.0704835,2.477855796,8.190220537,10.30016703,88.27095624,41.56196685,22.10117586,细砂岩
1674.875,水层,8.471652459,87.54595956,3.982387986,81.69258563,18.30741437,83.60886383,67.95564236,15.18013791,4.410179276,1.916278205,16.39113617,2.459866329,102.7733081,2.443294508,8.09024365,10.23826632,73.6050149,41.28142875,22.00546672,细砂岩
1675,水层,8.386233614,87.73056188,3.883204507,83.10477885,16.89522115,85.07585948,68.09893589,15.21214726,4.419478727,1.971080627,14.92414052,2.276239489,88.06525842,2.414993662,7.988799221,10.11209356,89.76931249,41.46712861,22.10952572,细砂岩
1675.125,水层,8.193782635,87.80743874,3.99877862,84.33113227,15.66886773,86.34166726,68.15860988,15.22547742,4.423351444,2.010534997,13.65833274,2.365791345,101.9391258,2.404618375,7.923623058,9.998390642,75.86051088,40.80228793,22.00029985,细砂岩
1675.25,水层,8.204933702,87.76846739,4.026598904,84.15101215,15.84898785,86.21514194,68.12835922,15.21871993,4.42138824,2.06412979,13.78485806,2.419668944,108.7903165,2.339278979,7.832073495,9.88798899,76.14834272,41.82515626,21.8962104,细砂岩
1675.375,水层,8.325216132,87.71445067,3.960333201,85.63577287,14.36422713,87.70957283,68.08642992,15.20935364,4.418667115,2.073799961,12.29042717,2.31499814,95.84766911,2.307532733,7.750005578,9.78413992,86.00515101,42.29178535,22.23597482,细砂岩
1675.5,水层,8.349237656,87.71887442,3.931887928,85.43096313,14.56903687,87.5327336,68.08986376,15.2101207,4.418889964,2.101770474,12.4672664,2.29524552,106.251827,2.320108217,7.753043844,9.818972214,93.91532849,40.80786528,21.80980331,细砂岩
1675.625,水层,8.469657248,87.60619245,3.924150301,83.47458521,16.52541479,85.55561909,68.00239684,15.19058207,4.413213544,2.081033875,14.44438091,2.47401016,112.6798405,2.327393789,7.703147553,9.805619462,79.2094866,42.27924514,22.02368549,细砂岩
1675.75,水层,8.615369316,87.41652562,3.968105062,84.09871928,15.90128072,86.17862802,67.8551721,15.15769456,4.403658966,2.079908744,13.82137198,2.338977571,106.3287851,2.374838339,7.75416011,9.847411597,75.28279384,40.10129247,22.22990294,细砂岩
1675.875,水层,8.362587905,87.59234081,4.045071289,82.90908256,17.09091744,85.01051956,67.9916448,15.18818025,4.412515759,2.101437001,14.98948044,2.379232748,100.4006343,2.383166675,7.744405738,9.835942231,82.6844431,42.10618177,21.89309021,细砂岩
1676,水层,8.396854238,87.64028257,3.962863195,85.16609279,14.83390721,87.24318303,68.02885855,15.19649317,4.414930853,2.077090235,12.75681697,2.209577511,115.7430071,2.338535462,7.650451824,9.69481817,80.07046332,40.37041292,21.93398379,细砂岩
1676.125,水层,8.205858789,87.75014975,4.043991459,86.83909613,13.16090387,88.94412578,68.11414055,15.21554372,4.420465478,2.105029646,11.05587422,2.065692394,104.3815377,2.324685604,7.592983524,9.582804196,86.76895615,40.48083902,21.97410934,细砂岩
1676.25,水层,8.361264501,87.48932584,4.149409659,85.63186996,14.36813004,87.7882048,67.91168168,15.17031784,4.407326319,2.156334848,12.2117952,2.322612376,108.7505218,2.327653314,7.562902409,9.505734302,83.26214927,41.96975227,22.03710742,细砂岩
1676.375,水层,8.134327329,87.64509641,4.220576263,83.33330007,16.66669993,85.44551408,68.03259519,15.19732787,4.415173354,2.112214009,14.55448592,2.266729281,103.4112971,2.358211565,7.631178479,9.506381369,83.33016928,40.67491318,21.99553403,细砂岩
1676.5,水层,7.936281911,87.89163538,4.172082713,83.30831143,16.69168857,85.47497114,68.22396568,15.24007679,4.427592899,2.16665971,14.52502886,2.211102943,102.5431647,2.401142832,7.770854541,9.615982045,82.74608099,43.12361192,21.95704198,粉砂岩
1676.625,水层,7.882617609,88.01289891,4.104483481,83.36373451,16.63626549,85.58283409,68.31809386,15.26110343,4.433701621,2.21909958,14.41716591,2.340482844,108.5620121,2.445241166,7.999146329,9.805536431,95.2221418,41.59887286,22.0408615,粉砂岩
1676.75,水层,7.754291791,88.07037342,4.175334789,81.21621639,18.78378361,83.39242183,68.36270719,15.27106929,4.436596934,2.176205443,16.60757817,2.260086633,93.18944384,2.478348618,8.216610119,10.02293366,86.06185451,42.78617832,21.97366706,粉砂岩
1676.875,水层,7.80983133,88.06869391,4.121474764,79.35791433,20.64208567,81.47357607,68.36140351,15.27077807,4.436512327,2.11566174,18.52642393,2.267346708,88.64658583,2.545576636,8.447702636,10.29418463,97.7023676,39.86910436,22.17973625,粉砂岩
1677,水层,8.010401111,87.95890774,4.030691147,77.57082466,22.42917534,79.69105177,68.27618439,15.25174157,4.430981784,2.120227107,20.30894823,2.47860223,108.905185,2.631917733,8.735231448,10.63810547,76.08331892,40.81632377,22.05571419,细砂岩
1677.125,水层,8.009408559,88.0518644,3.938727043,76.25644992,23.74355008,78.31857307,68.34833997,15.2678599,4.435664531,2.062123149,21.68142693,2.299130182,94.02467099,2.67115297,8.914352352,10.90762315,76.24552211,40.7968689,22.17621909,细砂岩
1677.25,水层,8.103611569,88.00934069,3.88704774,77.39154505,22.60845495,79.43826715,68.31533187,15.26048645,4.433522374,2.0467221,20.56173285,2.274320492,86.714777,2.684568743,8.977347935,11.03595985,69.58515031,40.89611478,22.022442,细砂岩
1677.375,水层,8.126685484,87.94586312,3.927451397,78.01880363,21.98119637,80.05828775,68.26605879,15.24947968,4.430324654,2.03948412,19.94171225,2.436824881,96.46044822,2.689436726,9.042477606,11.14493556,76.02828301,42.87781223,22.31328734,细砂岩
1677.5,水层,8.150071474,87.96763449,3.882294034,76.6745841,23.3254159,78.75035068,68.28295834,15.25325475,4.4314214,2.075766584,21.24964932,2.28319866,86.27145964,2.678796197,8.960220352,11.0784728,76.99963957,41.653116,22.22549851,细砂岩
1677.625,水层,8.204063685,87.8705455,3.925390817,77.58218372,22.41781628,79.62975379,68.20759513,15.23641989,4.426530484,2.047570073,20.37024621,2.569808829,94.95016669,2.701224089,9.07163814,11.21304809,77.57122775,39.83344534,22.41625297,细砂岩
1677.75,水层,8.115947395,88.07269795,3.81135465,75.29616462,24.70383538,77.29926617,68.36451156,15.27147236,4.436714033,2.00310155,22.70073383,2.150871984,88.89273239,2.768604931,9.217789206,11.38342093,78.02297568,41.74163889,22.45069684,细砂岩
1677.875,水层,8.280212214,87.79759232,3.922195467,73.64134559,26.35865441,75.59251407,68.15096681,15.22377008,4.422855425,1.951168479,24.40748593,2.433921851,105.5048979,2.813748495,9.278957103,11.4454364,90.54173586,42.44964463,21.78342721,细砂岩
1678,水层,8.228596927,87.82565246,3.945750616,74.1483285,25.8516715,76.12817704,68.17274788,15.2286356,4.424268971,1.979848539,23.87182296,2.202379119,95.66470856,2.830489903,9.417182877,11.59362457,83.88691608,41.32037244,21.81601587,细砂岩
1678.125,水层,8.071556177,88.07627874,3.852165085,75.43653276,24.56346724,77.47043644,68.36729107,15.27209325,4.436894417,2.03390368,22.52956356,2.317758271,101.1091434,2.865612246,9.423400963,11.6022766,82.67349569,41.60821078,21.89055309,细砂岩
1678.25,水层,8.295140703,87.83408048,3.870778813,73.71488002,26.28511998,75.74438494,68.17928995,15.23009699,4.424693538,2.02950492,24.25561506,2.400103709,106.246996,2.876410993,9.492309233,11.64959911,64.53380945,42.19727656,21.88776019,细砂岩
1678.375,水层,8.129761513,87.91601221,3.954226279,72.39697897,27.60302103,74.45866443,68.24288767,15.24430364,4.428820897,2.061685461,25.54133557,2.158885028,93.85811153,2.894092454,9.598195763,11.78530236,69.82555389,40.52500575,21.96502179,细砂岩
1678.5,水层,8.292358778,87.86402105,3.843620173,72.36993133,27.63006867,74.37231809,68.20253066,15.23528857,4.426201811,2.002386761,25.62768191,2.521348061,105.9956316,2.949344368,9.657424767,11.8790781,83.73070634,42.60239784,22.1536198,细砂岩
1678.625,水层,8.406170925,87.74889404,3.844935034,72.55030116,27.44969884,74.55433233,68.11316583,15.21532599,4.42040222,2.004031167,25.44566767,2.2711657,110.2840316,2.992000074,9.712702075,11.94712001,83.12272279,42.72162607,22.0256144,细砂岩
1678.75,水层,8.4544027,87.64664049,3.898956807,71.45785242,28.54214758,73.43396167,68.03379375,15.19759561,4.415251138,1.976109252,26.56603833,2.216366524,98.29177656,3.00845858,9.684773299,11.93055937,85.47505488,41.33666136,22.10591775,细砂岩
1678.875,水层,8.308188999,87.71561119,3.976199812,72.03953905,27.96046095,74.06946441,68.08733075,15.20955487,4.418725577,2.029925361,25.93053559,2.231136379,92.96247178,3.054799971,9.652495784,11.89102392,90.64422304,41.25617926,21.90926829,细砂岩
1679,水层,8.552053455,87.4802738,3.96767274,70.78849546,29.21150454,72.84520619,67.90465523,15.16874825,4.406870318,2.056710729,27.15479381,2.403556905,93.49123782,3.141887633,9.677308028,11.88800107,74.1570857,40.54940601,21.95726847,细砂岩
1679.125,水层,8.653134959,87.26783643,4.079028611,68.80040878,31.19959122,70.84491333,67.73975535,15.13191242,4.39616866,2.044504551,29.15508667,2.300991619,100.0576411,3.1805457,9.658288658,11.83493072,58.71664469,41.80132832,21.88285433,细砂岩
1679.25,水层,8.497311994,87.42276041,4.079927592,70.0392987,29.9607013,72.02705448,67.86001172,15.15877565,4.403973047,1.987755785,27.97294552,2.355563113,98.5442854,3.226682903,9.663163396,11.86376496,70.98029085,41.71101639,22.11955386,细砂岩
1679.375,水层,8.634625545,87.35850248,4.006871979,70.23946758,29.76053242,72.21751541,67.81013289,15.14763357,4.400736015,1.978047825,27.78248459,2.381575868,85.01117181,3.257293599,9.566807447,11.76305713,77.17408458,42.11239662,22.16288402,细砂岩
1679.5,水层,8.834024852,87.06806872,4.097906427,70.62057318,29.37942682,72.62363927,67.58469002,15.09727345,4.386105244,2.003066091,27.37636073,2.302753934,86.94175625,3.230114623,9.36463132,11.57858778,78.38468732,41.20742728,22.01243503,细砂岩
1679.625,水层,8.980361744,86.93464331,4.084994944,71.99461859,28.00538141,74.00293333,67.48112146,15.07413799,4.37938386,2.008314738,25.99706667,2.347798065,103.1403551,3.234221136,9.231378266,11.48422434,65.12307678,41.81646104,22.06087086,细砂岩
1679.75,水层,8.964495708,86.98477921,4.050725078,71.37328738,28.62671262,73.33283085,67.52003836,15.08283137,4.381909486,1.959543467,26.66716915,2.409863537,104.6395127,3.259194233,9.127716056,11.39549311,77.21585554,41.7849727,21.91375816,细砂岩
1679.875,水层,9.007770007,86.91869471,4.073535281,70.43063371,29.56936629,72.34987275,67.46874171,15.07137257,4.37858044,1.919239033,27.65012725,2.386807701,99.07339215,3.282635666,9.241078886,11.55145729,81.27604428,42.42390079,21.96449333,细砂岩
1680,水层,8.942866096,87.08320783,3.973926076,68.72250167,31.27749833,70.65541337,67.59644143,15.09989852,4.386867885,1.932911704,29.34458663,2.161218299,108.4345739,3.281794729,9.384310708,11.75088381,81.00428034,40.86959888,21.69544911,细砂岩
1680.125,水层,8.976204644,87.16515879,3.858636564,70.67182829,29.32817171,72.63343416,67.66005407,15.1141085,4.390996213,1.961605863,27.36656584,2.483312299,97.41878463,3.306406779,9.579112147,12.00095466,74.83465989,41.33279689,21.9419745,细砂岩
1680.25,水层,8.984300117,87.15653535,3.859164535,68.63762381,31.36237619,70.54114163,67.65336031,15.11261323,4.390561802,1.903517822,29.45885837,2.355717348,76.91297912,3.33402346,9.780629399,12.25422921,75.27448317,42.34687306,22.45404477,细砂岩
1680.375,水层,9.043455231,87.06930334,3.887241426,67.52035027,32.47964973,69.46047407,67.58564837,15.09748753,4.386167439,1.940123796,30.53952593,2.293713716,101.6724336,3.356476109,9.927873616,12.45822927,77.23972974,41.83020474,22.40103195,细砂岩
1680.5,水层,9.060645833,87.13126218,3.808091987,66.67029555,33.32970445,68.56845105,67.63374257,15.10823096,4.389288652,1.898155497,31.43154895,2.247973979,97.71388979,3.430910556,10.25138885,12.84981355,75.91945753,41.70877781,22.52511396,细砂岩
1680.625,水层,9.088829627,87.21175529,3.699415086,65.12416987,34.87583013,67.05165495,67.69622359,15.12218816,4.393343539,1.927485079,32.94834505,2.491000337,106.932856,3.463290722,10.55713915,13.20843048,65.49931867,40.7422438,22.79050162,细砂岩
1680.75,水层,8.904459777,87.42954285,3.665997371,64.79549397,35.20450603,66.74723518,67.86527644,15.1599517,4.404314716,1.95174121,33.25276482,2.328213008,96.63511677,3.497530599,10.7855648,13.47865209,80.24638097,41.25454465,22.23816244,细砂岩
1680.875,水层,9.038932422,87.20557067,3.755496909,64.32780731,35.67219269,66.2781049,67.69142291,15.12111577,4.393031986,1.950297588,33.7218951,2.379919795,103.2203085,3.526007311,10.94979009,13.64088143,77.01153911,40.45977424,22.0288355,细砂岩
1681,水层,8.963300612,87.24244484,3.79425455,64.12375126,35.87624874,66.10130671,67.72004568,15.12750961,4.394889544,1.977555455,33.89869329,2.475230494,105.9184147,3.55159701,10.95503163,13.64285686,74.79053044,42.44315662,21.84911714,细砂岩
1681.125,水层,9.196218444,87.05312989,3.75065167,64.18568932,35.81431068,66.12000357,67.57309408,15.09468312,4.385352691,1.934314246,33.87999643,2.477205768,92.50222433,3.582772456,10.74511306,13.43935266,86.44868056,41.41280252,21.8864969,细砂岩
1681.25,水层,9.426925141,86.79577396,3.777300902,65.64314391,34.35685609,67.622897,67.37332715,15.05005857,4.372388235,1.979753094,32.377103,2.361637621,107.8315204,3.624512954,10.62397152,13.34191369,68.01998309,41.26956571,22.00348161,细砂岩
1681.375,水层,9.541947318,86.64485801,3.813194668,64.12795846,35.87204154,66.08997845,67.25618194,15.02389032,4.364785755,1.962019993,33.91002155,2.387429683,95.50163985,3.64495231,10.35584966,13.09642757,82.03173929,42.41791302,22.21629577,细砂岩
1681.5,水层,9.608729436,86.51958823,3.871682337,66.01863695,33.98136305,68.01588086,67.158944,15.00216901,4.358475216,1.997243904,31.98411914,2.187406987,107.7460771,3.629070017,10.06444872,12.76197487,79.09285412,43.58716444,21.97093912,细砂岩
1681.625,水层,9.416701922,86.64096152,3.942336559,67.33806195,32.66193805,69.27711311,67.25315737,15.02321468,4.364589467,1.939051152,30.72288689,2.447778319,95.70566476,3.627276256,10.04687913,12.72523862,68.94796787,42.69573166,22.01341877,细砂岩
1681.75,水层,9.341710247,86.82167028,3.836619475,65.82613604,34.17386396,67.74090149,67.3934286,15.0545489,4.373692777,1.914765449,32.25909851,2.160211631,99.51022854,3.589002674,10.13769463,12.7914493,80.67817786,40.92658858,22.01091948,细砂岩
1681.875,水层,9.102371014,87.12429043,3.773338553,64.47626443,35.52373557,66.44053018,67.6283309,15.10702209,4.388937446,1.96426575,33.55946982,2.611111293,88.42098179,3.551861035,10.25299792,12.90658192,81.13513957,42.83384954,22.17267597,细砂岩
1682,水层,9.226079295,87.01188926,3.762031449,66.18216177,33.81783823,68.1888534,67.54108194,15.08753215,4.38327517,2.006691632,31.8111466,2.566253424,97.12719968,3.533038775,10.38797307,13.07052917,84.11524824,40.74461803,21.97489348,细砂岩
1682.125,水层,9.228723277,86.99617041,3.775106318,66.76046041,33.23953959,68.73273301,67.52888052,15.08480656,4.382483324,1.972272601,31.26726699,2.374297784,110.9342604,3.503561723,10.35543633,13.02867127,77.27585357,40.89598543,21.97094828,细砂岩
1682.25,水层,9.231222146,86.95653373,3.812244127,67.10053729,32.89946271,69.08066882,67.49811342,15.07793371,4.380486603,1.980131533,30.91933118,2.331245075,88.88973467,3.445263915,10.07465549,12.70737993,71.86811434,40.67204032,21.88654703,细砂岩
1682.375,水层,9.085662791,87.02919817,3.885139039,69.08322261,30.91677739,71.00425392,67.55451761,15.09053345,4.384147117,1.921031303,28.99574608,2.263301234,102.4005627,3.393536779,9.827321961,12.3989214,77.54329134,41.98484451,21.98833355,细砂岩
1682.5,水层,9.099117392,86.96168143,3.93920118,70.30743922,29.69256078,72.22328376,67.50210921,15.0788263,4.380745921,1.915844546,27.77671624,2.382949328,94.79293375,3.373360696,9.713995241,12.24903521,76.51809208,41.09330928,21.9712387,细砂岩
1682.625,水层,9.146402467,86.97095633,3.882641208,68.47505458,31.52494542,70.40535514,67.50930864,15.08043453,4.38121315,1.930300566,29.59464486,2.162869044,95.78485708,3.365899945,9.776536424,12.3109693,75.08280661,42.04716288,21.97597073,细砂岩
1682.75,水层,9.08425513,87.13950743,3.776237439,66.77123905,33.22876095,68.74831924,67.64014277,15.10966065,4.389704011,1.977080184,31.25168076,2.526816907,92.9011261,3.386595206,10.06979627,12.64683638,85.86199354,41.1286667,22.14169938,细砂岩
1682.875,水层,8.928535169,87.38417287,3.687291963,65.66330381,34.33669619,67.69903294,67.83005898,15.15208472,4.402029177,2.03572913,32.30096706,2.224420034,87.6842111,3.395872065,10.35116748,13.0106225,79.31818365,41.13063244,21.8993145,细砂岩
1683,水层,9.056359829,87.32262635,3.62101382,67.4326376,32.5673624,69.45612126,67.78228483,15.14141278,4.398928735,2.02348366,30.54387874,2.452077138,100.4647081,3.348406395,10.49450175,13.18061339,79.53722388,41.23509922,22.00231988,细砂岩
1683.125,水层,8.833499643,87.51265672,3.653843635,68.86456676,31.13543324,70.94650405,67.92979177,15.17436333,4.408501626,2.081937292,29.05349595,2.381275775,101.8841459,3.266984498,10.40164431,13.1032213,79.46005678,41.6823658,22.1903529,细砂岩
1683.25,水层,8.929379689,87.4483646,3.62225571,70.65764207,29.34235793,72.68557218,67.87988641,15.16321532,4.405262873,2.027930113,27.31442782,2.104492937,98.34195747,3.15594046,10.11005065,12.80902122,72.18718331,42.54167872,21.8977814,细砂岩
1683.375,水层,8.870921867,87.52474653,3.604331606,72.49961591,27.50038409,74.55517828,67.93917621,15.17645966,4.409110657,2.055562372,25.44482172,2.438276525,104.3818057,3.046328762,9.861045823,12.51326437,72.16851332,41.71274461,22.10354572,细砂岩
1683.5,水层,8.751276441,87.612686,3.636037561,73.86940092,26.13059908,75.87855169,68.00743731,15.19170803,4.41354066,2.009150765,24.12144831,2.367207309,100.4080001,2.973379264,9.700443065,12.35820568,91.66734129,42.64066957,21.83172368,细砂岩
1683.625,水层,8.772088445,87.64951637,3.578395182,73.22861063,26.77138937,75.26240854,68.03602609,15.19809427,4.415396012,2.033797918,24.73759146,2.299666409,92.82215648,2.912047695,9.631153872,12.2637423,77.92422287,41.2835873,22.21846556,细砂岩
1683.75,水层,8.639768836,87.75977358,3.600457587,73.70450249,26.29549751,75.72849598,68.12161084,15.21721246,4.420950284,2.023993495,24.27150402,2.458866911,107.8959413,2.913526123,9.62539284,12.23976391,82.11495467,42.76107687,22.06322061,细砂岩
1683.875,水层,8.790230555,87.55185794,3.657911508,72.49969954,27.50030046,74.50850211,67.96022085,15.18116067,4.410476411,2.008802566,25.49149789,2.46012468,94.53126792,2.920348477,9.573969517,12.16449645,86.54895974,41.12404342,22.107302,细砂岩
1684,水层,8.759975829,87.50494228,3.735081891,74.09447199,25.90552801,76.06833472,67.9238036,15.17302567,4.408113007,1.973862737,23.93166528,2.486672692,94.17487728,2.948479523,9.475723507,12.03750665,83.39287186,40.88870489,21.92228304,细砂岩
1684.125,水层,8.94564085,87.30422286,3.750136287,73.06255094,26.93744906,75.02583327,67.76799953,15.13822169,4.398001648,1.963282331,24.97416673,2.201550794,101.728784,3.003830247,9.466740799,12.00162597,74.40654733,40.970138,22.18786756,细砂岩
1684.25,水层,8.795222912,87.42988689,3.774890199,71.55109166,28.44890834,73.56368219,67.86554349,15.16001135,4.404332047,2.012590526,26.43631781,2.363374723,110.3367995,3.010194598,9.472672225,12.0039786,78.05959347,40.27681662,22.03677776,细砂岩
1684.375,水层,8.810900828,87.51868349,3.670415683,72.15692497,27.84307503,74.2246374,67.93446991,15.17540835,4.408805228,2.067712422,25.7753626,2.308951695,86.6164403,3.009233124,9.666491006,12.22409153,78.07332731,41.73754599,22.17581041,细砂岩
1684.5,水层,8.559408557,87.87117652,3.569414921,72.24638524,27.75361476,74.36787441,68.20808494,15.2365293,4.426562272,2.121489175,25.63212559,2.348446648,106.7367838,2.981052079,9.846547813,12.39073601,78.24351111,42.75838845,22.03042757,细砂岩
1684.625,水层,8.460505828,87.90691437,3.632579804,72.36006879,27.63993121,74.51036321,68.23582567,15.24272611,4.428362588,2.150294423,25.48963679,2.426691212,106.1888024,2.92158664,9.909583852,12.48334164,91.65064259,41.18269879,22.11648485,细砂岩
1684.75,水层,8.571664766,87.87708608,3.551249153,73.29975078,26.70024922,75.46228391,68.21267211,15.237554,4.42685997,2.162533139,24.53771609,2.411189353,83.07977886,2.857030232,10.00104876,12.58664198,84.27713728,41.30279835,21.87968247,细砂岩
1684.875,水层,8.415384048,88.10958833,3.475027621,73.90078836,26.09921164,76.09039503,68.39314691,15.27786901,4.438572408,2.18960667,23.90960497,2.513396604,99.8014951,2.850028338,10.00847336,12.61625618,77.65339826,40.762675,21.93440714,细砂岩
1685,水层,8.625619642,87.87583166,3.498548698,72.46722632,27.53277368,74.63858193,68.21169839,15.23733649,4.426796778,2.171355614,25.36141807,2.353555064,104.9210686,2.834523926,9.987799978,12.68714625,77.42954693,41.11677371,22.13546582,细砂岩
1685.125,水层,8.829506805,87.76604328,3.404449918,73.28011153,26.71988847,75.42246252,68.12647755,15.2182996,4.421266123,2.142350992,24.57753748,2.498039833,109.9126883,2.802958032,9.98034998,12.74651207,76.69763373,40.09225795,21.86304322,细砂岩
1685.25,水层,8.724843005,87.92604613,3.349110865,74.71226645,25.28773355,76.87265712,68.25067628,15.24604349,4.429326361,2.160390676,23.12734288,2.479769535,100.3512694,2.824602704,9.882487779,12.69864254,89.14962899,40.98292646,22.06194464,细砂岩
1685.375,水层,8.934223178,87.62705372,3.438723098,73.89881754,26.10118246,76.10429994,68.01858994,15.19419934,4.414264443,2.205482403,23.89570006,2.298219853,117.2726837,2.834693374,9.911943112,12.7886865,95.94869987,39.98396934,22.04799808,细砂岩
1685.5,水层,8.879509465,87.74844511,3.372045428,71.87760974,28.12239026,74.04232636,68.11281736,15.21524814,4.420379605,2.164716623,25.95767364,2.357216121,96.29827434,2.820527077,9.9572587,12.8725325,89.00276325,40.369478,22.15994149,细砂岩
1685.625,水层,8.833031344,87.8848785,3.282090152,73.48832292,26.51167708,75.62839261,68.21872081,15.23890518,4.427252518,2.140069684,24.37160739,2.340641848,96.01627818,2.842879083,10.04666758,12.9632557,62.53028181,40.51856496,22.22562143,细砂岩
1685.75,水层,8.673139721,87.97504527,3.351815005,73.01447537,26.98552463,75.17075326,68.2887108,15.25453975,4.431794722,2.156277886,24.82924674,2.470986267,97.17125058,2.818882015,10.12603087,13.05073372,65.71102212,41.26297086,22.02237327,细砂岩
1685.875,水层,8.66752818,87.97450575,3.357966067,74.24417038,25.75582962,76.34965126,68.28829201,15.2544462,4.431767543,2.105480878,23.65034874,2.336733539,103.7341956,2.766940819,10.07266643,12.99321991,83.25153654,40.75325888,21.91816196,细砂岩
1686,水层,8.675946082,88.00426032,3.319793603,74.50466366,25.49533634,76.57454904,68.31138834,15.25960553,4.433266447,2.069885378,23.42545096,2.598003751,96.68844071,2.730292021,9.988089808,12.87540199,83.93192078,41.3337494,22.04438137,细砂岩
1686.125,水层,8.651997509,88.02022434,3.327778147,75.78666113,24.21333887,77.84234995,68.32378007,15.26237363,4.434070644,2.055688822,22.15765005,2.510705272,102.4509399,2.700584365,9.916148994,12.81101696,74.84322535,40.98707163,21.98936221,细砂岩
1686.25,水层,8.651160039,88.02601221,3.32282775,74.9594831,25.0405169,76.97300732,68.32827277,15.26337723,4.434362212,2.013524224,23.02699268,2.400824177,92.2659712,2.694629298,9.936198299,12.84654487,79.72828154,41.53327119,22.03469379,细砂岩
1686.375,水层,8.628987609,88.05305288,3.317959508,74.40186007,25.59813993,76.37757863,68.3492625,15.26806598,4.435724401,1.975718562,23.62242137,2.330250714,90.5702778,2.681895674,10.06880214,12.99639567,73.75042489,41.82714193,21.90468355,细砂岩
1686.5,水层,8.415594217,88.36096509,3.223440691,73.98571555,26.01428445,75.96137471,68.58827264,15.32145679,4.45123566,1.975659158,24.03862529,2.381152774,104.8409525,2.677538796,10.28684661,13.23931814,82.69063778,42.80363214,22.15598263,细砂岩
1686.625,水层,8.310563204,88.49237163,3.19706517,74.18791949,25.81208051,76.16461619,68.6902741,15.34424218,4.457855342,1.976696699,23.83538381,2.289754278,120.0254177,2.65535967,10.53996022,13.51350063,71.88202497,40.628979,22.01218685,细砂岩
1686.75,水层,8.165077777,88.67738388,3.157538339,73.8427251,26.1572749,75.80378663,68.83388583,15.37632261,4.467175443,1.961061535,24.19621337,2.354498304,93.47855803,2.629397538,10.92207771,13.93540677,86.31024426,41.44515763,22.00305148,细砂岩
1686.875,水层,8.025358223,88.90690085,3.067740923,72.41985008,27.58014992,74.4156102,69.01204338,15.41611998,4.478737496,1.99576012,25.5843898,2.298046882,99.41507238,2.613591779,11.21531397,14.28506275,89.74491801,41.27158514,22.04252984,细砂岩
1687,水层,8.091216434,88.9114729,2.997310667,72.37178205,27.62821795,74.4030402,69.01559233,15.41691276,4.478967815,2.031258154,25.5969598,2.539089882,92.80561666,2.604239265,11.51854836,14.67325156,66.97970894,40.04393036,22.1381108,细砂岩
1687.125,水层,8.102198673,88.96229604,2.935505292,72.29498915,27.70501085,74.30696537,69.05504268,15.4257253,4.481528061,2.011976226,25.69303463,2.629093189,97.8332384,2.57986756,11.68205431,14.91916255,78.72383778,42.22099853,22.06199146,细砂岩
1687.25,水层,8.098707914,88.98327084,2.918021242,73.70277639,26.29722361,75.7288768,69.07132392,15.42936225,4.482584679,2.026100416,24.2711232,2.330094552,102.1316563,2.571132871,11.80362323,15.09559811,88.08771386,41.20743428,22.32804399,细砂岩
1687.375,水层,7.993397895,89.07990553,2.92669657,71.97338328,28.02661672,73.96360431,69.14633449,15.44611834,4.487452708,1.990221027,26.03639569,2.149381337,111.6881564,2.569590603,11.88877928,15.20837276,69.85595572,39.87015316,22.36076956,粉砂岩
1687.5,水层,8.039612517,89.03085546,2.929532027,71.86732092,28.13267908,73.84639494,69.10826043,15.43761324,4.484981782,1.979074028,26.15360506,2.381422657,103.1988332,2.541601815,11.9717532,15.28824929,80.11643857,41.72579142,22.21475896,细砂岩
1687.625,水层,7.819310322,89.30552884,2.875160837,72.97009061,27.02990939,74.92934134,69.32146966,15.48524057,4.498818615,1.95925073,25.07065866,2.393327996,97.14800078,2.549202726,12.06203814,15.3648081,81.24125777,41.1355964,22.4073361,粉砂岩
1687.75,水层,7.938524626,89.12848903,2.932986341,72.70949231,27.29050769,74.65917103,69.18404637,15.45454253,4.489900131,1.949678726,25.34082897,2.349716871,97.76596005,2.527995656,12.0764424,15.38816393,77.47645044,40.62387666,22.10642282,粉砂岩
1687.875,水层,7.879126513,89.24289759,2.877975894,72.87002368,27.12997632,74.79923491,69.27285352,15.47438055,4.495663529,1.929211226,25.20076509,2.329789814,93.06235398,2.506234485,12.06296801,15.41181699,74.411411,41.12364551,22.18850767,粉砂岩
1688,水层,8.068243503,89.09239516,2.839361337,72.99032732,27.00967268,74.96936892,69.15602929,15.44828399,4.488081881,1.979041597,25.03063108,2.511462555,99.60113305,2.521586316,11.94558547,15.32101998,62.98758833,40.27219008,22.44096864,细砂岩
1688.125,水层,8.164450197,88.94855498,2.886994822,73.14491703,26.85508297,75.14926031,69.04437648,15.42334265,4.480835847,2.004343274,24.85073969,2.254791676,97.0206601,2.528164803,12.01013691,15.439974,79.79231186,40.49838484,22.04317221,细砂岩
1688.25,水层,8.081511127,89.08417384,2.834315033,71.97187202,28.02812798,74.01973511,69.14964767,15.44685845,4.487667727,2.047863085,25.98026489,2.338796201,103.0697983,2.568186797,12.14119807,15.59417279,82.0459147,40.8213,22.04368932,细砂岩
1688.375,水层,8.006511047,89.12700461,2.866484342,70.12194307,29.87805693,72.15544936,69.18289412,15.45428514,4.489825352,2.033506286,27.84455064,2.421677448,102.1037903,2.605596868,12.35869763,15.75413445,76.96148401,40.52805655,21.73113117,细砂岩
1688.5,水层,7.786674119,89.2805979,2.932727981,69.62895719,30.37104281,71.61035402,69.30211756,15.48091764,4.497562705,1.98139683,28.38964598,2.385474022,89.95640948,2.611052459,12.59993512,15.98121673,66.87623948,40.87560838,21.88630487,粉砂岩
1688.625,水层,7.817781943,89.32937232,2.852845738,71.11177822,28.88822178,73.13910613,69.33997764,15.48937494,4.500019745,2.027327911,26.86089387,2.471017477,103.847699,2.588159633,12.55602578,15.86910097,79.37288637,39.71718031,22.16105624,粉砂岩
1688.75,水层,7.803322134,89.28115408,2.915523781,73.24178893,26.75821107,75.27566487,69.30254929,15.48101408,4.497590723,2.033875933,24.72433513,2.274186839,89.07649657,2.542444559,12.3816228,15.65860845,71.06878938,41.91869701,22.59574357,粉砂岩
1688.875,水层,7.890910095,89.2143644,2.89472551,73.38942234,26.61057766,75.40226524,69.25070525,15.469433,4.494226153,2.012842904,24.59773476,2.312865755,91.12534686,2.52950465,12.20708413,15.51319669,83.34121671,40.80392807,22.36109408,粉砂岩
1689,水层,8.03438363,89.05167366,2.913942708,71.55447966,28.44552034,73.51099869,69.12442011,15.44122304,4.486030511,1.956519029,26.48900131,2.49912455,97.97996761,2.538358709,12.1239089,15.39271922,76.33215585,40.15490458,22.34529428,细砂岩
1689.125,水层,7.845203991,89.20525298,2.949543032,71.25605995,28.74394005,73.25906355,69.24363271,15.46785311,4.49376716,2.003003604,26.74093645,2.379845114,100.8251227,2.550896805,12.28979404,15.57300178,87.68630005,40.42797348,22.52027376,粉砂岩
1689.25,水层,7.692145372,89.43920271,2.868651916,71.48015123,28.51984877,73.5056449,69.42523109,15.50841911,4.505552515,2.025493669,26.4943551,2.361166727,89.93116374,2.573445443,12.55172244,15.81237548,81.1133951,39.69580914,22.07534979,粉砂岩
1689.375,水层,7.603873417,89.50437922,2.89174736,70.3862762,29.6137238,72.44198001,69.47582293,15.51972047,4.50883582,2.055703814,27.55801999,2.414995775,92.45061943,2.555280514,12.76723297,15.98092355,73.23063097,41.25817194,21.96425017,粉砂岩
1689.5,水层,7.541364821,89.56854969,2.890085486,70.66921199,29.33078801,72.71839813,69.52563386,15.53084739,4.512068446,2.049186143,27.28160187,2.223666062,80.71695713,2.552971129,13.01268344,16.21207972,72.24704801,42.26510967,21.92956985,粉砂岩
1689.625,水层,7.501684034,89.60185775,2.896458214,69.52526194,30.47473806,71.57034195,69.55148852,15.53662288,4.513746359,2.045080015,28.42965805,2.365646845,88.83820531,2.555986972,13.00312885,16.17604555,72.83650877,41.55592721,22.22226271,粉砂岩
1689.75,水层,7.655277847,89.4337113,2.911010857,71.32178025,28.67821975,73.42449097,69.4209685,15.50746692,4.505275882,2.102710722,26.57550903,2.361144746,89.28145694,2.54428042,12.75916921,15.90228256,71.18484715,41.32973003,22.03066826,粉砂岩
1689.875,水层,7.754687984,89.25625559,2.989056429,72.66187783,27.33812217,74.71395505,69.28322237,15.47669677,4.496336446,2.052077227,25.28604495,2.342567072,87.13953015,2.516752375,12.39539417,15.49097754,65.24670561,42.43527568,22.15538059,粉砂岩
1690,水层,7.713273853,89.25795196,3.02877419,74.59147285,25.40852715,76.63091064,69.28453914,15.47699091,4.496421902,2.039437787,23.36908936,2.236731788,86.0585948,2.441540762,11.91070051,14.93522184,78.2228249,41.69444151,22.0961042,粉砂岩
1690.125,水层,7.497807349,89.47517659,3.027016062,76.61259715,23.38740285,78.65227348,69.45315503,15.51465684,4.507364721,2.03967633,21.34772652,2.456007387,115.2170114,2.360649313,11.56326568,14.54456127,86.01195032,41.34343136,21.90990528,粉砂岩
1690.25,水层,7.560591007,89.48679281,2.952616182,77.79512435,22.20487565,79.83048796,69.46217186,15.51667105,4.507949895,2.035363607,20.16951204,2.446012604,92.32856539,2.26122458,11.39277391,14.33311394,81.17444167,41.81606515,21.92606283,粉砂岩
1690.375,水层,7.335411051,89.72378038,2.940808566,78.85422612,21.14577388,80.83884001,69.6461283,15.5577638,4.519888283,1.984613888,19.16115999,2.531521287,86.82225868,2.206907756,11.35658303,14.29604387,77.54777078,41.99469683,21.8159079,粉砂岩
1690.5,水层,7.486033812,89.56620141,2.947764782,77.54223072,22.45776928,79.56146715,69.52381105,15.5304402,4.511950149,2.019236423,20.43853285,2.358333521,84.83341621,2.161371236,11.31504428,14.26614174,79.3494636,39.83186208,22.03926238,粉砂岩
1690.625,水层,7.375157711,89.68389445,2.940947843,79.25907338,20.74092662,81.29420519,69.61516771,15.55084773,4.517879006,2.035131807,18.70579481,2.498997079,96.4518625,2.106850341,11.28320987,14.19031912,89.27668055,42.41874294,22.19357361,粉砂岩
1690.75,水层,7.162186692,89.89748059,2.940332719,80.96711352,19.03288648,82.95981509,69.7809593,15.58788276,4.528638533,1.992701573,17.04018491,2.20940371,82.76843263,2.054808366,11.16112634,14.07300499,78.06667811,41.19218935,21.89411621,粉砂岩
1690.875,水层,7.292850587,89.8238604,2.883289016,82.52527615,17.47472385,84.53911413,69.72381323,15.5751173,4.524929873,2.013837972,15.46088587,2.516142949,92.11009305,1.986748539,11.14218586,14.06197927,70.85611698,41.5189077,21.92395158,粉砂岩
1691,水层,7.195406681,89.98151574,2.823077582,81.30419137,18.69580863,83.29093971,69.84618975,15.60245413,4.532871853,1.986748347,16.70906029,2.427870748,90.3600189,1.956877092,11.23092288,14.14148317,77.9647385,39.36407674,22.05534275,粉砂岩
1691.125,水层,7.060242833,90.07052818,2.869228989,80.23011831,19.76988169,82.26226443,69.91528372,15.61788855,4.537355908,2.032146118,17.73773557,2.278108994,75.30964176,1.960770302,11.24124388,14.1725846,80.84383666,40.23128722,22.21068345,粉砂岩
1691.25,水层,7.239829867,89.84890767,2.911262461,80.66458319,19.33541681,82.63818631,69.74325563,15.5794604,4.526191644,1.973603112,17.36181369,2.146668702,85.07988322,1.989160846,11.3065821,14.20488036,71.25875265,42.91384897,22.06900143,粉砂岩
1691.375,水层,7.187948994,89.84524179,2.966809213,80.59225925,19.40774075,82.54171838,69.74041007,15.57882475,4.526006973,1.949459132,17.45828162,2.557176773,95.57342722,1.994047937,11.18237611,14.02712855,79.56775278,40.57546207,21.93946035,粉砂岩
1691.5,水层,7.19007468,89.84128901,2.968636307,82.09271439,17.90728561,83.98905528,69.73734181,15.57813935,4.52580785,1.896340887,16.01094472,2.281283166,101.2125284,2.007672573,11.12196868,13.93024657,75.91289742,41.2248788,21.91140137,粉砂岩
1691.625,水层,7.049938807,89.96867213,2.981389061,80.034643,19.965357,81.95359567,69.83622018,15.6002271,4.532224849,1.918952669,18.04640433,2.520135332,87.09345692,2.041073738,11.27159445,14.02154982,75.65203198,40.67477422,22.16550239,粉砂岩
1691.75,水层,6.956233768,90.02887741,3.014888822,77.79617039,22.20382961,79.70671162,69.88295322,15.61066647,4.535257726,1.910541228,20.29328838,2.360699599,101.3561701,2.068795686,11.57203199,14.30796079,90.25525459,40.3263616,22.01222072,粉砂岩
1691.875,水层,6.846055952,90.22022065,2.933723396,76.87221918,23.12778082,78.75533501,70.03147923,15.64384466,4.544896754,1.883115833,21.24466499,2.372218452,86.87231181,2.128155545,12.07805706,14.7797237,75.56768032,41.85493427,21.96375103,粉砂岩
1692,水层,6.685559586,90.36780328,2.946637129,75.02401283,24.97598717,76.92880704,70.14603704,15.66943493,4.552331316,1.904794212,23.07119296,2.21301492,84.20126806,2.152288105,12.38429066,15.02232162,78.34925048,41.97683513,21.77866415,粉砂岩
1692.125,水层,6.525074212,90.45978317,3.01514262,76.35797099,23.64202901,78.22826419,70.21743441,15.6853839,4.556964857,1.870293201,21.77173581,2.193738246,90.68116194,2.135132547,12.51217437,15.07013234,76.69780996,40.46935951,21.96823723,粉砂岩
1692.25,水层,6.392582186,90.54596869,3.061449125,77.73560316,22.26439684,79.60162331,70.28433405,15.70032814,4.561306503,1.866020147,20.39837669,2.490727614,93.05919777,2.110305538,12.46829455,14.94426173,88.202098,39.77349048,21.9081374,粉砂岩
1692.375,水层,6.460960721,90.50909255,3.029946726,78.56239667,21.43760333,80.42164263,70.25570975,15.69393396,4.559448846,1.85924596,19.57835737,2.31920936,97.53983231,2.09189008,12.39436256,14.76684677,88.72825741,41.45246634,21.91063036,粉砂岩
1692.5,水层,6.283125236,90.61820841,3.098666355,76.43741449,23.56258551,78.34262665,70.34040855,15.71285423,4.564945622,1.905212161,21.65737335,2.263378903,84.57990611,2.117109787,12.36670207,14.67298873,84.40821977,42.02737306,22.06082473,粉砂岩
1692.625,水层,6.422687635,90.39038752,3.186924844,75.03714275,24.96285725,76.92456182,70.16356756,15.67335095,4.55346901,1.887419064,23.07543818,2.464722684,97.69045348,2.175879563,12.46652819,14.71435953,82.47105823,42.17873754,22.02936704,粉砂岩
1692.75,水层,6.352206154,90.40489082,3.242903023,73.47657303,26.52342697,75.39501684,70.17482543,15.67586577,4.554199623,1.918443819,24.60498316,2.504307081,90.63781766,2.271218108,12.57550909,14.74586987,86.41722121,41.21051561,21.98497971,粉砂岩
1692.875,水层,6.502539502,90.17668205,3.320778451,72.23945744,27.76054256,74.1284953,69.99768334,15.63629523,4.542703471,1.889037865,25.8715047,2.542256409,82.7698872,2.341445674,12.56964001,14.75006874,90.52616111,40.91602488,22.16573417,粉砂岩
1693,水层,6.67261761,90.0916176,3.235764791,72.67416175,27.32583825,74.57028949,69.93165392,15.62154538,4.5384183,1.896127741,25.42971051,2.478473799,89.33778603,2.352553527,12.51421188,14.68197151,71.84608087,40.41989907,21.85991256,粉砂岩
1693.125,水层,6.489226139,90.25552566,3.255248197,74.84286076,25.15713924,76.75310352,70.05888398,15.64996642,4.546675265,1.910242763,23.24689648,2.474424782,88.75501456,2.369897234,12.35550975,14.53550507,83.34198056,41.59518244,22.00947111,粉砂岩
1693.25,水层,6.648416545,90.02351518,3.328068272,73.91650851,26.08349149,75.81684234,69.8787909,15.60973668,4.5349876,1.900333823,24.18315766,2.303699918,92.54549404,2.384663034,12.33450538,14.54899401,69.41135904,39.47207634,21.99783971,粉砂岩
1693.375,水层,6.737857831,89.96301888,3.299123289,71.78195452,28.21804548,73.6645782,69.83183197,15.59924685,4.531940063,1.882623673,26.3354218,2.533075447,95.73138064,2.396665408,12.40027236,14.62545077,72.44000298,42.31162466,21.95885006,粉砂岩
1693.5,水层,6.706095073,90.076961,3.216943931,71.56367542,28.43632458,73.45851556,69.92027705,15.61900398,4.537679965,1.894840144,26.54148444,2.422605333,76.71488435,2.435686317,12.50192719,14.73921785,88.13524523,41.61575789,21.92542818,粉砂岩
1693.625,水层,6.631433967,90.09395803,3.274608007,71.9649485,28.0350515,73.89757447,69.93347062,15.6219512,4.5385362,1.932625971,26.10242553,2.351417715,100.4731975,2.451928105,12.79181524,15.04086045,77.12778987,41.89272242,22.02675107,粉砂岩
1693.75,水层,6.491205199,90.28631341,3.222481391,70.72457499,29.27542501,72.6468281,70.0827823,15.6553049,4.548226216,1.922253116,27.3531719,2.362741851,98.58573232,2.453388291,13.06018611,15.32471081,70.13276825,40.69976888,22.05294207,粉砂岩
1693.875,水层,6.571391603,90.26243965,3.166168751,69.60509728,30.39490272,71.57635932,70.06425081,15.65116528,4.547023561,1.971262036,28.42364068,2.39450883,97.62790937,2.450680353,13.08811824,15.3700408,75.77513967,40.29666183,22.06698864,粉砂岩
1694,水层,6.760836839,90.07634419,3.16281897,71.50199738,28.49800262,73.50341597,69.91979827,15.61889703,4.537648893,2.001418589,26.49658403,2.448395365,85.67419172,2.430166039,13.07553127,15.39562869,71.54885562,41.75969894,22.05831683,粉砂岩
1694.125,水层,6.727562935,90.11165788,3.160779181,73.20151854,26.79848146,75.2513416,69.94720975,15.62502029,4.539427841,2.049823057,24.7486584,2.549085273,96.43975542,2.396195158,12.87821704,15.20417953,75.68267216,41.17387997,21.99076375,粉砂岩
1694.25,水层,6.578868605,90.21382651,3.207304887,74.06607179,25.93392821,76.12521622,70.02651592,15.64273594,4.544574645,2.059144426,23.87478378,2.396556587,77.34845704,2.314775048,12.58337317,14.88129347,87.44705582,40.81061323,21.86569841,粉砂岩
1694.375,水层,6.381594686,90.47451269,3.143892624,76.14595284,23.85404716,78.25526554,70.22886789,15.68793794,4.557706865,2.1093127,21.74473446,2.522610567,88.51626178,2.22977036,12.33202382,14.55188191,74.78774234,41.52932351,22.26740253,粉砂岩
1694.5,水层,6.322622643,90.46613661,3.211240751,77.9114728,22.0885272,80.03830332,70.22236613,15.68648556,4.557284915,2.126830515,19.96169668,2.26260813,96.27367531,2.186463452,12.14697724,14.28710104,79.67741162,41.55173012,22.11905587,粉砂岩
1694.625,水层,6.418479853,90.3032273,3.278292843,76.83180474,23.16819526,79.01739918,70.09591134,15.6582377,4.549078263,2.185594436,20.98260082,2.287866331,70.85283198,2.137388719,11.91958244,13.97510204,84.95264455,42.27720607,22.38192839,粉砂岩
1694.75,水层,6.253773165,90.40007941,3.346147423,78.50696042,21.49303958,80.72193409,70.17109068,15.67503149,4.553957245,2.214973669,19.27806591,2.249897635,94.33027052,2.144871791,11.66723512,13.63911458,84.23402892,39.67599225,22.36208058,粉砂岩
1694.875,水层,6.350016513,90.22570111,3.424282377,77.67970838,22.32029162,79.9014049,70.03573332,15.64479495,4.545172835,2.221696519,20.0985951,2.5214475,84.61714949,2.147607375,11.52940889,13.45055137,83.1703802,41.47483144,21.92781569,粉砂岩
1695,水层,6.279247358,90.3477942,3.372958442,78.85090713,21.14909287,81.05939686,70.13050542,15.66596543,4.551323347,2.20848973,18.94060314,2.398738587,90.85486897,2.147072343,11.47643602,13.33255388,91.48663004,41.74389467,22.0647132,粉砂岩
1695.125,水层,6.175195951,90.40067592,3.42412813,77.21318027,22.78681973,79.42173599,70.1715537,15.67513492,4.553987294,2.208555725,20.57826401,2.313348151,76.26146201,2.150828815,11.40272432,13.22759432,83.87250471,40.97592212,22.01987297,粉砂岩
1695.25,水层,6.191533146,90.35179045,3.456676401,78.94621904,21.05378096,81.12668768,70.13360742,15.66665837,4.55152466,2.180468638,18.87331232,2.321230213,88.11108226,2.155588532,11.38509631,13.17991423,72.43345606,40.13198825,21.91110131,粉砂岩
1695.375,水层,6.242156545,90.252732,3.505111455,77.53193918,22.46806082,79.75241836,70.05671546,15.64948201,4.546534532,2.220479188,20.24758164,2.607153046,94.93914261,2.192741441,11.40898611,13.13519467,75.03214142,41.00742776,22.12099139,粉砂岩
1695.5,水层,6.091336038,90.32340436,3.585259606,76.37323973,23.62676027,78.60054861,70.11157334,15.66173633,4.550094694,2.227308878,21.39945139,2.617337057,90.55820912,2.221447667,11.48760008,13.154641,64.97250472,42.66620148,21.99195752,粉砂岩
1695.625,水层,5.961815169,90.47201456,3.56617027,74.65441232,25.34558768,76.93913997,70.22692877,15.68750477,4.557581021,2.28472765,23.06086003,2.586570127,77.55361312,2.253460053,11.67226935,13.29629154,85.7875278,40.07025199,21.87797817,粉砂岩
1695.75,水层,5.979895202,90.50898303,3.511121765,75.23865226,24.76134774,77.5609474,70.25562474,15.69391497,4.559443329,2.322295142,22.4390526,2.341690328,85.89790713,2.246918598,11.85399516,13.45116718,83.53996544,40.60360182,22.14701888,粉砂岩
1695.875,水层,5.921429303,90.64030353,3.438267163,76.15659557,23.84340443,78.48149936,70.35755941,15.71668544,4.566058677,2.324903789,21.51850064,2.323118202,87.36577844,2.219425665,11.95536564,13.52590985,79.6251954,43.20491262,21.92716349,粉砂岩
1696,水层,5.75233392,90.74085645,3.506809635,76.93450932,23.06549068,79.27025312,70.43561142,15.73412094,4.571124089,2.335743794,20.72974688,2.660442221,90.71960152,2.200282822,11.9006907,13.44347152,84.8070394,41.18316723,21.84976413,粉砂岩
1696.125,水层,5.804399846,90.59812816,3.597471993,76.13949913,23.86050087,78.54248529,70.3248217,15.70937239,4.563934067,2.402986165,21.45751471,2.4283298,83.05393372,2.193390995,11.95368868,13.46428243,71.12440025,41.40955513,21.86392805,粉砂岩
1696.25,水层,5.742540306,90.72862729,3.528832407,75.03319613,24.96680387,77.38238145,70.4261188,15.73200045,4.570508038,2.349185324,22.61761855,2.435328533,82.70085978,2.211992698,11.96559899,13.41840731,87.83722206,42.62477198,22.05832341,粉砂岩
1696.375,水层,5.698108749,90.70462233,3.597268917,74.75367105,25.24632895,77.06181959,70.40748548,15.72783808,4.569298774,2.30814854,22.93818041,2.243711653,101.2723893,2.256115657,12.07895571,13.52773237,97.75284874,41.29616403,21.83769347,粉砂岩
1696.5,水层,5.842198965,90.58929769,3.568503344,73.28711839,26.71288161,75.59655948,70.31796724,15.70784122,4.563489227,2.309441087,24.40344052,2.410609132,86.27240671,2.275972711,12.09233767,13.53342251,83.69501449,42.18199377,21.92887618,粉砂岩
1696.625,水层,5.818899227,90.51626228,3.664838494,74.85550953,25.14449047,77.16369749,70.26127509,15.69517716,4.559810025,2.30818796,22.83630251,2.547976194,91.73981739,2.266471303,12.01529886,13.44413885,77.19811319,40.25080701,22.16616704,粉砂岩
1696.75,水层,5.671482363,90.75070279,3.577814851,76.31045924,23.68954076,78.57511736,70.44325442,15.73582826,4.571620104,2.264658122,21.42488264,2.420054589,69.18144512,2.253626412,11.95213682,13.38738541,78.46007214,42.32672211,21.83073829,粉砂岩
1696.875,水层,5.708940099,90.70202291,3.589036995,76.15965773,23.84034227,78.41810732,70.40546773,15.72738735,4.569167826,2.258449585,21.58189268,2.320229375,91.51795244,2.21190284,11.66494453,13.07924494,75.88090948,41.65042095,22.01570474,粉砂岩
1697,水层,5.764079586,90.56336883,3.672551588,78.44105365,21.55894635,80.69612803,70.29784052,15.70334526,4.562183045,2.255074372,19.30387197,2.631400277,83.07890263,2.193926204,11.50144205,12.92526558,86.07703903,42.02211089,22.15645863,粉砂岩
1697.125,水层,5.936401371,90.36927361,3.694325018,77.52970463,22.47029537,79.83628041,70.14717834,15.66968988,4.552405385,2.306575774,20.16371959,2.431080657,84.42882911,2.202964339,11.2601001,12.70294938,74.33391122,42.16115304,21.98010186,粉砂岩
1697.25,水层,6.064544461,90.23477817,3.700677374,78.13597952,21.86402048,80.44388397,70.04277919,15.64636888,4.545630097,2.307904448,19.55611603,2.387332214,77.74383638,2.21509858,11.04987818,12.51398887,90.65676009,42.24114146,22.14208616,粉砂岩
1697.375,水层,6.092177697,90.2108664,3.696955906,77.52238807,22.47761193,79.80048731,70.0242182,15.64222267,4.544425528,2.278099234,20.19951269,2.396621212,93.78345249,2.214848067,10.95513256,12.45056079,80.61889418,41.25066008,22.17883174,粉砂岩
1697.5,水层,6.039299713,90.29735713,3.663343155,79.43300431,20.56699569,81.67880469,70.09135475,15.65721984,4.54878255,2.245800379,18.32119531,2.385362053,88.01610094,2.188101833,10.8784043,12.38465047,84.86114423,42.34497785,21.78640276,粉砂岩
1697.625,水层,5.925967572,90.41907217,3.654960262,79.9550215,20.0449785,82.17589624,70.18583339,15.67832476,4.554914016,2.220874731,17.82410376,2.304784249,82.98236628,2.187804735,10.90670747,12.39947877,82.10298129,39.96490471,22.07985388,粉砂岩
1697.75,水层,5.913587284,90.36411719,3.722295524,77.92453001,22.07546999,80.08686024,70.14317579,15.66879578,4.552145627,2.162330231,19.91313976,2.46561514,98.47564278,2.214699611,10.93699481,12.40545931,88.53172874,41.54850676,22.03324468,粉砂岩
1697.875,水层,6.03237058,90.15995495,3.807674468,75.65161298,24.34838702,77.8693039,69.9846993,15.63339482,4.541860834,2.217690926,22.1306961,2.143094546,77.03908093,2.253852942,10.93672235,12.34617882,86.18106398,40.89533345,22.01565618,粉砂岩
1698,水层,5.866233157,90.22935075,3.904416096,77.04260692,22.95739308,79.27287557,70.03856627,15.64542779,4.545356688,2.230268644,20.72712443,2.614983943,96.38735355,2.302783044,11.00358318,12.36749569,78.15776018,40.78153088,21.93004562,粉砂岩
1698.125,水层,5.823190389,90.3319357,3.844873912,76.27129713,23.72870287,78.49967303,70.1181956,15.66321563,4.550524465,2.228375909,21.50032697,2.271801945,77.47390172,2.30405192,11.00622858,12.32321936,59.84375474,39.80606408,21.9248993,粉砂岩
1698.25,水层,5.655148952,90.51812778,3.826723266,77.6832664,22.3167336,79.91770611,70.26272315,15.69550063,4.559904001,2.234439708,20.08229389,2.545228445,92.44047685,2.267446502,11.00609234,12.26516407,73.8648471,41.0244465,21.84529307,粉砂岩
1698.375,水层,5.504259353,90.65105703,3.844683617,77.63395142,22.36604858,79.8500442,70.36590658,15.71855006,4.56660039,2.216092772,20.1499558,2.353522185,92.95843525,2.215623783,11.05074901,12.28649693,94.21507897,41.94197762,22.1311964,粉砂岩
1698.5,水层,5.429898835,90.78465153,3.785449638,79.70487716,20.29512284,81.93004386,70.4696064,15.74171484,4.573330292,2.225166703,18.06995614,2.541563024,85.76583774,2.1649634,11.05291257,12.24178211,81.65813912,40.95496454,21.92368077,粉砂岩
1698.625,水层,5.292086863,90.89831074,3.809602397,79.23452768,20.76547232,81.48439688,70.55783188,15.76142292,4.579055942,2.249869201,18.51560312,2.265202339,86.66105076,2.118801427,11.06746252,12.22864035,78.91661312,41.25170567,21.97989129,粉砂岩
1698.75,水层,5.271466102,90.98382994,3.744703962,80.38360979,19.61639021,82.69649806,70.62421429,15.77625162,4.583364022,2.312888263,17.30350194,2.618818595,77.46018645,2.069978387,11.12921483,12.28954324,74.34752781,40.36229077,22.12424545,粉砂岩
1698.875,水层,5.246391029,91.09301888,3.660590096,80.09575355,19.90424645,82.41535268,70.70896983,15.79518457,4.588864479,2.319599133,17.58464732,2.275483472,88.26277088,2.037716958,11.06231933,12.22267165,73.64616218,40.9096587,22.03445795,粉砂岩
1699,水层,5.378441551,90.88997189,3.731586557,82.46927069,17.53072931,84.82857059,70.55135903,15.75997699,4.578635867,2.359299903,15.17142941,2.395345666,94.07715279,2.013979471,10.95137674,12.11183405,92.25682814,40.00348746,21.89398789,粉砂岩
1699.125,水层,5.311665921,90.87800782,3.810326258,81.94587427,18.05412573,84.31158515,70.54207218,15.75790247,4.57803317,2.365710881,15.68841485,2.524760939,89.10262677,1.984532286,10.7990738,11.9887608,79.04782233,41.69416518,22.11466357,粉砂岩
1699.25,水层,5.465056939,90.83253152,3.702411541,83.9560616,16.0439384,86.2708159,70.5067722,15.75001705,4.575742275,2.314754296,13.7291841,2.353060321,77.75812916,1.953110958,10.46028578,11.65491831,77.32951511,41.96486157,22.04498984,粉砂岩
1699.375,水层,5.442241023,90.7560803,3.801678676,85.86641992,14.13358008,88.13767265,70.4474286,15.7367607,4.571891,2.271252731,11.86232735,2.500596888,88.21806547,1.924259776,10.2497966,11.45583147,79.92359855,42.10275252,22.07223366,粉砂岩
1699.5,水层,5.500755929,90.71048042,3.788763655,86.78726845,13.21273155,88.99596266,70.41203269,15.72885385,4.569593878,2.208694212,11.00403734,2.48111988,77.8976177,1.908802016,10.11768054,11.35494994,80.08281177,42.22124048,21.91631857,粉砂岩
1699.625,水层,5.521730086,90.6738502,3.804419711,84.51717947,15.48282053,86.66607819,70.38359928,15.72250231,4.56774861,2.148898725,13.33392181,2.43417431,90.61098436,1.926471103,9.995772343,11.22643695,71.2689175,41.0392238,22.01419123,粉砂岩
1699.75,水层,5.586649021,90.54660709,3.866743885,84.2257424,15.7742576,86.36492626,70.28482959,15.70043884,4.561338663,2.139183861,13.63507374,2.47352485,67.55411889,1.933990812,9.947086674,11.18405214,69.268519,41.24469288,22.03310123,粉砂岩
1699.875,水层,5.532441894,90.6124137,3.855144411,85.98201636,14.01798364,88.09381707,70.33591053,15.71184945,4.56465371,2.111800716,11.90618293,2.404303981,86.61232902,1.964274922,9.949946961,11.16991084,87.89703528,41.26904039,21.92112872,粉砂岩
1700,水层,5.499181323,90.58501276,3.915805916,84.81143514,15.18856486,86.95252493,70.31464116,15.70709823,4.563273371,2.141089791,13.04747507,2.527699696,93.8273818,1.949095127,9.789455378,11.00393334,74.85840393,41.81189207,22.00595719,粉砂岩
1700.125,水层,5.613839477,90.48677641,3.899384108,87.32143514,12.67856486,89.50992334,70.23838733,15.69006442,4.558324658,2.188488205,10.49007666,2.210935188,92.76236032,1.949225885,9.727724334,10.93135676,85.78312904,42.46101836,21.9296758,粉砂岩
1700.25,水层,5.613969444,90.45060374,3.935426811,84.86395019,15.13604981,87.11686502,70.21030909,15.68379222,4.556502438,2.25291483,12.88313498,2.350729559,77.97441193,1.973819433,9.673105564,10.86012372,83.16954991,39.90780144,22.51626191,粉砂岩
1700.375,水层,5.645151901,90.35515642,3.999691679,84.88030968,15.11969032,87.18469803,70.13622018,15.66724201,4.551694223,2.304388345,12.81530197,2.590120711,103.6005846,1.995186149,9.673262579,10.85352104,84.56027335,40.05441046,22.43163983,粉砂岩
1700.5,水层,5.610025131,90.40806659,3.981908281,83.26711807,16.73288193,85.61836221,70.17729055,15.67641644,4.554359604,2.351244143,14.38163779,2.390083508,90.91964726,2.038622026,9.782278254,10.92548432,77.59207239,41.43807579,22.52808731,粉砂岩
1700.625,水层,5.481150405,90.50573701,4.01311258,83.14752897,16.85247103,85.55350617,70.25310509,15.69335212,4.559279809,2.405977201,14.44649383,2.201680897,90.97683309,2.04929471,9.922247838,11.04439997,82.23742143,41.23833361,22.39242002,粉砂岩
1700.75,水层,5.414798369,90.68841134,3.896790287,82.51233511,17.48766489,84.93649207,70.39490205,15.72502716,4.568482136,2.424156965,15.06350793,2.192270738,81.24283253,2.068810139,10.23293678,11.35706209,81.56935612,41.85398788,22.46446271,粉砂岩
1700.875,水层,5.478147306,90.71815546,3.803697235,80.04926984,19.95073016,82.5184966,70.41799027,15.73018467,4.569980513,2.469226756,17.4815034,2.24153154,99.27369203,2.089550979,10.5442285,11.66659814,76.67651351,41.39299896,22.01915663,粉砂岩
1701,水层,5.419792805,90.76820505,3.812002143,78.46789219,21.53210781,80.89059997,70.45684018,15.73886308,4.572501791,2.422707776,19.10940003,2.482865254,85.30529345,2.098408962,10.81077555,11.96527331,85.26354172,41.50045721,22.09284057,粉砂岩
1701.125,水层,5.503096654,90.73594933,3.760954018,79.59414076,20.40585924,82.05406026,70.43180237,15.73327006,4.57087689,2.459919505,17.94593974,2.373915593,97.58171823,2.117003041,11.07225781,12.27307512,91.87533032,41.95517677,21.94404256,粉砂岩
1701.25,水层,5.553151565,90.78230216,3.664546276,78.57934918,21.42065082,80.97981343,70.46778275,15.74130747,4.573211941,2.40046425,19.02018657,2.394243688,89.0469554,2.130098866,11.36291829,12.6008015,87.86597591,42.19867362,21.9353596,粉砂岩
1701.375,水层,5.484553289,90.93229035,3.583156365,76.43766342,23.56233658,78.79044506,70.58420781,15.76731485,4.580767684,2.352781641,21.20955494,2.505247606,97.58957621,2.143809278,11.49647416,12.7848133,80.64656414,40.54965076,22.1060543,粉砂岩
1701.5,水层,5.641796539,90.69756038,3.660643079,76.46351278,23.53648722,78.76395075,70.40200379,15.72661356,4.568943024,2.300437974,21.23604925,2.541884517,107.2292332,9.579657663,8.885535806,9.874439067,111.1966816,47.12868526,22.06956996,粉砂岩
1701.625,非储层,2.418283406,11.74627456,85.83544203,95.52468538,4.47531462,95.88539412,10.93745991,0.797068381,0.011746275,0.360708742,4.114605879,2.490731027,159.1149282,17.13853325,6.185101957,6.852659603,122.9058986,51.29425287,22.00489471,泥岩
1701.75,非储层,2.440440222,10.45115845,87.10840133,93.56718444,6.432815563,93.92103723,9.731521758,0.709185529,0.010451158,0.353852796,6.078962767,2.465544987,207.8286678,24.86645916,3.315828747,3.656066993,169.1886567,60.75113698,21.98863158,泥岩
1701.875,非储层,2.369845723,8.497532075,89.1326222,95.63621423,4.363785765,95.99989553,7.912416476,0.576618067,0.008497532,0.363681295,4.00010447,2.749247745,240.7523137,32.75905406,0.526686022,0.533821269,200.1287528,66.99429181,22.16042569,泥岩
1702,非储层,2.427832048,6.44233342,91.12983453,97.40732589,2.592674114,97.76258046,5.998732885,0.437158202,0.006442333,0.355254576,2.237419538,2.623491512,243.758274,33.07010663,0.516995665,0.524714644,190.2763911,66.2063296,22.06021414,泥岩
1702.125,非储层,2.488689805,8.210845514,89.30046468,98.06776033,1.932239666,98.43266821,7.645470327,0.557164342,0.008210846,0.364907875,1.567331791,2.790447936,234.3953514,33.00838751,0.509145331,0.516988055,204.7248583,66.68040272,22.22467653,泥岩
1702.25,非储层,2.52355078,10.78217,86.69427922,99.62216418,0.377835822,99.99,10.03974081,0.73164702,0.01078217,0.367835822,0.01,2.725272207,238.3151728,32.88511414,0.505595612,0.513473724,194.4039601,66.25860821,21.97246249,泥岩
1702.375,非储层,2.470380697,9.56942982,87.96018948,99.62413812,0.375861882,99.99,8.910506427,0.649353962,0.00956943,0.365861882,0.01,2.61642456,233.5488025,32.58359667,0.508154401,0.51551351,175.3801252,65.00465249,22.17697864,泥岩
1702.5,非储层,2.454390254,9.582758666,87.96285108,99.62333903,0.37666097,99.99,8.922917488,0.65025842,0.009582759,0.36666097,0.01,2.67197924,237.4979507,32.46066169,0.50846367,0.515543446,175.0356845,66.39371721,22.10040561,泥岩
1702.625,非储层,2.433606759,9.526429538,88.0399637,99.62371155,0.376288451,99.99,8.870467022,0.646436087,0.00952643,0.366288451,0.01,2.96128267,224.8930898,32.69006974,0.504605397,0.511801696,191.2967683,65.45938316,21.97195951,泥岩
1702.75,非储层,2.399436909,8.422819972,89.17774312,99.61371242,0.386287583,99.99,7.842848833,0.571548319,0.00842282,0.376287583,0.01,2.652302433,241.1743857,32.71137271,0.504536033,0.511564364,199.2896365,67.02923615,22.00825474,泥岩
1702.875,非储层,2.352376244,9.453921166,88.19370259,99.62315753,0.376842469,99.99,8.802951367,0.641515878,0.009453921,0.366842469,0.01,2.827094476,244.5811239,32.74344463,0.504091819,0.511074925,191.6786231,68.24512564,22.08159,泥岩
1703,非储层,2.406637028,9.282489172,88.3108738,99.61400694,0.385993061,99.99,8.643323687,0.629882996,0.009282489,0.375993061,0.01,2.736465338,227.6116704,32.99599498,0.501788755,0.509159011,204.5386503,66.74694592,22.10942124,泥岩
1703.125,非储层,2.406985785,6.892916247,90.70009797,97.91458932,2.085410682,98.28490194,6.418289876,0.467733456,0.006892916,0.370312621,1.715098061,2.60237724,237.8649217,32.92976409,0.505829115,0.513184396,185.5656033,67.38477762,22.02729574,泥岩
1703.25,非储层,2.460169769,9.173053188,88.36677704,97.43507659,2.564923408,97.79518137,8.54142315,0.622456985,0.009173053,0.360104775,2.204818633,2.639475025,238.3080284,33.19872022,0.503808022,0.511754539,196.5659733,67.10758234,22.00121046,泥岩
1703.375,非储层,2.411683245,6.585846758,91.00247,97.29593203,2.70406797,97.65402998,6.132364307,0.446896604,0.006585847,0.358097947,2.345970023,2.569795575,246.4318731,33.49550217,0.500417354,0.508872819,187.0738128,66.2780506,21.9682187,泥岩
1703.5,非储层,2.362806983,6.178385792,91.45880723,98.11600751,1.883992489,98.47621349,5.75295993,0.419247476,0.006178386,0.360205978,1.523786511,2.700703095,243.5805365,33.73178199,0.498159592,0.507218487,198.4404157,68.76933305,22.0301171,泥岩
1703.625,非储层,2.357148502,4.454576769,93.18827473,96.22035383,3.779646167,96.58319251,4.147847435,0.302274757,0.004454577,0.362838674,3.416807493,2.743674751,225.8456055,34.07240462,0.4946004,0.504227356,192.7349774,67.1411431,22.12529037,泥岩
1703.75,非储层,2.379339579,5.646530337,91.97413008,95.47862719,4.52137281,95.83166184,5.257726512,0.383157295,0.00564653,0.353034647,4.168338163,2.849484671,257.9160631,34.25160017,0.492919067,0.50286957,187.5805145,66.25620546,22.02350967,泥岩
1703.875,非储层,2.314525016,4.784852615,92.90062237,96.1527315,3.847268499,96.50321208,4.455381437,0.324686325,0.004784853,0.350480574,3.496787925,2.967790677,251.0950257,34.24561373,0.498028953,0.507749109,204.016698,67.12459138,22.08783648,泥岩
1704,非储层,2.285038188,6.451013061,91.26394875,94.69835758,5.301642418,95.05549279,6.00681487,0.437747177,0.006451013,0.357135204,4.944507214,2.737940666,237.0281225,34.19833644,0.503961996,0.513186114,193.6204166,67.7723886,22.92073541,泥岩
1704.125,非储层,2.248441097,5.188068258,92.56349065,93.0234091,6.9765909,93.38669156,4.830832811,0.352047378,0.005188068,0.363282457,6.613308442,2.762278968,257.5681944,34.08496132,0.51015671,0.51887811,188.9781503,67.95927543,22.8366483,泥岩
1704.25,非储层,2.299866929,7.043948788,90.65618428,92.93512668,7.064873324,93.28883528,6.55892275,0.477982089,0.007043949,0.353708604,6.71116472,2.945753453,221.1542983,34.07445786,0.518221521,0.526794469,205.6890934,69.263678,23.13988996,泥岩
1704.375,非储层,2.318340751,5.109345619,92.57231363,90.76032582,9.239674183,91.11238038,4.757530787,0.346705487,0.005109346,0.352054563,8.88761962,2.601762029,237.9829253,34.12802593,0.521202929,0.530030694,197.1692545,66.98809362,22.63998558,泥岩
1704.5,非储层,2.358618221,5.924771539,91.71661024,91.79811597,8.201884028,92.14238702,5.516808825,0.402037942,0.005924772,0.344271051,7.857612977,2.88173346,246.7366,34.04525567,0.52559861,0.534372716,199.5071543,68.77283745,21.96457514,泥岩
1704.625,非储层,2.341053304,6.084407535,91.57453916,91.03879184,8.961208161,91.37630574,5.665452745,0.412870382,0.006084408,0.337513904,8.623694257,2.686509685,219.4171815,34.32705655,0.523431814,0.533105011,193.3590772,67.97616279,21.97382008,泥岩
1704.75,非储层,2.316490929,4.082974366,93.6005347,90.44125919,9.558740806,90.77615892,3.801832504,0.277058888,0.004082974,0.334899727,9.223841078,2.754577065,227.8081646,34.45499859,0.521769658,0.532094891,196.8459893,68.94450441,22.03407291,泥岩
1704.875,非储层,2.363578678,3.726410903,93.91001042,89.86122213,10.13877787,90.19692593,3.469820975,0.252863518,0.003726411,0.335703808,9.803074066,2.840878884,232.5425963,34.77196903,0.519703847,0.531399956,188.6088074,68.67356893,21.8534274,泥岩
1705,非储层,2.352757406,2.639723285,95.00751931,88.40332684,11.59667316,88.74535039,2.457959538,0.179124024,0.002639723,0.342023548,11.25464961,3.014291668,264.356452,34.92528277,0.520948192,0.533041593,193.555157,68.08783014,22.02036289,泥岩
1705.125,非储层,2.316818035,4.558398558,93.12478341,88.22482977,11.77517023,88.5590142,4.244520354,0.309319805,0.004558399,0.334184437,11.4409858,2.820248298,260.9166291,34.90999808,0.526169138,0.538179568,194.7495792,68.53447413,22.04323128,泥岩
1705.25,非储层,2.335970614,4.356533424,93.30749596,87.34414339,12.65585661,87.66870735,4.056555072,0.295621818,0.004356533,0.324563966,12.33129265,2.933977243,260.2732986,34.83226896,0.534777423,0.546243732,183.1944475,66.99046253,22.16140805,泥岩
1705.375,非储层,2.312813664,4.7676899,92.91949644,85.81534069,14.18465931,86.13202255,4.439400497,0.323521713,0.00476769,0.316681853,13.86797745,2.926768721,243.5019732,34.43139908,0.552721029,0.562502567,196.6198847,68.83880503,22.26017781,泥岩
1705.5,非储层,2.367041841,7.166598916,90.46635924,83.37380748,16.62619252,83.68684814,6.673127543,0.486304774,0.007166599,0.313040655,16.31315186,2.727157345,231.9290164,34.37929286,0.564020722,0.5735112,201.8373518,66.98269107,21.96655489,泥岩
1705.625,非储层,2.314634649,5.354012629,92.33135272,82.39936158,17.60063842,82.70843749,4.98535073,0.363307886,0.005354013,0.309075914,17.29156251,2.882565961,249.2406749,34.23410204,0.572759234,0.581746334,185.86904,67.79858997,21.94295319,泥岩
1705.75,非储层,2.357043958,6.040423074,91.60253297,84.12247148,15.87752852,84.43013407,5.624496928,0.409885723,0.006040423,0.307662581,15.56986593,2.862223728,242.849683,34.00051362,0.577851147,0.586267943,188.8194806,66.97328558,22.03970096,泥岩
1705.875,非储层,2.357361428,7.264549395,90.37808918,85.72090831,14.27909169,86.03451664,6.764333434,0.492951411,0.007264549,0.313608327,13.96548336,2.587204863,234.4827774,34.10474239,0.568297192,0.577093128,200.5503339,68.20444796,21.94316115,泥岩
1706,非储层,2.379047286,5.863559321,91.75739339,87.51985909,12.48014091,87.83033165,5.459811505,0.397884258,0.005863559,0.310472569,12.16966835,2.865774644,229.2605118,34.26254449,0.556857143,0.566506825,190.2887224,67.01675219,22.07975705,泥岩
1706.125,非储层,2.346624649,3.454152588,94.19922276,86.71086227,13.28913773,87.02814454,3.216309583,0.234388852,0.003454153,0.317282266,12.97185546,2.780471034,230.7494917,34.61669793,0.541843076,0.553321211,196.5036927,68.08667661,21.97573319,泥岩
1706.25,非储层,2.3253969,2.085065741,95.58953736,87.87197981,12.12802019,88.1820577,1.941494116,0.141486559,0.002085066,0.310077893,11.8179423,3.089986688,243.0600678,35.14738715,0.528467635,0.542470744,197.8278282,68.58985741,21.96835886,泥岩
1706.375,非储层,2.301718261,1.556830127,96.14145161,85.9948941,14.0051059,86.31095121,1.449631286,0.105642011,0.00155683,0.316057116,13.68904879,3.088716562,251.2802773,35.40475252,0.521272307,0.53632964,195.2372795,67.80736623,21.99548156,泥岩
1706.5,非储层,2.35196912,3.06889212,94.57913876,88.32299592,11.67700408,88.64687031,2.857577042,0.208246186,0.003068892,0.323874388,11.35312969,3.020025076,240.6761933,35.25866144,0.520429407,0.53476467,193.4239052,69.83629225,21.99707058,泥岩
1706.625,非储层,2.289291498,4.968768033,92.74194047,89.45802561,10.54197439,89.77403046,4.626632968,0.337166296,0.004968768,0.316004854,10.22596954,2.89032324,260.5868353,34.99882322,0.522895546,0.535692735,202.1505472,68.80217215,22.21797877,泥岩
1706.75,非储层,2.29668974,4.811222087,92.89208817,90.53193794,9.468062065,90.8525581,4.479935183,0.326475682,0.004811222,0.320620163,9.147441902,2.787958416,254.5471013,34.91369212,0.51923415,0.5312908,199.147081,69.55246655,21.92546512,泥岩
1706.875,非储层,2.279546418,2.33760976,95.38284382,89.99944768,10.00055232,90.31484002,2.176648681,0.15862347,0.00233761,0.315392345,9.685159976,2.74636324,258.888987,35.02576378,0.516726312,0.529418527,199.4983393,68.82634318,22.13546387,泥岩
1707,非储层,2.266290102,1.930467262,95.80324264,88.14915212,11.85084788,88.46204005,1.797540843,0.130995952,0.001930467,0.312887931,11.53795995,2.762059675,256.882391,35.49650284,0.504717278,0.521852697,191.8028463,68.96052945,21.90483511,泥岩
1707.125,非储层,2.207751167,0.01,97.78224883,87.71587871,12.28412129,88.0256638,0.009311429,0.000678571,1.00E-05,0.309785091,11.9743362,2.995178465,239.6131172,35.76158711,0.50606902,0.524357282,210.1900532,69.27087153,22.06272495,泥岩
1707.25,非储层,2.211606678,2.19318866,95.59520466,85.80626683,14.19373317,86.1091136,2.042172002,0.148823469,0.002193189,0.30284677,13.8908864,2.905987613,229.1872603,36.00640057,0.506909877,0.52825007,198.2979673,69.25978607,22.02062943,泥岩
1707.375,非储层,2.166731453,0.01,97.82326855,83.81532714,16.18467286,84.11217062,0.009311429,0.000678571,1.00E-05,0.296843486,15.88782938,2.913591598,253.5698598,36.03306967,0.510185316,0.531543113,186.626526,69.30075179,22.09329357,泥岩
1707.5,非储层,2.214581067,1.770785116,96.01463382,85.80475681,14.19524319,86.10400051,1.64885395,0.120160381,0.001770785,0.299243701,13.89599949,2.65298594,241.403317,35.74399276,0.524392638,0.541999459,193.668769,67.82974849,21.95018205,泥岩
1707.625,非储层,2.264953081,3.174911688,94.56013523,85.56312437,14.43687563,85.86894403,2.956296408,0.215440368,0.003174912,0.305819659,14.13105597,2.865668645,243.7076531,35.81595972,0.52424374,0.54284813,195.2252172,69.33561119,22.04776712,泥岩
1707.75,非储层,2.308856185,1.406875595,96.28426822,84.21335389,15.78664611,84.52352027,1.310002191,0.095466528,0.001406876,0.310166379,15.47647973,2.902133515,244.3103684,35.56539636,0.533621779,0.548872781,199.8646126,69.04984191,22.05999838,泥岩
1707.875,非储层,2.26358248,2.646174371,95.09024315,83.94862305,16.05137695,84.25888274,2.463966421,0.179561776,0.002646174,0.310259694,15.74111726,2.720001286,252.2787324,35.47291457,0.542377645,0.5568488,193.7884045,68.76028615,22.11452618,泥岩
1708,非储层,2.261196232,2.872194068,94.8666097,82.27155809,17.72844191,82.5798389,2.674423052,0.194898822,0.002872194,0.308280817,17.4201611,2.884689653,236.043968,35.47445235,0.548119592,0.562407004,191.7541083,67.89650646,21.86230402,泥岩
1708.125,非储层,2.22749858,3.306320385,94.46618104,82.36915418,17.63084582,82.67195071,3.07865668,0.224357384,0.00330632,0.30279653,17.32804929,2.759812161,243.103381,35.46522689,0.549280812,0.563160227,192.8430847,69.25996458,22.06192309,泥岩
1708.25,非储层,2.221217485,1.575823331,96.20295918,84.01431669,15.98568331,84.31110159,1.467316672,0.106930835,0.001575823,0.2967849,15.68889841,2.963139195,246.9843125,35.33367503,0.555391216,0.568326178,186.484553,69.43958558,22.02454202,泥岩
1708.375,非储层,2.188865029,4.17133494,93.63980003,82.58887555,17.41112445,82.88259563,3.884108823,0.283054782,0.004171335,0.293720084,17.11740437,2.815951252,257.7580271,35.03380965,0.566510926,0.578050151,192.5175044,67.45078476,22.10103117,泥岩
1708.5,非储层,2.201779427,6.227079858,91.57114071,80.31450888,19.68549112,80.60691342,5.798301063,0.422551715,0.00622708,0.292404543,19.39308658,2.988679668,227.7784916,34.66612924,0.583051002,0.593112436,208.071084,69.84194441,22.26991755,泥岩
1708.625,非储层,2.138958697,7.484838782,90.37620252,78.37610455,21.62389545,78.67718559,6.969454329,0.507899615,0.007484839,0.301081045,21.32281441,2.838722755,239.9859777,34.333732,0.605623921,0.613344056,191.1651681,67.64336918,22.06465149,泥岩
1708.75,非储层,2.151813245,5.47253896,92.3756478,77.01091241,22.98908759,77.30938073,5.095715679,0.371350741,0.005472539,0.298468321,22.69061927,2.919941035,236.7673066,34.31903804,0.616935063,0.624315362,193.002262,68.20607274,22.01397596,泥岩
1708.875,非储层,2.139061613,4.563212553,93.29772583,77.05740445,22.94259555,77.36408268,4.249002871,0.309646469,0.004563213,0.306678236,22.63591732,2.668645517,248.4246737,34.2705695,0.621554414,0.628658074,190.0671154,68.12441142,22.21433381,泥岩
1709,非储层,2.151675502,6.844062189,91.00426231,78.60911785,21.39088215,78.91949712,6.372799767,0.46441836,0.006844062,0.310379274,21.08050288,2.838210671,252.3459627,34.23279286,0.620508622,0.627644914,200.2585091,65.05943396,21.98269788,泥岩
1709.125,非储层,2.201164481,7.824145469,89.97469005,79.2217864,20.7782136,79.53496325,7.285397333,0.53092399,0.007824145,0.313176854,20.46503675,2.869630505,234.0971889,34.04620532,0.617867678,0.624812725,183.49789,68.87958026,22.04203051,泥岩
1709.25,非储层,2.258937168,7.305089926,90.43597291,80.22747829,19.77252171,80.53296452,6.802082461,0.495702375,0.00730509,0.305486235,19.46703548,2.664253943,243.4816862,33.57774651,0.617650267,0.623949381,199.5857754,67.18087673,21.9923636,泥岩
1709.375,非储层,2.315157071,9.326316784,88.35852615,82.15569172,17.84430828,82.46844024,8.684133456,0.632857012,0.009326317,0.31274852,17.53155976,2.659862428,235.482442,33.17794706,0.621359298,0.627278194,198.2420841,66.18424965,22.19731717,泥岩
1709.5,非储层,2.258298184,11.01212431,86.72957751,80.96283221,19.03716779,81.27253159,10.25386113,0.747251058,0.011012124,0.309699387,18.72746841,2.564626256,237.5062631,32.69412469,0.632802027,0.638200716,180.8668416,65.01903421,22.15395723,泥岩
1709.625,非储层,2.227415225,13.05229096,84.72029382,78.86959665,21.13040335,79.17156611,12.15354777,0.885690894,0.013052291,0.301969466,20.82843389,2.723233043,226.7908695,31.98288662,0.655058321,0.659503443,194.3930196,65.92867787,22.97242694,泥岩
1709.75,非储层,2.167353324,15.15564635,82.67700033,77.40185642,22.59814358,77.69744433,14.11207217,1.028418536,0.015155646,0.29558791,22.30255567,2.408358634,224.5549403,31.45164782,0.676242056,0.680019681,195.056072,64.53858862,22.93372795,泥岩
1709.875,非储层,2.217050773,15.29609162,82.4868576,77.86953672,22.13046328,78.16104935,14.24284678,1.037948749,0.015296092,0.291512624,21.83895065,2.600600164,221.7528179,31.13114055,0.692579485,0.696070709,188.0973954,65.23822636,22.91754463,泥岩
1710,非储层,2.2607385,14.63398221,83.10527929,76.84636489,23.15363511,77.12989703,13.62632831,0.993019909,0.014633982,0.283532132,22.87010297,2.771181714,210.4931459,30.93027396,0.706122412,0.709536067,180.7549261,65.33279112,22.91730638,泥岩
1710.125,非储层,2.286332479,15.33508988,82.37857764,75.09264257,24.90735743,75.36877767,14.27915974,1.040595058,0.01533509,0.276135102,24.63122233,2.604855116,220.0102746,30.96688018,0.705595066,0.709181897,178.0708125,65.94464083,21.9681461,泥岩
1710.25,非储层,2.254596991,14.71737881,83.0280242,77.21030771,22.78969229,77.48539304,13.70398247,0.998678963,0.014717379,0.27508533,22.51460696,2.332544507,235.7645457,31.17478663,0.697343373,0.701219495,182.7440893,65.78411289,22.15027176,泥岩
1710.375,非储层,2.287771925,12.95019529,84.76203279,79.34646875,20.65353125,79.62575,12.05848212,0.878762976,0.012950195,0.279281251,20.37425,2.680408888,236.0483961,31.4260948,0.686597502,0.690827312,172.0511103,65.67268654,22.05585117,泥岩
1710.5,非储层,2.325858819,11.79662922,85.87751196,78.97808084,21.02191916,79.25026442,10.98434729,0.800485303,0.011796629,0.272183582,20.74973558,2.530904879,228.3623488,31.61236714,0.67496573,0.679422658,197.9992136,65.59315423,22.07538512,泥岩
1710.625,非储层,2.30270594,13.19530316,84.5019909,78.11427063,21.88572937,78.38162535,12.28671257,0.89539529,0.013195303,0.267354722,21.61837465,2.555193536,222.9387838,31.62882954,0.668918406,0.67343487,196.0280647,64.72882989,21.93344321,泥岩
1710.75,非储层,2.234656461,14.45632037,83.30902317,79.7280646,20.2719354,79.9880822,13.46089976,0.980964288,0.01445632,0.260017591,20.0119178,2.62281886,225.0504443,31.43937433,0.675901012,0.680202314,192.8603102,65.39770724,22.01032837,泥岩
1710.875,非储层,2.204983106,15.09122766,82.70378924,78.2373305,21.7626695,78.49618125,14.05208916,1.024047269,0.015091228,0.258850743,21.50381875,2.551500274,230.6905877,31.28555013,0.684088828,0.688037192,180.1736653,64.27961364,22.06162153,泥岩
1711,非储层,2.170412786,13.62694025,84.20264697,76.99461419,23.00538581,77.257143,12.68862837,0.924684941,0.01362694,0.262528807,22.742857,2.535311381,218.4415746,31.11419082,0.694680794,0.698275851,198.3060382,66.26782705,22.02103696,泥岩
1711.125,非储层,2.153245071,15.23426404,82.61249089,75.41736125,24.58263875,75.68391532,14.18527647,1.033753307,0.015234264,0.266554063,24.31608468,2.606998689,206.4090799,31.21308066,0.700267319,0.703718672,186.7155361,65.82136201,22.1394567,泥岩
1711.25,非储层,2.137133438,13.57126273,84.29160384,76.29038828,23.70961172,76.56398925,12.63678464,0.920906824,0.013571263,0.273600976,23.43601075,2.752849574,217.5830043,31.39695174,0.705530214,0.709005054,193.5870693,64.43108963,21.91706789,泥岩
1711.375,非储层,2.197555971,13.25842185,84.54402218,74.16713783,25.83286217,74.4344897,12.34548508,0.899678343,0.013258422,0.267351873,25.5655103,2.480136275,226.2233395,31.34156166,0.711982736,0.715368777,192.0213431,64.14828719,22.02575612,泥岩
1711.5,非储层,2.162629303,14.30842355,83.52894715,74.84795225,25.15204775,75.11209113,13.32318669,0.970928436,0.014308424,0.26413888,24.88790887,2.327032857,219.0559883,31.21561416,0.721871464,0.725106096,191.9007683,64.44577948,21.97289004,泥岩
1711.625,非储层,2.1082796,16.71290593,81.17881447,72.81668749,27.18331251,73.0766781,15.56210333,1.134089689,0.016712906,0.259990608,26.9233219,2.704944885,226.8072972,31.14681349,0.734725016,0.737748282,192.2944016,64.9133057,21.88831657,泥岩
1711.75,非储层,2.045164115,14.51962743,83.43520846,71.85650933,28.14349067,72.11777735,13.51984768,0.985260123,0.014519627,0.261268019,27.88222265,2.427724044,222.6380184,31.15033884,0.7363088,0.739086939,175.6613308,63.95614589,22.02665934,泥岩
1711.875,非储层,1.991916211,13.34827968,84.6598041,73.57976223,26.42023777,73.83792561,12.42915557,0.905775837,0.01334828,0.258163378,26.16207439,2.453131639,214.9278438,31.39114705,0.731475817,0.734181637,198.522674,66.2714206,22.06176982,泥岩
1712,非储层,1.958778572,11.82425479,86.21696664,74.56251694,25.43748306,74.81920251,11.01007064,0.802359895,0.011824255,0.25668557,25.18079749,2.77233963,240.5615919,31.67136862,0.723733082,0.726436127,191.58764,64.29647451,22.08278467,泥岩
1712.125,非储层,1.960131195,13.74848779,84.29138101,73.10901412,26.89098588,73.3645242,12.8018065,0.932932807,0.013748488,0.255510083,26.6354758,2.793689669,216.5852155,31.69119495,0.717195465,0.719810662,179.1272971,64.91188981,22.13714169,泥岩
1712.25,非储层,1.922495257,14.28787975,83.789625,74.24657581,25.75342419,74.5089377,13.30405747,0.969534393,0.01428788,0.262361889,25.4910623,2.405845671,234.7609329,31.47609325,0.723075694,0.725542229,178.5974888,66.2356699,22.00324632,泥岩
1712.375,非储层,1.974468324,15.6897842,82.33574747,73.36546732,26.63453268,73.6247046,14.60943083,1.064663594,0.015689784,0.259237281,26.3752954,2.61271064,217.64624,31.34709399,0.733016303,0.735379429,182.5037688,64.88753779,22.17196501,泥岩
1712.5,非储层,1.989426591,13.29427592,84.71629749,71.81662951,28.18337049,72.07219441,12.37887034,0.902111297,0.013294276,0.255564906,27.92780559,2.623956506,215.6018391,31.33042302,0.740199509,0.742541937,196.7343818,63.92496697,22.06611704,泥岩
1712.625,非储层,2.001092519,13.99428187,84.00462561,70.53276063,29.46723937,70.79143112,13.0306759,0.949611686,0.013994282,0.258670486,29.20856888,2.350475528,209.7329981,31.3666393,0.753801709,0.756123215,180.6238828,64.60462052,22.10651678,泥岩
1712.75,非储层,1.989834377,14.04262301,83.96754261,68.79473918,31.20526082,69.06041336,13.07568841,0.952891976,0.014042623,0.265674176,30.93958664,2.687560397,223.945797,31.43687978,0.759330593,0.761639126,186.7297073,64.55738303,22.05655443,泥岩
1712.875,非储层,1.988186828,15.01478555,82.99702762,70.62188575,29.37811425,70.88499569,13.98091064,1.018860128,0.015014786,0.263109948,29.11500431,2.791690996,220.8322494,31.21355698,0.765479552,0.767624555,189.1393786,64.76440691,22.01160373,泥岩
1713,非储层,1.985955592,15.71609121,82.2979532,71.63099662,28.36900338,71.89726908,14.6339264,1.066448711,0.015716091,0.266272458,28.10273092,2.579530299,217.9196842,30.99063855,0.768875439,0.770860099,190.32645,64.83772775,21.8753468,泥岩
1713.125,非储层,1.97099595,16.38902696,81.63997709,71.4055969,28.5944031,71.67400215,15.26052574,1.112112194,0.016389027,0.268405254,28.32599785,2.537264275,225.0572054,30.83243938,0.762953275,0.764875851,189.0338404,64.78562897,21.91932552,泥岩
1713.25,非储层,1.954985156,15.6488461,82.39616874,72.42858357,27.57141643,72.69934978,14.5713116,1.061885652,0.015648846,0.270766213,27.30065022,2.627313014,216.6803861,30.64434702,0.766175296,0.767963464,195.1515199,65.01740811,22.01450948,泥岩
1713.375,非储层,1.973925869,17.03362457,80.99244956,71.24850413,28.75149587,71.52684797,15.86073821,1.155852733,0.017033625,0.278343836,28.47315203,2.587636078,227.739205,30.56331099,0.774993831,0.776642346,176.2767106,63.98802589,22.1636839,泥岩
1713.5,非储层,1.957802169,16.68292897,81.35926887,69.27158067,30.72841933,69.54479289,15.5341905,1.132055539,0.016682929,0.273212219,30.45520711,2.659289535,214.5343918,30.45489452,0.786906103,0.788415812,191.9936889,61.99872888,22.03175772,泥岩
1713.625,非储层,1.9827247,17.65780537,80.35946993,68.31251789,31.68748211,68.59263553,16.44193972,1.198207845,0.017657805,0.280117637,31.40736447,2.79130613,207.3319164,30.38918378,0.800165397,0.801523895,185.8289581,63.89999356,22.10256913,泥岩
1713.75,非储层,1.930600873,16.50331223,81.5660869,68.34666882,31.65333118,68.6188434,15.36694165,1.119867264,0.016503312,0.272174581,31.3811566,2.457237721,222.4830761,30.6215928,0.803950887,0.80532592,190.1407846,64.30891324,22.06916144,泥岩
1713.875,非储层,1.94678923,14.64720438,83.40600639,67.78047435,32.21952565,68.05467106,13.63864005,0.993917128,0.014647204,0.27419672,31.94532894,2.556066719,228.8419018,30.99162097,0.793320066,0.794882746,201.214989,64.04429816,22.21828343,泥岩
1714,非储层,1.951738901,12.67410614,85.37415496,69.60616908,30.39383092,69.88782457,11.80140367,0.860028361,0.012674106,0.28165549,30.11217543,2.711005378,214.0199176,31.3511364,0.782166259,0.783914677,188.4266558,65.35245242,22.15883269,泥岩
1714.125,非储层,1.964445113,13.76309754,84.27245735,68.79838876,31.20161124,69.07527363,12.81541026,0.933924182,0.013763098,0.276884876,30.92472637,2.52483012,228.5713053,31.52877468,0.770331,0.772271391,189.0372573,65.18229647,22.00723895,泥岩
1714.25,非储层,1.988938591,14.47509095,83.53597045,70.82634962,29.17365038,71.10623073,13.47837786,0.982238006,0.014475091,0.279881114,28.89376927,2.633352518,237.0547576,31.64203517,0.758942022,0.761053003,190.5327526,65.3295906,22.40775938,泥岩
1714.375,非储层,1.986469969,13.30706273,84.7064673,70.75522048,29.24477952,71.03474974,12.39077669,0.902978973,0.013307063,0.279529258,28.96525026,2.543775928,223.6801132,31.56836322,0.761699379,0.763855045,196.286053,66.50564514,22.78897234,泥岩
1714.5,非储层,2.041569325,13.44179713,84.51663354,69.2663355,30.7336645,69.54995684,12.51623368,0.912121662,0.013441797,0.283621338,30.45004316,2.592955493,224.5609617,31.70867421,0.759602854,0.761936979,195.2345611,64.51255018,22.60655944,泥岩
1714.625,非储层,2.065600482,12.22100623,85.71339329,68.24364093,31.75635907,68.53278257,11.37950292,0.829282305,0.012221006,0.289141638,31.46721743,2.660623436,246.0451541,31.88715817,0.765242249,0.767624992,199.1675134,64.90667591,22.64257437,泥岩
1714.75,非储层,2.022376183,12.65186612,85.3257577,67.21424842,32.78575158,67.50259025,11.78069504,0.858519217,0.012651866,0.288341836,32.49740975,2.529225683,207.2222453,31.87627614,0.780773817,0.783041226,182.1498881,64.78049357,22.11104726,泥岩
1714.875,非储层,2.02730486,13.58303317,84.38966197,65.51516658,34.48483342,65.80380497,12.64774461,0.921705533,0.013583033,0.288638388,34.19619503,2.348271201,223.8126489,32.0455632,0.782414197,0.78476515,188.7112205,66.76253917,21.95367698,泥岩
1715,非储层,2.057704464,11.67626825,86.26602728,67.17737739,32.82262261,67.46702199,10.87227403,0.792317954,0.011676268,0.289644598,32.53297801,2.883650539,213.511045,32.14608167,0.787292479,0.789617047,184.4056114,65.27939055,21.96050066,泥岩
1715.125,非储层,2.018829855,11.23941757,86.74175258,65.7235879,34.2764121,66.00776697,10.46550362,0.762674524,0.011239418,0.284179067,33.99223303,2.272583324,223.2471272,32.15711811,0.797620024,0.799937532,191.360206,65.32454877,22.10748969,泥岩
1715.25,非储层,2.060707065,12.63478801,85.30450492,63.80011386,36.19988614,64.07798756,11.76479288,0.857360346,0.012634788,0.277873701,35.92201244,2.586358723,223.9448311,32.09606516,0.802016302,0.804351257,183.6269366,65.08553217,22.20925165,泥岩
1715.375,非储层,2.058514756,14.26099467,83.68049058,64.66384155,35.33615845,64.93802396,13.27902362,0.967710048,0.014260995,0.27418241,35.06197604,2.739989964,240.0978405,31.90483897,0.813194465,0.815399852,177.5425209,65.6576981,21.85457695,泥岩
1715.5,非储层,2.080266507,13.80428743,84.11544607,65.1825354,34.8174646,65.45689234,12.85376393,0.93671921,0.013804287,0.274356943,34.54310766,2.566152556,218.0612148,31.88629666,0.810444198,0.81281648,185.7532327,65.48121223,22.0363482,泥岩
1715.625,非储层,2.127892627,11.36107422,86.51103315,66.77097657,33.22902343,67.05208365,10.57878335,0.770929794,0.011361074,0.281107079,32.94791635,2.696042005,228.8518556,32.03296577,0.79381257,0.796482087,185.7235548,64.38010036,22.00268704,泥岩
1715.75,非储层,2.107802964,10.8858228,87.00637424,67.96719148,32.03280852,68.24879103,10.13625638,0.738680601,0.010885823,0.281599551,31.75120897,2.755891905,230.732783,32.150673,0.784204164,0.787015872,193.8313255,65.93319831,22.19458325,泥岩
1715.875,非储层,2.083553474,12.90808677,85.00835976,66.70294249,33.29705751,66.98607938,12.01927307,0.875905613,0.012908087,0.283136884,33.01392062,2.818383258,241.6499947,32.02283345,0.787693151,0.790402209,187.3842803,64.85198385,21.83047633,泥岩
1716,非储层,2.103941458,15.17631641,82.71974213,65.20092075,34.79907925,65.49122625,14.13131895,1.029821148,0.015176316,0.290305508,34.50877375,2.71687686,225.6118049,31.60574415,0.799018189,0.801349513,193.4733147,65.70196773,22.07600639,泥岩
1716.125,非储层,2.073266719,15.89297028,82.033763,66.73914537,33.26085463,67.02273513,14.79862609,1.078451216,0.01589297,0.283589758,32.97726487,2.651691207,216.1156999,31.32191674,0.809386447,0.811359319,195.9716989,65.5725242,22.17775698,泥岩
1716.25,非储层,2.042765368,14.01548695,83.94174768,66.96743387,33.03256613,67.2550229,13.05042086,0.951050602,0.014015487,0.287589033,32.7449771,2.527395383,231.9349714,31.0369177,0.811896345,0.813627288,185.742398,64.35321776,21.83754526,泥岩
1716.375,非储层,1.992750054,15.96776388,82.03948606,68.43159332,31.56840668,68.71535335,14.86826963,1.083526495,0.015967764,0.283760036,31.28464665,2.347147537,214.1181325,30.76503249,0.803915456,0.805508342,188.0627821,65.6991095,21.81305579,泥岩
1716.5,非储层,1.982607341,17.9919949,80.02539776,70.29574444,29.70425556,70.58718186,16.75311792,1.220884985,0.017991995,0.291437421,29.41281814,2.477375705,213.7954951,30.5337763,0.803455535,0.804915519,194.1235136,63.75768683,22.07608082,泥岩
1716.625,非储层,2.023766919,18.33538622,79.64084686,69.01600982,30.98399018,69.3096036,17.0728643,1.244186531,0.018335386,0.293593779,30.6903964,2.596834257,215.4611915,30.27571187,0.806076327,0.80735904,169.2046016,65.07947396,21.75439328,泥岩
1716.75,非储层,1.981681307,16.78132556,81.23699314,68.43616573,31.56383427,68.72525649,15.62581178,1.138732448,0.016781326,0.28909076,31.27474351,2.455214015,208.3291619,30.34973208,0.802355554,0.803636664,175.9098504,63.20953624,22.08941467,泥岩
1716.875,非储层,1.953142559,15.16495949,82.88189795,69.0271592,30.9728408,69.31472131,14.12074403,1.029050499,0.015164959,0.287562112,30.68527869,2.500792328,211.587371,30.48487683,0.799127593,0.800462376,200.8028173,66.07278426,22.16266762,泥岩
1717,非储层,1.989299558,16.53317228,81.47752816,70.13394563,29.86605437,70.42859624,15.39474563,1.121893481,0.016533172,0.294650607,29.57140376,2.534822913,203.4623315,30.43254766,0.799210705,0.800504303,204.7621153,64.12220668,22.27261659,泥岩
1717.125,非储层,1.97446288,18.90732919,79.11820793,69.48895368,30.51104632,69.77610558,17.60542493,1.282996935,0.018907329,0.287151902,30.22389442,2.536672749,201.7177297,30.35340821,0.797254514,0.798584952,198.9040955,63.42232316,21.94898171,泥岩
1717.25,非储层,2.021407625,17.57254874,80.40604363,69.83162205,30.16837795,70.12251384,16.36255362,1.192422576,0.017572549,0.290891791,29.87748616,2.54094963,212.4963067,30.1517515,0.80612419,0.807385955,201.2952824,63.56605338,21.86154895,泥岩
1717.375,非储层,2.017644907,17.35469541,80.62765968,67.89787647,32.10212353,68.18952214,16.15970104,1.177639676,0.017354695,0.291645668,31.81047786,2.582216739,217.4421233,30.15517547,0.808814196,0.810030253,187.0647461,63.82305445,22.08421913,泥岩
1717.5,非储层,1.961307666,16.54051728,81.49817505,69.17613026,30.82386974,69.46846446,15.40158487,1.122391892,0.016540517,0.292334203,30.53153554,2.649011966,210.5975815,30.20391504,0.809061372,0.810277104,185.6875072,64.31897819,21.97345125,泥岩
1717.625,非储层,1.961549964,18.40412248,79.63432755,68.94550761,31.05449239,69.2299838,17.13686759,1.248850776,0.018404122,0.284476189,30.7700162,2.489583607,222.2820758,30.23863332,0.81500406,0.816135351,191.4056668,64.50436987,22.10502536,泥岩
1717.75,非储层,1.961649345,17.29975425,80.7385964,67.53961585,32.46038415,67.82300727,16.10854297,1.173911527,0.017299754,0.283391422,32.17699273,2.468558223,204.4290387,30.19924167,0.812363407,0.813470513,182.295129,63.82059039,21.92024338,泥岩
1717.875,非储层,1.969167443,17.76011563,80.27071693,69.14046669,30.85953331,69.42782827,16.53720519,1.205150325,0.017760116,0.287361588,30.57217173,2.58071101,220.1627684,29.97445384,0.825049701,0.826069959,182.0954521,63.19170667,22.0304307,泥岩
1718,非储层,2.008429305,19.01900412,78.97256657,67.12190515,32.87809485,67.41001219,17.70941024,1.290574874,0.019019004,0.288107048,32.58998781,2.618272395,206.6317272,29.7227563,0.832461365,0.833477106,192.0072659,64.7462807,22.09975617,泥岩
1718.125,非储层,2.034419798,21.09360011,76.8719801,68.93987539,31.06012461,69.22082135,19.64115552,1.431350986,0.0210936,0.28094596,30.77917865,2.588626222,207.1790678,29.56434579,0.834255058,0.835303327,185.9595479,63.38775403,21.7734701,泥岩
1718.25,非储层,2.021118905,18.95785983,79.02102127,68.42595818,31.57404182,68.70521734,17.65247617,1.286425799,0.01895786,0.279259158,31.29478266,2.420726542,207.771864,29.6638543,0.835396182,0.836552108,188.2878357,64.306032,21.93978282,泥岩
1718.375,非储层,2.035866278,16.69973202,81.2644017,67.83438157,32.16561843,68.11338676,15.54983654,1.133195745,0.016699732,0.279005184,31.88661324,2.748775143,225.6041749,29.7940575,0.833878604,0.835143743,186.6023173,63.16849047,21.99192485,泥岩
1718.5,非储层,2.069439003,17.61162635,80.31893465,66.40237341,33.59762659,66.68737357,16.39894046,1.19507427,0.017611626,0.285000164,33.31262643,2.623023727,218.6566176,29.90989259,0.832304068,0.833629548,184.8243725,65.27788175,21.87259501,泥岩
1718.625,非储层,2.097774933,19.8348254,78.06739967,68.32815697,31.67184303,68.61880301,18.46905642,1.345934158,0.019834825,0.290646044,31.38119699,2.648654029,210.7198106,29.67221478,0.84158166,0.842902979,189.3565103,62.71900706,22.24682349,泥岩
1718.75,非储层,2.156599538,21.4929354,76.35046506,67.76159351,32.23840649,68.05480299,20.01299374,1.45844873,0.021492935,0.293209481,31.94519701,2.651257352,203.0572052,29.01807666,0.856720652,0.857884359,177.415719,62.78901822,21.87960094,泥岩
1718.875,非储层,2.131936859,23.67963919,74.18842395,69.26475709,30.73524291,69.56255218,22.0491274,1.606832155,0.023679639,0.297795096,30.43744782,2.254070854,213.6121015,28.6175615,0.858999502,0.860195113,179.2422037,62.16407148,21.86536038,泥岩
1719,非储层,2.179328765,21.78683017,76.03384106,69.45421631,30.54578369,69.74333319,20.28665176,1.478391583,0.02178683,0.289116882,30.25666681,2.482876996,201.9606058,28.34448117,0.863131444,0.864289151,184.2202719,63.50131284,22.03900331,泥岩
1719.125,非储层,2.129585245,22.72544248,75.14497227,69.66997816,30.33002184,69.96565906,21.16063393,1.542083113,0.022725442,0.2956809,30.03434094,2.430799241,204.174743,28.13208461,0.858146734,0.85927508,182.1633195,61.74167449,21.96190804,泥岩
1719.25,非储层,2.10486781,23.68010095,74.21503124,71.4577852,28.5422148,71.75403576,22.04955736,1.606863489,0.023680101,0.296250569,28.24596424,2.572196633,205.5736758,27.9973978,0.85994375,0.860960427,175.8997958,62.9584388,21.95430882,泥岩
1719.375,非储层,2.053873061,25.14207287,72.80405407,70.07549901,29.92450099,70.38017055,23.4108621,1.706068695,0.025142073,0.304671545,29.61982945,2.277379132,194.6050066,27.55028379,0.874633781,0.875394962,168.3048242,61.77293473,21.98603115,泥岩
1719.5,非储层,2.071251267,26.66864313,71.26010561,69.44266418,30.55733582,69.74045686,24.83231712,1.809657358,0.026668643,0.297792687,30.25954314,2.45262207,186.2140714,27.25055712,0.89204543,0.892585395,185.5711918,62.13400884,22.08492301,泥岩
1719.625,非储层,2.032283675,26.08575253,71.8819638,67.43084464,32.56915536,67.72170876,24.28956269,1.77010408,0.026085753,0.290864121,32.27829124,2.341378353,190.9658319,26.96002518,0.917539234,0.917778876,189.0969709,61.55835633,21.89657423,泥岩
1719.75,非储层,1.997232453,27.03061142,70.97215612,66.73482364,33.26517636,67.02962478,25.16936133,1.834219485,0.027030611,0.294801138,32.97037522,2.385820936,178.663141,26.85241571,0.938598366,0.938631455,179.2050571,59.33275954,22.12085685,泥岩
1719.875,非储层,2.000483337,26.49625641,71.50326025,65.106018,34.893982,65.40453326,24.67180046,1.797959692,0.026496256,0.29851526,34.59546674,2.289899369,197.0225374,26.74671889,0.953800368,0.953621713,189.9033387,60.88399006,21.93608114,泥岩
1720,非储层,1.984326256,27.95710383,70.05856991,66.21463707,33.78536293,66.51510232,26.03205814,1.897088593,0.027957104,0.300465243,33.48489768,2.337962879,179.8111471,26.69384362,0.961077483,0.960806858,166.1597294,62.38421989,22.01685757,泥岩
1720.125,非储层,2.013702952,26.71518302,71.27111403,65.93575415,34.06424585,66.23128116,24.87565241,1.812815421,0.026715183,0.295527012,33.76871884,2.278461118,190.4910582,26.54806923,0.964285668,0.964051349,169.2292154,60.35101576,21.84079751,泥岩
1720.25,非储层,2.025856948,28.57456638,69.39957667,67.34718645,32.65281355,67.63585377,26.60700399,1.938987824,0.028574566,0.288667316,32.36414623,2.437009027,204.6768299,26.37821152,0.960810923,0.960674386,168.8664581,61.38001884,22.00103295,泥岩
1720.375,非储层,2.039920043,28.2272481,69.73283186,67.76805071,32.23194929,68.06273241,26.28360104,1.915419805,0.028227248,0.294681695,31.93726759,2.418399228,194.8587666,26.43468955,0.952862944,0.95282098,181.7380355,60.72852482,21.97820668,泥岩
1720.5,非储层,1.992684012,27.28961394,70.71770205,67.83223039,32.16776961,68.12571112,25.41052967,1.85179465,0.027289614,0.293480731,31.87428888,2.188290528,187.4894463,26.2670239,0.955788396,0.955716668,171.4418389,59.10326868,22.0874532,泥岩
1720.625,非储层,1.967974486,28.51624902,69.5157765,66.83070173,33.16929827,67.12042913,26.55270219,1.935030576,0.028516249,0.289727394,32.87957087,2.338245257,191.1956559,26.4429114,0.945798163,0.945695665,187.9043985,62.08664432,22.15377524,泥岩
1720.75,非储层,1.926269041,26.68195066,71.39178029,68.34117351,31.65882649,68.63108657,24.84470834,1.810560369,0.026681951,0.289913055,31.36891343,2.320072878,196.8681095,26.60104196,0.939023897,0.938847621,177.0544107,60.41923978,22.01485112,泥岩
1720.875,非储层,1.907426714,26.56430141,71.52827188,68.04699347,31.95300653,68.33964084,24.73516008,1.80257703,0.026564301,0.292647371,31.66035916,2.488463741,201.4976468,26.65523649,0.935311999,0.935093193,175.3446781,61.31233932,21.95473341,泥岩
1721,非储层,1.931257791,26.71315336,71.35558885,68.33436179,31.66563821,68.63156418,24.87376251,1.812677695,0.026713153,0.297202388,31.36843582,2.182399603,188.6964891,26.94520235,0.914660715,0.914555931,175.0451849,61.39975824,21.88186383,泥岩
1721.125,非储层,1.939764196,25.29581984,72.76441597,69.81898181,30.18101819,70.11092023,23.5540225,1.716501521,0.02529582,0.291938415,29.88907977,2.237004973,192.2199561,27.15441534,0.899907843,0.899947458,173.2238801,61.18220567,22.02489882,泥岩
1721.25,非储层,1.982485929,24.31758865,73.69992542,70.70087415,29.29912585,70.99677517,22.64314949,1.650121569,0.024317589,0.295901016,29.00322483,2.175003768,196.3788195,27.39427569,0.877110312,0.877403391,180.3251689,59.04438012,22.04923192,泥岩
1721.375,非储层,1.984876594,23.78280233,74.23232108,72.72826609,27.27173391,73.01884399,22.14518702,1.613832508,0.023782802,0.290577907,26.98115601,2.241427515,197.113579,27.60654635,0.8584377,0.858980368,180.4921502,63.50007431,22.07528056,泥岩
1721.5,非储层,2.034724808,24.25134196,73.71393323,71.9362552,28.0637448,72.23075921,22.58146436,1.645626259,0.024251342,0.29450401,27.76924079,2.479653464,184.3924305,27.76033178,0.851531285,0.852211966,174.4954148,61.73030164,22.08663378,泥岩
1721.625,非储层,2.030219846,23.57171106,74.3980691,70.42431105,29.57568895,70.71655702,21.94863088,1.599508462,0.023571711,0.292245979,29.28344298,2.350879331,215.8129581,27.75434741,0.853752022,0.854497516,180.5535436,61.26841174,22.15846161,泥岩
1721.75,非储层,2.063744113,24.36660868,73.5696472,70.0579905,29.9420095,70.35237231,22.68879415,1.653447927,0.024366609,0.294381812,29.64762769,2.182412466,187.1274378,27.58278789,0.871496316,0.872228377,174.2654555,61.77607861,21.98718987,泥岩
1721.875,非储层,2.125145093,25.70532146,72.16953344,68.85094581,31.14905419,69.14493725,23.93532702,1.744289123,0.025705321,0.29399144,30.85506275,2.348641709,186.593455,27.49311739,0.889050585,0.889766385,182.6367558,60.64083361,22.04266962,泥岩
1722,非储层,2.165460487,25.3203476,72.51419191,67.43869702,32.56130298,67.73411967,23.57686135,1.718165905,0.025320348,0.295422648,32.26588033,2.428994353,199.3828634,27.18542322,0.91393607,0.91453823,182.5697109,61.76517336,21.89155093,泥岩
1722.125,非储层,2.101255186,27.01425755,70.88448726,66.19454089,33.80545911,66.48336693,25.15413354,1.833109758,0.027014258,0.288826035,33.51663307,2.50206389,187.5863256,26.88124687,0.933376811,0.933907855,174.0272582,61.65905245,22.67618367,泥岩
1722.25,非储层,2.117834226,27.72359882,70.15856695,67.43620323,32.56379677,67.72456408,25.81463161,1.881243615,0.027723599,0.288360852,32.27543592,2.445874996,186.2730068,26.64821725,0.950605037,0.951010371,181.3079363,61.8089752,22.67752186,泥岩
1722.375,非储层,2.088346543,28.32763165,69.58402181,66.36930016,33.63069984,66.65305968,26.37707247,1.922231544,0.028327632,0.283759517,33.34694032,2.192508448,180.7661418,26.47200251,0.962725845,0.963051258,175.7115993,61.97367981,22.66502245,泥岩
1722.5,非储层,2.14478439,27.29146546,70.56375015,65.84180281,34.15819719,66.12800116,25.41225371,1.851920289,0.027291465,0.286198345,33.87199884,2.4316347,198.8169254,26.32281658,0.976010502,0.976303662,167.2636682,61.10936694,22.51277118,泥岩
1722.625,非储层,2.185943422,28.66510274,69.14895384,64.24706661,35.75293339,64.54071929,26.69130628,1.945131361,0.028665103,0.293652681,35.45928071,2.438230822,178.4888597,26.38756101,0.991367126,0.991535267,175.1323351,62.09238174,21.87105839,泥岩
1722.75,非储层,2.167032326,27.17062108,70.6623466,62.81076039,37.18923961,63.10817888,25.29973032,1.843720137,0.027170621,0.297418493,36.89182112,2.525709206,194.9699718,26.64821001,0.994943979,0.995019804,184.9512227,61.80631311,21.99233041,泥岩
1722.875,非储层,2.13694061,25.61344687,72.24961252,62.90780619,37.09219381,63.21412559,23.84977865,1.738054778,0.025613447,0.3063194,36.78587441,2.269282482,182.0981233,27.01260162,0.996039635,0.996038644,182.2173987,61.31878548,22.0953188,泥岩
1723,非储层,2.148782706,23.48406182,74.36715548,62.10556139,37.89443861,62.40533468,21.86701692,1.593560837,0.023484062,0.299773288,37.59466532,2.494015266,189.3207393,27.36182754,0.992595789,0.992513361,178.1482805,61.09908579,22.19737877,泥岩
1723.125,非储层,2.098000738,25.00815257,72.8938467,61.7576073,38.2423927,62.04881054,23.28616317,1.696981248,0.025008153,0.291203243,37.95118946,2.502336891,176.4519507,27.44601997,1.000558423,1.00037775,185.3308513,61.53791396,21.94840461,泥岩
1723.25,非储层,2.127507085,26.36796623,71.50452668,60.15147255,39.84852745,60.44296238,24.55234398,1.78925429,0.026367966,0.291489825,39.55703762,2.332172269,197.2624557,27.25840699,1.020974266,1.020728062,175.1520091,61.52157954,22.10557695,泥岩
1723.375,非储层,2.172589286,27.74044726,70.08696345,59.86723775,40.13276225,60.15627871,25.83031991,1.882386902,0.027740447,0.289040957,39.84372129,2.258298982,203.5200647,27.02144101,1.032105749,1.03180582,179.862384,62.52480701,21.97196502,泥岩
1723.5,非储层,2.152008451,26.06530154,71.78269001,61.54297444,38.45702556,61.83412812,24.2705199,1.768716335,0.026065302,0.291153681,38.16587188,2.101854304,188.7619176,26.83712409,1.043849224,1.043429437,171.1103313,61.19742345,22.07853854,泥岩
1723.625,非储层,2.088503931,27.04131597,70.8701801,60.67279468,39.32720532,60.96839729,25.17932879,1.834945865,0.027041316,0.29560261,39.03160271,2.363789439,175.7731744,26.58142192,1.045290442,1.044848947,179.9594013,59.94113554,22.05758363,泥岩
1723.75,非储层,2.094510663,29.07022257,68.83526677,62.20246946,37.79753054,62.4961146,27.06853072,1.972621626,0.029070223,0.293645136,37.5038854,2.269218491,188.6120638,26.28482058,1.042394171,1.041979337,181.7303067,60.19293943,21.97167735,泥岩
1723.875,非储层,2.15100873,30.82735616,67.02163511,63.36903169,36.63096831,63.66423841,28.70467315,2.091855654,0.030827356,0.295206724,36.33576159,2.145818026,183.4410612,25.95539966,1.045797042,1.045426362,175.4884051,60.79159776,22.02233516,泥岩
1724,非储层,2.173566277,29.53510147,68.29133225,63.88699609,36.11300391,64.1747243,27.5013994,2.004166971,0.029535101,0.287728205,35.8252757,2.193876922,170.3497726,25.56933383,1.053030907,1.052681737,175.1128428,61.05266342,23.37316875,泥岩
1724.125,非储层,2.117101005,31.13398364,66.74891536,62.72994901,37.27005099,63.02575197,28.99018714,2.112662512,0.031133984,0.295802963,36.97424803,2.163059364,189.473921,25.36338117,1.05950716,1.059088516,175.1661253,60.62251619,23.24590997,泥岩
1724.25,非储层,2.064586242,31.28810319,66.64731057,62.7297779,37.2702221,63.02773633,29.13369446,2.123120621,0.031288103,0.297958427,36.97226367,2.166589679,185.6906392,25.36149637,1.066522083,1.065880447,168.5705669,59.92616177,23.29300434,泥岩
1724.375,非储层,2.022153209,30.94615344,67.03169335,61.74779625,38.25220375,62.05103884,28.81529039,2.099916896,0.030946153,0.303242589,37.94896116,2.378205833,185.31115,25.42836787,1.07027377,1.069387348,175.6073141,61.94604611,23.2754548,泥岩
1724.5,非储层,2.048924781,28.9091462,69.04192902,62.30639826,37.69360174,62.61356628,26.91854561,1.961691448,0.028909146,0.307168015,37.38643372,2.474168723,178.541134,25.64362979,1.058566767,1.057671212,168.8842988,59.84978627,22.12407765,泥岩
1724.625,非储层,2.074789818,28.7993046,69.12590559,63.34321406,36.65678594,63.64845738,26.81626738,1.954237913,0.028799305,0.305243321,36.35154262,2.241148717,186.0220288,25.72551271,1.059616241,1.058706812,182.9585893,61.3313944,22.09821422,泥岩
1724.75,非储层,2.073436299,30.43613049,67.49043321,61.6829179,38.3170821,61.98011373,28.34038615,2.065308206,0.03043613,0.297195827,38.01988627,2.40321474,192.8751456,25.95227297,1.049731045,1.048895432,183.6537961,60.21402136,22.03511666,泥岩
1724.875,非储层,2.036616718,28.48819335,69.47518993,61.80629788,38.19370212,62.10795948,26.52657836,1.933126799,0.028488193,0.301661598,37.89204052,2.236771332,191.8128164,26.10192407,1.039778917,1.039010207,191.8861088,61.14885615,22.11127907,泥岩
1725,非储层,2.04204549,27.26108233,70.69687218,63.26008015,36.73991985,63.56724622,25.38396267,1.849858577,0.027261082,0.307166072,36.43275378,2.353093033,187.19074,26.05853665,1.044909008,1.0440325,174.7872644,61.80586995,22.04653849,泥岩
1725.125,非储层,2.027160136,29.31186684,68.66097303,62.53279789,37.46720211,62.84317922,27.29353606,1.989018911,0.029311867,0.310381325,37.15682078,2.376572494,183.7349831,26.22707971,1.041247126,1.040277851,172.1193579,61.10771847,22.10474192,泥岩
1725.25,非储层,2.037628025,28.65204758,69.31032439,60.87910605,39.12089395,61.19119477,26.67915006,1.944245476,0.028652048,0.31208872,38.80880523,2.163744027,178.868204,20.10146363,2.403399692,4.050099844,143.2513999,54.19204576,21.9829711,泥岩
1725.375,水层,12.31793201,86.07524136,1.606826626,88.95484802,11.04515198,89.21296929,69.75856124,13.85960852,2.457071604,0.258121272,10.78703071,2.170046968,158.7854149,13.86523764,3.72860293,7.014284827,117.4503685,50.49326222,22.1794301,细砂岩
1725.5,水层,12.55859841,85.87373433,1.56766726,89.156763,10.843237,89.41131593,69.59525248,13.82716239,2.451319459,0.254552923,10.58868407,2.232929361,129.4821077,7.753619148,5.01915447,9.895859471,99.12395652,45.74563101,22.1127861,细砂岩
1725.625,水层,12.25552312,86.14632041,1.598156472,91.71239932,8.287600677,91.96976823,69.81616633,13.87105348,2.459100599,0.257368903,8.030231774,2.267559924,129.270525,1.608406707,6.353902664,12.84772243,81.22676665,40.14212046,22.07442633,细砂岩
1725.75,水层,12.20233195,86.17558892,1.622079125,90.32165515,9.67834485,90.57563974,69.83988661,13.87576622,2.459936087,0.253984587,9.424360263,2.005646684,101.6164615,1.636038548,6.364139504,12.86929767,77.21711489,40.27800284,22.14450615,细砂岩
1725.875,水层,12.42935426,85.9569326,1.613713139,87.89296617,12.10703383,88.14774373,69.66267944,13.84055876,2.453694406,0.254777558,11.85225627,2.120420754,123.4886436,1.684292616,6.355523757,12.83220075,73.53376229,41.75647711,21.86188088,细砂岩
1726,水层,12.77198689,85.5828026,1.645210512,87.63310028,12.36689972,87.88744959,69.35947064,13.78031733,2.443014631,0.254349307,12.11255041,2.312577944,125.5629762,1.829279885,6.344448949,12.84056661,78.06688518,41.19699842,21.90010649,细砂岩
1726.125,水层,13.10429084,85.2635427,1.632166462,86.55766697,13.44233303,86.80689676,69.1007306,13.72891094,2.433901158,0.249229787,13.19310324,2.026063862,115.8009466,1.963773518,6.377187042,12.92636373,79.9857058,40.73956365,21.98872704,细砂岩
1726.25,水层,12.8370949,85.52459254,1.63831256,85.278532,14.721468,85.52708746,69.31229505,13.7709445,2.441352989,0.24855546,14.47291254,2.280387559,133.0736571,2.089479399,6.402754395,13.00278772,71.35256178,39.86725277,22.2548817,细砂岩
1726.375,水层,13.05465544,85.32420252,1.621142039,83.37337342,16.62662658,83.61806744,69.14989156,13.73867823,2.43563273,0.244694019,16.38193256,2.174110061,111.0603318,2.248898122,6.51662181,13.23033415,68.77855012,39.7068,22.10622771,细砂岩
1726.5,水层,13.23777768,85.11136053,1.650861791,81.57108333,18.42891667,81.81571362,68.97739654,13.70440697,2.429557022,0.244630284,18.18428638,2.302474745,122.9244947,2.339795744,6.666658004,13.49457083,66.96963205,40.98676892,22.58948174,细砂岩
1726.625,水层,13.01698065,85.34286375,1.640155602,82.59300155,17.40699845,82.84406378,69.16501531,13.74168301,2.436165426,0.251062232,17.15593622,2.246064212,123.5563282,2.406021363,6.730257066,13.62708751,61.71962403,40.10001504,22.37295168,细砂岩
1726.75,水层,13.00822104,85.3744685,1.617310451,82.60775911,17.39224089,82.86120924,69.19062898,13.74677192,2.437067604,0.253450126,17.13879076,2.245884086,118.5096058,2.428626438,6.782839656,13.73290802,70.10929936,41.95644557,22.00577002,细砂岩
1726.875,水层,13.02679116,85.38020763,1.593001211,82.23767623,17.76232377,82.489669,69.19528018,13.74769602,2.437231431,0.251992772,17.510331,2.325602517,113.8207269,2.382325421,6.821952953,13.81166036,67.0419925,41.42467925,21.85146031,细砂岩
1727,水层,12.89854098,85.50890365,1.592555364,82.73109336,17.26890664,82.9756098,69.2995802,13.76841832,2.440905139,0.244516436,17.0243902,2.169017095,120.5078239,2.39667399,6.975746628,14.10925163,55.29744282,40.50442623,21.94628163,细砂岩
1727.125,水层,12.67363591,85.77106207,1.555302015,81.00576311,18.99423689,81.24784586,69.51204308,13.81063037,2.448388615,0.242082751,18.75215414,2.274590329,119.7822679,2.392704252,7.02849118,14.217243,75.8196272,39.62620861,22.05017496,细砂岩
1727.25,水层,12.85092127,85.57659551,1.572483219,82.33604689,17.66395311,82.57977216,69.35444018,13.77931788,2.442837446,0.243725271,17.42022784,2.265016383,114.1013255,2.406249906,7.111146359,14.3518518,74.62034081,41.14397268,22.05466201,细砂岩
1727.375,水层,12.8038487,85.59744319,1.598708108,81.28006494,18.71993506,81.51875203,69.37133592,13.78267472,2.443432556,0.238687093,18.48124797,2.323138696,121.5734529,2.403731091,7.166372657,14.45584304,71.0978666,41.88439996,22.11647764,细砂岩
1727.5,水层,12.72352357,85.71255152,1.56392491,82.42937376,17.57062624,82.66458715,69.46462396,13.80120916,2.446718395,0.235213388,17.33541285,2.132839889,104.954297,2.330656458,6.942029166,14.07868575,70.91135775,40.74250649,22.0632931,细砂岩
1727.625,水层,13.08072369,85.3806885,1.53858782,84.81784273,15.18215727,85.05249568,69.19566989,13.74777345,2.437245158,0.234652947,14.94750432,2.231799023,115.3771184,2.326166843,6.892616307,14.01227342,73.5361899,41.9945372,21.96909759,细砂岩
1727.75,水层,13.04052533,85.41462354,1.54485113,82.75158891,17.24841109,82.99194407,69.22317211,13.75323758,2.438213855,0.240355165,17.00805593,2.310123798,113.6128152,2.314532106,6.79539867,13.87261374,70.41919377,41.99736486,22.10716027,细砂岩
1727.875,水层,13.13420909,85.30597907,1.559811833,82.22141745,17.77858255,82.46382502,69.13512261,13.73574394,2.43511253,0.242407564,17.53617498,2.091366335,115.8638558,2.320140877,6.668131223,13.68749685,74.35866363,40.21615978,22.23558341,细砂岩
1728,水层,13.27950731,85.1968919,1.523600783,82.9648006,17.0351994,83.21380333,69.04671433,13.71817901,2.431998569,0.24900273,16.78619667,2.333090106,108.558162,2.41193707,6.7543116,13.87584977,78.68901285,40.38669134,22.5702685,细砂岩
1728.125,水层,13.33494419,85.16484162,1.500214195,81.19928114,18.80071886,81.44754417,69.02073959,13.71301835,2.431083673,0.248263032,18.55245583,2.320896343,119.6073424,2.487688241,6.878605346,14.14027331,70.98059409,41.6799194,22.52226444,细砂岩
1728.25,水层,13.13509689,85.38587976,1.479023357,79.39790313,20.60209687,79.64453946,69.19987708,13.74860933,2.437393345,0.246636333,20.35546054,2.234077694,134.3516114,2.503969125,7.015369401,14.43799036,73.20903209,40.49300911,22.30887343,细砂岩
1728.375,水层,12.90936683,85.65051146,1.44012171,80.62995552,19.37004448,80.86992014,69.4143444,13.79121963,2.444947423,0.239964612,19.13007986,2.160098575,121.7874801,2.572118498,7.164283554,14.74125091,68.00028732,39.03493258,22.39288979,细砂岩
1728.5,水层,13.2173313,85.32212208,1.460546624,79.72835352,20.27164648,79.96457298,69.1482055,13.73834324,2.435573343,0.236219459,20.03542702,2.428529473,110.9537282,2.556708261,7.097707596,14.64256277,71.65053767,41.0097056,22.08555941,细砂岩
1728.625,水层,13.53791456,84.99470977,1.467375675,82.08282909,17.91717091,82.3205927,68.88285844,13.68562417,2.426227153,0.237763613,17.6794073,2.191766725,115.6258647,2.535067726,6.950201503,14.417688,80.31863826,40.22524227,22.03803962,细砂岩
1728.75,水层,13.59327053,84.98016942,1.426560044,80.99065433,19.00934567,81.22611114,68.87107441,13.68328292,2.42581209,0.235456812,18.77388886,2.468555394,121.4602928,2.582890391,6.771780359,14.14760046,65.61744547,40.50993142,22.19802516,细砂岩
1728.875,水层,13.85737878,84.7362194,1.406401812,80.26987431,19.73012569,80.5083061,68.67336828,13.64400273,2.418848384,0.238431795,19.4916939,2.127776529,99.88882895,2.554666613,6.548486789,13.80085028,70.53086564,39.51578537,22.07068119,细砂岩
1729,水层,13.99380705,84.630249,1.375943946,81.97099646,18.02900354,82.21520664,68.58748595,13.62693966,2.415823393,0.244210181,17.78479336,2.216562321,128.5116274,2.52988165,6.366183413,13.53240765,74.66990445,39.91507402,22.39464078,细砂岩
1729.125,水层,14.32379806,84.33054989,1.345652052,83.86014039,16.13985961,84.10509403,68.3445987,13.5786829,2.407268294,0.244953638,15.89490597,2.249972996,124.4612415,2.414986202,6.09393029,13.06715124,74.83217515,40.61885605,22.23598839,细砂岩
1729.25,水层,14.22212189,84.43991375,1.337964362,86.17469843,13.82530157,86.42335893,68.43323121,13.59629238,2.410390154,0.248660503,13.57664107,2.07533848,117.5599593,2.32176126,5.81647221,12.58576988,71.41081354,41.12452015,22.48372213,细砂岩
1729.375,水层,14.63894732,84.03241823,1.328634454,84.8447924,15.1552076,85.08811175,68.10298176,13.53067852,2.398757939,0.243319354,14.91188825,2.146133944,137.9732887,2.226783202,5.592755517,12.17199218,69.53693586,41.5628646,22.34326067,细砂岩
1729.5,水层,14.51659143,84.12559934,1.357809227,86.31675956,13.68324044,86.56162291,68.17849919,13.5456823,2.401417853,0.244863353,13.43837709,2.081176288,141.5480371,2.170145149,5.419615668,11.84526802,64.72777077,40.39484129,22.02984468,细砂岩
1729.625,水层,14.89291093,83.76486275,1.342226319,86.7081906,13.2918094,86.95113064,67.8861449,13.48759745,2.391120401,0.242940034,13.04886936,2.190051898,127.5575027,2.235650958,5.329145789,11.67611679,56.01864896,40.25075883,22.05294325,细砂岩
1729.75,水层,15.0043014,83.62072406,1.374974538,84.89121522,15.10878478,85.13711601,67.76932958,13.46438861,2.387005872,0.245900792,14.86288399,2.014907457,155.1282681,2.202373923,5.260768867,11.53693441,73.206465,41.18544391,21.86264844,中砂岩
1729.875,水层,14.79257048,83.86199198,1.345437547,86.31540336,13.68459664,86.56788909,67.96486202,13.50323694,2.393893016,0.25248573,13.43211091,2.297001348,130.0250682,2.26207257,5.222471673,11.48261421,66.76693041,40.21249168,22.01997972,细砂岩
1730,水层,15.07304563,83.58747861,1.339475764,84.77965078,15.22034922,85.03168296,67.74238623,13.45903552,2.38605686,0.252032184,14.96831704,2.038491263,129.3358369,2.324237513,5.233327064,11.52365075,65.03235118,40.85850954,21.92881566,中砂岩
1730.125,水层,15.21478412,83.47495532,1.310260563,84.76838995,15.23161005,85.02219418,67.65119319,13.44091732,2.382844812,0.253804231,14.97780582,2.196267912,123.7958346,2.38011875,5.284827929,11.65134264,72.18982693,39.66917865,22.09351378,中砂岩
1730.25,水层,15.12067478,83.56536442,1.313960791,82.81953068,17.18046932,83.07918689,67.72446408,13.45547475,2.385425597,0.259656202,16.92081311,1.961562059,133.0381638,2.506041409,5.431412435,11.95916678,76.37126328,40.26007185,21.72824484,中砂岩
1730.375,水层,14.80611736,83.88512229,1.308760348,81.56325523,18.43674477,81.82195729,67.98360769,13.50696132,2.394553285,0.258702057,18.17804271,2.162395222,122.2908116,2.636421704,5.601754076,12.29713272,72.93260296,40.82363405,22.04226345,细砂岩
1730.5,水层,14.96431683,83.69567049,1.34001268,79.84674251,20.15325749,80.10482272,67.83006894,13.47645629,2.389145265,0.258080214,19.89517728,2.288711838,122.8580822,2.782089769,5.903564374,12.88353731,76.89149723,41.96769137,22.10118156,细砂岩
1730.625,水层,14.6235676,84.06662237,1.309810036,78.43176887,21.56823113,78.68938829,68.13070207,13.53618598,2.399734318,0.257619418,21.31061171,2.393619251,110.5489061,2.927443162,6.226549155,13.52326562,70.03984205,42.11710096,22.03509168,细砂岩
1730.75,水层,14.59510384,84.12145744,1.283438714,76.33031118,23.66968882,76.58382497,68.17514244,13.54501538,2.40129962,0.253513795,23.41617503,2.322472253,125.9168902,2.990021611,6.416678643,13.87941918,78.95922119,41.15724259,22.38109532,细砂岩
1730.875,水层,14.35772462,84.32471725,1.317558136,78.40300254,21.59699746,78.66034585,68.33987171,13.57774374,2.407101798,0.257343314,21.33965415,2.220521644,125.196927,3.034644235,6.536358425,14.12801124,74.69709014,40.75236448,22.61182613,细砂岩
1731,水层,14.76701028,83.9346842,1.298305522,77.6577658,22.3422342,77.91320294,68.02377449,13.51494165,2.395968061,0.255437135,22.08679706,2.338376792,118.5517686,3.026786759,6.489041247,14.03149291,71.82975727,39.95902181,22.68997933,细砂岩
1731.125,水层,14.74914789,83.92372103,1.32713108,79.02849864,20.97150136,79.28703187,68.01488953,13.51317639,2.39565511,0.25853323,20.71296813,2.239989648,118.011987,2.957156778,6.254238573,13.56159635,72.11048953,40.07322243,22.65532021,细砂岩
1731.25,水层,15.0934399,83.57327738,1.333282714,80.0887602,19.9112398,80.34219307,67.73087703,13.45674888,2.385651477,0.253432866,19.65780693,2.238369709,120.6431019,3.010309973,6.08626161,13.24778643,72.34549829,41.68496451,22.44694039,中砂岩
1731.375,水层,15.29498192,83.35066392,1.354354161,78.30381566,21.69618434,78.56268926,67.55046284,13.42090424,2.379296836,0.258873597,21.43731074,2.393225877,132.8765684,3.019597094,5.988835099,13.05428025,67.46550984,40.34252334,21.97335621,中砂岩
1731.5,水层,15.17679846,83.49144308,1.331758457,78.21577303,21.78422697,78.46935113,67.66455548,13.44357213,2.383315466,0.253578097,21.53064887,2.370373542,116.0718258,3.072565918,5.982766166,13.03438832,66.0072945,40.53666503,21.98386792,中砂岩
1731.625,水层,15.01593817,83.61325052,1.370811309,77.70442377,22.29557623,77.95087265,67.76327274,13.46318524,2.386792535,0.246448884,22.04912735,2.284829898,129.7618216,3.105083995,6.012939215,13.08782096,64.14209338,40.47195348,22.01563701,中砂岩
1731.75,水层,15.11292474,83.5330548,1.354020455,79.00697231,20.99302769,79.25083166,67.69827916,13.45027234,2.384503298,0.24385935,20.74916834,1.984874713,127.7293969,3.068629216,6.066211874,13.1800643,66.59393422,40.55975281,22.18214176,中砂岩
1731.875,水层,14.86221732,83.78429239,1.353490284,78.85864532,21.14135468,79.10661015,67.9018914,13.49072596,2.391675032,0.247964835,20.89338985,2.068157895,125.217647,3.054805252,6.18690145,13.37809813,74.53558309,39.9840639,21.95920626,细砂岩
1732,水层,14.55802591,84.06809844,1.373875657,77.69566132,22.30433868,77.94221865,68.13189833,13.53642366,2.399776453,0.246557332,22.05778135,2.270990217,136.2889932,3.051633142,6.251482569,13.48793776,76.60394774,40.89144431,21.89070427,细砂岩
1732.125,水层,14.72022864,83.89389293,1.38587843,77.30079723,22.69920277,77.5401519,67.99071573,13.50837355,2.394803648,0.239354676,22.4598481,2.259248176,134.424776,3.043005595,6.242925977,13.4713448,65.16204576,40.97481164,22.03449625,细砂岩
1732.25,水层,15.1046294,83.54306232,1.352308274,79.30495572,20.69504428,79.54797072,67.70638963,13.45188373,2.384788969,0.243015,20.45202928,2.48764766,122.6648893,3.03921121,6.1791831,13.36841969,68.58830542,39.25297583,22.05875411,中砂岩
1732.375,水层,15.15669163,83.52354962,1.319758745,79.42538989,20.57461011,79.66658648,67.69057581,13.44874184,2.384231967,0.241196586,20.33341352,2.172859541,124.4328603,2.972894164,5.962349903,12.9823342,74.38676707,40.66979669,21.98337126,中砂岩
1732.5,水层,15.17889206,83.49999757,1.321110365,81.1237433,18.8762567,81.3671645,67.67148836,13.44494955,2.383559659,0.243421201,18.6328355,2.065763506,124.7319256,2.923097239,5.851791152,12.78906239,76.1404211,41.01513125,21.96067607,中砂岩
1732.625,水层,14.94577774,83.70867345,1.345548815,79.45987048,20.54012952,79.70964863,67.84060701,13.47854999,2.389516442,0.249778146,20.29035137,2.259006147,117.4781986,2.882905517,5.845890437,12.79038274,67.21809094,39.83803106,22.0007178,细砂岩
1732.75,水层,14.96227862,83.73065607,1.307065314,80.38431361,19.61568639,80.62822374,67.85842254,13.48208958,2.39014395,0.243910132,19.37177626,2.359099686,134.3751664,2.806006675,5.834266713,12.74646851,61.63311619,42.02568935,22.12618987,细砂岩
1732.875,水层,14.7592967,83.90209343,1.338609876,81.6573558,18.3426442,81.90177568,67.99736172,13.50969397,2.395037736,0.244419879,18.09822432,2.008238366,134.3703589,2.81565542,5.850672959,12.75937034,55.00211974,40.27961027,22.07107629,细砂岩
1733,水层,15.09958189,83.53309211,1.367326007,80.79223442,19.20776558,81.04063174,67.6983094,13.45027835,2.384504363,0.24839732,18.95936826,2.125539344,134.3671188,2.801151493,5.724205229,12.50461485,76.32083859,39.691909,22.16112511,中砂岩
1733.125,水层,15.3984411,83.2109313,1.390627594,80.91832257,19.08167743,81.16518535,67.43721836,13.39840486,2.375308081,0.246862774,18.83481465,2.170564533,121.6929776,2.780124244,5.557303537,12.15999525,68.86907847,42.013137,22.13662042,中砂岩
1733.25,水层,15.57790001,83.0414974,1.380602592,82.36937621,17.63062379,82.61546643,67.29990285,13.37112306,2.370471485,0.246090224,17.38453357,2.338484224,113.7946302,2.846784306,5.473160626,11.98676774,70.23652086,40.24583111,22.61065635,中砂岩
1733.375,水层,15.44227278,83.14642183,1.411305381,80.58609296,19.41390704,80.83274087,67.3849375,13.38801772,2.373466618,0.246647904,19.16725913,2.199476505,109.5299122,2.888316995,5.537144766,12.09158401,70.65663997,40.97677657,22.41325087,中砂岩
1733.5,水层,14.98354801,83.60191189,1.414540106,79.21791347,20.78208653,79.46815642,67.75408349,13.46135953,2.386468867,0.250242948,20.53184358,2.098530702,144.0103529,2.904516212,5.695658939,12.37681304,76.23432564,40.40942748,22.42956064,细砂岩
1733.625,水层,14.7415294,83.84994696,1.408523644,79.24420986,20.75579014,79.49408834,67.9551003,13.50129748,2.393549183,0.249878486,20.50591166,2.423445687,128.0806267,2.885223865,5.924963072,12.79443721,85.53999094,40.74090981,22.67930538,细砂岩
1733.75,水层,14.37613268,84.24409296,1.37977436,81.15747655,18.84252345,81.40517787,68.2745308,13.56476183,2.404800327,0.247701323,18.59482213,2.016015235,123.128321,2.754134185,6.060367568,13.0403991,81.47075518,40.95672683,22.33891424,细砂岩
1733.875,水层,14.14882004,84.49594056,1.355239397,83.20513336,16.79486664,83.45118699,68.47863742,13.60531367,2.411989474,0.246053632,16.54881301,2.156365384,122.6774695,2.616675883,6.07704983,13.07322755,67.99267332,39.64874447,22.3954247,细砂岩
1734,水层,14.22201265,84.43071551,1.347271848,82.91823703,17.08176297,83.16329275,68.42577662,13.5948113,2.410127584,0.24505572,16.83670725,2.174603959,119.7421518,2.516723656,6.073941035,13.06593743,54.26871203,41.1039504,22.29631795,细砂岩
1734.125,水层,14.24287876,84.38988978,1.367231458,82.07245211,17.92754789,82.31684733,68.39268994,13.58823765,2.408962189,0.24439522,17.68315267,2.176642267,130.0724941,2.431064274,6.090525649,13.09110319,77.75736225,41.50869072,22.0940429,细砂岩
1734.25,水层,13.85821602,84.79131221,1.350471771,83.57856273,16.42143727,83.81824375,68.71801753,13.65287363,2.420421043,0.239681025,16.18175625,2.122443723,133.9915235,2.40132627,6.150540179,13.18544796,69.09544129,39.23879422,22.01667815,细砂岩
1734.375,水层,13.70874427,84.9238663,1.367389429,83.75328903,16.24671097,83.99582737,68.82544427,13.67421714,2.424204882,0.242538337,16.00417263,2.097835482,111.4615629,2.348733635,6.230409601,13.32427571,68.75190754,40.33146812,22.20165608,细砂岩
1734.5,水层,13.60823769,85.06122855,1.330533758,83.99549516,16.00450484,84.24050159,68.93676773,13.69633485,2.428125974,0.245006432,15.75949841,2.101377595,128.3677378,2.226019215,6.210692597,13.27436843,72.4599257,42.19874652,22.27770925,细砂岩
1734.625,水层,13.6680143,84.99007986,1.34190584,85.96650462,14.03349538,86.20840453,68.87910619,13.68487868,2.42609499,0.241899906,13.79159547,2.270799618,131.7448484,2.130621798,6.097620331,13.07326801,84.10760634,41.81730154,22.03284764,细砂岩
1734.75,水层,13.88844563,84.80811722,1.303437146,87.21335174,12.78664826,87.45265367,68.73163694,13.65557953,2.420900752,0.239301931,12.54734633,2.206185811,123.1519539,2.031288472,5.969294844,12.84775352,67.24463921,40.42603946,21.91166315,细砂岩
1734.875,水层,13.78609289,84.89882626,1.315080848,87.6199507,12.3800493,87.86444593,68.8051509,13.67018526,2.423490099,0.244495221,12.13555407,2.176910026,124.2706543,1.927941281,5.813016938,12.54188765,65.78331264,41.04458697,22.45836141,细砂岩
1735,水层,13.70483592,84.95378148,1.341382608,88.29763468,11.70236532,88.54779128,68.84968864,13.67903401,2.42505883,0.250156599,11.45220872,2.084800615,123.6991254,1.836943594,5.705689817,12.32121906,78.82368787,40.52960211,22.60309196,细砂岩
1735.125,水层,13.63381979,85.00212667,1.364053537,89.61266286,10.38733714,89.86919895,68.88886937,13.68681842,2.426438874,0.256536087,10.13080105,2.03915931,125.4665763,1.739977363,5.693925785,12.2481387,53.46375312,38.96700333,22.25278617,细砂岩
1735.25,水层,13.31248629,85.31543782,1.372075886,90.68039459,9.319605412,90.94144661,69.14278833,13.73726696,2.435382536,0.261052024,9.058553388,2.26120756,129.5864841,1.617344272,5.612220714,12.03889311,77.8766388,40.80257949,22.27068717,细砂岩
1735.375,水层,13.3908773,85.2047582,1.404364504,92.40825538,7.591744619,92.66185759,69.05308946,13.71944562,2.432223117,0.253602209,7.33814241,2.136141425,126.2036562,1.466913173,5.488119802,11.75348873,73.05897513,41.95295062,21.88779424,细砂岩
1735.5,水层,13.39537297,85.17777728,1.426849751,94.28410892,5.71589108,94.53637164,69.03122313,13.71510122,2.43145293,0.252262717,5.463628364,2.09860165,118.6599573,1.283061848,5.297850556,11.35054372,61.29766994,40.68865265,22.21457613,细砂岩
1735.625,水层,13.57189866,84.98249571,1.445605635,97.03560512,2.964394878,97.28575499,68.87295972,13.6836575,2.425878495,0.25014987,2.714245008,2.289632088,129.5839704,1.083891858,5.022957756,10.79814193,88.59311176,41.53876337,22.04600566,细砂岩
1735.75,水层,13.69118898,84.85564822,1.453162796,98.9649398,1.035060202,99.21609126,68.77015782,13.66323285,2.422257555,0.251151465,0.783908737,2.079731282,132.5885242,6.060037989,3.873052624,8.101011812,96.90413762,46.83769835,22.02960936,细砂岩
1735.875,非储层,1.714825653,40.94311543,57.34205891,92.70392044,7.296079557,93.27820788,35.35585473,5.546317588,0.040943115,0.57428744,6.721792117,1.998405482,157.2070538,11.0553369,2.777934033,5.51614958,135.7871058,49.04210413,22.07755985,泥岩
1736,非储层,1.749749054,41.2086018,57.04164915,92.18695106,7.813048942,92.76863767,35.58511177,5.582281429,0.041208602,0.581686607,7.231362335,2.05160772,151.2222242,16.0803882,1.784088297,3.123966984,137.3401514,52.32115639,21.95413627,泥岩
1736.125,非储层,1.797056666,41.62309241,56.57985093,90.37962085,9.620379147,90.96056338,35.94303934,5.638429979,0.041623092,0.580942532,9.039436616,2.263826944,165.4175915,21.23090077,0.843410594,0.842341421,181.712164,57.0679989,22.04804156,泥岩
1736.25,非储层,1.807455669,40.73471763,57.4578267,92.17638839,7.823611613,92.76735164,35.17589572,5.518087191,0.040734718,0.590963252,7.232648362,2.063839432,152.9935542,21.1281112,0.851753917,0.850672135,164.9163423,57.54108366,22.11897827,泥岩
1736.375,非储层,1.802427241,42.0352996,56.16227316,90.86142736,9.138572636,91.45493804,36.29899509,5.694269208,0.0420353,0.593510676,8.54506196,2.264684578,168.2559375,21.07258198,0.855953873,0.85482406,169.5391546,57.27360386,22.10258907,泥岩
1736.5,非储层,1.768978547,41.81761519,56.41340626,91.33832184,8.661678162,91.9375279,36.11101676,5.66478081,0.041817615,0.599206066,8.062472097,2.146382081,154.5969177,21.19670279,0.843096807,0.842072453,167.9581463,56.09939647,22.17932513,泥岩
1736.625,非储层,1.820681755,40.15445015,58.0248681,93.84273924,6.157260755,94.43589301,34.67481385,5.439481845,0.04015445,0.593153768,5.564106987,1.954539939,168.4136665,21.32129824,0.831139716,0.830253134,167.0861677,56.83688624,22.0126159,泥岩
1736.75,非储层,1.849307661,39.24793183,58.90276051,95.49050367,4.509496328,96.08315129,33.89200264,5.316681261,0.039247932,0.592647616,3.916848712,2.210389161,163.4303375,21.58179385,0.805016306,0.80443134,169.9165211,58.38269676,21.99321011,泥岩
1736.875,非储层,1.89510592,38.90310489,59.20178919,98.27728113,1.72271887,98.87575832,33.59423216,5.26996963,0.038903105,0.598477193,1.124241677,2.357649051,175.4152963,21.90573796,0.775770338,0.775599073,173.570392,57.70894933,22.08307413,泥岩
1737,非储层,1.929134735,37.91723528,60.15362998,99.39826544,0.601734562,99.99,32.74289824,5.136419803,0.037917235,0.591734562,0.01,2.303853089,165.3522692,22.07463956,0.758937266,0.758986057,174.1355881,59.18495719,21.94879122,泥岩
1737.125,非储层,1.890082836,38.09822014,60.01169703,99.10197836,0.898021645,99.69019011,32.89918518,5.160936733,0.03809822,0.588211758,0.309809886,2.067602698,192.6431121,22.12521893,0.753781303,0.753933735,174.2306064,56.78075466,22.05943543,泥岩
1737.25,非储层,1.874821878,38.62633306,59.49884506,97.12564751,2.874352486,97.70008383,33.35522972,5.232477015,0.038626333,0.57443632,2.299916166,2.146876593,183.985916,22.27445234,0.754023417,0.754191168,166.7558893,57.58261863,22.03991074,泥岩
1737.375,非储层,1.888722798,37.38459861,60.7266786,95.5622908,4.437709198,96.12449182,32.28294729,5.064266717,0.037384599,0.562201016,3.875508182,2.070405,181.0282379,22.18711752,0.768408855,0.768520999,184.4602326,58.04961302,21.87565259,泥岩
1737.5,非储层,1.920011498,39.05614123,59.02384727,93.77631324,6.223686759,94.32331998,33.72638455,5.290700542,0.039056141,0.547006739,5.67668002,2.099434481,188.6700062,22.24117495,0.772412033,0.772510015,166.8192449,59.40651253,21.94225803,泥岩
1737.625,非储层,1.865592895,37.63373493,60.50067218,96.11989384,3.880106161,96.67019654,32.49808548,5.098015715,0.037633735,0.5503027,3.329803461,2.132822809,170.5792719,22.27697115,0.777074673,0.777213819,174.9234858,58.52580381,22.06358569,泥岩
1737.75,非储层,1.909514919,38.30342101,59.78706407,94.20128991,5.798710087,94.74184977,33.07638353,5.188734061,0.038303421,0.540559861,5.258150226,2.098576499,177.2164921,22.03848258,0.787335026,0.787514684,178.3083896,57.68634508,21.98084137,泥岩
1737.875,非储层,1.948919242,39.93775393,58.11332682,94.68841877,5.311581233,95.24274955,34.48768887,5.410127312,0.039937754,0.554330788,4.757250445,2.343965723,175.5079173,21.8889246,0.794539978,0.794688077,170.8341847,56.43497317,21.84243317,泥岩
1738,非储层,1.908534699,40.70572292,57.38574238,93.08204697,6.917953027,93.62458572,35.15085775,5.514159452,0.040705723,0.542538746,6.37541428,2.248256534,172.1058489,21.45864701,0.81914003,0.819211682,166.773082,58.55825102,21.90485169,泥岩
1738.125,非储层,1.869970588,42.40482284,55.72520657,92.26569872,7.734301282,92.79584306,36.61809172,5.744326299,0.042404823,0.530144344,7.204156939,2.213343656,173.2632128,21.04457228,0.841321874,0.84124252,172.2970436,57.83147537,22.03940455,泥岩
1738.25,非储层,1.853099793,42.91283971,55.2340605,91.56320107,8.436798928,92.10079823,37.05678258,5.813144288,0.04291284,0.537597154,7.899201773,2.207231451,168.2225072,20.93093204,0.849553986,0.849386456,165.5374015,57.88771141,22.20757146,泥岩
1738.375,非储层,1.867935281,41.29284301,56.83922171,92.99713585,7.002864149,93.52781283,35.65785709,5.593693079,0.041292843,0.530676981,6.472187168,2.172525374,154.4476885,21.02680254,0.849014847,0.848811723,167.8323219,57.28821225,22.07166809,泥岩
1738.5,非储层,1.900101353,39.72197324,58.37792541,91.67755468,8.322445318,92.22009571,34.30135446,5.380896799,0.039721973,0.54254103,7.779904287,2.35886096,149.9940784,21.13279952,0.852165249,0.851922154,180.5675159,58.4055571,21.96250393,泥岩
1738.625,非储层,1.932216756,41.31024684,56.75753641,89.08695649,10.91304351,89.63229637,35.67288592,5.596050671,0.041310247,0.545339876,10.36770363,2.178227131,161.31674,21.26573653,0.856498061,0.856282182,163.1382064,57.47109911,21.90160005,泥岩
1738.75,非储层,1.954967774,41.52658776,56.51844446,87.48292926,12.51707074,88.01468875,35.8597041,5.625357075,0.041526588,0.531759494,11.98531125,2.077215029,171.6510667,21.16991377,0.87357892,0.873321276,163.1239644,57.16610676,22.11786522,泥岩
1738.875,非储层,1.971453862,42.42177031,55.60677583,87.57163227,12.42836773,88.10619549,36.63272647,5.746622071,0.04242177,0.534563222,11.89380451,2.052160055,164.6713685,21.05161703,0.88685992,0.886536584,162.1648221,56.78106056,21.77728345,泥岩
1739,非储层,1.945443984,41.08209159,56.97246443,88.072529,11.927471,88.61927851,35.47586565,5.565143852,0.041082092,0.546749505,11.38072149,2.06136038,162.7160101,21.07756203,0.882201936,0.881837067,170.6381408,58.56494269,21.74294569,泥岩
1739.125,非储层,1.889058615,41.01506275,57.09587863,90.59133444,9.408665559,91.15302514,35.41798383,5.556063858,0.041015063,0.561690698,8.846974862,2.221268607,159.669771,21.15059778,0.867040071,0.866665353,163.3291717,56.33763707,21.92658885,泥岩
1739.25,非储层,1.866645504,40.6418727,57.4914818,92.58239238,7.417607618,93.13814843,35.09572078,5.505510046,0.040641873,0.555756048,6.86185157,2.149206707,181.860794,21.45120322,0.838146263,0.837852897,163.9943623,58.28139448,22.10701344,泥岩
1739.375,非储层,1.910856202,38.98179349,59.10735031,94.81690355,5.183096453,95.37977851,33.6621826,5.280629101,0.038981793,0.562874961,4.620221493,2.164086352,162.0049381,21.54897245,0.815092333,0.814942094,165.6133336,58.42620261,21.99098659,泥岩
1739.5,非储层,1.926958346,39.76045989,58.31258176,96.54435899,3.455641013,97.11895451,34.33458908,5.386110355,0.03976046,0.574595524,2.881045489,2.281220609,166.1262877,21.60093879,0.797403636,0.79752419,172.5062652,56.74121015,21.98711119,泥岩
1739.625,非储层,1.973997693,40.14477137,57.88123093,97.68904188,2.310958122,98.24978518,34.66645588,5.43817072,0.040144771,0.5607433,1.750214821,2.149001736,157.2231308,21.48190994,0.787187721,0.787593205,168.6806397,56.30619091,22.11127144,泥岩
1739.75,非储层,1.996570546,41.58408772,56.41934173,99.42978359,0.570216408,99.99,35.90935738,5.633146248,0.041584088,0.560216408,0.01,1.974348489,162.8123279,21.27549207,0.785148897,0.785761071,179.7327293,56.8710133,22.13485208,泥岩
1739.875,非储层,2.033851063,40.94315849,57.02299045,99.41699987,0.583000132,99.99,35.35589191,5.54632342,0.040943158,0.573000132,0.01,2.28535248,168.4987138,21.00519961,0.792787865,0.793594917,164.3826506,57.58568283,22.10897824,泥岩
1740,非储层,2.07754289,42.50221676,55.42024035,97.71419351,2.285806491,98.28488865,36.70219487,5.757519667,0.042502217,0.570695139,1.715111352,2.135262399,168.415871,20.89557248,0.80000105,0.800883238,164.7640342,57.25890071,21.98284872,泥岩
1740.125,非储层,2.096178199,41.27064937,56.63317243,96.1224227,3.877577304,96.69720564,35.63869208,5.59068664,0.041270649,0.574782947,3.302794358,2.179083059,160.6893219,20.87918135,0.807508147,0.808425505,160.0625887,56.13982309,21.83948871,泥岩
1740.25,非储层,2.125316757,41.75873512,56.11594812,96.04439435,3.955605654,96.62661359,36.0601717,5.656804681,0.041758735,0.582219244,3.37338641,2.259340988,167.2691886,20.78156021,0.818445735,0.819373289,157.214774,55.97337553,22.03895291,泥岩
1740.375,非储层,2.105907824,42.05444601,55.83964616,95.93129337,4.068706627,96.50203465,36.31552871,5.696862857,0.042054446,0.570741276,3.497965351,2.203531046,158.3489646,20.69417143,0.82058708,0.821638292,158.9825537,56.86156313,21.84651106,泥岩
1740.5,非储层,2.155031479,43.35246206,54.49250646,98.30183023,1.698169774,98.86509895,37.43641232,5.872697284,0.043352462,0.563268722,1.134901052,2.276010516,165.5599172,20.48791454,0.821663554,0.822864176,163.6233883,57.02162897,22.10373892,泥岩
1740.625,非储层,2.155416947,43.32441946,54.5201636,99.4177086,0.582291395,99.99,37.41219652,5.868898521,0.043324419,0.572291395,0.01,2.370271065,167.0584324,20.46710255,0.817682053,0.819005715,150.6359506,56.39609318,22.12656153,泥岩
1740.75,非储层,2.177746685,41.85354366,55.96870965,98.25005096,1.749949045,98.82821791,36.14204229,5.669647824,0.041853544,0.578166955,1.17178209,2.067632695,159.5333145,20.37142404,0.819473319,0.820800518,167.896297,55.814841,22.1124666,泥岩
1740.875,非储层,2.132725885,43.02942913,54.83784499,96.86267657,3.137323429,97.45797217,37.15746174,5.828937956,0.043029429,0.595295598,2.542027832,1.974897431,156.5325784,20.4449209,0.817285324,0.81844036,163.5952182,55.00529869,21.94981808,泥岩
1741,非储层,2.075294626,42.64350349,55.28120188,97.9973687,2.002631296,98.59438593,36.82420106,5.776658931,0.042643503,0.597017228,1.405614067,2.083201231,161.7614912,20.49679861,0.815383379,0.816405099,170.2980014,57.18957065,21.87358532,泥岩
1741.125,非储层,2.08234869,42.83465973,55.08299158,99.3959978,0.604002203,99.99,36.98927135,5.802553716,0.04283466,0.594002203,0.01,1.828496336,157.9850474,20.47287615,0.814157118,0.815024824,155.5408822,56.85779575,22.05555245,泥岩
1741.25,非储层,2.06265202,42.180621,55.75672698,99.3921258,0.607874202,99.99,36.42448535,5.713955023,0.042180621,0.597874202,0.01,2.213395097,162.7666841,20.45777354,0.809377419,0.810279246,145.4339232,54.65529201,22.05469056,泥岩
1741.375,非储层,2.118992617,43.11333065,54.76767673,99.39081436,0.60918564,99.99,37.22991373,5.84030359,0.043113331,0.59918564,0.01,2.364686608,148.0304002,20.32219832,0.811826773,0.812835526,164.5984533,57.21196379,22.09167797,泥岩
1741.5,非储层,2.131651567,44.00465397,53.86369446,99.39596727,0.604032726,99.99,37.99960352,5.961045799,0.044004654,0.594032726,0.01,1.954019091,161.5809341,20.1186362,0.820517962,0.821635206,165.9480534,54.61131731,22.39249211,泥岩
1741.625,非储层,2.173107078,44.95453938,52.87235354,99.19379278,0.806207215,99.7894337,38.81986378,6.089721063,0.044954539,0.595640917,0.210566298,2.166162232,158.6473905,19.89582701,0.829286098,0.830591188,163.123026,56.23260626,22.50276674,泥岩
1741.75,非储层,2.181491502,44.47376261,53.34474589,99.41180886,0.588191137,99.99,38.40469573,6.024593125,0.044473763,0.578191137,0.01,2.391273581,156.7656639,19.8806804,0.829918088,0.831315107,156.1031749,56.9698283,22.59429538,泥岩
1741.875,非储层,2.159170065,43.24048995,54.60033998,99.34547885,0.654521155,99.92276792,37.33972037,5.857529096,0.04324049,0.577289074,0.077232081,2.341363828,166.2068611,20.0359916,0.823650394,0.825063691,163.6564145,55.12293706,22.47491733,泥岩
1742,非储层,2.116564153,42.34029099,55.54314485,99.41403188,0.585968121,99.99,36.56236614,5.735584557,0.042340291,0.575968121,0.01,2.235380063,151.59286,20.27900898,0.817014422,0.818365017,161.2385723,57.4195792,22.09659635,泥岩
1742.125,非储层,2.139164676,42.41818119,55.44265413,97.62601011,2.373989891,98.21212896,36.62962713,5.746135874,0.042418181,0.58611885,1.787871041,2.265344862,164.2760932,20.58952388,0.814267586,0.815421961,160.7031617,56.17295051,21.98346533,泥岩
1742.25,非储层,2.097225994,41.36061603,56.54215797,94.91839797,5.081602032,95.49068014,35.71638154,5.602873883,0.041360616,0.572282169,4.509319863,2.073374805,164.5873002,20.87815646,0.811990261,0.812998449,162.8540864,57.51635717,22.01972532,泥岩
1742.375,非储层,2.112162781,40.31828568,57.56955154,95.13758769,4.862412306,95.71408924,34.81629173,5.461675659,0.040318286,0.576501548,4.285910759,2.185677001,165.6130067,21.04910176,0.80905308,0.810103955,156.9700825,57.94270187,22.15915268,泥岩
1742.5,非储层,2.155051112,40.52123528,57.32371361,97.63605968,2.363940319,98.19587395,34.99154603,5.489168021,0.040521235,0.559814264,1.804126055,2.031571169,166.2163457,21.13513604,0.805368539,0.806518032,179.5306224,56.14734094,22.08160592,泥岩
1742.625,非储层,2.199300032,41.42831591,56.37238406,97.72052396,2.279476036,98.29621917,35.77484281,5.612044777,0.041428316,0.575695209,1.703780827,2.154535395,157.9074746,20.95747837,0.804415568,0.805752073,166.5153782,54.4562509,22.01288479,泥岩
1742.75,非储层,2.164323134,43.08552891,54.75014796,98.586419,1.413581001,99.14730528,37.20590592,5.836537455,0.043085529,0.56088628,0.852694721,2.220719019,155.0449468,20.56189171,0.819199232,0.820704356,174.8147462,57.92645659,21.99547639,泥岩
1742.875,非储层,2.223780211,44.47468464,53.30153515,95.67520665,4.324793346,96.24221861,38.40549193,6.024718027,0.044474685,0.567011954,3.757781392,2.163435474,155.5195986,20.32223342,0.831588924,0.833131142,167.0511438,56.16154084,21.93525963,泥岩
1743,非储层,2.232223071,43.09396755,54.67380938,96.2040085,3.795991497,96.7771513,37.213193,5.837680587,0.043093968,0.573142798,3.2228487,2.137318197,172.4251769,20.17590619,0.839490368,0.841060761,162.8569922,56.188746,22.05094827,泥岩
1743.125,非储层,2.225506558,43.02329113,54.75120231,96.74172011,3.258279894,97.3091546,37.15216136,5.828106478,0.043023291,0.567434492,2.690845401,2.009668631,162.4617653,20.20944364,0.845045751,0.846642657,159.520123,56.88271044,22.26640453,泥岩
1743.25,非储层,2.258716766,42.75785575,54.98342748,95.350168,4.649832004,95.92122931,36.92294835,5.792149544,0.042757856,0.571061317,4.078770687,2.334318582,158.0082179,20.23380273,0.843079476,0.844771502,162.1722189,54.73021818,22.03171207,泥岩
1743.375,非储层,2.302311514,44.1268755,53.57081299,96.00437971,3.995620292,96.57946258,38.10514621,5.977602414,0.044126875,0.575082872,3.42053742,2.04688829,159.2391148,20.18884805,0.847822792,0.849501134,164.7346017,56.27516362,22.15900438,泥岩
1743.5,非储层,2.262518475,43.60124819,54.13623333,94.93182536,5.068174645,95.51589084,37.6512481,5.906398845,0.043601248,0.584065485,4.48410916,2.261987415,148.8763353,20.02351703,0.865988823,0.867453769,160.5166702,57.54211358,21.91502936,泥岩
1743.625,非储层,2.202949145,45.00478339,52.79226746,92.12291554,7.877084465,92.72040438,38.86325129,6.096527316,0.045004783,0.597488848,7.279595617,2.059958851,163.2760234,19.93882269,0.872769875,0.874142087,169.2934281,56.68087519,22.18838821,泥岩
1743.75,非储层,2.265620931,43.71972034,54.01465873,93.96943594,6.030564061,94.57199808,37.75355306,5.922447554,0.04371972,0.602562144,5.428001917,2.006180325,167.0546078,19.99733743,0.870563399,0.871869866,164.8981854,56.83361106,22.02325628,泥岩
1743.875,非储层,2.299358185,43.50113438,54.19950743,95.8723457,4.127654304,96.47426645,37.56479622,5.892837029,0.043501134,0.601920756,3.525733548,2.223494192,159.3282329,20.06808579,0.862222233,0.86354304,165.9331281,56.26089592,21.92280985,泥岩
1744,非储层,2.238919103,42.76432086,54.99676004,97.34783304,2.652166961,97.93802628,36.9285312,5.793025333,0.042764321,0.590193238,2.061973723,2.378642295,163.68844,20.36263606,0.833323486,0.834853178,158.3929065,56.52220478,22.32655556,泥岩
1744.125,非储层,2.192638474,41.55567799,56.25168353,99.41196202,0.588037981,99.99,35.88482456,5.629297753,0.041555678,0.578037981,0.01,2.03437405,166.5400224,20.40741969,0.81948658,0.821063739,162.4725858,57.14118319,22.03873476,泥岩
1744.25,非储层,2.185578784,43.10239223,54.71202899,99.39652399,0.603476009,99.99,37.22046801,5.838821828,0.043102392,0.593476009,0.01,2.006258667,147.3628573,20.32322775,0.815486591,0.816996975,169.9896758,55.79583418,21.90818639,泥岩
1744.375,非储层,2.183023414,44.38529936,53.43167723,99.38797766,0.612022341,99.99,38.32830452,6.01260954,0.044385299,0.602022341,0.01,2.039636384,143.0932738,20.05354021,0.822619511,0.824044872,160.5175067,56.52823919,22.13168863,泥岩
1744.5,非储层,2.158273527,45.6792497,52.16247678,99.38297568,0.61702432,99.99,39.44567724,6.18789321,0.04567925,0.60702432,0.01,2.111504698,157.9832659,19.80598921,0.832737077,0.834005675,178.0979725,56.59715177,21.89247907,泥岩
1744.625,非储层,2.111983358,44.31036585,53.57765079,99.38341289,0.616587107,99.99,38.26359674,6.002458749,0.044310366,0.606587107,0.01,2.261768769,150.3755326,19.57638115,0.842478691,0.843713043,153.8192342,55.32729401,21.93209512,泥岩
1744.75,非储层,2.156677054,45.61275686,52.23056609,99.395251,0.604748999,99.99,39.38825828,6.178885825,0.045612757,0.594748999,0.01,1.954160317,165.4217767,19.60871525,0.841271926,0.842413469,158.2037334,55.11095968,22.1710184,泥岩
1744.875,非储层,2.098712775,44.11775847,53.78352876,99.3956217,0.604378304,99.99,38.09727332,5.976367385,0.044117758,0.594378304,0.01,2.276172134,147.0428206,19.61375794,0.841223409,0.842249053,157.4563941,55.2547169,22.0566149,泥岩
1745,非储层,2.07217935,45.70848599,52.21933466,99.3808614,0.619138597,99.99,39.47092383,6.191853675,0.045708486,0.609138597,0.01,2.049403564,160.8248587,19.55964379,0.843688661,0.844608799,166.158338,55.85284398,23.02378885,泥岩
1745.125,非储层,2.018854435,44.98597902,52.99516655,99.3886694,0.611330604,99.99,38.84701304,6.093980001,0.044985979,0.601330604,0.01,2.089847685,142.7659398,19.53733813,0.845000837,0.845693764,166.2555018,56.28471619,23.26218691,泥岩
1745.25,非储层,2.016349016,45.99040944,51.99324154,99.3720434,0.627956597,99.99,39.71437488,6.230044149,0.045990409,0.617956597,0.01,2.147476609,160.1683633,19.30742928,0.855327142,0.855811696,167.248215,56.24390675,22.92995768,泥岩
1745.375,非储层,1.993650041,46.70546399,51.30088597,99.35797047,0.642029532,99.99,40.33185024,6.326908288,0.046705464,0.632029532,0.01,2.092282613,164.8928251,19.32902715,0.856310633,0.856525084,163.546063,57.30950208,23.12912708,泥岩
1745.5,非储层,1.935747081,45.6317883,52.43246462,98.61404869,1.385951314,99.26362207,39.40469261,6.1814639,0.045631788,0.649573386,0.736377928,2.171647099,165.4360859,19.40641731,0.853176145,0.853278445,151.3394686,55.99553465,21.88456906,泥岩
1745.625,非储层,1.987008072,44.18039672,53.83259521,99.34867959,0.651320413,99.98741261,38.15136371,5.984852613,0.044180397,0.638733023,0.01258739,2.049300691,144.0203759,19.64018278,0.84938279,0.849364093,162.5452196,56.06439651,21.86504836,泥岩
1745.75,非储层,1.99330782,43.58205212,54.42464006,96.53403794,3.465962058,97.16529855,37.6346716,5.903798468,0.043582052,0.631260609,2.834701449,1.981042699,146.1293627,19.95741233,0.845828164,0.84573782,159.2952613,56.31543552,21.95537797,泥岩
1745.875,非储层,2.004365949,43.42437814,54.57125591,94.74074468,5.259255324,95.35997335,37.49851444,5.882439322,0.043424378,0.619228679,4.640026646,2.200798899,158.0953931,20.1963516,0.843724687,0.843690476,177.7145344,57.21341406,21.98020883,泥岩
1746,非储层,2.004527613,43.11054666,54.88492573,94.91451156,5.085488436,95.53494977,37.22750965,5.83992646,0.043110547,0.620438208,4.465050228,2.203128489,168.0134538,20.3160886,0.847751049,0.847688331,154.3049969,56.12433116,21.94780934,泥岩
1746.125,非储层,1.994092003,43.02090545,54.98500255,95.22329902,4.776700982,95.83136687,37.15010124,5.827783304,0.043020905,0.608067852,4.16863313,2.275677163,152.2610232,20.38747213,0.844581009,0.844546931,160.5683117,57.67795118,22.07644052,泥岩
1746.25,非储层,1.942284147,42.85407602,55.20363983,96.67437396,3.325626042,97.26591282,37.00603802,5.805183925,0.042854076,0.591538865,2.734087177,2.218119598,164.210319,20.5002538,0.841444909,0.841463971,169.3258563,57.22928006,22.10790271,泥岩
1746.375,非储层,1.995418057,42.23741526,55.76716668,94.06227681,5.937723193,94.6460715,36.47352925,5.721648601,0.042237415,0.583794694,5.353928499,2.15178738,164.2621443,20.67216518,0.834530985,0.834637364,151.0802291,58.56449453,22.16801955,泥岩
1746.5,非储层,2.033273653,41.22858176,56.73814459,94.87168168,5.12831832,95.4709065,35.60236518,5.584987994,0.041228582,0.599224821,4.529093498,2.039393698,172.3451576,20.97187414,0.820954196,0.821223205,173.3817484,56.99493811,21.89140842,泥岩
1746.625,非储层,2.069124246,39.68575646,58.24511929,96.02114668,3.978853318,96.61081301,34.27007997,5.37599073,0.039685756,0.589666324,3.389186994,1.967895778,161.0230093,21.19868272,0.815764373,0.816137747,165.9173727,57.29732565,21.97365968,泥岩
1746.75,非储层,2.030827383,40.38291047,57.58626215,94.88638379,5.113616208,95.46206439,34.87209757,5.470429991,0.04038291,0.575680601,4.537935607,2.166587437,175.0170563,21.52684971,0.804327773,0.804755131,172.5090335,55.51375134,22.01215245,泥岩
1746.875,非储层,1.993223626,38.71144946,59.29532692,93.5013095,6.498690505,94.06239292,33.42873079,5.244007221,0.038711449,0.561083426,5.937607079,2.257204718,168.6325977,21.64446138,0.799678999,0.800208694,167.7579855,57.14428286,21.99326654,泥岩
1747,非储层,2.018417311,39.96963843,58.01194426,94.94749892,5.052501075,95.49193931,34.51522228,5.414446514,0.039969638,0.54444039,4.508060685,2.24337283,175.6667392,21.63370722,0.797108111,0.797661829,156.2633589,58.30780401,22.01492153,泥岩
1747.125,非储层,1.985763423,39.82840793,58.18582865,97.52963543,2.470364573,98.07373917,34.39326465,5.395314867,0.039828408,0.544103742,1.92626083,2.080908119,155.6587006,21.80417208,0.781800032,0.782495026,154.6168691,57.45672716,22.09456301,泥岩
1747.25,非储层,2.004587404,38.40891194,59.58650066,99.42455704,0.575442955,99.96623474,33.16747874,5.203024283,0.038408912,0.541677692,0.033765263,2.134253803,167.022089,21.82600317,0.771077765,0.771886085,164.6553265,57.63941909,21.84063261,泥岩
1747.375,非储层,1.958266929,38.34259182,59.69914125,98.40191521,1.598084794,98.93917412,33.11020894,5.194040296,0.038342592,0.537258915,1.060825879,2.167849661,161.1301412,21.86445283,0.760566151,0.761449024,159.6793989,57.79334308,21.89077203,泥岩
1747.5,非储层,1.963764215,39.45168314,58.58455264,99.46784662,0.532153385,99.99,34.06794923,5.344282226,0.039451683,0.522153385,0.01,1.903133433,159.9060694,21.91647955,0.759063649,0.759961166,162.6478575,58.49007452,22.01507994,泥岩
1747.625,非储层,1.983890416,39.27425474,58.74185484,97.3463885,2.653611496,97.88112939,33.91473342,5.320247067,0.039274255,0.534740883,2.118870613,2.291608516,173.2977152,21.78054939,0.772677761,0.773543337,169.3548356,58.01726542,22.10250829,泥岩
1747.75,非储层,2.04108366,39.99586573,57.96305061,95.06225318,4.937746819,95.59227679,34.5378705,5.417999368,0.039995866,0.530023608,4.407723211,2.049255381,162.8110306,21.55700231,0.786586277,0.787508947,165.7739606,58.47895087,22.03022432,泥岩
1747.875,非储层,2.078293766,40.74900109,57.17270515,95.4720931,4.527906895,96.01352879,35.18823,5.520022085,0.040749001,0.541435683,3.986471212,2.207335721,175.6983276,21.53737423,0.79742475,0.798309263,163.9924299,56.82203836,22.11281609,泥岩
1748,非储层,2.041615814,39.7631109,58.19527329,94.45125238,5.548747616,94.98588233,34.33687832,5.386469471,0.039763111,0.534629945,5.014117671,2.037864414,165.9504475,21.51699418,0.807703592,0.808560693,164.3258185,56.75740326,22.03744738,泥岩
1748.125,非储层,2.056965882,39.58634291,58.35669121,92.79065955,7.209340448,93.33059131,34.18423279,5.362523775,0.039586343,0.539931761,6.669408687,2.182356357,176.4316201,21.59368958,0.813480125,0.814184355,171.7864067,58.6706302,22.05280964,泥岩
1748.25,非储层,2.017621179,39.32184654,58.66053228,91.14813351,8.851866489,91.69715103,33.95583065,5.326694043,0.039321847,0.549017516,8.302848974,2.403355857,169.2221887,21.64058709,0.824463147,0.824919985,167.9945151,57.32901093,22.04550064,泥岩
1748.375,非储层,1.979386442,40.51994385,57.50066971,89.88059032,10.11940968,90.42191399,34.99043083,5.488993079,0.040519944,0.541323666,9.57808601,2.23620365,167.9323964,21.5394388,0.840556541,0.84078798,171.4045408,58.89046097,22.02606409,泥岩
1748.5,非储层,1.973009175,41.09291203,56.9340788,89.2206045,10.7793955,89.76042688,35.48520949,5.566609632,0.041092912,0.539822373,10.23957312,2.156803156,175.6086937,21.3355978,0.853114918,0.853260955,169.033151,56.91316438,21.98290238,泥岩
1748.625,非储层,2.007118862,41.89785901,56.09502213,90.89848319,9.101516815,91.42428336,36.18031019,5.675650957,0.041897859,0.525800171,8.575716644,1.98698363,166.90114,21.00575656,0.870478695,0.870517743,174.3529853,56.61254417,21.95191275,泥岩
1748.75,非储层,1.954204413,42.99276479,55.0530308,89.57744049,10.42255951,90.11278264,37.12580076,5.823971258,0.042992765,0.535342151,9.887217356,2.370092869,174.8269137,20.84371686,0.880502366,0.880395686,154.3255193,55.29947479,22.06012753,泥岩
1748.875,非储层,1.904616104,42.37331303,55.72207087,88.59325856,11.40674144,89.13991603,36.59088186,5.740057853,0.042373313,0.546657477,10.86008397,2.165254349,165.9436249,20.7302783,0.883758932,0.883548273,169.7217721,56.6252832,22.06662338,泥岩
1749,非储层,1.91674857,42.34235443,55.740897,89.8595713,10.1404287,90.4204951,36.56414799,5.735864078,0.042342354,0.560923797,9.579504905,2.191647961,165.1438623,20.77566169,0.883400071,0.883004461,164.5050853,57.37405655,22.03293957,泥岩
1749.125,非储层,1.897083796,41.51579685,56.58711935,90.31396708,9.686032922,90.86074536,35.85038576,5.623895295,0.041515797,0.546778287,9.139254635,2.21790476,155.061525,20.85874603,0.877017308,0.876594399,160.9498917,57.00022804,22.18041681,泥岩
1749.25,非储层,1.934473822,42.07201054,55.99351564,90.72374102,9.27625898,91.27705003,36.33069631,5.699242218,0.042072011,0.553309008,8.722949972,2.218462608,151.6240042,20.88579475,0.87419072,0.87371425,159.2241361,56.19281632,22.15541625,泥岩
1749.375,非储层,1.883101542,42.07562212,56.04127634,89.26253335,10.73746665,89.8309969,36.33381504,5.699731457,0.042075622,0.568463549,10.1690031,2.108979652,164.9689003,20.77754069,0.877114942,0.876586309,175.2618464,57.72318425,21.92373746,泥岩
1749.5,非储层,1.904074691,43.49864139,54.59728392,90.58636566,9.413634339,91.16874853,37.56264343,5.892499318,0.043498641,0.582382872,8.831251467,2.130459442,155.8209481,20.59608538,0.886438772,0.88574288,170.0465975,56.40968926,21.94881611,泥岩
1749.625,非储层,1.862007679,43.52379195,54.61420038,89.70917633,10.29082367,90.29683865,37.58436184,5.895906313,0.043523792,0.587662325,9.703161346,2.132464951,165.178258,20.46174315,0.895902062,0.895013657,157.4308496,57.76164949,23.06378445,泥岩
1749.75,非储层,1.880595436,43.61323652,54.50616805,89.28956442,10.71043558,89.87666734,37.66160045,5.908022831,0.043613237,0.587102925,10.12333266,2.006602012,152.473017,20.43248408,0.899125002,0.898222813,171.6238436,56.2000852,23.09502435,泥岩
1749.875,非储层,1.906332692,42.39886667,55.69480064,88.47305032,11.52694968,89.04722689,36.61294835,5.743519451,0.042398867,0.574176567,10.95277311,2.199918155,154.4967259,20.59718715,0.89341039,0.892576133,159.7386353,57.31781167,22.99410127,泥岩
1750,非储层,1.948042954,41.70157551,56.35038154,90.0087707,9.991229298,90.58224017,36.01081232,5.649061612,0.041701576,0.573469468,9.41775983,2.05275285,143.8754415,20.87244457,0.884759888,0.883998319,157.4275049,56.99928758,22.97910565,泥岩
1750.125,非储层,1.901761345,40.55735566,57.54088299,88.44946657,11.55053343,89.02104491,35.02273727,5.494061032,0.040557356,0.57157834,10.97895509,2.229841203,170.5287495,21.30676174,0.873480138,0.872661402,170.738052,56.30502619,22.1715156,泥岩
1750.25,非储层,1.859591273,39.02244078,59.11796795,86.50459666,13.49540334,87.09158237,33.69728299,5.286135344,0.039022441,0.586985709,12.90841763,2.070535575,172.5736161,21.66600288,0.863478909,0.862627117,163.9082155,56.53239286,21.85321902,泥岩
1750.375,非储层,1.890540416,38.58864042,59.52081916,86.56628637,13.43371363,87.14052297,33.32268076,5.227371019,0.03858864,0.574236601,12.85947703,2.048201001,179.7583488,22.01111955,0.861825806,0.860826673,183.6594345,57.80231902,22.10032228,泥岩
1750.5,非储层,1.89363146,38.17311271,59.93325583,85.07880277,14.92119723,85.64386702,32.96385762,5.171081979,0.038173113,0.565064251,14.35613298,2.166305966,173.3796646,22.10301061,0.867419511,0.866374164,164.4973162,58.76599075,22.11819541,泥岩
1750.625,非储层,1.924908092,39.66680299,58.40828892,84.75822967,15.24177033,85.31704627,34.25371297,5.373423217,0.039666803,0.558816605,14.68295373,2.174559083,169.5477001,21.99139873,0.881197139,0.880168015,174.8268189,59.28372136,21.87464793,泥岩
1750.75,非储层,1.892418933,40.31819115,57.78938992,83.00171696,16.99828304,83.5442556,34.8162101,5.461662853,0.040318191,0.542538641,16.4557444,2.10373593,164.5908194,21.97988814,0.892093941,0.890980341,171.8136628,57.21318541,22.22477627,泥岩
1750.875,非储层,1.84513001,38.87349462,59.28137537,82.5510698,17.4489302,83.08751799,33.56866262,5.265958505,0.038873495,0.536448191,16.91248201,2.276428857,172.5082227,22.03919795,0.894522982,0.89338789,159.4000635,57.58049647,22.03706651,泥岩
1751,非储层,1.842070974,37.62715246,60.53077657,83.2486689,16.7513311,83.78025255,32.49240128,5.097124028,0.037627152,0.531583653,16.21974745,2.112827935,176.1399396,22.165444,0.892081076,0.890912495,173.5394467,57.80073656,21.84191159,泥岩
1751.125,非储层,1.824021216,38.4060124,59.76996639,83.76100252,16.23899748,84.2839642,33.16497489,5.202631499,0.038406012,0.522961677,15.7160358,2.422491616,174.1791073,22.41297566,0.87756842,0.876474479,164.6955575,58.21510966,21.95445444,泥岩
1751.25,非储层,1.819031365,37.64108497,60.53988367,84.6988815,15.3011185,85.21466741,32.5044325,5.099011381,0.037641085,0.515785906,14.78533259,2.330835659,170.7986154,22.3649852,0.870868482,0.869877067,166.9227601,57.58795094,21.94232844,泥岩
1751.375,非储层,1.776077105,39.34057023,58.88335267,85.86703354,14.13296646,86.37091944,33.97199923,5.329230428,0.03934057,0.503885898,13.62908056,2.144879558,178.008817,22.36098129,0.870730043,0.869818161,172.2814033,58.83245736,22.08774011,泥岩
1751.5,非储层,1.820790773,37.68266293,60.4965463,83.36794721,16.63205279,83.85959748,32.54033657,5.104643698,0.037682663,0.491650273,16.14040252,2.21563258,169.7348476,22.52814747,0.860058053,0.859277758,175.9592068,56.9332147,22.07085651,泥岩
1751.625,非储层,1.78910236,36.57308406,61.63781358,85.45885684,14.54114316,85.94095933,31.58217526,4.954335722,0.036573084,0.482102492,14.05904067,2.270895058,159.2787361,22.55121627,0.859942759,0.859261415,176.5913557,58.03649467,22.16715375,泥岩
1751.75,非储层,1.81988084,37.40173752,60.77838163,84.39592138,15.60407862,84.8684837,32.29774736,5.066588423,0.037401738,0.472562319,15.1315163,2.185011873,172.5771987,22.84798454,0.851518317,0.851001183,173.2134405,57.30413059,22.0523893,泥岩
1751.875,非储层,1.870593845,36.10209002,62.02731614,84.65527886,15.34472114,85.13255108,31.17545494,4.890532992,0.03610209,0.477272215,14.86744892,2.127787836,171.3662123,22.96918799,0.843735587,0.843354888,171.6706776,58.15685675,22.03448045,泥岩
1752,非储层,1.847244068,36.31605833,61.8366976,84.61072143,15.38927857,85.07735872,31.36022428,4.919517992,0.036316058,0.466637289,14.92264128,2.377484355,184.9533519,23.16105529,0.839668482,0.839340762,174.9093359,57.56099542,22.01006161,泥岩
1752.125,非储层,1.81253743,34.51809834,63.66936423,84.28933949,15.71066051,84.75691488,29.80762107,4.675959166,0.034518098,0.467575397,15.24308512,2.382491346,164.8511303,23.53698944,0.829398992,0.829086489,185.4616852,59.00878444,22.09342972,泥岩
1752.25,非储层,1.787784271,33.40125321,64.81096252,83.05341548,16.94658452,83.51272839,28.84318508,4.524666874,0.033401253,0.459312911,16.48727161,2.222230298,183.8998665,23.94953561,0.816990553,0.816674998,188.0074607,59.55257436,21.92950443,泥岩
1752.375,非储层,1.778422273,31.73013192,66.4914458,83.93396455,16.06603545,84.38979771,27.40011167,4.298290125,0.031730132,0.455833157,15.61020229,2.221025446,181.0260991,24.45777438,0.806098392,0.805771111,188.7899337,60.58849948,22.2292506,泥岩
1752.5,非储层,1.798419469,30.93913899,67.26244154,81.89736067,18.10263933,82.35067369,26.71706078,4.19113907,0.030939139,0.453313018,17.64932631,2.056437802,182.4146204,24.75082438,0.801181193,0.800934371,191.8199058,59.93307352,22.14878537,泥岩
1752.625,非储层,1.848708059,31.38994538,66.76134657,82.21488111,17.78511889,82.66032374,27.10634833,4.252207099,0.031389945,0.445442626,17.33967626,2.246461839,193.1934846,25.07838181,0.790438878,0.790382784,190.0347013,61.2838981,23.04592068,泥岩
1752.75,非储层,1.878761188,29.79829641,68.32294241,83.05832936,16.94167064,83.49763854,25.73190212,4.036595987,0.029798296,0.439309185,16.50236146,2.257738815,176.8952055,25.09258731,0.792930498,0.792973215,195.7261781,60.30039186,23.06792809,泥岩
1752.875,非储层,1.849928596,31.56693567,66.58313573,82.6654064,17.3345936,83.09675926,27.25918583,4.276182911,0.031566936,0.43135286,16.90324074,2.196828829,176.1003325,25.04117336,0.796632917,0.7967593,171.8186358,60.06391967,22.98683837,泥岩
1753,非储层,1.88757681,31.46295905,66.64946414,81.05326468,18.94673532,81.49645268,27.16939827,4.262097823,0.031462959,0.443188002,18.50354732,2.126644837,192.155741,25.05163829,0.79774133,0.797979262,190.3980233,60.5173208,22.80420216,泥岩
1753.125,非储层,1.940312398,31.23626431,66.82342329,81.59495256,18.40504744,82.02740886,26.9736392,4.23138885,0.031236264,0.432456303,17.97259114,2.342855171,182.8906807,25.00071946,0.805884363,0.806141706,181.2761234,59.74477312,21.97010291,泥岩
1753.25,非储层,1.952605326,30.38877724,67.65861743,80.32403893,19.67596107,80.75578195,26.24180359,4.116584874,0.030388777,0.431743021,19.24421805,2.156654223,196.0769094,25.28127001,0.807443073,0.80780622,173.8263696,60.95374027,22.08762594,泥岩
1753.375,非储层,1.997803981,28.5797019,69.42249412,78.34908224,21.65091776,78.77750119,24.67960188,3.871520318,0.028579702,0.428418955,21.22249881,2.466648969,171.6736341,25.458386,0.806035406,0.806605608,180.0047306,60.71405612,21.93903268,泥岩
1753.5,非储层,2.054477681,29.50264685,68.44287547,79.2663876,20.7336124,79.69188878,25.47659808,3.996546119,0.029502647,0.425501182,20.30811122,2.386037912,194.6992569,25.50903703,0.812333871,0.813030631,187.3777657,60.83373266,22.20098181,泥岩
1753.625,非储层,2.091089939,30.70227199,67.20663807,78.42235031,21.57764969,78.84068749,26.5125176,4.159052122,0.030702272,0.418337184,21.15931251,2.395874047,187.799824,25.64599616,0.809682661,0.810507008,185.0843567,61.95414234,22.17714176,泥岩
1753.75,非储层,2.048114773,28.87266486,69.07922037,79.60285541,20.39714459,80.02775636,24.93258595,3.911206249,0.028872665,0.424900956,19.97224364,2.513936388,183.3351217,25.50227985,0.811135984,0.812011916,173.7254768,59.75009208,21.96583068,泥岩
1753.875,非储层,2.011259941,30.08359626,67.9051438,79.59155437,20.40844563,80.00629814,25.97826882,4.075243842,0.030083596,0.414743764,19.99370186,2.206462955,174.6822396,25.36913663,0.812626469,0.813468387,184.4659805,59.94139983,21.9477094,泥岩
1754,非储层,1.98643361,30.94596476,67.06760163,80.4149794,19.5850206,80.82569632,26.72295508,4.192063716,0.030945965,0.410716923,19.17430368,2.297226885,187.7051522,25.48577401,0.80257997,0.803461989,176.7968565,60.38115384,21.9658824,泥岩
1754.125,非储层,2.044116289,29.38426462,68.5716191,80.89713,19.10287,81.31141701,25.37437076,3.98050959,0.029384265,0.414287013,18.68858299,2.314869868,190.3521691,25.51872959,0.803868484,0.804756605,170.0366841,58.58394739,22.07112493,泥岩
1754.25,非储层,2.036061859,28.55612814,69.40781,78.67998513,21.32001487,79.08986142,24.65924509,3.868326923,0.028556128,0.409876289,20.91013858,2.375146501,189.788693,25.62780731,0.806897481,0.807716499,175.2586995,60.43488863,22.06932508,泥岩
1754.375,非储层,1.99139768,29.00185418,69.00674814,77.05589479,22.94410521,77.47173411,25.04414558,3.928706749,0.029001854,0.415839317,22.52826589,2.200746055,182.1819701,25.83309754,0.813833871,0.814524898,175.5314693,59.81084772,21.99660553,泥岩
1754.5,非储层,1.985906701,28.90079734,69.11329596,75.21052682,24.78947318,75.63220686,24.95687936,3.915017187,0.028900797,0.421680031,24.36779314,2.256596246,191.977017,25.9243379,0.8302279,0.830628683,188.2781798,59.77193675,22.01901838,泥岩
1754.625,非储层,1.960635018,28.69262721,69.34673777,73.59425974,26.40574026,74.01651031,24.77711695,3.886817631,0.028692627,0.422250571,25.98348969,2.335123857,190.3230731,26.10554525,0.837370912,0.837533255,182.6738439,59.67944903,22.05047006,泥岩
1754.75,非储层,1.923640378,26.82165801,71.25470161,73.83986161,26.16013839,74.25969788,23.16146767,3.633368687,0.026821658,0.419836274,25.74030212,2.250808515,180.781663,26.12442807,0.843732257,0.843758199,184.2386648,61.2676699,21.87489476,泥岩
1754.875,非储层,1.913426145,28.92496474,69.16160911,74.51010938,25.48989062,74.92041881,24.97774878,3.918290999,0.028924965,0.410309424,25.07958119,2.36755422,179.9618412,26.31601965,0.837380086,0.837476134,176.0190731,60.61411107,22.11655324,泥岩
1755,非储层,1.968390202,26.83756504,71.19404476,75.27439151,24.72560849,75.67923919,23.17520396,3.635523517,0.026837565,0.404847678,24.32076081,2.384414989,190.2915266,26.53895126,0.826703789,0.826965749,188.4108524,60.2347998,22.15087692,泥岩
1755.125,非储层,2.00345565,26.21895129,71.77759306,74.83331555,25.16668445,75.24449612,22.6410087,3.551723632,0.026218951,0.411180575,24.75550388,2.303878884,191.3620222,26.52891771,0.823571395,0.8238806,180.3224505,61.26605218,22.02083761,泥岩
1755.25,非储层,1.943836359,26.87833063,71.17783302,75.0980188,24.9019812,75.52123186,23.21040651,3.641045785,0.026878331,0.423213068,24.47876814,2.323217566,206.152812,26.61101747,0.818984991,0.819287766,181.2161402,61.88049254,22.02535582,泥岩
1755.375,非储层,1.933121353,28.00408984,70.06278881,75.18581619,24.81418381,75.62086802,24.18254014,3.793545615,0.02800409,0.435051825,24.37913198,2.388554291,193.9730829,26.41437295,0.824615339,0.824750467,186.1602649,61.01997827,22.10023059,泥岩
1755.5,非储层,1.908610963,28.986807,69.10458204,75.54234548,24.45765452,75.97320893,25.0311518,3.926668398,0.028986807,0.430863449,24.02679107,2.398653062,190.9514158,26.11158241,0.832898044,0.832797038,190.0506784,60.3383605,22.03378716,泥岩
1755.625,非储层,1.907548224,29.52517694,68.56727484,75.39706064,24.60293936,75.83879606,25.49605362,3.999598135,0.029525177,0.441735418,24.16120394,2.324879911,183.1557478,25.73272618,0.848860098,0.848510788,180.1763736,60.72434068,22.08340873,泥岩
1755.75,非储层,1.853209658,31.05888008,67.08791027,73.95061217,26.04938783,74.38681817,26.82046152,4.207359675,0.03105888,0.436206005,25.61318183,2.304219582,168.4958877,25.37040071,0.859789197,0.859335143,178.7590658,60.70201518,21.86641588,泥岩
1755.875,非储层,1.872462427,31.93827155,66.18926602,75.70349691,24.29650309,76.13205329,27.57984773,4.326485549,0.031938272,0.428556388,23.86794671,2.313040936,170.8812475,25.1111084,0.871954515,0.871317988,176.7261706,60.55657187,22.12772984,泥岩
1756,非储层,1.819428907,31.87320523,66.30736586,74.4345267,25.5654733,74.86705313,27.52366062,4.317671405,0.031873205,0.432526425,25.13294687,2.188897567,187.5976197,24.89622866,0.88124948,0.880438559,168.9737752,60.55258605,21.92538124,泥岩
1756.125,非储层,1.79921509,31.9267604,66.27402451,74.77661345,25.22338655,75.21865871,27.56990744,4.324926202,0.03192676,0.442045258,24.78134129,2.399876992,179.0431657,24.78665223,0.881412392,0.880519991,188.5425397,60.02229472,22.08092002,泥岩
1756.25,非储层,1.747781828,32.26103698,65.9911812,75.25200985,24.74799015,75.68724309,27.8585673,4.370208639,0.032261037,0.435233243,24.31275691,2.179940484,171.86109,24.87584597,0.886020788,0.884895753,185.1904768,58.87446874,22.1823149,泥岩
1756.375,非储层,1.721054723,31.13532448,67.14362079,73.03598018,26.96401982,73.46967212,26.88647402,4.217715139,0.031135324,0.433691941,26.53032788,2.210855238,188.9180065,24.91424688,0.883315685,0.882122802,174.2064861,60.11311233,21.98705732,泥岩
1756.5,非储层,1.732370093,31.49149008,66.77613982,74.89013603,25.10986397,75.32423235,27.19403584,4.26596275,0.03149149,0.434096326,24.67576765,2.238545357,183.3075006,25.02440427,0.882248085,0.881012964,173.5240048,60.60209729,22.1667344,泥岩
1756.625,非储层,1.758373964,30.78716144,67.45446459,73.79168791,26.20831209,74.23086872,26.58582269,4.170551585,0.030787161,0.439180819,25.76913128,2.078043839,190.4149349,24.98927579,0.889810221,0.888577204,177.2842018,59.9935662,21.9438192,泥岩
1756.75,非储层,1.805542609,32.6727777,65.52167969,73.15424248,26.84575752,73.58221311,28.21412025,4.425984679,0.032672778,0.427970635,26.41778689,2.183997173,171.085334,24.7455091,0.904683078,0.903406169,173.8593056,60.57510065,21.99636808,泥岩
1756.875,非储层,1.784162761,33.79131432,64.42452292,71.26337399,28.73662601,71.69468265,29.1800169,4.577506107,0.033791314,0.431308661,28.30531735,2.432707262,188.9380152,24.43636562,0.923364644,0.922028407,192.9124459,60.36809266,21.89369438,泥岩
1757,非储层,1.831578683,34.8486256,63.31979572,72.63604285,27.36395715,73.07754456,30.09304326,4.720733706,0.034848626,0.441501715,26.92245544,2.092520902,174.077835,24.0402586,0.943632408,0.942230469,177.467044,57.19394957,21.7830469,泥岩
1757.125,非储层,1.867962352,35.06270219,63.06933546,72.15557285,27.84442715,72.60760764,30.27790611,4.749733374,0.035062702,0.452034786,27.39239236,2.384483896,169.4642498,23.93695486,0.94773382,0.946351268,183.3136195,59.05705728,21.83748312,泥岩
1757.25,非储层,1.8798034,33.75220915,64.36798745,73.11730675,26.88269325,73.55714765,29.14624818,4.572208765,0.033752209,0.439840908,26.44285235,2.294728385,175.4849488,23.81340591,0.951339952,0.950054517,173.6196901,59.71589695,22.14742333,泥岩
1757.375,非储层,1.925911836,35.0438547,63.03023347,71.71085462,28.28914538,72.15531649,30.26163062,4.747180218,0.035043855,0.444461869,27.84468351,2.401830839,159.0503159,23.75823012,0.951979389,0.950709058,165.4779622,59.10077413,21.98650349,泥岩
1757.5,非储层,1.87449783,35.40717923,62.71832294,73.14101668,26.85898332,73.59477459,30.57537444,4.796397607,0.035407179,0.453757906,26.40522541,2.390609869,167.6980006,23.64545955,0.952051176,0.950826891,176.6083227,58.18873702,21.96464276,泥岩
1757.625,非储层,1.900743711,36.21997275,61.87928354,73.57795007,26.42204993,74.0370982,31.27725092,4.906501857,0.036219973,0.459148129,25.9629018,2.289902263,186.726462,23.48803322,0.953794393,0.952553936,184.6525534,57.45101693,21.81005638,泥岩
1757.75,非储层,1.904514484,35.39437647,62.70110904,74.56711101,25.43288899,75.02895846,30.5643188,4.794663295,0.035394376,0.461847457,24.97104154,2.306931643,173.6058335,23.42219664,0.952289805,0.950964441,169.59088,59.47153074,21.85594362,泥岩
1757.875,非储层,1.848169847,35.75341591,62.39841425,72.99505002,27.00494998,73.45260362,30.87436228,4.843300207,0.035753416,0.457553597,26.54739638,2.165828805,171.0761126,23.34724883,0.954598925,0.953227353,178.3466238,59.44776835,22.74427159,泥岩
1758,非储层,1.858638007,36.21746822,61.92389377,73.39258433,26.60741567,73.85469734,31.27508817,4.906162584,0.036217468,0.462113012,26.14530266,2.112095876,173.5436812,23.42066407,0.948884032,0.947516639,172.9681123,60.1220088,22.86129826,泥岩
1758.125,非储层,1.833891092,35.43555667,62.73055224,74.41922848,25.58077152,74.8684317,30.59987939,4.800241729,0.035435557,0.449203222,25.1315683,2.219673772,186.4815685,23.39914405,0.948337519,0.946905616,178.5426283,60.76440221,23.13847038,泥岩
1758.25,非储层,1.784581577,35.67838918,62.53702924,75.02416561,24.97583439,75.47032753,30.809574,4.833136788,0.035678389,0.446161916,24.52967247,2.308658154,166.2609024,23.49902378,0.940049987,0.938689238,179.2569062,59.36791732,22.80572711,泥岩
1758.375,非储层,1.781597205,34.66863469,63.54976811,74.32723668,25.67276332,74.7607392,29.93761463,4.69635142,0.034668635,0.433502525,25.2392608,2.366969757,176.7243221,23.67111902,0.929214889,0.927994962,181.6182613,60.94920508,21.88083572,泥岩
1758.5,非储层,1.83321545,34.33350139,63.83328316,74.61520153,25.38479847,75.04621935,29.64821496,4.650952928,0.034333501,0.431017814,24.95378065,2.168294107,187.5027106,23.67455635,0.927199108,0.926047361,183.0549248,58.9481956,21.98386084,泥岩
1758.625,非储层,1.802469438,35.39766995,62.79986062,75.02678927,24.97321073,75.44918901,30.56716283,4.795109442,0.03539767,0.422399737,24.55081099,1.988383808,176.2748732,23.78758366,0.922535025,0.921490167,166.133868,59.20364793,22.29618875,泥岩
1758.75,非储层,1.809521139,34.44173553,63.74874333,75.08152915,24.91847085,75.5066666,29.74167904,4.665614756,0.034441736,0.42513745,24.4933334,2.214903797,178.9735751,23.73229961,0.922634537,0.921657144,169.3414325,59.26319203,21.99446733,泥岩
1758.875,非储层,1.835251667,35.2165009,62.94824743,75.01285429,24.98714571,75.44639995,30.41071684,4.770567561,0.035216501,0.433545663,24.55360005,2.011371252,167.2324756,23.55294673,0.933293818,0.932263344,183.6379041,59.35891395,22.95803257,泥岩
1759,非储层,1.833460927,36.30550729,61.86103178,73.54105242,26.45894758,73.9676525,31.35111307,4.918088706,0.036305507,0.426600072,26.0323475,2.18839541,168.5671041,23.3010548,0.943850814,0.942737407,180.4436709,58.68928641,23.14472371,泥岩
1759.125,非储层,1.785084382,38.12992215,60.08499347,75.03122057,24.96877943,75.462583,32.92656101,5.165231214,0.038129922,0.431362427,24.537417,2.212958282,176.9405516,22.82134899,0.963240455,0.962042498,159.6197429,57.52783107,22.95714843,泥岩
1759.25,非储层,1.797589814,39.62548305,58.57692713,75.36945652,24.63054348,75.79788274,34.21803171,5.367825854,0.039625483,0.428426221,24.20211726,2.109151467,151.9067915,22.44698747,0.979482746,0.978271696,164.1446695,56.63487579,23.25487054,泥岩
1759.375,非储层,1.847102443,39.25985759,58.89303997,74.93751832,25.06248168,75.36027926,33.90230096,5.318296772,0.039259858,0.422760941,24.63972074,2.130813365,166.9656314,22.09077511,0.994829405,0.993585321,177.2551494,58.83393778,21.99479646,泥岩
1759.5,非储层,1.828549183,40.1532642,58.01818662,73.7340087,26.2659913,74.15490229,34.67378974,5.439321191,0.040153264,0.420893593,25.84509771,2.233879921,158.8209209,22.02652221,1.001892517,1.00063764,177.0601061,57.87868366,22.05737433,泥岩
1759.625,非储层,1.827430653,38.84045154,59.33211781,73.75864073,26.24135927,74.1898502,33.54012873,5.261482356,0.038840452,0.431209467,25.8101498,2.247256805,154.8203164,21.93538328,1.007500252,1.006221003,171.215084,59.62333469,22.09949002,泥岩
1759.75,非储层,1.820838927,40.61004346,57.56911761,74.96640379,25.03359621,75.40186107,35.06823509,5.501198331,0.040610043,0.435457275,24.59813893,2.274348829,152.9257979,21.72665643,1.020760624,1.019380226,169.802048,57.29655568,21.950463,泥岩
1759.875,非储层,1.859189984,41.53946912,56.6013409,73.97088909,26.02911091,74.40952228,35.87082761,5.627102034,0.041539469,0.438633184,25.59047772,2.117312683,158.9941827,21.6287054,1.030780042,1.029247897,167.8176579,57.51145538,22.20588505,泥岩
1760,非储层,1.821520165,41.26015286,56.91832698,72.26281581,27.73718419,72.70525719,35.62962796,5.58926474,0.041260153,0.442441382,27.29474281,2.026699013,164.3944959,21.46905589,1.041436369,1.039778973,168.4748337,56.20924009,21.92138121,泥岩
1760.125,非储层,1.830790908,40.59155452,57.57765458,72.86071681,27.13928319,73.31307262,35.05226922,5.498693745,0.040591555,0.452355804,26.68692738,2.076871827,166.1963538,21.36773563,1.055458184,1.053583657,166.4518306,56.82078976,22.82051973,泥岩
1760.25,非储层,1.807585841,41.78968262,56.40273153,72.39930237,27.60069763,72.86040399,36.08689599,5.660996953,0.041789683,0.461101623,27.13959601,2.093305317,162.8548425,21.48379935,1.049676235,1.047701242,170.1986496,58.81474942,22.93311812,泥岩
1760.375,非储层,1.852630856,40.2862708,57.86109834,73.99860939,26.00139061,74.47117042,34.78864574,5.457338797,0.040286271,0.47256103,25.52882958,2.076919333,165.7398871,21.61956827,1.040970694,1.039006021,170.0558843,57.35241122,22.88042558,泥岩
1760.5,非储层,1.847646213,39.76102149,58.39133229,72.83566536,27.16433464,73.29672958,34.33507404,5.386186432,0.039761021,0.461064222,26.70327042,2.317632625,155.7428404,21.83228297,1.027450485,1.025516952,175.5519786,57.63341152,22.84883614,泥岩
1760.625,非储层,1.834687337,38.25758393,59.90772874,73.89713309,26.10286691,74.36476011,33.03680156,5.182524787,0.038257584,0.467627017,25.63523989,2.096524925,180.6434973,22.31819736,0.998068454,0.996374879,176.8832025,59.08891302,22.03914628,泥岩
1760.75,非储层,1.867534499,36.44390612,61.68855938,74.4012887,25.5987113,74.85732775,31.47062545,4.936836764,0.036443906,0.456039053,25.14267225,2.282869302,179.6564446,22.79295103,0.971799761,0.97036925,175.6905904,58.72487213,22.06272595,泥岩
1760.875,非储层,1.884068965,35.08262269,63.03330834,75.75148533,24.24851467,76.19463364,30.29510818,4.752431885,0.035082623,0.443148305,23.80536636,2.286363342,174.0505404,23.36784463,0.934853237,0.933733015,183.8717866,60.67841284,22.05884308,泥岩
1761,非储层,1.833031475,33.42942912,64.7375394,76.89239365,23.10760635,77.32404042,28.867516,4.528483696,0.033429429,0.431646764,22.67595958,2.212535419,171.1725098,23.71007735,0.9066407,0.905854076,167.6709897,58.35753329,21.8548943,泥岩
1761.125,非储层,1.875277798,34.38919399,63.73552821,78.59142061,21.40857939,79.03197607,29.69630753,4.65849727,0.034389194,0.440555453,20.96802393,2.123740784,170.1975876,23.94635674,0.885891815,0.885248174,182.5557798,58.49409779,21.85771322,泥岩
1761.25,非储层,1.827754002,33.79189023,64.38035577,78.27873703,21.72126297,78.72887971,29.18051422,4.577584122,0.03379189,0.450142675,21.27112029,2.344217579,173.800521,23.9623864,0.884608798,0.883834829,178.3743074,60.74221863,21.95745536,泥岩
1761.375,非储层,1.787406816,34.95628189,63.25631129,75.97117069,24.02882931,76.42904354,30.18600836,4.735317257,0.034956282,0.45787285,23.57095646,2.347924719,186.6290459,23.93627562,0.885778157,0.884819483,167.5273336,57.72710217,22.06906897,泥岩
1761.5,非储层,1.736289256,33.76871474,64.494996,76.82622143,23.17377857,77.28829907,29.16050135,4.574444678,0.033768715,0.462077635,22.71170093,2.326780341,185.3204453,24.14597257,0.880679004,0.879500647,182.1446734,59.23282775,21.98258727,泥岩
1761.625,非储层,1.69731888,32.2554002,66.04728092,77.69335826,22.30664174,78.15406376,27.85369974,4.369445059,0.0322554,0.460705504,21.84593624,2.194733028,178.3560914,24.21151602,0.873817694,0.87255397,185.5816383,59.47928755,22.02609839,泥岩
1761.75,非储层,1.674898774,33.127645,65.19745623,79.97882091,20.02117909,80.4273944,28.60691454,4.487602816,0.033127645,0.448573487,19.5726056,2.408657324,187.8325274,24.27626568,0.858937429,0.857760769,162.4229726,59.42749738,21.94166637,泥岩
1761.875,非储层,1.721267053,34.16437013,64.11436282,80.43699084,19.56300916,80.89337258,29.50216403,4.628041733,0.03416437,0.456381737,19.10662742,2.297484423,167.7572867,24.14687669,0.849383438,0.848312787,176.359708,58.27049948,22.10780358,泥岩
1762,非储层,1.70640515,35.03216281,63.26143204,82.14311428,17.85688572,82.60545126,30.25153426,4.745596388,0.035032163,0.462336982,17.39454874,2.278755982,182.1019384,23.96243916,0.838911001,0.837992582,172.5996592,58.30807184,21.92669208,泥岩
1762.125,非储层,1.703622507,34.05523967,64.24113782,84.32594811,15.67405189,84.78855072,29.40792594,4.613258487,0.03405524,0.462602608,15.21144928,2.434137922,173.2029985,24.02308852,0.820908074,0.820147015,183.8586329,60.17554661,21.97644023,泥岩
1762.25,非储层,1.683472363,32.27695978,66.03956786,86.64720371,13.35279629,87.10650178,27.87231721,4.372365605,0.03227696,0.459298072,12.89349822,2.363318038,183.288168,24.08915462,0.801848941,0.801263753,176.8296488,60.65107129,22.01395803,泥岩
1762.375,非储层,1.71096704,33.25492833,65.03410463,87.42874991,12.57125009,87.88328334,28.71682828,4.504845123,0.033254928,0.454533431,12.11671666,2.233496286,178.8922487,24.12624692,0.789106413,0.788696324,171.1210517,59.4152125,21.95036944,泥岩
1762.5,非储层,1.754837461,34.45854256,63.78661998,86.87505765,13.12494235,87.33475046,29.75619251,4.667891503,0.034458543,0.459692802,12.66524954,2.343844167,166.5191204,24.00978115,0.783153051,0.782850259,181.4895402,59.80469549,22.27617863,泥岩
1762.625,非储层,1.718467885,35.17859363,63.10293849,88.64093658,11.35906342,89.09926077,30.37798254,4.765432491,0.035178594,0.458324192,10.90073923,2.595266962,175.906678,23.77056702,0.785662132,0.785466789,183.0829492,60.75649529,21.95491043,泥岩
1762.75,非储层,1.757148771,34.73739774,63.50545349,89.02809267,10.97190733,89.47888025,29.99699401,4.705666337,0.034737398,0.450787577,10.52111975,2.300592911,164.9144498,23.59827023,0.787870645,0.787723367,180.6936972,59.18592927,22.08832732,泥岩
1762.875,非储层,1.76292693,35.03105638,63.20601669,88.99617605,11.00382395,89.45737651,30.25057882,4.745446507,0.035031056,0.46120046,10.54262349,2.339961028,172.683404,23.40470914,0.786724789,0.786594274,170.762999,58.31034238,22.2133444,泥岩
1763,非储层,1.71073407,36.48255315,61.80671278,90.38972346,9.61027654,90.84622206,31.50399855,4.942072044,0.036482553,0.456498596,9.153777944,2.155751389,171.7822728,23.35278412,0.784922683,0.784814893,181.7663865,59.01061105,22.01367609,泥岩
1763.125,非储层,1.69452213,35.71179525,62.59368262,90.28343125,9.716568752,90.73325158,30.83842135,4.837662108,0.035711795,0.44982033,9.266748422,2.177051638,184.802064,23.2150672,0.786382757,0.786236784,171.4215693,58.87001894,21.95289781,泥岩
1763.25,非储层,1.699945562,36.22812439,62.07193005,90.53037931,9.469620688,90.98015782,31.28429015,4.90760611,0.036228124,0.449778508,9.01984218,2.199462731,179.7638131,22.99951119,0.785212352,0.785100544,172.1872341,58.02016037,22.12062623,泥岩
1763.375,非储层,1.733211248,37.26730763,60.99948112,92.99604767,7.003952327,93.45483209,32.18166231,5.048378013,0.037267308,0.458784416,6.545167911,2.060426162,173.0272775,22.99945539,0.784482769,0.784368534,178.7436872,57.81595719,21.92314198,泥岩
1763.5,非储层,1.701362108,36.4809365,61.8177014,90.7307332,9.2692668,91.18738604,31.50260251,4.941853046,0.036480936,0.456652836,8.812613964,2.244489053,172.8750612,22.87207568,0.792515847,0.792368044,179.0752446,59.26478716,21.92791409,泥岩
1763.625,非储层,1.717884168,37.1169091,61.16520673,88.66495628,11.33504372,89.11888053,32.05178776,5.028004429,0.037116909,0.453924246,10.88111947,2.163029255,191.0882294,22.76582093,0.814471641,0.814166658,179.01995,59.8597747,22.13753579,泥岩
