#DEPTH,CASE,POR,Vma,Vsh,Sw,Sh,Sxo,Vma1,Vma2,Vma3,Shm,Shr,DEN,AC,CNL,RT,RXO,GR,SP,CAL
1500.0,非储层,2.7849799037004086,35.15509246849008,62.05992762780951,94.93359581864142,5.066404181358575,96.28103831471411,27.54492841762363,4.951191572298016,2.658972478568431,1.3474424960726794,3.718961685285893,2.2268346367425282,171.6542822167474,23.056590325681036,0.6882933133836041,0.684373628172819,162.784692384582,58.77950763817268,22.072157407537006
1500.125,非储层,2.8127019089588914,35.827150469072876,61.36014762196823,95.8607366914093,4.139263308590701,97.24543141472536,28.07150332380932,5.045843233691411,2.709803911572145,1.3846947233160611,2.7545685852746415,2.2123593494104035,176.35650282120002,23.056590325681036,0.6882933133836041,0.684373628172819,180.82790537532188,58.6535934730124,21.97009926912995
1500.25,非储层,2.7926228287901274,37.5929840697509,59.61439310145897,93.42148903137729,6.578510968622709,94.8407061329508,29.45507983329247,5.29454064359281,2.843363592865622,1.419217101573513,5.159293867049197,2.2940853687750606,168.00398728457677,22.44166898770596,0.707973218125111,0.7035018471006984,174.45521948408947,57.96409341652353,22.024386786686293
1500.375,非储层,2.7760305558365017,38.66355482751357,58.56041461664992,95.41613400211958,4.583865997880421,96.86471045293369,30.293899839668644,5.44531825619998,2.924336731644947,1.4485764508141108,3.135289547066311,2.083796249391671,182.9039243147337,22.037866669660342,0.7177060506233754,0.7130411109253046,180.71771926721337,57.44444121945381,22.175627217510893
1500.5,非储层,2.8382429788131143,39.386356306294665,57.77540071489222,96.56212772813795,3.4378722718620414,98.024783138212,30.86023357953927,5.547116554508914,2.979006172246483,1.4626554100740408,1.9752168617879984,2.378203297955958,164.15483375933636,21.651889060660814,0.7262307511238628,0.721446397866006,153.62218966475044,58.511746023220965,22.019372404414266
1500.625,非储层,2.905462304223391,39.80763694874976,57.28690074702685,97.85687381210973,2.1431261878902763,99.35400520814862,31.19031790944274,5.60644910123356,3.01086993807346,1.4971313960389028,0.6459947918513786,2.098062583491753,166.26587832549126,21.45147633361732,0.7230455664033508,0.7185373730438464,156.76906658027625,56.51710475916949,22.06389562785006
1500.75,非储层,2.937829796719673,39.380085227421446,57.682084975858885,98.31171323922494,1.6882867607750596,99.7683272854616,30.85532002629463,5.546233344974075,2.9785318561527405,1.4566140462366435,0.2316727145384112,2.229058113875957,173.73536546028117,21.20288008648772,0.7253417033522545,0.7209877318031321,165.3117585916865,56.89020083459567,22.183024721265273
1500.875,非储层,2.8800580754933347,41.09915823655065,56.02078368795602,98.51983655952117,1.4801634404788322,99.99,32.20225839727387,5.7883450618638665,3.1085547774129063,1.4701634404788344,0.009999999999998899,1.907044282221482,164.45553207616763,21.029078164026917,0.7274848318035533,0.723216453928426,176.10390530764786,56.97532865782877,21.924113302534224
1501.0,非储层,2.8413672367115215,41.1651827109559,55.993450052332584,98.54430724038535,1.4556927596146463,99.99,32.253990288547776,5.7976438518338735,3.1135485705742476,1.445692759614645,0.009999999999998899,2.192321261312844,171.85825021126863,20.96269836363572,0.7306877235145738,0.7264058405016711,161.76240099464172,56.60679600905974,22.022191731209222
1501.125,非储层,2.8992119184997502,40.55479480339734,56.5459932781029,97.41219217831365,2.587807821686361,98.88823143431738,31.775735502679893,5.711677715734379,3.067381584983072,1.476039256003733,1.1117685656826248,2.2777785226207428,176.2622005560013,20.900749324669746,0.7339106120935687,0.7294972139035052,157.37477868875152,57.9667217582046,21.922348073985027
1501.25,非储层,2.932610562121954,40.08156600511236,56.98582343276569,97.74472783301897,2.255272166981026,99.24628870918116,31.40494844286483,5.64502886706651,3.031588695181019,1.5015608761621804,0.7537112908188481,2.385642461124287,153.74174449592718,20.907961920004865,0.7337105397824555,0.7293389072649626,157.22773408610342,57.70094035758868,21.94741412712001
1501.375,非储层,2.9923079062423548,40.916277065357754,56.091415028399894,98.39763505977223,1.602364940227774,99.90797933204038,32.05896624766697,5.76258834640781,3.0947224712829735,1.5103442722681557,0.09202066795961361,1.9472938594656322,177.36135604115083,20.848193289389425,0.7357790575512968,0.7314234685895471,162.9032225876038,55.483543276736015,21.81801453730595
1501.5,非储层,2.9379907084692998,41.71733581329913,55.34467347823158,98.5077485109769,1.4922514890230998,99.99,32.68661659135853,5.875408283527244,3.155310938413354,1.4822514890231009,0.009999999999998899,2.0578689585874392,192.1388309490331,20.74094056969548,0.7399903641782644,0.7356713611931164,162.5788774471507,57.755321867127144,22.08268140845907
1501.625,非储层,2.95501360544407,41.672463138605785,55.37252325595014,97.20427929297604,2.795720707023963,98.66831064842721,32.651457684766456,5.869088481951774,3.151916971887557,1.4640313554511788,1.3316893515727846,1.954896919943527,163.0861127177467,20.713438562373792,0.7408580599164805,0.7365707597789661,156.2235207068906,55.08278453043076,22.011423499857276
1501.75,非储层,2.951593971144168,40.3595734090048,56.68883261985103,97.77678569461192,2.223214305388077,99.26774262725317,31.622774467548183,5.684183021373527,3.0526159200830927,1.490956932641254,0.7322573727468251,2.041974096234246,158.4065610392034,20.74015859284311,0.7446906700029111,0.740172564970262,151.67436151003665,56.244448081154474,23.025366337671713
1501.875,非储层,2.8879112667509026,40.8439663803288,56.2681223529203,96.10706150509523,3.892938494904763,97.61828927004849,32.002308947028745,5.752404215769458,3.0892532175305965,1.5112277649532493,2.381710729951514,2.0227174168525686,171.83325609850468,20.757555007710796,0.7520987787157358,0.7472168723696737,147.23146739007217,57.375645088001065,22.954811889167306
1502.0,非储层,2.84776114235568,41.804426191464536,55.347812666179784,94.69384791732473,5.3061520826752755,96.20610917345891,32.754854165604144,5.887673964432146,3.1618980614282455,1.5122612561341824,3.793890826541091,2.2625122532784205,171.33165635592172,20.663093901828578,0.7591269750455198,0.7540391664298486,159.3656847523705,57.18151321443116,23.306188240602392
1502.125,非储层,2.9169479025724825,42.810196653375385,54.27285544405213,95.59669922183164,4.4033007781683615,97.0843517818715,33.54290145641204,6.029325198578172,3.237969998385177,1.487652560039863,2.915648218128497,2.156881623931837,165.96366478821108,20.314267107625888,0.7729338176768543,0.7676432696700237,159.46653601471,57.72633447673062,22.944108833583563
1502.25,非储层,2.894358957404743,44.20020201091091,52.90543903168435,97.47545999693071,2.5245400030692977,98.97802035198809,34.632006771886516,6.2250915108940195,3.3431037281303713,1.5025603550573894,1.0219796480119059,2.165415764253566,155.50571695145481,19.942391087957283,0.7854445543207794,0.7801172541667059,154.28814833682742,55.379447415775296,22.07459455800857
1502.375,非储层,2.8692071432736106,44.83812198005973,52.292670876666655,97.00405231593862,2.995947684061384,98.48997045862563,35.1318336434024,6.31493522209692,3.3913531145604123,1.4859181426870098,1.5100295413743692,1.9953044734008598,151.7284499113749,19.708582293946534,0.78883680899706,0.783623089359026,155.51551811029165,56.17773757195913,22.018389285961554
1502.5,非储层,2.831245008556441,44.21620461929504,52.95255037214852,97.3773987807467,2.6226012192532955,98.86534335991016,34.64454523136664,6.227345294747307,3.3443140931810924,1.487944579163455,1.1346566400898372,2.1804262373223207,157.49370131595728,19.57784389485778,0.7963775291806567,0.790966801298361,150.37613933583822,55.6612072223528,22.075018884075458
1502.625,非储层,2.7930195498093586,44.38439779171108,52.822582658479554,94.6473316301296,5.352668369870406,96.11723004365156,34.77632895227949,6.2510333740357,3.357035465395894,1.4698984135219686,3.882769956348442,2.1126122813166903,154.8701989673781,19.68367921824793,0.7943473100618956,0.788754000950435,147.18444539466773,55.79350706796143,21.98322605805471
1502.75,非储层,2.7263582855453214,43.259091145712794,54.014550568741896,96.57817353855887,3.4218264614411242,98.07493137839066,33.894621955215506,6.092546839349108,3.2719223511481794,1.4967578398317816,1.9250686216093382,2.0982948197914593,159.06473097842996,19.89910165869372,0.7899560979252493,0.7841334934242197,149.7243567679445,56.68867052424663,21.97523189824393
1502.875,非储层,2.7809625157039477,42.681890359739484,54.537147124556576,95.10741069013763,4.892589309862371,96.64133578124941,33.44237014144254,6.01125472869412,3.2282654896028227,1.5339250911117719,3.3586642187505955,2.2039183445265915,159.94186084949962,19.950943002780615,0.7956101918822107,0.7893992188528592,144.94243425804004,56.67462197993814,22.075096624375817
1503.0,非储层,2.819213157779196,43.83495754345513,53.345829298765665,93.86331926655973,6.1366807334402695,95.43853358652808,34.345828241136815,6.173651016726173,3.3154782855921496,1.575214319968355,4.561466413471916,1.943559153799858,159.76392891057563,19.897464321928908,0.800217172569133,0.79374175809134,172.70071686984056,55.91883407786956,22.079614399900457
1503.125,非储层,2.844082127222565,44.96305809332232,52.19285977945511,93.59159607723723,6.408403922762773,95.17301905024021,35.22972433447876,6.332531040728767,3.400802718114787,1.5814229730029887,4.826980949759784,2.185908129027461,163.56344834381628,19.767388088665932,0.8097305797251683,0.8030150852945597,140.63634819037696,55.47517112864795,22.011557865690015
1503.25,非储层,2.784125093082407,44.703087755623905,52.51278715129368,94.60972438876726,5.390275611232731,96.17175416288953,35.02603081983287,6.295917200323895,3.3811397354671398,1.5620297741222602,3.8282458371104666,2.208964986703477,155.71954307402353,19.57448152823332,0.8199883597213793,0.8131008241347545,154.55234199717626,55.75284563576735,21.985866078367724
1503.375,非储层,2.8386644511328556,44.767572394808894,52.39376315405825,93.99205997342908,6.007940026570924,95.56912453391075,35.07655621020068,6.3049991221638555,3.3860170624443646,1.57706456048168,4.430875466089246,2.167339098304477,139.49372427847038,19.51271828891431,0.821045599434573,0.8142189528348729,156.32715435934904,56.11430772453769,22.118713337211496
1503.5,非储层,2.9100082826665554,44.39003141019946,52.699960307133985,94.46749665463948,5.532503345360529,96.06924376841741,34.78074303874886,6.251826804586515,3.357461566864088,1.6017471137779429,3.9307562315825884,2.0055164994749317,186.8393014125472,19.600845307526644,0.8208724218498876,0.81412347637327,158.30502394724255,55.93003731831359,22.832518049939438
1503.625,非储层,2.939268022164676,44.00718220264198,53.053549775193346,92.02692855520786,7.973071444792145,93.5833216803492,34.48077073668859,6.197906884688178,3.328504581265215,1.5563931251413448,6.416678319650804,2.0957123535806645,163.68677640827752,19.618421740277554,0.8253921529119629,0.8187207804096711,160.64150254003764,55.150651583737144,23.071644645725446
1503.75,非储层,2.9743854896305124,44.46370110398278,52.56191340638671,92.25468577915713,7.74531422084287,93.80232746328346,34.838465158058554,6.262202336021133,3.3630336099030878,1.5476416841263287,6.197672536716537,2.005562577003749,151.27569763575903,19.59883814785096,0.834731026501815,0.8279537373292837,157.76792557650063,56.12448156272436,22.875153371925045
1503.875,非储层,2.9279486979645672,45.08159912019334,51.990452181842095,90.4371520290973,9.562847970902688,91.98380542674762,35.322604309197665,6.349226184789089,3.409768626206586,1.5466533976503076,8.016194573252378,1.9707875471965992,169.33160723161606,19.673440453236307,0.8434219214037093,0.83632933398443,151.85130284693662,56.77026778088196,22.98149367754986
1504.0,非储层,2.842476487439008,43.88907962712665,53.268443885434344,89.5340658961199,10.465934103880103,91.09384028227949,34.38823429999957,6.181273491472606,3.3195718356544717,1.559774386159598,8.906159717720508,1.9014077810840393,180.9144497219478,19.76249558330177,0.8477953540410404,0.8403063807054426,139.2361500582059,55.82773740079247,22.12405889653674
1504.125,非储层,2.857044425852031,43.27573810481516,53.86721746933281,88.72303093045161,11.276969069548393,90.32255112486493,33.907665280226155,6.094891372610853,3.273181451978155,1.5995201944133297,9.677448875135063,2.1055900191528263,154.94316115194883,19.807580929771092,0.8595322117698101,0.8513420935407082,142.49168894389163,56.0527975734662,21.86796894850278
1504.25,非储层,2.8400923595823238,44.35240295550022,52.80750468491746,86.87163267858807,13.128367321411927,88.48387891658544,34.751260166755685,6.246527268311578,3.3546155204329486,1.6122462379973592,11.516121083414566,2.3143091008627636,164.76870835441477,19.788150618961723,0.8668921256068238,0.8583136638574305,155.8289074951652,56.37990571843282,22.08666061280819
1504.375,非储层,2.9018420492648316,45.434958530367695,51.66319942036747,87.94419580930291,12.055804190697083,89.55448956227708,35.599470588746506,6.39899280495132,3.4364951366698704,1.6102937529741685,10.445510437722916,2.159242490435242,152.23721388760035,19.60161020977605,0.8759839060221629,0.8673153635550954,161.53272597411933,57.17445090668137,22.027437807698195
1504.5,非储层,2.892830001434583,45.87909797196289,51.228072026602526,89.23372468309125,10.766275316908747,90.80973362847877,35.9474653817384,6.461544751361995,3.4700878388624985,1.5760089453875186,9.190266371521227,2.265726392795794,157.68810188844608,19.322888757730844,0.8855864175766232,0.876875528749107,150.45191071127454,55.92164335340224,22.02319405355803
1504.625,非储层,2.8178360238784923,46.26564399762293,50.91651997849858,89.8614359363175,10.138564063682498,91.44506584932802,36.25033423684,6.515985325690413,3.4993244350925186,1.5836299130105118,8.55493415067199,2.063300083448461,158.0995171243646,19.206869835439555,0.8870590441727291,0.8783172713651379,143.719765713306,55.18887889550062,21.995713502346803
1504.75,非储层,2.7541225209462934,45.602228411572234,51.643649067481476,88.347886760259,11.652113239741002,89.96465814311013,35.73053088700438,6.422550849262013,3.449146675305845,1.6167713828511299,10.035341856889868,2.1160505337151925,169.83648246598668,19.278080396441336,0.8805686370552459,0.8718768157154788,149.87172612494595,55.839454465281484,22.052002573279633
1504.875,非储层,2.8321575254550986,44.65740332009155,52.51043915445335,89.21242089431675,10.787579105683253,90.83023260976469,34.990235877530665,6.289483071544523,3.3776843710163638,1.6178117154479503,9.169767390235306,2.2292805398125957,162.76848904244008,19.297959162077255,0.877366185836389,0.8685587615772463,162.92073958094284,55.34582559437017,21.984770685544074
1505.0,非储层,2.820963020172642,45.67542167956987,51.503615300257486,90.13967550938466,9.860324490615346,91.76868245705396,35.78787971433157,6.432859281588957,3.4546826836493487,1.6290069476693116,8.231317542946037,2.072122199396379,145.14978958557677,19.324677799207336,0.8819228390798262,0.8728141190523053,155.49488686831725,54.403537540046074,21.993633481800106
1505.125,非储层,2.810664174099609,46.086679126409614,51.10265669949078,87.66423126534791,12.335768734652097,89.29765920325798,36.11011061002809,6.4907801761695305,3.4857883402119985,1.6334279379100762,10.702340796742016,2.0117674373950742,135.08432292590803,19.387629531705244,0.8856956927611213,0.8764236818679433,154.83035648956255,56.32429152799523,21.961573295144106
1505.25,非储层,2.7760053788323127,45.023668454459774,52.20032616670791,85.8505681048628,14.149431895137198,87.46518337353793,35.27721412732724,6.341067314940724,3.405387012191813,1.6146152686751278,12.534816626462074,2.3782544394574727,157.69670929149223,19.414880797158396,0.888762154775492,0.8793591569772954,155.2863321627377,54.670798232076955,22.106937882739366
1505.375,非储层,2.833268590455363,44.442736885256636,52.723994524287995,87.55498409402979,12.445015905970202,89.17468320954328,34.822039147953184,6.259249766257032,3.361447971046426,1.6196991155134808,10.825316790456718,2.2242571107474522,157.40590653596524,19.430661945446747,0.8882249920976446,0.8788286011196699,163.2910737655925,56.33919651832273,22.149985005433816
1505.5,非储层,2.83419562684646,45.49753205733169,51.66827231582185,90.06204639062206,9.937953609377937,91.6949087290052,35.64849857303089,6.4078055685539415,3.4412279157468544,1.632862338383147,8.30509127099479,2.280762640180434,157.34213936864072,19.379462328981866,0.8839187380452336,0.8746029686307307,160.083223797428,56.177314164597604,21.959839894002844
1505.625,非储层,2.7593032592987097,46.557163903664126,50.68353283703717,90.22591994626997,9.774080053730028,91.88624131273224,36.47874765806523,6.557042560947068,3.5213736846518238,1.6603213664622651,8.113758687267758,2.0721100555704832,151.6113869085615,19.10413513318707,0.8807395162109327,0.8715903263934067,140.00206314117003,55.41789100044191,21.928629824477103
1505.75,非储层,2.7133988923216212,47.75547470211529,49.53112640556309,92.01973236993176,7.980267630068239,93.70516664756778,37.417655305513115,6.725810893205134,3.6120085033970435,1.6854342776360252,6.294833352432216,2.041686723640936,153.0828221465406,18.770442369106114,0.8815922661598601,0.8725179488971783,150.00204226568317,55.994910990190974,21.883737164944026
1505.875,非储层,2.7679653296150066,47.82270041235291,49.40933425803208,93.3039476029711,6.696052397028895,95.00052231937661,37.47032839627454,6.735278863464879,3.6170931526134917,1.6965747164055123,4.999477680623388,2.1320103395367784,145.6176072251116,18.64586652223641,0.8829212466444782,0.8737370783409095,148.82765210238335,54.99371105309473,22.075697219080403
1506.0,非储层,2.745634837303297,46.8303777916756,50.4239873710211,91.84679386198576,8.153206138014236,93.52507112454153,36.69281783850131,6.595521603520195,3.542038349654096,1.6782772625557631,6.474928875458474,2.045735576244793,154.27873634304234,18.717071080236053,0.8741264003488429,0.8650108225254193,157.5438741729331,54.112751172151,21.83215191414359
1506.125,非储层,2.7308741276672808,45.70391224448974,51.56521362784298,92.44021863462821,7.559781365371787,94.15503072395552,35.81020281224402,6.4368718508930405,3.4568375813526773,1.7148120893273069,5.844969276044476,2.1803346551857232,155.49704875749802,18.8534002533797,0.8661497032134886,0.8571219383425618,166.8547222911793,55.303157402180844,21.9628636446608
1506.25,非储层,2.6631212023333015,46.295158253567834,51.041720544098865,92.67387291088119,7.326127089118817,94.35050584664366,36.27345942327012,6.520142070134424,3.501556760163291,1.6766329357624714,5.649494153356349,2.0581452292387663,156.6992533165345,19.06666260341882,0.8521806556620685,0.843241773713053,157.2774399834946,55.190285605587526,21.934068327830584
1506.375,非储层,2.599720280383269,45.58153643721965,51.81874328239709,95.1849439787051,4.815056021294895,96.87194732869393,35.71431818743967,6.419636621995493,3.4475816277844866,1.6870033499888262,3.1280526713060697,2.149251982132407,142.11307543573537,19.036462251629253,0.8408102090722633,0.8321417119352901,144.7305992149013,57.118167760049815,22.000053431589723
1506.5,非储层,2.563598124962491,47.07196192811382,50.36443994692368,97.31333316233741,2.686666837662588,98.96141424626845,36.882105286713504,6.629545958353165,3.5603106830471534,1.6480810839310276,1.038585753731558,2.0681409924104512,159.9217751226927,18.82010120845527,0.8459207830381616,0.8372312676252056,147.35091840005134,55.32594484976809,21.758001674935986
1506.625,非储层,2.5144590869118786,48.14144533238584,49.34409558070227,94.56358551825342,5.436414481746576,96.21225258339003,37.720073323376006,6.780170429692286,3.641201579317552,1.6486670651365984,3.7877474166099767,2.167407742186821,162.14929616638275,18.73136281486203,0.845821254156153,0.8372213303931355,152.21097480925008,55.60769238393841,22.140085117066015
1506.75,非储层,2.5013041017414017,47.32033871823555,50.178357180023056,94.48896064309518,5.511039356904812,96.09181906210648,37.07671495558677,6.66452698055094,3.5790967820978334,1.6028584190113013,3.908180937893513,2.2730182158070016,147.7359606548083,18.653312853808565,0.8450275068567604,0.8364806831002102,165.5773980555425,55.37283436900202,21.910588824748228
1506.875,非储层,2.4318566584554593,46.49925722759017,51.06888611395437,97.14666545220285,2.8533345477971483,98.77596552633615,36.43337627271646,6.548887069767117,3.5169938851065954,1.6293000741332997,1.2240344736638487,2.1491536110747305,169.25755590731796,18.651815548752914,0.8429408620069697,0.8343948673717725,143.40067736758664,54.95262177576073,22.15109332823186
1507.0,非储层,2.428992095207565,47.17341416810123,50.397593736691206,98.37413427678366,1.6258657232163354,99.99,36.96159575287472,6.643834342776181,3.5679840724503338,1.6158657232163407,0.009999999999998899,2.2012156791696014,138.9710582735595,18.661092236851886,0.8336387990444803,0.825465009300529,158.85721990337993,56.070726418300566,22.04468054033842
1507.125,非储层,2.4889930909140054,47.90174848375784,49.60925842532816,98.40146796800244,1.5985320319975571,99.99,37.532264614202326,6.746411877701644,3.6230719918538683,1.588532031997555,0.009999999999998899,2.171081463613227,160.15872400939872,18.50213115492068,0.8387513621316454,0.8307124961058546,151.61642889841724,54.805779160297035,21.993660328200363
1507.25,非储层,2.5049512054664778,48.99402070207183,48.501028092461695,95.51068444437594,4.489315555624063,97.05249649202602,38.38808827881037,6.900245892128395,3.7056865311330593,1.5418120476500798,2.947503507973981,2.0732483456510544,168.38565649610163,18.181417664228707,0.8595862588877783,0.8514616360465915,148.96941071917576,55.30545977382329,21.979406042057303
1507.375,非储层,2.510307832039759,50.00096203227673,47.48873013568352,94.70364179328176,5.296358206718244,96.25929154951646,39.17705297535045,7.042062029644678,3.7818470272816,1.5556497562347094,3.740708450483532,2.156448760862229,158.44549170992812,17.963166902775498,0.8768103765772126,0.8686317996113715,159.4237661953581,54.58485085404665,22.697746680081345
1507.5,非储层,2.525609972467248,49.5751484571231,47.89924157040966,95.32786971870611,4.672130281293885,96.8702826869246,38.843416974894126,6.982091071338697,3.7496404108902706,1.542412968218479,3.1297173130754086,2.12701102206064,150.42135940223918,17.888723621289344,0.8818092745576483,0.8736750382672505,146.6774501065146,53.84689834796932,22.659238826257827
1507.625,非储层,2.557274888741068,48.67336773365808,48.76935737760085,97.67687690099433,2.323123099005664,99.23941686631477,38.136848346223886,6.855085599170399,3.681433788263802,1.5625399653204295,0.7605831336852331,2.196760322967814,150.8862687589334,17.798482330911234,0.8792342786120907,0.8712472734916643,156.64150343880175,53.97983575633235,22.904966973406488
1507.75,非储层,2.5869758378850416,49.762598912476946,47.65042524963801,98.40073676293493,1.599263237065074,99.99,38.99028927736924,7.008491318062647,3.7638183170450548,1.5892632370650788,0.009999999999998899,2.3641632083348347,148.8712141145983,17.7585634667581,0.8751323230593202,0.867301887267284,155.9880898423816,54.76936460347038,22.708179853757493
1507.875,非储层,2.565926560648751,50.27188028429978,47.16219315505146,97.16082771766172,2.839172282338287,98.74515456852909,39.38932446533989,7.080217758218016,3.8023380607418833,1.5843268508673816,1.2548454314709079,2.3264201674342573,162.53268128558588,17.57831410965479,0.8831042313537514,0.8752811277038791,135.43815598187774,54.064100641269995,22.821263617441517
1508.0,非储层,2.5967651602175215,51.43421881426911,45.96901602551338,95.8571026164322,4.142897383567801,97.41306288385996,40.30004690573021,7.243919809034683,3.89025209950421,1.5559602674277595,2.5869371161400423,2.078947285108637,165.50309408909925,17.22388585559562,0.906363056867517,0.8981713219282879,126.7043140806574,53.520102048185294,22.953951800704246
1508.125,非储层,2.5589453435270157,52.58931631131107,44.85173834516191,95.7026798617062,4.297320138293792,97.29929229119263,41.20509580867124,7.406602043412612,3.977618459227224,1.5966124294864164,2.7007077088073705,2.1100859827849185,143.86358436319367,17.060491508490415,0.9182572156283939,0.909990261599392,145.785905834863,53.17457092885597,23.08508267220643
1508.25,非储层,2.6069828234537193,51.57641148811483,45.81660568843146,96.95374373123596,3.046256268764036,98.51060765683106,40.411458560417266,7.263946016305178,3.9010069113923795,1.5568639255950831,1.4893923431689493,2.277700943587027,146.5383145163353,17.044053641600474,0.9252062736965806,0.916793124664482,149.77010966893803,54.074586481149765,23.11365139988639
1508.375,非储层,2.5391754677123846,50.58328900078314,46.87753553150448,94.72372811864443,5.2762718813555765,96.27756529160703,39.633321286336624,7.124076104316081,3.8258916101304314,1.5538371729626026,3.7224347083929743,2.039764559801839,141.5238885658317,17.256460195353846,0.9152302115551408,0.9067939687401598,134.81061547617023,54.14196774041029,21.995104131256028
1508.5,非储层,2.560598734082716,49.18757467193189,48.25182659398539,95.47031687567275,4.529683124327244,97.04812017389332,38.53974284349459,6.927505748867925,3.7203260795693733,1.5778032982205716,2.9518798261066737,2.124747135563392,141.8609155279866,17.5111251363689,0.8954379742512999,0.8873384157451577,141.52997946217243,53.744891474752635,22.015769884580703
1508.625,非储层,2.5699689929152987,49.7135114328071,47.7165195742776,98.24442891980037,1.755571080199636,99.82788734019854,38.95182796156075,7.0015779095468105,3.7601055616995422,1.5834584203981774,0.17211265980145996,2.1190498612369355,144.13864332027939,17.74177839503581,0.8801687552667928,0.8722758645013658,140.38664125829868,54.46910121277028,21.997414816882745
1508.75,非储层,2.6095811655041374,49.01348528554236,48.3769335489535,98.43905476332901,1.5609452366709853,99.99,38.40333928572651,6.9029872554664085,3.707158744349437,1.550945236670983,0.009999999999998899,2.18531756273961,149.94229993386756,17.849861500091787,0.8685818722533413,0.8609655645340004,149.24804860757746,53.78308784378333,21.9834987302818
1508.875,非储层,2.56421452683802,49.28304893403482,48.15273653912717,97.1974592149176,2.802540785082397,98.73836842990275,38.61454940865176,6.940952203668721,3.7275473217143364,1.5409092149851509,1.2616315700972436,1.9806206465648415,126.21784381382261,17.715437762433623,0.876755026706789,0.8692612723024982,137.4032910682376,54.54100924045804,22.06990396244188
1509.0,非储层,2.625744055216177,50.609057692540794,46.76519825224303,94.91796848205513,5.082031517944863,96.42830370956547,39.65351172590144,7.127705329003059,3.8278406376362986,1.510335227510331,3.571696290434534,2.026553484804844,152.99800859708557,17.583832722775323,0.8868026681825161,0.8793897314378846,144.55188778584724,54.350255832296746,22.057880515188135
1509.125,非储层,2.7021901741838152,51.07839354223464,46.21941628358154,96.78462582951215,3.2153741704878502,98.32813032818258,40.021248559341124,7.193805900510995,3.863339082382529,1.5435044986704383,1.6718696718174164,2.163992949335452,154.73627974525778,17.49869188488823,0.8991401577617115,0.8916219481239966,143.66107837618063,54.96320036237388,22.060068524842876
1509.25,非储层,2.718251685473929,49.99098001262846,47.290768301897614,95.00787572914338,4.992124270856624,96.53907726014823,39.16923180358362,7.040656176663313,3.781092032381528,1.5312015310048526,3.4609227398517683,2.018535011033757,160.874351238799,17.34055277001434,0.9157865801099947,0.9082064481429826,121.34376953301832,53.57147589096726,22.051841985141902
1509.375,非储层,2.728768060600813,51.00220085703451,46.26903108236468,93.7204022298377,6.279597770162293,95.2313235771977,39.961549610699024,7.18307503467209,3.857576211663391,1.510921347359996,4.768676422802298,2.200038961556325,137.737303055032,17.220039378683055,0.9226504871051692,0.9152466998084735,139.8149312705985,55.20323922007384,22.058725078347052
1509.5,非储层,2.791474636353752,51.772391249153024,45.43613411449322,94.71072384984824,5.2892761501517676,96.20188788051738,40.565013795521224,7.291547517910188,3.915829935721618,1.4911640306691483,3.7981121194826217,2.042543206760595,158.9261946307365,17.119608702131544,0.9412297808033426,0.9336057936513487,145.1617595081886,52.831710115024144,21.94915402881668
1509.625,非储层,2.764498699479752,52.34148410193732,44.89401719858292,91.90457063391774,8.095429366082262,93.3984120030609,41.010912832964365,7.3716977191672655,3.95887354980569,1.4938413691431647,6.601587996939095,2.2461377623673027,127.42244169753502,16.79392716573119,0.972493806199935,0.9644017541190237,141.5164668945796,54.17314040128603,22.08692351567306
1509.75,非储层,2.685074415655344,53.753763437256175,43.56116214708848,90.4737052614428,9.526294738557194,91.9735252545755,42.11747038879826,7.570601065788492,4.0656919826694216,1.499819993132696,8.026474745424494,2.1362787033971524,138.25081649655533,16.45628577089019,1.008243254711954,0.9994197660464262,134.6201168941854,52.41375351083022,21.870393820818663
1509.875,非储层,2.682888732549012,54.92881979388535,42.38829147356563,88.5968209122831,11.403179087716886,90.13417362319102,43.0381575768361,7.736094276626503,4.1545679404227505,1.5373527109079057,9.865826376808984,2.2155745867541454,139.80452144065453,16.146742445162406,1.0385263023976827,1.0288355843540429,137.60310437127765,53.27991557945632,22.009979631602256
1510.0,非储层,2.645479651642536,55.42032784668276,41.9341925016747,90.90793825150477,9.092061748495228,92.48821290748435,43.42326690752908,7.805317548643448,4.1917433905102275,1.58027465597957,7.511787092515654,2.128563783631825,136.69039772701274,15.781147582749629,1.0719328676109423,1.0615414049852507,136.94509982706444,53.03228752331109,22.03909016725254
1510.125,非储层,2.7112229174589397,56.47601527444215,40.812761808098905,88.91378496335271,11.086215036647296,90.47297179338982,44.25042543811982,7.95399901492001,4.271590821402321,1.5591868300371163,9.527028206610177,2.037131523370429,121.06437552086625,15.477060150846182,1.106962958252888,1.0960607446957789,137.43254225910533,54.177597313014424,22.039531996947407
1510.25,非储层,2.781613776373046,57.15686955946637,40.06151666416057,86.36848011578113,13.631519884218879,87.8908719636765,44.783892461727675,8.049889532090358,4.323087565648338,1.522391847895378,12.109128036323503,1.967349148245829,156.95616679745828,15.319740861791011,1.1201948601224352,1.109306885565587,137.86875335953835,51.761331354775564,22.030800025615594
1510.375,非储层,2.7354266742399926,56.61720458568568,40.64736874007433,88.00421553181079,11.99578446818922,89.51003442829423,44.36105093213672,7.973883910075787,4.2822697434731705,1.5058188964834585,10.489965571705762,2.366955466723877,140.6758760165079,15.287068941622456,1.1389579622119286,1.1278921597889606,125.74578819881556,52.46507646620577,21.956033384143716
1510.5,非储层,2.6981865097479556,55.96398125247841,41.33783223777364,85.94848166355261,14.051518336447389,87.43341900305711,43.849233477239025,7.881884895563078,4.2328628796763095,1.4849373395044965,12.56658099694289,2.0240844701802816,130.70250219874654,15.352969127661616,1.1504797593913074,1.1390724965377284,127.21747901852076,52.080085286222555,21.95158230298422
1510.625,非储层,2.691486930440231,55.99819008718827,41.31032298237149,84.22879890569737,15.771201094302622,85.73616604130262,43.87603698811524,7.886702817582922,4.235450281490113,1.5073671356052576,14.263833958697369,2.2070977909860674,145.6070701329866,15.449847494104427,1.1485341509016664,1.1368231802565287,133.96855058957365,52.351035716040954,22.053372920660586
1510.75,非储层,2.6666214835835733,56.26519496829232,41.0681835481241,84.84950851995995,15.150491480040051,86.38271181943938,44.08524225030475,7.924307392745673,4.255645325241895,1.5332032994794385,13.617288180560616,2.0813203450320272,145.7258030360056,15.456315048418086,1.1554142546410682,1.143072747000951,130.58257858177592,50.702858032035046,22.084712022343084
1510.875,非储层,2.592137624207173,56.74918789789124,40.65867447790159,85.91794056027399,14.082059439726013,87.49319948535145,44.46446328669905,7.992472245852797,4.292252365339391,1.5752589250774762,12.506800514648543,2.196656446369174,137.87130380341247,15.329897207351781,1.1590854413047058,1.1463333510460112,128.51053621653912,52.509949049426865,22.74559941902468
1511.0,非储层,2.562421517490489,57.352830407374036,40.08474807513548,87.64350470176505,12.356495298234949,89.2375485501761,44.93743287790242,8.077488369997852,4.3379091594737655,1.5940438484110575,10.762451449823896,2.1222745248977612,127.26626718154313,15.296456453129213,1.1539073782904494,1.1410584353578779,128.6019526147453,52.89792110076303,22.772573111056538
1511.125,非储层,2.548780497294988,56.365988775423936,41.08523072728108,86.3873893841388,13.612610615861199,87.93803039626818,44.16421681721476,7.938503044452667,4.263268913756511,1.5506410121293748,12.061969603731825,2.0345108918453843,135.71751622045213,15.169810525683811,1.1537811778720957,1.14094157975021,131.71689336077216,51.20889283685304,22.653283037414834
1511.25,非储层,2.5208597224786673,57.619731928197425,39.859408349323914,87.63979616498916,12.360203835010841,89.18207002695448,45.14655715462633,8.115078388050536,4.3580963855205646,1.5422738619653151,10.817929973045526,2.3259664454577025,136.55209573132638,14.985876706675468,1.1624627475378786,1.1496354047069786,128.42120503724934,52.47400314430958,22.84209237034552
1511.375,非储层,2.5087696424964094,58.72883368289875,38.76239667460484,87.59604499612496,12.403955003875044,89.15131702416835,46.01556719829187,8.271282649655596,4.441983834951286,1.5552720280433963,10.848682975831647,2.118345346572145,135.85748520820508,14.897042167341658,1.161307737461869,1.1486638818161774,146.60256067639997,51.75802754797961,21.96734015953968
1511.5,非储层,2.504154149867481,58.25800475035927,39.23784109977325,90.00705264211477,9.992947357885228,91.57991490953835,45.64666049564644,8.204971794553366,4.406372460159471,1.5728622674235673,8.42008509046166,2.106168834105671,148.32083432744648,14.79168426659946,1.1584687151905364,1.1457842695872111,133.3428187124341,52.279921789884355,22.03537918306044
1511.625,非储层,2.4495031107729823,57.444755815765134,40.10574107346188,89.55200010490898,10.447999895091009,91.16468245364433,45.0094588239631,8.090435009455963,4.344861982346074,1.612682348735338,8.83531754635567,2.138262930343398,130.3528716404533,14.806980162133073,1.1553496709603404,1.1423406674099361,127.67397825093886,53.724493106378326,22.163258523704215
1511.75,非储层,2.477189495295978,57.46025539699375,40.06255510771027,88.19075298025989,11.80924701974011,89.844725678271,45.02160314859624,8.09261794770373,4.346034300693784,1.6539726980111165,10.15527432172899,2.2205019393803007,137.16918037908107,14.816395682016477,1.152977486492552,1.1395277913816435,141.69218739304594,52.48356767044585,22.165188076770374
1511.875,非储层,2.4604591821856183,58.64036620297192,38.899174614842465,88.03399319622021,11.966006803779795,89.72742702215601,45.94625062903363,8.258823019761897,4.435292554176396,1.6934338259357968,10.272572977843996,1.942616646944429,123.70152170727053,14.79040211150198,1.169030036633003,1.1548747576953007,137.22876053717036,51.685659984360726,21.961972939923605
1512.0,非储层,2.524984773998472,58.68791325838991,38.78710196761162,86.09017959370216,13.909820406297834,87.74566602021365,45.983504982414466,8.265519477189343,4.438888798786101,1.6554864265114853,12.254333979786347,2.0289835181269247,120.17391249285336,14.728644446182319,1.1767644059907416,1.1624866286693993,136.92532949642043,51.85124824174319,22.08286940772959
1512.125,非储层,2.5577195095966783,58.061522860263935,39.38075763013939,88.66529870633669,11.334701293663318,90.31765714040154,45.49271182937891,8.177299573829695,4.39151145705533,1.6523584340648438,9.682342859598469,1.9636794274693097,130.15308882243133,14.669877113147372,1.1711419946332344,1.1572596178637224,137.42984952310366,51.62399985372604,22.015743504704666
1512.25,非储层,2.502908994050792,57.947066345049066,39.550024660900135,91.19926079682217,8.800739203177832,92.82757557192942,45.403032175674404,8.161179686389932,4.38285448298473,1.6283147751072573,7.1724244280705785,2.248896417259167,123.51887581985092,14.641300892909765,1.1644690393737906,1.1509955428903977,128.3531118626787,51.23879973620565,22.205315557473096
1512.375,非储层,2.5037954395064888,58.80567564046946,38.69052892002405,90.60529697536445,9.394703024635543,92.27434639404366,46.07577486870697,8.282104958061241,4.447795813701245,1.669049418679197,7.72565360595634,2.1479791869778966,136.9741895134933,14.598985522328084,1.1445133330437889,1.1315978205230566,135.31661755215666,51.07373926045972,21.931703913740332
1512.5,非储层,2.4288481601351437,58.93699873575754,38.63415310410731,92.81488356156059,7.18511643843941,94.4888577243407,46.17866992615941,8.300600309857606,4.457728499740529,1.6739741627801106,5.511142275659298,2.1446869392512777,132.03724551951916,14.443107232421376,1.1456214690505842,1.1326401490752902,130.6838675511502,51.661190505425054,22.076643439717515
1512.625,非储层,2.406512057775934,59.72551752217756,37.867970420046504,92.06311909620678,7.93688090379322,93.75743745194781,46.79649488416111,8.411654137220477,4.517368500795975,1.6943183557410357,6.242562548052188,2.195014195303254,129.57685478607073,14.31860045506485,1.1541958278975002,1.1407035240814158,124.50798252793295,51.579400310160395,21.85324629007774
1512.75,非储层,2.3973351524350868,59.360906362635625,38.24175848492929,91.60563429536246,8.39436570463753,93.34462622281063,46.51081256661775,8.360302837208739,4.489790958809136,1.7389919274481622,6.655373777189366,2.092593852628882,131.2469820142387,14.214377726181617,1.1648405060495022,1.1508870133924658,127.19339172022741,50.557129769628844,21.992589691339013
1512.875,非储层,2.3465870640635456,60.08347301108008,37.56993992485637,90.07542126258174,9.924578737418255,91.7789483582438,47.0769623108178,8.46206806235808,4.544442637904201,1.703527095662052,8.221051641756205,2.225400290834632,118.66048271362037,14.19245634128567,1.1772360594444844,1.1626702144121583,100.59408520872307,51.5720790188166,21.811107386084615
1513.0,非储层,2.3328310614799252,59.381254459774354,38.285914478745724,89.68993082728687,10.310069172713131,91.40510181671024,46.52675582945012,8.363168633313697,4.491329997010545,1.7151709894233746,8.594898183289757,2.338061299832193,125.51091934225997,14.24541369783375,1.1793068385731618,1.1644192053235702,131.41740224221283,50.84319996914292,22.07963679560667
1513.125,非储层,2.3380864237579226,59.286142714564406,38.375770861677665,90.19012670241324,9.809873297586769,91.90590573312637,46.452233305698215,8.349773234859484,4.484136174006706,1.7157790307131449,8.094094266873618,2.094344843691052,141.53740200505376,14.253723701483759,1.191123303971703,1.1757470535544157,129.31967945377133,51.37733707279689,21.947785073664352
1513.25,非储层,2.2853399342178577,59.50677524651154,38.2078848192706,88.04728734392057,11.952712656079424,89.76224509613516,46.62510462738595,8.380846796498684,4.500823822626895,1.7149577522145834,10.237754903864838,2.1082244959002048,132.1555571396949,14.285097315091795,1.1966120311166981,1.1810197349950189,124.93917423674746,52.78551681811206,21.96891827067425
1513.375,非储层,2.32865456861522,59.850224138066245,37.82112129331854,87.8063855288602,12.19361447113979,89.49214174375236,46.894205758081775,8.42921763377937,4.526800746205099,1.6857562148921412,10.507858256247648,2.2187758617578344,132.64618899173095,14.214454849748606,1.205899438698001,1.190000451710583,131.3863031812289,52.1761271060511,21.886818562901187
1513.5,非储层,2.2821323128963025,60.2210860794353,37.496781607668396,88.78370921964571,11.216290780354289,90.51886568696038,47.18478572560676,8.481449284719794,4.554851069108751,1.7351564673146656,9.481134313039618,2.151298023305248,142.8673074687269,14.08868216372651,1.2312617921210023,1.2144559442258458,148.3211970245034,51.018000499202614,21.901647249696847
1513.625,非储层,2.271027257350923,60.85072535067471,36.87824739197437,86.28384131151125,13.716158688488743,88.05710153220781,47.67812445514528,8.570126754595393,4.602474140934036,1.7732602206965482,11.942898467792196,1.9820468629755759,130.14972316020058,14.032881682628249,1.2362519906723943,1.219102645694534,129.96996322194718,51.094323948746805,21.88605302318342
1513.75,非储层,2.225302002645591,60.156737239677526,37.61796075767688,88.00327578716207,11.99672421283794,89.78192796555894,47.13436673761878,8.472386488671642,4.549984013387108,1.7786521783968803,10.218072034441061,1.8899074017485589,126.52180032428025,14.067573152742032,1.230239416360113,1.212944488922779,131.2963333586745,50.91906654104602,23.0965639132129
1513.875,非储层,2.22589617391892,59.521839554378865,38.25226427170222,88.65363931281212,11.346360687187884,90.38866873786166,46.6369079040304,8.382968431485766,4.501963218862698,1.735029425049552,9.611331262138334,1.9278375773380254,126.52337933806413,14.130502337682492,1.2229179369380372,1.2055790340144137,128.61822755615668,52.574833682177555,23.021562860249137
1514.0,非储层,2.2492641981655703,59.54482847961315,38.20590732222127,89.32263368069106,10.677366319308945,91.10056285112921,46.654920324294814,8.386206157939712,4.503701997378629,1.7779291704381612,8.899437148870781,2.1679091480881443,130.58898696682618,14.194605022586396,1.2057776753472158,1.1889991704782288,127.00285015374676,52.09252270539859,23.273746500646823
1514.125,非储层,2.2507849314055752,60.05682664820824,37.69238842038618,89.34296502624387,10.65703497375613,91.08313273020345,47.05608419312965,8.458315227760881,4.542427227317708,1.7401677039595724,8.916867269796558,2.1490644254501095,136.8666460723572,14.165667522937131,1.2009305084469377,1.1845713622714353,132.40531285174185,51.72928236908675,23.0223692270644
1514.25,非储层,2.2209298378076037,60.397520034116866,37.381550128075524,90.05499228715036,9.945007712849652,91.77218261567155,47.323026313552816,8.506297983674848,4.568195736889208,1.7171903285211982,8.22781738432845,1.980909927192629,119.22824574471973,14.175878771394554,1.1996603889959312,1.1832111797106404,134.55275729601732,50.788162074828165,22.018538841346892
1514.375,非储层,2.185283672524839,59.438769350452446,38.37594697702271,88.77299799270631,11.227002007293695,90.52926990965953,46.57182024076109,8.371268946014117,4.495680163677239,1.7562719169532306,9.470730090340462,2.1042985748580376,149.1886649907982,14.120362041983569,1.2096389755879335,1.192731666279034,134.14197371682374,51.56680845915411,21.721892647748305
1514.5,非储层,2.1411899168225235,60.28455994309423,37.574250140083244,87.88719051776972,12.112809482230269,89.68984092094429,47.23451914708594,8.490388850419727,4.559651945588561,1.8026504031745667,10.310159079055703,2.00544532339762,140.9526904094108,14.140214928101443,1.2179750923617134,1.2005354426148642,124.74009887866126,50.92628965832763,21.90735979813921
1514.625,非储层,2.155785126176891,60.019605517528674,37.824609356294445,86.59673047733274,13.40326952266726,88.36107896934779,47.02692047008979,8.453073058402424,4.539611989036454,1.7643484920150456,11.638921030652217,1.9667306140214913,119.64429654082025,14.181999908205507,1.2362575765539288,1.2177660346629255,133.48363373841818,52.466329293460824,22.061309344592466
1514.75,非储层,2.175110961810276,60.1984378639508,37.626451174238916,84.1872823957986,15.8127176042014,85.97862770914391,47.167040260284296,8.478259543326425,4.55313806034008,1.7913453133453094,14.021372290856092,1.9752563831219243,118.56572872430421,14.095519599644373,1.2586363924454078,1.2394492858224762,126.46793760995962,51.68748591329583,21.75111117789208
1514.875,非储层,2.223323032911315,60.49143296378724,37.28524400330144,84.82951457708971,15.170485422910286,86.61656804632923,47.396609534179476,8.519524542709803,4.575298886897963,1.7870534692395155,13.383431953670765,2.06848952432958,125.9915543054733,14.134859223957497,1.270450895061396,1.25073789509751,133.57039931028493,52.58715473006086,22.063924547880188
1515.0,非储层,2.2093392268131433,59.955448093964826,37.83521267922204,83.87967831955304,16.12032168044696,85.70444977824711,46.97665146166351,8.44403722112979,4.5347594111715255,1.8247714586940726,14.295550221752883,2.1104557906797985,126.81218071153823,14.214192278707802,1.2783364731296116,1.2581879554367714,119.91147869708703,50.8283734137224,23.115195160852533
1515.125,非储层,2.2744244947915533,59.218418359615214,38.50715714559324,82.7606012392662,17.239398760733803,84.55754206585378,46.399169513848506,8.340235036211185,4.479013809555521,1.7969408265875908,15.442457934146214,2.1091831454533874,118.4131106029696,14.368091347126013,1.2792248693172774,1.2589481894315186,133.5723807362933,52.611105417459854,23.26115087460718
1515.25,非储层,2.3012407118603284,58.58540253496179,39.11335675317788,80.58252353472652,19.417476465273474,82.34843584590527,45.903185166973856,8.251082017513694,4.43113535047423,1.7659123111787454,17.651564154094736,2.2882694915750856,133.07815349230685,14.643508727912899,1.2641166301626345,1.243762621720556,129.06202769981118,51.484537843814394,23.168172712085973
1515.375,非储层,2.252688038281292,57.57835620117011,40.1689557605486,82.55425599754767,17.445744002452336,84.37275252729329,45.114138197395135,8.109251091446524,4.35496691232845,1.8184965297456124,15.627247472706717,2.0614065144232243,140.96272715196505,14.848203036609792,1.2510700123693579,1.2308380749211527,123.94681512916475,53.262338353001155,23.131472860076727
1515.5,非储层,2.2093805704738045,57.78799897038227,40.00262045914392,82.68160756899923,17.318392431000774,84.49309735902838,45.27839875442246,8.138776871048634,4.370823344911175,1.8114897900291551,15.50690264097162,2.0927030306568737,113.14936174052178,14.93288904595439,1.251031140008625,1.2304517895463212,133.50734108762995,51.801193181744125,22.09335674701614
1515.625,非储层,2.25962141600866,58.38202572764298,39.358352856348354,80.92868949528629,19.07131050471371,82.76560327957839,45.743834153904494,8.222438726778496,4.415752846959993,1.8369137842921028,17.234396720421607,2.2367042193086473,131.47784222450937,14.858649419910858,1.2488486980138562,1.2281201010686988,140.75707195727793,52.80484440941265,22.081063436169984
1515.75,非储层,2.2005493025221345,59.37229098966075,38.42715970781711,82.70680816415121,17.293191835848788,84.54931041186258,46.519732717709644,8.361906231352306,4.490652040598797,1.8425022477113626,15.450689588137422,2.159727142751124,138.77959241728257,14.658996095466522,1.2579000329475178,1.2372261721972986,118.08789783714342,52.8662402697228,22.136564317341236
1515.875,非储层,2.167412797795486,59.72117648384494,38.11141071835957,84.6158739727169,15.384126027283095,86.40796595802391,46.79309356783013,8.411042751759702,4.51704016425511,1.7920919853070083,13.592034041976087,2.100674715993801,135.2633616655355,14.543253757016904,1.2524410249868492,1.2323310963979757,125.51959938111311,51.281444851689805,22.09424374860008
1516.0,非储层,2.1357942124736953,58.946747921822926,38.91745786570337,86.70925216004474,13.290747839955252,88.45693919034122,46.186308666764106,8.301973370899244,4.458465884159575,1.7476870302964642,11.54306080965879,2.2960298448484013,119.50336823301586,14.37827631814144,1.2438771507222264,1.2245144625898332,125.41770081866557,51.906606151014536,21.923588108730012
1516.125,非储层,2.188742151413083,59.99568575522264,37.81557209336428,86.80735197277869,13.19264802722131,88.60300052024674,47.008178714792834,8.449704234222907,4.537802806206895,1.7956485474680535,11.396999479753255,2.1287430069947417,119.37360640062059,14.244077280102747,1.241912719013459,1.222882666131714,136.22864972775153,52.291115099633785,21.994893600134084
1516.25,非储层,2.1277176439292873,60.74477792034953,37.12750443572119,86.2942985035306,13.705701496469402,88.12382465229324,47.595111890551564,8.55520527416968,4.594460755628277,1.8295261487626355,11.876175347706763,2.2515500356458586,126.42341639135036,14.136292105470353,1.2483165821936415,1.2290583850255932,112.46476693898154,51.00956858027333,22.041319470026856
1516.375,非储层,2.1632406856963815,60.855102032341875,36.981657281961745,85.487676122716,14.512323877284006,87.3419876748686,47.68155369895503,8.57074316001104,4.602805173375808,1.854311552152613,12.658012325131395,2.092622292892723,132.84073046157755,14.028925093378033,1.2540990180550704,1.2345429710926341,125.99294543079756,50.156115702209796,22.022013220329764
1516.5,非储层,2.194118115281593,60.02413851279478,37.78174337192363,87.62547066061012,12.374529339389884,89.48701781386244,47.030472189665964,8.453711478795684,4.539954844333133,1.8615471532523207,10.512982186137565,2.084994194629634,148.01214691547682,14.633774230502382,1.5109183302987197,1.1902984854670804,126.36176991883382,51.4500670201291,21.92773749851966
1516.625,油层,12.789875799185083,46.491367225949496,40.71875697486543,39.00071100408739,60.99928899591261,85.2982158051161,43.784268680933195,2.6606071777903493,0.046491367225951624,46.297504801028715,14.701784194883894,2.1433772957760153,155.6891024160522,15.323024188162224,1.775647907837106,1.137106557927138,133.7063263076433,52.15200344161266,22.041307398556796
1516.75,油层,12.597554559839466,46.369981961006864,41.03246347915368,37.85566508518905,62.14433491481095,85.35529927644545,43.66995143514594,2.653660543899916,0.04636998196100861,47.499634191256405,14.64470072355455,2.124090929889243,193.0219525618328,16.018430158647664,2.019515885755,1.0720044357053995,141.70862478510674,51.50667503586861,21.9689366971125
1516.875,油层,12.220976611550096,46.21736254402411,41.56166084442579,38.60013492892473,61.39986507107527,87.17502647921775,43.526218738995624,2.644926442484464,0.04621736254402549,48.574891550293025,12.824973520782246,2.106401294846595,184.54984296470042,16.5863374210216,2.2667921831357165,1.0158799164616663,140.54232807160002,53.11339819598627,21.985585859255764
1517.0,油层,12.276823631015063,46.361780394033715,41.36139597495122,39.446252303328485,60.553747696671515,89.12581260100487,43.66222742887588,2.653191184763803,0.046361780394033394,49.679560297676375,10.874187398995138,1.790388519058179,185.30950186781016,16.45947359316913,2.2501065250228702,1.0073575078049224,134.09272438616105,51.88710011087346,22.160043102336072
1517.125,油层,12.229017279574506,47.33133781902254,40.43964490140296,40.590325132289735,59.40967486771027,89.0054798326271,44.57532948051031,2.708677000693204,0.04733133781902425,48.41515470033736,10.994520167372901,2.001907472117143,180.34496224848436,16.197456248026995,2.2207430262051564,1.002415844713388,134.27537566088893,51.03685878444813,21.906409510131585
1517.25,油层,11.9692721919749,48.440610132677804,39.590117675347294,41.29399358148332,58.70600641851669,90.32347126629745,45.62001110463544,2.7721584179096883,0.04844061013267592,49.02947768481412,9.676528733702561,1.8636457593313107,179.4750053505969,16.00379643462631,2.187791049632153,0.9987774803399634,150.667359681477,52.530960724138474,21.924943600892053
1517.375,油层,12.067726066640683,47.54442339512839,40.38785053823092,41.94442305737658,58.05557694262342,90.8529469902543,44.776007513292335,2.720871458440929,0.047544423395127,48.90852393287772,9.147053009745697,1.8899866646287864,172.3613786343637,15.806716672067829,2.1577413322792194,0.9949038915883628,149.21278015392676,53.6535733552675,22.04231324910743
1517.5,油层,12.00447797082831,47.76504020015081,40.23048182902088,42.70930342633705,57.29069657366295,93.01854710239132,44.98377824672086,2.733496913229796,0.04776504020015185,50.30924367605427,6.981452897608675,2.088091271265394,191.64130703655246,15.656909736830212,2.146696341323903,0.9871490456611944,131.69140552866207,51.62048667809026,22.18809292051057
1517.625,油层,12.357324000350731,47.890317485558484,39.75235851409078,41.936344370511364,58.06365562948863,92.9612037969539,45.10176088847131,2.740666279601618,0.047890317485559455,51.02485942644254,7.038796203046105,2.1614059799995564,189.3103623988268,15.620023226601159,2.1284375355338376,0.9744918828551061,144.44317004375395,52.81433027788701,21.850186954225624
1517.75,油层,12.199758038482136,47.84254763997319,39.95769432154467,42.13127046587783,57.86872953412217,93.7288816042148,45.056772584647334,2.7379325076858883,0.04784254763997367,51.59761113833697,6.271118395785191,1.9473997579250895,180.57428138039688,15.654912607213676,2.1314127585431493,0.9686753187529484,141.82921970166964,51.64524001203361,22.04879127296549
1517.875,油层,12.238028655761953,46.84603077097494,40.91594057326311,41.16513067753247,58.83486932246753,91.64689450789805,44.118280883053565,2.680903857150396,0.04684603077097539,50.48176383036559,8.353105492101943,1.8907100440874316,182.05997351071784,15.869361771688805,2.1478953269513186,0.9710621282688257,152.85501145906866,51.45762371946771,21.96660943161939
1518.0,油层,11.87133534946182,46.425621023526716,41.70304362701146,40.23682872057531,59.7631712794247,89.29348084150254,43.72235074727382,2.656844655229368,0.04642562102352664,49.05665212092725,10.706519158497452,1.8804661245069385,195.03179678617096,16.138201862640205,2.1390936381687196,0.9713374914081448,142.14017246985895,52.168889661225656,22.060705649650004
1518.125,油层,11.811694492152176,46.333100916092064,41.85520459175576,40.8942968334921,59.105703166507894,89.0463200006064,43.63521789909106,2.6515499160849108,0.0463331009160909,48.15202316711429,10.953679999393607,2.090405487612825,194.9985208405888,16.390427586615772,2.1364663179586496,0.9757460034264389,155.9797078320068,51.90783366839496,22.04678148686159
1518.25,油层,11.51446121928431,46.73044685767216,41.75509192304352,40.98229220816397,59.01770779183604,89.08253972601005,44.00942718790094,2.6742892229135515,0.04673044685767243,48.10024751784609,10.917460273989942,2.001510421782908,182.18531493975473,16.62416333705781,2.1179762335539762,0.9759393192890856,155.40924116262812,54.070662915137675,22.08496301411001
1518.375,油层,11.603888615467985,45.56484387145065,42.831267513081364,41.0825315252438,58.9174684747562,88.32176960661442,42.911694912659634,2.60758411491957,0.045564843871448435,47.23923808137061,11.67823039338558,2.0113960570450673,181.4540363579593,16.872890631968907,2.0958939582733707,0.9731127889351495,144.06888261789743,52.301885169056426,21.92006504759439
1518.5,油层,11.353802883947466,44.73390225481655,43.91229486123598,40.11599513689872,59.88400486310128,86.45403169794118,42.12913735043398,2.5600310021277517,0.04473390225481523,46.33803656104244,13.545968302058832,2.0170273986667824,176.03725074472493,17.210825342749523,2.0693799832797035,0.9666086788696363,146.63558261638184,53.09265195236698,22.064572228643904
1518.625,油层,11.317330578558122,43.73197204702131,44.950697374420564,40.391377083978554,59.608622916021446,85.85098637662247,41.185547517843204,2.502692557131084,0.04373197204701994,45.459609292643925,14.149013623377527,1.9200255640843698,183.20980991773723,17.709264068847915,2.043880567658065,0.9599763932917993,145.45049639275243,53.9528378551079,22.00784267782114
1518.75,油层,11.582630206946483,42.50704137533129,45.910328417722226,39.29770307908259,60.70229692091741,83.64110583600844,40.03194208860006,2.4325922453558917,0.04250704137533333,44.34340275692585,16.358894163991565,2.182885571848233,198.19497247125437,17.99097599529733,2.038275342813452,0.9659038405932371,148.78978012199053,53.72358743977466,21.972541873396093
1518.875,油层,11.254340146623312,43.914826440092014,44.83083341328468,39.9438395552378,60.056160444762206,82.98147893814894,41.357754668404866,2.513156945247054,0.0439148264400932,43.03763938291113,17.018521061851068,1.9375058488823156,172.09189431902402,18.124033232358943,2.03840628705636,0.9707215922564935,155.15405347989707,52.75996868637401,22.104191207642288
1519.0,油层,11.362148075778626,43.93977075259259,44.698081171628786,39.45334762247553,60.54665237752447,83.46047809923756,41.38124652389878,2.5145844579412175,0.04393977075259174,44.00713047676202,16.539521900762445,2.026698715554913,192.09961489737594,18.03901056186666,2.0755100096134984,0.9887149060214024,146.03634885601844,53.51394895353224,21.899271181590663
1519.125,油层,11.276690083548338,45.323519742932724,43.39979017351894,39.0545217972729,60.9454782027271,82.84236207623378,42.684422601418085,2.5937736217717062,0.045323519742934,43.787840278960886,17.15763792376621,2.193319109018859,200.211796923172,17.728493064885,2.1304051840515075,1.0111887963299755,147.65313152232,53.439684201691634,21.970999309513925
1519.25,油层,11.423583511383221,46.14028074681245,42.43613574180433,38.441087131913676,61.558912868086324,82.80695994218534,43.45362525936913,2.640515206696503,0.046140280746814755,44.36587281027166,17.193040057814656,1.9821775650426707,169.32416566770777,17.394681225415212,2.187233410487658,1.0274384211835297,153.43629278718717,54.13157752155125,22.22534252438435
1519.375,油层,11.390436842406377,47.20793132858107,41.401631829012565,38.893241099223665,61.106758900776335,84.07071173390699,44.4591087011084,2.7016146961440866,0.04720793132858246,45.17747063468333,15.92928826609301,1.9685197515794814,173.59058503842147,17.081752873162273,2.259878730383919,1.0530540553996373,134.29852177773668,54.682388480195044,21.88360017573571
1519.5,油层,11.16818281428078,47.69131823252189,41.14049895319733,37.74493500371477,62.25506499628523,82.26421467826177,44.91434896057696,2.729277953712407,0.047691318232521984,44.51927967454699,17.735785321738227,2.0515358091905807,181.54164639418352,16.875628601222203,2.3181324957977014,1.074944696973,150.96505739829135,52.22957809938889,21.991956860489157
1519.625,油层,10.930539641179056,48.106620993207244,40.962839365613696,37.55065987082481,62.44934012917519,81.1292923912271,45.305469479132746,2.75304489308129,0.048106620993206006,43.5786325204023,18.870707608772896,2.0155872894498827,175.89497414020386,16.714243728026467,2.3827215298854023,1.0983818562541727,138.6066935299168,51.09871839627645,21.858122979201628
1519.75,油层,10.982220930609113,48.660329759646444,40.35744930974444,36.50840211854065,63.49159788145935,80.29697645771326,45.82693690087874,2.7847325290080582,0.04866032975964461,43.78857433917261,19.703023542286747,1.725847991010805,177.19014600872677,16.75417709526591,2.443159540085024,1.1166291633300103,143.7027599605345,52.06091504668935,22.04825661330356
1519.875,油层,11.170623164831985,47.81700451567749,41.01237231949053,35.764111144315706,64.2358888556843,79.76265089181818,45.03271678496137,2.736470726200434,0.04781700451567776,43.998539747502484,20.237349108181814,1.9858846521834024,184.59769880573924,16.924814360934576,2.4794770000370763,1.1272907170523654,144.83081474112183,53.308180946821324,22.038165321653885
1520.0,油层,10.948410039455931,46.90699390210787,42.1445960584362,34.9741344789906,65.0258655210094,77.68914049433081,44.175694254017316,2.6843926541884477,0.0469069939021096,42.71500601534023,22.31085950566918,2.089070605043395,176.3967993531893,17.05071945390675,2.532139486657345,1.1368006991996846,140.2393502824892,52.85805832116779,22.033774284690963
1520.125,油层,11.021367830492503,47.43887418947818,41.53975798002932,34.21331730445109,65.78668269554892,77.50608842729581,44.67660422500469,2.7148310902840147,0.04743887418947566,43.29277112284471,22.493911572704196,2.0262523490860125,172.0863644732769,17.185524762916643,2.583909423398122,1.1439019445580705,146.38991062154062,52.92948179044036,22.189473218325308
1520.25,油层,10.915156893609302,47.90328856122216,41.18155454516854,33.26571461736333,66.73428538263667,77.01492540245494,45.113976684560484,2.741408588100456,0.04790328856122024,43.749210785091606,22.985074597545065,2.1125811328661754,182.50844101019598,17.171256310430813,2.652978905109764,1.1575789615755938,140.2899569604666,52.225190315609765,22.046039895496236
1520.375,油层,11.240187011514086,48.42541425982069,40.33439872866523,32.90533818120912,67.0946618187909,77.41804022047315,45.60570005680621,2.771288788754669,0.04842541425982075,44.512702039264035,22.58195977952685,2.0698218735381593,174.23322526912602,17.031787225805047,2.709703782248968,1.1684424367241442,128.282165878399,52.18190215853549,21.89394279868108
1520.5,油层,11.514636213664154,48.13568086667802,40.34968291965782,33.397085770824134,66.60291422917587,77.73179554994897,45.33283725478225,2.7547079310290936,0.048135680866678854,44.334709779124836,22.268204450051034,2.1218387060120567,169.0429869391439,16.854674528251476,2.771473906217029,1.190443010382052,128.7892463414071,51.90611967133148,21.952185290256185
1520.625,油层,11.397704360375016,49.45719826447275,39.14509737515223,33.080113474111876,66.91988652588812,76.17041587572764,46.57740535987502,2.8303357063332575,0.04945719826447044,43.090302401615766,23.829584124272362,2.2043045883710493,177.6213963517833,16.754318274973393,2.782079453617887,1.2007501123364814,132.74339418786582,51.30564433791479,21.853564742485208
1520.75,油层,11.731431262701706,48.659592220914135,39.60897651638415,33.739778500159986,66.26022149984001,76.79289948552123,45.826242307539275,2.7846903211539518,0.048659592220914524,43.053120985361254,23.20710051447876,2.090926251969088,179.54956086663572,16.760333400268877,2.7841653590788784,1.2105838673728018,145.04377249671177,53.24680180209391,21.96006092415379
1520.875,油层,11.584331121385373,48.56635634996125,39.84931252865338,33.08153594837861,66.91846405162138,75.70510380336836,45.73843537330431,2.779354620306971,0.04856635634996262,42.623567854989744,24.294896196631644,2.076363932655962,174.35444595844618,16.73454653874198,2.7855921886370774,1.2163440880114824,133.26344137726184,52.19123269355261,22.002486350620835
1521.0,油层,11.843109461320086,48.387828398162,39.76906214051791,33.6785322800579,66.32146771994209,77.14898938410091,45.57030274406488,2.769137825698957,0.04838782839816265,43.47045710404302,22.85101061589908,1.8829188164280133,193.98836874492562,16.678848970252623,2.756086598936798,1.2109883021308585,127.97684775629936,52.588846306087596,21.95802361203436
1521.125,油层,12.073506723966442,49.34057724468179,38.58591603135177,34.65321951146752,65.34678048853249,78.04353097342283,46.46757494685327,2.8236617205838366,0.049340577244683104,43.39031146195531,21.956469026577174,2.1415186443872107,165.30205434969525,16.510324298551986,2.7565659916878973,1.2178449167734917,142.9974041263509,51.12526778504217,22.10310178645202
1521.25,油层,11.81004318707225,50.171535973290915,38.01842083963683,34.97945670733499,65.02054329266501,78.04064608559923,47.25014862465815,2.8712158126594725,0.05017153597329238,43.061189378264245,21.95935391440077,2.070924307243946,175.52357899436785,16.205947134988037,2.741793514610642,1.2233816612708779,137.13748755686157,52.53911704373228,22.01631508181595
1521.375,油层,11.890581393664796,50.95006511862108,37.15935348771413,35.87000067223287,64.12999932776712,79.20255900014612,47.98334558807305,2.9157694654294057,0.05095006511862295,43.33255832791325,20.797440999853876,1.991961589009972,154.0029820842836,16.048602630351024,2.725764756857865,1.2319550961687864,125.18490748791466,51.739765728129754,21.930929518709323
1521.5,油层,12.195273982055234,49.73658391897717,38.0681420989676,35.70655451765216,64.29344548234783,77.9885502412743,46.84052295121124,2.846324383846944,0.04973658391897902,42.28199572362213,22.01144975872571,1.9609626760761802,171.1533009695207,15.93302544516228,2.73703928138692,1.2512235904927131,124.68096642516396,51.3961554144914,22.08189875935289
1521.625,油层,12.053183608290418,50.934876572994824,37.01193981871476,35.45082148409016,64.54917851590984,76.55301416263096,47.9690414408248,2.9149002555970296,0.05093487657299549,41.1021926785408,23.446985837369038,2.0144519402842276,182.43409337005914,15.797449959189365,2.7635233338923926,1.2718868289542073,125.35627012696523,51.91509564682446,21.783348527534645
1521.75,油层,12.302564493049669,51.67745918389277,36.01997632305756,35.29059492961038,64.70940507038962,76.85032046741227,48.66838496400682,2.9573967607020593,0.05167745918389505,41.55972553780189,23.14967953258773,2.1405926707753116,148.95629600221855,15.69550461525958,2.7904867269804576,1.295907299357883,129.70023924681524,52.11072684345041,21.942902565475702
1521.875,油层,12.136929655903097,52.43190405348006,35.43116629061685,36.03424230893072,63.96575769106928,76.99136615722176,49.37890003047972,3.000572118946862,0.05243190405348208,40.95712384829105,23.008633842778238,2.2931112219844367,167.02541651479717,15.507395622697002,2.8431537504254947,1.3200888734680247,125.0948107236885,49.95720000447533,22.091248929221532
1522.0,油层,12.295840366968026,51.969349036458425,35.73481059657356,35.20212767505087,64.79787232494914,76.91692168160003,48.94327865917092,2.974101028251044,0.05196934903646047,41.71479400654917,23.083078318399963,1.7782337354291806,169.72718521728507,15.32172087835595,2.903151780457968,1.3333418409369657,109.00712902084051,50.4653542404725,21.953793342962793
1522.125,油层,12.159784482541635,52.727193140535775,35.11302237692258,34.385193746344406,65.61480625365559,77.29286439773104,49.65699502956545,3.0174709178297885,0.052727193140535145,42.907670651386645,22.707135602268956,2.0593708889114315,170.85907841757026,15.145558719958393,2.955680443995305,1.3487661338961172,136.18066663849143,50.176604660838606,22.1917786378994
1522.25,油层,11.811338778251468,53.758662444668445,34.42999877708009,34.58322753293363,65.41677246706637,77.05183142569818,50.62840395649141,3.076499825732373,0.053758662444667454,42.46860389276455,22.948168574301818,2.0698251924821323,162.29981543184076,15.13125592980971,2.9810478762706265,1.3525673518367654,122.81574022761086,50.3994157075864,22.213996149745654
1522.375,油层,12.011803912578088,52.72978466173499,35.258411425686916,35.079836776627936,64.92016322337206,76.60383220816477,49.65943565171208,3.017619225361174,0.05272978466173625,41.52399543153684,23.39616779183522,1.9059237588353926,159.34377769672298,15.033374417683897,3.0141321538284496,1.3707708966871222,121.23646961452519,51.09145815684834,21.9005904213447
1522.5,油层,12.090021337460268,53.40096817616076,34.50901048637897,34.919333610678564,65.08066638932144,75.6666453262252,50.291537503804484,3.0560297041801108,0.05340096817616179,40.74731171554663,24.33335467377481,1.9311943843104196,160.93847371204197,15.108217681598937,3.0171299575135566,1.3776199879330213,123.12544632177091,49.211899975382785,21.98748743913131
1522.625,油层,12.28288407341926,52.332491253462074,35.38462467311866,33.979814545305786,66.02018545469421,75.23413554506793,49.285275837300865,2.9948829249077487,0.05233249125345986,41.25432099976214,24.765864454932075,2.292780170357143,170.78528647262883,15.338477184054291,3.021806717184932,1.3805294789105993,119.51527492993335,51.189808062453324,22.138578415659197
1522.75,油层,12.613294664276145,51.73089836433324,35.65580697139062,33.05638834579195,66.94361165420804,73.53691919040502,48.718712488751855,2.960454977217055,0.05173089836433588,40.48053084461306,26.463080809594985,2.096168880047101,161.23728276321222,15.541048012243309,3.047208901194816,1.3782912664700364,135.6299204478096,50.976757670344426,22.040313467485277
1522.875,油层,12.446459698172587,50.9154164600669,36.63812384176052,32.692221529138514,67.30777847086149,74.14618254857372,47.950714451023515,2.913786592583313,0.05091541646006642,41.4539610194352,25.853817451426288,2.122565348782936,157.96963979029346,15.740101349858458,3.052792259015131,1.3721677258330995,116.99177443102371,51.53641845379077,22.02209057286777
1523.0,油层,12.097303429351834,51.70188768950668,36.200808881141484,33.2110451766524,66.7889548233476,73.62414035361368,48.691391047008736,2.958794754808431,0.051701887689508536,40.413095176961285,26.375859646386314,2.0526596206666965,148.84938159745886,15.873310184487343,3.071627104598008,1.3689349138734288,115.28545011948347,50.33710363101928,21.988788447952043
1523.125,油层,12.332445387320174,51.19791017780597,36.46964443487386,32.301919532722586,67.6980804672774,73.80372579930747,48.21675912934091,2.9299531382872592,0.0511979101778047,41.50180626658489,26.196274200692528,1.9986591755190908,190.1024496613476,15.826797051883666,3.1043029889461233,1.3670588340040206,131.65235909761444,50.73090534166629,22.320768573895492
1523.25,油层,12.450193683054591,52.096878627838365,35.45292768910704,32.02188370230499,67.97811629769501,74.39942098322362,49.06338245965954,2.9813992895509767,0.05209687862784071,42.37753728091863,25.600579016776383,2.0064144443261562,154.5844760063757,15.745821441300073,3.127651355318834,1.3710370014318183,139.39040088150605,50.66687378565099,22.337229942855004
1523.375,油层,12.781095584993443,51.497485448556034,35.72141896645052,32.41822769568033,67.58177230431967,74.83680671699048,48.49889073628928,2.9470972268181987,0.0514974854485567,42.41857902131015,25.163193283009523,2.074406859750257,162.23538737604653,15.623682973453736,3.1621340503462037,1.3669467979174232,114.80985683960827,50.84273225121464,22.476233057047533
1523.5,油层,12.769108528059233,52.157109388214536,35.07378208372623,32.57915537957378,67.42084462042622,76.19739932902965,49.12010610433858,2.9848461744877395,0.052157109388215744,43.618243949455874,23.802600670970353,1.8624680795060895,191.18433236012265,15.423673251784944,3.1650771539673723,1.3653316509755502,120.45705909057683,50.838683504925044,22.426069759595062
1523.625,油层,12.732373785912204,52.439151607529986,34.828474606557805,33.421276898728195,66.5787231012718,77.04521086561216,49.38572557407493,3.00098688184753,0.05243915160752892,43.62393396688397,22.954789134387845,2.059686802023909,187.78367024295804,15.357270078784413,3.132401304144194,1.3561549848172116,123.41742444599109,51.1070801898219,22.29156039196207
1523.75,油层,12.570109003525499,52.22751225212854,35.202378744345964,33.4533709491702,66.5466290508298,76.70853489842851,49.186409551482576,2.988875188393832,0.05222751225212735,43.255163949258296,23.291465101571497,2.1995273621965357,172.2109205259854,15.237803708904861,3.106444017736292,1.354315734275874,134.42307477788182,52.64795496128802,22.375492244754025
1523.875,油层,12.825285329451056,52.294102457167966,34.88061221338097,34.1484938902271,65.85150610977291,76.82988243376978,49.2491223431885,2.992686011522293,0.05229410245716909,42.68138854354268,23.170117566230218,2.2248874995112917,168.42346024266345,15.130225078820848,3.103429887407473,1.3604400542509545,118.1667662622955,49.79035585286012,21.994505712559604
1524.0,油层,12.946720140529244,53.05820518562745,33.99507467384331,33.55879400235074,66.44120599764926,76.96386270312685,49.96873291089043,3.0364140695513924,0.05305820518562848,43.40506870077612,23.03613729687315,2.1318663591000853,175.26820168772434,14.99471168777566,3.120177106419745,1.3784647440794713,119.17749068986852,51.24655107359113,21.76891833936783
1524.125,油层,13.122154637824377,53.821780442169,33.05606492000662,34.19037366949402,65.80962633050598,76.67822006171234,50.68784672030034,3.080111941426488,0.05382178044216583,42.487846392218316,23.321779938287655,2.253452477471119,181.15206831704265,14.825699578961423,3.1667013907743167,1.4053583785661037,118.70127211700917,50.67045419755975,22.100064672451364
1524.25,油层,13.466222093782918,53.889603053515934,32.644174852701155,33.57770838231716,66.42229161768284,75.81958983365502,50.751720157780134,3.0839932926822846,0.05388960305351513,42.241881451337846,24.18041016634499,2.2032519664727364,183.8588209594887,14.675056038278662,3.2409570268932515,1.4371922289163483,132.93234816935427,50.72935602520156,21.902940419638398
1524.375,油层,13.440427821646765,54.115055414266024,32.444516764087226,33.197797559183975,66.80220244081603,75.00355913419148,50.96404488227916,3.0968954765726013,0.05411505541426283,41.805761575007494,24.996440865808523,2.1071427933347193,166.00801841462214,14.689994084436176,3.293854739045062,1.4630330877108504,115.43150109780959,50.20765987920508,22.0450170519564
1524.5,油层,13.5425212682893,53.491088307568425,32.966390424142276,32.29066349696916,67.70933650303084,73.59351600495138,50.376410121723794,3.061187097537061,0.05349108830757163,41.30285250798224,26.406483995048614,2.0748908134082233,165.38829951563685,14.66960359946528,3.34309188225761,1.486811509404725,113.6319893467024,49.23632394390196,22.140631153272615
1524.625,油层,13.253787818616559,54.639934019691225,32.10627816169221,33.1515961122065,66.8484038877935,74.03702977673873,51.458360865139376,3.1269332205321603,0.054639934019692915,40.88543366453224,25.962970223261262,1.953328660610614,173.50528524489584,14.730496005844822,3.373818737726657,1.5077548882308993,116.7828740159882,49.51841633716923,22.19064371257675
1524.75,油层,13.484458640684624,54.0839093650483,32.43163199426708,32.64197753513386,67.35802246486614,72.39586187437125,50.934712404688845,3.0951130509944127,0.054083909365044286,39.75388433923739,27.60413812562875,2.1003069431481363,156.97172140913824,14.73594155921607,3.3781112257183383,1.5284535114061568,129.81344821629673,49.71405183946035,22.098900247462478
1524.875,油层,13.411436121831875,54.7033838484652,31.885180029702916,33.56106265467923,66.43893734532075,72.4529296610253,51.51811613835595,3.1305643262607816,0.054703383848470066,38.89186700634607,27.5470703389747,1.8080906103459482,162.52026214437524,14.586294216092734,3.41823433331245,1.5635842081995264,111.71679241908429,50.13817290756801,22.02702090719686
1525.0,油层,13.292713267898698,55.683138974279146,31.024147757822163,32.73074109736835,67.26925890263165,71.62650128375441,52.44082209926423,3.1866337360406365,0.05568313897428012,38.895760186386056,28.373498716245592,2.246785292523649,154.85808325977706,14.027230824739739,3.020249514014679,1.641177163477046,126.63807601706505,49.80611399085808,21.841020643351403
1525.125,水层,5.6114237963118105,63.77354281088699,30.615033392801205,74.64886884114765,25.351131158852358,75.68648153944464,61.500564953831116,2.2092043142449764,0.06377354281089237,1.0376126982969989,24.31351846055536,2.194568712311331,136.06010836175986,13.452241221884996,2.6037617909405792,1.6995720109876307,125.69856665883165,51.16277003293126,22.05996127310378
1525.25,水层,5.680498344646337,62.965849778128344,31.353651877225317,75.32900725195003,24.67099274804997,76.34308842860572,60.72165922530306,2.181224703047159,0.06296584977812797,1.0140811766556928,23.65691157139428,2.1221736811480167,144.36706845947097,12.911089419393594,2.199929739844577,1.7531310728367615,122.2224812513936,49.484979775455294,22.00181880818868
1525.375,水层,5.637908987688938,63.205372080209955,31.156718932101107,75.57893075364413,24.421069246355863,76.60051515908648,60.95264461905393,2.189522089075809,0.06320537208021407,1.0215844054423389,23.39948484091352,2.0475857148658836,124.17731343658994,12.422272068229951,1.7539311757228122,1.7965142543293902,121.311610399372,49.26912913102869,22.19345790724503
1525.5,水层,5.750326659595681,63.35983595569488,30.889837384709434,75.14955567585062,24.85044432414938,76.18285530732355,61.101603186958044,2.19487293278114,0.06335983595569424,1.0332996314729246,23.81714469267645,2.143365271508763,127.1478503336627,12.404226738669,1.7438731808880972,1.7865516827098384,124.7359898004356,49.33786048487448,22.140583302682835
1525.625,水层,5.588155243311734,63.804887753625806,30.60695700306247,76.44075492028661,23.5592450797134,77.48427014185228,61.53079271916948,2.2102901467027043,0.06380488775362056,1.0435152215656802,22.515729858147715,2.0867332395794276,125.67813922632224,12.29117517419694,1.741201702033527,1.7835649016984871,132.83071103882165,49.909841750907574,21.961085971566575
1525.75,水层,5.446121085086013,64.03609153840601,30.517787376507975,78.1962891872212,21.80371081277881,79.2105247960005,61.75375607915736,2.2182993677102445,0.06403609153840771,1.0142356087793178,20.789475203999498,2.0801462974475595,133.47326169442857,12.224326439055357,1.7266693059420968,1.768074917778512,134.76135997624698,50.73820169982062,22.076761646565284
1525.875,水层,5.3424566001063445,63.735813482624984,30.92172991726867,79.27094612417172,20.729053875828285,80.3096825480961,61.46418035135854,2.207897317783808,0.06373581348262901,1.0387364239243864,19.690317451903894,2.0939720727006543,143.06094833568883,12.199579184256343,1.6929743497607381,1.7321150801029261,137.09389760144876,49.60753015263629,22.11089322456358
1526.0,水层,5.2200797072718625,63.36662903394479,31.413291258783353,80.98037908682835,19.019620913171654,82.02846283753777,61.10815415044119,2.195108254469653,0.0633666290339497,1.0480837507094223,17.971537162462226,2.212179440715974,127.05508531383632,12.209287412267088,1.653024878883976,1.6902794253219071,131.71149582389816,49.65124406342879,21.921753093690487
1526.125,水层,5.161481862009291,63.367083425286516,31.471434712704188,82.65413933675958,17.34586066324042,83.70979609950989,61.10859234664285,2.195123995218375,0.06336708342529022,1.055656762750312,16.29020390049011,2.2969803691127995,129.13505896166978,12.150466149068532,1.6205277076437397,1.6569936796061104,131.82893058489924,49.339829763821356,22.07452103080486
1526.25,水层,5.2028003754347285,64.19565634223024,30.601543282335047,84.86318647852738,15.136813521472625,85.93197572548614,61.90763377121278,2.2238269146752208,0.0641956563422353,1.0687892469587668,14.068024274513856,1.8978033370938694,104.05178061512244,12.144913080232133,1.5886981132066622,1.6242012665246885,132.56239582193118,49.43831678120564,22.126672284810475
1526.375,水层,5.122243854045971,63.4224178557044,31.455338290249625,84.81078226569878,15.18921773430122,85.90084547272104,61.161954580919065,2.1970408569296334,0.06342241785570711,1.0900632070222667,14.099154527278957,2.1914516925373024,131.59050043913393,12.07797506157672,1.5836699490432258,1.6189454805587302,122.37878147396506,49.6115484250619,21.976812140220755
1526.5,水层,5.126724280102404,63.92619150395531,30.947084215942294,83.38466559065061,16.61533440934939,84.49359645628942,61.64777303494722,2.214492277504136,0.06392619150395636,1.108930865638818,15.50640354371058,2.03758735364188,134.02875815002412,11.969315818991348,1.586536322601682,1.6224349039365982,120.48386406028337,48.608778948936816,21.980911230221846
1526.625,水层,5.190604139702175,64.33503974816678,30.47435611213105,84.64643337567675,15.353566624323257,85.75435662336727,62.042049358499604,2.228655349919007,0.06433503974816422,1.1079232476905232,14.245643376632733,2.1779422874718333,126.09165007549898,11.938016256196335,1.597468389514672,1.6327611607225119,124.80509256145032,49.671449912963894,22.09458609230514
1526.75,水层,5.094813117541725,64.70068812068921,30.204498761769056,83.8104779691154,16.189522030884607,84.92078312571843,62.39466551393671,2.2413219186318134,0.064700688120687,1.110305156603029,15.079216874281576,2.0884329287438876,146.04176401706314,11.830712012823158,1.6142367217991036,1.6504487787939415,130.39664842148494,51.05807490235052,22.080642179194523
1526.875,水层,5.224252225652141,64.55240225843995,30.22334551590791,84.32889604651685,15.671103953483156,85.45499728122952,62.25166476627496,2.2361850899065527,0.06455240225844185,1.1261012347126842,14.545002718770473,2.164415385054892,124.47420746932146,11.762234037750021,1.6292053722077615,1.6668842153495875,128.1927398381065,50.158410288834844,22.112317384975313
1527.0,水层,5.358025771915038,64.60780079913087,30.034173428954087,82.35262811417921,17.647371885820785,83.47270256689934,62.3050888258448,2.238104172486929,0.06460780079913554,1.1200744527201212,16.527297433100664,2.0596817619853898,155.76015502136767,15.850058347207128,1.402590471822551,1.430738538535871,147.64704135730418,52.08627676022519,22.06957555174257
1527.125,非储层,1.8425885743426078,22.406526934192662,75.75088449146473,88.65483423348515,11.345165766514853,89.34771506297203,20.60331534874394,0.8364799557850698,0.9667316296636492,0.692880829486889,10.652284937027968,2.241279772999692,152.61341703678923,19.971291296265456,1.163449548420711,1.182580645305501,168.6021686047652,56.182878080286244,21.899601578447644
1527.25,非储层,1.8843057446704246,22.174947124581013,75.94074713074856,90.56644538739701,9.43355461260299,91.26851500082813,20.39037240315295,0.8278346235801463,0.9567400978479181,0.7020696134311206,8.731484999171869,2.2015314921472258,188.28862901018928,24.18892895629704,0.9207722129325131,0.9304757198621447,179.70152036308986,58.935488320619314,22.159845313495623
1527.375,非储层,1.9221296297548738,21.008902056671086,77.06896831357403,93.09439501057356,6.90560498942644,93.77681566963003,19.318167223137557,0.7843038555270098,0.9064309780065178,0.6824206590564575,6.22318433036998,2.6315321902428894,207.83323506568414,28.381089676826875,0.6656332195521112,0.665312239459866,208.88122284524735,61.3557472846913,22.0005573296521
1527.5,非储层,1.8825124293327926,21.24303141381051,76.8744561568567,94.19930285487067,5.80069714512933,94.87202099227135,19.533454536147275,0.7930443673824688,0.9165325102807638,0.6727181374006787,5.127979007728656,2.3919430109426663,204.11929118676105,28.496596776898876,0.6564931990008892,0.6564511588082368,223.75493176829787,62.456707115348784,21.961505949413322
1527.625,非储层,1.9046756437505543,21.010249598105645,77.0850747581438,91.7407993992828,8.259200600717186,92.39833175869079,19.319406318388836,0.7843541619133101,0.9064891178035008,0.6575323594079802,7.601668241309212,2.431190935961584,225.3860734996679,28.55226028236284,0.6500981396408112,0.6503134212831984,219.32181731454526,63.429759571544615,22.07277862385958
1527.75,非储层,1.926640961780183,21.45652257373043,76.6168364644894,93.12647641604558,6.873523583954421,93.76769894120535,19.729764553532743,0.8010144145269819,0.9257436056707066,0.6412225251597824,6.232301058794643,2.612530112941543,196.1465843402399,28.430198459085688,0.6483680252036819,0.6487635490449395,207.86406508223754,63.21420364698362,21.975999532558834
1527.875,非储层,1.983008776615368,22.195349760277207,75.82164146310743,95.52649772941996,4.473502270580044,96.15755750824663,20.40913309455456,0.8285962943136416,0.9576203714090065,0.6310597788266664,3.842442491753373,2.282192338782615,208.0704890646119,28.437942767642944,0.6475776056378232,0.648109689298623,207.09286831610177,63.04893245253207,21.843954454836304
1528.0,非储层,1.9276460305392218,21.11120552462885,76.96114844483193,94.49228884440592,5.507711155594075,95.12386787986256,19.412237607976515,0.7881230462746568,0.910844870377679,0.6315790354566311,4.876132120137444,2.466477544450278,204.62050564400096,28.56028227392541,0.6377598158810729,0.6384995282508809,218.49955864884734,63.060081194702754,22.14169306496686
1528.125,非储层,1.9164797638131004,19.554132436424766,78.52938779976213,95.55103757385139,4.448962426148606,96.18257457521948,17.98047319613652,0.7299944290284246,0.8436648112598224,0.6315370013680891,3.8174254247805184,2.250005185145912,219.69528173093696,28.81297833499696,0.6319083537707818,0.6327688029773468,219.6307593425982,63.1084109655799,22.029099975931736
1528.25,非储层,1.932688585362186,18.718635513792393,79.34867590084542,93.15385476901464,6.846145230985357,93.79258948414937,17.21221461592652,0.6988036768447118,0.8076172210211587,0.6387347151347208,6.207410515850631,2.381232806693631,213.2919903324842,29.07877070919145,0.6347823160406918,0.6356103058866791,228.45836465141664,63.58423873204406,21.918782430985544
1528.375,非储层,1.958595562593834,19.505159518994564,78.5362449184116,90.70793394576587,9.292066054234127,91.33223717576388,17.935441475498784,0.7281661731846255,0.8415518703111542,0.624303229998009,8.667762824236114,2.4961607166418607,208.1502032959549,29.101939746675853,0.6395079359971639,0.6403635490346751,207.11772727331834,63.61964002288948,22.05487226169707
1528.5,非储层,1.9922487072355295,20.90086753898107,77.10688375378339,91.63229936085078,8.367700639149223,92.25780188902549,19.21882700664376,0.7802707133606216,0.9017698189766901,0.6255025281747059,7.742198110974519,2.484881316577686,195.31353052266144,29.199416290391486,0.6453517798643471,0.6463005630204044,224.42605724301495,62.723384115148285,22.061393524970494
1528.625,非储层,2.0458386395113832,18.541240629744838,79.41292073074378,91.02436911789492,8.97563088210508,91.6603925619238,17.04909595197561,0.6921811750531398,0.799963502716088,0.6360234440288803,8.339607438076202,2.5642310397965127,210.30027953709305,29.173423434721634,0.6492149294762376,0.6502743669895135,214.57382010358947,64.68279929521407,22.030085715131186
1528.75,非储层,2.0593875870591654,18.956557024580988,78.98405538835985,91.2723956084023,8.727604391597687,91.90768858304395,17.430988901179386,0.7076857572942732,0.817882366107329,0.6352929746416403,8.092311416956044,2.4404713662284268,202.6813875993003,29.277971644722058,0.6431785520807054,0.6445377833330146,207.30013684288286,63.54199647492392,22.11195861598171
1528.875,非储层,2.108513768434337,18.187668958839364,79.7038172727263,92.49696443810362,7.503035561896376,93.12080155007881,16.723978692373404,0.6789816454466779,0.7847086210192833,0.6238371119751851,6.879198449921187,2.5114972861713283,212.5218731937494,29.35406578060484,0.6358662279135048,0.637558807186341,210.46127572065762,63.96813535424734,21.888174818719566
1529.0,非储层,2.146296782974874,19.846885028368245,78.00681818865688,94.44302353771621,5.55697646228378,95.0532259660626,18.249665917913013,0.7409234621572115,0.8562956482980194,0.610202428346379,4.946774033937407,2.34541761123469,222.40826128071538,29.26300722427216,0.6313500333348645,0.6332435520211772,218.82121711799485,63.576799164572535,22.080663089044958
1529.125,非储层,2.1275926504441927,19.333038433595963,78.53936891595986,94.49373640065109,5.506263599348915,95.10195872619266,17.777172190345812,0.7217405527247143,0.8341256905254338,0.6082223255415878,4.89804127380733,2.329092683289047,217.5506669005597,29.398294637306336,0.6185234768625268,0.6207552390927428,229.2073755249179,64.02008878246329,22.084897860936753
1529.25,非储层,2.134214743976373,17.23378066268273,80.6320045933409,96.71388888310318,3.286111116896817,97.33279743548908,15.846856529223697,0.6433711091892547,0.7435530242697785,0.6189085523858988,2.6672025645109176,2.4730704364326925,211.3191623665172,29.463658797394864,0.6146260894316646,0.6169429072657581,218.98151987876923,64.39593291813615,22.056315970771507
1529.375,非储层,2.1112938318513774,17.429879030554506,80.45882713759411,93.85472946306656,6.145270536933445,94.47237842902842,16.027173475464515,0.6506918490151397,0.7520137060748523,0.6176489659618686,5.527621570971575,2.345676533982208,205.37374435298509,29.765522313742068,0.6053299262209463,0.6077900296612258,221.912692082184,63.18885556212257,22.231972051623234
1529.5,非储层,2.1195388311087573,16.54843890159149,81.33202226729975,96.04762944843715,3.952370551562856,96.67108658525989,15.216669063451011,0.6177859460937445,0.7139838920467341,0.6234571368227502,3.328913414740109,2.5268521557011723,214.63609817196487,30.2012531417719,0.5909163156077353,0.5936478086454795,229.6567533770693,64.85953087651158,22.02390720346673
1529.625,非储层,2.1033573165889656,14.529602863930457,83.36703981948058,97.64376469500586,2.3562353049941476,98.27345382848823,13.360303030308012,0.5424188048817343,0.6268810287407104,0.6296891334823852,1.726546171511767,2.6397972585636573,226.1443080880067,30.62401824723185,0.5785367908866381,0.5814909489782376,228.4325099930711,64.1555695678657,21.908356396852575
1529.75,非储层,2.0574944354321185,12.6406006794757,85.30190488509218,99.34651746236946,0.6534825376305342,99.99,11.623322202574487,0.47189861813564193,0.5453798587655717,0.6434825376305305,0.009999999999998899,2.4579597909664286,226.9957365093733,30.97073769733628,0.56264747789731,0.5658373663249265,231.6674240684476,64.99836510047926,22.008790357466097
1529.875,非储层,2.0448378508525646,13.54649163327103,84.40867051587641,99.35156129774063,0.6484387022593685,99.99,12.456309708734468,0.505717318695632,0.5844646058409304,0.6384387022593736,0.009999999999998899,2.763067708768885,232.0057945042573,31.167388076205718,0.553616351378767,0.5568624185790219,203.1885333093965,64.63167584887377,22.141747133292633
1530.0,非储层,2.040083873039217,14.379054790982392,83.58086133597838,99.34308104668675,0.6569189533132569,99.99,13.221870624821678,0.5367985476337914,0.6203856185269243,0.646918953313263,0.009999999999998899,2.559435460665877,232.5313160016656,31.1917876038952,0.5510418967863655,0.5542486663663887,213.41082081142125,63.58576865476144,21.9760631146492
1530.125,非储层,2.0706267319368155,14.246109982155808,83.68326328590737,99.04059934370864,0.9594006562913648,99.69655909486565,13.099624824378026,0.5318354550431492,0.6146497027346332,0.6559597511570053,0.3034409051343556,2.712531071706285,225.54690951636823,30.96876608067078,0.5554143160317526,0.5583873826810386,217.45638544706986,64.89529681191259,21.873169535160176
1530.25,非储层,2.020972845496493,15.087172181513875,82.89185497298963,99.34980115054101,0.6501988494589939,99.99,13.873000804161784,0.5632339700114788,0.6509374073406125,0.6401988494589945,0.009999999999998899,2.587016615175598,232.02248846424183,30.902242682761017,0.5566601733766241,0.5596074002238365,234.32326083935277,63.692592972252,22.011013109184717
1530.375,非储层,2.0508128955598757,14.259851011310554,83.68933609312957,99.36459982245896,0.6354001775410456,99.99,13.112260015798945,0.5323484348321884,0.6152425606794192,0.6254001775410432,0.009999999999998899,2.3989302437648137,232.4664563471108,30.95273344607877,0.5568389050371203,0.5599135606065165,210.4157601923579,65.3215828005926,22.01397492353854
1530.5,非储层,2.0839019658627835,13.821004321388974,84.09509371274824,98.51831116680147,1.4816888331985356,99.13965590299796,12.7087304206608,0.5159654201481122,0.5963084805800629,0.6213447361964969,0.8603440970020415,2.5197116954812486,222.9381730026097,30.957631022939296,0.5561061659670352,0.5593338250517017,211.42179121819987,65.36479831358132,22.012568868818395
1530.625,非储层,2.121870702217411,14.132882524710933,83.74524677307166,99.37747798246713,0.6225220175328672,99.99,12.995509580693682,0.5276084501675024,0.6097644938497485,0.6125220175328725,0.009999999999998899,2.662133793223757,227.281340424235,31.195003780461676,0.5553676071613884,0.5589127048672391,215.84412758878548,65.49281608284555,21.900381228491455
1530.75,非储层,2.098044650513416,12.541750711682376,85.3602046378042,96.72807181676487,3.27192818323514,97.33054195179692,11.532427390333366,0.468208353377879,0.5411149679711303,0.6024701350320489,2.6694580482030883,2.505810913048123,225.82638787466982,31.400782027975012,0.5524740149038136,0.5562228215828061,223.0492102483946,64.44493069986014,21.727534085923065
1530.875,非储层,2.0574971615636874,12.05402721637684,85.88847562205947,98.66403034124703,1.335969658752978,99.27318139487785,11.083954451788074,0.45000067090273627,0.5200720936860292,0.6091510536308279,0.7268186051221481,2.765282970031781,229.95716099923348,31.745911853049307,0.5465744156094215,0.5505515329048571,225.62550009296618,65.89140338609691,21.917105956946738
1531.0,非储层,2.0061369974540972,10.174874160662117,87.81898884188378,98.21350878647027,1.7864912135297284,98.83325396106807,9.35603012379399,0.3798481716075898,0.4389958652605373,0.6197451745977992,1.1667460389319317,2.5857882307227356,236.66885658074213,32.12145873093211,0.5432961761914695,0.5474228201788203,231.69562424650542,65.6157207099958,22.06129255405257
1531.125,非储层,2.022941799748287,10.25170732113816,87.72535087911355,96.97861510887545,3.0213848911245567,97.60874942720196,9.426679976811274,0.38271650541347524,0.44231083891341016,0.6301343183265191,2.3912505727980427,2.6215935563554327,236.34747849689214,32.2058218086003,0.5398615092049542,0.5439314536095508,214.12831017920635,66.3236613549296,21.94070573379305
1531.25,非储层,2.026826424047432,11.649424168179257,86.3237494077733,98.02197525494527,1.9780247450547295,98.66137994093941,10.71191267049993,0.43489603907555424,0.5026154586037733,0.6394046859941428,1.3386200590605912,2.5901243843932886,222.2049883961749,32.07504465012899,0.5412997716934991,0.5452281192295846,217.0520188607285,66.50680533539582,21.981937072188714
1531.375,非储层,2.064351895764456,13.435857761589043,84.49979034264649,99.35046914576417,0.6495308542358358,99.99,12.354579326635937,0.5015871375049157,0.5796912974481906,0.6395308542358404,0.009999999999998899,2.3540929444447296,216.02925091261338,31.60143612358469,0.5483117880961288,0.5519821534326733,216.5991666460171,65.67071979756494,22.05370712000935
1531.5,非储层,2.123401442545318,15.141116772398044,82.73548178505663,99.36362046605652,0.6363795339434763,99.99,13.922604092552248,0.5652478282560056,0.6532648515897901,0.6263795339434812,0.009999999999998899,2.5612665434616155,217.66403773300047,31.131419217972947,0.5534606370950934,0.5568860693494895,215.8199793075415,64.61051172775707,22.027746772779835
1531.625,非储层,2.1179912492218675,15.157954030879983,82.72405471989815,99.36633463928905,0.6336653607109555,99.99,13.938086337843123,0.5658763964081284,0.6539912966287323,0.6236653607109554,0.009999999999998899,2.539207344037236,217.34986671559662,30.875812496632005,0.5560810285854321,0.5594672401129984,223.48393097724835,63.86260697800624,22.004131103454434
1531.75,非储层,2.1241891444905505,14.27185460065058,83.60395625485887,99.36048099028729,0.6395190097127079,99.99,13.123297591466773,0.5327965525574342,0.6157604566263724,0.6295190097127077,0.009999999999998899,2.4649276583388118,216.25100575874052,30.963898357479987,0.5543808104363253,0.5578704923747277,227.52777696505999,66.00011255318357,22.184529687990324
1531.875,非储层,2.0663966229698105,12.48158908549688,85.4520142915333,99.3636291353603,0.6363708646397015,99.99,11.477107395412533,0.4659624009123586,0.5385192891719881,0.6263708646397068,0.009999999999998899,2.555093027822491,226.59871168694437,31.120580500508098,0.5514781893698106,0.5549973919541666,210.94598456202357,65.08690016130174,21.962144429208216
1532.0,非储层,2.0758968207503696,13.493467990244367,84.43063518900527,99.34845014610774,0.6515498538922637,99.99,12.407553253018413,0.5037378412556535,0.5821768959703008,0.64154985389226,0.009999999999998899,2.737958315599964,212.61344918246084,31.2969939125493,0.5482434219884884,0.551780160237822,213.03433827148385,65.8045124843797,21.940986884972137
1532.125,非储层,2.052868985261964,13.314132579702775,84.63299843503526,99.35058743664588,0.6494125633541126,99.99,12.242650230455537,0.49704289577297756,0.574439453474262,0.6394125633541159,0.009999999999998899,2.6058789007806666,250.18208807380307,31.382196620723782,0.5478303632244481,0.5513219838646982,213.91250862091687,66.66857038487167,21.912276161795436
1532.25,非储层,2.0682518614903063,13.430323847053272,84.50142429145642,98.64188753309219,1.3581124669078126,99.28111914058046,12.349490765315016,0.5013805455328624,0.5794525362053932,0.6392316074882696,0.7188808594195462,2.5605304524453176,212.19418255755835,31.279049963483025,0.549795439261156,0.5531889174585868,228.4745356961333,65.93504394115546,22.18543815885019
1532.375,非储层,2.082264282450732,13.58152667397572,84.33620904357355,99.33608317862412,0.6639168213758762,99.98232176339269,12.4885252320958,0.5070252460413405,0.5859761958385786,0.6462385847685677,0.01767823660731027,2.7301466290954384,224.99853624955932,31.07019415982019,0.5576845710105909,0.5608603771849613,216.13084505001459,65.18674341554384,21.939231931932515
1532.5,非储层,2.0642735382557467,15.847481943170594,82.08824451857366,96.95985872717719,3.040141272822805,97.59459416323108,14.572123065641623,0.5916178368053572,0.6837410407236132,0.6347354360538755,2.4054058367689257,2.480284367377938,216.43668440165078,30.73673791983796,0.5705704303078728,0.5733658035447113,222.39258604843081,64.60637716812244,21.904692148944736
1532.625,非储层,2.0187005165969243,17.084762741020686,80.89653674238238,95.5134751607679,4.486524839232098,96.15874271090298,15.709831132934715,0.6378079755144489,0.737123632571523,0.6452675501350807,3.841257289097022,2.2830402579722766,225.9706367152109,30.620994103801983,0.5745627120512466,0.5771691684813958,214.7413957695934,64.82116694799834,22.133117199303744
1532.75,非储层,2.0372624675925857,14.74798831418368,83.21474921822374,97.57603805076762,2.4239619492323783,98.23233716740447,13.561113459892185,0.5505715655620678,0.636303288729427,0.6562991166368348,1.7676628325955401,2.535078462756515,221.22510946792954,30.547382267576133,0.5786278464758206,0.5810172300703367,220.89944820865765,65.3999434136528,21.945915327828178
1532.875,非储层,2.0220942063601153,14.491130412001906,83.48677538163798,97.72096202657205,2.2790379734279442,98.38769734016046,13.324926728498662,0.5409825521781068,0.6252211313251379,0.6667353135883983,1.6123026598395485,2.4778583569965353,212.9634472750171,30.583979757807565,0.5754458784370872,0.5778466477489513,218.35914924982646,64.43642022940169,21.949904692695846
1533.0,非储层,2.0749828845875893,15.38653594556888,82.53848116984354,98.47309348224798,1.5269065177520247,99.14975085003556,14.148272650304078,0.5744098112677269,0.6638534839970751,0.6766573677875851,0.8502491499644438,2.578989252707604,223.9511196464382,30.59830770350499,0.56875220687287,0.5713129924332931,216.71400631522124,64.68279698624806,21.949019531265513
1533.125,非储层,2.111833069849233,16.706808263648064,81.1813586665027,99.30095555935537,0.699044440644625,99.99,15.362293323632617,0.6236981875294593,0.720816752485989,0.6890444406446309,0.009999999999998899,2.65482715405786,217.78373345716253,30.443589077769754,0.5690910945145209,0.5715489524785213,224.97252541780452,64.87233272787866,21.916388269500786
1533.25,非储层,2.05338956318661,16.343535963022372,81.60307447379101,99.29361541841682,0.706384581583186,99.99,15.028256112545105,0.6101365142340941,0.705143336243172,0.6963845815831862,0.009999999999998899,2.4929236592983925,218.3697850579683,30.22182264893555,0.5710985237537538,0.5733491883876739,210.45912735742,64.90188423064373,22.139529326255705
1533.375,非储层,2.003897825529382,16.850765122070467,81.14533705240015,99.2766628514836,0.723337148516412,99.99,15.494664956211027,0.6290723817060841,0.7270277841533549,0.7133371485164082,0.009999999999998899,2.332260223239623,219.38292609813348,29.976520349960936,0.5762050292852203,0.5782277486132814,220.37485162586736,64.93756350181687,22.122857456094565
1533.5,非储层,2.063993035084975,18.049607647556087,79.88639931735894,98.41607121390443,1.5839287860955675,99.1319917045216,16.597028150587757,0.6738275437022603,0.7787519532660712,0.7159204906171566,0.8680082954784063,2.5474402045105977,229.41979676680873,30.036165348629552,0.5752521516938626,0.5771435264161716,224.73764257296713,65.0402711099463,21.967503848642497
1533.625,非储层,2.0228107024862565,16.148597934470356,81.82859136304339,99.27322020993418,0.7267797900658235,99.99,14.849006124918034,0.6028590921694017,0.6967327173829179,0.7167797900658204,0.009999999999998899,2.5098607840489815,212.2887993602438,30.066325562907068,0.5747423811544197,0.5765808292803547,220.62935592655825,66.05581241828199,22.063818317686124
1533.75,非储层,2.0296833395636478,16.040540879880204,81.92977578055614,99.26794408052055,0.7320559194794463,99.99,14.749645185227742,0.5988251086559683,0.6920705859964953,0.7220559194794441,0.009999999999998899,2.3855723855516606,232.1490303096744,30.210632801844874,0.573434180417913,0.5754515534330341,228.26720829305336,63.603720414556804,21.88147622291009
1533.875,非储层,2.0697428438845105,15.266052045588696,82.6642051105268,98.17809502216105,1.8219049778389507,98.88021392245945,14.037484941301745,0.5699119090437798,0.6586551952431714,0.7021189002984035,1.1197860775405521,2.5205696399685693,218.29357291137637,30.24879248447738,0.5712311430551764,0.5733264456402655,219.6612263287314,64.3332365554153,22.22770942609125
1534.0,非储层,2.0621941878865853,17.608429508876753,80.32937630323666,99.29965137559913,0.7003486244008705,99.99,16.19135473485142,0.6573574914259892,0.7597172825993478,0.6903486244008691,0.009999999999998899,2.569595885623,212.76959983522252,29.906500394048333,0.5791376439510386,0.581062671136191,222.11960228735649,63.88754396535399,22.044281354947774
1534.125,非储层,2.0050466681849315,19.884128451913675,78.1108248799014,98.7863324542459,1.2136675457541046,99.47232971341053,18.283912099939663,0.7423138328010895,0.857902519172923,0.6859972591646388,0.5276702865894656,2.479939705140643,207.1852415463726,29.390003123064794,0.5901663894651603,0.5917620580494514,220.47507393850785,63.8225387173744,21.980838871860712
1534.25,非储层,1.952029718531981,21.700617635764374,76.34735264570365,99.26245001002948,0.7375499899705207,99.9666306957553,19.95421556072931,0.8101269658517445,0.9362751091833195,0.7041806857258226,0.033369304244701414,2.5108850708364154,199.70040067545312,28.745620503515664,0.6021175233170543,0.6033353287846994,217.84406873741955,62.003102445891706,21.87501715795404
1534.375,非储层,1.992406227463639,22.26816442136751,75.73942935116885,99.30628734475829,0.6937126552417183,99.99,20.4760878452333,0.831314609591516,0.9607619665426917,0.6837126552417152,0.009999999999998899,2.4071351636650484,215.39127668948095,28.520702710553014,0.6111328755141503,0.6120853365851182,223.11394693310817,63.66178596207491,21.860083879894283
1534.5,非储层,1.959732067962858,20.22198154140603,77.8182863906311,96.867973519924,3.132026480075989,97.53550897807057,18.594575763469596,0.7549265566824133,0.8724792212540227,0.6675354581465642,2.464491021929427,2.399990889591932,194.15110147088112,28.315819665059518,0.6217156294722026,0.6224161226335837,213.587333641384,61.894880471617206,22.063602472398415
1534.625,非储层,1.9241857916958003,22.287755634556472,75.78805857374773,95.42637347452711,4.573626525472896,96.10478036327184,20.494102415031744,0.8320459883183581,0.9616072312063715,0.6784068887447472,3.8952196367281533,2.415296933561225,210.6396710142923,28.37288995310586,0.6287179066985105,0.6292822111705665,210.1903711556445,64.60053027923959,21.82897365945597
1534.75,非储层,1.8670732389642946,21.316215761151525,76.81671099988418,94.59431044051712,5.405689559482873,95.26202918853579,19.600749221811302,0.7957764837790778,0.9196900555611462,0.6677187480186647,4.737970811464209,2.3339240761768614,215.11799132369134,28.52406110356264,0.637802300523981,0.6381136667035733,223.5793461334147,62.47688063044706,22.0244775315073
1534.875,非储层,1.8694109739641962,20.974055451972774,77.15653357406303,92.40021931527839,7.599780684721614,93.07536163257359,19.286124971005357,0.7830029628700214,0.9049275180973959,0.6751423172952026,6.924638367426406,2.360157088641474,216.84253043092158,28.679431567752214,0.643573713887558,0.6436947626279237,221.0197715197937,64.54721857893323,22.012834416542436
1535.0,非储层,1.8389017607370464,18.81264669408269,79.34845154518027,91.83308053248592,8.166919467514077,92.48920047524688,17.29866005209418,0.7023133000970566,0.8116733418914536,0.6561199427609574,7.51079952475312,2.3578848064043396,213.47252373714758,29.068912098435,0.6416929218177454,0.6418782822976886,223.32982342905723,64.48087344862226,22.03203199270387
1535.125,非储层,1.8911661353458578,18.22986682685156,79.87896703780258,91.63620555585177,8.363794444148231,92.29174612157108,16.762780599703948,0.6805569752991237,0.7865292518484862,0.6555405657193136,7.708253878428916,2.482033267847046,212.27065707673822,29.528679062751,0.6408035604150327,0.6411489072162785,220.38603518537647,62.775469843816225,21.958335680693775
1535.25,非储层,1.9054389852255291,16.478213118870798,81.61634789590367,89.47713024603921,10.522869753960784,90.12679492382813,15.152094845802008,0.6151642787645015,0.7109539943042894,0.6496646777889202,9.873205076171864,2.3898338193353283,212.9021767628144,30.09133635430677,0.6308318348197162,0.631615355297486,227.92091936371756,63.73931858495454,22.285808474948904
1535.375,非储层,1.9607252891316065,14.863299139365516,83.17597557150287,90.94614298050034,9.053857019499656,91.58717085200679,13.667144407987037,0.5548763466748626,0.6412783847036166,0.6410278715064535,8.412829147993206,2.649126198983721,214.08522544366778,30.389916284649022,0.6266696861648028,0.6276691910047731,220.60318544327424,64.40501220313324,21.83629813840884
1535.5,非储层,1.9077330682517237,15.570837498658662,82.52142943308961,90.47970319936438,9.52029680063562,91.13536778377782,14.317742154824986,0.5812901526714812,0.6718051911621955,0.655664584413439,8.86463221622218,2.55218828240324,221.40839197403494,30.44004848630904,0.6227286199553741,0.6238266595907431,214.8507818814041,64.25785590781486,21.773831651466228
1535.625,非储层,1.9366510719910797,17.59965930785291,80.463689620156,93.14161215595843,6.8583878440415695,93.81237948803472,16.183290333889286,0.6570300824800961,0.7593388914835287,0.6707673320762966,6.1876205119652745,2.681717379437215,223.57371870628646,30.178525197530597,0.62569537136164,0.6267201418763984,218.62961841137005,65.4569533900729,22.068461344901067
1535.75,非储层,1.937595322991904,19.230108143375123,78.83229653363297,90.97445772213342,9.025542277866583,91.63465232553352,17.682525428061496,0.7178979614625458,0.8296847538510822,0.6601946034001123,8.365347674466472,2.5195129615210003,212.57395177280662,29.736101320845734,0.6364012078029816,0.6371595083064712,214.03651221320308,64.68341647963891,22.002018629081636
1535.875,非储层,1.9693675099981285,19.654816523133213,78.37581596686866,90.47183997461732,9.528160025382682,91.11946136787043,18.073054522780623,0.7337531650719664,0.8480088352806215,0.6476213932531021,8.880538632129575,2.421694808778577,221.88191732599537,29.32419090725815,0.6506093954775911,0.6510911526359314,210.7040952952273,63.751249052947344,21.90261164193868
1536.0,非储层,1.9382515395392912,20.08050936386757,77.98123909659313,87.99423224832154,12.005767751678464,88.6612132714277,18.46448885194337,0.7496451205562459,0.8663753913679585,0.6669810231061655,11.338786728572304,2.371733776569348,230.6104792933975,29.242978140607494,0.6581260278665648,0.6584104725907376,230.90403138676706,63.147553266664744,22.102957936003627
1536.125,非储层,1.881524192369833,18.621526630629013,79.49694917700116,90.13262192224141,9.867378077758593,90.80429851766661,17.12292077092968,0.6951784102189019,0.803427449480432,0.6716765954252042,9.195701482333385,2.2468394965764067,203.7896432951139,29.26056206017426,0.6577638146774276,0.6579308837830073,203.9620409399532,62.835948714499544,21.95013202570094
1536.25,非储层,1.8461311046264244,19.11348429180203,79.04038460357154,91.0321384682539,8.967861531746092,91.69937748095998,17.575287122089193,0.713544162478265,0.8246530072345699,0.6672390127060691,8.300622519040024,2.3576632650743465,218.5566307131161,29.310247851031676,0.6521737319447298,0.6521683195088785,231.4080507688729,63.11407835931081,21.883835601525966
1536.375,非储层,1.8116184597732208,19.168552108970303,79.01982943125647,92.96524157601527,7.034758423984721,93.65056782719053,17.62592324280604,0.7155999529809781,0.8270289131832885,0.6853262511752526,6.3494321728094665,2.579805456010779,205.17428948479008,29.346410406004992,0.6428219674287965,0.6428361911257082,215.96896207208135,65.12237779380325,22.036686895386456
1536.5,非储层,1.8650619980887102,19.60683888089012,78.52809912102117,92.37246296928798,7.627537030712017,93.058505290296,18.028937980501368,0.7319620648189,0.8459388355698538,0.6860423210080207,6.941494709703999,2.484517087382638,209.51276882868459,29.201099776957633,0.6393901014382323,0.6393833534493216,223.95445062100404,63.80130969594089,21.97429503298328
1536.625,非储层,1.868611831234719,20.08788003366818,78.0435081350971,93.72937879973216,6.270621200267845,94.42341511201163,18.47126635185129,0.7499202822342261,0.8666933995826631,0.694036312279467,5.576584887988378,2.6098347759323293,205.23642229214258,28.959454350102938,0.6366290331754781,0.636556284228804,218.75364837347374,63.01266257611173,22.583181764947
1536.75,非储层,1.8166004014194257,21.609719348886138,76.57368024969445,95.54920834270973,4.4507916572902655,96.24756686526467,19.870632501439786,0.8067335530657219,0.9323532943806281,0.6983585225549452,3.7524331347353224,2.536279693527626,206.83064858456083,28.713972271918106,0.6344968580149896,0.6344361323380536,228.76556568385783,61.96707763687729,22.586240755122695
1536.875,非储层,1.814555161777812,21.686841314381912,76.49860352384027,97.26650974804184,2.7334902519581594,97.95471927273593,19.941547917295672,0.8096126685340599,0.9356807285521795,0.688209524694095,2.045280727264065,2.4927271345507296,223.13914534060484,28.515932128330522,0.6344605680375485,0.6342704736830793,211.14115852355224,62.6450997937277,22.579937095178934
1537.0,非储层,1.7830895315752042,21.739306581269723,76.47760388715508,94.93910653928596,5.060893460714045,95.63860069828117,19.98979093334722,0.8115713006886756,0.9379443472338305,0.6994941589952212,4.361399301718826,2.4632294630834903,199.59996799478196,28.313889602025693,0.6401745534789167,0.639790654556717,224.36115905890028,62.71922704087073,22.699630780731365
1537.125,非储层,1.7675905787580244,22.374253541166233,75.85815588007574,93.27911717129618,6.7208828287038225,93.9653905294523,20.573639223753652,0.8352751262079084,0.9653391912046743,0.6862733581561331,6.034609470547691,2.4999509810423777,214.01607019542314,28.06614812748861,0.6470523675209066,0.6465208733567166,217.72012617450272,62.71834217361826,21.957418027072578
1537.25,非储层,1.7821881620232731,24.334142664239312,73.88366917373742,95.05008126515933,4.949918734840663,95.75552454061487,22.37580221714586,0.9084416625402327,1.0498987845532186,0.7054432754555261,4.244475459385133,2.3259739581176584,213.11704593995142,27.861375375830836,0.6568651361909563,0.656128678220885,216.84237384986872,64.20508923315532,21.900186392178895
1537.375,非储层,1.7708698139337662,24.023109586833648,74.20602059923259,94.55146871957011,5.448531280429892,95.24971695085158,22.08980016977367,0.8968301827423993,1.0364792343175757,0.6982482312814775,4.750283049148418,2.1942226992430847,202.64826331680734,27.652717051064396,0.6670081879655196,0.6661786107906059,213.92314853600203,62.841463299809675,22.085898782351784
1537.5,非储层,1.7940122662559854,24.067989802432265,74.13799793131174,92.25093615246243,7.749063847537574,92.92842827363293,22.13106855722228,0.8985056499341608,1.0384155952758247,0.6774921211705064,7.071571726367065,2.320085853697315,196.9861638203047,27.583162678747808,0.6732369478533564,0.6723212998234819,224.14377273833242,62.66240845888858,22.12553630834869
1537.625,非储层,1.7547051225646826,23.20637573644437,75.03891914099094,90.97284098505445,9.027159014945552,91.64938274745965,21.338794664771235,0.866339893146503,1.0012411785266355,0.6765417624052054,8.35061725254035,2.3014730712634837,200.87778506633578,27.899182613140287,0.6694239136056725,0.6685889892784417,226.06754406278085,63.31965061683858,22.023059764457795
1537.75,非储层,1.7297902432160857,21.02396828155957,77.24624147522434,93.08544159962548,6.914558400374515,93.74237882519824,19.332020962425407,0.7848663074931526,0.9070810116410075,0.656937225572761,6.257621174801753,2.3020389637409644,207.34461089170657,28.348368989988984,0.6604648895642959,0.6598079248138807,206.0118886050176,62.62066717708851,22.149230661783175
1537.875,非储层,1.7464237951577224,19.21388504711571,79.03969115772657,93.74375707057106,6.256242929428934,94.40436611558631,17.667607919018373,0.7172923212005976,0.8289848068967366,0.6606090450152511,5.595633884413687,2.4163072708949196,217.27994350314495,28.57254988473359,0.6479575367574015,0.6475020051896332,218.2924142693344,61.591372931640315,22.162842458223533
1538.0,非储层,1.7608873335759982,21.558861511054662,76.68025115536933,96.08282197447745,3.9171780255225497,96.72386570435182,19.823867553267558,0.804834929416214,0.9301590283708897,0.6410437298743781,3.27613429564817,2.3365658734260943,205.69172895369084,28.852853879197458,0.6328224096528321,0.6326133096906097,222.74138713912384,62.78005085282115,21.854930442881436
1538.125,非储层,1.7104917554803047,20.08067837109021,78.20882987342948,95.55784421595985,4.442155784040159,96.19122416034837,18.464644257960305,0.7496514299300518,0.8663826831998532,0.633379944388527,3.8087758396516347,2.3925755863653317,210.26975220282498,28.991552242795336,0.6242177501127579,0.624187356295206,222.92338766393283,62.94930737838098,22.046603116455742
1538.25,非储层,1.7430139207271231,19.42303476955628,78.8339513097166,96.14544268854398,3.8545573114560194,96.78115817839826,17.859925885082518,0.7251002938995068,0.838008590574256,0.635715489854288,3.2188418216017367,2.3834866523363782,194.7576502041781,28.903425597396463,0.617685300461453,0.6178416654701815,213.24013039825076,62.110050319867206,22.02450986358305
1538.375,非储层,1.794096971100318,19.97696937879422,78.22893365010546,98.61507120247148,1.3849287975285174,99.24350362161056,18.36928146126047,0.7457797681796587,0.8619081493540897,0.6284324191390771,0.7564963783894374,2.451173010215234,218.75666469203327,29.200060653762392,0.6065092384869788,0.6068664306796827,210.80290006734666,64.0361939276248,22.02196861570183
1538.5,非储层,1.7522609745607427,18.275740727454316,79.97199829798495,98.92340337281607,1.0765966271839345,99.54174368633318,16.804962703301324,0.6822695387169431,0.788508485436048,0.6183403135171042,0.4582563136668272,2.408189784765139,210.06199896614316,29.37502524004679,0.5990909826904083,0.5995618939544523,212.44286391177297,64.01809781817262,22.10929149995956
1538.625,非储层,1.7103767530978322,18.12581936114064,80.16380388576152,97.73504240883551,2.264957591164485,98.37101275490126,16.667106568937122,0.6766726776668742,0.7820401145366433,0.6359703460657449,1.6289872450987453,2.3944640400206567,216.08920796388418,29.621999625682722,0.5920574944899875,0.5925766605920252,217.40248800467953,64.88654490416931,22.00871286832264
1538.75,非储层,1.6790573366273962,16.777481545267705,81.5434611181049,97.33604424486141,2.6639557551385917,97.97744456256022,15.427279026781369,0.6263365608774576,0.7238659576088772,0.641400317698811,2.022555437439777,2.426647718568254,203.07213158272842,29.83431842332872,0.5869129815591769,0.5873721755257949,207.0388276378991,65.32390602825787,21.96565592929747
1538.875,非储层,1.6539305751134745,17.799097165062005,80.54697225982453,99.22500740691869,0.774992593081314,99.84873815264245,16.36667801715787,0.6644754920462503,0.7679436558578845,0.6237307457237666,0.15126184735754222,2.533687334361438,210.19659482200558,29.687495562371176,0.5901633639702132,0.5904738203944497,218.58946292007178,63.361846359693246,22.297743460394187
1539.0,非储层,1.659405267274278,19.953127668142844,78.38746706458288,98.91497723598393,1.0850227640160748,99.52348814068665,18.34735846157174,0.7448897099778645,0.8608794965932386,0.6085109047027258,0.4765118593133444,2.4930224152312426,221.34732929179657,29.465293730230744,0.593001734671253,0.5932631391847226,222.74777880405233,63.665071239524096,22.046599783977364
1539.125,非储层,1.6940696250614822,20.510665671834914,77.79526470310361,98.8888472382889,1.1111527617110983,99.50545280839714,18.86002744158432,0.7657037060981269,0.8849345241524682,0.6166055701082456,0.49454719160285654,2.4244545241452085,212.2870042498026,29.26218291954084,0.5969403836255956,0.5971712133416059,218.51960340750452,64.69757856144528,22.027833616349188
1539.25,非储层,1.666023043617721,18.981870575871795,79.35210638051048,97.50687426782265,2.493125732177348,98.10523642903371,17.454265292088735,0.7086307622174675,0.8189745215655948,0.5983621612110513,1.8947635709662958,2.3778707774023253,213.00579689566436,28.987013114985793,0.6024234794562884,0.602670219317786,224.94277631901397,64.13904539618026,21.874348237762167
1539.375,非储层,1.7127173857835771,20.71490218265709,77.57238043155932,99.32449977331275,0.6755002266872534,99.91593161542673,19.0478275968942,0.7733282588922293,0.8937463268706605,0.5914318421139817,0.08406838457327703,2.3548702063037035,218.72242675079858,28.953047118078754,0.6022760167983157,0.6026003383392959,214.71376227639865,63.406488457443395,22.083786261432106
1539.5,非储层,1.7132859120881674,20.25472847524029,78.03198561267153,99.39404664945192,0.6059533505480719,99.99,18.624687320092058,0.7561490644742825,0.8738920906739494,0.5959533505480707,0.009999999999998899,2.354448107676982,201.90997709966868,28.981715750637434,0.6034392089916368,0.6038293657552587,213.5788890163367,62.53748379255597,22.231684998775357
1539.625,非储层,1.7409668153640458,20.189378968318362,78.0696542163176,97.76424187245408,2.235758127545928,98.36444751818141,18.56459694986414,0.7537094381626647,0.8710725802915564,0.600205645727333,1.6355524818185918,2.572604136156012,210.76842648945316,28.77784491812144,0.6094120297953024,0.6097740134057487,221.09886943259866,64.23486541080133,22.06246710143784
1539.75,非储层,1.702953513845442,21.17889102468995,77.11815546146461,96.56414595802282,3.435854041977182,97.14914186124734,19.47447597746555,0.7906498798292135,0.9137651673951894,0.5849959032245293,2.8508581387526544,2.4683460651290847,200.32658950934885,28.63257057049902,0.6191820960533843,0.6194316145658639,200.94250589885746,62.229967664149825,22.52125499716283
1539.875,非储层,1.7145814445780938,22.39457783116737,75.89084072425453,95.53088016090356,4.469119839096436,96.11594680390169,20.59232787449201,0.8360338721416914,0.9662160845336699,0.5850666429981255,3.884053196098314,2.5281923384993323,202.1745538133534,28.54726986887635,0.6314117363729426,0.6315859444704178,215.55303499685635,63.28163260826206,22.62448802175867
1540.0,非储层,1.7563201598965077,21.314674388181597,76.9290054519219,93.40779881895867,6.592201181041335,93.98426473800225,19.599331894018253,0.7957189412782913,0.9196235528850525,0.5764659190435864,6.0157352619977456,2.423677618055367,189.27521639444265,28.478547731847566,0.6376426657170879,0.6377848288955439,224.5326143573683,62.19373735165412,22.55727168014349
1540.125,非储层,1.755830502704746,21.00052309768087,77.24364639961439,95.03431150483186,4.965688495168141,95.6143473430215,19.310462578197416,0.7839910524198506,0.9060694670635989,0.5800358381896393,4.3856526569785,2.318129206903209,208.01813777489164,28.514169135343405,0.6387525687358835,0.6389440756842462,208.3236481921597,63.02470071914529,22.563162489820236
1540.25,非储层,1.7538438766889357,20.78087410116757,77.4652820221435,95.42672879142224,4.573271208577767,96.00908027784388,19.108490288851108,0.7757911210591673,0.8965926912572937,0.5823514864216524,3.9909197221561166,2.3859726189445256,205.57036438114997,28.743804576257347,0.6368103739819153,0.6370794790815706,219.36923073727544,63.06775387792469,21.81436029710497
1540.375,非储层,1.7730935015121585,19.91567806761586,78.31122843087198,93.6413914598594,6.358608540140597,94.24055491200762,18.31292269508245,0.743491642339583,0.8592637301938297,0.5991634521482169,5.759445087992376,2.3588379146023635,198.00712442210335,28.714972600821184,0.637426573299045,0.6376853490756627,217.64542469887607,61.988670356792014,22.065494742232335
1540.5,非储层,1.7987236394345159,21.588902570529378,76.6123737900361,93.40319705252062,6.596802947479374,94.0070783265475,19.851490996364554,0.8059564215678068,0.931455152597017,0.6038812740268761,5.9929216734525,2.4608496333894023,200.1984847640081,28.762909908318235,0.6360329853522739,0.6363509442954431,208.99039277580513,64.14839483877437,22.064030092407577
1540.625,非储层,1.8184247961019866,20.42207200893066,77.75950319496735,95.1484503206112,4.8515496793888,95.74808270430412,18.778563536889155,0.7623963294820792,0.8811121425594228,0.5996323836929244,4.251917295695873,2.3291829458621702,207.17253452949058,28.691705264530842,0.6358419891051841,0.6362530723714437,213.87113120403058,62.61781469550719,21.938678163849314
1540.75,非储层,1.8484880550701397,21.435639512063897,76.71587243286596,96.35807111315432,3.64192888684568,96.94766026894101,19.710562099434146,0.8002348085420481,0.9248426040877044,0.5895891557866808,3.052339731058995,2.520562979813903,209.82775970425797,28.749406289923463,0.6296629979186281,0.6302422741761428,217.36543995662436,63.85578467499623,21.8799810679807
1540.875,非储层,1.8258786911733744,19.161205093236255,79.01291621559037,96.37635150877144,3.6236484912285594,96.96268798054325,17.619167493354755,0.7153256743560749,0.8267119255254242,0.5863364717718036,3.0373120194567504,2.5127729886243704,224.83582335858694,29.068224352261055,0.6150644703348453,0.6158509176908727,208.15270218574625,63.072889619878595,22.096244081762848
1541.0,非储层,1.7785741042966954,18.02822896102946,80.19319693467385,97.75058726440163,2.249412735598366,98.34813390383358,16.577369958064487,0.6730294350612799,0.7778295679036888,0.5975466394319443,1.651866096166421,2.41027295402174,210.82506088739456,29.501642734288062,0.605449354317009,0.6063739165085418,219.71758557364575,63.80048973346403,22.020366489454126
1541.125,非储层,1.7828006307786957,15.760513658078457,82.45668571114285,95.39685051314237,4.603149486857639,96.00986693660285,14.492153733118322,0.5883711387569611,0.6799887862031746,0.613016423460489,3.99013306339715,2.4924316406605405,202.19891379376793,29.81604170581077,0.5957811153191976,0.5967270724165646,228.4457872409668,64.54133391634281,21.83205588787553
1541.25,非储层,1.7758325726357351,18.048996227040515,80.17517120032375,98.12619218606751,1.8738078139324932,98.74845327917366,16.59646593540242,0.6738047181654274,0.7787255734726659,0.6222610931061608,1.2515467208263353,2.7051644574915197,223.15704600441993,30.038137282246403,0.58648400710556,0.5874365623009713,230.31429030208943,65.69888904649957,22.138623968350153
1541.375,非储层,1.7276517335975405,16.76137113027336,81.5109771361291,99.38289757823672,0.6171024217632715,99.99,15.41246513074552,0.6257351272299438,0.7231708722978974,0.6071024217632748,0.009999999999998899,2.512312889182658,223.61194847399,30.160316735295964,0.5837499257806524,0.5846637023740489,217.67274829802693,63.90695071660557,21.99565712155796
1541.5,非储层,1.7220405006897292,16.753864524806026,81.52409497450425,97.9650644762642,2.0349355237357925,98.58214767327252,15.405562634874729,0.6254548908047338,0.722846999126566,0.6170831970083088,1.4178523267274867,2.4925182823909537,228.32975551814144,30.25230268201514,0.5758031350083932,0.5767449342984388,214.24446047292915,63.85658281905938,22.158695396132078
1541.625,非储层,1.6902356146773774,14.735129037759387,83.57463534756323,99.38653962264009,0.613460377359909,99.99,13.549289060327519,0.5500915033459817,0.6357484740858868,0.6034603773599113,0.009999999999998899,2.4708859008779593,241.29613611538312,30.60321746571219,0.5714457624640266,0.5724346321333982,230.66930158808998,64.7181873245482,22.163662199220354
1541.75,非储层,1.6832739660167253,14.38818093945371,83.92854509452957,96.57102484709242,3.4289751529075763,97.18317607411002,13.230262327624445,0.537139244801728,0.6207793670275364,0.612151227017601,2.8168239258899774,2.657853364468404,213.01340656809765,31.046925574655834,0.5690740359724964,0.5701470863513366,215.5919561361535,65.83621620526117,22.086674255275227
1541.875,非储层,1.6397727895546204,12.15776019920256,86.20246701124282,95.52621148449596,4.47378851550404,96.1262642966517,11.179339308330153,0.4538732282670416,0.5245476626053669,0.6000528121557338,3.873735703348302,2.565897641678865,222.89663670828796,31.422735521484277,0.5676472619677989,0.5688682778837093,216.33455978480112,66.35880654279508,22.079217227054677
1542.0,非储层,1.68856473000722,12.828980990925398,85.48245427906738,94.29768829639914,5.702311703600849,94.88433775713756,11.796542218942568,0.4789312276540657,0.5535075443287641,0.5866494607384044,5.11566224286244,2.4736231143345204,226.4373362393869,31.57124627117861,0.5734365928302517,0.5746746795635771,234.17480475494392,65.96297710866244,22.094997605564718
1542.125,非储层,1.700954010682941,13.27834669095006,85.02069929836699,93.90141452676907,6.0985854732309335,94.49091262104386,12.209744285095386,0.49570693778495395,0.5728954680697199,0.5894980942747976,5.509087378956135,2.627889880400924,228.27755573888294,31.760031159191307,0.5714225173655434,0.572826779634115,219.50425118951236,66.08880358182861,21.981047895342652
1542.25,非储层,1.6933522351579116,12.36858475536563,85.93806300947647,95.53767218918489,4.462327810815115,96.11966574347535,11.373197322409888,0.46174372582052803,0.5336437071352144,0.5819935542904728,3.8803342565246424,2.757050978685394,224.7831191739373,31.778193798236465,0.5703606508001136,0.5719165201507536,218.28361904497635,65.60933084275143,22.120414717358123
1542.375,非储层,1.7091882369685212,11.888681651387866,86.40213011164361,95.88698488735723,4.1130151126427705,96.46698652701025,10.93191541302989,0.44382799401722695,0.51293824434075,0.5800016396530165,3.5330134729897544,2.6178663481253723,241.2275855810971,31.865546660639822,0.5624580336304051,0.5641986165105836,220.50469643214902,65.99117856253494,21.985242674953266
1542.5,非储层,1.7113962313685986,11.749048855133948,86.53955491349745,98.26330833970788,1.7366916602921223,98.84765525638373,10.803519854776003,0.4386152256314944,0.5069137747264504,0.5843469166758447,1.1523447436162737,2.9191566262458752,218.22199970781284,32.002124622805965,0.5512699189907705,0.5532698278931196,216.28842212737837,66.6598458793526,22.132856091644392
1542.625,非储层,1.7107607680170154,11.633122104097104,86.65611712788588,99.42133596377127,0.5786640362287265,99.99,10.69692254873289,0.434287450788637,0.5019121045755788,0.5686640362287325,0.009999999999998899,2.7236907797826873,232.40140986565157,32.26831951564232,0.540569474609012,0.5428875884544091,210.52184547424525,65.4997323436108,21.850827446827505
1542.75,非储层,1.6865440770934275,9.385858338080077,88.92759758482649,99.40791495424692,0.5920850457530769,99.99,8.630511980997884,0.3503926507977145,0.4049537062844783,0.5820850457530782,0.009999999999998899,2.607736954818575,217.30588675039542,32.479466148972705,0.5314919647297087,0.5340382878238251,232.5084545403693,66.82299562026498,21.88413129358107
1542.875,非储层,1.6900417591020183,9.522094412789118,88.78786382810885,99.39765200559776,0.6023479944022303,99.99,8.755784175896684,0.3554786128517018,0.41083162404073087,0.5923479944022297,0.009999999999998899,2.685464273593717,243.520384888669,32.72195357880538,0.5268722402395054,0.5295654327987972,222.21764045061337,65.2440066664599,22.040765050533224
1543.0,非储层,1.6660135647784273,9.164084253624683,89.1699021815969,98.47822155566881,1.52177844433119,99.08441556428728,8.426585624555704,0.3421133857021305,0.39538524336684727,0.6061940086184795,0.915584435712713,2.5960558468253048,233.48349850827626,32.728895501962455,0.5269214836968923,0.529508485277545,220.13971172233576,66.362110514735,21.885897545732522
1543.125,非储层,1.6872305931984064,11.581826053984868,86.73094335281672,99.33686776844465,0.6631322315553523,99.96003318455159,10.649754654319294,0.4323724678081933,0.49969893185738057,0.6231654161069409,0.039966815448411186,2.508846077862503,229.1031755505049,32.3112880130758,0.5345677883718055,0.5367676377643074,228.6469145950178,64.97072601162847,21.963014697386637
1543.25,非储层,1.6930601716143312,13.894195056633574,84.41274477175209,99.38121031524867,0.6187896847513308,99.99,12.776030980148656,0.5186977750177931,0.5994663014671245,0.6087896847513321,0.009999999999998899,2.6102233045779935,227.72819466285256,31.978158687109193,0.5406677576365599,0.5425365200735208,219.85096575410188,66.21882908981908,21.883792396839624
1543.375,非储层,1.6786285028208785,13.134595312837183,85.18677618434194,99.38483651609312,0.6151634839068887,99.99,12.077561596373714,0.49034041459458805,0.56669330186888,0.605163483906895,0.009999999999998899,2.544312368988687,230.33378636695642,31.44913154724331,0.549150253050859,0.5505447506791616,230.6536892291659,65.97122636513438,21.98798127928315
1543.5,非储层,1.6369653248775509,14.8858600801535,83.47717459496894,99.36800221345986,0.6319977865401394,99.99,13.687889710415405,0.5557185912051386,0.6422517785329581,0.6219977865401365,0.009999999999998899,2.6629078918601214,233.42512172106404,31.283883102199137,0.5543129062659388,0.5555413113005714,218.19696490221045,64.11157126251076,21.967616501392758
1543.625,非储层,1.663862729368584,13.430295259128833,84.90584201150259,97.96252858548775,2.0374714145122597,98.57356351549012,12.349464478062908,0.501379478289115,0.5794513027768101,0.6110349300023767,1.4264364845098854,2.5556720365244625,222.7424466126941,31.498359234321736,0.5520388201436632,0.5532927870673763,230.42618670791194,65.82517213218567,21.977338776004668
1543.75,非储层,1.6370316302106331,11.659049233873574,86.7039191359158,98.31950297149127,1.6804970285087206,98.94881642814244,10.720763139130558,0.43525536180995467,0.5030307329330622,0.6293134566511636,1.0511835718575613,2.480172078847308,218.56547908541606,31.732786115184343,0.5479843750623545,0.549272188118904,232.66207502593352,66.91909659910571,21.941197185894918
1543.875,非储层,1.6028325481168244,10.673984754134313,87.72318269774885,99.35495361518953,0.645046384810466,99.99,9.81497376023565,0.3984809569734637,0.4605300369251986,0.6350463848104633,0.009999999999998899,2.5869663226217376,217.28359477115882,32.33220342198726,0.5372382733943778,0.5389178354628402,227.93641645142154,66.17577902969208,22.021636172481927
1544.0,非储层,1.5740977687447908,8.466830382359936,89.95907184889528,99.35960311667115,0.640396883328842,99.99,7.785444700306629,0.31608351997954615,0.3653021620737604,0.630396883328843,0.009999999999998899,2.5922697279203812,249.33429697238654,32.76562918817453,0.528476464127433,0.5304593760473523,221.12586367534863,66.80003193633965,21.986744881011635
1544.125,非储层,1.620688556231304,8.767340364621678,89.61197107914701,98.59636914456995,1.4036308554300492,99.2336813359455,8.061770520375415,0.32730215182791533,0.3782676924183482,0.6373121913755533,0.7663186640544994,2.921649622792724,231.00745898518588,33.126163400279616,0.5218032894052382,0.5241547299077354,218.01877286343165,65.67271389912192,21.996396532344193
1544.25,非储层,1.6243277792738986,7.769599984048591,90.6060722366775,98.45137911854532,1.5486208814546765,99.09025286677607,7.144325359976496,0.2900545305487264,0.3352200935233697,0.6388737482307403,0.9097471332239371,2.6721219380570522,223.3406504043503,33.63527643462177,0.5171140571311883,0.5201884736986687,220.42717105193435,67.0034426183162,21.895546504150822
1544.375,非储层,1.6144583624258202,5.246981811285334,93.13855982628884,96.12061558983936,3.8793844101606356,96.77555478618368,4.824720100733924,0.1958802060845653,0.22638150446684424,0.654939196344322,3.224445213816318,2.9359602452981024,234.82154242579662,33.86094342956933,0.5138987038334957,0.5174426876391454,212.12102505764898,67.63873209345188,22.167133092973707
1544.5,非储层,1.6348692294235276,5.988650446923815,92.37648032365266,98.6076500293654,1.3923499706345988,99.25039648731136,5.50670141935647,0.2235681627843306,0.25838086478301464,0.6427464579459605,0.7496035126886347,2.878571703569447,246.98466120957931,34.112794228734096,0.510456717803419,0.5144967578948404,221.98804350963695,68.33816272041811,22.15727604256902
1544.625,非储层,1.6645890000046075,6.028299658127779,92.30711134186761,97.68701178795114,2.312988212048861,98.32335119782408,5.543159778305335,0.2250483462385629,0.26009153358388015,0.6363394098729434,1.6766488021759174,2.8660056996739733,238.3612096230357,34.39743610946988,0.5083806163057881,0.5131159067962712,228.88945930550892,67.52572030781619,22.931016089750905
1544.75,非储层,1.6677124304755593,4.719714310958567,93.61257325856587,96.0379257218918,3.9620742781082074,96.66389140853808,4.339885542737409,0.17619626771002,0.2036325005111383,0.6259656866462748,3.336108591461928,2.7986613858841993,238.51649134443937,34.41204150017092,0.5116903738410767,0.5164998417835553,225.68410436790754,67.33508108029696,23.018135735424572
1544.875,非储层,1.6306696400481906,5.143446565059328,93.22588379489248,93.66171926732513,6.338280732674873,94.27511143820522,4.729517067529836,0.19201503061852002,0.22191446691097227,0.613392170880084,5.724888561794783,3.1059562865637833,229.10712095498718,34.42684536474704,0.5186754459888604,0.52347627673122,227.63952268456586,67.53269002781494,23.193002768934143
1545.0,非储层,1.659122488149417,5.947548816575443,92.39332869527514,93.58300031790381,6.416999682096192,94.2074280909952,5.468907527697039,0.22203375765151032,0.256607531226894,0.6244277730913806,5.792571909004806,2.878470313827518,242.43365752167114,34.29615497053039,0.5289598721335612,0.5334505748434573,220.16867587862845,67.73423738628054,23.187555973581084
1545.125,非储层,1.702694380320072,7.557045674263385,90.74025994541654,92.4419205255379,7.558079474462098,93.0779432015185,6.948876797774011,0.28211945787221376,0.32604941861716097,0.6360226759805816,6.922056798481513,2.62025016091889,253.19886997315197,33.83403543722065,0.5459671727307047,0.5494682397254247,220.80858798761273,66.37978619177326,21.86703185047905
1545.25,非储层,1.6740536923857092,9.856074594110476,88.4698717135038,90.89449223242354,9.105507767576459,91.51602313543391,9.06288661154877,0.3679467534129443,0.4252412291487621,0.6215309030103688,8.48397686456609,2.5611761519987053,237.9025160626516,33.44125747440161,0.5585461322582761,0.5612756754296468,223.074745739777,68.00223860989915,21.834194796677963
1545.375,非储层,1.6516052151768794,9.457857912237412,88.89053687258571,90.56166035054498,9.438339649455019,91.18792495805741,8.69671724054996,0.35308053726867683,0.4080601344187737,0.6262646075124242,8.812075041942592,2.6926029426420026,232.24788457883085,32.90884654901825,0.5730529206271231,0.574937296475601,220.95246942203585,65.05501628186909,21.848816750006506
1545.5,非储层,1.6547566064637376,11.778895712074567,86.56634768146169,91.0050990502594,8.994900949740604,91.65013519415497,10.830964724189387,0.4397294678184847,0.5082015200666941,0.6450361438955668,8.34986480584503,2.7975365063256645,232.02244266440854,32.63812988064309,0.5817422184168365,0.5831568218274391,225.436972427227,66.12497445703018,22.145492413393495
1545.625,非储层,1.663674747321992,10.573385802455526,87.76293945022248,90.44061500820122,9.55938499179878,91.07623918584638,9.72247071720366,0.39472539918891997,0.4561896860629474,0.6356241776451549,8.923760814153624,2.513941824830023,234.76776904484248,32.3583386455419,0.5908658119527381,0.5919150629492039,233.05569452285704,66.44428672119973,22.06525341025172
1545.75,非储层,1.6278434401631083,12.972533495920146,85.39962306391674,88.94898680772563,11.051013192274372,89.5708500637478,11.928542039271505,0.48429032651769194,0.5597011301309488,0.6218632560221731,10.429149936252202,2.6160868545671185,228.13048934886385,31.893868658157523,0.5996364015013443,0.6003183571506985,214.72497670064018,66.40827598338564,21.839774111563578
1545.875,非储层,1.6727513426296785,14.454062444385219,83.8731862129851,90.82755413866731,9.17244586133269,91.46231787900696,13.290841882222098,0.5395987316509847,0.623621830512135,0.6347637403396457,8.53768212099304,2.7231578427720837,213.82323062504548,31.545500931781504,0.6035833321277646,0.6041144980713193,225.17889874919874,64.51226920572249,21.891295497302288
1546.0,非储层,1.685368150543189,15.469973232694368,82.84465861676244,92.74568644328251,7.254313556717495,93.39064856069449,14.22499514922321,0.5775246901800427,0.6674533932911144,0.6449621174119857,6.609351439305511,2.615448850532127,211.72324492412048,30.889889301271623,0.6084630719198634,0.6087016127634219,228.5857188943825,65.79405568735123,21.952371434074678
1546.125,非储层,1.673293950400772,17.51545603116401,80.81125001843522,95.29916058042002,4.700839419579972,95.92883344713626,16.10586349000071,0.6538866076627559,0.7557059335005456,0.6296728667162264,4.0711665528637475,2.3950312442364985,207.84859944570067,30.377134894826256,0.6094377397967946,0.6095883561562985,208.56395428277665,65.4162048572366,21.981300720180183
1546.25,非储层,1.6603830503016344,18.337625452177686,80.00199149752068,94.37401010091072,5.625989899089278,94.98838402919812,16.861867126842313,0.6845798178580349,0.7911785074773396,0.6143739282873885,5.011615970801886,2.122499037386382,204.63078717678695,29.80251203959149,0.6162142804019426,0.6162107846321085,211.67977790960862,64.99392373138028,22.007635859767586
1546.375,非储层,1.6673723240609382,20.582624687035754,77.7500029889033,93.96270081408177,6.037299185918233,94.57454615433856,18.926195406245792,0.7683900784230445,0.8880392023669199,0.6118453402567882,5.425453845661443,2.4042171001007757,212.79335041673457,29.229477797036147,0.622738995938133,0.6226514699849285,205.55790015841765,64.15095568947928,22.022614790229426
1546.5,非储层,1.7044789156854991,21.55299117481676,76.74252990949773,96.07990059644685,3.9200994035531456,96.69017606238722,19.818469644476615,0.8046157781568,0.9299057521833468,0.6102754659403721,3.309823937612777,2.366983786642462,216.76925554622665,29.007050345189114,0.6285484630122704,0.6284321382721365,209.98515847337723,64.87604001875448,22.046450876781755
1546.625,非储层,1.684290801197371,19.928200009684826,78.3875091891178,94.70585921553295,5.29414078446705,95.29864455314674,18.32443690797155,0.7439591111971597,0.8598039905161194,0.5927853376137947,4.701355446853251,2.576491307525436,214.55669659321077,28.97882313147103,0.6322781786801802,0.6321366608240471,204.3270020657431,63.54016745891568,21.904879782999306
1546.75,非储层,1.6770289705559989,18.678261440173728,79.64470958927028,92.61527697091303,7.38472302908697,93.2245330609467,17.175089729364593,0.6972964328432388,0.8058752779658953,0.6092560900336743,6.775466939053299,2.5015116936553983,194.11604259360936,29.338840616773233,0.6287505152591009,0.6286885086865152,215.72536861146682,63.69612939117412,21.935809809139993
1546.875,非储层,1.656807596721192,16.767822864674564,81.57536953860425,91.54463566888124,8.455364331118753,92.1544582377377,15.418397648480408,0.625975983232416,0.7234492329617396,0.6098225688564546,7.8455417622622985,2.7215593885512375,198.19610455582566,29.805577127885794,0.6271755254323541,0.6271033138584926,225.11125699938367,64.12413751532799,22.081533855819536
1547.0,非储层,1.6110981741310413,16.72367858740449,81.66522323846446,91.2979786513671,8.702021348632893,91.8931313320428,15.377805973201639,0.6243279900736598,0.7215446241291906,0.5951526806756936,8.106868667957201,2.7733749593457366,208.87043177503932,30.247960154606368,0.6212196253453854,0.6211824467492297,229.3089980064612,64.4241403978713,22.023899882534828
1547.125,非储层,1.6025067892705767,15.269901580024781,83.12759163070464,92.8036390780531,7.196360921946898,93.40752692307925,14.041024676494326,0.5700556197761188,0.6588212837543354,0.6038878450261371,6.592473076920758,2.4426095474362453,227.9834762158072,30.375962062910734,0.6211321585161147,0.6210116541156948,229.96371072275102,63.629329227751036,22.052839521300104
1547.25,非储层,1.5964903323431776,17.401348207430757,81.00216146022606,91.20105909407357,8.798940905926433,91.81619105412621,16.000938729325394,0.6496267369727798,0.7507827411325807,0.6151319600526345,8.183808945873794,2.609033280135499,207.47886643678686,30.27255005786137,0.6198114858208793,0.6195659215168199,220.65645016132527,63.39532689710677,22.068348908405923
1547.375,非储层,1.5588440548744664,17.913076935170814,80.52807900995472,93.60380648895088,6.39619351104912,94.22354726931187,16.471485029588944,0.6687305822412201,0.7728613233406482,0.6197407803609745,5.776452730688142,2.550322168995127,205.74285408608898,30.16388350475924,0.6215709628765247,0.6212183865982025,218.66639256204422,63.6049886139618,22.044261096336875
1547.5,非储层,1.602308366778695,17.895921297841678,80.50177033537963,91.6280218864198,8.371978113580203,92.2558053866278,16.455710027646923,0.6680901283771881,0.772121141817567,0.6277835002080066,7.744194613372201,2.472441271832646,212.70328075072825,30.08002111886205,0.6301455420990367,0.6295904267672503,217.7540705725307,64.47090570578467,21.946752312162754
1547.625,非储层,1.593179492343465,16.284278000478903,82.12254250717763,89.0723115471984,10.927688452801599,89.7076240300925,14.973767057066187,0.6079242973191812,0.7025866460935343,0.6353124828940967,10.292375969907496,2.520780409867153,227.29521264320672,30.01092073421121,0.6308035821618698,0.6301882808517455,227.29456595453624,65.10696799928384,21.962375276237026
1547.75,非储层,1.579736535381927,18.149216067635464,80.27104739698261,91.67620245191526,8.323797548084745,92.30511105934953,16.688620377098943,0.6775461229835797,0.7830495675529433,0.6289086074342753,7.694888940650468,2.572622074958977,212.19049263024937,30.16083535335969,0.6353705993794604,0.6346389901588251,212.9328288906753,64.94767719830381,22.19990524947316
1547.875,非储层,1.5349219534400351,16.422825054586266,82.0422529919737,89.35630838083226,10.64369161916774,90.00231745460545,15.10116425051777,0.6130965328037008,0.7085642712647938,0.646009073773179,9.997682545394559,2.5477195641160666,231.70846921235375,30.164925668516148,0.6443993374332,0.6433970011916913,223.04575422950904,63.26032985409585,21.930772442288312
1548.0,非储层,1.5120313684544116,18.04533284828278,80.4426357832628,86.9832836376336,13.016716362366399,87.6345376018159,16.593097374625053,0.6736679569926542,0.7785675166650716,0.651253964182293,12.365462398184102,2.5596101446060437,221.8879695884918,30.222087729245477,0.6447392267339047,0.6436104897415833,226.71962096824035,64.90804219541106,22.151775971651197
1548.125,非储层,1.518033772324402,15.745006745295498,82.7369594823801,88.30413844640026,11.695861553599741,88.96439585798852,14.477894771205522,0.5877922350403276,0.679319739049649,0.6602574115882658,11.03560414201148,2.3149200373155607,217.01517510960616,30.537667737912827,0.644612555675478,0.6433685367939004,214.73958608552243,65.17221898242569,22.16691252211184
1548.25,非储层,1.5008086892060502,14.891610401367894,83.60758090942606,88.16720299531535,11.832797004684647,88.83873381001197,13.693177262640017,0.5559332620664146,0.6424998766614634,0.6715308146966188,11.161266189988028,2.385345261475333,206.32013082191926,30.57224713827608,0.6421414432675134,0.6408388420578197,216.28340685673948,63.75276889593856,21.94862190518737
1548.375,非储层,1.4761104425017846,16.07133979486839,82.45254976262983,90.32608168927007,9.673918310729935,90.9918444192429,14.777965493848724,0.5999748930524171,0.6933994079672476,0.6657627299728318,9.008155580757105,2.3127977793043923,223.10956524217684,30.578957517133112,0.637191516081048,0.6359484834553958,223.5865202069687,65.06148947824826,22.014976978793097
1548.5,非储层,1.4965100339079096,17.92323318325493,80.58025678283717,89.41349651219231,10.586503487807686,90.0636714067706,16.480823932608217,0.6691097350645601,0.7732995155821517,0.6501748945782828,9.936328593229405,2.4198556017956774,192.27905335589463,30.272330217356515,0.6396690214283095,0.6384177801649588,212.35060696444114,64.09469714723511,21.843941696599476
1548.625,非储层,1.525151270965892,18.9973589486077,79.4774897804264,90.54527460476781,9.454725395232188,91.17633517992601,17.468507206003103,0.7092089737974845,0.8196427688071134,0.6310605751582069,8.823664820073985,2.398170408929455,217.63760395849175,29.804809462749883,0.6495455635139933,0.6482318839623993,223.13009615266674,64.18175448731185,22.027569339411983
1548.75,非储层,1.5405372003780622,19.908879182143536,78.5505836174784,88.44799235291259,11.552007647087414,89.07175563449276,18.3066709639767,0.7432378265011899,0.858970391665647,0.6237632815801668,10.928244365507245,2.2955232227873035,183.86019468678293,23.256389388223777,1.8146066426371883,2.7247246202014987,174.75761409495405,58.77241866737768,22.03482435219482
1548.875,水层,15.609755158275854,81.56399654480676,2.8262482969173894,70.0821103903203,29.917889609679705,72.51118020988427,73.76490537981485,7.717527168447101,0.08156399654481034,2.4290698195639755,27.488819790115727,2.4107996580027593,163.7281603843898,16.83563845828985,2.963988809133287,4.784738166018163,142.71159994697035,52.156850997730714,21.873849072667195
1549.0,水层,15.443430811206493,81.76519268977594,2.7913764990175625,71.19329521727045,28.806704782729554,73.59825503354664,73.94686329292769,7.7365642041584834,0.08176519268977278,2.4049598162761865,26.401744966453368,2.46911631530687,154.50494689612884,10.51354656887666,4.165195702022516,6.902283603954007,101.8836062513499,47.28993177030686,22.08213705151322
1549.125,水层,15.10208909854461,82.08589848724777,2.8120124142076115,70.68001901163518,29.31998098836481,73.08842736266787,74.23690343082447,7.76690915793607,0.08208589848724412,2.408408351032692,26.911572637332128,2.14026638346758,119.17196256971972,4.258373377231154,5.348833009143055,8.98920957999106,63.652636376181725,40.52830446308942,22.020649005066833
1549.25,水层,15.034598113825961,82.12359881209925,2.841803074074796,71.14966002118388,28.85033997881612,73.55100873721186,74.2709988775076,7.770476335779551,0.0821235988121019,2.401348716027976,26.448991262788148,2.1206594421671805,132.49018538404465,4.121146840033558,5.360911536078597,8.988058067143927,51.90157147120105,41.14345631090365,22.15550650575723
1549.375,水层,14.74678244848401,82.47032589284615,2.7828916586698464,73.15383953837743,26.84616046162257,75.58592047847145,74.58457216213526,7.80328340481804,0.0824703258928472,2.4320809400940333,24.414079521528542,2.1832792525999256,137.69715185677845,4.001108222698143,5.401395534209153,9.004990566860045,48.834486319453994,41.75590020831457,21.963075424486686
1549.5,水层,14.437446162168346,82.7465230542491,2.8160307835825615,73.59751386276902,26.402486137230973,76.04079001147497,74.83435954799332,7.829416983201541,0.08274652305424596,2.44327614870594,23.959209988525032,2.165154183638856,125.29795394060085,3.81603437137066,5.401734630633083,8.978571049594596,50.51253523588117,41.20034183507616,21.959180347545843
1549.625,水层,14.005971553951937,83.23533630276584,2.7586921432822114,75.29794793538159,24.702052064618407,77.73094304539086,75.27643282238749,7.875668144075599,0.08323533630276714,2.432995110009259,22.269056954609145,2.165565194562003,115.65132487673283,3.673375679918541,5.361994069434889,8.901666845629247,63.26890945026775,41.29684827117351,22.223075308574263
1549.75,水层,14.345356800221634,82.81436803752258,2.8402751622557756,75.20458915119723,24.795410848802767,77.57636766781732,74.89571724236419,7.835836427120873,0.08281436803752595,2.3717785166200884,22.423632332182674,2.2508397888230176,124.36622660611184,3.5756288569471533,5.326944852176711,8.808336843084527,60.54421794414333,40.99966253776111,21.994281544036305
1549.875,水层,14.146635050359393,82.95422233785152,2.899142611789095,76.17637235882167,23.823627641178334,78.59609256596131,75.02219877426235,7.849069341251309,0.08295422233785404,2.4197202071396537,21.403907434038683,2.203458851496567,118.78594475002848,3.477124375575647,5.164516082917311,8.555546486238633,63.12001658798638,42.24455487929152,22.612041767375032
1550.0,水层,14.526480219660728,82.4935348714891,2.9799849088501658,78.28611436318724,21.71388563681276,80.6367484351147,74.60556191479677,7.805479421820843,0.08249353487149169,2.350634071927465,19.363251564885296,2.3673725180626732,110.31574065264233,3.455726094302138,4.971028412507694,8.266594922343003,65.23163099624374,40.857293852334934,22.297420067467293
1550.125,水层,14.7128095866991,82.31218209579669,2.975008317504218,78.3040021004595,21.695997899540497,80.69341484765657,74.44154996214596,7.788319951554932,0.08231218209580199,2.389412747197063,19.306585152343438,2.1367555796045594,121.00434965279254,3.373903574861375,4.749342715176899,7.941005657594362,60.82230744550463,41.701980405148035,22.496778377393703
1550.25,水层,15.036034059939373,81.94827096838071,3.015694971679914,80.12292481039242,19.877075189607584,82.53157190934121,74.11243575713328,7.753886940279053,0.08194827096837942,2.408647098948803,17.468428090658783,2.334564632589147,132.91896701404394,3.336954131318594,4.572153460381846,7.713225818570311,54.23657647293961,40.62943821387434,22.384774103162744
1550.375,水层,15.028409558627311,82.04330250408852,2.92828793728417,79.25224929703646,20.74775070296354,81.69277962400425,74.19838044518855,7.762878756395879,0.0820433025040937,2.4405303269677803,18.307220375995758,2.1946042228851934,123.7708339658528,3.338944151584454,4.527562883345726,7.682659634710452,59.860403683274626,42.27159734899517,21.99787217693995
1550.5,水层,15.02864994349733,82.10475965205347,2.8665904044491994,78.59209822555486,21.407901774445136,81.0296161128703,74.25396110450626,7.768693787895153,0.08210475965205744,2.4375178873154466,18.970383887129692,2.096003072127417,138.50568911092665,3.3409557502222746,4.549101329373498,7.724928832518682,68.44538782348569,40.61489001288132,22.084882871960595
1550.625,水层,14.720009658758679,82.38734265607162,2.8926476851696874,77.84965843143135,22.150341568568642,80.34225612639293,74.50952372326407,7.79543159015149,0.08238734265606645,2.4925976949615634,19.65774387360708,2.1288906457670658,110.09022048624469,3.335488912608107,4.660517638570916,7.862411590139413,53.28899884883446,41.89528876340363,22.108173717404444
1550.75,水层,14.281558976283549,82.74036974490726,2.978071278809203,78.85387671315908,21.146123286840922,81.37744768630178,74.82879461370119,7.82883476146115,0.08274036974491167,2.523570973142699,18.622552313698225,2.054648231165731,145.394895366384,3.295045073026172,4.659916628873253,7.838526330341567,57.058142794570955,41.54376543335085,21.77792494948007
1550.875,水层,14.682207222047925,82.32070317631155,2.997089601640513,80.39786287783485,19.602137122165153,82.87859499097911,74.44925626302062,7.789126210114637,0.08232070317630985,2.480732113144262,17.121405009020897,2.178216911054157,120.77435915416031,3.2701249353746933,4.694692298416729,7.829399586295082,58.566991905201505,40.91764717147072,22.12561527867686
1551.0,水层,14.331267848261083,82.59999698786696,3.0687351638719633,79.03323731570376,20.96676268429625,81.49913454855972,74.70184419955255,7.81555279132653,0.08259999698786435,2.4658972328559687,18.500865451440273,2.1364479912566026,136.91945245506005,3.181476404779422,4.668137722991459,7.7429605150758904,67.9840085929457,40.75206457907187,21.966125881320284
1551.125,水层,14.053136647774084,82.87905759053622,3.0678057616897054,80.87002010503419,19.12997989496581,83.26946204355524,74.9542212264657,7.841957306479981,0.08287905759053887,2.399441938521053,16.730537956444756,1.9771163654785757,117.74910706951792,3.1873216787204215,4.661185159194834,7.717492105748308,70.33065106021297,40.44420988887859,22.151742231541725
1551.25,水层,14.193725385431733,82.73059347061971,3.075681143948559,78.96782138335794,21.03217861664205,81.35052970842351,74.819953139787,7.827909737362081,0.08273059347061601,2.3827083250655514,18.6494702915765,2.2277963447804767,126.20122614124311,3.193353453530664,4.685963763136244,7.751362185238988,56.95063933186368,41.29109381986832,21.866508826476554
1551.375,水层,14.548578980947061,82.46384729074276,2.987573728310183,79.96281170763211,20.03718829236789,82.40794947437561,74.57871303934341,7.802670404108604,0.08246384729074657,2.4451377667435024,17.59205052562439,2.026283588911724,114.14179936117101,3.225003435789353,4.66620340191997,7.77350205970016,60.60848070654273,42.68311169290452,22.097950829694273
1551.5,水层,14.904210215736832,82.19299412507051,2.902795659192645,78.30561438222334,21.694385617776657,80.69375375388212,74.3337586601565,7.777042470788942,0.0821929941250743,2.3881393716587818,19.306246246117876,2.190686880291716,141.07409405055634,3.3765011161241736,4.7199208714161225,7.893226461359266,65.31877806441095,41.296741035517684,22.064598310797752
1551.625,水层,14.815642438122648,82.22317728525924,2.9611802766181192,76.03087642463001,23.969123575369988,78.38022586558088,74.36105572809949,7.779898379874492,0.08222317728525941,2.3493494409508693,21.619774134419124,2.3275124467420123,132.92795297005222,3.523586703363193,4.754623158710056,7.975771846849343,56.69853006980548,41.053242170277514,22.111552629539077
1551.75,水层,14.993064914042003,81.98603866014616,3.0208964258118374,74.61254344808353,25.387456551916475,77.0094621078927,74.14659212915414,7.75746049233188,0.08198603866014231,2.3969186598091756,22.990537892107298,2.093848683347481,145.2063648208638,3.7320057363659007,4.802025006475638,8.057216602889486,68.27558918840178,41.20754540774478,22.18235035836759
1551.875,水层,15.433619066963661,81.51006226241647,3.056318670619874,74.09327771799381,25.90672228200619,76.49870011963573,73.71612825503207,7.712423945121978,0.08151006226241736,2.405422401641922,23.501299880364268,2.008195381347041,130.5934569880226,3.8479903987805524,4.73978659206167,7.948472828067414,72.74213393031258,40.00246790170483,21.90055069799419
1552.0,水层,15.749827526602504,81.11320562458191,3.1369668488155895,76.29482892130898,23.705171078691023,78.76521057645073,73.35721876580496,7.674873653152354,0.08111320562458751,2.4703816551417552,21.234789423549273,2.0805232281590302,115.16370630331096,3.9782233190319927,4.6203321381667095,7.772834742246051,69.69718416629478,41.3026690260355,22.197621129843046
1552.125,水层,16.151304589341667,80.66487593091585,3.1838194797424793,74.47887578012161,25.521124219878388,76.97207417205863,72.95175803762608,7.632453017358857,0.08066487593092059,2.493198391937012,23.027925827941374,2.1548720569350093,126.98814216005428,4.115869058623046,4.539615923741212,7.661636340077578,67.53775196846698,41.347784095681334,21.964721281587597
1552.25,水层,16.171843182095152,80.65008033834214,3.1780764795627183,72.47603290051843,27.52396709948156,74.96162332425197,72.93837718905965,7.63105306894414,0.08065008033833893,2.485590423733528,25.03837667574803,2.1362912413759902,119.25990739689065,4.238650758856473,4.570484969043762,7.680556093029324,68.82998572036536,41.9500954301696,22.02292569685199
1552.375,水层,15.799030889661205,80.97946022341768,3.2215088869211246,70.83056437787168,29.169435622128315,73.3709323495789,73.23626200449122,7.662218758703028,0.08097946022342234,2.5403679717072105,26.6290676504211,2.3056509549471205,135.18835612987297,8.684945508877412,3.661085660581208,6.006338999193892,73.97311468792402,43.18777744496289,22.017719022298085
1552.5,非储层,1.1070380130655135,40.41054938291053,58.482412604023956,98.34916087717211,1.6508391228278851,99.99,31.47614798170047,2.29791014227566,6.636491258934401,1.6408391228278831,0.009999999999998899,2.263794005425384,126.2644190440999,13.093267792326026,2.7486056064685536,4.326371083408855,112.85636416954668,48.07507435770404,22.092073282855015
1552.625,非储层,1.1096718931107685,39.986171669032004,58.90415643785724,98.30412651295246,1.695873487047539,99.99,31.145596283538566,2.273778278993207,6.566797106500225,1.6858734870475414,0.009999999999998899,2.0952332215126086,130.3061432980086,17.582596096517783,1.7845347184197375,2.572579131009017,122.55865291418102,53.57463402175233,21.869073862359738
1552.75,非储层,1.087713928883755,38.52241273344984,60.3898733376664,97.07491271987011,2.92508728012989,98.72523630245678,30.005461007738415,2.1905429220063675,6.326408803705058,1.6503235825866627,1.2747636975432242,2.1647338942904435,176.61768512397313,22.18487650990813,0.7393027703025815,0.7275374919601116,148.2627917949496,58.62239313515271,22.150092979076636
1552.875,非储层,1.1198197534699057,36.97220978052754,61.907970466002546,97.84371333206875,2.156286667931251,99.53418721581544,28.797993693065226,2.10239200244445,6.071824085017866,1.6904738837466924,0.4658127841845605,2.062364152176195,163.8608473130411,22.533741352386315,0.7279490659417975,0.716299455793139,161.8589231394081,59.281447559536076,21.982323063300342
1553.0,非储层,1.0940892774212796,36.65163411339047,62.25427660918824,98.313955906405,1.6860440935950072,99.99,28.548294362266073,2.084162750723547,6.019177000400853,1.6760440935950045,0.009999999999998899,2.0686864337443462,176.5910487321661,22.963518392916964,0.7142221748279936,0.7028335297499182,148.11880163558396,57.72770841599952,22.132352990376553
1553.125,非储层,1.100363431456628,35.3489886721708,63.55064789637257,98.32522014298631,1.6747798570136863,99.99,27.533651866639484,2.0100889700678026,5.805247835463511,1.6647798570136862,0.009999999999998899,2.231997545094288,184.32798672112887,23.25189870054701,0.7039797079874115,0.6927663143443141,154.2779293106523,58.19146627806548,21.902915253203545
1553.25,非储层,1.1146139543150004,35.36737486275355,63.518011182931446,97.6936374368646,2.3063625631354,99.35522595122339,27.54797303931444,2.011134484530315,5.8082673389087995,1.661588514358789,0.6447740487766085,2.5169102264778784,179.4545245496872,23.536063619692392,0.6945968570728651,0.683651457634591,152.89453154626656,59.36390535320406,22.00397984137993
1553.375,非储层,1.1320602998004285,33.87964624913988,64.98829345105969,98.35445930313504,1.6455406968649555,99.99,26.38916756119547,1.92653611300651,5.5639425749379035,1.635540696864953,0.009999999999998899,2.4107702954739936,174.23025895365353,23.687361448533217,0.6928909422533526,0.6819560647555507,150.98553038139872,58.330505406615615,22.045747221681232
1553.5,非储层,1.1605285117894655,34.981794859607064,63.85767662860348,96.76387907133555,3.2361209286644432,98.43430856231511,27.247641234299287,1.9892088187470212,5.744944806560756,1.6704294909795518,1.5656914376848907,2.2888223266190777,192.03407465198015,23.865076919881727,0.6929431669548005,0.6818564003999643,162.21587930591568,59.1249423047161,22.041450739925907
1553.625,非储层,1.1337186596035778,33.448641358642895,65.41763998175352,95.48977872386314,4.5102212761368605,97.1972853922604,26.05345389431182,1.9020274011882468,5.493160063142829,1.7075066683972553,2.8027146077396092,2.4593531198639598,178.81607047195286,24.219818300577074,0.6916208263759609,0.6803662239622346,149.9345354365513,59.710012217264335,21.993982479601478
1553.75,非储层,1.1541847794910864,31.585626930966814,67.2601882895421,92.96402714878805,7.035972851211958,94.65619250919869,24.60233484958103,1.7960887338368652,5.187203347548919,1.6921653604106506,5.343807490801311,2.1075091428822113,164.6274566332442,24.269450282052883,0.6988737598644933,0.6872202812180438,158.66691090048627,59.24843182852361,22.166842977679387
1553.875,非储层,1.1320350399234398,33.43060968497411,65.43735527510245,93.68986370093423,6.310136299065771,95.40072055104459,26.03940885811648,1.9010020460164305,5.4901987808412,1.710856850110349,4.599279448955418,2.2737250362008155,170.76633433327387,24.389677475971077,0.6993305544411315,0.6875848165699516,159.73348379625105,58.908035309426296,22.039697561445124
1554.0,非储层,1.1256404092621635,33.754874499839396,65.11948509089845,94.65807503991812,5.34192496008189,96.33293402097168,26.29198169995651,1.9194410778593678,5.543451722023518,1.6748589810535588,3.6670659790283278,2.203655588474475,180.24700478312658,24.548335275122415,0.7013662276988255,0.6894792684557036,158.52360408432367,60.0946527850458,22.092627033809705
1554.125,非储层,1.1543962060972555,31.780779130790947,67.06482466311179,92.06950696608371,7.930493033916286,93.77617276941915,24.754340689996962,1.8071858910423775,5.219252549751609,1.70666580333543,6.223827230580858,2.193557723420239,168.42083511329895,24.579016586201387,0.7068589494996681,0.6947397597183039,146.08619426314456,58.77044988343152,22.175417365767633
1554.25,非储层,1.1561858240448215,31.31422373678069,67.5295904391745,89.76091742050836,10.239082579491644,91.46451027534349,24.390936409486542,1.7806556312908735,5.142631696003274,1.703592854835128,8.53548972465652,2.2750152458969617,169.95418346546685,24.728740007202997,0.7131804783919025,0.7007901786030193,157.99068670613872,60.48122836099422,22.065550265718905
1554.375,非储层,1.1431685770743338,31.90354487359013,66.95328654933553,88.42268163285124,11.57731836714876,90.1175158705835,24.84996405435203,1.814166856404396,5.239413962833704,1.694834237732269,9.882484129416492,2.2377029655003398,183.56183634778816,25.463930286211202,0.7109602287999695,0.6992894270366166,153.87269420571923,59.69798026503502,21.965919640119722
1554.5,非储层,1.2328495447812458,25.71491928110983,73.05223117410893,94.59430001409584,5.405699985904167,96.06435558082846,20.882085298590447,4.80711906323827,0.02571491928110986,1.470055566732627,3.9356444191715356,2.469341895909456,166.571595347333,26.172506857556613,0.7074697128904015,0.6966751023890599,167.14517941191588,62.777623429075504,22.009812446008908
1554.625,非储层,1.217509797149407,24.0464636609783,74.73602654187229,93.27522817606308,6.724771823936915,94.721527659018,19.527197414416015,4.495219782901305,0.024046463660978845,1.446299482954903,5.27847234098201,2.3910973836833858,172.87803033636564,26.96682449802443,0.6930465851558405,0.6834336684047708,181.52888993430065,61.4781181276393,22.125215086931252
1554.75,非储层,1.1886822412174367,22.585376186527217,76.22594157225535,95.75621393823361,4.243786061766386,97.20059825781043,18.340705131992145,4.222085678348544,0.02258537618652634,1.4443843195768031,2.799401742189578,2.4722343534892826,198.79664666668168,27.958371875413683,0.6721851046687956,0.6639107690257277,181.72736360264562,62.75838086869983,21.895204204856356
1554.875,非储层,1.2127774472498885,20.998478981858625,77.78874357089148,95.0273438807414,4.9726561192586,96.47235056767587,17.05204766331686,3.9254328395599067,0.020998478981858887,1.4450066869344722,3.5276494323241314,2.4649570267281495,201.9537801215035,28.256853453634747,0.6612916373317331,0.6532292574536174,175.64098656681347,64.98883069967341,21.87809690646266
1555.0,非储层,1.1957892390917713,22.48059728877242,76.3236134721358,96.63362631063019,3.366373689369806,98.10003652017933,18.25561826640687,4.202498425076776,0.022480597288773718,1.4664102095491256,1.8999634798206766,2.284328014582406,200.43868771856424,28.572146813833605,0.6477762147273995,0.6399230660409643,185.64110445526038,63.1335964781808,22.060693120360586
1555.125,非储层,1.1895447118230948,20.59145365532402,78.21900163285288,96.76991675889842,3.230083241101578,98.26838876204529,16.72151823429291,3.8493439673757885,0.02059145365532339,1.4984720031468695,1.731611237954711,2.3288947078035473,200.29076543156432,28.807363647736274,0.639017233864045,0.6312401121540867,178.61339789662406,63.23974789185701,21.953224949628673
1555.25,非储层,1.1990811500979386,19.989289790376695,78.81162905952537,97.828559146702,2.171440853298001,99.35550848198685,16.232524391687456,3.7367761088988636,0.01998928979037723,1.5269493352848427,0.6444915180131572,2.666739634292755,214.76811177205823,28.97878064309776,0.6328691216773548,0.6251208433247144,184.57945022194383,64.09614842018532,22.098819407116913
1555.375,非储层,1.1962506954439571,19.130464915129707,79.67328438942633,96.44645877305452,3.553541226945478,97.95649820773741,15.535106130116896,3.576228320097683,0.01913046491512846,1.510039434682885,2.043501792262592,2.253867580121051,200.6246458246278,29.318695625494446,0.6223361210590737,0.6147924712173016,180.36198909962303,65.78397442077558,21.989903028080803
1555.5,非储层,1.21896583162659,18.745161034399395,80.03587313397401,98.4974705153481,1.5025294846519044,99.99,15.22221584197981,3.504200031385184,0.01874516103439819,1.492529484651907,0.009999999999998899,2.4846502031155917,226.23608918680105,29.339510681924434,0.6190998275848667,0.6117298718099783,177.2254990600703,63.59636854011406,21.956913959366265
1555.625,非储层,1.207813408066519,20.315309657507463,78.47687693442602,98.47973007472659,1.5202699252734098,99.9307682336252,16.49727243931057,3.7977219085393856,0.02031530965750719,1.4510381588986054,0.06923176637479989,2.7003225799982005,209.14851808749742,29.44269524714904,0.6168627849532028,0.6096079437071189,186.80228937324438,63.899998428462546,22.07263413901742
1555.75,非储层,1.2212645162653342,18.853008338996236,79.92572714473843,97.837761474908,2.162238525091986,99.32814946125914,15.309794441360003,3.5243608892972365,0.018853008338996086,1.490387986351128,0.6718505387408591,2.614134155553734,199.34961720167146,29.504689872111808,0.6122603074740594,0.605187517057473,186.850612949104,64.27301310837376,22.07299077141533
1555.875,非储层,1.2224139594024108,18.39375666228591,80.38382937831167,98.50672617988836,1.4932738201116402,99.99,14.936854025652355,3.4385088799712684,0.01839375666228618,1.4832738201116433,0.009999999999998899,2.233072504554441,202.77015475502876,29.606320045499917,0.6127265453846008,0.6056305939344125,184.75337035328428,64.36471652676286,22.61472450775321
1556.0,非储层,1.2582330218308446,17.643450776798208,81.09831620137095,96.82807970748635,3.1719202925136525,98.3343918034775,14.327559812844996,3.298247513176415,0.017643450776798353,1.506312095991151,1.6656081965225056,2.425607838525328,197.66178726094995,29.76497735060932,0.6128504785169001,0.6056526608923165,180.64067327274066,64.383916003801,22.509282601541887
1556.125,非储层,1.2402559960085273,18.613848353909656,80.14589565008181,96.25911217577955,3.7408878242204513,97.76872213485322,15.11558192394968,3.4796525816060657,0.01861384835391,1.5096099590736776,2.2312778651467746,2.362491090394526,201.64226601329426,29.593335395957233,0.6169453807211476,0.6096709208051744,168.1750988213446,63.274390461912695,22.751815619406415
1556.25,非储层,1.217516489638073,20.717379632389466,78.06510387797246,97.5921613692182,2.4078386307818,99.07615437341455,16.823777820085994,3.8728844326710803,0.02071737963239076,1.4839930041963518,0.9238456265854511,2.5776487342707997,207.43874538059546,29.41151819830928,0.6207962238879245,0.6134501357858484,179.46863107097326,63.76533539590414,22.493461113293268
1556.375,非储层,1.2054176600817585,20.37588198995015,78.41870034996809,98.5173574913101,1.482642508689913,99.99,16.546460873424458,3.809045234535744,0.02037588198995008,1.4726425086899104,0.009999999999998899,2.5451492765474413,211.03254257003113,29.022245669352472,0.6294929714947561,0.6219249806605897,180.55645648955266,62.89564989671788,22.002439033849782
1556.5,非储层,1.2139944525739117,21.895610192477143,76.89039535494895,96.71904262426226,3.2809573757377364,98.23486546527408,17.780573009220845,4.0931415730638205,0.021895610192478043,1.5158228410118184,1.7651345347259206,2.270126881094572,225.68975983569442,28.588924244383346,0.6356061364617496,0.6278718860006801,182.27129263700272,63.48630983607275,22.058235913967774
1556.625,非储层,1.1951672381887115,23.295745763054942,75.50908699875635,98.4433600961289,1.5566399038711043,99.99,18.91756862234238,4.354881394949508,0.023295745763055042,1.5466399038711085,0.009999999999998899,2.4513014426483926,202.37717600472413,28.513834557795608,0.6370762183864592,0.6291734989631531,162.63757775125117,62.59649826505732,21.946278854848913
1556.75,非储层,1.2194874711004464,21.522877770505865,77.25763475839369,97.71216111163274,2.287838888367255,99.28968369967271,17.477891513546382,4.023463379188978,0.02152287777050718,1.5775225880399633,0.7103163003272961,2.4208713455243744,199.5714743977786,28.234517872767693,0.6486238075600681,0.6403633265563128,171.54756559791252,64.30265169093391,22.162601881263964
1556.875,非储层,1.2460373847597845,23.419950636196408,75.33401197904381,95.40623811899847,4.593761881001523,96.95071578760331,19.018430566612448,4.378100118947761,0.023419950636197756,1.544477668604838,3.0492842123966857,2.4235047994218175,189.62636775072338,27.961178488522975,0.6585352054877738,0.6499546810688347,175.8658067092663,63.0255922589682,22.13182793898127
1557.0,非储层,1.2431119988869077,24.862162438612888,73.89472556250021,94.79068840087854,5.2093115991214685,96.37688339579078,20.189594650289678,4.647705625884599,0.024862162438613056,1.5861949949122587,3.623116604209209,2.4695821882103632,198.8363479201567,27.995343071519102,0.6638295150289167,0.6550445038038479,166.72191373030319,62.939962913636606,22.050808609676388
1557.125,非储层,1.2661262819400343,22.93354119774711,75.80033252031285,94.83397787856286,5.166022121437141,96.4278701410716,18.623436389391788,4.287171267157575,0.02293354119774771,1.5938922625087344,3.572129858928408,2.362135978503922,202.80948095956347,27.886299280560763,0.676020973050333,0.666859562254307,175.93491357791768,63.65611685191884,22.03155715133666
1557.25,非储层,1.235491611988372,22.800913339839223,75.96359504817241,92.19603350742844,7.803966492571568,93.79193556277781,18.515734466958133,4.262377959541252,0.022800913339838386,1.5959020553493728,6.208064437222194,2.3290893300449587,189.2701050493547,27.906106815622714,0.6817103085560495,0.6722817709877231,182.15049314756016,62.79739610365497,22.26977316327304
1557.375,非储层,1.2048280001632174,23.311547460412218,75.48362453942457,92.03436734271449,7.965632657285504,93.6099567281661,18.930400565871736,4.357835347080071,0.02331154746041189,1.575589385451609,6.390043271833901,2.558908681227274,193.26202537991023,28.078707406231793,0.6796824722027668,0.6702985750036494,173.97006953268013,62.76930179255498,22.05551712193262
1557.5,非储层,1.218013556351178,23.04485368335405,75.73713276029477,93.56558669221926,6.43441330778074,95.12038741549397,18.713828927429027,4.3079799022416685,0.02304485368335371,1.5548007232747065,4.879612584506033,2.4250658568554346,184.81300532707144,28.228461761907326,0.6810948819595803,0.6716317618260987,176.5215949989193,62.736853748261446,22.099767102039586
1557.625,非储层,1.2416927156525688,21.394810321350487,77.36349696299695,92.08090144927742,7.91909855072258,93.65802386210402,17.373892921600575,3.999522589428562,0.02139481032135057,1.57712241282659,6.341976137895989,2.5084199833139618,198.36613008310857,28.255231177475,0.6792955015960632,0.669902713986267,175.80702154255374,63.122791836787286,22.087652490562075
1557.75,非储层,1.2547717745874027,22.481994439969633,76.26323378544296,92.80675837241414,7.193241627585866,94.39853091114652,18.256752838526516,4.2027596070031485,0.022481994439968456,1.5917725387323918,5.601469088853472,2.2085911163413985,195.24667337002447,28.531695652474404,0.6758318033858073,0.6665159043143621,178.92227123468015,62.15311015720922,21.936777501059883
1557.875,非储层,1.2230564327474664,20.34297540039335,78.43396816685917,90.30926048954748,9.690739510452516,91.86303616168604,16.519738712545827,3.80289371244713,0.020342975400392677,1.5537756721385616,8.13696383831396,2.399294754199381,206.6253019011146,28.817315224261975,0.6764433065172173,0.6669809974893088,171.1187408486394,63.26162531706254,22.180002122333274
1558.0,非储层,1.1920947043783046,20.060052158333008,78.74785313728869,89.56759344004183,10.432406559958164,91.13487050954326,16.289987757115146,3.75000434905953,0.02006005215833273,1.5672770695014278,8.865129490456736,2.5100452237936306,198.84119132318264,28.912717641955197,0.6744080155506976,0.6649645972745393,180.0255884425432,63.61619250638859,22.046437806862965
1558.125,非储层,1.1572452376238356,20.438188617966592,78.40456614440957,92.00860737337935,7.9913926266206525,93.56467217678825,16.59705766148681,3.8206927678618134,0.02043818861796609,1.5560648034088986,6.435327823211756,2.501254370559166,211.39352162032637,29.279326216072008,0.6723857170354869,0.662985456702539,176.54729201943417,62.24497184934403,22.07756772155597
1558.25,非储层,1.1766393829623456,18.658305589965007,80.16505502707265,89.28692538106192,10.713074618938078,90.8016802855919,15.151683915377257,3.487963368997786,0.018658305589965007,1.514754904529975,9.198319714408099,2.5586137779400677,192.06004443416737,29.28589981217362,0.6709237234073624,0.6616177266082973,181.84108487909367,64.89485849580512,23.13266424963814
1558.375,非储层,1.161837107479991,20.309671768997628,78.52849112352239,91.03761635795684,8.96238364204317,92.54044872354481,16.492694129439972,3.7966679677886574,0.020309671768998366,1.5028323655879825,7.45955127645519,2.6307286610125957,201.50081783982492,29.302119920125953,0.6712741122506951,0.6621101514683128,177.56980981860033,63.04303010152121,22.99215875904765
1558.5,非储层,1.1579277497931824,19.921865412340555,78.92020683786626,89.19838212651824,10.801617873481762,90.66551485425337,16.177771677982093,3.724171868946121,0.01992186541234023,1.4671327277351374,9.33448514574663,2.5043459289904084,204.5697264198535,29.42850949888556,0.669851261790108,0.6609037968603008,184.35961943823492,64.78463978479652,23.257579643968988
1558.625,非储层,1.130133309208189,19.112771686550445,79.75709500424136,91.21310448661222,8.786895513387783,92.6393052045741,15.520738147687682,3.572920767176212,0.019112771686550373,1.42620071796188,7.360694795425903,2.316457958448948,217.98223287739881,29.239450694859677,0.6722302886344371,0.6633949711914724,178.21000309431545,62.71858182104291,22.948863943796837
1558.75,非储层,1.0979922914599525,20.747841090293505,78.15416661824655,90.39267568484642,9.607324315153576,91.80250582998457,16.848514384697296,3.8785788645059145,0.02074784109029476,1.4098301451381419,8.197494170015428,2.451041063505705,204.9027079198834,29.158513654866166,0.6713384602214185,0.6627460201069224,169.81204641058085,64.46105084459808,21.96546122307478
1558.875,非储层,1.118457488682045,21.19468367538425,77.6868588359337,92.58269997956691,7.417300020433082,93.95723716233675,17.211377859978054,3.9621111317308144,0.021194683675384435,1.3745371827698412,6.04276283766324,2.449601751422158,198.00951487372078,29.03693033799291,0.6679988861470078,0.6596451179600222,174.70874987934386,63.16746443687425,22.15107380207449
1559.0,非储层,1.1140218317444712,21.210639383718565,77.67533878453696,92.5512185081814,7.44878149181859,93.94269671543609,17.2243348698288,3.965093874506044,0.021210639383718866,1.391478207254675,6.05730328456392,2.6924831248006167,193.83193525955616,29.043491325797323,0.6691368697779114,0.6608209627286182,167.8578674144645,62.05989233515488,22.067186394439283
1559.125,非储层,1.1324755848540138,19.054080362154757,79.81344405299123,90.5071083489528,9.49289165104721,91.89192855534748,15.473077207012736,3.561949074779866,0.019054080362154724,1.384820206394687,8.10807144465252,2.370867307612238,193.48962907845143,29.388875917440956,0.6576749597143091,0.6496441279774964,194.09956375404698,64.43710647845127,22.01669035195587
1559.25,非储层,1.1503122606390253,16.930621626416432,81.91906611294453,92.44382846772726,7.556171532272737,93.86001731994928,13.748698998277757,3.1649920065122585,0.01693062162641673,1.4161888522220092,6.139982680050727,2.4246785680806036,188.52146458456306,29.859443222320373,0.6501460128385315,0.6421396063402228,181.99888895437854,63.510926877112084,21.953754888003445
1559.375,非储层,1.1519049977110352,16.109326784959578,82.73876821732938,90.91608978167329,9.083910218326707,92.36050142859366,13.08175741673474,3.011460041439875,0.016109326784960812,1.4444116469203734,7.6394985714063335,2.534924296493935,209.68448438669097,30.141706848824736,0.642707274948266,0.6348317021452996,183.9916700262561,64.05744327922658,21.95675948312806
1559.5,非储层,1.1349362284848057,18.128992530761636,80.73607124075356,93.15918171803736,6.840818281962646,94.57013214421362,14.721849377259053,3.3890141609718185,0.018128992530763027,1.4109504261762613,5.4298678557863855,2.432716636529433,217.10707848713403,30.241929194506604,0.6381526632696264,0.6302866749298107,180.29763064334452,64.38946708136882,22.25397742897394
1559.625,非储层,1.1102714842931711,17.963877376434777,80.92585113927205,91.8079692357719,8.192030764228086,93.24479772537467,14.587765785587967,3.358147713470378,0.017963877376433318,1.436828489602754,6.7552022746253275,2.5477458123465038,227.24502247149877,30.28192755370548,0.6338853353989177,0.6260257442128903,189.9104567230596,65.39980577757512,21.93376623095496
1559.75,非储层,1.0859247732317818,16.515176031896438,82.39889919487177,94.53121487551037,5.468785124489628,95.99051750584002,13.411331797282378,3.087329058582164,0.01651517603189767,1.4593026303296386,4.009482494159988,2.512450352729021,207.2742884984736,30.261759378555155,0.6290940804960852,0.6212775673611766,178.3915021168898,64.04393410420364,22.09858604184246
1559.875,非储层,1.0812764785222715,16.32976914930424,82.58895437217349,94.02168421292302,5.978315787076982,95.50107847516574,13.26077008270293,3.052669297452007,0.01632976914930362,1.4793942622427332,4.498921524834254,2.455737925577573,217.32989306691346,30.652775313608608,0.6214231177581543,0.6136689200506799,177.72676903603025,64.40471052054838,21.964297781899724
1560.0,非储层,1.1099423042335121,13.92695949533559,84.96309820043089,92.93298086926617,7.06701913073382,94.39970264061796,11.3095418637091,2.603490672131152,0.013926959495336177,1.466721771351791,5.600297359382034,2.503957340846589,216.5892321356826,30.88540148648731,0.613912052584729,0.6063150731830389,184.05450828186022,65.06458770512742,21.862487239645876
1560.125,非储层,1.1371693801793954,15.396348149580064,83.46648247024055,93.32717131727391,6.672828682726095,94.79274695354135,12.502775211217779,2.8781765902127034,0.015396348149581546,1.4655756362674508,5.207253046458648,2.4621888976087862,218.82181019356847,31.18090440224021,0.6077183901680157,0.600259318410255,177.48812000948712,64.74583586686441,21.98043404504685
1560.25,非储层,1.1389432260652188,13.268548918792057,85.59250785514273,94.7093214611756,5.290678538824389,96.20280186039861,10.774872255355472,2.4804081145177914,0.013268548918792325,1.4934803992229995,3.7971981396013876,2.6881429944137523,222.36879872406763,31.500214849642976,0.6018327652456147,0.59452881053489,173.45070089667456,65.03896023554152,21.98108817037178
1560.375,非储层,1.1601366625786658,12.812947467356139,86.0269158700652,93.69284350868978,6.307156491310217,95.20345104717978,10.404896045551254,2.395238474337529,0.012812947467356547,1.5106075384900026,4.796548952820212,2.5867647259307605,234.43132510369932,31.41166441770667,0.6030935370663599,0.5957480807046206,184.03967391758735,62.96411320819711,21.95161049519637
1560.5,非储层,1.1459742756755473,14.846729532385828,84.00729619193864,93.21571007335972,6.784289926640286,94.70792977054484,12.05645131960928,2.775431483244161,0.014846729532385847,1.492219697185116,5.29207022945517,2.60765352806722,207.10659174751513,31.57899072114741,0.6008153139654254,0.5935742985627288,183.51360312236886,65.1885998906185,22.21092187509762
1560.625,非储层,1.1795994340704579,13.563603353027753,85.25679721290179,92.65135764891532,7.348642351084678,94.10432031952638,11.014474479888344,2.5355652697863804,0.013563603353028073,1.4529626706110532,5.89567968047362,2.516190894875842,214.89572231136788,31.452966712467653,0.6038144270073178,0.5965302975202678,173.98090375022494,66.58096198825403,21.86585448498475
1560.75,非储层,1.1865761993138655,14.595327707618289,84.21809609306786,94.33049265690376,5.669507343096248,95.82324125334381,11.852297680563114,2.7284346993475572,0.014595327707617872,1.492748596440047,4.176758746656195,2.6358007533372443,228.69481092000547,31.372152154519462,0.6056170290185856,0.5983116016497274,185.26158878435655,64.7987467559582,21.89357338318431
1560.875,非储层,1.167518073566575,13.683353630607463,85.14912829582596,93.54036592339993,6.459634076600063,95.03515829516614,11.11171902044525,2.557951256531607,0.013683353630607187,1.494792371766209,4.964841704833855,2.5504751782226998,235.93674361290792,31.380188100576127,0.6080512414076252,0.6006622959414227,176.96997308041657,65.02338481533452,21.84400561389168
1561.0,非储层,1.1716460442443293,14.767813632694093,84.06054032306157,91.64712168213248,8.352878317867518,93.15578641614573,11.992366788339204,2.760679030722196,0.014767813632693763,1.5086647340132455,6.844213583854275,2.381168328932673,241.2236645161438,31.490783950004445,0.6065960702418876,0.5991411209401687,179.0028525128535,65.01452181795185,21.977887585384128
1561.125,非储层,1.2002102369254015,12.357435714459253,86.44235404861534,92.20379092756377,7.796209072436222,93.73688491425716,10.034992676440126,2.3100856023046674,0.012357435714459644,1.5330939866933775,6.263115085742843,2.743885642138231,216.8790379987284,31.76470234292655,0.6072771837921438,0.5997578314989616,189.91529829551556,66.11081032082896,22.045361361321024
1561.25,非储层,1.1826153911624875,11.710665236726891,87.10671937211062,90.64296428330906,9.357035716690943,92.15297710682412,9.509775539377646,2.189179032112518,0.011710665236727008,1.5100128235150736,7.84702289317587,2.518169172602797,218.50309297665095,31.73721296668799,0.6115340523876786,0.6038177601447758,189.0966167215395,66.54148016790322,21.969565908078213
1561.375,非储层,1.1616301895973802,14.028772536927569,84.80959727347505,91.3007067071371,8.699293292862897,92.83422530572689,11.392220272915484,2.622523491475159,0.014028772536927095,1.5335185985897837,7.165774694273108,2.4472729704812437,212.01201659705362,31.63981577264672,0.61721055363178,0.6092577325742844,182.58173897716907,65.84598548368069,21.97356177433832
1561.5,非储层,1.1371376699953217,15.889210467288372,82.97365186271631,89.58277689546533,10.417223104534667,91.11777060313473,12.903009520582554,2.9703117362385307,0.01588921046728857,1.5349937076693991,8.88222939686527,2.3698892517684387,228.71256648533694,31.177527372152632,0.6352933297223412,0.6267340372361063,193.31149764978946,64.58949768618805,22.006872500121542
1561.625,非储层,1.109665818164216,17.52090285296397,81.36943132887181,87.5041465947533,12.495853405246704,89.04505396056437,14.228043412630138,3.27533853748087,0.017520902852963954,1.5409073658110761,10.954946039435631,2.567963191834819,216.49668236460172,30.82923757626736,0.6450173149958957,0.6360916666861032,186.72593892934802,65.2628088730684,22.011513014779133
1561.75,非储层,1.1237556600430227,15.55292896466276,83.32331537529421,89.15558848275006,10.844411517249942,90.68845474591546,12.62992839808707,2.9074476376110265,0.015552928964663107,1.5328662631654013,9.31154525408454,2.5889804713247195,221.3138515385598,30.48649808377174,0.6550890895186458,0.6459372924385436,188.17611211363953,64.77309660512017,22.160658438151472
1561.875,非储层,1.1336680219426818,17.788566266328644,81.07776571172867,89.72102387824924,10.27897612175076,91.2202892519856,14.445402454985711,3.325375245076602,0.017788566266328798,1.4992653737363744,8.779710748014391,2.76682860843573,205.42126015805954,30.15015059135179,0.667266922722803,0.6578671744141296,186.2952154474244,63.694480279296926,21.843491074008444
1562.0,非储层,1.1379266409911022,19.571771102428094,79.2903022565808,87.15958150416334,12.840418495836659,88.6561814202592,15.893473712189385,3.6587256191362787,0.019571771102429303,1.4965999160958563,11.343818579740805,2.7071623945446777,201.1531326691073,29.86689335999629,0.6782402130490126,0.6685787279529101,170.48311121436743,64.48841070537941,22.056546446596414
1562.125,非储层,1.1326231377247684,20.605455164595465,78.26192169767977,85.38621630878549,14.613783691214511,86.92141952205628,16.73288831512883,3.851961394302044,0.02060545516459414,1.535203213270791,13.078580477943724,2.462267614798591,213.8220776327009,29.51127146899119,0.6976061047005369,0.6873168403598009,185.08437962347853,64.06843211742223,21.79484979914112
1562.25,非储层,1.1364492119643157,19.49441552776029,79.36913526027539,83.4932552789803,16.506744721019707,85.06121399540282,15.830656260154017,3.6442648520785137,0.019494415527759185,1.5679587164225197,14.938786004597182,2.4213892168853346,215.55803781997136,29.146738921893416,0.7170858566167717,0.7060887002294302,176.07675579313596,64.45936651700863,22.04463687850084
1562.375,非储层,1.150136768058177,21.817380551483147,77.03248268045868,84.37307132880353,15.626928671196472,85.96272394242715,17.71704576193468,4.078517408996979,0.021817380551483745,1.5896526136236186,14.037276057572857,2.2404930934897087,213.77026091618433,28.796463881149915,0.7348505826298284,0.7232661436990357,170.8886510510571,63.606051510111094,22.114290409492437
1562.5,非储层,1.1759248873017367,23.4087369553882,75.41533815731006,83.05033170621725,16.94966829378275,84.61063470285646,19.00932437278822,4.376003845644589,0.02340873695538745,1.5603029966392112,15.389365297143542,2.5027158661200293,198.98179275258542,28.359688348042326,0.7470822129296053,0.7351429321258235,177.7732524601421,62.94353264178452,22.034419667353017
1562.625,非储层,1.1801094019689649,25.296414131281686,73.52347646674934,85.0892650457703,14.9107349542297,86.68834124144153,20.542233551786385,4.728884165364019,0.02529641413128239,1.5990761956712292,13.311658758558465,2.4445701764320296,192.320180330724,27.637388410592088,0.7636589346839713,0.7513194216496453,165.78492091929877,61.71338385089566,21.942461296710988
1562.75,非储层,1.1681440509827878,27.252214302231646,71.57964164678556,84.86732689962253,15.13267310037747,86.49748982471601,22.130462764186706,5.09449932374271,0.027252214302231348,1.6301629250934833,13.502510175283987,2.3904913885066454,192.35922455003742,27.102020129687116,0.7743173367171896,0.7617934809464459,181.1559159513512,60.87393447158142,22.0427298663926
1562.875,非储层,1.1368609519201078,27.578343866462507,71.28479518161738,86.27291354168203,13.727086458317972,87.87932773533575,22.395299892556142,5.155465630039903,0.027578343866461325,1.6064141936537282,12.120672264664245,2.18450684160246,188.59249471143343,26.676219770952187,0.7809199685769005,0.7681274396424924,162.29383691178745,59.61639340871598,22.244331409752736
1563.0,非储层,1.1196248655330305,28.003847724990962,70.87652740947601,85.52147935130672,14.478520648693271,87.17393086766538,22.74083501835363,5.235008858912341,0.02800384772499165,1.6524515163586524,12.826069132334617,2.241972726008986,182.59085150213704,26.47310883736354,0.781337715338254,0.7685766818869397,178.81432793614172,60.59773068181117,22.09971982400595
1563.125,非储层,1.1327126443906852,27.480914768449026,71.38637258716028,87.53200161862291,12.467998381377088,89.14106421976538,22.31618151333662,5.137252340343958,0.027480914768450437,1.609062601142465,10.858935780234624,2.2407058965889215,179.69814001956442,26.345313515720072,0.7784285464647847,0.7659546242569389,157.38918590862244,61.439165447435975,22.1095780431363
1563.25,非储层,1.1259044811260719,28.610257134894212,70.26383838397972,87.84074961585236,12.159250384147647,89.4027688852286,23.23327650281008,5.348370374949236,0.028610257134894373,1.5620192693762451,10.5972311147714,2.4280834164488243,185.34609464028082,26.403042992055664,0.7687305352112065,0.7565475918230371,166.00926661765624,61.192924511007675,21.88884987098045
1563.375,非储层,1.101235693229393,26.912656789053745,71.98610751771686,90.00088876018377,9.999111239816227,91.60621685896787,21.854721321001737,5.031022811262955,0.02691265678905347,1.6053280987841014,8.393783141032129,2.1807440345466804,187.22537719645283,26.360462545315546,0.7599959012647018,0.7483072329027564,170.83181275539243,61.392013741015504,21.900560799419253
1563.5,非储层,1.0714134648007814,28.42057541720031,70.5080111179989,90.06547745172284,9.934522548277158,91.6236221097477,23.07924336099202,5.31291148079109,0.02842057541719914,1.5581446580248652,8.376377890252297,2.2612151192408056,201.29892174998656,26.077449230922046,0.7615372867279748,0.7499529108801906,171.64645175667297,61.66665544634435,21.85495530744857
1563.625,非储层,1.0913383001199806,30.514788709112583,68.39387299076743,90.73525321998478,9.264746780015209,92.32389436534628,24.77987248282944,5.704401437574029,0.030514788709114227,1.5886411453614908,7.676105634653718,2.2606633910380824,201.0294863622713,25.936988370824466,0.7539284673086406,0.7426239431913828,170.78190153158826,60.491877273919044,22.140050964569213
1563.75,非储层,1.0798387861537295,30.063588312917656,68.85657290092861,93.44131918938122,6.558680810618778,95.00866202464134,24.41347019872732,5.620054525877417,0.03006358831291675,1.5673428352601124,4.991337975358667,2.204615407173797,190.5447473550523,25.744543628917,0.7564998730058847,0.7453476904109599,171.74144762319148,60.9846702636257,22.00668504283128
1563.875,非储层,1.0942752201925523,28.974301020534497,69.93142375927295,91.42013226499053,8.579867735009472,92.94555850581831,23.52890237622883,5.416424343285131,0.028974301020534554,1.5254262408277839,7.054441494181685,2.2543313251716164,186.57006396349456,25.555963001440436,0.7565072279108672,0.7455490233899869,177.94837446638206,59.64763345787698,22.151736870050232
1564.0,非储层,1.0719124552759745,30.41161563246636,68.51647191225767,92.74651601256036,7.253483987439635,94.24929939124935,24.696089642078814,5.685114374755079,0.03041161563246686,1.5027833786889904,5.750700608750647,2.2651487286265075,181.95599833871313,25.698566596593118,0.746942498535411,0.7363574211803204,165.19535274693962,60.59703645860498,21.82029183302583
1564.125,非储层,1.0602158965369595,28.954125714319446,69.9856583891436,93.35014492628005,6.649855073719946,94.862245683247,23.512518795137158,5.412652793467967,0.02895412571431999,1.5121007569669374,5.137754316753007,2.2341535978228317,181.74248316530455,25.680931487640848,0.7423164257757721,0.7320585745749697,173.1514108825362,60.327584229870354,22.025135473185095
1564.25,非储层,1.0680448646550833,30.219113427163634,68.71284170818129,96.08036232065554,3.9196376793444676,97.54757039814534,24.539766092027804,5.649128221708668,0.030219113427164268,1.4672080774898002,2.4524296018546665,2.353864181625169,172.94326361279127,25.55655622147588,0.7389363716694248,0.7288390080514187,173.92766494401954,60.64365324603024,21.859915997616994
1564.375,非储层,1.0369890463583902,30.306809752786002,68.6562012008556,94.93452137435428,5.065478625645725,96.4429019105006,24.610980865521746,5.66552207751147,0.030306809752786434,1.508380536146311,3.557098089499411,2.343512132858836,173.74041688287542,22.38246738835539,1.0326609790992027,0.9024059560964783,156.73096556438767,57.13008104141164,21.85503406811753
1564.5,油水同层,7.120713570847995,60.240243937635384,32.639042491516626,63.27221541948204,36.72778458051796,88.63085926432565,47.801876018020764,4.384815229689842,8.053552689924782,25.35864384484362,11.369140735674343,2.2055570557400026,161.4779949345475,19.026926430690395,1.3296040832280671,1.0835388063465856,152.85326019820684,54.5919209224172,22.06678116572409
1564.625,油水同层,7.094702158419112,60.69114627329804,32.21415156828286,64.36363929108715,35.636360708912854,89.19402690461871,48.159676321218335,4.417635870830723,8.113834081248976,24.830387613531563,10.805973095381294,1.8387773272740175,144.48660954766348,15.880211318793423,1.6173903086071237,1.2567195900769315,138.66035304114578,53.30849404777295,21.845701414560924
1564.75,油水同层,7.1299367919874275,59.74091021611891,33.12915299189366,64.06151172406119,35.93848827593881,89.08979095468311,47.40564441125207,4.348469325960271,7.986796478906574,25.02827923062192,10.910209045316888,2.0201517993224893,158.61276504212844,12.670726600914616,1.9101579600020955,1.431056811980165,130.6904040104322,49.01645748160189,22.051085804595516
1564.875,油水同层,7.172923716586253,60.31933228710034,32.5077439963134,64.2087861727014,35.791213827298606,89.90689992027576,47.8646342545164,4.39057197595375,8.064126056630183,25.698113747574375,10.093100079724238,2.1065761779160286,153.62553762117915,12.66461762226722,1.8965217910695418,1.42189153925036,139.08727412922715,48.88957398366153,21.970261752685893
1565.0,油水同层,7.019453380544293,60.13899987204931,32.84154674740638,64.82075567516014,35.17924432483986,90.51346049799476,47.72153676382192,4.3774457953768415,8.040017312850553,25.692704822834607,9.486539502005243,2.0684321026274652,142.91534482284754,12.725504712623831,1.871224173663728,1.4044123690123178,123.79622159247853,50.478504220793646,22.04673431050857
1565.125,油水同层,7.215327629915532,59.67850840018514,33.10616396989933,66.0314039656402,33.9685960343598,91.182753363339,47.35612728327274,4.343927172493064,7.978453944419331,25.15134939769881,8.817246636660991,1.9849240567980775,155.56860444878345,12.748456035287251,1.8477784092615637,1.388525466597649,133.79644383784193,49.6220432413525,22.162231178468563
1565.25,油水同层,7.101510460900432,59.16856799458938,33.72992154451019,66.28441731112363,33.71558268887637,91.7366640297061,46.951479053924544,4.306809220928902,7.910279719735937,25.452246718582472,8.263335970293895,1.9839877691801453,138.30712946853603,12.863496392479428,1.8051157012729047,1.3617557897120431,132.39200232723965,50.91946195608283,22.173208920361727
1565.375,油水同层,7.079711534334455,58.77528143875564,34.1450070269099,67.3164074321973,32.6835925678027,92.75683954509124,46.63939806034521,4.278182363417545,7.857701014992887,25.440432112893934,7.243160454908759,2.1406116395173735,146.36767389507534,13.045244190970058,1.772304662426486,1.3403322950108976,134.3821207624709,50.56394172229476,22.126062425083553
1565.5,油水同层,7.17539038662347,58.00325636782156,34.82135324555497,65.67830101512273,34.32169898487727,90.89066854464205,46.026780243561454,4.2219875828612325,7.754488541398867,25.21236752951932,9.10933145535795,2.3317961156762568,156.25739342446047,13.174081424532309,1.7616394345050166,1.3281205374350304,144.97615008494586,50.5736651899918,21.932579441776745
1565.625,油水同层,7.186419474081205,58.349543666715974,34.46403685920282,65.05401506788445,34.94598493211555,90.87283483873475,46.30156635740096,4.247193420732877,7.800783888582139,25.818819770850283,9.12716516126526,1.8753344185562648,154.11559782880954,13.351087010132087,1.7595264839299725,1.3240754926816243,137.3644622733579,50.58901619910067,21.956628885970463
1565.75,油水同层,7.311533737813196,57.48316304597193,35.20530321621488,63.678869691575215,36.321130308424785,88.79509404769718,45.61407546576217,4.184130612679187,7.684956967530571,25.116224356121965,11.204905952302823,1.9320063931205087,149.86289144094098,13.533825102496717,1.7546797192810206,1.3157617911395008,143.47374061686557,50.85390769371733,22.231651523309885
1565.875,油水同层,7.264485661156929,56.93368699360808,35.80182734523499,64.82315597987602,35.17684402012398,90.62840539317828,45.17805488528178,4.1441349087233865,7.611497199602911,25.805249413302256,9.37159460682172,2.0581680308786323,144.2326514697709,13.732894377274306,1.7493494556540248,1.3045077215730152,150.9696204775959,50.70662406612354,21.91994846872644
1566.0,油水同层,7.39918136431184,55.9101544011356,36.690664234552564,62.97422916311237,37.02577083688763,89.1739594691365,44.36586066282105,4.069633196807952,7.474660541506603,26.199730306024126,10.826040530863501,2.1907446640572923,146.68941689020207,13.911242920973052,1.748145134616839,1.2970359122632513,136.71773343803886,50.70987978106352,21.908613723949227
1566.125,油水同层,7.292854366401517,56.6264602414674,36.08068539213109,62.280522511984714,37.719477488015286,88.72415273559857,44.934264120914165,4.121772241282178,7.570423879271059,26.443630223613862,11.275847264401428,2.05194633888778,141.94381860819843,13.894846823536591,1.7552415745730512,1.2981153588557404,144.90209540708054,51.25617590131866,22.146841693659447
1566.25,油水同层,7.293010088464046,57.658220405719206,35.04876950581674,62.968879155806455,37.031120844193545,88.91395598684059,45.75298709127525,4.196872828296438,7.708360486147514,25.945076831034143,11.086044013159402,1.920669979073296,145.17268104775712,13.927270817024134,1.7692066464170937,1.3036096408422906,141.62890641235126,51.17604870596683,22.095326449707905
1566.375,油水同层,7.1653622480003465,56.90015912268984,35.934478629309815,62.647635802779845,37.352364197220155,88.80533388358675,45.15144982819667,4.141694455142661,7.6070148393505095,26.157698080806913,11.194666116413243,2.0471773470680548,154.4894504874152,13.810586609008613,1.7915494777695666,1.319661476088949,142.77816643347828,50.2077017287929,21.99321945270288
1566.5,油水同层,7.329186683380614,57.357281688100336,35.313531628519044,62.21305354536781,37.78694645463219,88.18277571802288,45.51418601199124,4.174967859359316,7.668127816749778,25.969722172655075,11.817224281977111,1.8893962686109098,140.69110553314843,13.804173561039352,1.7828868213012514,1.315876363780842,138.66634574173324,51.088077033747915,21.975220734032803
1566.625,油水同层,7.519074318945498,56.40282744232545,36.078098238729055,63.3095728896403,36.6904271103597,89.63318248539755,44.75680688237421,4.105494277591477,7.54052628235977,26.323609595757258,10.366817514602445,2.122891919768207,141.05098141855527,13.90299913875281,1.7517756976936092,1.2932838485571931,140.85140796017342,50.098415360727344,21.875284301220667
1566.75,油水同层,7.316319603878303,56.19657050711715,36.48710988900455,65.0028668735072,34.9971331264928,91.70190878082462,44.59313775024235,4.090481082232129,7.512951674642674,26.69904190731743,8.298091219175374,2.0779562809780967,154.65499446631074,13.967438140863788,1.7238713804039478,1.2768351286594513,142.37152799405666,50.56568711365573,22.150526660092254
1566.875,油水同层,7.2513629932286525,55.838202227463384,36.91043477930796,65.04387947083256,34.956120529167436,91.06608906404846,44.308765129000385,4.064395884235747,7.465041214227256,26.022209593215894,8.93391093595154,2.0140272821084806,160.32328140974784,14.018710656517221,1.6943161231331487,1.256084521365251,128.64585123437425,51.23532203667075,21.948071302009104
1567.0,油水同层,7.097659084130645,56.53043866780651,36.371902248062845,64.88353857963467,35.11646142036533,91.57001091090409,44.85806902177171,4.114782945903444,7.557586700131347,26.686472331269417,8.429989089095912,2.2014440816724483,155.72550142262193,13.968491975520966,1.6972366981637022,1.2570764324656072,143.4267076721557,51.752813525317336,22.12650122995037
1567.125,油水同层,7.190014651159063,57.08262353998419,35.72736180885674,63.80350477228552,36.19649522771448,90.48196783974556,45.296239106643725,4.154975821610185,7.631408611730278,26.678463067460033,9.518032160254442,2.1903022917575083,156.10909490718848,13.884491589493692,1.706388174162138,1.2648990933147046,132.25393091273054,50.65787273346373,22.09816623355516
1567.25,油水同层,7.345378953688495,57.08159969600612,35.57302135030538,65.18224305006818,34.81775694993182,91.70083219738056,45.295426665330375,4.154901297232884,7.6312717334428655,26.518589147312387,8.299167802619433,2.2853576715761497,125.20744453562358,13.661722861860142,1.7321048775407117,1.285038265510481,141.57371587115773,49.97272777350395,22.148212385501978
1567.375,油水同层,7.3291226236875024,58.1528157644035,34.518061611909,65.31246655933766,34.687533440662335,91.30632932054232,46.145458709408,4.232873832268766,7.774483222726733,25.993862761204646,8.693670679457687,2.111590124606559,157.1799815132361,13.450428736140289,1.7527679068259074,1.3025437391815218,133.22203163546203,50.81905701537102,21.987263407549896
1567.5,油水同层,7.111779645565562,58.715851282627106,34.17236907180733,65.73458956245581,34.2654104375442,92.23743445357404,46.59223900571175,4.27385651350955,7.849755763405808,26.502844891118244,7.762565546425959,2.0590058491264505,142.2617756901219,13.280430658792532,1.7670225518255727,1.3132203073253548,128.82680127212313,51.65425779049525,21.992806242189413
1567.625,油水同层,7.261041392565428,58.68746961427988,34.0514889931547,64.68352616130029,35.3164738386997,91.8096117875966,46.56971756650703,4.271790645852343,7.845961401920501,27.126085626296288,8.190388212403409,2.0947064775801603,150.68690182239868,13.206509562490787,1.7878913276462256,1.3229151828366876,142.66864742719025,50.56802784659648,21.7866465428995
1567.75,油水同层,7.392591330205114,57.91469762574318,34.692711044051705,63.65506689510486,36.34493310489514,91.17689209293798,45.956507055200454,4.215541498058033,7.742649072484699,27.52182519783311,8.823107907062022,1.9688137614775927,146.87980541969478,13.180172341720796,1.8074502753254829,1.32909087469894,133.30694730670237,50.39238356152602,21.923436590585702
1567.875,油水同层,7.557854898194044,58.359874859308704,34.082270242497245,63.101819360494105,36.898180639505895,90.5694059369548,46.30976437180387,4.247945415872014,7.802165071632815,27.467586576460683,9.430594063045206,1.9489553841282832,147.05117403322205,13.265162120838843,1.815754529314873,1.3304949587325305,149.8799206146708,50.17364731474363,22.216665313966764
1568.0,油水同层,7.7395510878983265,57.60211763046313,34.65833128163855,63.03882976791466,36.96117023208534,90.05791967366291,45.70846838199123,4.192789174458226,7.700860074013669,27.01908990574825,9.942080326337088,1.9586517979426166,147.49278900896007,13.35469377040917,1.826911047020129,1.3354931561379053,141.20491144145146,50.12705701991876,21.996651964626615
1568.125,油水同层,7.874669497356926,57.659970403109085,34.465360099533996,61.80764801396433,38.19235198603567,88.86013435845143,45.75437575029777,4.19700020851115,7.7085944443001635,27.052486344487107,11.139865641548564,1.8935333713664935,151.97872635584292,13.386581538898112,1.8232196642894334,1.3328127675383974,129.61012646355633,51.25212695257728,22.295213068921687
1568.25,油水同层,7.766607558987074,57.29978390205779,34.93360853895514,63.3806342157188,36.6193657842812,91.00872285696713,45.4685603328761,4.170782664356224,7.660440904825464,27.628088641248333,8.991277143032871,1.9411428246187452,163.18283482265602,13.537453691323101,1.7971788689762411,1.3140755429514792,138.26372450427624,51.12273417654428,22.247121844960212
1568.375,油水同层,7.989709647442019,56.29229947108891,35.717990881469056,63.46260778189705,36.53739221810295,91.25687376639313,44.6691006575614,4.097449078901937,7.525749734625577,27.794265984496086,8.74312623360687,1.8955589334021,150.46252204147436,13.67195241381626,1.763943111626825,1.2890508814229034,131.27164916143303,50.993687821911834,22.26884597337486
1568.5,油水同层,7.808368517837136,55.72263089540748,36.46900058675539,64.66386670021454,35.33613329978545,92.62355870972182,44.21705689335822,4.0559835853506545,7.4495904166986024,27.959692009507275,7.37644129027818,1.961879989064561,158.12816870186734,13.884028077040316,1.7138662562885378,1.250959424607642,146.7653483185965,51.502641566094134,22.353275684386375
1568.625,油水同层,8.018018038348291,54.6973392812545,37.284642680397205,64.03164443492203,35.96835556507797,92.63501825728048,43.40346685091423,3.9813538363531977,7.31251859398707,28.603373822358446,7.364981742719523,2.0416203654009117,162.87410426014912,14.133604209429711,1.6850121374883662,1.2256095250551522,137.20940123117848,50.86682333716766,22.147705986205498
1568.75,油水同层,7.812040694707314,54.491764258158604,37.696195047134076,62.877385272758744,37.122614727241256,91.51999155673238,43.24033883010799,3.9663902765600487,7.2850351514905665,28.642606283973638,8.480008443267618,2.0294271898342293,150.4925154003181,14.269526473273075,1.6865289406693338,1.21891838809778,154.40735108377768,51.73823758178919,22.15615289249758
1568.875,油水同层,7.849252359666241,55.11219761393691,37.03855002639686,61.19891705372997,38.80108294627003,90.03178281046334,43.73266549434034,4.011550877673163,7.367981241923406,28.832865756733362,9.968217189536666,2.0938618064018235,156.31458560815585,14.354350934240436,1.6940470950502555,1.219118179404154,149.66647601386154,52.05061463805879,22.039092575864256
1569.0,油水同层,8.050076545748762,54.87544758872656,37.07447586552469,62.29586752388235,37.70413247611765,90.85021757081444,43.54479946637264,3.9943181268023915,7.336329995551523,28.554350046932083,9.14978242918556,1.9064944430246678,166.11011177851967,14.331288719791042,1.6954274019342601,1.2204863888995519,149.4113153137663,51.88143299628304,21.980655123158602
1569.125,油水同层,8.163267454906018,54.81283729634674,37.023895248747245,64.10347373517084,35.89652626482916,92.73559946907996,43.49511690803356,3.989760798584289,7.327959589728891,28.63212573390912,7.264400530920046,2.1649795320229694,170.10587065992925,14.312365653111414,1.6881414398175565,1.2203043691507862,134.34788248471818,49.90026762798174,22.118998258629652
1569.25,油水同层,8.028883951318404,54.47032099905724,37.50079504962435,64.08934338180137,35.91065661819863,91.88069845298564,43.22332316174438,3.9648294474043904,7.28216838990847,27.791355071184277,8.119301547014357,2.0446716554624267,151.77541308641952,14.267600011036212,1.6789265095463555,1.221869822284637,150.2343870340731,51.25615406754877,22.21254820483596
1569.375,油水同层,8.097149073268268,55.33269294525305,36.57015798147867,63.03774674555953,36.96225325444047,90.52677088417933,43.90763308745032,4.02760046883736,7.397459388965368,27.489024138619794,9.473229115820669,1.9721636085008434,149.0277569928726,14.285961842959322,1.6849695150771882,1.2301912657795675,133.45197415347752,51.57403204163403,22.08013440809149
1569.5,油水同层,8.110277523742603,54.95456978833664,36.93515268792076,61.60013350275313,38.39986649724687,88.70099075511789,43.60758456365661,4.000077336977835,7.346907887702193,27.10085725236475,11.299009244882118,1.9731180843022589,147.2040167019594,14.263163108790177,1.711145080970798,1.251131475588637,151.10284478170337,50.63911568467692,21.965757314406634
1569.625,油水同层,7.992592716475404,55.7996567534897,36.20775053003489,61.811088537641126,38.188911462358874,88.70096847191431,44.27817850040284,4.061590205336266,7.459888047750598,26.889879934273193,11.29903152808569,2.0115829648911023,150.79524244121424,14.255628752231624,1.7267398617782335,1.26352833719942,147.4945414645622,51.12388411247602,22.06194783193075
1569.75,油水同层,8.034418795825479,54.93438399898529,37.03119720518922,62.51562152799012,37.48437847200988,89.29593434595608,43.59156672347492,3.9986080375396935,7.344209237970681,26.780312817965967,10.704065654043916,1.888569751601296,153.509321988064,14.350159490354745,1.7100923952467535,1.253837681588103,140.17640651845906,50.877782452726095,21.90917541083412
1569.875,油水同层,8.150650005579136,54.226496849948916,37.622853144471954,63.74403626971853,36.25596373028147,90.80931514202962,43.02984367056001,3.9470817795250372,7.249571399863862,27.065278872311083,9.190684857970389,2.044676729257392,163.13321295322197,14.360499430286062,1.6889821438787729,1.2417483968835117,149.0572619700426,49.96739130251771,22.291718208795853
1570.0,油水同层,8.279693411071346,54.3508877838935,37.36941880503516,63.82373819305576,36.17626180694424,91.08098265339828,43.128550442204904,3.9561360466717677,7.266201295016825,27.257244460342527,8.91901734660172,2.205996116666478,159.70766340375525,14.374446044230822,1.6769387303455252,1.234766676576839,144.0642304651688,51.43297059908543,22.007403445365473
1570.125,油水同层,8.508416656772685,55.095093294507194,36.396490048720125,62.688135414950985,37.311864585049015,89.80856050664494,43.719092864096694,4.010305874741127,7.365694555669366,27.12042509169396,10.191439493355059,2.1080963292565995,165.04315217431105,14.35332637442983,1.6820260803852474,1.2347923451950074,150.89060879720287,51.35728730948556,22.09878795714577
1570.25,油水同层,8.379780778706584,54.850490512597084,36.769728708696334,61.86840832758907,38.13159167241093,89.6475222603373,43.52499551172484,3.9925015311124015,7.332993469759841,27.779113932748228,10.352477739662703,1.8965109444742383,153.02651478285034,14.244935048183393,1.6981879504930388,1.2436448799852107,131.39835395138286,51.441322395851564,21.994374230198517
1570.375,油水同层,8.481716994175057,55.127137974954096,36.39114503087084,63.01078629411655,36.98921370588345,90.8994759390809,43.744520978952046,4.012638368663291,7.369978627338764,27.888689644964355,9.100524060919103,2.053420507544053,148.23366193465426,14.082092890474431,1.7297955212764728,1.2616128911101132,145.61990579910966,52.51449046260883,21.96497165331129
1570.5,油水同层,8.704219437152307,55.90109346582317,35.39468709702452,62.0626806496659,37.9373193503341,90.34206766513455,44.35867062376907,4.068973662175351,7.47344917987875,28.279387015468643,9.65793233486545,2.0638704552820815,164.6210582635558,13.95716472529957,1.756456190519128,1.2740335271657546,146.9133490688006,51.25325632581216,21.962658770164936
1570.625,油水同层,8.900256409174762,56.17738045471048,34.92236313611476,61.04722010848618,38.95277989151382,89.65011383895506,44.577910047863305,4.08908426129398,7.510386145553194,28.602893730468885,10.34988616104493,1.8131727963996895,162.18810501046553,13.759274089447983,1.7717658652071806,1.2879364249464773,142.00183300315098,50.36247569817232,22.203447948263154
1570.75,油水同层,8.807381813119083,56.51624486542808,34.676373321452836,62.759178957229445,37.240821042770555,90.57094861468013,44.84680594683762,4.113749796022768,7.555689122567691,27.81176965745069,9.429051385319864,2.05878448285242,154.08418595352353,13.546866377276142,1.8074044047667561,1.3145302525413627,142.49142596800274,50.363310995995604,21.917019350357027
1570.875,油水同层,9.02639424676923,57.21211147374734,33.761494279483436,61.95058999698274,38.04941000301726,89.66222305781406,45.39899045277014,4.164401093270995,7.6487199277062015,27.711633060831314,10.33777694218594,1.951106510499687,160.22973109824667,13.36685938501541,1.8382714434481802,1.3422007712711326,138.13467262102128,50.14448071676881,21.943939546081705
1571.0,油水同层,9.108353899428954,57.84032259698465,33.051323503586396,61.547635525445656,38.452364474554344,88.58748072846001,45.89748893589747,4.210127828765016,7.732705832322161,27.039845203014355,11.412519271539988,1.9919919161551967,143.66687386993837,13.270308810001007,1.861390229176011,1.3612427081287557,153.03319105109148,50.15953024081505,22.25745205333387
1571.125,油水同层,9.008441935204047,57.42503644054315,33.56652162425279,60.258881764526585,39.741118235473415,87.96811675828641,45.567950805494675,4.179899646665866,7.677185988382615,27.70923499375983,12.031883241713581,1.9031026233670354,169.11506037091576,13.257898107522909,1.8685816088126064,1.3637516033522024,134.4780450658557,50.33036317733381,21.993688132360734
1571.25,油水同层,9.051791957826477,56.5131075326857,34.43510050948781,61.930979900403806,38.069020099596194,90.27743851752501,44.844316408599134,4.113521433328825,7.555269690757744,28.34645861712121,9.72256148247499,2.049728640430759,162.5912900985428,13.188138497624736,1.8653192322670873,1.3582844604703554,130.47286356250697,49.38332578139957,21.86692711610684
1571.375,油水同层,8.954189276933558,57.60971446402643,33.43609625904002,63.027249715444164,36.972750284555836,92.08804195245781,45.714496626108215,4.193342138877498,7.701875699040716,29.060792237013644,7.911958047542189,1.8014824382749068,151.12608919682359,13.183026569332466,1.835601380397714,1.3317206628851452,143.2643930581648,51.1650123366426,22.01550825135037
1571.5,油水同层,8.7019624748658,57.336535441150936,33.96150208398326,64.37033536416195,35.629664635838054,93.79291107806469,45.49772343714608,4.173457764883656,7.665354239121205,29.422575713902738,6.207088921935311,2.0056207916179773,154.97102270454354,13.107704665870566,1.7991857642517146,1.3064900074137806,141.06022904102917,50.79089808888335,22.059447668231424
1571.625,油水同层,8.797639673447541,57.3371098817657,33.865250444786746,64.79774947665135,35.20225052334865,94.30642586051302,45.498179267621715,4.173499577728219,7.665431036415771,29.50867638386167,5.69357413948699,1.7069331840882782,156.8369568523521,13.051187015746715,1.791229316054965,1.2960725210383055,149.54682421355096,49.477231292711494,22.014067780100884
1571.75,油水同层,8.552050870141066,56.968835149771415,34.47911398008752,63.48204931020906,36.51795068979094,93.6017142869559,45.20594567212722,4.146693300927111,7.616196176717084,30.119664976746837,6.398285713044105,2.080723654081898,169.46073501781763,13.008722517239166,1.7794897008213644,1.2852829651555635,152.29693685763144,50.59187783682539,21.971363627994
1571.875,油水同层,8.503529553388418,57.92079812434403,33.57567232226755,64.90454891853581,35.09545108146419,95.24788121110504,45.96134792666285,4.215985546046972,7.743464651634205,30.34333229256922,4.752118788894966,1.8830029526668566,153.21996948842443,13.008210751228516,1.777841642393136,1.2814036517392793,149.75545296763357,51.143148790518794,21.77272375328324
1572.0,油水同层,8.389026036508794,57.45779232668839,34.15318163680281,64.61362728093643,35.38637271906357,94.71497263997742,45.59394327674025,4.182283908399274,7.681565141548877,30.101345359040995,5.285027360022587,2.038745584006469,153.76642277425574,12.917192393562262,1.7836678479835502,1.2814404066655545,139.37433231725737,50.7243564051556,22.175411459608323
1572.125,油水同层,8.148049268535054,58.53867159867886,33.313279132786086,65.71611759081459,34.28388240918541,96.47231184628147,46.45164327217232,4.2609598164547995,7.826068510051744,30.756194255466873,3.5276881537185334,1.9016406252424976,159.22691247069318,12.780996373503584,1.7927430097654846,1.2852549142280414,136.16186874221881,50.37332819369249,21.896597446400126
1572.25,油水同层,8.178793978509121,58.415542866694125,33.40566315479674,64.54044766180921,35.45955233819079,95.78311304503728,46.35393808381545,4.251997423477474,7.809607359401202,31.24266538322808,4.2168869549627175,2.017651272499501,147.08040207245676,12.733736358410845,1.7983454839077748,1.2864513271325797,123.13648189284363,50.447839961797975,22.23541232370149
1572.375,油水同层,8.311196316147097,58.467628582760334,33.22117510109257,64.98057798741122,35.01942201258878,96.08000331740746,46.39526917378056,4.255788680386939,7.816570728592833,31.099425329996233,3.9199966825925414,1.998783388809713,147.52846230980643,12.558309978372705,1.8122223253989724,1.293160930953029,147.83675152721096,49.763351647221235,21.975275964382185
1572.5,油水同层,8.516841522926281,58.87827982797007,32.60487864910366,65.34645220941964,34.65354779058036,96.97166750927195,46.72112940652603,4.285679492846977,7.8714709285970645,31.625215299852314,3.0283324907280473,2.036202536786628,150.4270891982433,12.547316697765265,1.8085258892288132,1.2904068440907026,141.1535528298678,49.800546188246045,22.072821610249168
1572.625,油水同层,8.687005624502337,58.08331163776991,33.22968273772775,65.7796755918945,34.2203244081055,97.02097932191384,46.09030575140339,4.22781471010942,7.765191176257094,31.24130373001935,2.979020678086153,2.085570387917535,157.36805604565942,12.486083509070028,1.7968688046491346,1.2868052957308378,148.59854197504367,48.35718339743427,22.727763214652544
1572.75,油水同层,8.835738636547276,58.205924096069715,32.95833726738301,66.26864619975548,33.73135380024452,97.50964535963452,46.18760126594314,4.2367395241433625,7.781583305983214,31.240999159879046,2.4903546403654775,2.1696931035910696,170.97871266572974,12.399883057636606,1.7972241054254219,1.2930408077362268,130.92923399465442,50.67787840553707,22.432012765111146
1572.875,油水同层,8.864607170055715,58.85496190925068,32.280430920693604,66.04124946686946,33.95875053313054,96.39556463295942,46.70262615709071,4.283982209462279,7.868353542697692,30.354315166089958,3.6044353670405815,1.8030904059309636,153.0395014706422,12.411479769348926,1.801636862943239,1.2976288409084833,135.1502336086922,48.83149456323449,22.71367173183519
1573.0,油水同层,8.677455948876384,58.81361536305667,32.50892868806694,64.7280824587285,35.271917541271506,95.72955531588893,46.669816819914296,4.280972643869645,7.86282589927273,31.00147285716044,4.270444684111063,2.021234539883857,156.96805152295286,12.271618670391272,1.8213578589864956,1.3133961101032499,141.856055565383,50.54460340447436,22.311229053640673
1573.125,油水同层,8.649201874375901,59.656772366025315,31.694025759598794,65.94592626769649,34.0540737323035,96.85719155902913,47.338879291861765,4.342345032591444,7.975548041572106,30.911265291332633,3.142808440970868,1.9121859710989995,157.82090499558885,12.160269582150029,1.8591407461775158,1.3396605571788718,135.71405771317697,48.86859273587285,21.954466343896044
1573.25,油水同层,8.782989096021824,59.916454516889296,31.30055638708888,64.26977585963736,35.730224140362644,94.78590056800516,47.544942434510126,4.361246985431572,8.010265096947593,30.516124708367805,5.214099431994845,2.013940884863686,146.35746532937785,12.047793273351363,1.9084389815885614,1.3706269244420293,127.7490573516009,49.25151698181097,21.964697307248166
1573.375,油水同层,8.864541294593943,60.6308390583534,30.50461964705266,62.95611750903115,37.04388249096885,93.08926651986522,48.11182130232499,4.413246180861619,8.105771575166793,30.13314901083407,6.910733480134779,2.1109620281409853,149.86816364501604,11.976192785790248,1.9429511865113198,1.39585975778005,121.67498691974603,49.58458599474267,22.091486566268028
1573.5,油水同层,8.669924566507257,60.12170852529732,31.208366908195412,62.68185027036064,37.31814972963936,92.52946250781402,47.70781572354063,4.376187178949947,8.037705622806751,29.84761223745338,7.47053749218598,2.1043753288552853,156.4184297537064,11.916591306862859,1.9891054879393741,1.4265054547284328,115.07628923460379,49.34963657990748,21.975214188293407
1573.625,油水同层,8.8669991488505,60.843297165030684,30.28970368611882,62.466215170417335,37.533784829582665,92.49354407806041,48.28041119191649,4.428710752067441,8.134175221046755,30.027328907643064,7.506455921939592,2.0187072054415443,139.17610701226505,11.851484769991792,2.032822588550584,1.4569214426343864,136.58638480107945,48.62725124905798,22.045431415002664
1573.75,油水同层,9.039709932208027,61.07553074424068,29.884759323551286,61.354414531653376,38.645585468346624,90.86120444818344,48.464693326831316,4.445614756241454,8.165222661167912,29.506789916530064,9.138795551816559,2.1254988413077647,142.83258064962087,11.78581354473899,2.0517672934108147,1.4760299458852046,129.38375259023817,49.386148076352654,21.973934869290606
1573.875,油水同层,8.990505914901949,61.54320695316409,29.46628713193397,62.56183970871718,37.43816029128282,91.2976784321454,48.83580404442201,4.479656347533381,8.22774656120869,28.73583872342822,8.702321567854598,1.9417714522487115,144.52161290081068,11.660120636298112,2.08726405652152,1.5043697645532412,125.45516033798202,50.143306324751755,21.891450017710326
1574.0,油水同层,8.972425504922485,61.59397056428808,29.43360393078943,61.53448244457857,38.46551755542143,90.42096247955772,48.8760860168471,4.483351370007078,8.234533177433907,28.88648003497913,9.579037520442292,2.1289160222610137,153.78266593616738,11.544867014065176,2.12829855108146,1.5329418885718664,125.10931504363863,50.247431309433665,22.08281383880931
1574.125,油水同层,9.13117910654582,62.24538185971027,28.623439033743907,60.751462687727134,39.248537312272866,90.36129594354964,49.392994315106094,4.530766818256528,8.32162072634765,29.609833255822505,9.638704056450365,2.086607783585957,162.45391996323016,11.424368508480477,2.151867536068638,1.5477828707804966,119.68337673645898,48.9117276031845,22.280181415635713
1574.25,油水同层,9.258675776227015,62.16955711273657,28.57176711103641,61.02259901361795,38.97740098638205,91.0863014929405,49.332825814498975,4.525247625710398,8.311483672527197,30.06370247932256,8.913698507059486,1.8878713868511847,152.98151544120466,11.347657619014978,2.17037976690251,1.5569898069135966,137.11921350070318,48.24875008708761,22.032514548882293
1574.375,油水同层,9.340045310114958,62.07403508012981,28.585919609755233,61.776530694909795,38.223469305090205,91.44009985240635,49.257027111486,4.518294691326887,8.298713277316919,29.66356915749655,8.559900147593657,2.001916094673777,155.71709193376122,11.161883908872236,2.1827690841997396,1.5648385115851784,127.93848922030725,49.29171598141848,21.927631038156406
1574.5,油水同层,9.287887531658482,62.871311337364645,27.840801130976878,62.93517089596167,37.06482910403833,93.19279236136482,49.88968226540448,4.576327475500414,8.405301596459752,30.25762146540316,6.807207638635171,1.9358400969949738,129.4837427032965,11.097819180399283,2.177879492949596,1.5577912388143655,132.38326563396006,48.560486943632014,21.97400595019229
1574.625,油水同层,9.217315190104433,62.4427112599185,28.339973549977078,61.73528282020929,38.26471717979071,92.81295613014775,49.5495792640852,4.54513018903229,8.348001806801001,31.077673309938458,7.18704386985225,2.189918200077253,144.6798768073662,11.117340495129657,2.186110680673323,1.5565147320896013,125.61504472154168,49.027437658956586,22.13434840573215
1574.75,油水同层,9.029767958686563,62.167360659266336,28.80287138204711,59.96296479021592,40.03703520978408,90.90509549612119,49.331082883368545,4.525087748492146,8.311190027405646,30.942130705905267,9.094904503878809,2.0160654454255904,136.83686408822825,11.126541342155127,2.2009474220915326,1.554193850263181,123.69391150759513,48.29181317731177,21.961154169839737
1574.875,油水同层,9.151142178254904,62.08759168390198,28.761266137843123,60.060652511974844,39.939347488025156,91.64203638240637,49.26778455618383,4.519281460283942,8.300525667434206,31.581383870431534,8.357963617593622,2.0146668051202004,147.14861233600757,11.306722556329541,2.195282481868902,1.5407358843015297,135.08167579539267,50.07331568612848,22.039180544433616
1575.0,油水同层,8.890648375970777,61.54401114219231,29.56534048183691,60.62751636023429,39.37248363976571,91.45065292531177,48.83644218500229,4.479714883489878,8.227854073700145,30.82313656507748,8.54934707468823,2.0697525249477247,153.6750320856973,11.413466857407178,2.170602494871694,1.5280895396481093,128.34944255961526,48.938493263291356,22.14113120454377
1575.125,油水同层,9.124539851229796,61.41651186787923,29.458948280890972,62.42075265582293,37.57924734417707,92.51235702282641,48.73526888116555,4.470434363969387,8.210808622744295,30.091604367003484,7.487642977173592,1.9658496244482628,161.23295122506138,11.423502944016104,2.1333774330131066,1.5117076579179622,134.73701580088093,48.443135116564484,22.129953260642516
1575.25,油水同层,9.17124521166948,61.54265323396191,29.286101554368614,62.981174662190064,37.018825337809936,93.23576565782373,48.83536465681464,4.479616042975631,8.227672534171637,30.254590995633666,6.764234342176268,1.9749707465968362,143.41087991231976,11.411073760950014,2.0996968676158403,1.50322311829081,122.18075271144137,49.31010772056129,22.03320426422319
1575.375,油水同层,9.076025436230537,62.000007716175865,28.92396684759359,63.572170726197875,36.427829273802125,93.27052295821223,49.19828487137604,4.512906328138732,8.28881651666109,29.698352232014358,6.729477041787768,1.721080941735009,149.30611323051693,11.396045150612917,2.0861139623306744,1.5040545893408361,131.12809346886348,49.267150308496504,22.21516819316989
1575.5,油水同层,9.131446601538403,61.49394408511333,29.374609313348266,62.243288493396555,37.756711506603445,91.5854825403813,48.79671294257833,4.476070562351123,8.221160580183875,29.34219404698476,8.414517459618686,1.9888449676272228,149.96339738175095,11.345827338169645,2.0874806723975237,1.5070315443444078,119.69431188328971,48.32681240024162,22.11646160126711
1575.625,油水同层,8.988807495152788,61.957286074506044,29.05390643034117,63.22153918349079,36.77846081650921,93.16616356099875,49.164384367578265,4.509796670992836,8.283105035934948,29.94462437750796,6.83383643900124,2.0083008671037077,154.85543064635516,11.386613963755655,2.081460378372905,1.502593683875316,120.08343369742622,48.24777459842744,22.12190768666839
1575.75,油水同层,8.72858953298177,61.46888824294088,29.802522224077354,63.20563291819713,36.79436708180287,93.2217541865565,48.77683061503838,4.474246777599119,8.217810850303378,30.01612126835936,6.778245813443506,1.9938163722393882,153.0866982174856,11.484520502230827,2.070522025878197,1.4905486800503647,132.26999860354735,50.02380107506384,22.08830761283589
1575.875,油水同层,8.870134116615066,61.126141115971556,30.003724767413374,62.98712960053886,37.01287039946114,93.18309855710068,48.504853700637405,4.449298624603202,8.171988790730952,30.195968956561813,6.816901442899326,2.022185144019893,120.40113001044928,11.439581662018087,2.050615961729525,1.4797988479007498,120.37024352481211,49.524892390086535,22.125967618591467
1576.0,油水同层,9.09429015818353,61.53525489830838,29.37045494350809,64.66897363153731,35.33102636846268,94.31848190886967,48.829493924883074,4.479077526981547,8.226683446443754,29.64950827733236,5.681518091130322,2.080812778897653,153.5770592793391,11.537307582841088,2.0297207893474036,1.466714848845914,124.28549867541481,48.754520380409716,22.333268529832573
1576.125,油水同层,9.173908271370133,60.75243755047488,30.073654178154978,63.492392711841916,36.507607288158084,93.14428186266514,48.208312213789206,4.422097189511478,8.122028147174197,29.65188915082323,6.855718137334854,1.951854764564624,151.08966123954838,11.579029482028584,2.0069315504550715,1.4553692041586106,134.93989440630142,50.20597772503236,22.31199004383242
1576.25,油水同层,9.019288402409478,60.61690856833639,30.36380302925413,64.57356076337813,35.426439236621874,94.15895738138175,48.100767171180486,4.412232197172462,8.103909199983445,29.585396618003635,5.841042618618242,1.978220792545059,146.26746140483442,11.525719870858111,1.9860775686919045,1.4514579385187658,134.4069310359746,49.59789886424156,22.37302948869715
1576.375,油水同层,8.825148248272473,61.42788713773153,29.746964613995992,66.1666238001391,33.8333761998609,95.03632197037358,48.744295392408006,4.471262356242158,8.212329389081367,28.86969817023447,4.963678029626428,2.0319407499287534,148.95592402094,11.537592743351958,1.96150566625107,1.4386936836964208,133.576047812893,49.39373770557506,22.53197172506955
1576.5,油水同层,8.838241513528486,61.27864608543646,29.88311240103505,67.13292334421128,32.86707665578872,96.36077359969732,48.62586953931894,4.460399278734108,8.192377267383415,29.227850255486036,3.6392264003026753,1.927820965806676,144.9190383688315,11.560844365258188,1.9403107609964987,1.429019077155694,133.96002600160102,48.46068087811685,22.00904081995255
1576.625,油水同层,8.778964979308418,60.60670306838129,30.61433195231029,65.61425608923737,34.38574391076262,94.45609146243474,48.09266889647794,4.411489351049926,8.102544820853428,28.841835373197373,5.543908537565256,2.0460483051672713,142.71827492717455,11.585498533279605,1.9279706452354788,1.42349584030644,122.73263499707197,48.33639056946143,22.06005614309485
1576.75,油水同层,8.645066540682711,60.56968365635693,30.78524980296035,65.81577561182407,34.184224388175934,94.74749299777174,48.06329322951217,4.408794752372559,8.0975956744722,28.931717385947675,5.252507002228257,2.1110750976689285,144.6856247168791,11.650414906571202,1.926519097570952,1.4218202200362735,132.22756928748547,49.2826911640553,22.07230838087147
1576.875,油水同层,8.541576995918195,61.13896066929592,30.319462334785886,65.5497618856745,34.4502381143255,94.00186347549877,48.515026280603244,4.450231744540642,8.173702644152028,28.452101589824263,5.998136524501241,2.0109657533723575,134.36532559972005,11.760288467738656,1.9205918384327438,1.416775672199727,122.94388063401783,48.92926771014169,22.01880047084971
1577.0,油水同层,8.655635981446258,60.489950804680625,30.854413213873116,66.20135334754369,33.79864665245631,94.93201957978206,48.000023567218975,4.402991093564357,8.086936143897294,28.730666232238377,5.067980420217932,2.1182310042776433,154.05597868574625,11.845066182379494,1.8971813157998259,1.4046756668135325,140.0812191644062,50.001180627908695,21.913694201693342
1577.125,油水同层,8.90994216685621,59.52244087682645,31.567616956317334,66.7791126116154,33.220887388384604,94.78666052657726,47.23228448459891,4.332567204329727,7.9575891878978195,28.007547914961865,5.213339473422729,2.0104170496483684,155.4128861835745,11.851386329641043,1.8844073761787274,1.398340045815121,123.23099625425316,50.22977716228175,21.811603449580254
1577.25,油水同层,8.69305248196343,60.29363668793827,31.013310830098305,67.05066856583902,32.949331434160975,95.75162104006426,47.84424426661022,4.388701624056463,8.060690797271587,28.700952474225254,4.248378959935728,1.8999727251298815,152.79385255807196,11.902075318345425,1.8669478804868094,1.3848581859786422,134.20612341827587,50.299707333356785,21.972737535969024
1577.375,油水同层,8.433734472399165,60.46254511751148,31.10372041008936,66.45622441153895,33.543775588461045,95.37237384147717,47.978276589208654,4.400996266408548,8.08327226189428,28.91614942993821,4.627626158522835,2.120024406950525,140.89439261165813,11.957424743972975,1.8435921586943098,1.372025210704442,129.91348476755704,48.59009299258254,22.288581482155255
1577.5,油水同层,8.479897436982238,59.836470639129544,31.68363192388821,68.06860313022949,31.931396869770513,96.21217910001538,47.48147357784231,4.355425054735314,7.999572006551922,28.143575969785882,3.7878208999846286,1.9843513852983803,158.5910030733405,11.942207367090491,1.8309139420759573,1.3611054352669467,133.46511214186387,50.03055244155754,22.20235990049936
1577.625,油水同层,8.464885316756504,59.64431748823311,31.890797195010386,68.55616297621589,31.443837023784116,97.41965982721676,47.32899608945211,4.3414384569493585,7.973882941831639,28.863496851000882,2.5803401727832354,2.1450124741277925,146.21117795431653,11.930978286644175,1.8069195085828014,1.3453554949095274,154.87889450575892,49.56369951262575,22.285743589015155
1577.75,油水同层,8.427756715709664,60.09463421052956,31.477609073760764,69.97860733473047,30.02139266526953,99.18786771532356,47.68633169636535,4.374216471994478,8.034086042169733,29.209260380593093,0.8121322846764367,1.858234564754853,148.08729884831635,11.95362789035692,1.7608581560009173,1.3199282663428427,122.28272448499138,50.1301314216889,22.18603561846784
1577.875,油水同层,8.5049723621522,59.42526382349189,32.06976381435591,71.31161600792922,28.688383992070776,99.85467343470529,47.155172488503666,4.325493802969022,7.944597532019204,28.543057426776063,0.14532656529471222,1.8630439224075774,159.99490186442634,11.883541254191131,1.7366236266420212,1.30815835236073,128.03683105431278,49.613872476342,22.111103422577546
1578.0,油水同层,8.651726775020943,59.81269145821817,31.535581766760888,71.8976346819251,28.102365318074906,99.99,47.46260430734413,4.353694196627939,7.996392954246101,28.0923653180749,0.009999999999998899,2.1011990648837706,148.80944271109726,11.796286311941621,1.723372757940171,1.3070476402722448,139.8306394966453,50.148704178731876,22.065598684794747
1578.125,油水同层,8.490216250680518,60.21593593452595,31.29384781479353,71.81829968669786,28.181700313302148,99.55717746722354,47.78258711620148,4.3830458792478355,8.050302939076639,27.73887778052569,0.44282253277645456,2.06189103333455,147.6085592063886,11.81299930870814,1.7030547693894902,1.3005755405133743,135.97983176936953,50.05366218608681,21.995000666622005
1578.25,油水同层,8.653233296691615,59.56453758314958,31.78222912015881,72.2872170488245,27.712782951175498,99.99,47.26568908930981,4.335631373179982,7.963217120659788,27.702782951175504,0.009999999999998899,1.8742160105099888,170.61528701705393,11.778108861497191,1.7001651735090015,1.3039051109420843,136.4906808632666,49.82705318843168,22.499713586451758
1578.375,油水同层,8.425154823465862,59.8579028001414,31.71694237639273,72.63957533441288,27.360424665587125,99.99,47.498480439643,4.356985076074325,8.002437284424081,27.35042466558712,0.009999999999998899,1.9435366196486377,152.51707010842526,11.80726253891375,1.6965260766572587,1.3020874406261171,137.2609672357547,50.22868327487615,22.6127633973565
1578.5,油水同层,8.235203926743559,59.90269018105921,31.86210589219724,72.39476794690745,27.605232053092543,99.99,47.534020150139874,4.360245095906742,8.00842493501259,27.595232053092545,0.009999999999998899,2.10481712304947,161.96280327785942,11.910244539975738,1.691689508002007,1.298284471844779,135.1359306087018,51.09495614642606,22.27276014736605
1578.625,油水同层,8.147014296705478,59.637988728988,32.21499697430652,71.14075188512584,28.85924811487416,98.24211297387455,47.323974088460616,4.340977794141423,7.973036846385958,27.10136108874871,1.7578870261254487,1.9277437633876708,155.63552649177853,11.980005135366977,1.7027090290472844,1.3046051693146827,131.19911202334814,49.83842996375756,22.347688803900212
1578.75,油水同层,7.958735475404274,59.85596171119306,32.18530281340266,70.59274567715713,29.407254322842867,97.5489790428098,47.496940145527574,4.35684378653387,8.002177779131614,26.956233365652672,2.4510209571901975,2.026430913719388,136.58186264025767,12.012420755573803,1.732696033577789,1.3230986909684415,138.4404442196692,49.59527889520797,21.83433294819202
1578.875,油水同层,8.117942113977733,60.46345402091659,31.418603865105666,68.93284290668838,31.067157093311614,95.74041263385178,47.97899782280672,4.401062424399163,8.083393773710714,26.807569727163393,4.259587366148221,2.068208717665858,155.65150930806527,12.04998393927231,1.769884071590334,1.3457607096217399,134.7101954465474,49.50955127848997,21.92544887508661
1579.0,油水同层,8.222907914475472,60.34437334500793,31.432718740516595,67.53921495914209,32.46078504085791,94.6550856953579,47.88450485043727,4.392394684576817,8.067473809993848,27.115870736215804,5.344914304642101,2.0383190045817225,144.1630227766096,12.094342297068913,1.7963232140855663,1.3604516653901229,114.04848049923265,50.11387871225816,21.996479799823597
1579.125,油水同层,8.030140140817203,59.85740160095136,32.11245825823143,67.41381437491968,32.58618562508032,94.36444532915384,47.49808272774848,4.356948594385376,8.002370278817509,26.950630954234157,5.635554670846165,2.0949557778739223,151.79069538072082,12.115009467174708,1.8205251451391637,1.3729046236517983,115.6136075247421,49.371722453061025,22.060032313288
1579.25,油水同层,8.128327804560358,59.94096425740497,31.930707938034665,67.212964639852,32.787035360147996,94.53449168488024,47.564391419122096,4.363031020097835,8.013541818185043,27.321527045028233,5.46550831511976,1.9988943750446282,150.5213072195293,12.290566390864374,1.8222722724015388,1.368437678788934,132.29215984515852,50.556079255149456,22.04891334978088
1579.375,油水同层,8.158598838266414,58.98645738473698,32.854943776996606,65.7903000191088,34.209699980891195,92.77335660400799,46.80697052897994,4.293553607681458,7.88593324807558,26.983056584899177,7.226643395992016,1.9888330001136767,165.25380999947097,12.38470336971584,1.8418004652689621,1.376849408752393,138.35936082187382,50.188131942825706,22.084108177998132
1579.5,油水同层,8.309133150375477,59.81801280739316,31.872854042231353,63.90161177118898,36.09838822881102,91.0431776007501,47.466826907667176,4.3540815312630565,7.997104368462929,27.14156582956112,8.956822399249898,1.9393204901853545,165.50492512208416,12.473155341750969,1.8450062855203597,1.376558534626081,121.07247101351702,50.61279674821526,22.0199624005478
1579.625,油水同层,8.336837076042045,58.94431862163342,32.718844302324534,65.42212600836883,34.57787399163117,92.43059153444437,46.77353255134634,4.290486377568511,7.880299692718565,27.008465526075536,7.569408465555627,2.1151380731709257,159.32038259104309,12.551125152664545,1.8495489672084378,1.3779787827523176,136.52164123157266,48.760573012045086,21.861762352063174
1579.75,油水同层,8.45077411625435,59.14911960751144,32.40010627623422,65.27931550933013,34.72068449066986,92.49063247777445,46.936046357655705,4.3053935961193375,7.907679653736395,27.211316968444304,7.509367522225552,2.0405790100205627,142.752840835111,12.524305006761681,1.8724695620784628,1.392237625358429,126.7851593280753,50.08983319029528,22.100407293990962
1579.875,油水同层,8.434062675085698,59.39441270969481,32.1715246152195,63.63145114930339,36.36854885069661,90.61010705791597,47.13069149340224,4.323248187334224,7.940473028958348,26.978655908612588,9.389892942084032,1.953441540332423,147.48730360240157,12.519378808519958,1.8715075795254856,1.3943393780871243,136.55440914187005,50.30661648014565,21.836948674568564
1580.0,油水同层,8.414673129560631,59.83485414198846,31.75047272845091,64.14093532346527,35.85906467653472,90.75208252912422,47.48019085402064,4.35530739184387,7.999355896123944,26.61114720565895,9.247917470875777,1.8279576615736255,160.67125482983744,12.422671504484413,1.9058178598119726,1.4167045591105123,134.40597083674243,48.473066842922215,22.097948199108693
1580.125,油水同层,8.33654801378417,60.30742920487236,31.356022781343462,63.42433752944178,36.57566247055822,90.40151317116563,47.85518891326774,4.389705564850112,8.062534726754516,26.977175641723854,9.598486828834375,2.2482436343845413,148.85220112246998,12.393131188421787,1.9484129125477012,1.4391414940523124,131.92238663540093,50.28220467671695,22.294458605877033
1580.25,油水同层,8.148939333357216,60.22659970036442,31.624460966278363,61.55417927546698,38.44582072453302,89.1185193549379,47.79104903433419,4.3838220819953335,8.051728584034887,27.564340079470917,10.881480645062103,2.2521708218819096,147.20872465984723,12.400073872843404,1.9656866354665674,1.4447096291971704,132.1600416968132,50.459966787907575,22.10932883331273
1580.375,油水同层,8.09261070970433,59.74848600216163,32.15890328813404,61.821598936681696,38.178401063318304,89.51141054160267,47.411655953727355,4.34902075835572,7.987809290078552,27.689811604920973,10.488589458397325,1.93031905504798,132.57456092769655,12.385679964938674,1.9959215302388458,1.45784912920527,143.57735141400258,49.646587356864174,22.09728687491828
1580.5,油水同层,8.081776652512723,60.54108992815442,31.377133419332846,61.4209012294249,38.5790987705751,88.80574133362546,48.04060351643856,4.40671344913239,8.093772962583476,27.38484010420057,11.194258666374534,2.23412955507992,140.43481274197887,12.504075037948102,2.0108641314305595,1.4612576556480574,117.31853075158475,49.954732149773605,21.835520440617145
1580.625,油水同层,7.971524498790929,59.76110468566163,32.267370815547444,60.29237540487278,39.70762459512722,87.33293649400133,47.42166913934463,4.349939257219149,7.989496289097847,27.040561089128555,12.667063505998666,2.0914568200864814,133.31670579910016,12.636741940588246,1.9988435456997666,1.4541718691460264,142.9651531054886,50.31976274324782,22.09969733106897
1580.75,油水同层,8.0657583893957,59.08240114491726,32.85184046568704,60.87914523350888,39.12085476649112,87.59045155983209,46.883103881520626,4.300537239110105,7.89876002428653,26.711306326323214,12.409548440167907,1.9891083487217978,138.50458060537875,12.75059359802719,2.0075666457124974,1.460296589855537,128.27400700149008,49.25299338783534,22.048624675175084
1580.875,油水同层,8.025211719411567,59.07882738104615,32.895960899542295,59.52437428419691,40.47562571580309,86.06966391315179,46.880268026180104,4.3002771091168475,7.898282245749198,26.545289628954873,13.930336086848216,1.950454152666344,137.60465707686112,12.892053720233141,1.991227166908844,1.4480250295491257,115.13947517566118,49.36270730589759,22.071439852747083
1581.0,油水同层,8.179635432589944,59.066445249284726,32.75391931812533,60.794042803187295,39.205957196812705,87.9717579269761,46.87044254924626,4.299375828571242,7.896626871467219,27.177715123788797,12.02824207302391,1.9360288847493357,154.04373734081247,12.840696271963607,1.989251913862846,1.4467391210319187,125.95659896331256,49.9484263111693,22.19917532086691
1581.125,油水同层,8.343735225894786,59.85513540974414,31.80112936436107,60.99562010892945,39.00437989107055,88.61632136747873,47.496284458285416,4.356783641040747,8.002067310417981,27.620701258549285,11.383678632521265,1.8201549733244087,147.22961428398315,12.808750919958893,1.9841426100352364,1.4420474794820493,135.6713661512335,50.830661690860794,22.136073793698408
1581.25,油水同层,8.314825015684349,59.02185209592453,32.66332288839112,61.59541306180662,38.40458693819338,89.07304640051456,46.83505696232229,4.296129946330192,7.890665187272049,27.47763333870794,10.926953599485445,2.077097592451885,145.87930873712097,12.805784073951388,1.9712839633111165,1.4318725760144522,145.21432052647373,50.234361337716436,22.13566943264919
1581.375,油水同层,8.502791894001149,58.49649372910368,33.000714376895175,60.41281790059991,39.58718209940009,87.91118145280754,46.418174262746916,4.257889739828607,7.820429726528156,27.498363552207632,12.08881854719246,2.06530511010462,144.07155748635364,12.745674293751573,1.9706481099783688,1.4343678732714404,132.78839745930665,49.74740810515138,22.005772630407606
1581.5,油水同层,8.445414983827146,59.4024687566409,32.15211625953195,61.677127125820284,38.322872874179716,88.75594659795276,47.137084132809726,4.323834577345807,7.94155004648537,27.078819472132466,11.24405340204725,2.1212351749441947,146.96860443752615,12.767889769959108,1.958470745575989,1.4288188988588664,141.17846148597872,49.722703344834606,22.126707308222024
1581.625,油水同层,8.555888202154685,59.38368497040578,32.06042682743953,61.77838208231512,38.22161791768488,89.09566477449911,47.122178811017044,4.322467328035856,7.939038831352885,27.317282692183998,10.904335225500883,2.059552373824819,145.56193302823573,12.826743049196937,1.9634350901094322,1.4289061895230595,126.37455245713326,48.73555323150862,21.88219657798924
1581.75,油水同层,8.714476524787345,58.29284562658161,32.992677848631054,60.00383192802807,39.99616807197193,87.83165510378149,46.2565752931587,4.2430664382768954,7.79320389514602,27.827823175753412,12.16834489621852,2.0653719388120524,148.0597593091174,12.771386404142445,1.9756390989079953,1.439373262333176,128.91609512916688,50.67217384095444,22.10305479317079
1581.875,油水同层,8.750539762983136,59.032818853582626,32.216641383434236,60.07173691953012,39.92826308046988,87.2092871594624,46.84375931071308,4.296928203489464,7.892131339380076,27.13755023993229,12.790712840537587,1.9786130028131184,152.06886731660376,12.892646548450468,1.9695525196290773,1.4333969574613672,135.86547357165844,49.978474323683514,21.972520371499535
1582.0,油水同层,8.755658182713658,58.098523226388195,33.14581859089814,60.34913651425215,39.65086348574785,87.32692955626102,46.10237646071064,4.228921943431887,7.767224822245675,26.977793042008862,12.673070443738975,2.1213285074291623,148.2021936365003,12.921748673533932,1.9637514621580205,1.4302764846796123,137.5571680631199,49.25649931889268,21.81804708643246
1582.125,油水同层,8.739539281069279,58.945555783937095,32.31490493499363,61.84052947534907,38.15947052465093,89.02247693361474,46.774514265150756,4.290576429131324,7.880465089655017,27.18194745826567,10.977523066385263,2.0670498288936954,147.7084535011401,12.875564240931038,1.9672969211548033,1.4362039108779538,134.7524068788184,48.830822523309195,21.964460884804826
1582.25,油水同层,8.721216729370806,58.804256624833975,32.47452664579523,60.47034579114209,39.52965420885791,87.72773228861597,46.66239046811084,4.28029143251977,7.8615747242033605,27.257386497473885,12.272267711384032,2.101416427205192,168.07105675216218,12.965721422420113,1.943173640566798,1.4205032785850822,142.38630888079817,49.90699132333783,22.04449818837935
1582.375,油水同层,8.816098271054063,57.861769100305025,33.32213262864091,61.003556835328766,38.996443164671234,88.12425019609283,45.91450717861578,4.211688894063492,7.735573027625758,27.12069336076407,11.875749803907166,1.8847134894982378,132.6764420772111,12.949994214190038,1.9423481774078772,1.4194961892863291,136.98805865151297,50.05707442555713,22.059032096397303
1582.5,油水同层,9.059112937969761,57.977287784343936,32.963599277686306,60.44639013935482,39.55360986064518,87.79330730943498,46.00617363697059,4.2200973607624634,7.751016786610883,27.34691717008016,12.206692690565024,1.8057899246249243,156.3575449297664,13.105439283580479,1.9460452030152586,1.4199880507561404,125.18706360850031,50.528750420544796,22.183961688131994
1582.625,油水同层,9.239480242108225,57.448686013347746,33.31183374454403,59.14761408425454,40.85238591574546,85.84716008021557,45.58671722928696,4.181621070754331,7.680347713306457,26.699545995961028,14.152839919784432,1.9375836162486553,155.30879954702172,13.158233304730343,1.9353126710361728,1.4149998369948054,149.48828672638965,50.328829230582826,21.92837766298337
1582.75,油水同层,9.507607204897376,57.72242152409729,32.76997127100534,60.41395581140374,39.58604418859626,87.48185733054245,45.8039320028547,4.201545950834235,7.716943570408352,27.067901519138722,12.518142669457543,2.0337302676322513,149.70975992778327,13.172431594433501,1.9492568687788292,1.421497768049888,130.43176185382964,50.086056769002,22.1700811000286
1582.875,油水同层,9.689393254994783,57.351361620065866,32.95924512493936,59.015404234088976,40.984595765911024,86.66971392904867,45.50948831590464,4.174536944695271,7.667336359465955,27.65430969495969,13.330286070951336,1.987234745318219,146.61331339760903,13.226454875004045,1.9638962807063134,1.4296741252200293,126.85290960038867,49.982711022125045,22.162017168829365
1583.0,油水同层,9.934541925196063,57.23272577129773,32.832732303506205,58.03606331522997,41.96393668477003,85.3608438366658,45.41534832304575,4.165901583307886,7.6514758649441,27.32478052143582,14.63915616333421,2.0432205510838277,161.86494364416737,13.267713476010488,1.9500489154687273,1.4177250344047918,128.80724426503943,51.550976027057864,22.091968920014303
1583.125,油水同层,9.775690449466587,56.41916328514998,33.80514626538344,59.428488167142476,40.571511832857524,87.08381640246546,44.769769710581805,4.10668334403153,7.542710230536638,27.655328235322973,12.916183597534548,2.0217687178427126,146.6583028368466,13.320075493167383,1.9476901311895087,1.4139978174732648,139.36381378465356,50.496552004415065,22.18274332277411
1583.25,油水同层,9.503945707809557,57.22495483463216,33.271099457558286,59.85814545911813,40.14185454088187,87.11264249312273,45.40918192452624,4.165335946132257,7.6504369639736645,27.254497034004604,12.887357506877262,2.0506674853810787,143.03703894186341,13.3628521448105,1.9343818591594764,1.4058643157676962,137.23196909641382,49.555887035713305,22.065928261625526
1583.375,油水同层,9.641512786750264,56.817432948504965,33.54105426474477,59.68296806175434,40.31703193824566,87.24245963225074,45.08580490275572,4.13567291597301,7.595955129776232,27.5594915704964,12.757540367749254,1.907964407026371,154.50610965444838,13.419332098872037,1.9036704963441609,1.3835637058319619,139.8631021279454,49.919988770001936,22.017749843472032
1583.5,油水同层,9.498644618155673,56.414916818105844,34.08643856373848,60.074633094670716,39.925366905329284,88.11345979337365,44.76640005139901,4.106374248779745,7.542142517927084,28.038826698702934,11.88654020662635,1.8092468963483939,161.76578044170856,13.326123493104078,1.902465174630838,1.3827144905537947,133.47686965032935,49.66658709194691,21.918970880301462
1583.625,油水同层,9.300045533768246,57.40889845323876,33.29105601299299,60.942783942132664,39.057216057867336,89.05924692318091,45.55514497972306,4.17872498189223,7.6750284916234754,28.116462981048247,10.9407530768191,1.9054113278282658,154.80897161727088,13.309414204201765,1.9082374363111234,1.38066052854975,138.1237465648211,50.76924617185957,22.14283775465506
1583.75,油水同层,9.389165355839904,57.36441318412141,33.24642146003869,59.331423172837475,40.668576827162525,87.79479409234608,45.519845001170886,4.175486952416044,7.669081230534477,28.463370919508595,12.205205907653927,2.063227128627625,153.06118731279955,13.210769769316201,1.928680875361921,1.3897378522094712,136.16450325020065,49.350581844293515,21.765907611346417
1583.875,油水同层,9.51905845909209,57.90590808735914,32.57503345354877,59.011043675493745,40.988956324506255,87.59232967336625,45.949532375208705,4.214901718082902,7.741473994067529,28.581285997872502,12.407670326633745,2.173074118848734,162.1512767611962,13.172777969127246,1.9603241949374604,1.4068412221573972,143.16806142759853,50.14117363791981,21.986867949597848
1584.0,油水同层,9.234662255234307,57.401229107442,33.364108637323696,57.77882546040002,42.22117453959998,85.87393987477114,45.549059195653264,4.178166739394303,7.674003172394431,28.095114414371114,14.126060125228868,1.9191271996760573,154.72315451914315,13.242956677299144,1.9692089825286616,1.4103113754658005,135.9350523841301,49.583373355785795,21.66325650355659
1584.125,油水同层,9.1064591524113,57.12554642100691,33.76799442658179,59.26162753772183,40.73837246227817,87.10939408488238,45.33029929801859,4.158100126727631,7.637146996260691,27.847766547160564,12.890605915117614,1.9991539148609287,170.21918284599334,13.383042454878222,1.9636464913598775,1.4083443459587377,126.49679051319099,48.45209844382725,22.16016924415158
1584.25,油水同层,8.957479252386602,56.540124354111086,34.50239639350231,58.377663837067196,41.622336162932804,85.49043133970919,44.865754813621436,4.115487955412741,7.558881585076913,27.112767502641994,14.509568660290807,2.1639601208481825,150.50724714531486,13.686096176700733,1.9439442305463737,1.3917194303865688,138.65862354359538,49.06154578884184,22.03144181900022
1584.375,油水同层,9.043134336031725,55.43576084313918,35.521104820829095,57.054175776925554,42.945824223074446,84.79257805562965,43.98941959019575,4.035102657719781,7.4112385952236455,27.738402278704093,15.207421944370347,1.8229859571929545,149.46495993314872,14.004477240897149,1.9207812328245066,1.3719415015342866,148.35524119584613,51.36615060705345,22.029140327188234
1584.5,油水同层,9.162789241364644,54.41627302470173,36.42093773393362,55.783119848628395,44.216880151371605,83.47114085938614,43.180434979355184,3.9608953600634877,7.274942685283064,27.68802101075775,16.52885914061386,1.9657085899642395,162.73963377925637,14.260489992587654,1.9077832451440502,1.356580950694949,140.60578538089112,49.78683113116838,21.899443000011743
1584.625,油水同层,8.951080160383567,54.797766366206076,36.251153473410355,57.06412285814787,42.93587714185213,85.11629611010333,43.4831578141294,3.988663803623997,7.325944748452685,28.05217325195547,14.88370388989666,1.9789937961588235,156.5585392230402,14.3904445071688,1.9156520718664973,1.3506419814557367,141.02076248296183,52.55114109435896,22.189781763907842
1584.75,油水同层,8.909148053653858,55.39079976356669,35.700052182779444,55.668615808392275,44.331384191607725,84.13577659840202,43.953742046233856,4.031829994570262,7.405227722762571,28.467160790009743,15.864223401597988,2.080723856056057,137.51090260938645,14.309461356891225,1.9359981468313352,1.3597476715486836,140.5356740569995,50.74191619119281,21.87320437593984
1584.875,油水同层,8.780775382699561,56.502245484182936,34.71697913311751,56.20720663726141,43.79279336273859,84.6609248724032,44.83569714908271,4.112730797823598,7.5538175372766245,28.453718235141796,15.339075127596802,2.0797631016158373,159.0153425569959,14.09439829230584,1.9539193591474704,1.3715496719650513,135.36063069645394,51.33779267299714,21.836537146739083
1585.0,油水同层,8.747071130968235,56.70601461482232,34.546914254209454,56.94395686224885,43.05604313775115,85.28225252032375,44.99739215697823,4.127562908867061,7.581059548977032,28.33829565807491,14.717747479676246,1.8608468083279524,180.84577102905155,13.959412433268657,1.9597861058618395,1.377721255732999,145.00780769764202,50.19725588811253,22.056669945659888
1585.125,油水同层,8.51228920634098,56.329823743967566,35.15788704969145,58.44717869095549,41.55282130904451,86.47870381297808,44.69887694202779,4.10018042579641,7.530766376143369,28.03152512202259,13.521296187021914,2.0996065254775167,175.1917278930983,13.90143039941281,1.9362122488910847,1.365334896326814,135.03565756837227,51.54292237633673,22.060197136027007
1585.25,油水同层,8.542281981930282,55.71346647749911,35.74425154057062,58.709754584744914,41.290245415255086,87.53279689045345,44.20978473873204,4.055316518343797,7.448365220423272,28.82304230570854,12.467203109546542,2.076037334715247,153.99861672429518,13.950421523813326,1.8893662415668429,1.3364465569826873,132.42896167571993,50.576636718911956,22.04997089340252
1585.375,油水同层,8.377526835067362,55.525869553475424,36.09660361145722,60.0596887004183,39.9403112995817,89.21910775338976,44.06092271033744,4.041661562856671,7.423285280281319,29.15941905297147,10.780892246610229,2.0638463444749093,147.15140629943622,13.981113756512897,1.8507419858832912,1.3143785219904438,141.38057068615316,51.45390589456415,21.911514320225695
1585.5,油水同层,8.611467070011468,55.89644126876693,35.4920916612216,60.247036010227596,39.752963989772404,88.82430669650965,44.354979009453494,4.068635034321771,7.472827224991663,28.577270686282052,11.175693303490352,2.0869136124451972,158.7288243884263,13.986558473878704,1.8332340830646352,1.306422772557321,138.07610558255408,50.42195981481005,22.18611962253271
1585.625,油水同层,8.665764863999664,55.9406143146985,35.39362082130184,60.11072666802889,39.88927333197111,87.87626368368237,44.390031232468154,4.071850337446092,7.4787327447842555,27.765537015653475,12.123736316317634,2.2656768967801564,131.6637691527108,13.929002644500912,1.838088568721829,1.3146716804680865,143.8750880038044,50.68002617299072,21.91039946362058
1585.75,油水同层,8.499876796920377,56.440660738601736,35.05946246447789,59.236839456755085,40.763160543244915,87.05765252219679,44.78682838328021,4.108248117929065,7.545584237392459,27.820813065441712,12.942347477803207,1.9839868189562857,141.514755844813,13.885922321303662,1.87111970957526,1.3386519878545737,135.8365540198684,49.85193956537573,22.085031206497614
1585.875,油水同层,8.643566800613371,56.40560655399063,34.95082664539601,57.538519544105206,42.461480455894794,85.42017916431709,44.75901216479963,4.1056965658021145,7.540897823388887,27.881659620211884,14.579820835682911,1.864571460673409,153.833735472516,13.841861578125586,1.9177412105067584,1.3648268200793432,145.28671888429068,50.841839841648635,22.01712268978635
1586.0,油水同层,8.645617560719437,56.993125059819974,34.36125737946059,56.43113810892396,43.56886189107604,84.80797583600244,45.225220216729525,4.148461334396878,7.619443508693564,28.37683772707848,15.192024163997564,2.2346425737567412,152.1433665175713,13.760521402691142,1.9595824027112614,1.3871053261946722,139.55364397812647,51.065988251906354,22.02923263186802
1586.125,油水同层,8.742019219072457,57.17684516803262,34.08113561289492,57.110775719581284,42.889224280418716,85.3472026043409,45.37100591181885,4.161834101102888,7.6440051551108805,28.236426884759602,14.652797395659112,1.9702310329477812,162.12216053266113,13.721143870068293,1.9821760381437494,1.396482412989571,128.66607678456614,50.85805286568751,21.909512063816187
1586.25,油水同层,8.613223418585088,56.942722751664746,34.44405382975017,57.4229559485442,42.5770440514558,86.08669458132204,45.18522494566202,4.144792610733685,7.612705195269035,28.66373863277784,13.913305418677968,2.0264180023794283,143.98723593144678,13.601976888313025,1.998500499666945,1.4025338226833726,132.4653383113882,50.561643622437465,21.946275278753884
1586.375,油水同层,8.49152661495743,57.60510832820178,33.90336505684079,57.4699979716757,42.5300020283243,86.62607850142439,45.710841562329925,4.193006863765817,7.701259902106042,29.156080529748678,13.373921498575614,2.13721418663224,158.24400800375253,13.546708491357656,1.9961677124836354,1.396181130391706,140.76016387159564,51.64402426649768,22.084818103167205
1586.5,油水同层,8.594672980105276,57.273978736883805,34.131348283010915,57.09996556056344,42.90003443943656,87.00488217579073,45.44808340207966,4.168904337280114,7.656990997524024,29.90491661522729,12.995117824209279,2.1405526102886263,141.9346481831882,13.446428696015287,2.015725206037202,1.402588002869065,129.55004551787073,50.92641962934083,22.06690440626424
1586.625,油水同层,8.415078035068042,58.34741590531005,33.2375060596219,56.61272673601802,43.38727326398198,86.18053152259294,46.29987793484033,4.247038543527741,7.800499426941977,29.567804786574925,13.81946847740706,1.9868185397671145,148.35355439527086,13.439918329709098,2.030553959976197,1.4102674267021609,129.5993421962528,50.6147707872978,22.33985045018353
1586.75,油水同层,8.665867530229656,57.17529965363028,34.15883281614006,56.16880908173025,43.83119091826975,84.85412912339272,45.3697795142644,4.161721604960009,7.643798534405874,28.68532004166247,15.145870876607281,2.0103323517263787,158.90806672528132,13.545092632154564,2.0342869320563866,1.4110553205218546,150.7077709369054,51.587212413467014,22.290850831309818
1586.875,油水同层,8.535624588322976,56.78011280060239,34.68426261107464,55.784223541098775,44.215776458901225,84.45661424486569,45.05619059566792,4.132956427091144,7.590965777843323,28.672390703766915,15.54338575513431,2.1624053915366797,152.51836818817125,13.635049813176021,2.0458261562985833,1.423318837370024,133.2456475338181,50.33624701183898,22.33713419945039
1587.0,油水同层,8.786171261306547,56.79615337982826,34.41767535886518,55.223793374574456,44.776206625425544,83.14788376696914,45.06891912612019,4.134124001647374,7.593110252060694,27.924090392394685,16.852116233030856,1.952699024377514,161.69370128438905,13.868287110364736,2.031101372985335,1.4184209160547985,114.7684847231993,51.47585361335031,22.307181129508855
1587.125,油水同层,9.041166409858775,55.99798728056753,34.960846309573704,54.95913551786214,45.04086448213786,82.62653206541506,44.4355578642012,4.076026446938203,7.48640296942813,27.667396547552926,17.37346793458494,2.0937730408917927,166.67260397097786,14.006593515435448,2.013469167029823,1.4073140778364004,136.91284013811787,51.32535855387623,22.100282765902424
1587.25,油水同层,9.292857072510525,55.37808401941334,35.32905890807613,55.76160783279188,44.23839216720812,84.25398213084637,43.94365184098628,4.030904430778087,7.4035277476489805,28.49237429805448,15.74601786915364,2.261036453213001,140.37494467007355,14.21028914960348,1.9942804327110313,1.393737243772187,133.5475824317464,50.54402553386249,21.980362787641138
1587.375,油水同层,9.527709687988219,54.164015694722856,36.30827461728893,54.62293691973984,45.37706308026016,83.21887831627093,42.980263585215894,3.942533851045739,7.241218258461222,28.595941396531092,16.781121683729072,2.062352064716138,170.8102313342438,14.395583936961884,1.951849034124334,1.3611488948105581,123.59547160958424,52.148882530644826,22.30795721296372
1587.5,油水同层,9.28080467053589,54.0644984014365,36.654696928027604,56.18439172201707,43.81560827798293,85.61643269230692,42.90129456045151,3.935290106420945,7.227913734564042,29.43204097028984,14.38356730769309,1.7809762082989569,171.30111537210396,14.565119171601932,1.8951150968646062,1.3182065782622865,148.361873097827,51.726510890310756,22.161765317039183
1587.625,油水同层,9.245746475071662,53.19926386834564,37.55498965658271,57.52491418943483,42.47508581056517,87.52288415367198,42.21471311300356,3.872310720715302,7.112240034626774,29.997969964237143,12.477115846328024,2.1187138136799595,159.5784281531383,14.792695714173918,1.8301988382861716,1.274005510868887,146.38020132448244,51.86335589274816,22.20118343149625
1587.75,油水同层,9.240589346294938,52.17086448535273,38.58854616835234,58.97864033288015,41.02135966711985,88.76506411669511,41.398656991887435,3.797454760944964,6.974752732520333,29.786423783814968,11.234935883304885,2.0881919041975596,164.86930474952052,14.929962577085217,1.7626008436410547,1.23172884000826,140.31600952862675,51.802853190511264,22.255568572477458
1587.875,油水同层,9.13264465816693,51.90876156684943,38.95859377498365,59.528991131292145,40.471008868707855,89.1579408795147,41.190672920188995,3.7783766033267905,6.939712043333637,29.62894974822256,10.842059120485303,1.9943481109615135,189.68612117809633,15.120840547042413,1.6969220998796752,1.1954170087535265,142.46963851956536,51.38944018823287,21.992716504080207
1588.0,油水同层,9.279471230928309,51.2876115354596,39.432917233612095,60.73658611168437,39.26341388831563,89.71236085879003,40.69777755907749,3.733163836253999,6.856670140128113,28.975774747105675,10.287639141209958,2.003482465562692,166.5727118479056,15.256085430419462,1.6688060586547064,1.1850374995511959,141.6097876797864,52.44209493523475,21.897932439768194
1588.125,油水同层,9.470173770179985,51.62622341942507,38.90360281039496,59.04889559936842,40.95110440063158,87.26403868020589,40.966473072865625,3.757810989862854,6.901939356696585,28.215143080837457,12.73596131979412,2.0953265759103687,168.49666092724735,15.212347421074355,1.6683655973405491,1.1915970495956412,146.70050532114197,52.11045422743613,22.049530243186076
1588.25,油水同层,9.22703750292022,52.75915238022142,38.01381011685835,59.89822254154448,40.10177745845552,88.1572193280402,41.86547556988868,3.840275532446702,7.053401277886034,28.25899678649572,11.842780671959808,1.873798506118434,172.9016710190399,15.127413452142992,1.6891499070007248,1.209941123159007,144.90600249814028,50.938931436722946,22.02975599673009
1588.375,油水同层,8.973070826101596,53.336413603291064,37.690515570607346,58.73658689943553,41.26341310056447,86.82658146324498,42.32354425639257,3.882293685710583,7.130575661187913,28.089994563809444,13.173418536755023,2.080174415213479,156.48162565563257,15.081147076185044,1.7080952615065195,1.221385941107886,136.747196926981,52.05125236703772,22.2461402524549
1588.5,油水同层,9.114235382821692,52.195580652671005,38.69018396450731,59.297126336942085,40.702873663057915,88.05526109870796,41.41826978042481,3.799253821171031,6.9780570510751625,28.75813476176588,11.944738901292041,2.00465289924406,164.0391963018136,15.044996339493604,1.7122987863676367,1.2209941803621958,145.74927341806736,51.4618144328257,22.32373625376183
1588.625,油水同层,9.338230476081284,51.98112209113489,38.68064743278382,58.92585843855016,41.07414156144984,87.99014461008767,41.24809248864349,3.7836436392512085,6.9493859632401875,29.06428617153751,12.009855389912328,2.0240498473938655,160.72506870597485,15.146881593560552,1.7175250880853419,1.2185212189420846,135.63455955051853,51.30345831693117,22.0922100375589
1588.75,油水同层,9.441290839674922,51.73471622457782,38.82399293574727,57.812143704326566,42.187856295673434,86.86355993639523,41.0525643514157,3.76570805124989,6.916443821912231,29.051416232068668,13.13644006360477,1.8261497092545782,158.83058153126308,15.284531925698067,1.7043936492450682,1.2063274142062568,156.8114520609235,51.29754091357594,21.813143161886718
1588.875,油水同层,9.283251782796802,51.623006152111614,39.09374206509158,58.14779899395089,41.85220100604911,86.89681874258518,40.963920104896346,3.757576808827189,6.901509238388082,28.749019748634286,13.10318125741482,1.9701882896365226,163.22198172803067,15.43645159462436,1.6890337663800197,1.1947554089783285,148.67217343522105,52.653625318148244,21.97458896177493
1589.0,油水同层,9.295242482812865,50.448820662825035,40.2559368543621,59.02754657312271,40.97245342687729,87.91501137612396,40.032179701601436,3.6721092529315857,6.744531708292015,28.88746480300124,12.084988623876047,1.9757776622573169,161.657386079902,15.606370696169664,1.6789742404237256,1.1853076564610903,156.3219228104331,51.313558683086555,22.066823099702777
1589.125,油水同层,9.061227169188637,50.48565323020039,40.453119600610975,58.05993700528382,41.94006299471618,87.1382862451942,40.06140710348455,3.674790251410663,6.749455875305179,29.078349239910374,12.861713754805804,2.025878378727344,147.5849282653934,15.684045894305836,1.6687707198552935,1.175201693614853,166.1617771126372,51.78248873341791,22.353855868020528
1589.25,油水同层,9.25645170825872,50.87593375418238,39.86761453755891,57.881421903494044,42.118578096505956,87.70341096331018,40.371102748790186,3.7031983034626967,6.801632701929494,29.82198905981614,12.29658903668982,2.0867432608729692,171.63361882409106,15.736657483712746,1.656859285165592,1.1651931293514244,160.11457890398404,51.39939261267661,22.583923256814327
1589.375,油水同层,9.086637286992202,50.97179367273175,39.94156904027604,58.75865179979732,41.24134820020268,88.17559539403521,40.44716957126751,3.710175832159414,6.8144482693048225,29.41694359423789,11.824404605964789,1.972120149962414,169.78361721385932,15.806542436320132,1.6658769875433876,1.169285495631982,152.90606821516084,51.959109245915855,22.183384429380368
1589.5,油水同层,9.151664793953158,50.148785257953854,40.69954994809299,57.303864357963896,42.696135642036104,85.84980821609112,39.79409541961352,3.6502700350478188,6.7044198032925175,28.54594385812722,14.150191783908884,2.0042183625739782,174.59388070181976,15.86739911751113,1.674292532313669,1.1719838529665538,143.7183890603556,52.19966825831968,22.26889077222897
1589.625,油水同层,9.06143467317804,50.10157036703043,40.836994959791525,56.40861599311863,43.59138400688137,85.51775032380131,39.756629429859856,3.6468333196685867,6.69810761750199,29.10913433068268,14.482249676198688,2.168652150645684,170.56572460358498,16.01153252641528,1.6816000334870205,1.1767118756521413,149.47254303461702,53.11325788884566,21.89666327551791
1589.75,油水同层,9.15583508247455,49.97580669876472,40.868358218760726,55.66080409391895,44.33919590608105,84.26652529499523,39.65683336521854,3.6376791328342164,6.681294200711972,28.605721201076285,15.733474705004769,2.1511381093037034,153.5017520931197,16.092369390991724,1.7154549163223218,1.1916094375692838,145.78407653267317,52.33077863729925,22.074490153418445
1589.875,油水同层,9.182182210785118,50.80914938411774,40.00866840509714,54.22537877329122,45.77462122670878,83.62563236703677,40.31810797371796,3.6983371491276005,6.792704261272181,29.40025359374555,16.374367632963228,2.108123524796623,150.73446678387475,15.98010642879957,1.7420049077327162,1.2068258420155638,148.68855142550535,51.815916603163444,21.94167482794659
1590.0,油水同层,9.273588200782806,51.506499261266924,39.219912537950265,55.77473138787911,44.22526861212089,84.54667887240784,40.87146948405941,3.749096411738019,6.885933365469497,28.771947484528738,15.453321127592156,1.9682463614537515,167.78694342523448,15.941597310397404,1.7474593969256464,1.2153978841553907,146.50444429240827,53.04200276607846,22.052445683721345
1590.125,油水同层,9.519039660539304,50.42726510303244,40.053695236428254,56.34312143199377,43.65687856800623,84.33309800791038,40.01507492032314,3.6705402495430715,6.74164993316623,27.989976575916614,15.66690199208962,2.1674505331301233,168.46649615335994,15.92998015167471,1.7485881313185585,1.2165867902207093,137.7928929847942,52.38825807260295,21.99709383970065
1590.25,油水同层,9.570167706082033,49.85080714888294,40.579025145035025,55.538988847003864,44.461011152996136,84.2040324680744,39.55764364427479,3.6285805652621224,6.664582939346027,28.66504362107053,15.795967531925603,2.1133180137679854,176.1798243984375,15.977591629754832,1.7419646300765348,1.2179730509187332,140.83279778436003,53.321088519338744,22.04916408877222
1590.375,油水同层,9.635084973955976,50.201353970825316,40.16356105521871,54.44150867108477,45.55849132891523,82.58249014115324,39.835809777505396,3.6540964487164387,6.711447744603481,28.140981470068464,17.417509858846756,1.928868676861426,168.11967867987536,16.186250277414064,1.7249573190209295,1.2054239899968278,160.70481112416653,52.46005509706785,21.925037421751668
1590.5,油水同层,9.781262370646191,49.08533038389063,41.133407245463175,54.936471703205115,45.063528296794885,83.68479019921395,38.95022204331448,3.5728624280549286,6.562245912521219,28.748318496008835,16.315209800786047,2.182828438180079,160.8863142692836,16.2245319033901,1.7187355855363529,1.197862409856731,154.42044643975555,52.33414991806647,22.055036891466504
1590.625,油水同层,10.002560877232224,49.53659649900919,40.46084262375859,56.166149576639114,43.833850423360886,85.25063784732201,39.30831101301327,3.605709548266847,6.622575937729078,29.084488270682897,14.749362152677993,1.9302790804494687,161.32950545100658,16.185032067730035,1.7263517091650358,1.2014171404366418,157.9322937832933,51.273413608875614,22.172249538702957
1590.75,油水同层,10.215133907256295,49.89326304998509,39.891603042758625,54.91405657962708,45.08594342037292,84.10483115986418,39.59133327745123,3.6316708794702723,6.670258893063585,29.190774580237104,15.89516884013582,1.8124197334283834,176.67488704793624,16.0730561886462,1.7252099442604505,1.2036907106859611,149.49599254890256,51.78554804633376,22.04554395150712
1590.875,油水同层,10.180723798869113,50.82547883640298,38.993797364727904,55.635343685015535,44.364656314984465,83.96503531174791,40.33106573090084,3.6995257504079504,6.794887355094192,28.329691626732377,16.034964688252085,2.146592593898395,181.78754852061027,15.936340029324327,1.7242759361377125,1.2094867547923163,143.23353404250116,52.92510847740772,21.9065969043601
1591.0,油水同层,10.409876227195706,49.98366348896738,39.60646028383692,56.46993726875288,43.53006273124712,84.67577105670394,39.66306789029044,3.6382510191860176,6.682344579490918,28.205833787951068,15.32422894329606,2.21052001317067,173.21273033618812,15.817438323032954,1.726380428114733,1.217893077609985,153.9773488802609,52.85333127810229,21.764912518554347
1591.125,油水同层,10.538475572753866,50.44066402972043,39.02086039752571,57.30590747472147,42.69409252527853,85.43038304070623,40.02570724500258,3.6715155413739584,6.743441243343891,28.124475565984753,14.569616959293775,1.941015456716491,187.18843184010024,15.78919379926517,1.7020495885857367,1.2085612265326273,152.45374414436125,52.0048730806986,22.048008268066756
1591.25,油水同层,10.287428418472535,49.69658284757151,40.01598873395595,57.80919618959545,42.19080381040455,86.45859410685803,39.43526348031186,3.617354763024689,6.643964604234965,28.649397917262593,13.541405893141967,2.1027447370548242,171.86079236291522,15.820916497321578,1.664572193379151,1.1865308262685477,155.1805434039705,52.62279256316125,22.022822119553567
1591.375,油水同层,10.06703465536727,49.793150544740406,40.13981479989233,59.12455969204813,40.87544030795187,87.96344791388879,39.511891939721686,3.6243838100796877,6.65687479493903,28.838888221840662,12.036552086111207,1.870321723252475,167.2799698538805,15.743691263155727,1.6604175013072597,1.1844578087879813,154.04003511919228,52.79961352773259,22.18841923687735
1591.5,油水同层,9.933521340264932,50.79830226643687,39.2681763932982,57.934642855577636,42.065357144422364,86.39813967788083,40.309500562116654,3.697547600419024,6.791254103901187,28.46349682230321,13.601860322119164,2.0065587331558565,169.21181005208155,15.720348175765176,1.6558660492046593,1.1776118615366507,151.4984311719576,52.48743133421097,21.95617522388176
1591.625,油水同层,9.654570833001603,50.92581767596285,39.41961149103554,58.227532130804626,41.772467869195374,87.3124771453181,40.410686669577615,3.7068292944023433,6.808301711982888,29.084945014513476,12.687522854681898,2.0172541711293097,154.14127075362987,15.554642885870802,1.6822223093798976,1.1957465408913048,159.63461774413926,53.984633900697844,21.987733254910502
1591.75,油水同层,9.676085278086243,52.05679556636316,38.2671191555506,57.35920037454001,42.64079962545999,85.59166013582241,41.30814095200064,3.7891518209081085,6.95950279345441,28.232459761282403,14.408339864177588,2.07514134558912,166.93069655935656,15.509383389451106,1.7048983393367536,1.2124180544681258,132.037722157424,51.78091836515611,22.076875978462528
1591.875,油水同层,9.860579118177961,50.9315501087124,39.20787077310965,57.52218984847952,42.47781015152048,85.25670537576806,40.415235473195665,3.707246551318657,6.809068084198075,27.734515527288533,14.74329462423194,2.016494708587197,171.36635787276703,15.454264598991793,1.7261637528823641,1.224652736903377,138.2118239001751,53.12634225198421,21.997964000244025
1592.0,油水同层,9.99554910540742,51.63963023866944,38.36482065592313,56.39486005488313,43.60513994511687,84.87320378241671,40.97711166045135,3.75878685618347,6.903731722034625,28.478343727533574,15.126796217583294,2.0850826406338876,166.05889142685612,15.335501874051296,1.7630667160321016,1.2507281133523405,148.80021227865393,50.12019021397252,21.966505843965198
1592.125,油水同层,10.025333279485178,52.55310400044176,37.421562720073055,55.992271638991376,44.007728361008624,84.13774547109499,41.70197193079091,3.8252775175872977,7.0258545520635565,28.14547383210362,15.862254528905007,2.01116839027969,174.18941298558607,15.399051901035275,1.7826500198922648,1.2630759204762796,141.5236045092128,51.442558685584125,22.121332700715175
1592.25,油水同层,10.121976634458,51.7232109810991,38.154812384442906,54.72180564737196,45.27819435262804,82.19041776627081,41.043434703419976,3.7648705983524717,6.914905679326649,27.46861211889885,17.809582233729195,2.1375886369879256,160.09552211845008,15.257102868615984,1.8166589029910554,1.28515316256571,133.69707837906606,53.07798186635567,21.947857991305472
1592.375,油水同层,9.877866310029395,52.79700077227706,37.32513291769355,55.89510755042183,44.10489244957817,83.40709802502238,41.89550904960696,3.843030471587995,7.058461251082103,27.51199047460054,16.592901974977625,2.0586339549391006,154.4336045405315,15.141600806244353,1.8561863046851788,1.3130434614104516,145.25140503466247,51.43342844898042,22.054003570601875
1592.5,油水同层,9.733217261249992,53.63011937510615,36.63666336364386,54.42550968638303,45.57449031361697,81.70706512758052,42.55660584400195,3.90367217718276,7.169841353921436,27.28155544119748,18.292934872419487,2.0808155033280915,165.3979527882026,15.176217081549268,1.8732845778733362,1.3244006135311752,148.4552768956283,52.62641939154638,21.86563334538067
1592.625,油水同层,9.833813510512481,52.78217658365087,37.38400990583665,54.24825242157849,45.75174757842151,81.4948936043902,41.88374575018357,3.841951436647114,7.0564793968201895,27.246641182811697,18.505106395609804,2.164916746915149,157.18542479916724,15.112543413309409,1.8936553104989278,1.336319115782882,153.73227650045538,52.04738594240824,21.968406787171766
1592.75,油水同层,9.955386948149236,52.70947627457656,37.3351367772742,53.68304359287339,46.31695640712661,81.10353356862282,41.82605655549107,3.8366596681947445,7.046760050890747,27.42048997574943,18.896466431377178,2.048989108857678,160.94532370692153,15.234973379666496,1.9123351601467442,1.3446160062427333,140.58436708388348,51.167269834088614,21.945738641850493
1592.875,油水同层,10.172326053092139,51.951475299407754,37.87619864750011,52.78298962454508,47.21701037545492,79.93649088513146,41.22456714794369,3.781485684777931,6.945422466686141,27.153501260586378,20.063509114868538,1.9306045371490645,168.9889521419476,15.466456879613867,1.9011485665264083,1.335160198742672,145.22406702549907,52.1465992430538,21.921010611749782
1593.0,油水同层,10.386035957304243,51.15553501763779,38.458429025057974,52.639925293152444,47.360074706847556,79.62721447527869,40.59297211811104,3.7235501446589083,6.839012754867838,26.987289182126244,20.372785524721305,2.0480052206139927,180.51982836725298,15.5024948564527,1.9055432891642383,1.3398225733492584,140.57552204341783,51.78128804294637,22.12597520262177
1593.125,油水同层,10.212784046587469,52.434166627885226,37.353049325527316,53.474568287317425,46.525431712682575,80.1395976646789,41.607592672586996,3.8166202086443746,7.009953746653855,26.66502937736148,19.86040233532109,2.0188360228789994,160.8835086014091,15.420899138008322,1.9159421783982533,1.348209501254441,141.12209549713538,51.725105295201644,22.05928411432007
1593.25,油水同层,10.047752951081831,53.5511510159592,36.40109603295896,53.75630862653741,46.24369137346259,81.04280299672673,42.493942822298436,3.8979241648704317,7.1592840287903305,27.28649437018933,18.95719700327326,2.068398477162529,175.32861068120627,16.237377013330022,1.702461075584199,1.2907454317962272,147.3758694147795,52.838757253828405,22.02409579302005
1593.375,水层,9.2406130459768,44.52472567072846,46.23466128329475,73.43368869746136,26.566311302538637,74.58546823787218,41.329293002965656,3.1509079420920703,0.04452472567072832,1.1517795404108147,25.414531762127822,2.1060441616490566,164.36507717819174,17.075682712900665,1.4964602102212368,1.2376065614275467,133.95984105467366,53.23221047530194,22.02545029578346
1593.5,水层,9.296379061302936,43.71853460225252,46.985086336444546,72.26098883209681,27.739011167903183,73.41346364928552,40.58096033199491,3.093855735655355,0.04371853460225436,1.152474817188703,26.586536350714486,2.1540953475176523,188.07908067167853,18.033893924521042,1.2744295651128168,1.1675815889455468,129.34582934876607,53.49475718962721,21.85028284414238
1593.625,水层,9.299526924683981,43.39372473068976,47.306748344626264,74.12392567797652,25.87607432202349,75.27574086653604,40.27946128512042,3.0708697208386515,0.043393724730691335,1.1518151885595351,24.724259133463956,2.214440410249655,178.89338083148735,19.061437646671234,1.053996883190172,1.1043897685838282,133.09758416669993,54.709490967726154,22.092263226947964
1593.75,水层,9.228209714902436,44.20849516463385,46.56329512046371,72.09912522987777,27.90087477012223,73.24824541761691,41.035757601096755,3.1285290683724654,0.044208495164632655,1.1491201877391433,26.751754582383093,2.123306655871036,180.30841839367184,19.07066626631277,1.0615795622612099,1.1112896437768962,120.73811080629812,53.41424542029165,22.008048022961354
1593.875,水层,9.085346875840687,44.74833086788259,46.16632225627673,71.84798309835286,28.152016901647148,73.01767892484841,41.536850591944685,3.1667319450700204,0.04474833086788518,1.169695826495558,26.982321075151596,2.022462255980834,170.29347873437902,18.995003855151577,1.0692369070362973,1.1188267848530815,137.46275045520238,54.002173721779485,22.227215101615077
1594.0,水层,9.239529388809412,44.650044459816215,46.11042615137437,71.67735077011945,28.322649229880547,72.86963761535782,41.44561796342218,3.159776451934223,0.04465004445981871,1.192286845238362,27.130362384642183,2.170879826635025,178.7170072663869,18.905701512234984,1.0766072907705448,1.126657841987374,131.40622733085138,54.438434638216656,22.243564991191334
1594.125,水层,9.388100639922389,44.39652998671996,46.215369373357646,73.63713846600547,26.36286153399453,74.81929319369637,41.2102976154301,3.141835841303141,0.04439652998671911,1.182154727690895,25.180706806303633,2.113723582716164,174.2318931802721,19.000835868422495,1.0681431993243087,1.1191369652292948,132.92295761900218,53.878752794795034,22.21224597889822
1594.25,水层,9.666102207372388,42.92986423572043,47.40403355690718,72.45782451321531,27.542175486784693,73.65489782677969,39.84889094425268,3.0380434272320302,0.04292986423572315,1.1970733135643785,26.345102173220315,2.1322714010556036,188.36754066034956,19.098279830690423,1.0535417992004104,1.1059537033469247,127.73174252840576,53.53140484001015,22.240114031364797
1594.375,水层,9.589880012065873,43.22318340843096,47.18693657950316,73.39944516565791,26.600554834342095,74.5620369006002,40.12115930412964,3.0588009208928857,0.043223183408429636,1.1625917349423018,25.437963099399795,2.0864755167571647,188.37586413961202,19.094159742463575,1.0465486558636217,1.1008467342266481,130.27524812247702,53.620951578668446,22.173095345618453
1594.5,水层,9.745253459500654,44.281093188756685,45.973653351742655,72.9057156221582,27.094284377841802,74.06843820507812,41.10314543931945,3.1336666562484807,0.04428109318875689,1.162722582919923,25.931561794921876,2.1793173099727827,170.08347015479916,19.22021920282091,1.0484311786151461,1.104329643005375,132.09497385350858,53.20928799515475,21.946534683294622
1594.625,水层,10.005460620042273,43.163322673214374,46.831216706743355,71.43897407415677,28.561025925843232,72.60676556138486,40.065594630167695,3.0545647203734645,0.04316332267321234,1.16779148722809,27.393234438615146,2.182048375848551,181.9456710368119,19.177390331836463,1.065806931569666,1.1235870149370588,134.80977533455336,54.569575704128056,22.021725670232644
1594.75,水层,10.142962555523589,43.760763249147686,46.09627419532872,69.40820329513045,30.591796704869555,70.55809602835811,40.62015833028369,3.096844155614858,0.043760763249146156,1.1498927332276616,29.441903971641892,2.1566499951550226,176.70598139035212,19.105472559094014,1.0817610674117932,1.1420676794735285,123.1432027922919,53.865104786568864,22.0991986868282
1594.875,水层,10.2728316049483,44.18783432765199,45.539334067399714,70.80102501972252,29.19897498027748,71.97305739778842,41.01657954278316,3.127066950541177,0.04418783432764972,1.1720323780659025,28.02694260221158,2.129691194929224,177.557059593167,19.10406580541133,1.100812533421401,1.1629818220471626,126.47946495559623,53.74161670324442,22.0109406582569
1595.0,水层,10.295492440082736,44.76699780021441,44.937509759702856,69.11865357402992,30.88134642597008,70.28417620990561,41.55417784335806,3.1680529590561326,0.04476699780021701,1.1655226358756972,29.715823790094387,2.155779114317704,179.52566601587606,18.88221152310988,1.1380092969979612,1.2011265618151068,130.72687930593577,54.43562720263855,22.106598304879903
1595.125,水层,10.07360267641359,46.25947334719737,43.666923976389036,67.38370888267885,32.61629111732115,68.57984704636688,42.93954200342457,3.273671870425607,0.046259473347196045,1.1961381636880337,31.420152953633117,2.0941713454754565,187.69248914328793,18.642856713052993,1.1686234458633056,1.232504629717176,124.4791441880954,53.05047082714597,21.97365326949719
1595.25,水层,10.088096500960757,46.79222433434073,43.11967916469852,67.02568233030797,32.974317669692034,68.18973858198393,43.434058731233236,3.3113733787731583,0.04679222433434105,1.1640562516759596,31.810261418016072,2.0696612071646623,170.35770207856936,18.561028304610815,1.1936711868287257,1.2559467212579971,136.11661453163248,53.2450761735532,22.20915413324604
1595.375,水层,9.788075211439702,45.82768812169409,44.38423666686621,67.4966630478321,32.503336952167906,68.68841103833633,42.538744966938644,3.2431154666337525,0.045827688121694715,1.1917479905042316,31.311588961663674,2.2423227872095306,162.92062483539524,18.393957930252064,1.2278336547677324,1.2876893316920044,136.53426129663288,53.779888705597514,21.975262632051088
1595.5,水层,9.50323390049313,47.42565189561785,43.07111420388902,65.66375733490705,34.33624266509295,66.83936276289172,44.02202671715138,3.356199526570857,0.0474256518956169,1.1756054279846844,33.16063723710827,2.203238686453614,168.0976926609991,18.38717210262198,1.233461597028535,1.2906491514660567,121.43916878582732,52.84440078613986,22.03069299884713
1595.625,水层,9.35572016932847,46.6736462627989,43.97063356787264,66.70283810045457,33.297161899545436,67.89221096024993,43.32399072320728,3.3029818933288184,0.046673646262798685,1.1893728597953679,32.10778903975007,2.1333698775393644,174.49533556058304,18.336999836807507,1.2287985706090228,1.2824399202990262,115.9672517641058,52.77270366091179,22.10971477323951
1595.75,水层,9.093362396978549,47.381805368432715,43.52483223458874,68.63913771943625,31.36086228056375,69.82762057136314,43.98132694995689,3.353096613107392,0.04738180536843564,1.1884828519268875,30.172379428636866,2.1410481031030955,185.11789301379724,18.300300974532448,1.2355052534132682,1.2860572409147542,134.4961181792437,53.1954313911025,21.992061812269608
1595.875,水层,8.897144272362107,46.59071061589288,44.512145111745006,67.00292148978731,32.99707851021269,68.19325641845009,43.24700716857029,3.2971127367066924,0.046590710615895814,1.1903349286627725,31.806743581549913,2.258441933629241,151.42027672206893,18.378278031953624,1.2221316538358302,1.270957019891183,120.75928818854523,53.26113535966677,21.869352196897783
1596.0,水层,9.10293120308955,46.495498412109626,44.40157038480083,66.93135066445906,33.06864933554093,68.11336482760586,43.15862811606996,3.290374797627553,0.04649549841210937,1.1820141631467966,31.88663517239414,2.084190801468929,177.60396278543524,18.509134521063697,1.2070087429572391,1.2551637238523838,125.8320573452901,54.23466275560624,21.880533780564953
1596.125,水层,9.277528052877415,45.12096846693442,45.601503480188164,67.70160977297996,32.298390227020036,68.88509645486933,41.88274488512973,3.193102613337752,0.045120968466937084,1.1834866818893612,31.11490354513068,2.083981088433287,164.49168198773063,18.716284276746762,1.187704090158014,1.2352198636607048,127.99961942626757,51.773995153970276,22.264084796349305
1596.25,水层,9.10412815571616,45.000401968932536,45.8954698753513,69.50171684628512,30.49828315371488,70.68504166264923,41.77083115523701,3.1845704117265896,0.04500040196893096,1.1833248163641066,29.31495833735077,2.075035149528523,173.08443231014624,18.656904920193835,1.166447816689717,1.2147496797766244,132.6299556172192,53.247357518645586,21.86485774169327
1596.375,水层,8.939329891364748,46.50624540131227,44.55442470732299,71.5343279549233,28.465672045076694,72.7006622624211,43.16860381965858,3.291135336252375,0.046506245401313484,1.1663343074978099,27.299337737578888,2.1579969947554667,163.1169757130091,18.652114351743755,1.1356910442731358,1.1832928037223231,119.17114751616533,54.41690416759528,22.03818801092861
1596.5,水层,8.733547620941655,45.77540794243651,45.49104443662184,72.72647629932477,27.273523700675227,73.87165163004906,42.49021681063369,3.239415723860379,0.045775407942438145,1.1451753307242798,26.12834836995095,1.922385014053728,181.63121913811963,18.619672185526102,1.1052299230211182,1.1515585277953044,129.3414581345468,54.44811651721279,21.950228227038444
1596.625,水层,8.702310736760442,44.66342127895432,46.63426798428524,74.20437494665559,25.795625053344406,75.35542632418266,41.4580347603654,3.16072309730996,0.04466342127895512,1.1510513775270625,24.644573675817337,2.022521455507326,169.869048401525,18.628745284355958,1.0880092633412108,1.1335628072999686,129.73659326883674,53.26919770566194,21.998126900429405
1596.75,水层,8.774002376478665,44.50021553221079,46.72578209131055,72.88904394384828,27.110956056151725,74.04022845649904,41.306541898246195,3.14917341843238,0.04450021553220884,1.1511845126507583,25.959771543500963,2.214217102388587,170.6453182587946,18.93006630576483,1.0648576367183247,1.1090229910110065,130.7361728426466,54.14610203872194,22.128089476852235
1596.875,水层,8.758933929204971,43.182522789012886,48.05854328178214,72.44946571951378,27.550534280486218,73.59509348234526,40.08341679975041,3.055923466473464,0.04318252278901029,1.1456277628314777,26.404906517654737,2.0620122635994127,177.8451125294025,19.275626166064455,1.0482437394051831,1.0917043395298553,126.81859295168637,54.049875751706416,22.041204642921716
1597.0,水层,8.823694697241292,42.146268799994,49.03003650276471,71.81374954862932,28.186250451370675,72.94811669976883,39.12153227171593,2.98259025947808,0.04214626879999149,1.1343671511394986,27.05188330023117,2.269020751692285,176.64619912973293,19.52649515442664,1.0540390305804856,1.0973735270484437,129.52668870984752,53.473343101936614,21.98617191324871
1597.125,水层,8.926083148842984,42.55192057634351,48.5219962748135,69.82026471262778,30.17973528737222,70.94144598697689,39.498071393953445,3.0112972618137226,0.042551920576344715,1.1211812743491005,29.05855401302312,2.0769414039368836,178.9995172806921,19.82500546084388,1.043249805185262,1.086907946784166,138.2574018633281,54.94477869658264,22.02459476035913
1597.25,水层,9.122652951042213,41.37757426814592,49.49977278081187,71.36310389396581,28.636896106034182,72.47762677679643,38.40800510095982,2.9281915929179583,0.04137757426814527,1.1145228828305997,27.522373223203576,2.4332789879069385,168.5730729025631,20.000353259024152,1.0449130880896769,1.0892917236023802,125.56964340261871,54.69891419453177,22.19432419381378
1597.375,水层,9.125876455752255,41.56005034664263,49.314073197605104,69.86620822227842,30.133791777721587,70.96175927301177,38.57738530938592,2.941104986910077,0.041560050346644076,1.09555105073336,29.038240726988228,2.251972434142352,183.30006043383588,20.199596611631698,1.042843726783833,1.0883414007834904,138.5484998371369,54.29856037791798,21.91828795075467
1597.5,水层,9.301841290562054,40.15277976130939,50.54537894812856,69.73791129065606,30.26208870934395,70.80096399920583,37.27111115542904,2.841515826119038,0.04015277976131201,1.0630527085497778,29.199036000794166,2.245125293865197,151.31094193387148,20.34610510864632,1.0273441229318059,1.0738225607615481,142.96059432040988,54.25997614518728,21.99295852998683
1597.625,水层,9.25357511192789,40.63273824383501,50.1136866442371,71.19054555722428,28.809454442775717,72.24054035543276,37.71662416993372,2.8754813356574527,0.04063273824383533,1.0499947982084739,27.75945964456724,2.283048991996731,189.7371980639667,20.29904365428769,1.0345494199372616,1.082107098086962,129.93251342971553,54.917548221773615,22.055745339231446
1597.75,水层,9.323534100934584,41.98833400665666,48.68813189240876,70.36409134102823,29.635908658971776,71.3836095282354,38.974932079331296,2.9714135933187094,0.04198833400665611,1.0195181872071821,28.616390471764596,2.0535400480283843,176.07816166116802,20.356474718804424,0.9796096994941114,1.0140125525295711,135.05015173160928,56.437481142431096,21.991059456127225
1597.875,非储层,0.3103288679539975,44.59661695572847,55.09305417631752,96.28336866827846,3.7166313317215427,97.10257429221389,37.81708673569084,6.734933603081907,0.04459661695572631,0.8192056239354406,2.8974257077861054,2.244186516131697,154.64858365193714,20.343097285749437,0.9337404585806008,0.9545543505329278,139.01105400800284,56.29675087812326,22.104140719647194
1598.0,非储层,0.3037739417485338,44.00948803040612,55.68673802784535,94.23870142220329,5.761298577796714,95.0728830319812,37.31921252438037,6.646266017995344,0.044009488030406774,0.8341816097779138,4.9271169680187965,2.209240169095054,154.06460562157312,20.369443799908034,0.8975187587519875,0.9045210938552647,138.0314034343985,54.914119324659836,21.86662281608724
1598.125,非储层,0.2987468778396152,44.29535259762227,55.40590052453811,91.9469127703477,8.0530872296523,92.77375862407007,37.561620264496746,6.6894369805279,0.04429535259762446,0.8268458537223692,7.2262413759299315,2.342115530595445,155.45352544866597,20.483208460067157,0.8573460920136422,0.849773627068245,138.6669366893819,57.50544009194747,21.944767351053496
1598.25,非储层,0.2907428940925011,44.60781390408992,55.10144320181758,89.83719127458387,10.162808725416127,90.68074160019427,37.826581535885666,6.736624554300165,0.044607813904089244,0.8435503256103942,9.31925839980573,2.074552235513008,139.51449067256254,20.566739827891517,0.8728640813816029,0.8649165291256437,138.97038777015504,55.741664036058246,22.081805378205775
1598.375,非储层,0.29861402290109745,43.74373685656926,55.95764912052964,88.30798353563293,11.692016464367072,89.15470279981275,37.0938605609999,6.606132558712792,0.04374373685657046,0.8467192641798169,10.845297200187254,2.1144529256036946,144.754713492968,20.733495058886348,0.8817979897208177,0.8736115806307653,128.50379741880872,56.43406740054253,21.9949007110378
1598.5,非储层,0.2907227434153002,42.2498781756189,57.4593990809658,87.68862501681802,12.311374983181977,88.52779386834749,35.82709668596324,6.380531611480047,0.042249878175618094,0.8391688515294682,11.472206131652507,2.3380973645688226,149.76000225564835,20.850616360187807,0.8818567475873231,0.8736358298118644,124.71262684114458,56.78657595259897,21.786472526642832
1598.625,非储层,0.2959836870924885,43.04154587258465,56.662470440322856,89.90944009612683,10.090559903873164,90.73172717179123,36.49841590265895,6.500088424053119,0.04304154587258524,0.8222870756643972,9.268272828208769,2.2559808578501985,151.2420787522889,20.926724306397187,0.8828211265067183,0.8745903712483539,141.6168555123307,58.234891205906564,21.979891136079992
1598.75,非储层,0.30206084535613126,43.78418503838839,55.913754116255475,88.1702915315181,11.829708468481904,88.99921171762972,37.12815985329092,6.612241000059085,0.043784185038389656,0.8289201861116214,11.000788282370277,2.076575782093411,170.76373961849666,20.87134369925551,0.87983150526938,0.871752441516807,145.27166686147552,55.775046823805376,22.077317381411042
1598.875,非储层,0.3007881797759242,44.330298945907806,55.368912874316266,90.43020292341498,9.569797076585019,91.24678246959651,37.59125410612921,6.694714540832686,0.04433029894591045,0.8165795461815263,8.75321753040349,2.1542911263524007,127.82195850406218,20.663406034924794,0.8878827130268556,0.879793160350719,124.34203068013412,57.54562519733891,22.997730803214345
1599.0,非储层,0.30695640238041366,44.48358046022154,55.20946313739805,88.02078242906543,11.979217570934564,88.83861457331838,37.72123392786176,6.717862951899553,0.04448358046022227,0.8178321442529415,11.161385426681624,2.1287707531231073,146.85299641138488,20.395969076595975,0.8989537740075434,0.8907301419990423,129.13557062953055,57.753849213256814,23.00389216447738
1599.125,非储层,0.30458875978819255,45.924503241459135,53.77090799875267,90.13300846543298,9.866991534567028,90.97143029885578,38.943109162290185,6.9354695759274945,0.045924503241456804,0.8384218334228055,9.028569701144217,2.0364475759814944,167.12729899591608,20.25371531470664,0.9035696020017291,0.8952983113788444,131.21251017471195,56.76181403059006,23.004312233922185
1599.25,非储层,0.3089200960542026,45.31327816918642,54.37780173475938,88.82008380016848,11.179916199831519,89.6575202099943,38.4248018746295,6.843163016387738,0.04531327816918451,0.8374364098258236,10.342479790005699,2.100153424025322,147.901651049086,20.26122650006823,0.9124616530528572,0.9039138185700978,127.5632831254949,56.849101456729116,22.986042900378248
1599.375,非储层,0.31063272432652667,44.25905680594524,55.43031046972823,86.86950354907803,13.130496450921969,87.72938578489209,37.53084212042018,6.683955628719112,0.04425905680594533,0.8598822358140603,12.270614215107912,2.198481823463624,139.77818013646805,20.232091918529285,0.9139718724516768,0.9052483572440203,130.98022198835108,57.17879615453286,21.99218032548326
1599.5,非储层,0.3122768971355237,44.79444035517359,54.89328274769088,87.94331554403927,12.056684455960731,88.82347212461615,37.98483723260839,6.764808682210026,0.04479444035517394,0.8801565805768768,11.176527875383858,2.043992819938253,167.3231344565169,20.410847790254767,0.9106654947483845,0.9017867671872032,128.74351818671266,56.34627087202613,21.945048296063494
1599.625,非储层,0.3114149844338211,43.99541969647617,55.693165319090014,88.32645578245175,11.673544217548248,89.22200955215433,37.30728284359351,6.644141433186181,0.04399541969647841,0.8955537697025802,10.777990447845664,2.1513520568772893,148.14028113265138,20.517744772133483,0.9110521169433075,0.9020285953595,128.1116755947867,56.69315826981407,21.964230722961638
1599.75,非储层,0.31352818037186936,44.16391103129478,55.52256078833335,86.86589835376599,13.134101646234008,87.73899341587337,37.45016030511426,6.669586815149223,0.04416391103129469,0.8730950621073794,12.261006584126633,2.0022590863039764,154.45991512260306,20.614031388024205,0.9035308622519587,0.8945758448632979,137.1424186600211,56.52872321263344,22.029105161254446
1599.875,非储层,0.322611564469231,43.20205916366454,56.47532927186623,88.13648074892167,11.863519251078325,89.01213912986972,36.634528134154564,6.524328970346314,0.04320205916366199,0.8756583809480406,10.987860870130284,2.099682872908761,140.58980808405107,20.691787516693687,0.903163368105969,0.8942126003053289,141.55140996614873,57.2135859997084,21.939803150521115
1600.0,非储层,0.33196683801779436,43.944773856981065,55.723259305001136,86.78507968428859,13.21492031571141,87.65482303922705,37.264336130687255,6.636492952436834,0.04394477385697981,0.86974335493846,12.345176960772953,2.0443728099686362,142.7047175109298,20.671441012762813,0.9033612189650444,0.8945362614163838,142.26274652674448,57.45497048585818,22.15149703325
1600.125,非储层,0.33835740928512914,44.19274232100076,55.46890026971412,88.59839548073556,11.401604519264442,89.4481623382407,37.47460869286069,6.673940885819062,0.04419274232099896,0.8497668575051545,10.55183766175929,2.2231631131204743,157.25877604106444,20.780404027178097,0.8998451102162464,0.891162570958961,136.17081097935707,55.821530000193384,22.13319198339828
1600.25,非储层,0.34791170724360165,42.96240920459445,56.689679088161945,86.40631728013638,13.59368271986362,87.23603136177644,36.4313095066664,6.488137288723454,0.042962409204595764,0.8297140816400563,12.763968638223567,2.1870476870651956,165.56473900864032,20.87457487431057,0.8989402939408268,0.8903725120995681,142.21265997487794,56.76340837566582,21.9403929829822
1600.375,非储层,0.33868244796529856,42.17820910287545,57.483108449159246,86.9588756707103,13.0411243292897,87.78205055147227,35.76632266934004,6.369708224432534,0.042178209102873565,0.8231748807619623,12.217949448527731,2.2480617769346356,156.5723123500892,21.079219118042932,0.8891501515994549,0.8808226881207007,126.97679125962226,57.7522077006857,22.179600575647033
1600.5,非储层,0.34352533624461473,41.72144219688122,57.93503246687417,87.20545966673006,12.794540333269932,88.02294252253235,35.37899298199796,6.300727772686381,0.04172144219688062,0.8174828558022796,11.977057477467657,2.4363446582233683,139.21349912061345,21.468969737389582,0.8787857103201417,0.8705785847835777,138.10589836055158,56.71984226467191,22.056443089266914
1600.625,非储层,0.33335940671657965,39.995668391446635,59.67097220183678,86.3730381696247,13.626961830375295,87.19196135689842,33.91556947274184,6.040103250313346,0.03999566839144458,0.818923187273712,12.808038643101582,2.307665248009359,171.56965418850595,21.910517616566533,0.8667606933165503,0.8586011069099423,135.87184969622388,57.70082306352944,21.97873590080977
1600.75,非储层,0.3372163482287613,38.20918306225154,61.453600589519695,84.2293608816375,15.770639118362496,85.0637511209978,32.400663740917444,5.770310138271841,0.03820918306225232,0.8343902393602831,14.936248879002212,2.375596943945527,158.05025763923499,22.34180853670071,0.8543917887904903,0.846322240485032,140.51409780985102,58.08098905714667,22.055914479091
1600.875,非储层,0.33789263616555715,37.52585747034103,62.136249893493414,85.24164695295273,14.758353047047269,86.05917934584421,31.821216577836665,5.667115035034021,0.0375258574703434,0.8175323928914843,13.940820654155782,2.084314120560825,183.9903332637457,22.636080466053215,0.8510542328230308,0.8428978399894066,136.44386080306703,57.736261896952556,23.340199969092545
1601.0,非储层,0.34697200187640753,38.55571358761352,61.09731441051007,84.0139915876204,15.986008412379604,84.84789787083025,32.69451506482364,5.822642809202259,0.03855571358761453,0.8339062832098599,15.152102129169743,2.3485460243203415,148.75386521423542,22.760051228281817,0.8553291418717368,0.8469834136839008,143.49116668510374,58.32413395296155,23.317032699743486
1601.125,非储层,0.3501754153283296,38.662700504355044,60.98712408031663,82.89654202092372,17.103457979076275,83.74048762440334,32.78523794440921,5.838799859441471,0.03866270050435772,0.8439456034796237,16.259512375596653,2.245689621342869,174.56459352616343,22.774357235915666,0.8616951135654569,0.853216071762551,134.98807725967623,59.64104023223709,22.990092983503843
1601.25,非储层,0.3570333342802128,38.05547636909799,61.58749029662181,81.6409828653314,18.35901713466861,82.4774884037296,32.270323375579544,5.747097517149344,0.03805547636910045,0.8365055383981981,17.522511596270405,2.281562571860952,166.3430514856539,22.721770648366988,0.8757693551964402,0.8670131692885179,145.21789053174416,58.69546388480199,24.297887846886777
1601.375,非储层,0.3665901625420087,38.10071788770539,61.532691949752596,80.6866638239287,19.313336176071306,81.51452166397058,32.30868732670456,5.753929843113126,0.038100717887706165,0.8278578400418855,18.485478336029416,2.039314797905711,171.3482090641673,22.933519542696704,0.8767745753895354,0.8678990594096078,152.99676692858733,58.77701748597127,23.00646670070661
1601.5,非储层,0.368894113089565,36.27109418873776,63.36001169817267,80.67556646357478,19.32443353642522,81.51900549946872,30.75720107414372,5.477622020405303,0.036271094188739667,0.8434390358939482,18.480994500531278,2.1790830294193735,170.59509070474078,23.19726310628303,0.8718584379602176,0.8629684762576305,142.04062408864905,59.61131611677296,23.152921284393404
1601.625,非储层,0.366685027282746,35.81095782983033,63.82235714288693,81.05820241484565,18.94179758515435,81.90925079840557,30.367014154532267,5.408132717468225,0.035810957829832124,0.8510483835599202,18.090749201594434,2.0330119464466496,169.79187136174983,23.246369566418544,0.8673926604335245,0.858497098002672,144.07298329365813,58.921500506609206,23.041470232428484
1601.75,非储层,0.3713450670559293,37.50872636963467,62.1199285633094,82.60620811335393,17.39379188664607,83.47364790346022,31.806689728817304,5.664527914447731,0.03750872636963387,0.8674397901062969,16.526352096539775,2.1824727371104737,160.8232040612938,23.167343101194664,0.8707703892686836,0.8616613376518358,149.39141330042776,59.78031664743369,21.895904976992696
1601.875,非储层,0.36703629168874946,38.95489674326238,60.67806696504887,80.60085216202071,19.39914783797928,81.49228592767811,33.033014822228694,5.882927024290427,0.03895489674326236,0.8914337656573929,18.50771407232189,2.1820886689440107,147.89948109749614,23.04032116797095,0.8693026411960594,0.8602029954745889,148.84374300980113,58.539728159119164,22.006536632615745
1602.0,非储层,0.3688799797863972,37.6300823957074,62.0010376245062,82.97790598088642,17.022094019113577,83.84785416608602,31.90959734103477,5.6828549722769175,0.037630082395707226,0.8699481851995948,16.152145833913977,2.2923240345245794,161.58543412688613,23.000010448159944,0.8668494724275881,0.8577738512804668,144.75579653488273,59.24723671821441,22.126315385128894
1602.125,非储层,0.3687105802531332,36.236277452950816,63.395011966796055,82.53370721241485,17.466292787585147,83.40114868649171,30.72767714145583,5.472364034042035,0.03623627745295288,0.8674414740768627,16.59885131350829,2.2948024391720794,152.34484569370386,23.027876584751205,0.8653925869289998,0.8562741178440259,131.6952166426165,58.650963349617385,22.0466906152129
1602.25,非储层,0.3653674311820917,37.21054685684558,62.424085711972324,82.762675178588,17.237324821412003,83.65394232801881,31.55383914804018,5.619497161948559,0.03721054685684386,0.8912671494308171,16.346057671981185,2.1096840085336406,161.49732626429562,23.03391170062689,0.8550072748949742,0.8460479599875533,153.4726264674747,58.55498227916561,22.219504200477882
1602.375,非储层,0.3610615673005282,38.87128253067672,60.76765590202275,84.31242314697288,15.68757685302712,85.22696182040505,32.96211155320209,5.870299694943956,0.03887128253067529,0.9145386734321652,14.773038179594955,2.233286137439517,160.88913312864315,23.070562954961872,0.8527386903693623,0.843687561867205,132.73522219717253,58.02166245408489,22.033090883564473
1602.5,非储层,0.36801396453820634,37.23205298049712,62.39993305496468,83.32365922263646,16.676340777363542,84.24288824607004,31.572075933675425,5.622744993841201,0.037232052980494534,0.9192290234335752,15.757111753929964,1.9845676074953218,156.62005432448333,23.103969726181212,0.8514100665972552,0.8422021034552605,140.69150998344733,59.20277749764938,22.08966786085211
1602.625,非储层,0.37063500142654204,35.87304928661217,63.756315711961285,82.58478524879663,17.41521475120337,83.52077492521836,30.41966653417343,5.4175097031521275,0.035873049286612446,0.9359896764217384,16.479225074781635,2.121170361345578,160.59657493902256,23.089076297819602,0.8490793556576335,0.8397590300438049,147.574021067135,58.073529002702905,21.919729906863466
1602.75,非储层,0.365533222074975,37.36434319494302,62.27012358298201,83.8675841822207,16.1324158177793,84.82583699301749,31.684255530593052,5.642723321155021,0.037364343194943445,0.9582528107967931,15.17416300698251,2.231654480850848,166.34542903435525,23.23411716727831,0.8400393644983883,0.8307140553424068,150.41357357482732,58.2673178891214,22.091038399384786
1602.875,非储层,0.3694480282331168,37.28795062056458,62.3426013512023,85.76034336468452,14.239656635315479,86.73443875137977,31.61947607402351,5.631186595920503,0.03728795062056603,0.974095386695256,13.265561248620228,2.246609965883803,160.43673152546526,23.25390513367364,0.8336903821913368,0.8244198106510685,139.07733742343106,58.47418682490521,22.014590335490574
1603.0,非储层,0.376033185654473,36.998353877860566,62.625612936484956,85.55138174761531,14.448618252384692,86.50235274835313,31.373903519762656,5.58745200422005,0.03699835387786024,0.9509710007378241,13.497647251646871,2.3804634641263753,169.16699971743725,23.22921023516539,0.822733388505161,0.8136883359346826,136.07964366271148,58.21451160044549,22.149812061096338
1603.125,非储层,0.3791945296817881,36.10371677088412,63.51708869943409,87.39967880567401,12.600321194325993,88.34617551372455,30.6152681931171,5.452344860996135,0.03610371677088414,0.9464967080505353,11.653824486275454,2.2058835309526867,156.88418717595079,23.45172416365119,0.8063542361266878,0.7976031036815769,134.9051531968581,58.30675254430969,22.088900021071055
1603.25,非储层,0.38217842893447124,34.92412341420913,64.6936981568564,87.45377512636666,12.546224873633339,88.40620600812862,29.614995362410983,5.274203928383934,0.034924123414211555,0.9524308817619613,11.593793991871381,2.2392421846555934,170.81751058913503,23.725354203074403,0.7897509649902211,0.781337161364751,146.03693929649694,58.09732598030231,22.205581641200634
1603.375,非储层,0.37559960368383105,34.30540786273436,65.3189925335818,88.96615745823546,11.033842541764539,89.90683835609947,29.090336290220158,5.180766164651465,0.03430540786273639,0.9406808978640112,10.093161643900528,2.461155836272682,162.26072750165036,24.068239006189337,0.7737090941734452,0.76552882489752,155.04433099386372,60.75209225068105,21.99864967291945
1603.5,非储层,0.3846297055152893,33.27235316907614,66.34301712540856,87.54725717536279,12.452742824637209,88.49551419717588,28.214325471023542,5.02475534488352,0.03327235316907748,0.9482570218130768,11.504485802824128,2.202285621183598,176.0648025353059,24.256289104951207,0.7653414120891784,0.7572631254222737,149.07282010326554,60.22025260641445,21.810143664671834
1603.625,非储层,0.3812649937639389,34.06284371271976,65.5558912935163,88.38854340421875,11.611456595781245,89.34059280084932,28.884646483991645,5.1441343850153975,0.03406284371271773,0.9520493966305584,10.659407199150683,2.221295502551826,171.18068430284222,24.318316549286653,0.76594548037385,0.7578028093443109,138.87870707280882,60.28257581197026,22.18297712584201
1603.75,非储层,0.3709114527447593,34.269286646312715,65.35980190094253,86.31140615863863,13.688593841361364,87.27600821333077,29.059706182654555,5.175311177011845,0.034269286646313596,0.9646020546921343,12.723991786669231,2.449737325866843,170.11414812302468,24.31157201212191,0.7669068862730638,0.7586798398815207,132.35426238594454,60.7441533602535,22.87608960186311
1603.875,非储层,0.3637732864390785,34.38972579652928,65.24650091703165,88.622656170975,11.377343829025,89.59327851597223,29.161836301507165,5.193499769225587,0.03438972579652699,0.970622344997229,10.40672148402777,2.216830782249505,168.13717392641377,24.25207737648641,0.7655120576858655,0.7573121334455346,135.53248914380305,60.296206070096844,22.683112637985253
1604.0,非储层,0.3659701920224854,33.92109240932808,65.71293739864944,89.02450203055501,10.97549796944498,89.98113484664832,28.76444406279494,5.12272725412381,0.03392109240932806,0.9566328160932962,10.018865153351687,2.4193549040486095,175.86546932768994,24.32766283617312,0.7575940788863667,0.7495004393467182,147.7049539048191,59.40037677623927,22.905916568388
1604.125,非储层,0.3578415892414948,33.248566199642525,66.39359221111599,91.02856679741161,8.971433202588386,91.99602447574583,28.194154571353213,5.021163062089671,0.033248566199641644,0.9674576783342208,8.00397552425417,2.4481796330397723,192.0738287393467,24.371919505521877,0.7470869909470518,0.7391459532890359,148.71792493326367,60.48060683286101,22.776090288605474
1604.25,非储层,0.36576180883439297,33.76944348770219,65.86479470346342,90.4559739007708,9.544026099229196,91.44906678675444,28.635848648748325,5.099825395466162,0.03376944348770228,0.9930928859836418,8.55093321324556,2.460218074706083,173.10823226588292,24.311732995491923,0.7449701334382278,0.7370347574848333,134.94727577015053,60.18706887961058,21.93319447426277
1604.375,非储层,0.3679641054449442,35.025528866664644,64.60650702789042,90.47989000499365,9.520109995006354,91.47980892642018,29.700985265967777,5.289518071830203,0.035025528866664685,0.9999189214265276,8.52019107357983,2.2683433165237794,181.5513429522101,24.219362874060778,0.7499334592498675,0.7417801259427667,147.41006036904207,60.512727436692145,22.048515735622793
1604.5,非储层,0.3584857065323023,34.930834546103576,64.71067974736413,88.09872266074026,11.901277339259742,89.12032230831944,29.620686275181317,5.275217436376154,0.03493083454610066,1.0215996475791855,10.879677691680556,2.44075130589853,194.14110505387197,24.19943226782144,0.7544757422694269,0.746135148016472,136.4729195585465,59.123188105961425,22.011677591365412
1604.625,非储层,0.35317077406673175,33.47870829609296,66.1681209298403,89.14560230413642,10.854397695863582,90.15939437362015,28.389310711372527,5.055918876424342,0.0334787082960919,1.0137920694837286,9.840605626379851,2.391082455496967,168.24617914278463,24.05981763782126,0.767436033757124,0.7588745218363073,128.640007053133,59.003564089780994,22.05753904339643
1604.75,非储层,0.3543219805314157,35.31098944175327,64.33468857771531,86.60004216115377,13.399957838846232,87.58440969057924,29.943050428409656,5.33262802390186,0.035310989441754426,0.9843675294254624,12.415590309420764,2.206850157649625,165.02961536147575,23.943630832925358,0.7763910399691207,0.7676754048531608,148.5723881973066,58.600467273995875,22.01246941259655
1604.875,非储层,0.34421579075028247,36.31469857599035,63.341085633259375,88.14030835509256,11.859691644907445,89.13699914186563,30.794176768879144,5.4842071085352115,0.03631469857598921,0.9966907867730672,10.863000858134376,2.4388110124715436,158.4714209867284,23.75453640782863,0.780385304308083,0.7716747236700391,144.03719975463082,59.14432847758875,21.935226346970566
1605.0,非储层,0.3342150754440887,36.988783622618904,62.67700130193701,89.10952540923977,10.890474590760235,90.11731003623451,31.365788124531758,5.586006714464525,0.03698878362262126,1.0077846269947461,9.88268996376549,2.1780287220245507,158.13744831073606,23.581373710236143,0.7900158311784353,0.7811394613834701,135.0273119188279,59.8806617210996,22.014230794285226
1605.125,非储层,0.33965859844088486,35.372117033984786,64.28822436757433,87.28610366742959,12.713896332570418,88.30275976678902,29.99488546916304,5.341859447787761,0.035372117033982686,1.016656099359444,11.69724023321097,2.0545579604431614,171.23811814009517,23.41131285232869,0.7996411691315011,0.7905935363972563,150.87746183221867,59.526831627498666,21.85509589183544
1605.25,非储层,0.34353728195178146,37.16654173495581,62.48992098309242,85.04740350363765,14.952596496362347,86.03886584581521,31.51652363792038,5.612851555300471,0.037166541734953706,0.9914623421775539,13.961134154184796,2.2207592140376553,164.60963498435376,23.416997179616953,0.8067705563308134,0.7975945129508433,138.09637941122097,59.99915155370939,21.94515141817977
1605.375,非储层,0.33657130654102513,36.27661689585514,63.38681179760384,85.0505452196498,14.949454780350191,86.03166351686434,30.761884225206078,5.4784560537532085,0.036276616895855596,0.9811182972145326,13.968336483135657,2.379672221626464,166.30859935953686,23.541533009790985,0.8066214526547529,0.7974670502684363,151.53670078993522,59.581906601494,21.887796699178114
1605.5,非储层,0.33650281897309403,35.65064425134052,64.01285292968637,87.33766131367648,12.662338686323515,88.31660540144763,30.23107127553147,5.383922331557718,0.03565064425133796,0.9789440877711466,11.683394598552365,2.2924108692271896,153.3200164552323,23.444427896947598,0.8138402397739465,0.8046999701210971,150.22245007999527,58.44231827841968,22.00667643898899
1605.625,非储层,0.33011718316353367,36.43874047614084,63.23114234069563,85.62615385662669,14.373846143373314,86.58104892838512,30.899361951457184,5.502939784207516,0.03643874047614126,0.9548950717584338,13.418951071614881,2.1010570101394355,170.5000063026518,23.573705265891242,0.8069120964481058,0.797964643225125,148.46141678797943,57.787640915968,22.066955052102177
1605.75,非储层,0.3339883903402513,35.770762489476006,63.89524912018374,86.03471210226078,13.96528789773921,86.98830390862564,30.332929267015825,5.402062459970703,0.03577076248947805,0.9535918063648517,13.011696091374358,2.0959639188071013,170.37219065048657,23.691750447532353,0.7972333476198303,0.78850407927524,128.27261804920528,59.449556902745485,22.153405381598205
1605.875,非储层,0.33111149219511415,34.99140602122043,64.67748248658445,87.45717411973732,12.542825880262686,88.41732713427898,29.672049739151618,5.284364876047592,0.034991406021218224,0.960153014541662,11.582672865721023,2.2417904127144532,168.27492855481842,23.851974281946667,0.7971434024081809,0.7884138017394287,132.95343433254158,60.092437648457555,21.984841568032348
1606.0,非储层,0.3231874449932077,33.940883535096674,65.73592901991012,85.11654149652749,14.883458503472513,86.06999285429269,28.781226562699164,5.12571608886242,0.03394088353509406,0.9534513577651971,13.930007145707313,2.079508523478624,184.2523219654488,24.141765618621367,0.7926030344780269,0.7838670346304716,150.30337960450277,59.71996816278354,21.95107787030837
1606.125,非储层,0.32388578459353123,33.32203621642709,66.35407799897938,83.48156709541124,16.518432904588764,84.43607941583528,28.256455754422156,5.032258425788504,0.033322036216427986,0.9545123204240429,15.563920584164725,2.2284946314385152,165.96312620573806,24.525162985668228,0.7835270307582523,0.7748652987584447,149.88388565426774,59.81993070401107,22.00612479766556
1606.25,非储层,0.3157178365751837,31.64705654411658,68.03722561930824,84.64058109898424,15.359418901015754,85.58890730501496,26.836104708261715,4.779304779310749,0.03164705654411584,0.9483262060307113,14.41109269498504,2.2524343109373275,180.89467955797647,24.699484254819993,0.7874406908790574,0.7786962532968924,134.20747728029136,58.98869825254055,22.13916354237329
1606.375,非储层,0.3226355813199436,33.13536813184719,66.54199628683287,83.38655291320754,16.613447086792466,84.31807319009503,28.098164753282962,5.004068010432376,0.03313536813184942,0.9315202768875002,15.681926809904967,2.2894561606235317,170.58165425591994,24.896029840929984,0.788321787104391,0.7795904125631955,147.74628517539034,58.815320100086694,21.9682847815426
1606.5,非储层,0.314660844959321,31.838123047350052,67.84721610769063,82.13913142012038,17.860868579879618,83.04896686446101,26.998125485134505,4.8081594391681985,0.0318381230473494,0.909835444340628,16.951033135538996,2.3504711494254655,185.5283251326407,25.211094929256898,0.7764115874281318,0.7678877679426428,153.28289510845474,61.07342722459112,21.930605719906016
1606.625,非储层,0.31729716600509694,29.915761405917095,69.76694142807781,84.42995729522235,15.570042704777642,85.36244456122508,25.36799921336812,4.517846431143058,0.029915761405918673,0.9324872660027131,14.63755543877493,2.3666904610115296,172.54224393855418,25.41783163189272,0.7657561123349349,0.7573989057221415,162.99567422448288,62.28656191343913,22.037902611133557
1606.75,非储层,0.3169397744361419,29.40019958372909,70.28286064183476,86.72946035068237,13.270539649317625,87.6786586354659,24.930812550383134,4.439986833762228,0.029400199583728276,0.9491982847835265,12.3213413645341,2.0220727356194477,184.61537871555717,25.933389884382585,0.739758445039617,0.7317399617146402,144.84218176488272,60.54290462229001,22.163986794942584
1606.875,非储层,0.31856721194492965,27.53804094712715,72.14339184092792,88.40004811821625,11.599951881783754,89.36281912301575,23.351737286761693,4.15876561941833,0.027538040947126113,0.9627710047995109,10.637180876984242,2.361117046826813,167.89862113585107,26.355818687023866,0.719130711484197,0.7112771008599834,148.0538906421325,61.320159005332435,22.066561887756517
1607.0,非储层,0.30933840799107853,27.255756381742525,72.4349052102664,85.8245185750858,14.175481424914194,86.80624056870406,23.112365320410643,4.116135304950137,0.027255756381743684,0.9817219936182416,13.193759431295948,2.237930173865488,187.41454363292735,26.537638160781093,0.7125748683649258,0.7046468723366556,170.85555078485604,61.15524344021074,22.066359205418568
1607.125,非储层,0.31075626904616577,27.951187798790045,71.73805593216379,85.07755321285156,14.922446787148447,86.0865764499882,23.70207799398223,4.221158617009026,0.027951187798790078,1.0090232371366543,13.913423550011794,2.3664025265230184,185.1697465636635,26.654469614116252,0.7170774886363529,0.708927966882183,148.3786940995796,60.926010486005765,22.190496387660936
1607.25,非储层,0.31457331704200037,28.157177587989366,71.52824909496863,83.19592375535927,16.80407624464072,84.18432497298214,23.876753434779694,4.252266975621686,0.028157177587988247,0.9884012176228569,15.81567502701786,2.1082878857106815,200.06295315512958,26.74822048959702,0.7276877876623496,0.7192097021191073,148.5885212364264,61.36105035211367,21.97259457629467
1607.375,非储层,0.3095066994645864,26.563109770852723,73.12738352968269,82.24862464447943,17.75137535552056,83.24004724048628,22.525014109730137,4.011532551351731,0.026563109770853105,0.9914225960068311,16.75995275951373,2.282292374044138,194.21065894501737,26.746591248657726,0.7401037873150249,0.7312974873408515,147.61001456182606,61.002324040315955,21.968453465029302
1607.5,非储层,0.31281893027565105,27.299090262726576,72.38809080699778,80.33535209746474,19.664647902535272,81.33410709669555,23.149111630952426,4.122679541511425,0.027299090262726533,0.9987549992308266,18.66589290330445,2.2752707483905037,185.73486353957784,26.672325876090703,0.753335940728171,0.7442232498384478,143.98195181621037,62.465300275388564,22.003906962169747
1607.625,非储层,0.30921950328109665,28.779812511895297,70.9109679848236,80.26360153077489,19.7363984692251,81.27782724648756,24.404736060578315,4.346296638805089,0.02877981251189418,1.014225715712669,18.722172753512435,2.1965228457168715,189.98316062872445,26.727790842987933,0.7585510516959661,0.7492281337972473,156.12032153814613,62.479364122715005,22.122041244009033
1607.75,非储层,0.3030767892136371,27.58010527298894,72.11681793779742,80.29913830401077,19.700861695989236,81.31540341698042,23.387407038598987,4.165118129116966,0.027580105272989597,1.016265112969649,18.684596583019587,2.309866749736934,190.0590822596693,26.52313862543967,0.768643331528763,0.7590773341048689,144.2040905449601,61.07217738081016,21.951542243581052
1607.875,非储层,0.2983526068292617,28.792157459942658,70.90948993322807,80.42796402751536,19.57203597248465,81.44736451873106,24.41520434276927,4.348160959713445,0.0287921574599434,1.0194004912157204,18.55263548126893,2.4018002411111947,170.95016649661827,26.52233737135203,0.773593491614572,0.7638528667506488,148.13267794080053,61.7425382560579,22.118340914425463
1608.0,非储层,0.29764083970188765,27.327546483657862,72.37481267664026,78.33687594267761,21.663124057322392,79.35567244398622,23.173241967479893,4.126976969694309,0.027327546483658927,1.0187965013086129,20.644327556013774,2.3386273241635154,182.16383623531016,26.724477697065844,0.7676089478850174,0.7579882575452456,148.45138101592974,61.23275875400759,22.152420049480245
1608.125,非储层,0.29577020615124655,26.60314791667282,73.10108187717593,80.33529913258232,19.664700867417682,81.33043063327858,22.55896569925806,4.017579069498087,0.026603147916673398,0.9951315006962613,18.66956936672142,2.2312174020674505,185.74857847835068,26.64682118074738,0.7684257404537586,0.758897404358016,167.694730733031,62.28500463161893,22.10091996058202
1608.25,非储层,0.30279270334565567,28.41705449139572,71.28015280525862,80.88817718194817,19.111822818051838,81.86792259917286,24.09712412806517,4.291513308839154,0.028417054491396837,0.9797454172246922,18.13207740082714,2.4363212082367873,192.84317542540592,26.755413145188026,0.7696679972068026,0.7601630124279241,153.79299746875904,60.951276013718655,22.01241380384304
1608.375,非储层,0.30657341095894475,27.621952240043456,72.0714743489976,78.64814580061437,21.351854199385624,79.62972623558542,23.42289247428343,4.171437813519984,0.027621952240042963,0.9815804349710381,20.37027376441458,2.1858644256635094,203.41562274275614,26.665812663350213,0.771870498603161,0.7624815826223657,152.38682847319888,61.04459069464388,21.9011633960923
1608.5,非储层,0.30537967912679265,28.290724802191004,71.4038955186822,78.51220905322461,21.487790946775387,79.47540948395368,23.989998943688732,4.2724351337000765,0.028290724802192135,0.9632004307290686,20.524590516046317,2.155618366188961,179.0507613964115,26.665809911252158,0.7716305707108964,0.7623551795885712,147.64659538370543,62.425927020394994,21.99220772637548
1608.625,非储层,0.3095205255231514,26.593771693293633,73.09670778118321,80.43959189984487,19.560408100155126,81.38923620644182,22.551014839372524,4.016163082227815,0.026593771693293744,0.9496443065969402,18.61076379355818,2.3243103641975424,212.6829994660623,26.998129399515832,0.7593809304933301,0.7503453847563413,149.29830898083316,62.48258167317218,22.153267336745735
1608.75,非储层,0.3031975197267923,24.817485545062013,74.8793169352112,82.2396294278052,17.760370572194805,83.19388130560282,21.04475781988233,3.7479102396346193,0.02481748554506169,0.9542518777976146,16.80611869439719,2.4235111933161124,190.6223341596612,27.183899114827213,0.7504629122690057,0.7416999985487888,142.86997922160106,62.466302173638994,22.115401931826796
1608.875,非储层,0.3096339185441264,25.604227209067965,74.0861388723879,80.15578137910452,19.84421862089547,81.08639058864448,21.711899853903212,3.8667231279556837,0.025604227209067437,0.9306092095399457,18.913609411355527,2.6278494086863,189.4100333087763,27.453474816809923,0.7373520742659516,0.7288881556873401,148.64473297496858,62.530801367126315,21.98719428006171
1609.0,非储层,0.3135810644397733,25.359686197316123,74.3267327382441,80.76639444625509,19.233605553744905,81.69701678489574,21.504533706353648,3.829792804765159,0.025359686197315434,0.9306223386406379,18.302983215104263,2.38288259462671,198.6328181181244,27.415179353012434,0.741129059069962,0.732570051986092,155.29837705344818,61.95878461876801,21.858091987825276
1609.125,非储层,0.3111659960873972,27.012385585420407,72.6764484184922,79.3247183867488,20.675281613251194,80.28239958521426,22.905991493387305,4.0793817064476805,0.027012385585421794,0.9576811984654497,19.717600414785743,2.4867078124786013,199.30824743901545,27.343701852741653,0.7460539822990618,0.7373566822784527,161.1912162847035,61.99428773961696,22.041365832367784
1609.25,非储层,0.31078508963591683,25.591725835567512,74.09748907479657,80.90281066466403,19.097189335335962,81.87805026255045,21.70129892588997,3.8648351838419757,0.02559172583556854,0.9752395978864046,18.12194973744956,2.4449817382386385,188.00057875194565,27.19743449482671,0.7531211165547351,0.7441913966346907,148.6956816071953,61.61201592970331,22.0564136853291
1609.375,非储层,0.3051826278498544,27.19438399337798,72.50043337877217,78.92849962583233,21.071500374167673,79.9064383189271,23.0603226971717,4.1068669122129,0.02719438399337859,0.9779386930947711,20.093561681072902,2.3643479581226763,181.48862071902434,26.910792775482157,0.7603556398253806,0.7512554434054604,160.96408009944213,61.82349388038774,22.077805329246072
1609.5,非储层,0.3057687829448294,28.461916742397896,71.23231447465727,81.0858094886505,18.914190511349503,82.05640634554692,24.135166467442435,4.298288358213066,0.028461916742397037,0.9705968568964203,17.943593654453082,2.134928129357331,184.22400300351873,24.22151785632187,0.7695782512998095,0.7876462623561952,140.21891465725247,59.28286296633997,21.98698899875667
1609.625,水层,12.142036852231284,45.50905533284238,42.348907814926335,95.46234118703312,4.537658812966883,95.80059628850022,40.716690740542575,4.746855536966963,0.045509055332839526,0.3382551014670969,4.199403711499783,2.154695596263964,194.87583426689665,21.267766361694356,0.7873957775313499,0.834333067696382,131.96064706399605,55.933320265944424,22.179842728711126
1609.75,水层,12.442499804992885,46.42882428721589,41.128675907791234,96.51472792717132,3.4852720728286823,96.85038726258254,41.539602747704194,4.842792715224482,0.04642882428721393,0.33565933541123427,3.149612737417451,2.0286177923166377,189.14253890495306,18.417568820837253,0.7885027346347826,0.8652452215679154,112.89248003540833,54.79934993260572,22.195750940231314
1609.875,水层,12.756777523886436,46.01480391614229,41.22841855997127,98.8201938518433,1.1798061481567035,99.14946410906498,41.169181096760305,4.799608015465849,0.04601480391614038,0.3292702572216814,0.8505358909350225,1.8030940119892478,197.01461888560718,15.660757933581532,0.7988054968114658,0.906944790869141,112.91678372964864,53.70285287916981,22.028421862949006
1610.0,水层,13.017491710850376,46.60388158158328,40.37862670756633,96.70961645666169,3.2903835433383044,97.03278008796863,41.69622550474678,4.861052195254924,0.046603881581584045,0.32316363130693715,2.9672199120313714,1.82674091586277,177.36575182664063,15.512114974321095,0.8072451795120105,0.9194385252133642,107.26497214874888,50.49313673148535,21.978535619676062
1610.125,水层,12.87885844247724,46.82022421219017,40.30091734533259,94.15340865222554,5.846591347774465,94.47979207802514,41.88978601528673,4.8836179726912485,0.04682022421219276,0.3263834257996088,5.520207921974862,1.860262753789477,198.20738459458212,15.458864689896611,0.8246383502952664,0.9407458440124998,113.23209793111755,53.29593148486314,21.862348762053863
1610.25,水层,13.041923856939539,47.683536020191006,39.27454012286945,91.93450907416926,8.065490925830742,92.26248484132049,42.662186137458924,4.973666346711887,0.047683536020191875,0.32797576715122556,7.7375151586795194,1.9241317405708231,177.02846040839876,15.49229313043753,0.8385669145276713,0.9562536676011809,101.26759429501226,52.37862590632862,22.001666560658464
1610.375,水层,12.927442849870472,46.68372442632752,40.388832723802004,94.32532116180158,5.67467883819841,94.64534009607003,41.7676604399156,4.869380261985588,0.04668372442632879,0.3200189342684419,5.354659903929971,1.8417314841300916,193.5323335800986,15.39003216450887,0.8420114144972992,0.9608884639586128,109.37193234356793,53.75680351273164,21.959463377938146
1610.5,水层,13.104204667474379,47.53907365928874,39.35672167323689,97.04922386005822,2.95077613994178,97.37547275585207,42.532936491877706,4.958598093751748,0.047539073659286224,0.3262488957938475,2.624527244147934,1.9156290014919701,183.25978134211994,15.153426336328051,0.8318877447818716,0.9521724821850504,99.77024249193848,52.11010687691439,22.016400346893352
1610.625,水层,13.131490078510277,47.67772697239545,39.19078294909427,99.65458907646172,0.34541092353828073,99.99,42.65698881572024,4.9730604297028185,0.04767772697239561,0.3354109235382805,0.009999999999998899,1.8970926480688748,192.9346216400368,15.072835827947465,0.8116020742074452,0.9320572913488165,103.66566166872774,51.650356074837454,22.223122287334053
1610.75,水层,13.414013703320732,46.70801691173004,39.877969384949225,97.5965258745292,2.4034741254707948,97.92541170986468,41.78939478724976,4.871914107568544,0.0467080169117326,0.32888583533547033,2.0745882901353263,1.814261284224631,196.33792713486963,14.890805450038538,0.8080542338239394,0.9300609645539458,107.6728213753318,52.87512149136255,22.092504066432657
1610.875,水层,13.147775562034154,47.64139844581945,39.210825992146404,97.37719845929158,2.6228015407084193,97.70731157833744,42.62448589139372,4.96927115597991,0.04764139844581905,0.3301131190458566,2.2926884216625587,1.896036507901389,175.77070542603022,14.813783195159752,0.8019147594545732,0.9239830764976376,115.56980264297135,52.59165158192897,22.115834081151704
1611.0,水层,13.153249879546383,47.615053188720616,39.231696931733005,99.65967154640929,0.3403284535907214,99.99,42.60091494099873,4.966523194533164,0.047615053188718864,0.33032845359071805,0.009999999999998899,1.857400800795548,180.66973687086733,14.712810860799921,0.8045637565051711,0.9290659427285062,100.52102007097457,51.77730401481458,21.98464477331508
1611.125,水层,13.526623097609026,48.38496590013534,38.08841100225563,99.6662738577752,0.33372614222481056,99.99,43.28975142724552,5.046829506989684,0.04838496590013619,0.3237261422248072,0.009999999999998899,2.0221845569380466,197.6109677695561,14.478879118622046,0.8151718128397961,0.9426434296479549,96.73273089804044,51.23695252019378,22.07404466956672
1611.25,水层,13.525323856876662,49.06601872610628,37.40865741701707,97.85483952603795,2.145160473962049,98.16924300071712,43.89908548373646,5.1178672236437155,0.04906601872610439,0.3144034746791707,1.8307569992828787,1.903396844928306,194.945549586124,14.217582881340494,0.82807499344079,0.9590071277087219,97.29216388622196,50.85442061212578,21.92740807061947
1611.375,水层,13.266966939875289,50.30700706423805,36.42602599588666,97.57458488859263,2.4254151114073808,97.88993400857619,45.00939063085003,5.247309426323785,0.050307007064240294,0.3153491199835726,2.110065991423804,1.8648516122356253,195.21561355099502,14.015257704929187,0.8542444272322147,0.9906972414766961,99.8213788922642,51.713854711524576,21.981319653920956
1611.5,水层,13.525388774605352,50.64570340797694,35.828907817417715,95.3770379027464,4.622962097253602,95.69600920499148,45.3124203066389,5.282637397930067,0.05064570340797617,0.318971302245086,4.303990795008517,2.0588693177679382,187.33329715334176,13.92978306326861,0.8865287637394597,1.028040718212967,102.84609095842156,51.12414456913458,21.884710816760105
1611.625,水层,13.757939476076356,51.01560245186205,35.2264580720616,92.8913885102093,7.108611489790706,93.21222318049057,45.643366859252204,5.321219990157985,0.051015602451862097,0.3208346702812782,6.787776819509428,1.9364509432609172,189.0554434586223,13.8970505092427,0.9073223132647805,1.0532119131514426,113.21639420972316,50.13350443737552,21.92183290943401
1611.75,水层,13.969818312522845,50.45150907535496,35.5786726121222,92.8505293531718,7.149470646828204,93.17621870283543,45.13867575125084,5.262381815028768,0.05045150907535406,0.3256893496636323,6.823781297164578,1.9343800289932687,182.8058684366716,14.02740914252506,0.9230433409067473,1.0715243112802875,112.32160495317129,50.347944377332105,22.10420910457455
1611.875,水层,13.715774560407434,50.17160457060268,36.11262086898989,91.5868316421006,8.413168357899393,91.90501125022924,44.88824679653995,5.233186169492119,0.05017160457060563,0.31817960812863216,8.09498874977076,1.8248545002171441,194.07402666972,14.030837077493707,0.933750272697173,1.0828278516122056,99.80780965635499,51.65271472496668,22.09801941380992
1612.0,水层,13.41794548691628,51.317510459459115,35.2645440536246,93.13105838857405,6.868941611425949,93.4493797621704,45.913482221733744,5.352710727265916,0.05131751045945668,0.318321373596345,6.550620237829607,1.8928671665910106,185.46027849981934,13.92685055125511,0.9372043287138895,1.0840426690957465,95.69430277738375,50.82970646370197,21.864574504288488
1612.125,水层,13.015587835883945,52.276265388598006,34.708146775518046,94.64173515642787,5.358264843572124,94.96054770824753,46.77127475687228,5.452714366337126,0.052276265388599696,0.3188125518196613,5.0394522917524665,1.858195381626582,204.10603686734407,13.872608245535304,0.936309899280078,1.079654462925008,99.72977485418625,51.44989165312795,22.174263440388707
1612.25,水层,13.118031027512489,51.15549977400411,35.72646919848339,94.98940308847655,5.0105969115234466,95.30392785167463,45.76853219084232,5.335812083387784,0.051155499774005464,0.31452476319807543,4.69607214832537,1.9665976535093632,177.96119023749338,13.895756648546188,0.934496323227719,1.0758669907492402,113.41666854756919,50.41709974467348,22.095643781729446
1612.375,水层,13.347864204110868,50.05765989466355,36.59447590122558,92.14620955151138,7.853790448488618,92.45442852940685,44.7863011486285,5.221301086140384,0.050057659894664486,0.30821897789546826,7.545571470593149,1.6802506295146045,177.0342935511803,13.963211839333155,0.9395435858921468,1.0791567948796756,102.73823229790044,50.5132320864045,22.039824292562933
1612.5,水层,13.036716704336682,51.297145195704765,35.66613809995856,91.62832616758493,8.371673832415071,91.92913545586593,45.89526153707942,5.350586513429634,0.05129714519570561,0.30080928828100556,8.070864544134071,2.0218530400982933,189.06209965891492,14.065053988494565,0.9491015169925745,1.087768309923986,83.66749305449298,49.71169930735878,22.131842286485867
1612.625,水层,12.789679158650383,52.186977478420474,35.02334336292915,91.475498230744,8.524501769255998,91.77830715138623,46.69138937584253,5.443401125099517,0.05218697747841894,0.3028089206422327,8.22169284861377,1.8724088189132395,184.88610493198857,13.962973741665968,0.9719620230862693,1.110492376650566,110.04359264459666,50.75013752859259,21.96121104614147
1612.75,水层,12.450401275097859,53.45746032295282,34.09213840194933,92.49888293382378,7.501117066176222,92.80416319181381,47.82808308863549,5.575919773994382,0.05345746032295179,0.3052802579900378,7.1958368081861845,1.7786833048971995,169.47354877995417,13.761104183415185,0.9926727253812857,1.13039487467959,102.10738542604666,50.20099725487921,22.015852964357315
1612.875,水层,12.42560132956136,53.05147942069127,34.52291924974736,91.80771232430696,8.192287675693033,92.1175484180072,47.464854304318784,5.5335736369517985,0.05305147942069113,0.3098360937002361,7.8824515819928,1.8454465934880597,179.5862738171034,13.64580392551598,1.0010107909773265,1.138074611963961,102.77480381499274,50.18907733136164,22.17042324287764
1613.0,水层,12.546046659971468,52.78854551754978,34.665407822478755,92.1612786240038,7.838721375996204,92.47372793169745,47.229608849516076,5.5061481225161515,0.052788545517552105,0.31244930769364804,7.5262720683025535,1.9349676783634435,174.14466972968177,13.68830809244237,0.999327957712543,1.136090224527958,101.6432844138893,50.20594185573957,22.07469711652137
1613.125,水层,12.839983886381923,51.76848439194611,35.39153172167197,91.15169702235387,8.848302977646128,91.46722164633991,46.31696601208761,5.399749895466552,0.05176848439194734,0.3155246239860444,8.532778353660087,1.997412550344249,181.29999809284553,13.764128250710748,0.9931736772319729,1.1306433000848908,79.93809980628369,49.29899757353825,22.198352505866257
1613.25,水层,12.85057748500418,52.41122808207328,34.73819443292255,92.13359794691323,7.866402053086774,92.44394479162585,46.89202510450205,5.46679174948915,0.05241122808207488,0.31034684471263135,7.556055208374146,1.801496845425785,193.85186156078512,13.753609384919459,0.9915989980129305,1.129337902182472,88.5750262909271,50.79166124499736,22.070855215778234
1613.375,水层,12.49259955088624,53.014841843244675,34.49255860586908,92.19904806831961,7.800951931680389,92.50980620048271,47.43207487395124,5.5297521274501955,0.05301484184324426,0.3107581321631039,7.490193799517286,1.8590001242188523,166.43024382809247,13.769441310943952,0.9801880045275803,1.1164235290214535,91.57061490757862,49.88302542447256,21.93195251153869
1613.5,水层,12.461415171279395,52.101528456681166,35.43705637203945,94.48948795299205,5.510512047007943,94.80387277831167,46.614938626276434,5.434488301948058,0.05210152845667934,0.31438482531961437,5.196127221688329,2.0075401370558175,197.05462565032028,13.646903983331368,0.9672951697103965,1.1005139200554064,92.81227476720146,50.676909260579166,21.820862222462242
1613.625,水层,12.210882752334767,52.2326142878314,35.556502959833836,96.63880934112615,3.3611906588738583,96.95623023877565,46.73222036742387,5.448161306119699,0.05223261428783238,0.3174208976494968,3.0437697612243575,1.9342873071453108,165.33427695991105,13.700348619492816,0.9569846797331973,1.0854391373309424,92.45869752258768,50.61685262977947,22.15699796065539
1613.75,水层,12.084641534846394,51.83468474352668,36.08067372162692,94.63781888640798,5.362181113592013,94.94935416600052,46.37619508688399,5.406654971899168,0.05183468474352776,0.31153527959252963,5.050645833999479,1.7506392524604624,184.38636034035937,13.851873261442039,0.9442917525743297,1.06999647817207,106.10459245782803,51.959496722507446,22.084512549752837
1613.875,水层,12.371144459334898,51.3085201455288,36.320335395136304,92.8722768141646,7.127723185835411,93.1752377552582,45.905438639433825,5.351772985949445,0.05130852014553072,0.3029609410936154,6.8247622447418,2.0635514471770344,180.73361138653726,14.000871867984907,0.9360469949876253,1.0592279733002479,95.00275045610681,51.42213580204081,21.870978278012874
1614.0,水层,12.26707297075004,50.66153555516322,37.07139147408674,94.48257014790539,5.517429852094602,94.77887124008952,45.32658523790428,5.284288781703771,0.05066153555516387,0.2963010921841134,5.221128759910487,2.057449505354292,165.45638934989432,14.168907529704851,0.9470965741380092,1.0686044632464307,90.51599553327392,50.52781368305278,21.979451635682082
1614.125,水层,11.899726035450975,51.78217803915872,36.31809592539031,92.0858041968746,7.914195803125401,92.38991064575566,46.32921763969421,5.401178221425354,0.05178217803915794,0.30410644888107424,7.610089354244332,2.06978049658513,162.84477368338895,14.12982795304959,0.9578915664200427,1.0800552707200277,123.61903775398105,50.61585213747904,22.142322043518174
1614.25,水层,11.978920096729311,52.74698266827089,35.27409723499979,92.97048894358493,7.029511056415072,93.27828472132043,47.19242280669433,5.5018128789082885,0.052746982668269715,0.30779577773549344,6.721715278679574,1.8702084721794394,180.48532413142118,14.126120372994937,0.9684509626653975,1.0891218587967706,102.58345648392626,50.603588912169016,22.087307332499364
1614.375,水层,11.859990379802841,52.13512144004414,36.00488818015302,91.27244617552174,8.727553824478262,91.58837292870103,46.644994075782876,5.43799224282122,0.0521351214400452,0.31592675317929864,8.411627071298966,1.8199607339842037,194.24940895807433,14.073065045510944,0.9978736027543043,1.1200880642965378,95.24472768610585,50.736430048368376,22.085791725355058
1614.5,水层,12.047966850704107,52.69335864919196,35.25867450010393,89.13873339362274,10.861266606377262,89.45283099410072,47.1444457044422,5.49621958610057,0.05269335864919247,0.3140976004779836,10.547169005899281,2.082675120112251,180.83807977728554,14.039576520841683,1.0066270263246615,1.129896379090194,97.89828254322353,51.207195709522,22.115279542718664
1614.625,水层,11.945172571234155,52.44855555697037,35.606271871795485,90.6416048169812,9.358395183018796,90.94865182042076,46.92542178216092,5.470685219252482,0.05244855555696995,0.30704700343956826,9.051348179579232,1.9007010905993258,162.76691238942527,14.244129279151199,1.0111006746506122,1.13274570860223,110.2799038621672,51.095144071049205,22.002133957320613
1614.75,水层,11.876597519645067,51.52026360113262,36.603138879222314,89.12763076306099,10.872369236939006,89.43021311854962,46.094884294482014,5.373859043049473,0.05152026360113471,0.30258235548862183,10.569786881450383,1.8264373984956679,190.1206193056894,14.398881540468814,1.009384790101299,1.1298819330733076,97.90670116368308,51.022260043482305,22.23686017894984
1614.875,水层,11.858758877640211,50.9060393755511,37.23520174680869,89.38881978877517,10.611180211224836,89.68885785606531,45.54534140339274,5.309791932782811,0.05090603937555199,0.30003806729014304,10.311142143934692,2.1795339747572617,171.71925927164023,14.48630418410439,0.9941269981004085,1.1114738165445237,101.5228182900257,49.19257145758293,22.030699586820763
1615.0,水层,11.70695839932883,51.45894768967211,36.834093910999066,91.49048885742512,8.509511142574876,91.78870267264244,46.04002530024114,5.3674634417412985,0.05145894768967055,0.29821381521732165,8.211297327357558,1.825231143475306,181.38112810934715,14.449620048434099,0.986104153940457,1.1009488610836762,99.71345295848813,51.46265014660487,21.9421127990519
1615.125,水层,11.433076041553225,52.57294505957182,35.99397889887496,93.5981268327568,6.401873167243199,93.88808352970925,47.0367123565697,5.483659757942547,0.0525729450595723,0.28995669695245097,6.111916470290746,1.7633493495027222,174.52085343747993,14.379214703687468,0.9868036854996449,1.0990491690864441,84.89824536335152,51.030765997404416,21.807411773740185
1615.25,水层,11.14500096574886,52.43659325589329,36.41840577835784,90.88350581672219,9.116494183277801,91.1679206095322,46.9147191800098,5.4694374826276,0.05243659325589248,0.2844147928100098,8.832079390467795,2.078692547802548,179.4683849902456,14.228011727376916,0.9842413254292155,1.0948352582697447,103.0347266366336,53.15118485571915,21.904245750460596
1615.375,水层,11.257693083233649,52.201912394790064,36.540394521976296,92.9466780034697,7.053321996530304,93.22589571094679,46.70475155984325,5.444958922552017,0.052201912394790606,0.2792177074770931,6.774104289053207,1.9950998057696847,180.9716459611602,14.262866728459123,0.9766652607439311,1.085512967290202,93.0122542088132,51.05800762372211,22.07462117411795
1615.5,水层,11.449761483189775,50.935422801918875,37.614815714891364,93.0418211739216,6.958178826078399,93.32860663376708,45.57163058640399,5.312856792712966,0.05093542280191765,0.2867854598454761,6.671393366232925,2.1867989522366726,174.4798871120053,14.51739031118442,0.9672295416677789,1.0728702823043235,104.83155087666997,51.43922091114409,22.112555668175638
1615.625,水层,11.180401028301493,50.32074335938871,38.498855612309804,92.28325046466851,7.716749535331491,92.57043798421648,45.02168041532214,5.248742200707177,0.050320743359390935,0.2871875195479666,7.429562015783519,1.7934057036017048,190.58966980584427,14.697982053222898,0.9596039965055475,1.0629212665787682,114.65622043703993,52.95638595016028,22.235283620284694
1615.75,水层,10.9603627583221,50.79588899380254,38.24374824787537,90.08151610105374,9.918483898946262,90.37113276060325,45.44679048872736,5.298302616081374,0.05079588899380427,0.2896166595495082,9.628867239396754,1.9595987221103017,185.66271470075222,14.918878553744705,0.9574113987885408,1.0578555079521823,118.64414581051406,52.22065707252952,21.85690482681356
1615.875,水层,10.921419324036986,50.60200172357423,38.47657895238879,90.52851886876792,9.471481131232085,90.81369076730952,45.27332066030144,5.278079061549218,0.05060200172357643,0.2851718985416171,9.186309232690471,1.9597794372821102,172.4755821280657,14.942139085017615,0.9598814556403162,1.0590507188079283,109.22619456368875,52.367396657941406,21.975837736572164
1616.0,水层,11.13721743321841,51.053026898352805,37.809755668428785,92.51916925450952,7.480830745490485,92.80840895391106,45.67685029683963,5.325123574614821,0.05105302689835042,0.2892396994015342,7.191591046088952,2.0140165462945268,168.9201478317849,14.92080816265279,0.9505009554761423,1.0502345789129306,115.26906535167404,51.98045297637365,22.050793233950817
1616.125,水层,11.431336694667936,49.835303160349184,38.73336014498288,94.56310895088697,5.436891049113024,94.85007822417758,44.587359854001775,5.19810800318706,0.04983530316034837,0.2869692732906043,5.149921775822419,1.8933121316690473,159.39221475691807,14.82551173260617,0.9269312998011988,1.0272015908616035,96.72590669515222,51.10219050774376,22.015936600382904
1616.25,水层,11.28503666529854,50.07849373518545,38.63646959951601,96.84297916658564,3.15702083341437,97.12183379693039,44.80494106622872,5.2234741752215434,0.050078493735183915,0.27885463034476543,2.87816620306961,2.0472187884645834,181.79913292611553,14.722761890739605,0.9153145932025484,1.0165510033913097,97.61429583887744,52.97371418033468,21.9639872198627
1616.375,水层,11.16453233487931,50.64819748044405,38.187270184676656,94.55462831723275,5.445371682767242,94.82561448656291,45.314651738967804,5.282897543995801,0.05064819748044139,0.27098616933016123,5.174385513437086,1.782366196788551,176.3248952118842,14.822663128334728,0.902660381210308,1.0025374772924522,93.64365453553485,52.83924616963445,21.821536836209912
1616.5,水层,11.093922216769867,49.64970876347533,39.2563690197548,94.18419469946303,5.815805300536958,94.44909414679763,44.42130961179346,5.178749442918398,0.049649708763475214,0.2648994473346012,5.550905853202359,1.987767968884387,168.1944594345814,14.894905341729112,0.9024093919815108,1.0002096449800577,113.89048656745763,51.48671675328441,22.076414474740364
1616.625,水层,10.970875314075972,49.531397850891466,39.497726835032566,94.20103473598564,5.798965264014355,94.45812809953786,44.31545751700317,5.166408936037407,0.049531397850889614,0.2570933635522107,5.541871900462148,1.919085643616998,186.65837412417392,14.952037655832454,0.9196582318914442,1.015844850263341,99.70627690259438,51.2142621388581,22.101692007730232
1616.75,水层,10.688146468699223,50.92063795105797,38.39121558024281,92.4865139145742,7.513486085425791,92.74478142483805,45.558402665153025,5.311314647953885,0.050920637951058084,0.25826751026383826,7.255218575161948,1.872967352253641,175.64609142063858,14.89538803024428,0.9277918269213424,1.023447489936727,116.7490408888309,52.207302039579965,22.040252635698536
1616.875,水层,10.828073894349668,51.68717572305837,37.48475038259196,93.90488193369663,6.095118066303373,94.16875965393776,46.24421961246639,5.391268934868922,0.051687175723056505,0.2638777202411358,5.831240346062239,1.8967014314293946,174.4174692121789,14.854287716272163,0.9410515024028362,1.0359954590033809,94.02164187064155,51.38330079109002,21.83206191499811
1617.0,水层,10.669002944024657,50.89120386003494,38.43979319594041,92.08666890378635,7.9133310962136605,92.34517335624119,45.53206815276536,5.308244503409544,0.05089120386003662,0.25850445245483983,7.654826643758817,2.076455843025214,167.8332502525995,14.773052593915116,0.9638400826389999,1.0584972915443958,119.35819476533824,50.71136921397047,21.900628230944175
1617.125,水层,10.49730470783301,51.56569868211156,37.93699661005543,90.49062694480018,9.50937305519981,90.75205191121168,46.135534800792485,5.378598182636969,0.05156569868210864,0.26142496641148,9.247948088788327,1.7196374653341984,155.0329859776798,14.722704554837637,0.9713639884460807,1.0671592306505582,110.86759063394003,51.60417271585161,22.24570995764418
1617.25,水层,10.802675769446898,51.61488792922344,37.582436301329665,91.34070695707197,8.659293042928029,91.59436729237966,46.179544138006065,5.383728903288157,0.05161488792922164,0.25366033530768983,8.405632707620336,1.9355761696839309,183.9673581007601,14.680886833624275,0.985396914102534,1.0823088122382885,97.07786480798828,51.725424728405834,22.21195125066026
1617.375,水层,10.845298913334249,52.67997910220987,36.474721984455876,91.29470703461648,8.705292965383515,91.55070053063051,47.13247510050999,5.494824022597668,0.05267997910220826,0.2559934960140259,8.449299469369487,2.0384648130594467,169.14958573113816,14.482838658780537,0.9920307624247798,1.0900883463468731,115.27850390191472,51.68251035434856,22.202219496824892
1617.5,水层,10.581292705559948,52.767126962491396,36.65158033194866,93.71427380899875,6.285726191001251,93.96922678960549,47.21044579117432,5.503914044354582,0.052767126962491306,0.25495298060674154,6.030773210394513,1.8702433946388397,174.46962050678707,14.238392737882164,0.99703781715899,1.0972751533517282,108.66860611024968,51.31366123255177,22.583290833916077
1617.625,水层,10.598737782722855,53.601152411679365,35.80010980559778,93.06947446382759,6.930525536172416,93.32590498911152,47.95664357611981,5.590907683147876,0.05360115241167737,0.25643052528393007,6.674095010888481,1.649118288164634,172.3329660015594,14.03036750492857,1.00918209431578,1.1118228308066196,103.15868045717221,51.252454956087014,22.1890815427965
1617.75,水层,10.895815178926576,53.70379455669021,35.40039026438322,91.75283060497122,8.247169395028775,92.00607720686448,48.048476914447455,5.601613847686063,0.05370379455668858,0.2532466018932536,7.993922793135521,1.9507658328465676,173.10680998180192,13.95070767888917,1.0141542604231286,1.1190410195195308,90.54641341155447,51.318865855682844,22.362575961374443
1617.875,水层,11.172372673944936,53.339240913298845,35.48838641275623,91.05263279774553,8.947367202254474,91.31075444223765,47.72231286099166,5.563588811393892,0.0533392409132985,0.25812164449212216,8.689245557762348,1.983219797712252,173.79247815770535,13.890048433107502,1.032773929575419,1.1415508409564032,94.18680098957692,49.91651360769746,22.271989199537337
1618.0,水层,11.146607506862422,53.78576540129425,35.06762709184332,89.88639654458393,10.113603455416065,90.1487602627473,48.121815758883436,5.610163877009518,0.053785765401296454,0.26236371816337534,9.851239737252692,1.9709010934248166,157.3469631786081,13.986962792648558,1.0486828534670682,1.1596859015500691,96.13198624317951,51.64355624282467,22.15503619603405
1618.125,水层,11.068668425697192,53.33695881432134,35.59437275998146,87.63171850593523,12.368281494064782,87.90017606833139,47.720271080127894,5.563350775379124,0.053336958814324126,0.2684575623961733,12.099823931668608,2.066114907992175,163.15782064961965,14.115532189863572,1.0678968541414158,1.1800199867120105,87.99467721455309,51.09109134088028,21.9948189776177
1618.25,水层,11.11863257894642,53.45405319219546,35.42731422885812,85.62704779759011,14.372952202409895,85.88806570308623,47.82503474829211,5.575564390711155,0.0534540531921944,0.2610179054961204,14.111934296913775,1.8828420500188865,165.84743317947795,14.332463096093084,1.089567095912087,1.202554469661805,98.22366160591196,50.14392638708365,22.0415211319177
1618.375,水层,11.444695520789367,52.51208637268439,36.04321810652625,83.22784106723678,16.772158932763215,83.49188757915752,46.98226243853146,5.4773118477802445,0.05251208637268301,0.2640465119207332,16.50811242084248,1.9487933843879004,170.41798854784028,14.502438603672948,1.1167902547231,1.2308651191963174,87.36848275561084,51.8600557887963,22.029827116955147
1618.5,水层,11.337534380364012,53.52538903687183,35.13707658276416,81.97886838521171,18.02113161478829,82.24717696776625,47.888858519301195,5.583005128533763,0.05352538903687365,0.26830858255453516,17.752823032233756,1.8846257272303726,184.949205612474,14.582714821288137,1.1522362411755926,1.268988293903195,97.14162074279372,51.07328009979589,22.01897735571909
1618.625,水层,11.362747192927058,53.969271856132025,34.66798095094091,79.75621867227946,20.243781327720534,80.01796074948008,48.285997931329696,5.629304652946198,0.0539692718561309,0.2617420772006255,19.98203925051991,1.929426453772862,174.20011711011293,14.641496211983315,1.171537076261263,1.2887803708087735,88.37918201394625,50.98072336849381,22.042697332306975
1618.75,水层,11.113875169244972,53.74561347818012,35.14051135257491,81.2368874615217,18.7631125384783,81.50247616094799,48.085892063607425,5.605975801094512,0.05374561347818163,0.2655886994262905,18.49752383905201,2.027207593213527,165.29446021074335,14.636726926298667,1.1781978062955982,1.2953104985729584,98.11751227671985,51.34504814507051,22.09085608306864
1618.875,水层,11.33846880357542,52.855089954304724,35.80644124211985,82.16204601340907,17.837953986590925,82.43082344643268,47.289145775344096,5.513089089006322,0.0528550899543026,0.2687774330236115,17.56917655356731,1.9313607609924497,177.55518414338934,14.74085813447993,1.1549687997965798,1.2713515220396696,87.8959053808749,51.12110810626365,22.0783013990382
1619.0,水层,11.614999619581425,51.67802005964107,36.706980320777504,84.53187396697466,15.468126033025342,84.79348688463561,46.23602809292901,5.390313946652421,0.051678020059640895,0.2616129176609544,15.206513115364384,1.959937444107566,180.25723266644897,14.943751283792016,1.1205301990336125,1.233334503641516,86.02355396110157,50.58454015500388,22.529438175486046
1619.125,水层,11.285484378108524,51.114092066765096,37.60042355512639,83.06552655640006,16.93447344359994,83.3201650545239,45.73148495271367,5.331493021984661,0.05111409206676257,0.25463849812383793,16.679834945476102,2.0627331494379293,155.1914957991511,15.214599595884723,1.0872845327000737,1.1971396127099543,97.83090386337382,51.38191232495042,22.375457661237437
1619.25,水层,11.217797254026578,50.28820287862933,38.49399986734409,83.4781079111877,16.521892088812294,83.72615350209865,44.99256663385738,5.245348041893321,0.05028820287862959,0.24804559091095496,16.273846497901346,1.9737344092753668,169.10371353075575,15.492471587694284,1.0636679224125987,1.1698414655840117,104.75746993924878,51.00782585939605,22.354837602711825
1619.375,水层,11.171501775300657,49.80361555642724,39.0248826682721,82.85797061945568,17.14202938054431,83.11089501941566,44.55900913655088,5.1948028043199335,0.04980361555642979,0.2529243999599699,16.889104980584335,2.004446046309719,187.57079311688153,15.784012963355433,1.0514159399173515,1.154464164027953,109.84040662960011,53.1745238868628,22.428129393840475
1619.5,水层,11.473483738133398,48.944699491273234,39.58181677059337,83.02398735669495,16.97601264330506,83.2839020429617,43.79054186028727,5.105212931494693,0.048944699491274,0.2599146862667548,16.7160979570383,2.03542183460427,170.07788933298747,15.905182074898478,1.0521382495188614,1.1538822767238879,96.95355028875785,53.46633058963431,22.223227339117347
1619.625,水层,11.158653845823574,50.2478771538365,38.59346900033994,81.31365075444349,18.68634924555651,81.57171157464724,44.95648743921646,5.241141837466201,0.05024787715383616,0.25806082020374665,18.42828842535277,2.113489705838731,160.5657147406586,15.837204616825918,1.0602341586076938,1.1620747994106275,100.75898316626316,51.09336910404144,22.03412645377225
1619.75,水层,11.063410824409116,51.22272156814797,37.71386760744292,82.95770908036602,17.042290919633984,83.2185977057811,45.828675144440496,5.342823702139324,0.05122272156814767,0.26088862541507435,16.781402294218907,2.152972286624499,177.38202707911805,15.59431807825285,1.0764598669601635,1.1789387987817985,120.28164071590189,51.77015323494281,21.832269981136427
1619.875,水层,10.790941419587597,52.53247780133111,36.67658077908129,83.45916159127987,16.540838408720138,83.71299955687942,47.00050653276489,5.479438790764898,0.05253247780132933,0.25383796559955696,16.28700044312058,1.9504877766911708,163.68367285644743,15.299013808305691,1.1071625950502477,1.2097333376986037,106.71169325727328,50.49436383557915,22.08985502230509
1620.0,水层,10.728558673096977,52.82552534995604,36.44591597694699,81.81595840978392,18.184041590216083,82.07024754173048,47.26269449343267,5.510005331173415,0.0528255253499553,0.254289131946563,17.929752458269522,1.9940458857808903,173.64237569432743,14.99242053130029,1.1226550933789454,1.2274536205151616,88.6148588347792,52.0282950832534,21.95776484568882
1620.125,水层,11.019749577964705,53.30990549473631,35.67034492729899,82.913501314739,17.08649868526101,83.16216187712944,47.69606663028835,5.560528958953221,0.05330990549473544,0.2486605623904475,16.837838122870565,1.9880148080270212,166.62525451812553,14.82862350951301,1.143702001634593,1.249047280238976,98.15592532901042,50.77617568983473,21.90231263264139
1620.25,水层,10.71388206668146,53.46305552793713,35.823062405381414,81.67135623058113,18.328643769418875,81.9208271529399,47.83308908643768,5.576503385971515,0.05346305552793584,0.24947092235878032,18.079172847060086,2.017431639719977,165.53136161138346,14.789440377284926,1.1613373963258131,1.2685811647068017,95.53719198922853,51.68130709505627,22.237223282088532
1620.375,水层,10.967345761812853,53.42366019787088,35.60899404031627,80.67935645579631,19.320643544203698,80.92979496664677,47.79784231062136,5.572394227051649,0.053423660197868955,0.25043851085047397,19.070205033353226,2.0317544993669205,153.1751546116493,14.633535864704736,1.1801485989518201,1.2891400774530464,100.942022593753,50.792658941643836,22.382470021150848
1620.5,水层,10.672923258024108,54.73457722507686,34.592499516899025,80.86217383917595,19.137826160824044,81.11031351583908,48.97071225469901,5.709130393152778,0.05473457722507402,0.2481396766631294,18.88968648416092,2.028427453143377,175.16394094119158,14.478793999141203,1.1992780437459836,1.3090015682477159,94.46762980489713,50.5607112411672,22.495350521097393
1620.625,水层,10.721990329734876,55.32382134049294,33.95418832977219,82.10480615554768,17.89519384445233,82.34933576593963,49.497905584523345,5.770591934629106,0.05532382134049024,0.24452961039196294,17.650664234060365,2.1188493771588623,151.4447751029849,14.361512523350207,1.201147591437068,1.3124185508891841,105.56732053785564,49.65211538627425,22.375639826350287
1620.75,水层,10.831995315459649,54.39035121928261,34.77765346525774,83.01698648797466,16.983013512025337,83.26196961350931,48.66273522199048,5.673225646072842,0.05439035121928143,0.24498312553464058,16.7380303864907,2.0518322263355575,164.8952271764813,14.289366881084728,1.197903649420907,1.3101277676602359,95.25073287020307,50.65306341005871,22.232728622141778
1620.875,水层,11.07878132151968,53.81895388334274,35.102264795137565,82.2376639299088,17.762336070091187,82.48404646135563,48.15150930338427,5.613625626075133,0.053818953883342374,0.24638253144682404,17.515953538644368,2.048390076476135,161.86806710401174,14.272594809934786,1.180485740552407,1.2954980041930015,104.45784951843993,51.518570655355774,22.1212219888527
1621.0,水层,11.393480862304411,53.928037739367184,34.678481398328415,83.60747902403122,16.392520975968772,83.85326163248962,48.24910600360247,5.6250036980253455,0.05392803773936819,0.2457826084583894,16.146738367510384,1.9874012608111717,177.70659769913777,14.399425382788305,1.1607365358302248,1.2760200976463862,105.2858716496398,51.034756544554895,22.221407461160506
1621.125,水层,11.187569899557724,53.430101236994474,35.3823288634478,83.30908308577081,16.69091691422919,83.549268140613,47.803605071375785,5.573066064381694,0.053430101236994626,0.24018505484218916,16.450731859387002,2.027932458578528,175.48108923600597,14.482555405570961,1.159381616373069,1.277191528994039,95.00421477612964,50.537277592770174,21.98898308445004
1621.25,水层,11.50566337176292,53.41992485774686,35.07441177049022,81.50922462501792,18.490775374982082,81.75469482497726,47.79450032324043,5.572004609648684,0.05341992485774494,0.2454701999593399,18.245305175022743,2.1750210196407123,165.60756209667372,14.527553098475625,1.14803583390957,1.2669628679229583,102.12001840950039,50.66137827059055,22.212861644856616
1621.375,水层,11.505909863366995,52.85973684954832,35.634353287084686,83.28232673563019,16.717673264369814,83.52050706969567,47.29330332586132,5.513573786837456,0.05285973684954759,0.23818033406548408,16.47949293030433,2.0685173028564505,168.82081637038047,14.524753974010196,1.1450928977827206,1.2634969355509345,94.95504323679594,52.010990349052705,21.932829603870726
1621.5,水层,11.305408790335997,53.87428877735655,34.82030243230745,84.25763649044663,15.74236350955337,84.49145088937064,48.20101711562609,5.619397372953107,0.053874288777354395,0.23381439892400996,15.508549110629355,1.9255754468256796,168.5471394170589,14.364527172576889,1.1405640906004941,1.25912298964632,110.8923105071878,51.23871964524011,22.155431050326758
1621.625,水层,11.001599192786864,54.55534562181179,34.44305518540134,86.74759537165087,13.252404628349124,86.97961001023823,48.810354767431875,5.690435508758104,0.0545553456218123,0.2320146385873492,13.020389989761771,2.2239470852052916,171.4563950582771,14.111674356257886,1.1324418693207383,1.2501967347928602,107.60223116434207,52.072853164036474,21.9804934860823
1621.75,水层,10.994494962702321,55.248891108593924,33.75661392870376,87.23263739583676,12.767362604163235,87.46029626457586,49.4308659358856,5.7627762815997325,0.05524889110859188,0.22765886873909968,12.539703735424135,1.990559210320886,170.46668617583492,13.76594346154615,1.1364999249475216,1.256276057315897,104.47557238965885,50.4924749238158,22.008490118407117
1621.875,水层,11.269251127073359,55.72568547220209,33.00506340072456,87.99121307242562,12.008786927574377,88.2148990004669,49.85745111784294,5.812508668886944,0.05572568547220352,0.22368592804127232,11.785100999533105,2.0271243332376123,167.8993846222936,13.622367318794701,1.142293879825183,1.2632748900727955,100.72182737634391,48.9497927721783,21.84724216707378
1622.0,水层,11.230533830217045,55.21636237261418,33.55310379716877,85.46277619372695,14.537223806273047,85.68824253158546,49.4017626624078,5.759383347833767,0.05521636237261346,0.2254663378585054,14.311757468414543,2.008811820893742,153.95748253277375,13.532063040376462,1.1628501904266917,1.2858280665339878,98.15996047582858,50.228725878688714,21.93762599412205
1622.125,水层,11.011480634253209,56.01068315646884,32.97783620927795,84.44117865139704,15.558821348602958,84.66853308028041,50.11243691104805,5.842235562264317,0.056010683156473146,0.2273544288833686,15.331466919719594,2.158208525301781,156.01773798329094,13.50387493485491,1.184866128902168,1.3102467037358019,107.91058728590413,50.11263138762661,22.11820151480651
1622.25,水层,11.163337540165141,56.203656224368316,32.633006235466546,83.64179395609848,16.358206043901525,83.87062574133404,50.28508880789475,5.862363760249193,0.056203656224370485,0.2288317852355641,16.129374258665962,2.0225912556051053,168.28395601751706,13.521513413368629,1.2044504750187912,1.3304299000686681,89.56161820452161,50.39432696560145,21.84392714926575
1622.375,水层,11.187305150781299,56.36971480419457,32.44298004502412,84.35564587577854,15.64435412422146,84.59126418582993,50.43366046665911,5.879684622731264,0.05636971480419278,0.23561831005138734,15.408735814170072,1.882732824632201,162.08572862795867,13.404094718490818,1.2210245928417274,1.3506658849643258,86.60564689357865,50.16897883975191,21.934132181695514
1622.5,水层,11.520234113000832,56.57705320778512,31.902712679214044,84.19342554266123,15.806574457338762,84.42736305944509,50.619164946940906,5.901311207636432,0.05657705320778056,0.23393751678384705,15.572636940554919,1.9636312832443734,166.4149737978457,13.300518202013134,1.2467561612628086,1.379996030099257,102.23855922227547,50.79677321915774,21.94249386652637
1622.625,水层,11.207610327969867,57.576226784681275,31.216162887348865,81.76058348152793,18.239416518472073,81.99224096688151,51.513119814363584,6.005530743533011,0.057576226784677303,0.23165748535358663,18.007759033118486,1.9663505211942767,165.7348588114497,13.297224011833439,1.2645096843113734,1.4005460623859491,105.355903436984,50.456744090660294,21.8669171895732
1622.75,水层,11.471143872424888,56.70300034773986,31.825855779835255,80.64668009173097,19.35331990826903,80.87681215659659,50.73184913055419,5.914448216837936,0.056703000347740895,0.23013206486561497,19.12318784340341,1.878312530035287,153.49448730889952,13.242845334175037,1.28004524788718,1.4201513415784284,86.2499982851816,49.67894540809887,21.934832567569977
1622.875,水层,11.627876793586358,57.12856584670183,31.243557359711822,82.3608937571543,17.639106242845703,82.58579317552775,51.1126001411904,5.958837139664728,0.05712856584670009,0.2248994183734608,17.414206824472245,2.0125827931854063,159.23130456282425,13.194417677987008,1.285694997096538,1.4271717190807467,96.6178656130938,49.2120227512531,22.047093731123198
1623.0,水层,11.598897448633478,57.102447133951515,31.298655417415,83.97292918055412,16.02707081944589,84.20040638459007,51.08923187872444,5.956112808093121,0.05710244713395679,0.22747720403594948,15.799593615409934,2.161217691982743,161.9146197904695,13.145848530689287,1.2738799872488111,1.4189627460106526,91.94224813636423,49.44781642994829,22.14305010898438
1623.125,水层,11.870833815761888,57.26388802866875,30.86527815556937,83.80763111149375,16.19236888850626,84.03972909006791,51.23367212111142,5.972952019528661,0.057263888028673965,0.23209797857416614,15.960270909932095,2.1358624876828274,164.6321335999075,13.101001833877683,1.2552610303536413,1.4036033591345456,105.11993852073303,50.088809119869325,21.89487152726154
1623.25,水层,12.18868523011441,56.10016161532231,31.711153154563288,83.65825262336462,16.341747376635386,83.89522836096572,50.19249277488507,5.851568678821921,0.05610016161532033,0.23697573760109633,16.104771639034286,1.914762731444368,165.53400387985945,13.154712858668326,1.2469781705937997,1.3978726276530706,83.70504759348826,50.77292102048692,21.91852472347831
1623.375,水层,12.286400532238373,56.18087408541989,31.53272538234174,82.30057158538278,17.699428414617213,82.54343310271732,50.264705758868864,5.859987452465602,0.056180874085416665,0.24286151733452938,17.456566897282688,2.0709984166628193,181.84947176788953,13.141633222242188,1.2538379459336177,1.4075315294212527,94.9697375282859,49.56014789933717,22.308537074921134
1623.5,水层,11.975385184725724,57.2801166005007,30.74449821477358,82.80192492064792,17.198075079352083,83.04182075101757,51.24819173123317,5.974644752667024,0.05728011660049992,0.2398958303696483,16.95817924898243,1.9787939390621831,163.97763714171012,13.164136611623906,1.2702499473085447,1.4245008885271844,93.0664400179513,49.746168475011444,21.85714562043061
1623.625,水层,11.816585055602333,57.671325284906295,30.51208965949137,81.04811886703813,18.951881132961866,81.29223857242158,51.59820389697598,6.015450062645413,0.057671325284900515,0.24411970538344713,18.70776142757842,1.9009613647877595,177.8705213706904,13.164706921254623,1.2980280182686172,1.4526524620171561,94.93061513935028,50.473863470164574,22.218296947535187
1623.75,水层,11.913779725644076,57.1581994390493,30.928020835306626,79.67654286699121,20.323457133008795,79.92128602304166,51.13911314626859,5.96192809334166,0.05715819943904604,0.24474315605045308,20.07871397695834,2.010577332812697,160.12302501397824,13.137749671339925,1.3255180557554547,1.4782804287796878,108.70676719214967,49.455530359525454,21.965016688229632
1623.875,水层,11.59810793575132,57.555141378988125,30.84675068526055,79.14639329252678,20.853606707473215,79.39117753939475,51.49425482284777,6.003331414761371,0.057555141378983626,0.24478424686796854,20.608822460605246,2.175701695932207,144.8488339765678,13.21566331670677,1.3343492131123451,1.4862573996378265,87.5857990256233,50.49897410592742,21.97206115809439
1624.0,水层,11.884138157134611,57.03645136621196,31.07941047665343,80.376263527712,19.623736472288,80.62363768318961,51.03018584391702,5.949229070928732,0.05703645136620819,0.2473741554776039,19.376362316810393,2.0316750273131583,169.43628494709387,13.292834099578677,1.3355868954574341,1.4869635856721546,92.56899343705679,50.152168264964814,21.97366291800451
1624.125,水层,11.86874444365276,57.11861865287429,31.012636903472963,79.66151797414828,20.33848202585171,79.90875479501572,51.10370044393564,5.95779959028577,0.057118618652876596,0.24723682086743845,20.091245204984276,1.8156380968277226,158.16508747646142,13.174138529498038,1.3331969976807745,1.4860285936837387,102.08029586428069,49.36216956315123,22.39231194053353
1624.25,水层,11.945431460731152,57.94378927170038,30.110779267568468,81.80274022457151,18.1972597754285,82.04995304081156,51.841975862952694,6.043869619475991,0.05794378927170066,0.2472128162400645,17.950046959188438,1.9391578894899555,171.96316892836052,13.119771274707986,1.3223336232699945,1.4761361663365982,80.22522481729544,49.31519771191118,22.54880790458057
1624.375,水层,11.774253561928786,57.54802719415672,30.677719243914503,81.4219169896121,18.578083010387903,81.66811671540387,51.4878898024901,6.002589364472455,0.0575480271941535,0.24619972579177402,18.331883284596127,2.0414645344230684,162.71302064609267,12.988553085487561,1.320653342836765,1.4738514506541704,105.74686992233985,50.19235050334608,22.367002166577986
1624.5,水层,11.549317494161102,58.08372267272197,30.366959833116923,82.89125115141486,17.10874884858513,83.13999214774054,51.96717347410935,6.058465475939893,0.05808372267272696,0.24874099632567348,16.86000785225946,1.822079176944105,179.81524086797162,12.771658614011344,1.3150245667186438,1.4702377426793336,90.21933396652112,48.78322826262068,22.322326370792243
1624.625,水层,11.833432526853525,58.541010137002246,29.625557336144226,83.84926731857523,16.150732681424774,84.09601857782873,52.37630594514068,6.106163181724567,0.0585410101370025,0.24675125925350988,15.903981422171265,1.8484426422620177,171.91385618807035,12.633592833504913,1.309371596019222,1.4651302044810623,107.55881409248491,49.24637279745309,22.134894388152674
1624.75,水层,11.827547998897987,58.80454746797115,29.367904533130858,84.88976972338276,15.110230276617242,85.13884435290355,52.61209128335895,6.133651637144218,0.05880454746797631,0.24907462952078663,14.861155647096458,2.1691599529342804,161.3101561264405,12.48559108470004,1.3098031470698477,1.4673819751895074,83.71269419034321,48.8047753200307,22.00314985613646
1624.875,水层,11.77732879322987,58.642330234571595,29.58034097219853,83.66240248247443,16.33759751752557,83.91653718145082,52.46695645520643,6.116731449130593,0.058642330234574824,0.2541346989763946,16.083462818549176,2.245687001731649,169.44230548385642,12.333431663041662,1.3107513088843166,1.4696347560018836,100.95012845680313,50.09283668849908,21.98043576733344
1625.0,水层,11.458110873670119,59.261401918098365,29.280487208231502,85.26461281165285,14.735387188347149,85.5229364670054,53.020836339111554,6.181304177068714,0.059261401918098144,0.2583236553525388,14.477063532994606,2.060407597275693,158.04854345917076,12.323365653100925,1.3015400824835375,1.4584058232709682,95.88577415936854,49.27734463974668,22.150163402905747
1625.125,水层,11.61670289561868,58.390348065788245,29.992949038593082,85.58729775493161,14.412702245068388,85.85271278760825,52.2415094543086,6.09044826341386,0.05839034806578575,0.2654150326766367,14.147287212391745,2.0174589408513177,165.74523257161363,12.249250729642291,1.2930379892234707,1.4479258938787045,95.51608122133982,49.82209860505107,21.94904794145323
1625.25,水层,11.487523481649982,59.19099154317291,29.321484975177103,87.71322376697157,12.28677623302844,87.98347888966231,52.9578405805796,6.173959971050145,0.059190991543169036,0.2702551226907532,12.016521110337685,2.0445865788293225,164.43194573804442,12.11087227582168,1.2857693653898616,1.4381750238457192,104.31444357138048,49.28593966661438,22.075824710601136
1625.375,水层,11.204042079261109,59.65011255659237,29.145845364146517,87.54250768475976,12.457492315240248,87.81266703129602,53.36861351750747,6.221848926528315,0.059650112556588336,0.2701593465362599,12.18733296870399,2.0908835109590087,151.2275043360323,12.031633548042462,1.2893363250210899,1.44336552593721,84.70405856996202,49.17202601561417,21.9441511717188
1625.5,水层,11.520514880041492,59.91781168599493,28.561673433963584,85.97412029945681,14.025879700543186,86.2469597888391,53.6081223929099,6.249771481399032,0.05991781168599858,0.27283948938228875,13.753040211160894,1.9695934169007916,150.58864301179833,11.933871594369151,1.3151624246741522,1.4697241391254794,84.45173113097562,48.069937759319096,21.92034373180443
1625.625,水层,11.208300713411331,60.11365090010463,28.67804838648403,83.69959722354045,16.300402776459556,83.97333650806416,53.783338614329054,6.270198634875475,0.060113650900099624,0.2737392845237197,16.02666349193583,1.8960094212871452,162.92949003611764,11.880873167160008,1.347804771839233,1.5030080346768744,87.42278134743522,49.08198812150875,21.98127638556879
1625.75,水层,11.09579497573023,60.79925612559798,28.104948898671793,84.11654176043257,15.883458239567439,84.39152724062001,54.39674567655754,6.34171119291484,0.060799256125593226,0.2749854801874491,15.608472759379987,1.8567294141275437,164.72196407834076,11.830842876837623,1.3850524982524828,1.5443309608234075,95.66765844275929,49.242832333458466,22.170699563122827
1625.875,水层,11.30019368680541,61.12232239380968,27.577483919384903,82.92025912199408,17.07974087800592,83.19682343181793,54.68579121343521,6.375408857980659,0.0611223223938126,0.2765643098238553,16.803176568182067,1.9677368813216358,167.9358556986191,11.840525124523346,1.4144912111237133,1.5751826136358722,96.41539010251734,47.85203108525512,21.97901726221313
1626.0,水层,11.412089948344969,60.79006340417214,27.797846647482892,81.80639872439868,18.193601275601324,82.08240583650826,54.3885210014325,6.34075233933546,0.06079006340417442,0.27600711210958195,17.917594163491746,1.8406333820048737,155.15722234849056,11.710057032171962,1.427425405081494,1.590953031480641,78.26158362209767,48.07128632943095,21.85421681087823
1626.125,水层,11.225643151865384,61.42941675972704,27.344940088407572,84.08511451239028,15.91488548760972,84.36747129765294,54.960546780954026,6.407440562013289,0.06142941675972846,0.28235678526266034,15.63252870234706,1.9334506345861087,156.59778175369576,11.70096524040416,1.4266036482703042,1.58904566537434,77.39028054668566,48.473835603905485,21.945109648817876
1626.25,水层,10.923053333938041,60.91833094412471,28.158615721937245,84.53080541757393,15.469194582426072,84.80789802258741,54.50328123361271,6.354131379567869,0.060918330944130517,0.27709260501347543,15.192101977412598,1.9331543929262691,154.10427857770685,11.791349688219055,1.4157132527064635,1.5739338174363984,79.82598534487474,48.31024263583001,21.985818807987442
1626.375,水层,10.968736033701711,60.29346494188509,28.737799024413203,83.15407561145672,16.845924388543278,83.4302493486421,53.944217205994704,6.2889542709485005,0.060293464941883756,0.2761737371853762,16.569750651357896,2.050837582154056,143.8339818731661,11.838394944406932,1.3870117043813255,1.5383753417963606,89.67080563106082,50.17631504024445,22.067180800110197
1626.5,水层,10.759968804620703,59.879255200243485,29.360775995135807,85.60964442735064,14.39035557264936,85.88857779327545,53.57362612628995,6.245749818753287,0.059879255200246534,0.27893336592480567,14.111422206724555,1.9479094925860576,145.64544668319473,11.981399011441763,1.347623051454176,1.4917585139133274,97.21893607235118,48.78270824445123,21.968992529902376
1626.625,水层,10.819884495965383,59.35539352119052,29.824721982844093,87.86434322017517,12.135656779824833,88.1439038677797,53.10493008720897,6.191108040460367,0.05935539352118907,0.27956064760453253,11.856096132220294,1.9197551886734419,157.58518423277104,12.177293260205847,1.3157109329727819,1.4558077385680375,94.02621613355824,47.618966311482566,22.038288674345726
1626.75,水层,10.995829078874525,58.44608080807456,30.558090113050902,86.00375296099033,13.996247039009669,86.2803961865358,52.291373219117546,6.096261508148941,0.05844608080807917,0.27664322554545767,13.719603813464209,2.069897011936865,150.75762844093316,14.449598825173325,1.1555167846424952,1.2563025124444356,117.81898974530608,50.911047567270046,22.048800690373138
1626.875,非储层,2.2055855618281637,40.70986467531742,57.08454976285442,98.18478130887911,1.81521869112089,99.99,32.542373828894725,1.8156004535619132,6.351890392860779,1.8052186911208894,0.009999999999998899,2.0290393251141183,177.1988047011773,16.755857731212828,1.013042998426199,1.076924162287289,132.5286763225058,53.5515226184581,21.972741852382743
1627.0,非储层,2.26003566110543,40.310880955963455,57.42908338293111,96.67474998930984,3.3252500106901617,98.46041624284808,32.22343694589566,1.7978063629256438,6.289637647142151,1.7856662535382453,1.5395837571519189,2.0623004875376325,175.20885561011093,18.903992691617518,0.8889604295225674,0.9166592651645381,160.08369011811052,55.39443900688293,22.009331838877277
1627.125,非储层,2.2637770671465542,41.961011314582144,55.7752116182713,97.68654068305703,2.3134593169429674,99.43204738162676,33.54250689183767,1.8713997647077145,6.547104658036757,1.7455066985697183,0.5679526183732464,2.141140698584879,149.4977808899858,21.01798048546834,0.7617732669798376,0.7535343400638876,180.08551860019975,57.19923972959732,22.014038722421546
1627.25,非储层,2.2711853921113376,41.122348052745,56.60646655514366,98.21637570610964,1.7836242938903513,99.99,32.87210197644595,1.8339966092140427,6.4162494670850085,1.7736242938903541,0.009999999999998899,2.305084693987837,170.66037758975412,20.92620113599452,0.7648857276814354,0.7567778361764848,180.81507533310133,56.539049085370394,22.09132878466451
1627.375,非储层,2.2892957968785663,41.620641103971465,56.090063099149965,98.2216843664696,1.778315633530403,99.99,33.27042407549198,1.8562197508783296,6.493997277601155,1.7683156335304033,0.009999999999998899,2.1945014185518343,151.37558750124552,20.754348961812507,0.7708396681737915,0.762709730215565,173.7536428106996,58.11459986611352,22.14694358766123
1627.5,非储层,2.3510514556360143,42.07691914155017,55.57202940281382,96.78833294275155,3.2116670572484463,98.60320590752264,33.63516049962958,1.8765690843527911,6.565189557567802,1.8148729647710713,1.3967940924773714,2.1805455831508933,169.2966939821712,20.624937734154155,0.7761080751183657,0.7677494877138198,184.76737705474702,55.07645385297502,22.001480290793996
1627.625,非储层,2.3377660196273227,43.29162213455157,54.37061184582112,97.49583122581068,2.5041687741893193,99.36251742061506,34.606161489306054,1.9307430621497133,6.7547175830957995,1.8666861948043778,0.6374825793849404,2.2022626250633057,166.6216582576595,20.409310204579704,0.7843918302335537,0.7757680600003234,176.74050813732325,57.88587204459307,21.97683825464325
1627.75,非储层,2.349490884620588,43.37728145547758,54.273227659901835,98.0905035991155,1.9094964008845028,99.99,34.674635252747315,1.934563342643531,6.768082860086732,1.8994964008845032,0.009999999999998899,2.0420103846328286,164.9182832269393,20.161662483528946,0.7941328280024148,0.7852554779133517,189.69933710305415,56.72205696715254,21.99849672582042
1627.875,非储层,2.3152265113529302,44.27268854834312,53.41208494030395,98.141042675826,1.8589573241740043,99.99,35.39039966457896,1.9744971900511568,6.907791693713004,1.8489573241739998,0.009999999999998899,2.1989173055983744,165.7592369969724,20.011208310634892,0.7989395710812582,0.7898961724225533,179.72469885887975,56.1501139386763,22.11863585096794
1628.0,非储层,2.3770505442906815,43.656749106950144,53.96620034875917,97.2473722140043,2.7526277859956982,99.14111396332386,34.898034196954995,1.9470271913646273,6.811687718630519,1.893741749319559,0.858886036676143,2.0783486046164126,178.5304156888438,20.053702130941407,0.8045294279713417,0.7950890912471641,189.48644327344275,55.88156507810757,22.140406317267587
1628.125,非储层,2.322086235374521,42.96967410808824,54.70823965653724,94.37331276010899,5.626687239891015,96.30206828336163,34.348804872815094,1.9163846508031732,6.704484584469969,1.928755523252661,3.6979317166383585,2.208321874021194,151.18092901402832,20.215701408063424,0.8040510713727184,0.7943045030580436,176.2156058902893,56.97249664560486,22.160408851040348
1628.25,非储层,2.3496195196107785,41.72675564368211,55.923624836707106,95.5129268137008,4.487073186299195,97.4982968696274,33.35524919214335,1.8609523042278613,6.5105541473109065,1.9853700559265934,2.501703130372601,2.1940777142041634,160.43479868534249,20.52359428174094,0.7933977454581433,0.7836801308858323,172.39732997646811,55.799834054658575,22.004514910158278
1628.375,非储层,2.3956871782182296,40.88802409094379,56.71628873083798,97.51505236400145,2.484947635998558,99.45400277429711,32.684789686837036,1.8235461030598268,6.379688301046925,1.938950410295668,0.5459972257028878,2.2133027395121303,161.8748801833089,20.8725371447834,0.7822878997880214,0.7726611740087418,189.21318220151613,57.16501306969932,21.98055216173529
1628.5,非储层,2.4251092382457173,39.878634526091204,57.69625623566308,96.25134499467927,3.7486550053207335,98.17965271709751,31.87791074433999,1.778528804024732,6.222194977726486,1.928307722418245,1.8203472829024903,2.2546119754516925,173.61039177310172,21.126520454756047,0.7711543673102358,0.7617311725503846,181.7128349999829,56.27527694140097,21.9708738795618
1628.625,非储层,2.3921464217733313,40.13697979192621,57.47087378630046,94.90428492749956,5.09571507250044,96.87059880048687,32.084425020051285,1.7900506252237591,6.262504146651167,1.966313872987311,3.1294011995131266,1.9096739213484044,151.92472443311118,21.315194200189197,0.7681159439117324,0.758778326478035,175.91424645478276,57.779289751521645,21.965530075106663
1628.75,非储层,2.4325321408172953,39.68689322856992,57.88057463061278,93.69854117498328,6.301458825016725,95.66661878422646,31.72463789432833,1.769977422448726,6.192277911792865,1.9680776092431789,4.333381215773546,2.2809691494500663,172.01469708115482,21.473897821951738,0.7695518383162055,0.7600114624148119,197.48761769753506,58.157687289941926,22.13611906559361
1628.875,非储层,2.398923031290638,39.303209968914175,58.29786699979519,94.26558493302153,5.734415066978471,96.21414528177013,31.417931788395816,1.752865709948305,6.132412470570057,1.9485603487486094,3.785854718229864,2.0883636522037428,174.59318084941395,21.501041706492643,0.7740835484987875,0.7642381815972856,179.18005362532725,57.42240294265636,22.033903067795112
1629.0,非储层,2.386754660810395,39.72016247414039,57.893082865049216,93.81444696482792,6.1855530351720756,95.77372529107893,31.75123243683035,1.771461182167142,6.197468855142893,1.9592783262510052,4.226274708921074,2.255774422272506,171.71662348961604,21.5982495028028,0.7732441197204317,0.7632706283418875,184.51086330439352,58.41853334526695,22.159401084673434
1629.125,非储层,2.3577017739709016,39.16393514253001,58.4783630834991,93.74460457647143,6.255395423528576,95.72984846423095,31.306599228061955,1.746654256287881,6.110681658180169,1.985243887759535,4.27015153576904,2.339607432392901,175.14587505832642,21.510930698499074,0.7777906674551902,0.7677009144790239,191.75694522236202,58.06061318121376,21.987294010373954
1629.25,非储层,2.3879763477571725,40.69302628563805,56.918997366604785,93.17492881860866,6.8250711813913405,95.12443079228699,32.52891367185434,1.8148494859970994,6.3492631277866085,1.9495019736783272,4.875569207713015,2.096883781572331,173.80496516226333,21.27286759503886,0.7938942258874951,0.7832658942817825,160.86132596218602,58.396613313736665,22.172885725350966
1629.375,非储层,2.33612370111835,42.04995781271476,55.61391848616689,91.34898683554665,8.651013164453348,93.31655623084902,33.61360833656337,1.8753666484996478,6.560982827651742,1.9675693953023634,6.683443769150987,2.1653763430242305,169.4946959332402,21.06806967966812,0.8058577599968921,0.7950126045128063,188.63876618720914,56.494909497166745,22.00663859062723
1629.5,非储层,2.3511481173019866,42.03707388564935,55.61177799704867,92.10884694924081,7.891153050759181,94.01768896101667,33.60330927086293,1.8747920441866592,6.558972570599756,1.9088420117758558,5.982311038983323,1.927292677847924,161.17626865151104,20.738386295020238,0.8248584630635254,0.8136784532605063,174.20008184608915,56.60510602804838,22.064156237560336
1629.625,非储层,2.340164329788538,42.849886039458355,54.80994963075311,91.16756092226596,8.832439077734033,93.08984296184457,34.25304950392146,1.9110422780522367,6.685794257484658,1.9222820395786024,6.910157038155429,2.3115086849280466,170.55470652760437,20.461992377526748,0.8469998286861908,0.8353406006776865,169.40280507906215,55.925899489612455,22.170644483418133
1629.75,非储层,2.3483684911136824,43.88845688201409,53.76317462687222,88.97011409159725,11.029885908402747,90.84630258121365,35.08325517706217,1.9573610194147852,6.8478406855371405,1.8761884896164052,9.153697418786344,2.249850269307547,164.4293213078225,20.426734852184907,0.8577605042269918,0.8458525121648913,167.52217748252036,57.98799718489316,22.01016781818747
1629.875,非储层,2.3515431796887505,42.562994810259546,55.0854620100517,87.80568531983762,12.194314680162377,89.71625529039588,34.02371635080785,1.8982473486165687,6.641031110835124,1.9105699705582573,10.283744709604115,2.176861114055419,153.33185063288246,20.358517808512765,0.8700722121453697,0.8577458232042461,169.926110605459,56.88636726730415,22.202102699145083
1630.0,非储层,2.3561022445920363,42.91768699953885,54.72621075586911,88.4573750564937,11.542624943506297,90.36763615167297,34.3072477727316,1.9140661017582568,6.696373125048992,1.9102610951792622,9.63236384832703,2.1913753852917193,159.0019083040805,20.25873814512122,0.8823756589792822,0.8697504945665651,181.03023985066883,56.74625198926947,22.00055240595178
1630.125,非储层,2.318636401029879,44.066332350926764,53.61503124804335,88.20454672038636,11.795453279613643,90.08065005924215,35.22544405561807,1.9652940053043502,6.875594290004342,1.8761033388557824,9.91934994075786,2.2960856047933307,163.38347604516952,20.127427212913872,0.8926797196588903,0.8798117835247447,179.57805833007137,56.50812247245331,22.026322376140754
1630.25,非储层,2.3503019284895372,45.36692541523644,52.28277265627403,87.47252350678184,12.52747649321816,89.34276595420796,36.2651032644018,2.023298554724821,7.078523596109817,1.8702424474261155,10.657234045792041,2.0888328296788865,170.51749035704896,19.945145695103108,0.9069578868215253,0.8937807285267308,181.395954962763,55.99716173847577,21.87948824967834
1630.375,非储层,2.3609927500240713,44.61200250494599,53.027004745029934,85.70095081065844,14.299049189341561,87.58829473633945,35.661638139803536,1.989630096495859,6.960734268646595,1.8873439256810058,12.411705263660554,2.234387817347625,152.7986824122815,19.779389072587605,0.916400930096176,0.9029091779446321,156.28048415470806,57.14191937118284,21.925124650230025
1630.5,非储层,2.3174960413109917,44.76722301343607,52.91528094525293,87.7582836998333,12.241716300166694,89.694872166324,35.78571725068936,1.9965527042683082,6.984953058478408,1.9365884664906914,10.305127833675998,2.1221641595966,153.89152950514875,19.77496757320054,0.9122532810656548,0.8987757732470504,188.571633630006,56.75248184952047,21.95735233407252
1630.625,非储层,2.2827584180350984,44.07852124504325,53.63872033692165,89.8023224192028,10.197677580797205,91.72422802341893,35.23518753062255,1.9658376121638375,6.877496102256861,1.9219056042161307,8.275771976581069,2.0187239768334813,163.69455602167898,19.780343524346286,0.8986769749682623,0.885557075947486,174.41281689068606,56.57063846339006,21.88142824929656
1630.75,非储层,2.257007989008198,45.19266552473773,52.55032648625407,92.3497891393221,7.650210860677897,94.24182723873128,36.12580458224653,2.015526818347153,7.051334124144047,1.8920380994091743,5.758172761268721,2.2867832830632118,152.60138380957986,19.85404761602586,0.8799581875665722,0.8674000342480148,187.0585471407579,55.699248380007106,21.96085059669229
1630.875,非储层,2.2486910671692706,43.685754034063095,54.06555489876763,91.28034229778925,8.719657702210759,93.1552562737532,34.92121995766724,1.9483207687135529,6.816213307682305,1.874913975963957,6.844743726246804,2.049437843732187,167.2266074899654,19.945483786514895,0.8735108640973457,0.8611142852391648,184.62682176652507,56.128614182030994,22.048065116467942
1631.0,非储层,2.234630015143881,43.81314232955391,53.95222765530221,88.61039437403285,11.389605625967148,90.50667304643974,35.02305074404667,1.9540021004722365,6.836089485035006,1.8962786724068905,9.493326953560254,2.14318103545866,153.57933325664624,20.120161821729678,0.8727200313190784,0.8600566331625294,183.654860847335,56.92304872479145,21.93458534698723
1631.125,非储层,2.2070271185806742,42.345545223042414,55.44742765837691,87.3269795028195,12.673020497180499,89.25826117126702,33.8498929836069,1.8885494149013125,6.607102824534201,1.9312816684475205,10.741738828732982,2.1282866854794156,154.32560504791866,20.413593936398247,0.8665869249159066,0.8535145703357165,174.0938513795121,56.304661327454546,21.95144823813493
1631.25,非储层,2.144064394621831,42.205124923320255,55.65081068205791,89.8990832231321,10.100916776867908,91.88410827197913,33.73764476261258,1.8822868748045036,6.585193285903171,1.985025048847049,8.115891728020863,2.2683046311212824,145.62148096511012,20.713423483453234,0.8633825093508689,0.8496989735305399,171.30539652411653,58.006005850402104,22.14338089610983
1631.375,非储层,2.191522494110086,40.6189315651908,57.18954594069912,87.75782209149737,12.242177908502628,89.79185376413007,32.46968433982947,1.811544969779139,6.337702255582189,2.0340316726326937,10.20814623586993,2.159310287611729,151.58154090781647,20.909794342661364,0.8577842359340635,0.8437014308920544,181.26644113713667,57.85854742437249,21.939509533155995
1631.5,非储层,2.134998765755413,41.80281817179499,56.0621830624496,87.59107425215156,12.408925747848443,89.61409500191282,33.416051536832065,1.864344581791106,6.522422053171817,2.023020749761267,10.385904998087181,2.1407237381770745,159.63555220230893,20.925359430329472,0.8498007576124533,0.8358108342456637,175.95020240085415,58.685029896822606,22.316240888431107
1631.625,非储层,2.1357989030127627,42.12895374271349,55.735247354273746,90.12192087082705,9.878079129172946,92.11346366620216,33.676755564034714,1.878889751498863,6.573308427179914,1.9915427953751075,7.886536333797833,2.062466133468884,169.96609105645888,20.983790085248508,0.8458656222703658,0.8321158401867752,165.96000727904254,57.62248338363722,22.062154376958755
1631.75,非储层,2.1658544538239637,41.53477123903815,56.29937430713788,90.50415353651037,9.495846463489633,92.4411299627743,33.20178200881887,1.8523900804295657,6.480599149789719,1.9369764262639377,7.558870037225695,2.203174392041771,160.48973340865714,20.941210828884294,0.8406190411895169,0.8273625403121322,169.85619751862035,56.068954913844294,21.977675405942588
1631.875,非储层,2.125542668471057,41.03648279701395,56.83797453451499,90.50901805164558,9.490981948354415,92.41119884956404,32.80346359424549,1.8301671443289627,6.402852058439498,1.902180797918461,7.588801150435954,2.057685879408031,167.18554056849297,21.04371727703014,0.831483383543803,0.8187975029421386,172.77762102348697,57.28039921619954,21.86108046189773
1632.0,非储层,2.178423265681916,40.59352370210151,57.22805303221657,89.49001123389134,10.50998876610867,91.41268929384768,32.44937397561088,1.810411816227368,6.333737910263255,1.9226780599563447,8.58731070615233,2.0618071207290996,173.31812235328164,21.142614951398603,0.832434016473689,0.8199601668218015,175.07557572557172,55.420570792540225,22.092806264858524
1632.125,非储层,2.1823067130793,41.0979109359369,56.719782350983806,88.18542027119925,11.814579728800744,90.051578857251,32.85256760076546,1.8329067495273454,6.412436585644095,1.8661585860517478,9.948421142748998,2.204265733876478,179.42839246642043,21.13063601124594,0.8417572626968717,0.8292314870331114,170.93587110000814,58.421040212131416,21.92274936216868
1632.25,非储层,2.218506736965314,41.75266874254879,56.0288245204859,87.11270957881838,12.887290421181618,88.943904780478,33.37596342829004,1.8621079905567346,6.514597323702019,1.8311952016596151,11.056095219522,2.282968138916256,172.88950237595367,20.96534909059833,0.8523161396785782,0.8399541015949521,188.5379445171743,56.89547419760612,22.106473339229684
1632.375,非储层,2.2759847835479197,42.761345199180155,54.96267001727192,88.97144642371734,11.028553576282663,90.76781491691702,34.18227233120331,1.907093486007607,6.671979381969242,1.7963684931996873,9.232185083082978,2.2408615931070406,182.48435892823485,20.615882479687755,0.8655888869759705,0.8533566402620912,181.92332953387077,58.36219355275974,21.927052760375645
1632.5,非储层,2.264329089560624,44.28611069324076,53.44956021719862,89.96604357277737,10.033956427222634,91.79981495668427,35.401128967177435,1.975095798092679,6.909885927970638,1.8337713839068976,8.200185043315733,2.094281462076634,154.08384701631587,20.34009240768254,0.8743028489455102,0.8621992991125346,179.07993508416556,56.64862233674288,22.160013640189682
1632.625,非储层,2.207530067552954,44.02006195305981,53.77240797938724,89.29679962402416,10.703200375975841,91.09368750964734,35.188456740710315,1.963230413199003,6.868374799150488,1.7968878856231738,8.906312490352663,2.3174995254391715,154.63735311091398,20.172471087320854,0.8767001013265099,0.8647284475131256,165.258313951873,57.50129164645762,22.142144177284983
1632.75,非储层,2.2555776509434855,43.468922764904185,54.27549958415233,88.85990130894297,11.140098691057032,90.68560182744562,34.7478908573364,1.9386504110798164,6.782381496487967,1.8257005185026642,9.314398172554373,2.0805094374062234,151.63707929177863,20.142911801848175,0.8772799894374139,0.8651559398376737,178.10390410875863,55.79748602456607,21.876179440436037
1632.875,非储层,2.312501371730835,43.03879586462893,54.64870276364023,89.20584844205453,10.794151557945463,91.08626520885761,34.404058950886764,1.9194673801005362,6.715269533641632,1.8804167668030742,8.913734791142392,2.2466484620063003,151.62367508810777,20.25058793860695,0.8769671497772097,0.8647003739329231,168.5940574048475,57.34202992018358,22.009443203140695
1633.0,非储层,2.3353404519357186,43.12808694897936,54.53657259908492,88.2954911089925,11.704508891007503,90.18074010560923,34.47543584859187,1.9234496319340573,6.7292014684534305,1.8852489966167274,9.819259894390775,2.3654427852030038,160.04721500287198,20.368979476430408,0.8738124546678737,0.8613288335698641,181.3727191319234,56.83892596263878,21.966989206983254
1633.125,非储层,2.3218174866504695,42.67330382470155,55.004878688647985,88.49330763309558,11.506692366904414,90.43462926616395,34.11189441804778,1.9031669694075042,6.658242437246259,1.941321633068374,9.565370733836042,2.278310718165796,169.7563228640659,20.395679652795657,0.86800672784814,0.8554367324985332,172.5817527158515,56.60638560840026,21.943109190884314
1633.25,非储层,2.315090296183365,43.05839316375555,54.62651654006109,90.57303513232493,9.42696486767507,92.54921972643928,34.41972450613489,1.9203413909936364,6.71832726662702,1.9761845941143454,7.45078027356072,2.2365935367293317,163.76969789569185,20.52912948150373,0.8613035592491336,0.848766092949772,202.90917103032044,56.5882876319243,22.029782333327844
1633.375,非储层,2.3833958491342924,41.51951853306291,56.0970856178028,89.58998222778445,10.410017772215552,91.54921697667687,33.18958940479752,1.8517098320399539,6.478219296225431,1.9592347488924238,8.450783023323128,2.0961109761716057,159.6488020690606,20.6117257842194,0.8580900464446732,0.8455871567251573,169.42176247946878,57.0301065524475,21.86808467908346
1633.5,非储层,2.424929033014342,42.16878011705924,55.40629084992641,88.12592823333549,11.874071766664507,90.05926965078203,33.70859169939271,1.88066594957524,6.579522468091296,1.9333414174465289,9.940730349217974,2.2053662450561555,156.5352493758163,20.726187689677584,0.8540836680259627,0.8416511271569437,175.7868347086579,58.2784220769656,21.87387825694609
1633.625,非储层,2.417317823999542,41.37207945804765,56.21060271795281,88.14681973673379,11.853180263266205,90.12622356895129,33.071730563104005,1.8451342648253388,6.455214630118309,1.9794038322174932,9.873776431048709,2.2491695194212875,161.2332977865619,21.01667393410413,0.8441326315742258,0.8317616664107153,174.09700591586034,55.928071660525156,22.0093288621314
1633.75,非储层,2.364865667131081,39.903301720029575,57.73183261283935,89.85176003584228,10.148239964157725,91.88116227477555,31.897629037506874,1.7796289248151052,6.2260437577075916,2.029402238933276,8.118837725224449,2.0831178717062158,162.78680821932036,21.302199756146678,0.8337384263797034,0.8213737056472223,168.07357400871993,57.635053640950524,22.05804789619141
1633.875,非储层,2.425089551202072,38.40647973474941,59.16843071404851,89.3064533594889,10.693546640511098,91.35749908319694,30.70110969290123,1.712872852372943,5.9924971894752375,2.0510457237080373,8.642500916803064,2.166928863856883,167.3070972275588,21.60714766629796,0.8135627263067552,0.8014342234638024,170.02984580509244,57.55906585694741,21.94879383753304
1634.0,非储层,2.415056030573107,38.74035639945591,58.84458756997098,91.36338286962832,8.636617130371683,93.42797985886679,30.96800174283258,1.727763263547471,6.04459139307586,2.0645969892384763,6.572020141133206,2.2492874407445003,191.02922704386182,21.682672992411,0.7979541194699666,0.7861870997795811,182.63818296403954,58.10975318433792,22.120295602349415
1634.125,非储层,2.4004680773207876,40.35707506008009,57.24245686259912,93.20266360101755,6.797336398982445,95.27037298906953,32.260363273625906,1.7998665524412552,6.296845234012936,2.0677093880519757,4.7296270109304706,2.2332989954976963,157.9128105697758,21.553552594761506,0.7980071939059188,0.786247079171484,181.11612175645385,57.00486018245291,22.11005774928535
1634.25,非储层,2.3563264506763812,41.22325639113389,56.42041715818973,91.85790521917579,8.142094780824205,93.93486421169759,32.95276539541071,1.8384969735952126,6.431994022127966,2.0769589925217935,6.0651357883024115,2.1051710765052802,169.79262138545835,21.441671601207936,0.8008406444990269,0.7887448281054447,176.6054617918605,57.37186817127746,22.117344508739937
1634.375,非储层,2.3126115752767973,39.68085971864338,58.00652870607982,89.90932929917615,10.090670700823845,92.04361719677767,31.719814868334606,1.7697083367259767,6.191336513582797,2.134287897601521,7.956382803222328,2.2391639709817914,164.18663346407405,21.368288232817235,0.8061285329668377,0.7935651771684058,180.7311769275968,58.03714163291572,22.09359722576941
1634.5,非储层,2.2641760102337973,39.69840417256064,58.03741981720556,90.38235797462482,9.617642025375172,92.50770757899221,31.73383943418745,1.7704907937236534,6.194073944649539,2.125349604367374,7.492292421007796,2.196178199372218,185.51969242781269,21.317500397094346,0.8162819630059758,0.8030363466553262,177.75355505025536,57.575069528596536,21.98808850296648
1634.625,非储层,2.2856706197129824,41.13409155475715,56.58023782552986,89.91476687052881,10.085233129471193,92.05464423822237,32.881489416949314,1.834520352236765,6.418081785571064,2.1398773676935536,7.945355761777639,1.9685947562482158,171.6433018794795,21.27879133442299,0.8295360381047167,0.8154769587001911,166.69475756204457,56.205585792229314,22.037105993829712
1634.75,非储层,2.3454116438466217,41.82836334362828,55.8262250125251,87.34103933939701,12.658960660602991,89.52490014241823,33.43647166197747,1.8654838591121374,6.526407822538671,2.1838608030212256,10.475099857581771,2.3531172819418433,151.5277654681274,21.193738678194006,0.8330701860475599,0.8189698227092335,177.4264303218708,56.675555026833855,22.040272986176998
1634.875,非储层,2.34978560023435,40.57416573602396,57.07604866374169,89.78814234061514,10.21185765938486,91.92708876939405,32.433899736782365,1.8095484792383913,6.330717520003206,2.1389464287789113,8.07291123060595,1.9818326118424938,170.94893574914906,21.0717365111455,0.8376826848888991,0.8235282780125162,168.3269869948151,57.119228436280196,22.182751515471196
1635.0,非储层,2.3870231229486407,40.91364526069169,56.69933161635967,90.34868774477246,9.65131225522754,92.52368805345824,32.70527056267682,1.8246887697767535,6.383685928238111,2.1750003086857808,7.476311946541758,2.2146155392001776,176.0690829613921,20.99730813038937,0.844882092083699,0.8304923018855339,164.29449468846295,56.63435007920569,22.18076808432815
1635.125,非储层,2.4525551667827443,41.86748206275098,55.679962770466275,88.23462722175923,11.76537277824078,90.45337328126304,33.46774211673215,1.8672284968000392,6.532511449218798,2.2187460595038138,9.546626718736961,2.1724810311383655,168.8627149698411,20.868109824376507,0.8422326372883551,0.8279822360590267,186.89066999387853,56.75729492862814,22.133142928545578
1635.25,非储层,2.401504369735863,43.053984827744394,54.54451080251974,90.34306057287728,9.656939427122724,92.61207813775601,34.41620060057583,1.9201447856517833,6.717639441516788,2.2690175648787347,7.387921862243985,2.1688706472535295,173.7825511167159,20.48619359520061,0.8588893151365766,0.8440719305560868,184.40061974295753,54.90075980902503,21.92828618696268
1635.375,非储层,2.3399912605726487,44.71488225727994,52.94512648214741,89.59672100204467,10.403278997955322,91.83283298757419,35.7438774541952,1.9942183830571039,6.976786420027639,2.2361119855295186,8.167167012425802,2.2436881600087424,141.13190843463224,20.01843982406111,0.8781342476026871,0.8627204336954484,164.2982855267311,56.46978321581075,21.91321144339841
1635.5,非储层,2.3660473423721173,45.96895694953713,51.66499570809076,90.71606060257015,9.28393939742984,92.99384273854052,36.74635112415886,2.0501482810860496,7.172457544292217,2.2777821359703614,7.006157261459478,1.9238335892169485,159.4937488000148,19.508180268988788,0.8896450537974454,0.8741830348346621,171.5746649825002,55.85458493104285,21.94288811312281
1635.625,非储层,2.3797776954221335,47.26555547991198,50.354666824665884,92.52982413032903,7.470175869670969,94.77909068648825,37.782817209663605,2.107974680132362,7.374763590116014,2.249266556159212,5.220909313511757,2.0568831157847254,146.3441403909906,19.254941093228105,0.9025086857570327,0.8869483416198185,170.753901447233,55.27813077770453,22.261198204871523
1635.75,非储层,2.431673861962491,45.791877333036126,51.77644880500139,89.7889759004542,10.211024099545796,92.00061467823133,36.60479842867307,2.0422507890506427,7.1448281153124125,2.211638777777128,7.999385321768671,2.079853175888152,148.52727858461566,19.227239340624948,0.9001515035347474,0.8848849335457709,165.2820108748222,57.11000644622421,21.934326863277004
1635.875,非储层,2.4552967634609497,44.86575382287926,52.678949413659794,90.86239365114375,9.137606348856252,93.09709635517069,35.86448013678925,2.0009470343340463,7.0003266517559695,2.2347027040269527,6.902903644829306,2.130516893417542,158.88405740149233,19.399073667547334,0.8946545755916908,0.8795727785735419,170.06528840206727,55.981996387271174,22.106912822271063
1636.0,非储层,2.4040939265944665,44.117589655062886,53.47831641834265,89.82465672786974,10.175343272130267,92.05979882933435,35.26641776962971,1.967580006139286,6.8835918792938875,2.2351421014646173,7.940201170665651,2.168386832085807,135.57643384324427,19.690974207009436,0.8947172190909775,0.8791427341208238,182.14010135604883,56.892630316011555,21.991561268729615
1636.125,非储层,2.335227003276199,44.34684331448809,53.31792968223571,87.57188713354422,12.428112866455777,89.8367036453747,35.44967699552394,1.9778043842194595,6.919361934744697,2.264816511830472,10.163296354625306,2.269559889252727,146.16968785329087,19.916925811556887,0.886088956218995,0.8704370326923501,170.58659602358955,55.34224516448143,22.94126879347872
1636.25,非储层,2.329767560674433,43.45482561655138,54.215406822774185,89.23464035119603,10.765359648803962,91.47100573754561,34.73662197508201,1.9380216988709353,6.780181942598438,2.2363653863495694,8.528994262454393,2.1250268813163395,159.11468833771443,19.931497497858782,0.89418140680997,0.8781181997467971,167.28388217523258,55.379611657673145,23.169515013527466
1636.375,非储层,2.3738843711754347,44.90498489144083,52.721130737383724,87.75951133316501,12.240488666834992,89.9592406160156,35.895840400671716,2.0026966826426857,7.006447808126431,2.1997292828506043,10.040759383984387,2.284943159580777,140.65847700869995,19.733091600300998,0.9081434735145364,0.8915037230289979,178.56243927457584,56.94407622690582,23.092579659157416
1636.5,非储层,2.3182418584650515,46.396661105818694,51.285097035716255,88.21199333655196,11.788006663448048,90.47655173461614,37.0882463540471,2.0692232612248542,7.23919149054674,2.2645583980641883,9.52344826538386,2.220771597026942,151.45866412720866,19.569251014351156,0.9094243844972886,0.8930425209037365,162.70386103522569,56.42772703986155,22.920492933478492
1636.625,非储层,2.3362601609092226,46.028252006861216,51.635487832229565,89.83701314520486,10.16298685479513,92.06280532226158,36.79375000246602,2.0527927539633284,7.181709250431867,2.2257921770567157,7.937194677738413,2.144129782171588,170.13198221647036,19.234647379959952,0.9292839949293459,0.912326002065794,166.59860807668053,56.35682977707414,23.17187150267032
1636.75,非储层,2.2850130854680337,47.1634282008776,50.551558713654366,87.82821858280154,12.171781417198456,90.0751154674611,37.70117940224343,2.1034199527802886,7.358828845853877,2.246896884659563,9.924884532538892,2.213884235309171,155.08191676118153,19.058795159176167,0.9314972249918262,0.9143569199348145,172.9537116912223,55.01340262557554,23.117572524156436
1636.875,非储层,2.2543956771392,46.812358507326756,50.93324581553404,89.99144668825836,10.008553311741641,92.2569254968884,37.42054370623598,2.0877627576526123,7.304052043438164,2.265478808630036,7.743074503111602,2.3377837968046333,157.54338879481594,16.184609598628136,2.2409492101681567,1.4324849366075796,152.96301581659912,53.30784327815927,23.097228669396028
1637.0,油层,11.624183390711464,73.51464915844974,14.861167450838794,34.89915418099021,65.10084581900979,75.68636309547456,66.99126236060864,6.449872148682649,0.0735146491584529,40.78720891448436,24.31363690452544,2.0899392653583164,145.83170864177347,13.249722004926488,3.5858043742156767,1.9682342138310167,131.33806019429667,49.65351178381319,23.204344369645096
1637.125,油层,11.680351920969114,73.79646686854082,14.523181210490065,34.90856681457758,65.09143318542242,75.96317182474024,67.24807272929974,6.474597672372551,0.07379646686853647,41.05460501016267,24.03682817525976,2.0270321289118454,137.32726168603907,10.374578714145425,4.94350938364307,2.5223624875726256,100.08388669576739,45.67890756889969,22.069199931450537
1637.25,油层,11.55950419489077,74.33664583677435,14.103849968334876,35.35102123404863,64.64897876595137,75.40794158533646,67.74031844354668,6.521990747390893,0.07433664583677002,40.056920351287836,24.59205841466354,2.142346022181408,136.4543815023394,7.514283406492827,6.328554223462427,3.0812617027617817,92.90081829354114,44.45835529370128,22.117235536464825
1637.375,油层,11.481648462720262,74.12185215673878,14.396499380540954,34.44241203993316,65.55758796006683,74.44166405806058,67.54458466888568,6.503145635696374,0.07412185215673744,39.99925201812742,25.558335941939415,2.2294816036834515,129.4119434888246,7.521194929897419,6.327348678823674,3.092805803354585,86.29386442194243,43.94657165910688,22.129675848702856
1637.5,油层,11.725328326174719,73.53899453534957,14.735677138475712,35.0915858847049,64.90841411529512,75.02708050684264,67.01344742916075,6.452008111653471,0.07353899453535206,39.93549462213773,24.972919493157363,2.059070204652704,144.25762383322734,7.5606321391870495,6.2531888642266455,3.0869495240253597,66.65205180759312,44.70467036602355,22.121007861746453
1637.625,油层,11.436467167592355,73.65203827934847,14.911494553059162,35.88114729444154,64.11885270555845,75.13111318159503,67.11646013750047,6.461926103568659,0.07365203827934957,39.24996588715349,24.868886818404967,2.074705631735165,130.41432207374774,7.603049760537861,6.229954917138013,3.068923599155679,73.27448147459187,43.35928144324118,22.01003144645897
1637.75,油层,11.132694515138423,74.16313860316914,14.704166881692442,34.93828109059433,65.06171890940567,74.90792746640903,67.58220752632177,6.5067679382442,0.07416313860317408,39.96964637581472,25.092072533590958,2.2211246858787628,130.13022852134634,7.609006852369202,6.173441822932975,3.0401619317485054,89.51129757013764,44.64262385936824,22.21750401304384
1637.875,油层,11.004674262437607,74.07242190546071,14.922903832101674,34.878447231329154,65.12155276867084,75.34002257095365,67.49954065425965,6.498808829295602,0.07407242190546615,40.46157533962448,24.659977429046354,2.1257646922930133,121.63853719543914,7.58613456147998,6.254911418377191,3.054626456229834,73.8086714760822,45.55410260776078,21.857346594159814
1638.0,油层,11.188301090478655,74.11240641807406,14.699292491447283,33.91093010966492,66.08906989033508,74.53538418137973,67.53597710611659,6.502316905539394,0.07411240641807121,40.62445407171481,25.464615818620274,2.3056306332012526,135.41922282187886,7.5697065786714495,6.306170407484029,3.055171385347031,80.03653561043001,44.964339017297036,22.24785613203657
1638.125,油层,10.858424771539763,74.07710977611617,15.06446545234407,34.89972493135456,65.10027506864544,75.12383108788536,67.50381254260554,6.499220123734512,0.0740771097761106,40.224106156530794,24.876168912114636,2.288772789178002,124.61719014261892,7.63465310930795,6.236495343574771,3.019986459865069,89.75738523881053,44.646972229595605,21.736324595263753
1638.25,油层,11.14690464652002,73.42261724719255,15.430478106287438,34.99223540663763,65.00776459336237,75.06661309606918,66.90739698162423,6.441797648321117,0.0734226172471944,40.07437768943154,24.93338690393082,2.119651212443629,117.47979327263556,7.6772167023149365,6.172256121716791,2.998072797601648,80.68539354082485,43.85744499913979,22.202813026527515
1638.375,油层,11.00095352915285,73.60321667354394,15.39582979730322,35.33088379501246,64.66911620498755,75.39291726720523,67.07197075965865,6.457642697211731,0.07360321667354425,40.062033472192766,24.607082732794773,2.186281559667261,127.9166859127105,7.677847963211653,6.066576566340238,2.9639149069973127,83.30043696584005,45.24912696373882,21.933330310411172
1638.5,油层,11.150648543355215,73.78507203306492,15.064279423579869,35.37205901765403,64.62794098234596,76.17776194200401,67.23768902453259,6.473597936499277,0.0737850720330599,40.80570292434998,23.822238057995992,2.206323336773511,137.60827266666732,7.691072049045127,5.958225080328306,2.9164616158251486,72.5049732653139,44.89893658156072,22.0496485623378
1638.625,油层,11.370656907023017,73.20211377506621,15.42722931791079,36.20727316338316,63.79272683661684,77.57175206566338,66.70646007827587,6.422451583015275,0.07320211377506297,41.36447890228022,22.42824793433662,1.9592564546851103,128.53729013456586,7.655611185265526,5.916114524035163,2.884880367494439,92.53238381986964,45.60353535984245,21.954608630087986
1638.75,油层,11.157905173253404,73.2765903292133,15.565504497533292,35.65084509210048,64.34915490789952,77.61897195912364,66.77432789014325,6.428985848740842,0.07327659032921874,41.96812686702315,22.38102804087636,2.150881308460291,130.67438418438232,7.678090183720607,5.841740387937111,2.8329579524298723,92.35903854798538,45.88709127805906,21.899454493774808
1638.875,油层,11.220607916615798,72.76796698992709,16.011425093457117,35.692437851488165,64.30756214851183,77.79542392362116,66.31083768846369,6.38436133447347,0.07276796698992283,42.10298607213299,22.204576076378846,2.198373238661972,141.03691561224053,7.7517912909565005,5.678972624536836,2.7579635695394553,91.61270591523044,44.52140428585998,22.044263822631695
1639.0,油层,11.382392642066755,72.37177007777132,16.245837280161936,36.71217423572042,63.28782576427958,78.60983610407105,65.94979765640852,6.3496006512850105,0.07237177007777679,41.89766186835063,21.39016389592895,2.1602569013677067,135.78953979332627,7.804280102496913,5.642445272013354,2.719817887580731,95.14372149720894,44.06439401841763,22.096611050474365
1639.125,油层,11.195770105346435,72.55404446984339,16.250185424810166,35.63694342041262,64.36305657958738,78.35884891743083,66.11589777061302,6.365592654760534,0.07255404446983998,42.721905497018206,21.641151082569166,1.9732214702000876,129.3751355495521,7.820444966161277,5.585057986131754,2.67635935367308,81.86712212627812,44.63335440201209,22.053936896023252
1639.25,油层,11.052085144509679,72.7308562414233,16.21705861406702,35.82354463850763,64.17645536149237,79.67188111793016,66.2770199947404,6.38110539044148,0.07273085624141806,43.848336479422535,20.328118882069845,2.036656637717434,130.5327015723741,7.779005131413316,5.555224379538909,2.6505441650566297,87.91462009249672,43.84082123123281,22.101548645516377
1639.375,油层,11.072972453358386,72.77970969605562,16.147317850585992,36.2425542323829,63.75744576761711,80.25682829342315,66.32153839527635,6.385391591083215,0.0727797096960553,44.01427406104025,19.743171706576845,1.9790155955198183,125.48750805518388,7.773294044648824,5.58548122555543,2.628609115077158,77.51067762703713,44.986927872656295,21.850892319296634
1639.5,油层,11.061856260994432,72.31722395944735,16.620919779558218,35.51593831590908,64.4840616840909,79.9459592303605,65.90009173568085,6.344814999807056,0.07231722395945189,44.43002091445142,20.054040769639503,2.1527663043271956,125.24254808070006,7.762879513683474,5.536872848977113,2.6063227275962793,81.29902479156208,44.832416446269825,22.032930535500963
1639.625,油层,10.985163194477852,72.46132349405383,16.55351331146831,36.391575128342424,63.608424871657576,79.87132564494101,66.0314044718412,6.357457698718578,0.07246132349404827,43.479750516598585,20.128674355058983,2.103237043573251,132.86876289757208,7.7744848207914945,5.46763675913786,2.6034198359803264,96.72689000611403,45.57968795275447,22.180638904925996
1639.75,油层,10.92547023104515,72.70384667966833,16.370683089286523,37.3261408041857,62.673859195814295,79.51184411966945,66.2524071501103,6.37873568287835,0.07270384667967256,42.18570331548375,20.48815588033055,2.1813874659362633,131.0634304681956,7.7771307292751874,5.42537620376159,2.6087742219186953,95.7287923169871,45.54548983362805,21.899602580125748
1639.875,油层,11.227789314846778,72.73758387819281,16.034626806960414,37.38500433575654,62.614995664243466,79.92997092462468,66.2831506487672,6.3816956455474045,0.07273758387818935,42.54496658886815,20.070029075375317,2.0687716470779733,118.04357104654895,7.768179429805727,5.400846991866772,2.637704536671651,80.63950679325652,45.15766128992455,21.913825069982003
1640.0,油层,11.088841189438053,72.71551800406027,16.195640806501686,36.87311598698862,63.126884013011384,78.4170030005673,66.26304280930731,6.3797596767489,0.07271551800406006,41.54388701357869,21.58299699943269,2.089421853895255,128.73679261662667,7.796716186874093,5.364678575366102,2.6486660003483373,97.57032610132823,44.651711226543384,21.97226922741102
1640.125,油层,11.339703871970695,72.22349402436006,16.436802103669237,37.27107661198833,62.72892338801167,78.6623655716961,65.81467900849852,6.336591521837185,0.07222349402436073,41.391288959707765,21.337634428303897,1.9486486862518861,124.78778678562477,7.804628231694908,5.333228942441892,2.634290418497811,97.68893574544342,44.97377649330896,22.03848271164702
1640.25,油层,11.203227265801525,72.3067078076439,16.490064926554577,37.71956772835517,62.28043227164483,80.31480183544663,65.89050874382067,6.343892356015582,0.07230670780764281,42.59523410709145,19.685198164553373,2.0437186849719446,131.6408956202575,7.835275541635266,5.242098488639704,2.5903613144841584,76.05787078013158,45.328042421032144,22.090378111766967
1640.375,油层,11.510554305224838,71.80918962090831,16.680256073866843,38.36641168620973,61.63358831379027,82.00316732591082,65.43713826925116,6.30024216203625,0.07180918962090971,43.6367556397011,17.99683267408918,2.2102550992104186,135.37205732800706,7.849458746929619,5.131869156243977,2.542126933085327,84.0970132734414,44.3873464093089,22.04553516680154
1640.5,油层,11.244128208377425,71.91863270152741,16.83723909009516,38.46535086615208,61.53464913384792,81.1148585047262,65.53686982223054,6.309844246595338,0.07191863270153281,42.64950763857413,18.885141495273793,2.0647294313038507,137.18625114680455,7.870271987573575,5.043636088384838,2.5109996420606624,83.88427345922679,46.33788584421337,22.076258082609673
1640.625,油层,11.275050083559606,71.73311785671248,16.991832059727916,38.6826524776514,61.3173475223486,80.07532570956648,65.36781679969624,6.293567939159522,0.07173311785671488,41.39267323191509,19.924674290433508,2.10568451348974,133.3419960937762,7.905401724716046,4.947064123407319,2.496413790493987,87.98956642398218,44.74567270473541,22.21755380819277
1640.75,油层,11.219488932780836,71.90013202327616,16.880379043943005,39.68526602609675,60.31473397390326,80.40116550940859,65.52001081787199,6.308221073380876,0.07190013202327816,40.71589948331183,19.598834490591422,2.192224757648103,148.945514768129,7.9149063337549,4.959681590962266,2.5198683522500165,80.85132163881823,45.174790890091785,22.191251659774018
1640.875,油层,11.056678386036086,72.34974420874207,16.593577405221833,38.52488459379248,61.475115406207514,80.140449196484,65.92972627216403,6.347668192369292,0.07234974420874535,41.61556460269152,19.859550803516,2.143990008338259,134.24107398657094,7.8671646997573905,4.978399686193258,2.5526074092093576,85.25826989558989,45.109742653758616,22.17073987501943
1641.0,油层,11.305321779200574,72.5865845741617,16.10809364663772,39.29682042036248,60.70317957963752,80.24159569669665,66.14555040026688,6.368447589320658,0.07258658457416356,40.94477527633418,19.758404303303344,1.9242605790339447,134.43368746841918,7.820329863127693,5.038267628902522,2.5892125850835264,70.8344567649138,45.8083903047704,22.02847537094676
1641.125,油层,11.13326901454451,72.56482264843791,16.301908337017572,38.431769193666625,61.56823080633338,78.8678412459965,66.1257195380874,6.366538287702078,0.072564822648441,40.436072052329884,21.132158754003495,2.034768159658247,128.94505773082275,7.754358311298297,5.130640429386393,2.624022638160375,81.59923547946113,44.70814106872277,22.075098693488368
1641.25,油层,11.084207276848103,72.81320567350957,16.102587049642324,38.66796961501746,61.33203038498254,79.78495143044881,66.35206207782575,6.388330390010317,0.07281320567350952,41.11698181543136,20.215048569551186,2.0178010625665372,124.25902884446116,7.734081269261999,5.139329233033836,2.6385868527985865,88.728958834185,44.237296087562555,22.105425336286498
1641.375,油层,10.990062865063312,72.69324727142885,16.316689863507833,38.87096408588438,61.129035914115626,79.70637405592234,66.2427482896469,6.377805734510524,0.07269324727142562,40.83540997003795,20.293625944077665,2.0702422974820576,131.53482496062978,7.77828850951703,5.0936844850205025,2.6235838475997135,86.64547557580481,44.196269616374686,22.046591276428213
1641.5,油层,10.873250075994147,72.40128732626665,16.725462597739202,39.744650326507006,60.255349673493,79.93049353045836,65.97669566599915,6.352190372941241,0.07240128732626805,40.18584320395136,20.069506469541643,2.1119411602642475,131.37771371116776,7.7965829508852,4.990015557958563,2.5912463547499596,93.35002815284487,44.947684809765335,22.127461013197923
1641.625,油层,10.964436004510326,72.14512954381568,16.890434451674,40.429201747021004,59.570798252978996,80.37024999152067,65.74326826878885,6.3297161454830135,0.07214512954381858,39.941048244499655,19.62975000847934,2.1435412945378567,138.83207826416717,7.8768040685908085,4.8376785171063315,2.5362642730464633,87.77776191339917,45.356537197648706,22.033134591791224
1641.75,油层,11.273410120994958,71.50449748076392,17.22209239824112,40.85189981911995,59.14810018088006,81.40629526555958,65.15948325309738,6.273509730185774,0.07150449748076076,40.554395446439635,18.59370473444042,2.1404340276468994,143.14359305190402,7.926718093355683,4.699273035802545,2.4811295951812493,72.56958722178072,46.34919539720924,21.996718515355198
1641.875,油层,11.235446732894632,71.5118955163372,17.25265775076816,41.02270271876005,58.97729728123995,82.14348502442355,65.1662248175028,6.274158803318073,0.07151189551634213,41.120782305663504,17.85651497557644,1.9739042515866811,122.79251822963705,7.897766558694349,4.681780347352025,2.457417979025392,83.64930606552113,44.46887050076336,22.074600837028896
1642.0,油层,11.154547241081787,72.0783203672567,16.767132391661534,39.963687166595946,60.03631283340405,82.26133480627439,65.68238746304205,6.32385458384738,0.07207832036726092,42.297647639678445,17.738665193725613,2.335441100411015,149.56257692938988,7.775017161918937,4.718914021769923,2.4505260046482147,91.71118664149486,46.450733843148704,22.049300522650448
1642.125,油层,10.855064638545288,72.82847097271042,16.316464388744294,40.530322835431114,59.46967716456888,83.8145201963763,66.36597279732837,6.389669704409337,0.07282847097271061,43.28419736094518,16.185479803623704,2.275958840939676,133.068959784216,7.610625702197115,4.858536671968022,2.491746857429808,100.7935319048725,45.076444280774155,21.891355895361777
1642.25,油层,10.804054156700754,73.29477842323269,15.901167420066553,39.6457121753792,60.3542878246208,82.62936730511065,66.79090204770559,6.430581597103871,0.07329477842323573,42.98365512973144,17.370632694889355,1.9642850562300969,125.83319662584678,7.417916199103713,4.965306672012436,2.520573564681677,73.7842275619499,45.75082081364552,21.821591003493722
1642.375,油层,10.79842871510578,73.28717176130249,15.914399523591724,40.75149785709805,59.24850214290195,84.88173570572582,66.78397036958582,6.429914219955377,0.07328717176130761,44.13023784862776,15.118264294274187,2.175939258325279,145.3715161606692,7.311234224065511,5.010248278473056,2.5268805734541813,91.02717609379236,45.585307168692594,22.078021682530956
1642.5,油层,11.113627904324083,72.79339490347516,16.092977192200756,40.00343411993352,59.99656588006648,84.45580166373956,66.33400923382618,6.386592274745515,0.07279339490347259,44.45236754380604,15.54419833626044,2.088261554838523,141.48972348838478,7.284197123656819,5.078110380932201,2.5509384648573517,88.02646409828111,44.93834346153181,21.819668306691092
1642.625,油层,11.297777383913395,73.01495465233087,15.687267963755724,39.482071197501995,60.517928802498,83.05457328734515,66.53590868426295,6.4060310134155936,0.07301495465232705,43.57250208984315,16.945426712654854,2.189537045632957,124.47554092303753,7.239503417233852,5.100419257903351,2.561634309203413,92.71117207982533,44.19001404187803,22.024467025479414
1642.75,油层,11.08705784641443,73.49858980377219,15.414352349813385,39.796551756716546,60.203448243283454,83.17542359644838,66.97662804683769,6.448463167130723,0.07349858980376794,43.37887183973183,16.824576403551617,1.9721622150948424,128.25733518842566,7.316997748187218,5.170645004457395,2.595433176380115,88.5572640742371,45.191064047116846,22.10849143971662
1642.875,油层,11.401793842243604,72.90745845856593,15.690747699190464,38.732673260792716,61.267326739207284,81.00576144362537,66.43795125942708,6.3965997406802835,0.07290745845856261,42.27308818283266,18.994238556374633,2.0018498674465333,127.04026821006728,7.352201155370068,5.211114625994744,2.616629311243122,89.2159960998862,46.649875495849805,21.885640314807027
1643.0,油层,11.612351840550215,72.5667385509494,15.820909608500386,38.99881264499503,61.00118735500497,82.36545032883565,66.12746543131104,6.3667063810874085,0.07256673855094709,43.366637683840615,17.634549671164358,2.0204083910056814,120.21025272176192,7.382526129257032,5.189144618555142,2.612254266666126,95.38202455956107,45.478477284572286,22.337757581444723
1643.125,油层,11.783237154471959,72.4853046354938,15.731458210034235,39.59906380826222,60.400936191737784,82.68505146346357,66.05325762568609,6.35956170517223,0.07248530463549868,43.08598765520135,17.314948536536434,2.0715961075824665,121.34681488867838,7.469465835924415,5.120942597715619,2.5938422791638676,100.84763974084268,44.38234743703498,22.180030113584365
1643.25,油层,11.53475393098773,72.49722894966521,15.968017119347053,40.221383612493575,59.77861638750643,82.24696051023238,66.06412382539283,6.36060789532272,0.0724972289496667,42.02557689773881,17.75303948976762,2.109516668407059,124.6543155581601,7.465225613154158,5.088382945101529,2.578605801243059,85.34550528298413,44.64039681705183,22.057330267345765
1643.375,油层,11.835268368959726,72.4674289459087,15.697302685131573,39.245150496286676,60.754849503713324,82.12469860297821,66.03696815107686,6.357993365885934,0.07246742894590485,42.87954810669154,17.87530139702178,1.9890083601918394,134.22719420054275,7.487671344231559,5.065746005717906,2.573866096702702,92.19928386770799,44.976685593627884,22.236268563268013
1643.5,油层,11.719148350124911,72.31345641863108,15.967395231244016,39.24726584653983,60.75273415346017,82.13929123608679,65.89665851089957,6.344484451312869,0.07231345641862813,42.89202538954695,17.860708763913212,2.1337043655840655,134.42107185372438,7.458238041575875,5.0628518146328645,2.5791363723293097,83.01832468729307,44.88158491117831,22.29231797814544
1643.625,油层,11.73790689977523,72.743606310227,15.518486789997777,40.14861369665666,59.85138630334335,83.07015470806338,66.2886386750187,6.382224028898061,0.07274360631022575,42.92154101140672,16.92984529193662,2.136427605859318,135.70795586605743,7.418590627057682,5.121948823543282,2.6083296938445235,81.42464801726265,45.254053835076334,21.986193110749227
1643.75,油层,11.727949048280466,72.97231240551454,15.299738546205003,39.73861238207365,60.26138761792635,81.54401360047213,66.49705033457592,6.402289758533112,0.07297231240551288,41.80540121839847,18.45598639952788,2.0895129912388235,129.31890372765812,7.407495585376561,5.191384197244931,2.660258767531636,81.19280179820242,45.13545312981592,21.898234307462655
1643.875,油层,11.796225024116962,73.19805263833055,15.005722337552493,38.822593115682196,61.17740688431781,79.48193710440943,66.70275931006633,6.422095275625887,0.07319805263833051,40.65934398872724,20.51806289559057,1.8946822131863847,143.06551384859654,7.336350416298794,5.284673706271969,2.718252820986848,91.94733524006959,43.58246375220259,21.95459404613541
1644.0,油层,11.731644251113229,73.42374657652384,14.844609172362938,39.00158333034688,60.99841666965311,80.5698517265776,66.90842609892793,6.441896731019383,0.07342374657652723,41.56826839623072,19.430148273422397,2.193997627031694,137.99398695062828,7.350915450299322,5.391695854356428,2.7769573243759775,81.04536315995813,44.736437187655326,22.18651542191502
1644.125,油层,11.476374592945165,73.5447538895206,14.978871517534223,38.607018051256354,61.39298194874365,79.34730983748511,67.01869572199377,6.452513413637326,0.07354475388952342,40.74029178622876,20.652690162514887,2.178991165310314,121.85042187623108,7.3844301672325825,5.503869327944994,2.8388852884343327,88.5594202852027,44.783293976172764,21.839012764778765
1644.25,油层,11.778998969972628,73.48201343549583,14.738987594531544,37.9547544592669,62.0452455407331,77.47426628267489,66.96152259712257,6.447008824937761,0.07348201343549965,39.51951182340798,22.525733717325114,2.1380235334739743,121.97565188333051,7.351716629843008,5.628556851641493,2.8905661541469865,89.73126661656951,44.96052004282375,21.980621891369218
1644.375,油层,11.473801374212291,74.1367029423699,14.389495683417824,37.33557375235829,62.6644262476417,77.51520511743341,67.55811765704331,6.504448582384205,0.07413670294237201,40.17963136507511,22.484794882566593,2.1304779830854215,122.05934435863027,7.3115854975966075,5.7665901976934855,2.9456905226888686,75.79553190227227,45.76987075249549,21.931941309673835
1644.5,油层,11.74607860970473,74.24199704878431,14.011924341510957,37.4180595878607,62.5819404121393,78.79301855293419,67.65406839867893,6.5136866530566095,0.07424199704878093,41.37495896507349,21.206981447065807,2.1574602358894728,136.586359953879,7.219071902691702,5.923947834640498,3.0045419887545304,87.25009461790363,46.402614097035624,22.01646757889039
1644.625,油层,11.649114552442517,74.57599529809748,13.774890149459996,37.28328220095443,62.716717799045576,78.80269864868164,67.95842902072987,6.542990282069525,0.07457599529810122,41.5194164477272,21.197301351318366,2.2070022785644015,130.8283862738168,7.125664506944279,6.015002338382482,3.007600976876724,97.96931029915956,43.4490240435084,21.96154635202919
1644.75,油层,11.866777003519386,73.96916699894007,14.164055997540547,36.95661553683649,63.04338446316351,79.6429139856987,67.40544816232874,6.489749669612381,0.0739691669989398,42.68629844886221,20.357086014301306,2.128090425062661,133.17927225307986,7.081929209945674,6.007617339094004,2.9847749072010377,81.52729685459934,43.40013378727208,22.28697996218533
1644.875,油层,11.737624234120242,73.97392780576821,14.288447960111553,37.4999930898699,62.50000691013009,79.84651858963956,67.40978651479215,6.490167363170299,0.07397392780576773,42.346525499769655,20.153481410360442,2.102085838438852,125.69957524737552,7.068288280007634,5.92327613135969,2.940323868174783,75.45133356607555,43.6300697828685,22.08716704022216
1645.0,油层,11.617205168869624,73.90696412164598,14.475830709484391,38.52228350919516,61.477716490804845,81.29567482212173,67.34876491184609,6.484292245678243,0.0739069641216436,42.77339131292656,18.704325177878278,2.272494127254241,139.39950230528106,7.078811724592285,5.8052808261966415,2.8954132943105035,103.1663903321322,43.037485834284496,22.10135572225049
1645.125,油层,11.72720939515401,73.99453057157763,14.278260033268362,38.87667098753245,61.12332901246755,80.74991233677851,67.42856107612776,6.491974964878273,0.07399453057157918,41.873241349246065,19.250087663221493,2.0929317172869846,131.8727588110963,7.057715659192298,5.787670579027442,2.9126462970034552,73.68742427927938,44.45814829313359,21.944371366292984
1645.25,油层,11.613140154135753,74.41765140868377,13.969208437180484,37.965886246677144,62.03411375332286,79.22663366557282,67.8141359150653,6.529097842209786,0.07441765140868695,41.260747418895676,20.77336633442718,2.335207552951278,108.59226746176972,7.0758616854743694,5.835004046675834,2.943018908451585,85.29397869894514,45.78614997371186,21.781781906183472
1645.375,油层,11.33601770531916,74.43568105163322,14.22830124304761,36.884870260629384,63.115129739370616,77.71770788988736,67.83056568185222,6.530679688729378,0.07443568105163362,40.83283762925798,22.282292110112635,2.087766982300555,127.33419342457216,7.123749583798977,5.927935328953847,2.9900726005095324,92.86600652021805,45.82618717407535,22.198092342699447
1645.5,油层,11.212941578730424,74.39781964685496,14.389238774414611,36.86804721256427,63.13195278743573,77.53868280489031,67.7960639419966,6.52735788521151,0.07439781964685976,40.67063559232605,22.461317195109686,2.086770144831373,135.18932410408124,7.13961459055381,6.078320366029877,3.036523608724767,90.74868540529077,44.70492598067098,22.028785920549012
1645.625,油层,11.24124083324816,74.6916536529743,14.06710551377754,36.30103992424839,63.69896007575161,77.85479423194737,68.06382433016063,6.553137669160695,0.07469165365297653,41.55375430769897,22.145205768052634,1.906020918563778,145.85999672601312,7.190848659056285,6.181714912409259,3.0425918657835656,87.40601628598922,44.72729247133714,21.92804247065589
1645.75,油层,11.533077125528578,74.2508541677515,14.216068706719925,35.30272265032316,64.69727734967684,77.61477297216214,67.662139573435,6.514463740148748,0.07425085416775529,42.312050321838996,22.38522702783785,2.052955811811554,145.03930612720433,7.195933429757549,6.310881752061493,3.0461261282299046,65.68660820424668,43.973036350428416,21.956846764218604
1645.875,油层,11.781019058189681,74.18288935354391,14.036091588266405,34.317850854375685,65.68214914562431,77.65877823262271,67.60020567655879,6.508500787631581,0.07418288935354261,43.34092737824702,22.341221767377295,2.2351031202397316,137.78636144986305,7.173763277411584,6.421172476299048,3.0531963529827966,74.95211854132906,44.21311587527836,22.51242333122626
1646.0,油层,11.668044420528801,74.3232442841155,14.008711295355708,35.005521024964615,64.99447897503539,77.99786140762183,67.72810608940385,6.520814950427527,0.07432324428412046,42.99234038265721,22.002138592378174,2.162842174512647,116.39141611961011,7.138922031487896,6.5061375660976655,3.055677337394101,76.18461829410934,44.678650881816985,22.594167404621604
1646.125,油层,11.829008307644846,74.5540735262384,13.616918166116754,35.078320690792566,64.92167930920743,78.91279030631263,67.93845249650194,6.5410669562102255,0.07455407352623677,43.834469615520064,21.08720969368737,2.3674540384107274,133.43766567074337,7.010945207233712,6.57333511158237,3.0688272027139494,75.78715086653177,45.241978396944944,22.60032267156296
1646.25,油层,11.681339508119468,74.97735636110444,13.341304130776091,35.65293463666405,64.34706536333594,80.30048829330076,68.3241749581862,6.578204046557125,0.0749773563611042,44.64755365663671,19.699511706699234,2.0600522128775425,134.7259109545861,6.911961651100326,6.532390207742472,3.0483708246768817,86.31828301180362,43.43729341781463,22.493525414007642
1646.375,油层,11.934315892744507,74.39890327978898,13.66678082746651,35.731736232079264,64.26826376792074,81.14491133532069,67.79705141781287,6.527452958696327,0.07439890327978899,45.41317510324143,18.855088664679307,2.072917101959769,129.22645383037033,6.808024318837246,6.503110554312181,3.0265908311245564,85.70745619486921,43.536160764572415,21.977034535138603
1646.5,油层,12.18160460350447,74.32728273814537,13.491112658350158,36.24159263656582,63.75840736343418,81.80296470522308,67.73178618767737,6.521169267729849,0.07432728273814443,45.56137206865725,18.19703529477692,2.147316033413798,134.2281856503955,6.734510893919048,6.426027573318885,3.0001252113417602,81.94730537648586,45.09215623810258,21.903739598757202
1646.625,油层,11.866901673589773,74.63706598620135,13.496032340208892,36.836264765849016,63.163735234150984,82.00739824254576,68.01408054782198,6.548348372393169,0.07463706598620085,45.171133476696745,17.992601757454242,2.096509013635863,141.99214989266034,6.692818605852687,6.390941075419004,2.9867357681548903,102.37087697757816,44.96936832970323,21.92541462672484
1646.75,油层,11.55714254897174,75.13400299969035,13.308854451337899,36.51249535552283,63.48750464447717,81.9500719115047,68.46692142006209,6.5919475766285585,0.07513400299969525,45.437576555981856,18.049928088495303,2.206492712188436,142.2905935054607,6.640172893893085,6.357299349894688,2.981360734960381,81.43668355782792,44.32671417407542,21.95514126778001
1646.875,油层,11.443463906680893,74.92101217572666,13.635523917592435,36.87278665104866,63.12721334895134,82.59804120192567,68.27283052345999,6.573260640090951,0.07492101217573127,45.725254550877,17.401958798074336,2.1030994105413234,138.13662937406403,6.618160780911674,6.303368076207484,2.960140489148152,89.91677527237071,43.137074185780605,22.009905357375093
1647.0,油层,11.662613472555982,74.531066552284,13.806319975160012,37.133764567772,62.866235432228,83.26018682055903,67.91748706653735,6.539048419194371,0.07453106655228581,46.12642225278702,16.739813179440976,2.008204845501037,114.3292366837694,6.690817185386356,6.255366934533659,2.928777330658945,81.51481548990532,44.18334831774393,21.837676950957402
1647.125,油层,11.870677557351437,73.91019281637408,14.219129626274485,36.3564087263959,63.6435912736041,81.73792315142538,67.35170710551888,6.48457551803881,0.07391019281637878,45.381514425029486,18.262076848574615,2.1004886218328727,125.77199344756566,6.7737921013152125,6.116038816707096,2.8725070804320616,92.10852244289138,45.08524203273407,22.449680102029596
1647.25,油层,11.91647901518056,73.86035710099573,14.22316388382371,37.272422567209176,62.727577432790824,82.72216720077778,67.30629360600476,6.4802031378899825,0.07386035710099798,45.4497446335686,17.277832799222224,2.252563323081114,140.31304141845317,6.922703193499299,6.016883291152375,2.8374982717866035,92.11461463001719,44.242223263276635,22.546878253071146
1647.375,油层,11.919684117706394,73.44827637804224,14.632039504251363,36.60053792685795,63.39946207314205,80.78063706314794,66.9307792270185,6.444048874645686,0.0734482763780464,44.180099136289975,19.219362936852068,2.125790669516969,133.3131083620006,7.044539686621793,5.91843868011465,2.8200398408537213,92.81016514559495,45.71966611332729,22.512780620277628
1647.5,油层,11.651603706354111,73.69687665147444,14.651519642171449,37.614994500569495,62.38500549943051,81.10330615637041,67.1573197373938,6.465860037429164,0.07369687665147173,43.48831165580092,18.896693843629585,1.958576678897406,123.47574889060516,7.0411459388570545,5.794973368754412,2.794909489853903,78.68439891103539,43.306825707238175,22.602869631081592
1647.625,油层,11.876042685237282,73.62814415348457,14.495813161278145,38.61659770866797,61.38340229133203,83.13531643760204,67.09468627782827,6.459829731502806,0.07362814415348418,44.51871872893408,16.864683562397953,2.184673544224218,126.89674783254905,7.021851110066775,5.710282439268299,2.7857511744964016,68.84479035924052,44.755475638330054,22.200047454085762
1647.75,油层,11.842870487531593,73.89847707225232,14.258652440216094,39.26920458498645,60.73079541501356,83.66434055313681,67.34103096821572,6.48354762696435,0.07389847707225117,44.39513596815036,16.335659446863193,1.9041420785851755,144.3092868668286,6.835485170784798,5.631074711081654,2.775129794270282,100.0520871421964,43.929919246549275,22.00572391214056
1647.875,油层,11.567858236553864,74.5185056895343,13.913636073911839,40.305267187944416,59.694732812055584,85.92752886289783,67.90604080294807,6.537946380896696,0.07451850568953727,45.62226167495341,14.072471137102172,2.1271435891545316,125.5296324260753,6.692664940181042,5.586123536564416,2.7522314471541827,76.60088634711794,44.47909118936775,22.146229575371922
1648.0,油层,11.759151730226552,74.10208910918568,14.13875916058777,39.69834021727811,60.301659782721885,85.91729433768542,67.52657531267123,6.5014117074052775,0.07410208910918759,46.218954120407304,14.082705662314577,1.958666653634309,130.63514310785163,6.622022609396128,5.600061189952866,2.753553726294273,85.87127829521738,43.294336311386274,21.826571440192595
1648.125,油层,11.437625504070919,74.29451660621163,14.267857889717451,39.131506421342394,60.8684935786576,84.76368433107953,67.70192758716654,6.5182945024388665,0.0742945166062145,45.63217790973714,15.236315668920476,2.1134805702725554,134.0746618618244,6.574217190665388,5.607795591917145,2.737047233830805,68.98818080390731,45.06292596003837,22.04566373455654
1648.25,油层,11.126013337068004,74.41614651102539,14.457840151906593,39.2703497885957,60.7296502114043,85.69215747786134,67.81276455581904,6.5289658086953155,0.07441614651102907,46.421807689265634,14.307842522138658,2.1241248083318864,131.29582861287747,6.584024054783301,5.671011597319336,2.7328856693390486,78.6364662707857,44.334649150681685,21.802748611072307
1648.375,油层,11.000034451286751,74.79645809397309,14.203507454740166,38.59716147896935,61.40283852103066,85.85930219469856,68.15932885727024,6.562332778608873,0.07479645809397029,47.26214071572921,14.14069780530144,1.9739175633335582,126.93746691095195,6.599884263211269,5.7277935544287795,2.7253598210169008,77.81198144950497,45.720533629057016,22.02952319701345
1648.5,油层,11.23312863686671,74.27542375995219,14.491447603181108,38.003578360284514,61.99642163971548,85.90162189755212,67.68452896134681,6.51661937484542,0.07427542375995355,47.898043537267604,14.098378102447883,2.118872869756178,137.0785827519213,6.56696874019789,5.823923361760647,2.7304258612419066,75.10737166372604,46.18134634006409,22.146376863480242
1648.625,油层,11.182584561776874,74.6936998559816,14.12371558224151,37.3882973881638,62.61170261183619,85.30846360497006,68.06568896155144,6.553317194574181,0.07469369985597801,47.92016621680626,14.691536395029935,2.145300311622971,148.68677962893648,6.560814534959708,5.849423906154916,2.7129330242562153,82.67307124132599,45.720192002803955,22.20765050796939
1648.75,油层,11.46386392749124,74.0050500330905,14.531086039418255,38.203056047838096,61.79694395216191,86.86914412213704,67.43814708400741,6.492897899050004,0.07400505003309354,48.66608807429895,13.130855877862956,2.00727471290729,139.59142595113929,6.628496624441365,5.8423990207189345,2.682440339194129,90.98908817413084,44.94005462959207,21.940602971142123
1648.875,油层,11.537753426661794,73.70954141902163,14.752705154316581,37.17926864804003,62.82073135195997,85.88594440252703,67.16886068569733,6.466971191905274,0.07370954141902586,48.70667575448701,14.114055597472962,2.0573804054724185,128.8593584042249,6.663123576441514,5.872697229003927,2.65835229947844,95.52388757851843,44.70908319594663,21.753959159682086
1649.0,油层,11.381849998633383,73.68883072878722,14.929319272579383,36.30257454025184,63.69742545974816,86.4303226287595,67.14998777670512,6.465154121353322,0.07368883072879084,50.12774808850766,13.569677371240497,2.132254110132901,142.9195586046132,6.736622563561664,5.8751327867948095,2.610077451672606,83.76797663798193,43.824072911448,22.156304965395638
1649.125,油层,11.240398039471694,73.67094693204233,15.088655028485979,35.34670260583424,64.65329739416576,86.19770045037214,67.13369091433202,6.463585070778259,0.07367094693204318,50.8509978445379,13.802299549627861,2.0793807972132834,112.92193208670264,6.842866263747644,5.904642033501294,2.5818047615791953,93.33247168657876,43.30148142648653,22.277430500252567
1649.25,油层,11.464060746104124,73.07188146856794,15.464057785327942,35.67204495815602,64.32795504184398,85.89176595301615,66.58778404958873,6.411025537510636,0.07307188146856991,50.219720994860126,14.108234046983847,2.24583413501675,128.75053165405666,6.8952837050054026,5.87516344870073,2.5342011912865114,80.64700087210095,45.00908974538913,21.748302866300733
1649.375,油层,11.343279392632473,72.91482553085048,15.741895076517043,36.083216959976134,63.91678304002386,87.509694019998,66.44466460809831,6.397246097221319,0.07291482553084677,51.42647706002187,12.490305980002002,2.2157607569307913,145.89871325603144,6.932916297231213,5.759485332302718,2.472029134130884,98.04828010285392,45.60143753762546,22.121011049002448
1649.5,油层,11.67488839617389,72.4073403395743,15.91777126425181,36.893218248294644,63.106781751705356,89.43691697099037,65.982211559868,6.352721439366717,0.07240734033957391,52.54369872269572,10.563083029009634,1.924421626279085,117.20680869782473,6.961062190472287,5.636321392236739,2.4319440150600133,89.77227250983398,44.91407215056955,21.970317170246844
1649.625,油层,11.331915340363828,72.90652757677596,15.761557082860206,36.78758981516003,63.21241018483996,88.03054903963479,66.43710298024827,6.396518068950913,0.07290652757677152,51.24295922447476,11.969450960365213,1.981402207888811,128.61206357435276,6.93093412978971,5.547621885126601,2.4009431812235213,98.18949859074345,45.50942977950966,21.956259214190712
1649.75,油层,11.292606288490195,72.90842290171928,15.79897080979054,37.242027548160536,62.75797245183947,88.65251900343488,66.43883012187229,6.396684356945272,0.07290842290171712,51.41049145527434,11.347480996565128,1.952314345103529,141.07129954136437,6.86902319320429,5.5317451966536995,2.391507869895988,85.96364773850294,45.16464775445364,22.12809835998752
1649.875,油层,11.170666653361486,73.22599898700288,15.603334359635637,36.845113872606596,63.154886127393404,89.71647188983412,66.72822581500597,6.424547173009912,0.07322599898700044,52.871358017227536,10.283528110165873,1.9846920530710421,144.7850111339267,6.790645436435167,5.560133691156651,2.4186921477347,102.25356722687451,44.658161306472294,22.14250477756887
1650.0,油层,11.163494041768708,73.57554425914007,15.260961699091208,37.856563197843066,62.14343680215693,89.67360362050381,67.0467538811902,6.455214833690739,0.07357554425913848,51.81704042266073,10.326396379496195,2.090743763242042,125.28066977868613,6.6679725807517,5.584900156712207,2.4245491930759018,95.42962976702489,44.418030494008974,22.554186614697617
1650.125,油层,11.187464557457163,73.73582797678925,15.076707465753586,37.6427822448017,62.3572177551983,90.78502008790124,67.1928146827323,6.469277466080163,0.07373582797679107,53.14223784309955,9.214979912098753,1.8578772932787233,119.66740412464321,6.527736307618612,5.692240131016279,2.4467033322557974,87.05746898897797,44.7910081217346,22.356170081466836
1650.25,油层,11.24060758258271,73.99399371700757,14.76539870040972,36.77611390006728,63.22388609993273,90.79281500646846,67.42807185981832,6.491927863472243,0.07399399371700727,54.01670110640118,9.207184993531548,1.8891545206630125,129.45451681586593,6.427136048677445,5.725421769566882,2.452973168671985,81.81393723971892,44.638266072061604,22.330514580289577
1650.375,油层,11.328706296360792,73.72768480584561,14.94360889779359,37.24096460637074,62.75903539362926,91.8392181527187,67.18539410319643,6.468563017843349,0.07372768480584102,54.598253546347955,8.160781847281307,2.035764505386661,124.31376622923526,6.391292591281247,5.760744643882729,2.4423568702670346,86.85698412526398,44.6545074857399,22.309941005354737
1650.5,油层,11.062101518190259,73.68213193170554,15.255766550104195,37.08875002913714,62.91124997086286,91.32627042308256,67.14388340325115,6.464566396522674,0.07368213193170853,54.237520393945424,8.673729576917433,1.9018623803482602,129.54237486703462,6.392446378005678,5.8088694352138095,2.4586823884212996,89.71319311504612,44.79804312802793,22.21932961765775
1650.625,油层,11.266962917771629,73.9023079506659,14.830729131562464,36.94562469720197,63.05437530279803,89.69450682384034,67.34452191027711,6.483883732438124,0.07390230795066705,52.74888212663838,10.305493176159652,2.1261975820667174,128.4669026206623,6.41968341500989,5.794257970743726,2.481680359728738,92.517106259921,44.60446635472128,21.89253112341014
1650.75,油层,11.295334757559438,74.12687414722465,14.577791095215906,37.45042905963112,62.54957094036888,88.6581066532991,67.54916102864611,6.50358624443132,0.07412687414722341,51.20767759366798,11.341893346700903,2.093155641966548,138.32133151511053,6.5025347934921225,5.832619135695458,2.531932525114459,81.93239086179189,44.00886829981373,21.92862331811495
1650.875,油层,11.287893952518388,74.01175431406371,14.700351733417898,36.878474946862866,63.12152505313713,86.59926431548321,67.44425645473497,6.493486105014679,0.07401175431406282,49.72078936862034,13.400735684516796,2.025349065198169,137.67599526570427,6.516528491441909,5.925536668454829,2.60624752129797,80.90254365541236,43.98803194260522,22.06968237343632
1651.0,油层,11.019148706862977,74.62175487506599,14.359096418071033,36.82036439863274,63.17963560136726,86.35496387853149,68.00012808154699,6.54700503864394,0.07462175487506911,49.534599479898766,13.6450361214685,2.193932310551593,125.71041545710465,6.5653069716015,5.979605855981339,2.665506596209827,103.18134724703265,46.21097803153151,21.95006365812556
1651.125,油层,11.188477459594303,74.4567777173346,14.354744823071089,36.76247053041745,63.23752946958254,84.93686855005708,67.8497903164402,6.532530623177071,0.07445677771733272,48.17439801963963,15.063131449942912,2.115129456521308,120.26793857068513,6.651594840184996,5.959353519074045,2.6940598358923804,83.29529895709938,45.22616836988399,22.103550444252868
1651.25,油层,11.325975515205336,74.01844753963175,14.655576945162919,37.73972779604334,62.26027220395667,84.77261358546444,67.45035575106843,6.494073341023697,0.07401844753962689,47.03288578942111,15.227386414535559,2.099993117347316,117.48347372552534,6.64667139096275,5.971988918891474,2.7272250310899744,83.12807215229333,44.22087030432548,22.070119319429228
1651.375,油层,11.124752115690699,74.55198379847737,14.323264085831946,37.496300006974295,62.5036999930257,84.81944327697678,67.93654820256454,6.540883612114341,0.07455198379848066,47.3231432700025,15.180556723023209,2.1316425001234562,136.89792107945263,6.741244251092834,5.938557980151291,2.7372312812536728,90.69202913273566,45.015657609982526,22.05653280835106
1651.5,油层,11.33543619122964,74.03294916612441,14.631614642645946,36.76296940748033,63.23703059251967,83.38530188043349,67.46357056302966,6.495345653928626,0.07403294916612929,46.622332472953154,16.61469811956652,2.087286842194174,143.10561084267945,6.834732636163784,5.935645170119888,2.7417400379043664,83.52137908959904,44.9101607126659,21.98873874256569
1651.625,油层,11.382916741580573,73.88666314297039,14.73042011544904,35.922645171236624,64.07735482876338,82.33548286453454,67.33026535829858,6.4825111215288445,0.07388666314297465,46.41283769329791,17.664517135465463,2.2445009808955927,117.96161626181635,6.912774613537035,6.017100127620319,2.746975393079718,78.74984490257503,44.97886047982898,22.219191990393377
1651.75,油层,11.662280406695064,73.45180697686138,14.885912616443568,35.21762624043744,64.78237375956256,82.58390117089856,66.93399653505836,6.444358634826172,0.07345180697685694,47.366274930461124,17.416098829101443,1.917655584790725,121.3373787677505,7.012220384298108,6.113363733756304,2.7402930725062404,90.69155872879239,45.39783244536076,21.949832081972982
1651.875,油层,11.695844258948176,73.5777028892007,14.72645285185113,34.24028048353813,65.75971951646187,82.76755118269459,67.04872096332124,6.455404222990241,0.07357770288919929,48.527270699156446,17.23244881730541,2.1032379932875647,136.55012716921442,7.088727765270761,6.190941808519768,2.728196399854498,81.68166130507359,45.23588109385071,21.916554660083722
1652.0,油层,11.824670177354458,73.1675265545451,15.007803268100433,34.05691349696227,65.94308650303773,82.26670419820816,66.6749419850689,6.419417042921658,0.073167526554542,48.2097907012459,17.733295801791837,2.0984473956889222,128.1538169203468,7.1063506470535,6.299775125272802,2.721461687654294,95.27513068072635,43.80296633825613,21.73792489448641
1652.125,油层,11.866688351084404,73.40844625406416,14.724865394851456,33.41581845623651,66.58418154376349,82.38789195265213,66.89448346398602,6.440554343824065,0.07340844625406684,48.972073496415625,17.612108047347874,1.948199223827066,131.6573625697438,7.128104866127263,6.382031388090865,2.72576471507729,82.56519350375387,44.169249111029245,21.986059700095918
1652.25,油层,11.715249391348275,73.35465256475553,14.930098043896207,33.46048506306712,66.53951493693289,81.82596796737063,66.84546320482582,6.435834707364958,0.0733546525647541,48.365482904303505,18.174032032629373,2.103619822363576,127.46664881742568,7.219433661661289,6.378825695438086,2.7235745082276233,89.8072084078519,43.9112531762719,21.656570451584823
1652.375,油层,11.86750657079363,72.95422962643092,15.178263802775458,33.36205935681198,66.63794064318802,80.7105540718511,66.48057214673624,6.400703250068236,0.072954229626436,47.348494715039116,19.289445928148897,2.161642639568541,139.5241218328842,7.287949961307746,6.4128850090405995,2.7288968377467953,83.67996745605986,44.969750202305804,22.238112646134102
1652.5,油层,11.762219169544702,72.90025065740896,15.337530173046343,32.850233288123825,67.14976671187618,80.29769916733925,66.4313830488204,6.395967357931162,0.07290025065740668,47.447465879215414,19.702300832660757,2.0698877012817736,133.60864986697752,7.431092916763928,6.380281481632169,2.7306032679495384,83.45116015419913,45.07133518790191,22.68190763422543
1652.625,油层,11.64999801502778,72.78055464588374,15.56944733908849,32.66027949722649,67.3397205027735,78.76005138870283,66.32230836774123,6.385465723496629,0.07278055464588068,46.099771891476344,21.239948611297166,2.0424289975560077,131.10284493152423,7.549921476545462,6.448978516989301,2.766487650994546,82.28743599006305,45.285617692518244,22.543432635875536
1652.75,油层,11.42458900222122,73.28822638035716,15.28718461742162,31.754667693029536,68.24533230697047,76.88505411091231,66.78493140609473,6.430006747882068,0.0732882263803622,45.130386417882775,23.11494588908769,1.980748704755573,137.58210472399853,7.656401022478093,6.503845441539536,2.7911462544547945,83.11772609336653,45.95234185468556,22.656832395717164
1652.875,油层,11.41418945485166,72.91781162778955,15.667998917358798,31.76763690200114,68.23236309799886,76.61297061089101,66.44738573110942,6.39750808505233,0.07291781162779148,44.845333708889875,23.387029389108992,2.0165949097068956,122.29107770248577,7.756169522614162,6.461194521073438,2.785804166412454,96.03203367692066,45.32386353906138,22.52034407358276
1653.0,油层,11.734684763632004,72.29450860066954,15.97080663569845,32.58737435405094,67.41262564594906,78.21451663891608,65.87939204416469,6.342822047904198,0.07229450860066489,45.627142284865144,21.785483361083923,2.18826842052375,144.9691958609157,7.796112695479884,6.465825400870893,2.7960793853573707,90.82787663674564,44.1169990025338,22.033918636141713
1653.125,油层,11.575647462720989,72.71985701613339,15.704495521145617,32.385566972337024,67.61443302766297,77.2090952846128,66.2669967953428,6.38014036377446,0.07271985701613054,44.823528312275776,22.790904715387196,2.0221389447250004,122.12949245281135,7.792386860218284,6.421699459101027,2.7750320906769934,100.89243014830365,45.05142411333193,22.098991395437874
1653.25,油层,11.81198836371335,72.84469219970417,15.343319436582481,32.213543169462255,67.78645683053774,78.28097526867896,66.38075461953372,6.391092887970738,0.07284469219970419,46.067432099216695,21.719024731321046,2.089029693669945,133.90670759589474,7.703469188523217,6.415428973112641,2.7614021264027393,85.65278151018148,43.98366199800368,22.027057609965063
1653.375,油层,11.557729989905166,73.17759304239772,15.264676967697119,32.49300008864213,67.50699991135787,79.57013421665017,66.68411521430285,6.420300235052463,0.07317759304239918,47.07713412800805,20.429865783349822,2.017109192803278,147.67079937337925,7.629689838225731,6.5000090851979335,2.7640999081258864,84.15230125032551,46.257835445824966,21.955108895434027
1653.5,油层,11.562773651806506,72.84403961126613,15.593186736927361,31.761657525535615,68.23834247446439,79.74611141623355,66.38015993910246,6.3910356325524065,0.07284403961126812,47.98445389069793,20.253888583766454,2.033082118817024,141.33556536551268,7.571322099993132,6.5244751829227665,2.7491351436106566,84.5964419365849,45.34572549921744,21.983790711396956
1653.625,油层,11.47740886218,72.92982252782576,15.59276860999424,32.18292511678714,67.81707488321285,79.39128951088124,66.45833083340841,6.398561871889524,0.07292982252782854,47.2083643940941,20.608710489118764,1.9792320983536753,122.05593625441654,7.615555837798216,6.4653125767949025,2.720446256279769,90.0851204357215,44.9155035493062,21.943348850352987
1653.75,油层,11.613594752555047,72.36511463528616,16.021290612158793,32.27094554459198,67.72905445540802,78.72979534315392,65.94373279044301,6.349016730207873,0.07236511463528245,46.45884979856194,21.270204656846083,2.329663435221092,142.7249595415501,11.40260148015933,5.0055165024232835,2.195534340453515,83.2207889447317,49.24290609250315,22.12206315060239
1653.875,非储层,0.39446639644012316,38.51980890631358,61.0857246972463,92.49356663488138,7.5064333651186255,95.33870093343904,32.801774742296644,5.6795143551106255,0.03851980890631282,2.845134298557677,4.661299066560954,2.4457974053090177,149.83706856625673,15.111174851834424,3.538921949596184,1.687752040118174,109.18369808901015,51.92732680892273,22.06663406216642
1654.0,非储层,0.3952127708957724,39.077128352414704,60.52765887668953,92.16377663261706,7.836223367382944,94.96376458642993,33.27636346559413,5.76168775846816,0.03907712835241536,2.799987953812882,5.036235413570067,2.1169665549487275,149.19912469816651,18.942843896403474,2.0883969035517937,1.1712531250493663,111.80068461106846,54.941713445767775,22.04185604335456
1654.125,非储层,0.3940420097242219,37.71027382845763,61.895684161818146,92.54063309003682,7.459366909963183,95.35828163706579,32.112410282197615,5.560153272431556,0.037710273828456264,2.817648547028972,4.641718362934211,2.152061711396615,173.31466393103867,22.56781588739008,0.690702153589289,0.6714776784977988,122.28292167255668,58.02611687038243,22.96746041424077
1654.25,非储层,0.39357403762653004,39.30638207648549,60.30004388588798,92.41861175610234,7.581388243897658,95.30956578214189,33.47158585192767,5.7954898424813335,0.039306382076486485,2.890954026039553,4.690434217858108,2.191777828962208,168.28742503051336,22.512864121624233,0.6966798815555374,0.6770575131164571,141.797557282471,58.776769305863404,23.085490795673874
1654.375,非储层,0.3998477598269527,39.124263680381496,60.47588855979155,90.14392766895261,9.856072331047383,93.04942971398954,33.31650183736362,5.768637579337504,0.03912426368037902,2.905502045036921,6.950570286010461,2.2777042234706206,149.9115954454172,22.5165188272682,0.6981965377709868,0.6783734621346043,126.0277480358083,59.15390891580852,23.272931704003728
1654.5,非储层,0.39878454776598693,39.039982883924495,60.56123256830952,91.26113579017128,8.738864209828723,94.12720801592853,33.24473201869167,5.7562108823489,0.03903998288392607,2.86607222575726,5.872791984071468,2.160439574477621,159.92717918254547,22.254280850570847,0.7065607317664042,0.6863920833962891,129.84332247885598,58.97890542243654,23.27537066983691
1654.625,非储层,0.40418767368885905,40.536549123153065,59.059263203158075,92.42384295395057,7.576157046049426,95.3056370848683,34.51914199267406,5.976870581355855,0.04053654912315255,2.881794130917721,4.6943629151317,2.413123148988116,152.87679278115698,22.243586849240504,0.7052943745930962,0.6851591389402645,120.85695894297544,57.91669526419015,23.14023449887055
1654.75,非储层,0.39257838266791023,39.416809361038496,60.1906122562936,93.32064769075589,6.679352309244102,96.24135921119402,33.56562086965377,5.811771682023686,0.03941680936103767,2.9207115204381218,3.758640788805978,2.1172841040044874,164.0682100149549,22.109249768018362,0.7074385106325185,0.6874257992033795,120.33860214108459,58.05409633190934,23.2123707090106
1654.875,非储层,0.3889367213886494,40.578718811611466,59.03234446699989,91.32575172945174,8.674248270548269,94.162419695254,34.55505184428131,5.983088248518549,0.04057871881161107,2.8366679658022775,5.837580304745993,2.226956202901139,174.14805376473296,22.111311193140544,0.7091097301050748,0.6889182445018793,115.61270035566204,58.008062190698396,23.366488676197662
1655.0,非储层,0.3914637134000832,39.02993757765929,60.578598708940625,90.31733391952571,9.68266608047429,93.22896917385548,33.236177877778616,5.754729762303017,0.03902993757765663,2.911635254329773,6.77103082614452,2.219821898134337,154.01920963823684,22.37074508657395,0.700354540691756,0.6804350555446985,127.19804525980247,57.41647700987402,23.139354095446016
1655.125,非储层,0.38879954181218507,37.74313224919014,61.86806820899767,92.81331118907949,7.186688810920517,95.69127820668052,32.14039106782084,5.564998049120101,0.03774313224919057,2.877967017601033,4.3087217933194815,2.226109875923685,184.08290307449224,22.44949246858846,0.7033407019470851,0.6831552912831919,131.56171835221068,58.0269950615914,23.12940818671753
1655.25,非储层,0.38749063544875156,38.589475905073634,61.02303345947762,90.30082336469076,9.699176635309236,93.23181582464457,32.861100093724446,5.68978633544411,0.038589475905075055,2.930992459953809,6.7681841753554295,2.263760210102027,138.82699303622041,22.796071150834706,0.696721761757172,0.6765209740736626,118.32592094853406,58.69293375397601,23.055131356668596
1655.375,非储层,0.38930818930694144,36.84616006963063,62.764531741062434,89.02596431494581,10.974035685054195,91.9085555703282,31.376569018350725,5.432744891210273,0.03684616006963057,2.882591255382401,8.09144442967179,2.2182150320171767,184.8468023060013,22.84862074412602,0.6967075844642345,0.6766224103352549,125.53235048842033,57.3100479932596,23.16908370322568
1655.5,非储层,0.395898595842335,38.464402468815436,61.139698935342224,89.44014391202167,10.559856087978325,92.25786361604231,32.75459305750408,5.671345008842539,0.038464402468817854,2.817719704020636,7.742136383957687,2.268398070791896,174.22597652036654,22.704677292204696,0.7098458642879864,0.689215822171625,122.97320387934619,57.48755178474003,23.13635055009062
1655.625,非储层,0.4059038320194121,39.315864975805795,60.27823119217479,88.11469692138621,11.885303078613784,90.9434147095713,33.47966107182725,5.796888039002732,0.03931586497580575,2.828717788185091,9.056585290428698,2.373903687428371,181.97382490072548,22.5002941500833,0.7201795942191819,0.6993431434566186,130.5535617028707,58.32413331677441,22.866178358282053
1655.75,非储层,0.4159996803855889,40.78834803942154,58.79565228019287,88.41016680419763,11.589833195802369,91.22873973706346,34.73356287289912,6.013996818483,0.04078834803941944,2.818572932865827,8.771260262936542,2.041701536566594,156.03940950198046,22.257634427274184,0.7269828674526311,0.7061405594895854,134.8701880836416,58.969483460077484,22.67252880272097
1655.875,非储层,0.41318306111279796,39.44736890551962,60.13944803336758,89.43265437033226,10.567345629667734,92.220802022342,33.591644033391034,5.816277503223067,0.039447368905520114,2.788147652009736,7.779197977658003,2.3301705579394003,156.6747242148432,22.07713885626798,0.7310206443969852,0.7101825517532895,122.71226183845046,57.021874806174786,23.787296802589697
1656.0,非储层,0.4208287712857146,40.388309727340285,59.190861501373995,90.38779674985881,9.612203250141194,93.16942607625587,34.39290784438918,5.955013573223772,0.04038830972734053,2.781629326397072,6.8305739237441205,2.0710261994774872,159.59801105794068,21.840610115201397,0.7383187912931692,0.7173222596947171,136.4644783982666,56.60992471067887,23.825809275398633
1656.125,非储层,0.4176708828123235,41.86067590395696,57.72165321323072,88.5037301711737,11.4962698288263,91.31709159753323,35.6467101096346,6.172105118418408,0.04186067590395484,2.813361426359543,8.68290840246676,2.170873940811612,155.76304677159126,21.604596351051065,0.7424623733931847,0.721432362382515,130.24613576166487,57.49663547509298,23.116001684570886
1656.25,非储层,0.4113742566065886,43.329096576550654,56.25952916684276,90.52320865571288,9.476791344287117,93.36263673779574,36.897152557220444,6.388614922753655,0.04332909657654982,2.839428082082863,6.637363262204254,2.0190661187930026,166.7417681780926,21.094053975768553,0.7536595659792574,0.7325260788426999,128.20281359115933,56.184411148519814,23.051185052771846
1656.375,非储层,0.40334973676228225,44.95188884452696,54.64476141871075,92.89776911869775,7.102230881302251,95.67676950312286,38.279051064483674,6.627885891198759,0.04495188884452994,2.779000384425099,4.323230496877151,2.258495119829733,160.26521373972966,20.780308973626852,0.7612353712453774,0.7400165443357006,122.65769556381238,56.958061025177415,21.927642653058527
1656.5,非储层,0.4151445525124889,43.77311920423084,55.81173624325667,92.13120532189407,7.868794678105928,94.89677419676022,37.27526269398337,6.454083391043232,0.04377311920423094,2.7655688748661533,5.103225803239775,2.237461513684547,157.4832568621192,20.65900173128059,0.7631179026242425,0.7419024516138657,132.6544811709997,55.81311488361092,21.953962151174583
1656.625,非储层,0.4138725518228183,43.16672431975406,56.41940312842313,89.73600947872269,10.26399052127731,92.55785930253036,36.75888348623948,6.364674109194822,0.0431667243197556,2.8218498238076726,7.442140697469634,2.215851358575461,152.7471966537095,20.580013620457684,0.7691894598683517,0.7477216545027814,111.48560891961243,57.40338714731595,21.948013886032662
1656.75,非储层,0.4079204373393782,44.196339597683696,55.39573996497692,89.00333559650944,10.996664403490552,91.83563291404445,37.635658563187995,6.516484694898017,0.04419633959768521,2.832297317535003,8.164367085955549,2.2557530632573046,158.01506193088593,20.665848979555136,0.7690662501856559,0.7472820087145032,132.59866992596469,57.36779406302153,22.17057689441692
1656.875,非储层,0.40735494878758116,44.030133433729745,55.56251161748267,91.32332233802511,8.676677661974896,94.22792714592539,37.49412470552898,6.491978594767037,0.04403013343372841,2.9046048079002884,5.772072854074606,2.0205682710280213,146.713050471592,20.531630580883064,0.776667720076693,0.7542505950543029,114.89092687371061,57.819855852246945,22.07551081851244
1657.0,非储层,0.41676322440832236,45.23015361377345,54.353083161818226,90.86832512364364,9.131674876356355,93.81882992156137,38.516009100847256,6.66891435931242,0.045230153613776136,2.950504797917728,6.181170078438624,2.0765050529645968,156.1802996872936,20.296964443220034,0.7875823715426706,0.7643834701394834,115.25748388993316,55.80749161096536,21.891791276586112
1657.125,非储层,0.41945399706410935,45.703625741507615,53.876920261428275,88.8534037995842,11.146596200415804,91.88221136496871,38.91919713634518,6.738724979420926,0.045703625741508325,3.0288075653845223,8.117788635031287,1.9816711364888628,157.91264646889007,20.144736502100418,0.7967551242389095,0.7726046109706565,114.82658200815203,55.96332609724912,21.848946016239186
1657.25,非储层,0.4197301325847223,45.84016652701941,53.740103340395876,87.56837857469732,12.431621425302675,90.68804149795595,39.03546926273052,6.758857097761868,0.04584016652702111,3.1196629232586255,9.31195850204405,2.172856569674183,151.22491188487032,19.8873982148178,0.8100778103700073,0.7850920266695429,112.45663383276593,55.935912307306175,22.048214178193984
1657.375,非储层,0.41122948267702075,46.817933065828065,52.77083745149491,89.80517300583686,10.194826994163142,92.88652283128074,39.868092234318,6.903022898444237,0.04681793306583054,3.081349825443886,7.1134771687192515,2.336953535486667,141.1808445044533,19.732581306315147,0.8225883294268113,0.7968907807918033,113.63991444937447,56.2732594562562,21.9527784003647
1657.5,非储层,0.42354140513049027,46.91759262847152,52.658865966398,88.0045696889577,11.995430311042298,91.0267982412873,39.95295793374805,6.917717102094992,0.04691759262847317,3.022228552329598,8.973201758712701,2.134512657272803,153.567254859329,19.508173588018373,0.8386670224634348,0.8121149196724985,125.82234853943623,55.17291991617417,21.83869119728264
1657.625,非储层,0.41450265510272266,48.152565859743945,51.43293148515333,86.06017383924998,13.939826160750012,89.15443376154974,41.00460680987539,7.099806484008813,0.04815256585974509,3.09425992229976,10.845566238450255,2.192651102237436,135.54499852423407,19.334604195572865,0.8442578687244908,0.8176877327759364,119.26495515975945,55.72065474967382,22.107711724601167
1657.75,非储层,0.4247805090354002,47.70706581887163,51.868153672092966,88.38187648938747,11.618123510612532,91.45376797187443,40.62523857303083,7.034120180021931,0.04770706581887357,3.0718914824869548,8.546232028125578,2.0523439559198926,148.935376931435,19.17133221812342,0.8509396920087193,0.8240598966996855,115.47216762344341,55.71857702358878,22.066088538053265
1657.875,非储层,0.42457065503512803,48.56994984169765,51.005479503267225,89.98863067049125,10.011369329508756,93.12677619628744,41.360032647796515,7.161347244059435,0.048569949841698046,3.1381455257962023,6.873223803712558,2.176718634092183,141.6949588874014,19.00487411184715,0.8568086870276553,0.8294347088805031,105.27631594266734,56.17596907442541,21.987149628911062
1658.0,非储层,0.4354529520680943,48.70132694294368,50.86322010498823,88.66581800651065,11.334181993489345,91.85835005568337,41.47190760781642,7.180718008184315,0.04870132694294177,3.192532049172709,8.141649944316631,2.213735122464731,155.3867051395217,19.009303844563995,0.8457595970837011,0.8187455737865483,118.67267973231282,55.35694129251651,22.0704020790447
1658.125,非储层,0.4321173706109935,48.05546535101358,51.51241727837542,90.80416835370568,9.195831646294328,94.06988404862857,40.92192028818255,7.085489597480016,0.04805546535101568,3.2657156949228954,5.9301159513714286,2.139921484442461,148.44532141942958,18.951912157007126,0.8384889774864399,0.8116775986373191,129.31066416472817,54.83666399093796,22.087751022808867
1658.25,非储层,0.43261368401975386,48.28756724473068,51.27981907124956,92.86620263067562,7.133797369324391,96.10827679909836,41.11956805049326,7.119711626992695,0.0482875672447286,3.2420741684227483,3.8917232009016423,1.9783713656494375,138.64078220057772,18.8405133379977,0.8430901586712376,0.8158650040711192,121.3977117600007,54.40961722032966,21.987272660765356
1658.375,非储层,0.43466889468279707,49.76298713186132,49.802343973455876,90.21365474433678,9.786345255663221,93.48848062960701,42.3759707212768,7.337253423452664,0.049762987131860004,3.274825885270226,6.511519370392993,2.1192294581399955,139.43788528771506,18.638664823547757,0.8431982056680741,0.8159975782740257,118.99863918488683,55.38590286993568,22.01351531342457
1658.5,非储层,0.4342192207469565,50.85369891669329,48.71208186255976,92.8009047567173,7.199095243282705,96.12902046480538,43.30477289581101,7.498072321965584,0.050853698916696055,3.3281157080880877,3.8709795351946186,2.3380813989883493,154.54284912736975,18.246618369009717,0.8513618951378692,0.8239126608436895,128.97594415808118,54.63129259185179,22.067957246475263
1658.625,非储层,0.44330559067249564,52.24875754822733,47.307936861100174,95.43140047098527,4.5685995290147385,98.85682730701855,44.49274345649508,7.703765334184029,0.05224875754822611,3.42542683603328,1.1431726929814534,2.0424447117386655,122.31824516548124,17.989306137144673,0.8579750393040125,0.829995164285265,107.54873951330896,55.131096892930806,22.11175545188098
1658.75,非储层,0.4457105560918757,51.03808701455572,48.516202429352404,95.2269291619467,4.773070838053306,98.7189182925259,43.46178968854627,7.525259238994904,0.05103808701455298,3.491989130579211,1.2810817074740966,2.0826644786772808,126.09154614665596,17.98311283826558,0.8473280406874114,0.8197053647306833,118.06222931001406,54.113209381985094,22.15526026259264
1658.875,非储层,0.4522333686848158,49.77539250872582,49.772374122589355,95.27045590781141,4.729544092188586,98.72613650106447,42.38653459449051,7.339082521726589,0.04977539250872465,3.455680593253066,1.2738634989355235,2.183893328472321,133.9660636934243,18.027428149744246,0.8444236581457869,0.8164729424441988,124.81296815905853,54.935170452709336,21.978575265668987
1659.0,非储层,0.451423246710856,50.35451693989731,49.19405981339183,93.17069251440532,6.829307485594683,96.72532242375851,42.87969148385229,7.424470939105126,0.05035451693989473,3.554629909353206,3.2746775762414804,2.051128155822222,144.7213186013231,18.0932011131941,0.8476070149950424,0.8190984383615987,127.57476522119474,53.0756824519237,22.180948098315053
1659.125,非储层,0.44314451876863403,51.55852690745548,47.998328573775886,92.5104077558997,7.489592244100296,96.0505544913143,43.90497340670341,7.601994973844615,0.05155852690745394,3.540146735414592,3.9494455086857005,2.2618214713448954,140.28394233996735,17.936388476567814,0.8677378012778885,0.8382445737073945,116.65637521460519,54.66602225246322,21.81096600618711
1659.25,非储层,0.45222441848095773,52.768199795802204,46.77957578571682,89.82392624900909,10.176073750990911,93.25989557504359,44.9350776237809,7.7803539722255035,0.052768199795802384,3.435969326034495,6.740104424956417,2.010953065271633,139.70255379812173,17.766859337850683,0.8854302017643775,0.8550506475902205,131.80876549993496,54.009956840874416,22.004783620300845
1659.375,非储层,0.4431174380191982,51.64942155223547,47.907461009745326,90.86109034902763,9.13890965097236,94.29926920172491,43.982375287657845,7.6153968430253824,0.051649421552238395,3.438178852697275,5.700730798275089,2.038894124809964,136.82468306838658,17.733243413441258,0.8876235888350398,0.8575519087866961,118.80176147682855,54.01643560054282,21.939453671241118
1659.5,非储层,0.43578752443191543,50.73576460990799,48.82844786566009,92.89228653906665,7.107713460933351,96.24515545364608,43.2043452281928,7.48068361710528,0.050735764609907696,3.3528689145794313,3.7548445463539193,2.0715045732122874,131.97539522530582,17.735366921265914,0.8825470106387273,0.853274741225577,122.74965162343878,56.071376190792414,22.02225500608001
1659.625,非储层,0.4371299540421737,51.52624086006203,48.03662918589579,94.77493553051707,5.225064469482932,98.08508133524148,43.877480029036484,7.597234590165483,0.05152624086006419,3.3101458047244208,1.9149186647585137,2.2180275500824487,155.14241328134239,17.773962634135835,0.8746455846968935,0.8459929535607446,106.49965678526472,56.346030402968715,22.20981769752787
1659.75,非储层,0.4297711520707214,52.353063750714604,47.21716509721467,92.30345007883707,7.696549921162932,95.66836504665255,44.5815660300061,7.719144656957784,0.05235306375071386,3.3649149678154786,4.331634953347452,2.2383244098159327,121.91801570651074,17.745121338903,0.8791600048091965,0.8502147387126615,120.72189879292557,53.9572014629903,22.094678335390537
1659.875,非储层,0.4319751715057026,51.980106043098175,47.58791878539611,89.57817755092098,10.421822449079022,93.02965887579424,44.26397165295736,7.664154284097719,0.051980106043097996,3.4514813248732663,6.970341124205759,2.0484084802135247,126.63443242195449,17.538909654593297,0.9037523394889184,0.8733509999334286,110.55445604352761,54.707576533755834,21.86993368563787
1660.0,非储层,0.4273677486007992,53.013833588859626,46.55879866253957,87.04178529502472,12.95821470497528,90.45604585621176,45.14424855628894,7.81657119898182,0.053013833588860804,3.41426056118704,9.543954143788236,1.9402389623168963,134.77191902513593,17.466649768623544,0.9208728838089568,0.8891949706771363,117.43177937817867,54.238449321176155,22.288442045100883
1660.125,非储层,0.43092733418818446,52.354312720926856,47.21475994488497,88.92275843107056,11.077241568929441,92.35199176116403,44.582629598095494,7.719328810110435,0.05235431272092861,3.429233330093477,7.648008238835969,2.070390939784044,137.41743941334386,17.37122758379568,0.9399441423577017,0.906784357624808,115.07817542993621,55.735232093837084,22.130559342361757
1660.25,非储层,0.42409691685910766,53.428481984209796,46.1474210989311,86.66122535049993,13.338774649500074,90.17081508333823,45.497344888999514,7.877708613226075,0.05342848198420791,3.509589732838301,9.82918491666177,1.9596525043344646,137.40193435310366,17.29613006197409,0.9486380960335057,0.9148105761994026,120.52384771486074,52.97521122046509,22.04170407678641
1660.375,非储层,0.4347328444054735,52.802654640940986,46.76261251465355,87.68797215910644,12.312027840893558,91.22285399722176,44.96441785420031,7.785434132099732,0.052802654640939084,3.5348818381153237,8.777146002778235,2.221157156848551,133.1623575576183,17.353830231763204,0.9470130850475658,0.9129349025466428,125.7121055097282,54.889144306002116,21.98994540532881
1660.5,非储层,0.435597226664691,52.38686431190818,47.17753846142714,86.45037091630259,13.549629083697411,89.97092248055367,44.61034910100034,7.724128346595928,0.052386864311908254,3.5205515642510696,10.02907751944634,2.188137839408874,148.96003948110643,17.339642176318904,0.9486594437721887,0.9144054746447257,100.9615655872772,54.98125694160261,21.877362105308208
1660.625,非储层,0.4369998774439869,52.50488830389857,47.058111818657444,88.56448583854178,11.435514161458215,92.03210292153318,44.71085314059387,7.741530275000796,0.05250488830390032,3.467617082991395,7.967897078466823,2.2716227745278155,131.92543137404817,17.55122815337571,0.9391389512825052,0.9051540348391177,120.63852084449415,54.177196743672624,22.108033993229608
1660.75,非储层,0.44779168220733817,51.127418724031145,48.42478959376151,85.91658685692467,14.08341314307533,89.43014410694678,43.53786064255032,7.538430662756798,0.05112741872403126,3.5135572500221106,10.569855893053216,2.0241432707034903,123.51537951128687,17.634999683377217,0.9441820213926106,0.9095717346289396,111.96833705435117,55.32989604045752,22.171401615422266
1660.875,非储层,0.45069507056230307,51.91080510574662,47.63849982369109,84.0518556205749,15.9481443794251,87.61846213066504,44.20495802332164,7.6539362773192305,0.051910805105746805,3.56660651009013,12.381537869334968,2.038534853013828,121.83608731974174,17.589803013683827,0.9534226965974202,0.9183231459615506,100.06940587276613,54.37530244918272,22.063237666426982
1661.0,非储层,0.4521166641691625,52.881128829619705,46.666754506211134,83.96689586477538,16.03310413522462,87.44629840560403,45.03124302112636,7.797004679663727,0.05288112882961826,3.4794025408286524,12.55370159439597,2.0599951971307338,129.922705226045,17.537529701773476,0.9752389163746175,0.9386181645157521,130.5230896022897,55.263669280502945,21.960184567802628
1661.125,非储层,0.44573533958512945,53.1139383556585,46.44032630475638,81.62923652588357,18.370763474116437,85.10341050491697,45.22949337199281,7.831331045310029,0.053113938355660306,3.4741739790334023,14.896589495083035,2.091075240475433,149.98101002948846,17.3607129557796,1.0000333033015223,0.9621944480863035,110.84376908955828,53.44520694574675,22.11569404855145
1661.25,非储层,0.4349136683492759,53.08855910373749,46.47652722791323,80.57110659307824,19.428893406921755,83.97591904695604,45.20788151751384,7.8275890271199104,0.05308855910373944,3.4048124538777884,16.024080953043963,2.2360732846508826,144.52689711802785,17.292864775842325,1.009597084531959,0.9713480364740824,119.27673312673636,54.63714816797321,22.037446973359373
1661.375,非储层,0.4403774169274184,52.6676328985465,46.891989684526074,82.00960047992906,17.990399520070945,85.50622855726814,44.84943927810955,7.765525987538408,0.05266763289854537,3.4966280773390936,14.493771442731852,1.7680654360962067,143.26539210219897,17.240444485288037,1.0132653280117094,0.9750051836055327,123.60888265056366,54.27983926261811,22.218567008828714
1661.5,非储层,0.4422442203268387,53.45746150738003,46.10029427229313,83.73959349180369,16.26040650819631,87.1606477692463,45.52202257609503,7.881981469777621,0.05345746150737796,3.4210542774426167,12.839352230753697,2.0095392742011353,138.22700114349976,17.222776936148854,1.0131700584375736,0.975088031790222,111.98721342516917,54.661976716472374,22.036615222965136
1661.625,非储层,0.4360779362681321,53.309507562010474,46.2544145017214,82.01296426669303,17.987035733306968,85.43800542338224,45.39603150485036,7.860166549598099,0.053309507562007696,3.4250411566891965,14.561994576617765,2.055271766309545,133.1287821848662,17.26340424066751,1.0094540580495697,0.9713137293794374,102.94757180531451,54.171840673637504,22.48067520586079
1661.75,非储层,0.4334494132508307,52.646589453395954,46.91996113335322,81.00607616642483,18.993923833575167,84.50283968210097,44.831519605940116,7.762423258002437,0.05264658945339784,3.4967635156761365,15.497160317899027,2.2296252797966183,132.8077336850676,17.232616484444158,1.0195579902851388,0.9808924015540279,108.07881047987563,51.86126252402566,22.546632131090913
1661.875,非储层,0.42317203841183565,53.03285537183526,46.543972589752904,79.25567338339059,20.74432661660941,82.682544602604,45.160446669885026,7.819375846578403,0.05303285537183733,3.4268712192133983,17.31745539739601,2.182016407503773,144.60808219408807,17.17688299286308,1.0302347768165554,0.9910094032079098,108.80064982303576,54.440325356754286,22.516406420780648
1662.0,非储层,0.433521886499296,54.08478448592706,45.481693627573634,81.25274383162461,18.74725616837538,84.63182473345347,46.05622322810277,7.974476473338364,0.054084784485926296,3.379080901828862,15.368175266546524,1.9957055764998217,123.55902270747285,17.098994133181215,1.0303776414509236,0.9916464712606559,99.02112138256912,53.39834989831127,22.54785878163489
1662.125,非储层,0.4291597379178885,54.14644081167212,45.424399450409986,83.56368701361339,16.436312986386614,86.86431492342078,46.108727042788,7.983567328072461,0.05414644081166986,3.3006279098073845,13.135685076579229,2.2551501497578745,130.84335690466426,16.888112290148904,1.0397072420987097,1.0012506910004737,101.39809522659087,53.46157839115075,22.033843898204076
1662.25,非储层,0.4330137842181743,54.91952019589419,44.64746601988763,82.18466858996231,17.815331410037683,85.50308112646594,46.76704743790837,8.097553237789931,0.05491952019589241,3.318412536503621,14.49691887353406,2.073365336448766,126.45119161933073,16.683327280832245,1.0411492574427774,1.0035226187648305,107.32104718298847,53.64094308262052,22.14210714837666
1662.375,非储层,0.43144588509541276,55.215809632787696,44.35274448211688,82.9514646215635,17.0485353784365,86.2160161659968,47.01935448831821,8.141239334836703,0.05521580963278594,3.264551544433305,13.7839838340032,2.2350399094051983,123.95299898151187,16.49325275049851,1.0423517126691293,1.005434490044499,107.84179463387458,54.31854700737223,22.0053760015827
1662.5,非储层,0.420799406178882,56.12429435918806,43.45490623463305,84.88693986037863,15.113060139621371,88.1359087992291,47.792980116230325,8.275189948598548,0.05612429435919025,3.2489689388504708,11.864091200770899,2.040492465711714,131.4910785695398,16.2400548926137,1.0548513562381037,1.017971673588378,100.18984531233137,53.717608184433104,21.954811552833362
1662.625,非储层,0.41641625722789066,56.88551605246295,42.69806769030915,84.81887022615537,15.181129773844637,87.99309727518812,48.44120302337097,8.387427513039519,0.05688551605246284,3.174227049032747,12.006902724811885,2.030828160622831,125.07424853490386,16.126416355690985,1.0602756832707065,1.023514686822769,105.1026967453661,52.59668495766693,22.805217125145568
1662.75,非储层,0.4229033111392106,56.15149814537483,43.42559854348595,82.83153240519135,17.168467594808646,86.06366934756934,47.81614566382705,8.279200983402403,0.05615149814537784,3.2321369423779944,13.936330652430652,1.678472577582089,127.05560882471866,16.014165966149825,1.0682073460383874,1.0310816583648643,92.41625290626618,53.516138693576735,22.957713804155905
1662.875,非储层,0.42296179832569636,56.43673861041967,43.14029959125463,82.77079266192938,17.22920733807062,86.05739179950886,48.059043895865145,8.321257975944105,0.056436738610418646,3.286599137579483,13.942608200491136,2.0117630184070863,143.53784870580046,16.00372424607717,1.0689409700167538,1.031439469337609,115.12877982651958,53.00551944246935,22.756192533377114
1663.0,非储层,0.4282401345763164,56.23060850945261,43.34115135597108,84.87065464747863,15.129345352521373,88.2494477784757,47.883512569736986,8.290865331206167,0.056230608509454105,3.378793130997067,11.750552221524302,2.0834227028592904,125.66706097403453,16.033521911716328,1.0614667765173689,1.0238510988837572,104.7451352135961,54.330373506745204,22.98033520264974
1663.125,非储层,0.4244945657988073,56.54239464632537,43.03311078787583,86.7007617724993,13.299238227500698,90.0864500105198,48.14901592813487,8.336836323544166,0.05654239464632643,3.3856882380205,9.913549989480197,1.9764466561030696,130.72871273159663,15.920787907366384,1.0599775921940715,1.022164246049151,110.50388361992034,53.829446806675634,21.85645792993605
1663.25,非储层,0.42589263471457794,57.345236119765644,42.228871245519784,85.84674161436283,14.15325838563718,89.28962594747813,48.83268040917142,8.455210474474464,0.05734523611976294,3.442884333115301,10.710374052521876,2.1355058520347496,129.88213206421005,15.83441604402782,1.060647489908259,1.0227379375743435,117.96949702638994,53.465696683128684,22.10693420578593
1663.375,非储层,0.43473457337845167,57.348762310942206,42.21650311567935,84.48072769909352,15.519272300906483,87.86206601493774,48.83568315845693,8.455730390174327,0.05734876231094227,3.3813383158442316,12.137933985062254,2.2123345900779015,136.12972493506263,15.748474924522174,1.0643527042703216,1.0264711097000587,107.27296268724967,50.86170832717303,21.975491391512254
1663.5,非储层,0.4444187759349374,57.1422491828939,42.41333204117116,85.56458182563543,14.435418174364578,88.9127950932717,48.659825663316106,8.425281270394896,0.057142249182895455,3.3482132676362837,11.0872049067283,1.7925642084561302,125.60248346962925,15.805852602363,1.0592179967556254,1.0218382977097304,117.08858726026754,53.449955190367724,22.06673670810461
1663.625,非储层,0.4515587476886923,55.89707945892772,43.65136179338358,87.22864267903103,12.771357320968967,90.51004123228934,47.599493902564,8.241688476904795,0.05589707945892891,3.2813985532583043,9.489958767710661,2.1014936032190663,127.57522298646947,15.8525203580921,1.0540250284377612,1.0171117871048723,110.64553575097148,52.573095671201855,21.88252319793991
1663.75,非储层,0.45401733992516036,56.81358892512296,42.73239373495188,86.56072172881015,13.439278271189847,89.92771299538538,48.37995304586965,8.376822290328189,0.056813588925125336,3.3669912665752215,10.072287004614623,2.1793221060083385,132.82125551300393,15.93681962691855,1.0463253175076974,1.0097806120685926,120.1032148142552,53.32879736712338,22.0723291211173
1663.875,非储层,0.4501679389754271,56.42057641305338,43.129255647971185,85.15115753945672,14.848842460543278,88.52616432681711,48.04528087957815,8.318874957062178,0.05642057641305209,3.3750067873603933,11.473835673182887,2.0293373817642943,114.42246403828898,15.999060753121347,1.0382416142060227,1.001986432916543,93.95252025189339,52.23999728042033,22.221561219486542
1664.0,非储层,0.4427300258120383,56.46031332321269,43.09695665097527,86.926529506867,13.073470493133,90.32612632217013,48.07911908420607,8.324733925683397,0.05646031332321444,3.399596815303127,9.673873677829869,1.9765257399837581,140.25872483046874,15.840153385056258,1.047826320954465,1.011138208760042,106.37405136543678,53.19963800944397,22.003310578987488
1664.125,非储层,0.43441766111727165,57.62652641052174,41.93905592836099,87.51360827630418,12.48639172369581,90.84605063787936,49.07221484655707,8.496685037554155,0.05762652641051885,3.332442361575174,9.153949362120638,2.0160352531803065,129.8518489109644,15.815463619355794,1.046540807004305,1.0102156446817232,120.15310178276994,52.03309277478576,22.08189475485043
1664.25,非储层,0.4241182357605535,57.09800284492963,42.477878919309816,87.57589699295207,12.424103007047925,90.85811105103932,48.62214742834341,8.41875741374129,0.057098002844931106,3.2822140580872414,9.141888948960686,2.1508918165452435,121.08754339789023,15.671161187864865,1.0435666996682407,1.008034736185203,111.11177826654315,52.91569521698875,22.0294586556728
1664.375,非储层,0.4241696507826815,57.97051003235596,41.60532031686135,89.56475385183278,10.43524614816722,92.84270785539833,49.36513616675074,8.547403355572865,0.05797051003235548,3.277954003565549,7.1572921446016675,2.115595123320962,114.6159317706046,15.44112796821339,1.052033163578246,1.0166701320827092,117.9698885628278,52.33114850444885,21.97533452165366
1664.5,非储层,0.4257379848812164,58.943736679292236,40.63052533582655,89.4416434359061,10.558356564093895,92.75978516557596,50.193893166133776,8.690899776479169,0.05894373667929276,3.3181417296698497,7.240214834424041,2.182462860263569,125.51085046468857,15.337539711253218,1.0476128899277277,1.0126852611169017,112.04584640911845,51.90946961803988,21.750604238034494
1664.625,非储层,0.42823680420485677,58.72179685254717,40.84996634324798,91.6425729801745,8.357427019825492,95.01770851005762,50.00489897301765,8.658176082676972,0.05872179685254553,3.375135529883116,4.982291489942381,2.170814649455556,123.07743317860172,15.142800093257726,1.0486242728691884,1.0140870885109508,104.25918047949287,52.19298349466693,21.837124058358352
1664.75,非储层,0.42238638964485115,59.17371331850867,40.40390029184649,92.00017178407634,7.999828215923655,95.27801416597201,50.38973115520364,8.724808449986522,0.05917371331850413,3.2778423818956672,4.721985834027986,1.897154189217814,124.83061515431946,15.131897551688407,1.0402252133200256,1.0063112229503517,122.13574043957956,53.40212620423702,21.940833535261355
1664.875,非储层,0.421173897979385,58.06720296062424,41.51162314139636,92.97722304554664,7.022776954453358,96.23448585343877,49.44747561085191,8.561660146811708,0.05806720296062523,3.2572628078921193,3.765514146561233,2.1018139125221613,119.61921106869501,15.241306442267305,1.0205249527833389,0.9878369148308215,116.16847667490718,51.13535273654682,22.12490113850473
1665.0,非储层,0.42420332567310653,57.73022755750442,41.84556911682247,94.05980756820142,5.940192431798574,97.30315636885342,49.16052218141734,8.511975148529576,0.05773022755750229,3.243348800651987,2.6968436311465838,2.1866783001331522,125.14835398710811,15.443374819767355,0.9982033386343154,0.9669064318544746,111.56927600703847,52.85013751406377,21.906283096445495
1665.125,非储层,0.4333643527959457,56.50712381932932,43.059511827874736,95.35617272242025,4.6438272775797484,98.57046829303847,48.118980843461614,8.331635852048374,0.056507123819328486,3.2142955706182184,1.4295317069615288,1.8586892055034214,130.8254077908035,15.752841429333287,0.970613104308561,0.940710052991945,87.88726971722913,51.385822196131784,21.95389099713663
1665.25,非储层,0.4325675607938717,55.79732749874471,43.770104940461415,95.14092477332055,4.859075226679455,98.29645793249576,47.51454952145391,8.226980649792054,0.05579732749874666,3.1555331591752127,1.7035420675042379,2.025874857763249,122.8189117508151,16.066326867746014,0.9427739640824967,0.9142591069989242,101.36215610965976,53.67934464657781,21.951220003083915
1665.375,非储层,0.4370521665021331,54.6366042585378,44.92634357496008,96.82320287051243,3.176797129487574,99.96688978687021,46.52612867139162,8.055838982887648,0.05463660425853861,3.143686916357793,0.03311021312978335,2.138284630193224,138.6186403129562,16.329692423023438,0.9230643735001305,0.8956258159730612,114.24954139490777,52.39506482031054,22.031000333972397
1665.5,非储层,0.44306861318414914,54.85404817406094,44.70288321275491,95.77918184517735,4.2208181548226475,98.86171219053944,46.71129434429048,8.087899781596407,0.0548540481740592,3.0825303453620876,1.1382878094605586,1.88594592821476,126.3087791634037,16.53785197331072,0.9152273332171709,0.8880327584730123,125.87409655780914,53.65511784945403,21.93355372276581
1665.625,非储层,0.4328297861483515,54.27008286301511,45.29708735083654,93.63455782179216,6.365442178207836,96.78788237476674,46.21401517458252,8.001797605569573,0.05427008286301577,3.1533245529745733,3.2121176252332573,2.1602600965723204,132.78577249006815,16.569344491785788,0.9231960124138027,0.895609792597831,112.01295923550639,53.735577226490555,21.889615751115894
1665.75,非储层,0.43239386190166557,55.48649805937635,44.081108078721975,91.10907866310846,8.890921336891534,94.1957746785088,47.24986084456476,8.181150716752219,0.055486498059378886,3.0866960154003387,5.804225321491197,1.9097460225570817,123.45873085526358,16.606506584478872,0.9360186391728371,0.9077973425373083,108.48565350432972,53.70463493248966,21.960414225787183
1665.875,非储层,0.4391811273573248,54.27976943945423,45.28104943318845,90.48097083241417,9.519029167585824,93.53022288328559,46.22226383695654,8.00322583305823,0.05427976943945256,3.049252050871413,6.469777116714415,2.3632383656360205,136.1968817594454,16.725872510693684,0.9399736640757035,0.9114101406844918,100.1679805416797,53.673884415605976,22.017002303619154
1666.0,非储层,0.4333701795392427,53.60550093435923,45.961128886101534,91.29090375464533,8.709096245354676,94.32936581609736,45.64808643971805,7.90380899370682,0.053605500934360284,3.0384620614520386,5.670634183902634,2.126975305832081,131.82904130813526,16.84395759944016,0.9406228240426968,0.9122754419519903,108.90446073163855,54.333706047937646,22.05729238370417
1666.125,非储层,0.44574671706261987,53.00506447384059,46.54918880909678,90.67417441429369,9.325825585706315,93.6224896581614,45.136781163700284,7.815278245666465,0.05300506447384057,2.948315243867715,6.377510341838599,2.20748405901878,140.62520060311766,17.119268758246996,0.9235268834788615,0.8961608083150681,110.03533079679607,53.485615802626,22.03294459508893
1666.25,非储层,0.44187823394926234,52.497571224965945,47.06055054108479,91.87865809371296,8.12134190628705,94.77930610140973,44.704622238059976,7.740451415681002,0.0524975712249659,2.90064800769678,5.220693898590268,2.013787807369052,139.00825710272463,17.28580715581827,0.9167515983376942,0.8896683208845412,114.60183586459395,53.53331890790497,22.166515312806542
1666.375,非储层,0.4364750205847685,52.489024210560345,47.07450076885489,89.53597397626623,10.464026023733764,92.51914839055732,44.697343976583305,7.73919120976648,0.052489024210558566,2.9831744142910943,7.480851609442674,2.042664445219565,131.7714638195996,17.491123180510478,0.9151399671385472,0.8879982681142987,118.68541917382066,54.44525572993391,21.995514588625802
1666.5,非储层,0.435699124846686,51.41173488057106,48.152565994582254,87.51361343381467,12.486386566185326,90.4721980857812,43.77997177412681,7.5803513715636806,0.051411734880570104,2.958584651966528,9.527801914218802,2.3557209443912552,130.91018259810266,17.637219046555543,0.9211158101256616,0.89336782705087,108.48026943000201,54.481704854734446,21.886783274481722
1666.625,非储层,0.4460095570458166,51.46585249201525,48.08813795093893,85.21698905912471,14.783010940875286,88.16391646280698,43.82605595134848,7.5883306881747545,0.051465852492016406,2.9469274036822624,11.836083537193021,2.0991564364305897,135.30288855984872,17.624465371982645,0.941875680178454,0.9128850058588551,102.80922222676044,54.84607402957045,22.022325359729912
1666.75,非储层,0.4477756025097094,52.68887709465131,46.863347302838974,83.98882448230913,16.01117551769088,86.89223850043527,44.8675299009604,7.768658316596257,0.05268887709465181,2.9034140181261523,13.10776149956473,1.9229980272192602,130.00218252921584,17.730984840183027,0.9468021342093578,0.9176122028612124,118.29881528150476,53.16044424143328,21.982374121742843
1666.875,非储层,0.4409944390108096,51.365022161039406,48.19398339994978,85.3671435823269,14.632856417673102,88.23212157059751,43.74019327710975,7.573463861768614,0.05136502216103733,2.8649779882706143,11.76787842940249,2.1621748066025583,135.36997308915414,17.846040116282943,0.9450787425128133,0.9161155707542327,119.92166783134395,54.305184260748064,22.212999538344718
1667.0,非储层,0.4378451887794529,50.179005904273886,49.38314890694666,85.87472309091048,14.125276909089523,88.70328564475669,42.73023400680953,7.3985928915600825,0.05017900590427449,2.8285625538462096,11.29671435524331,2.1339940358236875,126.49799889384137,17.87931892734845,0.938938408998337,0.9106676200490976,118.1171562452262,54.12453205646977,22.14287667600273
1667.125,非储层,0.44066239134785784,51.09883866984517,48.46049893880698,86.9296252930857,13.07037470691429,89.72045097111983,43.513523125668776,7.534216705506545,0.05109883866984549,2.7908256780341305,10.279549028880163,2.2572761572978037,133.03814548636188,17.923946325317118,0.9304166168866197,0.9030088771333427,120.8976109191949,54.67712178103046,22.247686574535145
1667.25,非储层,0.437205202515702,52.19932840889195,47.36346638859234,86.23342773478737,13.766572265212629,88.96722119624678,44.45065177587101,7.696477304612055,0.052199328408890355,2.7337934614594097,11.032778803753217,2.092558915693726,146.94993817989305,17.93978430427123,0.922707833848789,0.8961775789714365,120.43132921481732,55.03737680639719,21.984906061197027
1667.375,非储层,0.438807006260988,51.17707549618933,48.38411749754969,88.08734907690061,11.912650923099388,90.76112307375952,43.5801461652725,7.545752255420634,0.05117707549618933,2.6737739968589116,9.23887692624048,2.114036581640826,133.86065424551802,17.930383954909995,0.9152194103950666,0.8894528723549692,123.02726238596975,55.219778823459166,22.25876109957761
1667.5,非储层,0.4465954617021012,50.25058167734724,49.30282286095065,89.14090150701949,10.859098492980513,91.83056049105755,42.791184786473785,7.4091463091961085,0.050250581677345474,2.6896589840380707,8.169439508942444,2.0628386384735253,143.07002061991523,17.95529497846669,0.9027594435526336,0.877803193165462,131.08693653288262,54.08135849282028,22.073086202127993
1667.625,非储层,0.4439115518984762,50.7926324472471,48.76345600085442,91.64278772178557,8.357212278214432,94.37188975079374,43.25277137680158,7.48906843799827,0.05079263244724408,2.729102029008183,5.628110249206253,2.0847067053576525,139.19645602731924,17.96395024407531,0.8911948313396871,0.8669463098895501,103.52890771175137,55.26190667070826,22.10121537956171
1667.75,非储层,0.4538249737049722,52.059144335603456,47.48703069069157,90.70713076931617,9.29286923068383,93.41326940140934,44.331277185886655,7.675808005381201,0.052059144335603325,2.7061386320931735,6.586730598590663,2.0371569217984304,144.9415832341397,17.859929919470986,0.8920997891075851,0.8678393565298719,112.32839657496615,54.77462597279293,21.990995545502525
1667.875,非储层,0.4548779380100306,52.274240065938486,47.270881996051486,89.91950659265846,10.080493407341539,92.64439735602224,44.514443247578164,7.707522578294373,0.0522742400659415,2.7248907633637796,7.3556026439777655,2.027887210857216,131.3887528697116,17.691787871794418,0.8956571045632189,0.8712423085291884,112.8211931618934,53.647754604632944,22.259287117013898
1668.0,非储层,0.46248122270610226,52.03863575026043,47.498883027033465,91.18765782723902,8.812342172760978,93.96670284722728,44.31381297680033,7.672784137709841,0.05203863575026363,2.77904501998826,6.033297152772721,2.1791351149240707,137.67318627528203,17.576048319270058,0.9032869004687979,0.8785766734767552,101.58772190247528,53.51925241820285,22.239661908150378
1668.125,非储层,0.47323671322717037,52.024327284621144,47.5024360021517,90.8334639160314,9.166536083968591,93.58112640697358,44.30162851690466,7.6706744404318625,0.05202432728462214,2.747662490942176,6.41887359302642,2.253434166762663,146.04582154155247,17.566791205010126,0.9012735561204415,0.876620180930511,111.87829978872979,54.17180480992461,22.261697069251337
1668.25,非储层,0.4671334192650247,52.139238416927846,47.393628163807136,91.77072119249536,8.229278807504647,94.50850603279125,44.399481782129165,7.6876173963817545,0.05213923841692891,2.737784840295888,5.49149396720876,2.0948764558711983,135.89183498829178,17.494142414020313,0.9041526990207455,0.8794205486574106,112.31131822035542,54.76301523733835,22.07673408451654
1668.375,非储层,0.47225149093519925,53.04160174101802,46.486146768046794,90.32275360977103,9.677246390228976,93.06098527549187,45.16789469312012,7.8206654461568785,0.053041601741020405,2.738231665720849,6.93901472450813,2.1051926691859206,154.57451793898446,17.406090779659337,0.915434454169215,0.890470910213698,113.1247723287485,53.77879360406566,22.035482692577347
1668.5,非储层,0.4673131688911587,53.008339816023685,46.524347015085155,88.47055078878034,11.529449211219656,91.13282626815305,45.139570301018054,7.815761175189611,0.05300833981602415,2.66227547937271,8.867173731846945,2.1899359602215935,137.0655452934228,17.419960623577325,0.9205612173535822,0.8954179245775842,126.9869011761174,53.34998201264018,22.128199310548318
1668.625,非储层,0.47938663420604166,51.888745328208266,47.6318680375857,88.41893119534693,11.581068804653071,91.11066495533983,44.186172887200165,7.650683695679889,0.051888745328210195,2.691733759992894,8.889335044660173,2.057043737071438,129.2571323166487,17.44348163586882,0.9222168292043416,0.8970522378049715,116.78291227781719,53.3219952924692,22.16419162679123
1668.75,非储层,0.46697076688634254,51.894925193637384,47.63810403947627,90.55214980714699,9.447850192853014,93.24272772718567,44.19143538874156,7.651594879702185,0.05189492519363931,2.690577920038682,6.75727227281433,2.2042674886919444,161.3614634194855,17.44537437785807,0.9179494946461206,0.8931271168532531,116.14577158613432,55.34160264806424,22.000022920685016
1668.875,非储层,0.47725106427274805,53.00342565608265,46.51932327964462,92.06531874118589,7.934681258814114,94.75387343094918,45.13538561859074,7.815036611835822,0.05300342565608546,2.6885546897633033,5.246126569050813,2.239605462999997,131.0796754122058,17.4023301891029,0.9131346181471014,0.8886106715711088,113.26146351430343,53.54328572018667,22.07368845354469
1669.0,非储层,0.47085045396511854,53.44797704550258,46.0811725005323,91.36979743941615,8.630202560583855,94.04526189212092,45.51394602559052,7.880583042866561,0.05344797704550236,2.6754644527047797,5.954738107879076,2.248054383576617,124.59399852483546,17.372440331249987,0.9066825555532324,0.8824637548556473,126.45970239007673,53.68047546671431,22.094039870067387
1669.125,非储层,0.4637865876780426,52.19874775571163,47.33746565661034,91.74861317144976,8.251386828550245,94.48218858242043,44.450157317166116,7.6963916907898,0.05219874775571065,2.733575410970678,5.517811417579566,2.117594848163883,148.79099512820082,17.42850604502847,0.9010064597834605,0.8769132958803427,112.19953479915546,54.15390236683684,21.966071207193245
1669.25,非储层,0.4769175525485136,51.27006317546392,48.25301927198756,91.78774734785141,8.212252652148589,94.52869943771877,43.65933038232801,7.5594627299604475,0.051270063175462566,2.74095208986736,5.471300562281223,2.1058275390586405,140.12074427305777,17.619264215286258,0.8974714274387471,0.8733405636474945,91.16597424391301,55.24885022279226,21.946641152295562
1669.375,非储层,0.47743980122448215,50.96209126551587,48.560468933259656,89.42712138376295,10.572878616237047,92.09742619787143,43.39707505178781,7.514054122462552,0.05096209126551343,2.6703048141084764,7.902573802128576,2.2885533533287625,149.45654829391123,17.753748211163796,0.888842041853338,0.864825099561568,111.36128190806764,53.22674582948591,22.08784632523781
1669.5,非储层,0.47075467339793076,51.988300495410755,47.54094483119131,92.04736836972657,7.952631630273432,94.79649234789433,44.27094968806515,7.665362506850193,0.051988300495409145,2.74912397816776,5.203507652105676,2.225210316925462,117.48001899111478,17.653783343404886,0.8889856985699721,0.8651581098058013,108.42512276950913,53.74475061248802,22.22317265259403
1669.625,非储层,0.4597034399821372,53.26651921639631,46.27377734362155,93.93701582912549,6.062984170874519,96.6444279493469,45.35942452082276,7.853828176357154,0.05326651921639808,2.707412120221435,3.3555720506530884,2.1827370651526388,122.06107614453572,17.45382140906203,0.8976796854502127,0.8736009413014354,97.27603113744782,53.303249316270765,22.006229901472697
1669.75,非储层,0.45761227003248706,53.44351196140411,46.0988757685634,92.4599333434067,7.540066656593303,95.22721993679784,45.51014375639548,7.879924693047233,0.05344351196140129,2.7672865933911437,4.772780063202164,2.035834956482841,136.7371440263156,17.108788480356537,0.9088623686450482,0.8843582972847944,121.39781314501384,53.449732184430786,22.066553684401182
1669.875,非储层,0.45419005883623803,54.688308259708585,44.857501681455176,92.38653855813051,7.613461441869496,95.19903415660231,46.57015752428142,8.063462427167456,0.054688308259709384,2.812495598471794,4.800965843397698,2.1458512084135535,129.91722178760676,16.944962163855003,0.9104422312346756,0.8859881046615099,106.40602303574218,54.742791640532324,21.993663320768427
1670.0,非储层,0.44816059399056746,53.75650106342913,45.79533834258031,95.07703223924089,4.922967760759112,97.87115374773585,45.77667150699747,7.926073055368234,0.0537565010634275,2.7941215084949578,2.1288462522641494,2.247522309282018,163.79732431158743,16.997831928567482,0.9004783548999059,0.8764529974663411,110.61407137959027,53.18131950402737,22.050524331096337
1670.125,非储层,0.4600904040326417,52.66899673760496,46.8709128583624,97.27223257950244,2.727767420497551,99.99,44.850600663455175,7.765727077412176,0.052668996737603724,2.7177674204975544,0.009999999999998899,2.0945847823125465,140.26428396880914,17.376236975248226,0.9045231121252026,0.9200118054171388,116.853860521211,54.35002121653544,22.0435317551236
1670.25,水层,13.955360641937165,39.98952886671728,46.05511049134556,84.52757280915783,15.472427190842176,86.67952122205958,33.98475605547165,3.74483912570686,2.259933685538769,2.1519484129017465,13.320478777940426,2.0009651982157544,178.5949392083659,17.861555925343588,0.9043754221128543,0.9583860412028331,130.25618865083527,53.7088402926844,22.057518997595587
1670.375,水层,13.636491544423556,40.277264533108244,46.0862439224682,84.52873132884396,15.471268671156036,86.69692374457253,34.22928572881057,3.771784273896866,2.276194530400811,2.168192415728569,13.30307625542747,1.888433039300975,191.24395440574497,18.384647670172324,0.9140832253756708,1.0057990684577844,148.59569739029,54.3591019419632,22.315461799372823
1670.5,水层,13.736128792767726,39.22811156473321,47.03575964249906,83.2915498667773,16.708450133222698,85.43945015576408,33.33767213131267,3.673535827461872,2.2169036059586635,2.1479002889867718,14.560549844235926,2.1035356535761007,212.00056629864062,18.781935051807466,0.9346146569928817,1.062192252428029,145.47511018077853,54.12592735775802,22.00948322617056
1670.625,水层,13.342082937660082,39.63549048042338,47.02242658191654,83.8563874099453,16.1436125900547,85.96488289332795,33.683879587719986,3.7116850266572223,2.2399258660461685,2.1084954833826504,14.035117106672047,2.189268643764345,211.78541786563449,18.8454667979142,0.9286700604553153,1.054448598562241,131.17812741622387,54.74430474959905,22.182921017834392
1670.75,水层,13.63905650723739,39.25605158458836,47.104891908174245,85.50588785387747,14.494112146122529,87.61030907093831,33.361416716104536,3.676152284381766,2.218482584102062,2.1044212170608465,12.38969092906168,2.029153749120938,205.4323505328532,18.86610039042666,0.9301532834297193,1.0556242402357683,148.81858987679814,53.28785350086292,21.876991311270594
1670.875,水层,13.504665059974721,40.256924023332324,46.238410916692956,84.1803745259607,15.8196254740393,86.2579984261099,34.21199952208674,3.769879476841128,2.2750450244044575,2.077623900149206,13.742001573890095,2.0691540743023236,191.6214140344971,18.881279379841743,0.9302624883507095,1.0547327261707773,150.53511007652753,54.74439206491928,22.033775290178152
1671.0,水层,13.463786842126154,39.20916624890185,47.327046908971994,83.44490766986972,16.555092330130282,85.53047840208993,33.321571618124125,3.67176168403021,2.215832946747516,2.0855707322202126,14.469521597910074,2.272674565044398,202.130323399565,19.008404555294433,0.9239127105379021,1.0477455584488227,141.07606709253676,54.71845781124641,21.828720930190446
1671.125,水层,13.344363434745377,38.28594958883274,48.369686976421875,83.83513357611655,16.16486642388345,85.86481918693812,32.53698390559148,3.585306605210598,2.1636590780306713,2.029685610821576,14.135180813061876,2.2038096330385497,206.45150013893843,18.988385098203114,0.9273088781058384,1.0487226324640717,154.07359707762913,54.624701349081164,21.948774316519266
1671.25,水层,12.979226822379337,39.83436851925787,47.1864046583628,85.84577078392934,14.154229216070657,87.93251343254144,33.85289437299309,3.7303090585520096,2.251165087712772,2.086742648612103,12.067486567458552,2.145487613971603,196.84585310735062,18.967135278151126,0.9297786643935133,1.0481293580277233,145.1606880929227,54.423398471700544,22.054839289055774
1671.375,水层,12.77908278840584,40.789818510037556,46.43109870155661,84.7827817104842,15.217218289515799,86.91330504256665,34.66487530350301,3.8197826435010422,2.3051605630335077,2.130523332082451,13.086694957433354,2.1589410667654816,192.93411060422258,18.88305440316261,0.9369499309994153,1.0526034770017505,147.5442355366016,54.88096256177141,22.018492775021286
1671.5,水层,12.661632205562952,40.52258642964748,46.81578136478956,83.83750734186168,16.162492658138316,85.93273175067014,34.4377704258106,3.7947575637201774,2.2900584401167072,2.095224408808455,14.067268249329857,2.134396364944536,214.9026641565511,18.68085349146183,0.955515754334921,1.070259834949369,136.94099689598494,54.1596864350433,21.947188602139928
1671.625,水层,12.792811790385741,41.05179802760194,46.155390182012326,82.83132060810624,17.16867939189376,84.94367631515391,34.88751633600003,3.8443158444491887,2.319965847152714,2.112355707047662,15.056323684846095,2.064527139650144,201.75091417449528,18.521681585613923,0.9830875352039787,1.0975941694213336,146.11696012084107,53.4473565688794,22.00276832660253
1671.75,水层,12.540196160607644,42.666868766888285,44.79293507250407,82.50397251783242,17.496027482167577,84.61321956421621,36.260070268053454,3.9955599392576584,2.4112385595771677,2.1092470463837736,15.386780435783798,1.8351006481055103,201.1504269128111,18.30584851219939,0.9982687607774492,1.1125018949409033,151.05324976631437,55.041315063841864,21.918848233822995
1671.875,水层,12.299420789731895,43.447520130573544,44.25305907969456,84.76758671382055,15.232413286179447,86.88711092397524,36.923500093587,4.068664420683497,2.455355616303042,2.1195242101546903,13.112889076024759,2.0625428377397794,164.6990481898784,18.10623769378548,1.0160832483986482,1.1308532893513126,145.1087349397734,53.8338792061447,21.99584795694315
1672.0,水层,12.44653061802908,43.05891883248874,44.49455054948217,82.78699569630989,17.213004303690116,84.93644707306461,36.59325063347788,4.032273660736845,2.4333945382740203,2.149451376754732,15.063552926935387,1.9735245670705441,191.8783748577016,17.82334797408514,1.0221517750382545,1.1376496532265195,135.63610552470703,53.059455674999825,22.21845879273333
1672.125,水层,12.57009326482447,43.66210983304668,43.76779690212886,85.13297831921963,14.867021680780368,87.33471112826473,37.10586730063443,4.088759779057774,2.4674827533544748,2.2017328090451036,12.66528887173527,1.9559331220402576,191.12828901673336,17.53396264393598,1.0182201271724973,1.1367444260942967,143.23684068129123,53.399353362627046,22.0436514317949
1672.25,水层,12.85386929493811,44.63124708814994,42.514883616911945,86.26716341859404,13.73283658140596,88.47714829224812,37.92948023462841,4.179515114615414,2.5222517389061205,2.209984873654086,11.52285170775188,1.9582252568326366,183.5089155157832,17.340868019812135,1.0116923112001592,1.1342544270819284,129.35458102236115,53.33728928830415,21.926488074069
1672.375,水层,13.021519719791494,44.34548751203306,42.63299276817544,87.42056685953928,12.579433140460717,89.6515217763428,37.68662992455811,4.152755018372356,2.506102569102592,2.2309549168035145,10.348478223657198,2.2231707737413524,198.84653588654044,16.980819760975947,1.0044621911354001,1.1324991626954728,145.54210051217368,52.50049669240096,22.097322402909565
1672.5,水层,13.11440041349158,45.28329728943962,41.602302297068796,87.62647518030802,12.373524819691983,89.79394151635574,38.48361947194246,4.2405766768521955,2.559101140644967,2.1674663360477346,10.206058483644254,2.0682485463275175,184.67786335047973,16.656520233510946,0.9980107779096651,1.1316939423747006,128.73659343972565,52.77205460052073,21.94138879552713
1672.625,水层,13.250638316249278,45.59994108892656,41.14942059482416,89.42021423194956,10.579785768050442,91.54543224826496,38.752716472757534,4.270228941403332,2.576995674765703,2.125218016315404,8.454567751735043,2.062285731493952,200.5079735032547,16.406643747957624,0.9834561240256972,1.1199544556906793,125.75510991996143,52.73223071368264,21.854996026864903
1672.75,水层,13.1546092595182,45.662054510331245,41.18333623015055,91.85100179901316,8.148998200986835,94.01389847718478,38.80550302798913,4.27604558334185,2.58050589900026,2.162896678171624,5.986101522815213,1.8792742495285055,191.99174691236954,16.249491783873953,0.9631109281722905,1.1013160556715156,135.45139985830332,53.9457352568643,22.200944981234585
1672.875,水层,13.288511548854084,44.30882459957216,42.40266385157375,93.27898167145159,6.7210183285484115,95.39563606445883,37.655472264751225,4.149321701878343,2.504030632942591,2.1166543930072366,4.604363935541178,1.7898160571107726,187.054522840527,16.28256104309141,0.9336565288969366,1.0715527352889507,140.69211326694088,52.402379554116465,22.167920464848468
1673.0,水层,13.397425908479315,43.259559818561186,43.34301427295949,93.0880130791402,6.911986920859803,95.182298651857,36.763763644249465,4.051062784693987,2.4447333896177312,2.0942855727167977,4.817701348143,2.0069375473552626,188.74405424629663,16.38214696356343,0.9129218665398999,1.050437543549661,140.41737735341366,52.81841290214931,21.783427775213877
1673.125,水层,13.579557817248125,43.53353761836219,42.88690456438969,92.12530717565103,7.874692824348973,94.21957809091194,36.99660131337743,4.076719570691379,2.4602167342933794,2.094270915260912,5.780421909088062,1.8441167405138217,200.22954385176257,16.57782212692983,0.8908391529155955,1.0285578054442879,140.0527447930219,51.77817669394415,21.826867528973914
1673.25,水层,13.826267686007315,42.58037825952549,43.593354054467184,93.30942325654742,6.690576743452581,95.46520922024601,36.18656705665942,3.987460493098792,2.406350709767281,2.1557859636985888,4.534790779753994,1.9821971708551096,192.05200970530876,16.689488304226273,0.8720456068798531,1.009110998962337,132.56923129319753,53.000833600193126,22.129886783267203
1673.375,水层,13.622906541564284,42.0991649161475,44.277928542288215,95.779699011686,4.220300988313996,97.93558494894444,35.77761204896614,3.9423970325589015,2.379155834622461,2.1558859372584434,2.064415051055557,1.870417378600872,211.761046278094,16.860239477069836,0.8578674534383899,0.9939925207878127,152.41784885648195,54.211511329527724,22.075456601621003
1673.5,水层,13.644219698756144,40.936632636424456,45.4191476648194,94.02953891639055,5.970461083609457,96.13084155302212,34.78964402201893,3.833531124673015,2.3134574897325093,2.101302636631582,3.8691584469778717,1.8854705013974047,219.2228657442282,17.041541780221646,0.8423886756577721,0.9770892758764974,139.52361970305734,53.100419691792794,21.947419407164187
1673.625,水层,13.778559044982988,41.08052763612904,45.140913318887975,93.25228175814155,6.747718241858447,95.37794442269406,34.91193194591174,3.8470062427891425,2.3215894474281566,2.1256626645525056,4.6220555773059395,1.9535844786892709,210.99362098540897,17.215841387766485,0.8248551813928654,0.957440402281907,146.15795458646662,54.011407406949125,21.934006524358544
1673.75,水层,13.819588659873155,40.06277789357167,46.11763344655517,95.59039178557623,4.409608214423777,97.69561702756964,34.04700610891049,3.7516985669020424,2.264073217759141,2.105225241993409,2.3043829724303633,1.944643890138247,187.36824226883104,17.43085498073961,0.8165974165338121,0.9476414458947484,161.92505840775328,53.38152292955113,22.172457117118
1673.875,水层,13.679995686298035,39.87606446773172,46.44393984597024,95.24193907731338,4.758060922686624,97.39424620379616,33.88832931502775,3.734213696182244,2.253521456521733,2.1523071264827767,2.605753796203847,1.8476098487679928,232.17389382759615,17.375965734083415,0.8050741069946287,0.9350299167500243,153.689023671595,53.61601991216908,22.049561575221908
1674.0,水层,13.530004406143108,40.54532849662284,45.92466709723404,97.81420240638273,2.185797593617267,99.99,34.4570975751984,3.796887255782632,2.2913436656418105,2.1757975936172715,0.009999999999998899,2.1068741267359883,228.22203132761234,17.41165845838593,0.7893320224845184,0.9159213329855186,152.2183992308929,54.070344123854184,22.02725638893783
1674.125,水层,13.23169965762224,39.90359043409522,46.864709908282535,97.84030694639245,2.1596930536075587,99.99,33.911722020032414,3.7367913788589884,2.255077035203818,2.1496930536075585,0.009999999999998899,2.102799255795828,209.767270378123,17.29466269457214,0.7888488067718538,0.9142391979644685,143.58542606946997,53.27463751854704,22.123420662326204
1674.25,水层,13.422975298383996,41.04950763698008,45.52751706463592,97.78987828630102,2.210121713698976,99.99,34.885569867292816,3.84410135969138,2.3198364099958866,2.20012171369898,0.009999999999998899,1.9247651619852764,212.14950228195605,17.059917890787766,0.7945050610787225,0.9218488689686191,155.15426972226388,54.86948541758656,22.07776205815194
1674.375,水层,13.791176404948798,41.97656807179471,44.23225552325649,96.33438556097613,3.6656144390238676,98.56426159074547,35.67342417862671,3.930916390690108,2.372227502477887,2.2298760297693354,1.4357384092545278,2.110418185382668,213.19954402440567,17.010714376248217,0.8087436774667869,0.9369487909937855,150.68719388091054,53.81784274870297,22.078963474778952
1674.5,水层,13.468512219987463,41.95768915280002,44.57379862721252,94.85794492449048,5.142055075509521,97.06024661516113,35.6573800922169,3.9291484650229176,2.371160595560208,2.2023016906706645,2.9397533848388613,1.7369039946362712,198.06897577253565,16.930861346050584,0.8244202268599735,0.955352778584071,155.91059339452718,54.48770302685281,21.98840167005909
1674.625,水层,13.631303779217433,41.446875862183994,44.92182035859857,93.99815951395651,6.001840486043497,96.2226812409272,35.223269824768195,3.881313102845844,2.3422929345699584,2.2245217269706927,3.777318759072801,1.8980373670324422,196.77993347533533,17.081431799396416,0.8289133607120007,0.9610121372332912,151.5093601030111,54.53393353638687,22.081690542696915
1674.75,水层,13.89910901560087,40.04425482126056,46.05663616313856,94.00427327588548,5.995726724114514,96.25211119310629,34.031264435734265,3.7499639646727903,2.2630264208535054,2.2478379172208123,3.7478888068937066,2.2398790553261,200.41128318244938,17.482659668642917,0.8255717327573278,0.9559993405784585,133.22680564298548,54.07169328911241,21.887778234941013
1674.875,水层,14.070185763057545,38.6054067736004,47.32440746334206,92.0586147907801,7.941385209219898,94.36897190809678,32.808471837611904,3.615222330611948,2.1817126053765423,2.3103571173166775,5.631028091903223,2.114794274698307,199.99434527217696,17.838819984205635,0.8140029945241546,0.9431787924117806,151.04087897900885,54.2009374455006,21.7507760114155
1675.0,水层,13.870564340262037,38.280506487294794,47.848929172443164,92.94053840027244,7.059461599727557,95.19899839175058,32.53235813271556,3.58479688328633,2.1633514712929056,2.25845999147814,4.801001608249422,1.933344038597683,209.23711044631168,17.99782051358836,0.8036011996138898,0.9307023172115405,149.35082458814034,53.94177849231326,21.991750011201294
1675.125,水层,13.477739495289374,39.579683529513126,46.9425769751975,95.02782860272738,4.972171397272618,97.24047099150587,33.63645253202234,3.706458957254113,2.2367720402366764,2.2126423887784896,2.7595290084941326,2.0980989905014287,211.74308185758017,18.00908030867824,0.7927520927250962,0.9183341152363327,146.95887192080662,54.292193896455586,22.006251904742218
1675.25,水层,13.664426853028107,39.25259181303488,47.082981333937006,97.13005401705666,2.869945982943334,99.33551056369062,33.35847645910265,3.6758282923706904,2.2182870615615427,2.2054565466339526,0.664489436309379,2.0240999236273662,212.79353852823002,17.84145963010227,0.7886926198374746,0.9126579442936739,154.80949075554997,54.55941510544845,22.065608316373194
1675.375,水层,13.3680583913836,39.884503042327005,46.7474385662894,96.26557892148502,3.7344210785149823,98.43054276596943,33.895500764834836,3.7350039306562466,2.253998346835926,2.1649638444844164,1.569457234030569,2.1157985562181163,192.4346658729312,17.52906889673541,0.7968298900604637,0.9199373319203981,135.73523717967862,54.590437638904945,22.097592071056134
1675.5,水层,13.07306516966544,41.55912334034515,45.3678114899894,95.8832322752784,4.116767724721604,98.10461933838708,35.31866237554975,3.891824573220522,2.3486363915748862,2.2213870631086827,1.895380661612922,1.973096527215888,204.80303591952602,17.35188715478379,0.8012896017794122,0.9231164090263124,147.21014910141201,54.47081603623337,22.271743288641968
1675.625,水层,12.834357247741274,41.52158643249136,45.64405631976737,97.13998215467578,2.8600178453242253,99.34354571723188,35.28676195829953,3.8883094109974947,2.3465150631943357,2.2035635625561,0.6564542827681263,1.8406526545831146,209.70014442222413,17.102775678778887,0.8149674347367946,0.936207740238852,150.12692820929632,54.73840508377751,21.87911743688344
1675.75,水层,12.991888819706482,42.41241535445028,44.59569582584324,97.72763645475221,2.272363545247791,99.99,36.04382523105866,3.971731524130704,2.396858599260917,2.2623635452477937,0.009999999999998899,1.9757378964805923,220.88513408562937,16.798512741127354,0.8280100853337258,0.9488105141812304,161.27522755735092,55.55534501488922,22.270318347502194
1675.875,水层,12.748104656488152,43.34274371385312,43.90915162965874,97.67390704008828,2.3260929599117186,99.99,36.834456759906374,4.05885258153696,2.4494343724097805,2.316092959911722,0.009999999999998899,1.757743383315292,200.17754927186158,16.59746948149084,0.8376729647350949,0.9602857844630746,156.55132264399862,54.15810531776016,22.063563739728988
1676.0,水层,13.111594385259783,43.69330977675459,43.19509583798563,95.85486301508583,4.145136984914178,98.11787661065958,37.13238230358412,4.091681513152383,2.469245960018081,2.2630135955737645,1.8821233893404177,1.899870156025466,196.3722458378579,16.442748765113834,0.8401376404149355,0.964929902601917,138.425645135513,53.91743914349128,21.97698870054951
1676.125,水层,13.200209407603843,42.666707705211984,44.13308288718417,97.67630957977306,2.3236904202269315,99.99,36.25993339117758,3.9955448565576575,2.4112294574767392,2.313690420226938,0.009999999999998899,1.7992307840431736,222.73748632172288,16.51754850496181,0.834167052577413,0.9593971119064114,138.06419212729608,53.886611320797755,22.127850489115456
1676.25,水层,13.374654074959755,41.2314456480881,45.393900276952145,97.62172040397449,2.378279596025512,99.99,35.04018831617056,3.861139034346698,2.33011829757084,2.3682795960255185,0.009999999999998899,1.7234594029037142,206.3562802193676,16.583481264841126,0.8259920118867083,0.9530008699891568,150.45485843010897,53.51112609574235,22.065552481180365
1676.375,水层,13.453951093696551,41.94336495955531,44.60268394674814,97.60471921139406,2.395280788605947,99.99,35.645206800184994,3.927807068891801,2.3703510904785197,2.385280788605947,0.009999999999998899,1.9440423415043482,200.39798424881656,16.563151402832652,0.815572375693388,0.9440051886241341,140.88297760487927,53.46305718711848,21.93867411618661
1676.5,水层,13.662183716425828,42.8687233931928,43.469092890381376,97.61581443844803,2.384185561551977,99.99,36.43161468050432,4.014462715152057,2.4226459975364323,2.374185561551978,0.009999999999998899,1.9560984468546505,204.50990529626313,16.409398064085,0.8173760812064869,0.9499276920779597,137.8617020029889,53.23282506415937,22.080181165616388
1676.625,水层,13.983903151706913,43.566592572065815,42.44950427622727,97.59100298199174,2.408997018008263,99.99,37.02469278056593,4.079815018110636,2.462084773389253,2.3989970180082625,0.009999999999998899,1.893557777258602,201.88604092071526,16.03105198373033,0.8306722173949145,0.9693786954382548,158.74980799783296,54.50592243234695,22.166396567190766
1676.75,水层,14.041512936937368,44.673008113433625,41.28547894962901,97.61273091361747,2.3872690863825263,99.99,37.96497048162838,4.183425846395556,2.524611785409691,2.3772690863825265,0.009999999999998899,1.7713857462756255,209.91988498531876,15.77790370840092,0.8386474297532891,0.9820521375251144,152.36902612307904,52.83642014411061,22.30810910500627
1676.875,水层,13.997876629333014,44.15101712944618,41.851106241220805,97.67377639810584,2.3262236018941507,99.99,37.52136094791533,4.134543743617662,2.4951124379131837,2.3162236018941464,0.009999999999998899,2.054811497747771,209.05967052211662,15.613281780843536,0.8411705579689863,0.9889929345738,150.92233362411054,51.68923473448611,22.327963383645347
1677.0,水层,14.376312106419556,43.95377603477534,41.66991185880511,97.64136983514068,2.358630164859321,99.99,37.35373730551524,4.1160730041652815,2.483965725094818,2.348630164859321,0.009999999999998899,1.9546011549121274,194.35223127878632,15.568963707452813,0.8377559313017027,0.9887472614907915,154.72442571109946,53.759418674990265,22.529420027470717
1677.125,水层,14.687562928501361,43.36124745895765,41.951189612540986,97.64869127818069,2.351308721819312,99.99,36.850182008022855,4.060585373860434,2.450480077074361,2.3413087218193174,0.009999999999998899,2.1083464206292892,203.8514803751375,15.590908573442228,0.8318741432879375,0.9849331006266507,137.31657130766604,53.1416560935438,22.23895696454372
1677.25,水层,14.617724035710724,43.8752779354504,41.50699802883888,97.69777905542612,2.302220944573874,99.99,37.28702637312923,4.108722010993408,2.479529551327765,2.292220944573874,0.009999999999998899,1.800760721489738,194.70718159741983,15.487136645952956,0.8342566385024388,0.9899004341258233,144.7983153522245,52.97401207966941,22.313110033496475
1677.375,水层,14.366900335840679,44.91392106149771,40.71917860266161,97.66744722400763,2.332552775992369,99.99,38.16970827180967,4.2059862580674885,2.5382265316205537,2.32255277599237,0.009999999999998899,1.853361792075853,203.44805163537606,15.563827071400958,0.8367579508739051,0.9929616633776708,156.90246600119013,51.85296580167602,22.171796069700445
1677.5,水层,14.543652694642336,43.52437289792462,41.93197440743304,95.8706014600121,4.129398539987905,98.16520889566573,36.98881275479188,4.075861335932346,2.4596988072004002,2.294607435653634,1.8347911043342657,1.9005302810493458,196.5373976433206,15.743359492316376,0.8412520254049046,0.9972645041657595,145.64448169600033,52.34754415196903,21.85673387121333
1677.625,水层,14.827571632448677,42.34632442111729,42.82610394643404,94.29547828497911,5.704521715020894,96.61255426693361,35.98765842163497,3.96554240612872,2.3931235933536015,2.317075981954503,3.3874457330663854,2.0811798729249436,208.99891157468997,16.00148578021374,0.8386936453072756,0.9942191032734091,136.9003658473725,53.56606458218951,21.954314854632
1677.75,水层,14.974801355345027,41.69370500829468,43.3314936363603,94.7195852011705,5.280414798829492,96.98826975484465,35.433035444811125,3.9044275397975983,2.3562420236859527,2.2686845536741336,3.011730245155353,1.9262118894366105,208.89650865222606,16.257651003450952,0.824549721333851,0.9796129973880862,134.19220682066472,52.957743568762154,21.99229096186939
1677.875,水层,14.939007641043311,41.81969371186231,43.24129864709438,97.0426523049026,2.957347695097401,99.2646641408688,35.54010585743743,3.916225813993067,2.363362040431806,2.2220118359661973,0.7353358591312031,1.921000773871942,218.03485153447323,16.235427228766024,0.811667614155375,0.9692303464570173,136.79924821428222,53.6231700279758,22.116398172281748
1678.0,水层,15.32905525034834,42.438204431927076,42.23274031772459,97.79367747450806,2.206322525491944,99.99,36.0657418560298,3.9741465549922292,2.3983160209050407,2.1963225254919467,0.009999999999998899,1.8825090659316654,212.97176297045712,16.01011121199501,0.8033351319027069,0.9646369886758779,142.24829736771866,53.10324002908112,21.981647275938798
1678.125,水层,15.401752627987097,43.161506571720196,41.43674080029271,97.83632469843891,2.1636753015610855,99.99,36.68043393847963,4.041880540101995,2.4391920931385696,2.153675301561088,0.009999999999998899,1.8543150369406256,213.3275974732729,15.75540097699102,0.797173463501645,0.9631082136262823,131.7537223541195,52.9354869410355,22.096105106050462
1678.25,水层,15.725959315129373,42.791412101802415,41.48262858306821,97.73224911107509,2.267750888924902,99.89885791650914,36.365912346601036,4.007222861193721,2.4182768940076595,2.166608805434049,0.10114208349085718,1.934729757334592,199.505302760926,15.564085122333214,0.798807601018735,0.9687285941095576,133.5602185160516,53.01791931895795,21.95047452687957
1678.375,水层,15.498430948769265,43.112196067949974,41.38937298328077,97.80334118449778,2.196658815502217,99.99,36.63852783232897,4.0372628336908365,2.436405401930163,2.186658815502214,0.009999999999998899,1.7492443279040792,208.42454981016817,15.603246548543732,0.8041920387168411,0.9739970416576276,154.6863783253163,53.28569855159134,21.95336097105527
1678.5,水层,15.1765467557063,42.64959311833345,42.173860125960246,96.36587569816098,3.6341243018390257,98.49336504000674,36.245388707193044,3.9939421526404235,2.4102622584999835,2.127489341845754,1.5066349599932694,2.1513467606114998,204.8224142967552,15.626607885616522,0.8024350268728608,0.9722412255115263,145.57016755709327,53.29658166369738,22.20535035578027
1678.625,水层,15.480798588278994,42.832063073615956,41.68713833810504,97.85131232513145,2.1486876748685546,99.99,36.40045922423757,4.011029641469946,2.420574207908441,2.1386876748685544,0.009999999999998899,2.0602013331166944,205.29514845460656,15.627100661363801,0.8133480128136498,0.9853181484891226,145.11138524427682,53.41046797427047,22.037666180873938
1678.75,水层,15.87773100826976,43.59182676600563,40.53044222572461,94.98636409322351,5.013635906776493,97.11566391764025,37.046137842551005,4.0821780866300585,2.4635108368245646,2.1292998244167416,2.884336082359751,1.7107403387250255,209.98553271926224,15.668556489045537,0.8151109546453896,0.9903617545504961,136.81035876911392,53.18923620491404,21.964889155298575
1678.875,水层,16.269462705608355,42.702387941113685,41.02814935327795,95.58418835371653,4.4158116462834744,97.76013390285073,36.290255931789716,3.9988861498213137,2.413245859502654,2.175945549134205,2.239866097149268,1.9049072007225478,211.29330409172982,15.529943250447868,0.8165640412054656,0.998527989903635,129.78809547704896,51.94314481189932,22.14127693799385
1679.0,水层,16.42429075667902,43.32393769616294,40.251771547158036,95.4111364929317,4.588863507068297,97.5400784222848,36.81847462804117,4.057091482748334,2.4483715853734407,2.128941929353085,2.4599215777152073,1.8870803783992711,213.78790811795758,15.506216528399023,0.8235200811066423,1.0126700322648576,129.6247349539698,51.32823908584922,22.05640946591168
1679.125,水层,16.844284097664293,43.11313031854309,40.042585583792615,94.20010622653417,5.799893773465826,96.31730526830053,36.6393217971343,4.037350322047751,2.4364581993610406,2.117199041766356,3.682694731699465,1.8989335108351955,208.5988325236814,15.555242536643894,0.8299750940808064,1.0237559876385525,143.17341918096912,50.34184216762009,21.882845425637036
1679.25,水层,16.77814964670235,43.45649572582556,39.76535462747209,91.67078589290308,8.329214107096917,93.78930554099951,36.9311279257655,4.069504944721385,2.4558628553386765,2.118519648096423,6.210694459000498,1.6655703838832243,221.0869687761152,15.464833643080752,0.8376544324969479,1.0368350483783484,137.2770912919515,51.41449083458682,21.849470879336504
1679.375,水层,16.97025869993197,43.74691099287409,39.28283030719394,93.77285661306284,6.227143386937161,95.84433841268883,37.17793483460216,4.0967010254346805,2.4722751328372468,2.071481799625989,4.155661587311177,2.0353593342458005,198.51195684232258,15.61508487607051,0.8441396118530433,1.0474797393898558,137.15192992532596,51.989550081292485,22.07588211988062
1679.5,水层,17.322246313950437,42.54857172540883,40.12918196064073,91.09446521601484,8.905534783985159,93.11057530629283,36.159536548084844,3.9844819545466073,2.4045532227773747,2.0161100902779943,6.889424693707169,1.971778631814078,215.47886615626177,15.664192711112369,0.8575141665181539,1.0643101205314336,131.2457647266971,50.59713603612994,22.21914565382197
1679.625,水层,17.171269437725307,43.70231860601555,39.12641195625913,90.49202467805839,9.50797532194162,92.51342074696738,37.14003837939836,4.0925251494054065,2.469755077211789,2.0213960689090045,7.486579253032611,1.8503182619334564,227.29723038806895,15.629967765459178,0.8635439748425704,1.0720411013927331,134.55396636626824,52.00534703900085,22.297707786862013
1679.75,水层,16.823399532608455,44.13291886046131,39.04368160693024,90.79463089404136,9.205369105958638,92.8320160156264,37.505980290180474,4.132848922305113,2.4940896479757195,2.037385121585039,7.167983984373604,1.8728338023873965,199.28973921884466,15.74555023380279,0.8844584335978848,1.0938891073502797,140.53310680859903,50.92892181613595,22.145822888369075
1679.875,水层,16.75214367446813,44.47129491245807,38.77656141307379,88.7686074429761,11.23139255702389,90.83209356399962,37.79354625827305,4.1645363143457415,2.513212339839281,2.063486121023507,9.167906436000383,1.9311399870696635,202.7923612176979,15.744461409360254,0.897426646948817,1.1066371974453202,137.86702506195087,50.63697919763697,22.328795048098637
1680.0,水层,16.915595821408424,43.57309656041804,39.51130761817353,89.11456458218504,10.885435417814959,91.17774885884825,37.03022013894704,4.080424087303117,2.462452334167889,2.0631842766632067,8.82225114115175,2.017765975299686,207.1471239051165,15.931503307745398,0.8991417168593214,1.1058262466151638,145.58764544189643,51.16471301707073,21.856275604257025
1680.125,水层,16.99586460712798,42.52829290168954,40.475842491182476,88.45918375958179,11.540816240418206,90.52976639863166,36.142302764723986,3.982582934112023,2.4034072028535296,2.070582639049862,9.470233601368339,1.7800958298718934,213.21570905499564,16.239920290091717,0.8896721993903777,1.0950173913151469,129.9501100105405,50.73842208894739,21.949477880196326
1680.25,水层,17.462170755809304,41.10047672151237,41.437352522678324,88.58536964887085,11.414630351129151,90.68128651887535,34.92888550399296,3.8488743847148585,2.3227168328045535,2.0959168700045123,9.318713481124641,1.870645517940301,201.2990138827302,16.551033529965604,0.8632461422285206,1.0644020207447098,136.95550866014116,51.86458288042537,21.97903075649518
1680.375,水层,17.237574094877107,40.24629312266811,42.51613278245478,90.1249884945271,9.875011505472898,92.22169620365916,34.20296494288658,3.768883940912672,2.2744442388688597,2.0967077091320605,7.778303796340835,1.8538358953654486,215.72399243448316,16.789313158226083,0.8478553956955936,1.0476259658904838,142.12304140642274,51.879980648728484,22.080305613547715
1680.5,水层,17.546161780993355,40.62190220009035,41.8319360189163,88.8573176570071,11.142682342992893,90.93897645027658,34.522173076369725,3.804058037956664,2.2956710857639515,2.081658793269478,9.061023549723412,2.0514235669443797,229.99367434319248,16.910005078109066,0.8270793551562996,1.0236859438751202,136.80594172855854,53.030879796207316,21.788087493522333
1680.625,水层,17.093016656356696,40.1098789857537,42.7971043578896,91.38678146033294,8.613218539667056,93.40745068945779,34.087034565686956,3.756109371876882,2.2667350481898656,2.0206692291248363,6.592549310542218,1.8997479857937254,236.97301961302492,16.86756365156142,0.8102862548242762,1.0039281306289018,140.0875007983795,53.83723829289998,22.177527075726598
1680.75,水层,17.14263026601424,40.1925839930395,42.664785740946265,93.08793572085881,6.912064279141195,95.05030245747176,34.15732070250396,3.763854323016666,2.2714089675188704,1.9623667366129478,4.9496975425282415,1.8844882263497735,215.5941249257626,16.73605860428983,0.7927923290359404,0.9856330260591599,140.96461479521116,53.85409870492858,22.16053974920302
1680.875,水层,17.291660071217205,39.73566029672255,42.97267963206025,95.34904097731007,4.650959022689937,97.28708718921007,33.76900804178092,3.7210654784385433,2.2455867765030857,1.9380462119000126,2.7129128107899247,2.191059990848394,231.65380750113246,16.487599781906553,0.771790378058892,0.9607735109796594,149.6593531506658,52.77736275680507,22.0096180990561
1681.0,水层,16.787163601316887,40.885026542161526,42.32780985652159,97.281940781869,2.718059218130997,99.19717651131711,34.74578702809568,3.82869844655958,2.3105410675062674,1.9152357294481053,0.8028234886828911,1.9271906376904868,225.07586143669204,16.196049086918343,0.754782311687052,0.9442689466142313,149.57082885786716,53.29634922648312,21.99704853505404
1681.125,水层,17.26650670872585,40.64576143768602,42.08773185358813,98.04064724806881,1.9593527519311982,99.99,34.54244964356963,3.806292348012069,2.297019446104315,1.9493527519312013,0.009999999999998899,1.8451118347071702,237.1754752198591,16.134166373328295,0.7406979660939743,0.9304593832260466,139.571008161598,52.296674386847705,21.811982218067516
1681.25,水层,17.58691796525216,39.2723904485634,43.140691586184445,96.30966288770696,3.6903371122930295,98.21113214448836,33.37530215867291,3.6776823453456555,2.219405944544834,1.9014692567813982,1.7888678555116333,1.8188894114857197,227.96110713493823,16.01105421884391,0.7354068113931964,0.9257018348778948,146.15420863248656,52.7944811454568,21.97479041765827
1681.375,水层,17.376260262942044,40.09085942002436,42.5328803170336,97.76150782824153,2.238492171758466,99.63654410585033,34.07087095186326,3.754328275276954,2.2656601928841376,1.875036277608798,0.36345589414966684,1.7696018889502805,226.24111176842067,16.192067186540314,0.733537014567746,0.9231089793994496,138.7918627873482,53.52802434150972,22.20021451900786
1681.5,水层,16.949605516385855,39.41850372089844,43.631890762715706,95.58534511568688,4.41465488431313,97.45907122624952,33.499475262420226,3.6913651946947694,2.2276632637834455,1.8737261105626433,2.5409287737504838,1.7976246531910551,228.22586052091188,16.37524364431591,0.7376189607187849,0.9249540736231479,143.3255355581435,53.26343571544938,22.086077213697735
1681.625,水层,16.783371616376357,39.916315512919844,43.300312870703806,96.02881957997963,3.9711804200203815,97.86560800229246,33.92253631847246,3.7379830251326656,2.2557961693147193,1.836788422312842,2.134391997707541,1.7807691470240243,206.3164256512573,16.467611754656193,0.7436576002561865,0.9285940612716773,132.37382911346995,53.13307679233172,22.028007421496913
1681.75,水层,16.864682344002038,39.39288682298414,43.74243083301382,95.13595505677762,4.864044943222378,96.98037856655229,33.47770496276461,3.688966287673173,2.2262155725463586,1.8444235097746735,3.0196214334477056,1.7702959074718112,221.4568039898763,16.593173243619994,0.7426357326551852,0.9257446861464829,151.26393675824585,53.850506796671084,22.158416576835883
1681.875,水层,17.111690762817165,39.22239284552242,43.66591639166041,97.2131562826986,2.7868437173014016,99.01588590419236,33.33281212713568,3.673000295184889,2.2165804232018553,1.8027296214937625,0.9841140958076422,1.9200482840199569,218.81646554034035,16.56316547924928,0.7327387020451086,0.9152500937195307,140.35985589805387,52.26588380445402,21.968723731039788
1682.0,水层,17.061923556279687,38.69278595700396,44.24529048671635,98.2013495265746,1.7986504734254005,99.99,32.882730282671204,3.623404997276329,2.1866506770564245,1.788650473425403,0.009999999999998899,1.6684001548875729,208.21906712083197,16.65754912002351,0.7158096206831759,0.8979247750227248,158.42207867840062,52.613046073199015,21.84897561789088
1682.125,水层,17.428512449477505,37.4875297570405,45.08395779348199,98.24604923057089,1.7539507694291134,99.99,31.858453700753444,3.510538186837848,2.11853786944921,1.743950769429118,0.009999999999998899,1.666733431892784,222.06833887172883,16.687866805059716,0.7058668730318922,0.8871085526157182,159.6384734199248,53.634101158300794,22.04103104641749
1682.25,水层,17.017977625092623,38.23668170793745,44.745340666969916,97.04711598104862,2.952884018951385,98.84009005785026,32.4951140221233,3.580692890239554,2.160874795574593,1.7929740768016436,1.1599099421497394,1.9911402619280167,240.61588707384539,16.919048060747322,0.7034067500210796,0.8843090929655297,153.78877625188127,52.94112935968941,22.10171710402007
1682.375,水层,17.519243870462066,37.25826181839281,45.22249431114513,94.79149639354667,5.20850360645333,96.62880871922574,31.66361232134506,3.489068277807921,2.105581219239828,1.8373123256790704,3.371191280774255,1.86080694889162,225.25818645295942,17.124678617551602,0.7000788629458853,0.8794706089096285,156.2454175725533,53.80961568980621,21.923210956045214
1682.5,水层,17.142019491451997,36.90172176967525,45.956258738872755,96.81116347258042,3.1888365274195807,98.6417470341222,31.360609837368386,3.455679909348542,2.0854320229583214,1.8305835615417911,1.358252965877793,1.9721058690518969,232.71263412746174,17.37657639623827,0.7066093124720444,0.884755897196911,134.64752242430262,53.027828791642065,22.051864379273578
1682.625,水层,17.27699762716495,36.39292832255026,46.33007405028479,94.2625308086938,5.737469191306199,96.08580654054475,30.928216116482204,3.4080336964099662,2.05667850965809,1.8232757318509523,3.9141934594552508,2.051347470838783,226.01279300097576,17.757133363300323,0.7063956367767942,0.8818632465304375,155.99047474830599,53.98285125471411,22.3083806092568
1682.75,水层,16.936978743600132,35.52973805383175,47.53328320256812,93.36029988400499,6.6397001159950175,95.22534862023322,30.194641314697755,3.327199818571589,2.007896920562404,1.865048736228235,4.774651379766781,1.894683530077745,229.99992597238528,18.05870319890139,0.7082044653299269,0.8807488063100843,150.70964610262493,54.90232560977259,22.167978265758737
1682.875,水层,17.179653217570902,35.35798902620784,47.462357756221266,91.87195407862686,8.12804592137314,93.77039252576559,30.04868188551776,3.3111162962927496,1.9981908443973289,1.898438447138729,6.229607474234411,1.9927942877564642,222.62023114893836,18.294976857142103,0.7184261197337968,0.89086935473649,157.91162267025285,54.471090827250684,22.21512782318155
1683.0,水层,17.183878633281232,36.1529474712429,46.663173895475865,91.76675141841051,8.233248581589493,93.69896135673194,30.72427046068697,3.385560571397879,2.0431164391580534,1.932209938321441,6.301038643268053,2.0038116696409762,226.55570183661663,18.44230413988851,0.7201996184140314,0.8928322833042622,162.35445795754754,53.18220581419644,22.219693006245073
1683.125,水层,17.592003924453937,35.403416108267514,47.004579967278545,91.83798737800413,8.162012621995874,93.79171435848473,30.087287699236033,3.3153703377652257,2.0007580712662585,1.9537269804806012,6.2082856415152765,2.0367140656008975,231.64651304951852,18.372686755581306,0.7163272051898129,0.88948460948671,148.95912331525935,54.47688781570189,22.361127402559557
1683.25,水层,17.218691466379525,35.5514002034653,47.22990833015517,94.55281284956007,5.447187150439936,96.54620530419109,30.213050705650744,3.3292283812427077,2.0091211165718463,1.993392454631023,3.4537946958089094,1.8225738287336308,246.26695273800897,18.283949546078944,0.7067343231285674,0.8781442632163567,146.73813420211854,55.09897529757952,21.939340147757754
1683.375,水层,16.962922286946036,35.11586633022486,47.92121138282911,95.54703350954073,4.452966490459276,97.526564783287,29.842916001505976,3.2884425971811475,1.9845077315377366,1.9795312737462771,2.4734352167129936,1.8846073833882726,241.0588461441262,18.07264203623066,0.6938343668030251,0.8628791273593739,145.8692561927673,53.48478654030501,22.15548256280764
1683.5,水层,16.67761135065288,36.57366788302502,46.748720766322094,98.05736748831032,1.9426325116896792,99.99,31.081816072430176,3.424959141565492,2.066892669029352,1.9326325116896783,0.009999999999998899,1.9063606406045368,222.77514056876336,17.791172754200957,0.6891918847531188,0.8544142038000917,151.54546781638464,54.76631069919983,22.031624979694698
1683.625,水层,16.279590976453665,37.33204674372746,46.38836227981888,98.05385717694509,1.9461428230549194,99.99,31.72631780348332,3.4959779034802194,2.109751036763923,1.9361428230549236,0.009999999999998899,2.126154974266171,223.9066035150131,17.604058863354794,0.6892530649877366,0.8532211693256261,149.51329722035752,53.92912629771338,22.150452859181964
1683.75,水层,16.525576397813698,37.10208797624733,46.372335625938966,97.6539622683681,2.3460377316319003,99.5584613000708,31.530889329152544,3.474443301444044,2.0967553456507444,1.904499031702705,0.44153869992920036,1.8938800106879758,227.9906129707281,17.443890978038993,0.69393501991135,0.8569257439252985,154.08026145742932,53.914073426387986,21.90957020977615
1683.875,水层,16.254488299878673,36.93504158829689,46.81047011182443,97.17879028714383,2.8212097128561764,99.09986634830238,31.38892639772205,3.4588001601734932,2.0873150304013475,1.9210760611585522,0.900133651697621,2.1994654324828944,225.23738361206225,17.509986283904624,0.6998154293431169,0.862561376403988,150.74593078758252,53.91316932897385,21.90611894680304
1684.0,水层,16.529562206450272,36.71409382572061,46.75634396782911,96.04728117078997,3.9527188292100224,98.01954873126003,31.201155848156848,3.43810939812949,2.0748285794342745,1.9722675604700552,1.980451268739969,1.9018748238919814,238.43513280237227,17.462085274047354,0.7027840019782182,0.868122843815218,162.13113995636763,55.202212260445556,22.225393536816618
1684.125,水层,16.850855520627523,37.76170953906107,45.3874349403114,96.73016932622274,3.269830673777263,98.7273451119145,32.09146302272789,3.536213887559668,2.134032628773509,1.9971757856917614,1.2726548880855004,1.9174655164301653,219.3424750093609,17.288494882752715,0.7092594230404652,0.87556013548107,164.18458643053185,53.91356762774256,21.991593677390426
1684.25,水层,16.39828377856004,38.94630268625578,44.65541353518419,97.94492375731772,2.0550762426822744,99.99,33.09817928754244,3.6471456962449924,2.200977702468336,2.045076242682278,0.009999999999998899,1.8229554101437693,219.55948819937836,17.050397118386513,0.7143137266707602,0.8829132717334875,154.17305341935074,54.37933910087931,21.785893093029127
1684.375,水层,16.47459422582634,38.97959658986404,44.54580918430962,97.88920510597079,2.110794894029211,99.99,33.1264738242456,3.650263520245752,2.2028592453726827,2.100794894029214,0.009999999999998899,1.9224051703984906,225.9563082914303,16.961581162584615,0.7219084553852846,0.8904199897358658,163.01716763891844,54.07914737223446,21.970012355626054
1684.5,水层,16.230446415011322,38.103970389782184,45.665583195206494,95.47524289625773,4.524757103742272,97.57829790589727,32.38233045349615,3.568265073490115,2.153374862795912,2.103055009639547,2.421702094102729,1.7296600163459226,225.88894937634072,17.004357863880692,0.7243338899040639,0.8888205246509268,150.30757975201027,52.734766638316216,22.151578369681612
1684.625,水层,15.870149257815475,37.96050586768626,46.16934487449827,97.33180951125881,2.6681904887411845,99.48224148704345,32.26040836728466,3.554830267661662,2.1452672327399345,2.150431975784643,0.5177585129565454,1.6991512892819474,201.77737256504537,17.13910263863351,0.7243583975723724,0.8849728544292057,156.92083803984642,54.348470722036396,22.116520521049644
1684.75,水层,15.63526992155167,38.231787900723496,46.13294217772484,97.86178844018478,2.1382115598152174,99.99,32.49095506228902,3.5802346072527866,2.1605982311816923,2.128211559815214,0.009999999999998899,2.118918494959342,225.96002120394365,17.41060016643963,0.7225428546031244,0.8790591498668855,142.59766793522587,54.0309006405819,21.989703642021624
1684.875,水层,15.887062088452664,37.06317782676747,47.04976008477986,96.53130748386603,3.4686925161339754,98.69018761628305,31.49782187435551,3.470799541332618,2.0945564110793478,2.1588801324170346,1.3098123837169462,1.9247009732982796,232.8710710024416,17.475016245979607,0.7198699915345659,0.8734110786982168,159.11702886607165,53.833914975340164,22.157234247620572
1685.0,水层,15.657991817115366,37.57497409259709,46.76703409028754,96.46013165063538,3.5398683493646277,98.62768856582124,31.932767514807825,3.5187269547076863,2.12347962308158,2.1675569151858807,1.3723114341787523,1.927740389991626,219.3833047722089,17.521321486302718,0.7193027137554223,0.8707552863515893,150.5815686728067,53.61430370443675,21.902635767675964
1685.125,水层,15.41866999799914,37.72426841646862,46.857061585532236,97.79501577520718,2.2049842247928275,99.99,32.05964400775553,3.5327076951946133,2.1319167135184682,2.194984224792827,0.009999999999998899,1.9168928511411953,218.05066821235224,17.74729212990461,0.7205236884036297,0.8711091678563843,158.27947732155332,54.692270494629845,21.74019872556952
1685.25,水层,15.735373845576698,36.6646830527453,47.599943101678,94.93132944788219,5.068670552117805,97.11668787598579,31.15916452908743,3.433482301959238,2.072036221698638,2.185358428103588,2.8833121240142146,1.9258514065686767,224.51702763601293,17.837435607228446,0.7299721822287997,0.881076079975424,150.14208165868507,53.79234765894182,21.934084435158894
1685.375,水层,15.90751458046914,37.23286895136216,46.8596164681687,93.10660241775535,6.893397582244642,95.27507938230752,31.64203241240285,3.4866903502687605,2.104146188690549,2.168476964552173,4.724920617692474,1.7896630826160618,223.43721566104867,17.814195129309194,0.7415666748263505,0.8947469385527038,158.96160395192965,53.3800399213624,22.180393002980214
1685.5,水层,15.83946866065723,38.68066442469677,45.479866914645996,93.46517137225919,6.534828627740808,95.60681595841216,32.87242890303128,3.6222698704135254,2.1859656512519745,2.141644586152967,4.393184041587839,1.788388017976239,207.80533463551043,17.962071620591438,0.750333102881792,0.9067131442710075,145.2507916441746,52.408378926384955,22.091435773487166
1685.625,水层,16.253895879329228,37.15522309632971,46.59088102434106,92.54481754087107,7.455182459128928,94.73429104927143,31.576045752475167,3.4794191659333915,2.099758177921155,2.189473508400367,5.265708950728564,1.9976439789835168,216.64725172225405,18.003214726979675,0.7635310630119003,0.9232321736272326,140.7765639944154,54.11062681721228,22.085330461576717
1685.75,水层,16.314862956097752,37.311786262708615,46.373350781193636,90.3221626878263,9.677837312173699,92.48213291005248,31.709099608508158,3.4940806007568512,2.1086060534436046,2.159970222226184,7.517867089947517,2.080142197739485,220.19177028614692,18.12684285941784,0.7706190092026676,0.9313448444642702,155.3480346005331,53.27334088136688,22.201693374446617
1685.875,水层,16.178718945950337,36.83135804451261,46.98992300953705,89.7059420551937,10.294057944806301,91.86852624050807,31.300811832676295,3.449090663651306,2.081455548185012,2.1625841853143717,8.131473759491925,1.8114264509318603,223.58999508927326,18.447499493194652,0.7713407595713435,0.9296626247500668,129.7523126579718,54.29171386625444,22.26800443831045
1686.0,水层,15.694790453344293,36.421882755534625,47.88332679112108,90.15931130724523,9.840688692754762,92.32425273409187,30.952822791519,3.4107451485469467,2.0583148154686746,2.164941426846636,7.675747265908129,2.0286865187228464,223.3171343071266,18.553002903707814,0.7694438616015045,0.9256047690936419,144.8309242036291,52.89502764661698,22.296041179447034
1686.125,水层,15.890677057013376,36.32856845376914,47.7807544892175,92.49951067882623,7.5004893211737755,94.70083224883783,30.873520437331326,3.402006684800497,2.0530413316373113,2.201321570011603,5.29916775116217,1.772589827015275,222.53018477116916,18.45071555123438,0.7557406042473525,0.9099854822951616,149.3487245581966,53.21675668213359,22.02004979867425
1686.25,水层,16.055818473788385,36.95669290613513,46.98748862007648,95.15479046811242,4.845209531887573,97.35397028861975,31.40732658336726,3.460827708495805,2.088538614272063,2.199179820507328,2.646029711380249,1.8525564278678355,223.21983211184346,18.33024233432546,0.7438036188600732,0.895679082707744,161.38828278069366,54.731930902666036,22.079427593957984
1686.375,水层,15.694445083472457,36.8552483935881,47.45030652293944,94.6543407282078,5.3456592717922025,96.84668171630622,31.321114839698865,3.45132788715656,2.0828056667326713,2.192340988098426,3.1533182836937734,1.9796445423662246,230.3227348262071,18.066866678668337,0.728060557355307,0.8813528694537391,148.97944853880242,54.00441226578352,22.057825106782296
1686.5,水层,16.123232452590493,36.85962365456163,47.01714389284788,96.18161129120546,3.81838870879454,98.3749479231793,31.324833117485042,3.451737610625258,2.0830529264513316,2.1933366319738554,1.6250520768206878,2.0121152282187342,210.3684140998769,17.979525935508338,0.7152486036797079,0.8677312835168378,164.3838193916521,54.078679405380356,22.03283002316802
1686.625,水层,15.917129686839399,35.79486186636457,48.28800844679603,96.73300557611246,3.266994423887537,98.9744261703007,30.41995449914298,3.352027468570632,2.0228798986509555,2.2414205941882335,1.0255738296993,1.8681259688353558,222.2094617171457,18.132008285394264,0.7029852603149722,0.8517969551548217,148.55172863764412,54.13231726402076,22.087368755800284
1686.75,水层,15.559600820819455,34.87502679621206,49.565372382968484,97.8025102410315,2.197489758968496,99.99,29.638240601622716,3.2658890604042043,1.9708971341851393,2.187489758968499,0.009999999999998899,2.0936565372105975,233.42009455007494,18.31022191928942,0.6832499779671964,0.8302323424764029,166.625657253885,55.63254897299991,21.86279395675414
1686.875,水层,15.961266924749584,33.608537092502566,50.43019598274785,97.79082574834645,2.209174251653556,99.99,28.56192525490313,3.147288008349711,1.8993238292497243,2.199174251653561,0.009999999999998899,1.8979080438495712,225.8554000906173,18.564373361877752,0.6787288033738734,0.8227845206283491,167.9664640735491,54.83332144321046,21.878633901037627
1687.0,水层,15.776946342565804,34.712917585518724,49.510136071915475,95.35586204808003,4.644137951919969,97.55139358674995,29.500473487683465,3.250708263529472,1.961735834305784,2.195531538669916,2.448606413250054,1.6352302050273009,233.52466120395866,18.578802769730157,0.6770074982013389,0.8203786388642501,156.99828817791456,56.11621595858619,22.108511902298087
1687.125,水层,15.727052354694205,35.609276728039696,48.6636709172661,97.43203898246739,2.567961017532616,99.59062807707326,30.262236570669437,3.334648256890868,2.0123919004793906,2.158589094605873,0.40937192292673785,1.975645471466049,221.29857281786153,18.65520364758308,0.6790055318942679,0.8216593945645615,154.2731775121853,54.08867577397771,21.976628669665747
1687.25,水层,15.3827724556309,34.575788882499914,50.041438661869186,96.74190213405547,3.2580978659445314,98.91763732067207,29.383935842645688,3.2378667785989093,1.953986261255318,2.1757351866166026,1.0823626793279306,1.943721266705719,234.18037459739827,18.486279742456343,0.6915722570992733,0.8327309823248291,155.1203254332965,53.600364830626596,21.953318389014985
1687.375,水层,14.97375264675496,36.39530265044126,48.63094470280379,97.77880316463147,2.221196835368533,99.99,30.930233918553345,3.408256041514684,2.0568126903732282,2.211196835368535,0.009999999999998899,1.9547803155198435,222.26562513671334,18.199985071535956,0.6967533945022526,0.8381960716541659,157.15378122212317,53.40140807015171,22.00668526743278
1687.5,水层,15.303951746942657,37.43855779328983,47.25749045976751,97.83087700350195,2.169122996498052,99.99,31.816835299917294,3.505952183173553,2.1157703101989855,2.159122996498055,0.009999999999998899,2.021795164988277,221.59854326466944,18.127846331325387,0.7005668526769716,0.8413865588570328,169.7816384542945,55.42614487052355,22.018903472576664
1687.625,水层,15.345937237010288,36.623882801754846,48.030179961234865,97.83215439241758,2.1678456075824193,99.99,31.124490787830457,3.4296615423609706,2.069730471563422,2.157845607582423,0.009999999999998899,1.910085679641065,207.86230198986954,17.9163563013307,0.7103342132378194,0.8545607197825045,157.78840815411937,54.53626283451834,22.053094983160722
1687.75,水层,15.782850300173884,36.88709762955772,47.330052070268394,95.59015048910433,4.409849510895669,97.7319202480359,31.348181638074724,3.4543104245447958,2.084605566938205,2.1417697589315723,2.2680797519640916,1.9612907454925956,225.42159544237037,17.808367997967416,0.7082984611932553,0.8572686541546884,152.07245625111798,53.60298244119518,21.94818717882815
1687.875,水层,16.177913357699627,36.57638275664352,47.24570388565686,97.3139763181689,2.6860236818311067,99.46543613231917,31.084123284349413,3.4252133772425815,2.0670460950515217,2.15145981415028,0.5345638676808262,1.959156778131473,231.08832373594856,17.74233430554243,0.7066141425451639,0.8596039525855754,162.04928559935914,53.220944995555016,21.91539638706422
1688.0,水层,16.39144929537912,37.37678858721577,46.231762117405104,97.00415110179172,2.9958488982082754,99.2020766785365,31.764341273114333,3.500167775449197,2.1122795386522406,2.1979255767447747,0.7979233214635006,1.7913213735357834,220.7697159458316,17.63115292924664,0.7164228928788767,0.874275186646473,155.96465401053803,53.96603361096001,21.91480743459312
1688.125,水层,16.22618787130528,38.017370827435236,45.756441301259485,94.86193129770825,5.138068702291743,97.01109704749202,32.30873456266482,3.5601554148235475,2.1484808499468753,2.1491657497837506,2.988902952507988,2.1107762632979004,205.2077850457417,17.398484641914983,0.7180897405912473,0.8779854948647557,158.74790063435412,53.748267649957256,22.01825740361732
1688.25,水层,15.985428957942545,38.62526779029969,45.38930325175776,97.24520084786718,2.754799152132814,99.44673628934518,32.82535055128189,3.617082225302373,2.18283501371542,2.2015354414779997,0.5532637106548166,2.0136165560803994,235.11873083181996,17.119504738550432,0.7284505336443765,0.8903359191359326,159.23430666194204,53.41127957773173,22.072310800174936
1688.375,水层,16.048961363639524,39.53288093877665,44.41815769758383,97.72838187059713,2.2716181294028637,99.99,33.59667775412374,3.702076105594155,2.2341270790587555,2.2616181294028674,0.009999999999998899,1.815334550368349,227.97170540997914,16.853843260429205,0.7393421180235481,0.9030728581429728,149.44117402706075,52.934670203012075,21.905816800926203
1688.5,水层,16.120410874816514,40.32805517890727,43.551533946276216,97.4968385168826,2.5031614831173887,99.71159081216148,34.27244972089291,3.7765405889372867,2.2790648690770703,2.2147522952788683,0.2884091878385231,1.9558803777182323,216.51808234438298,16.563029573526503,0.7374191858887642,0.9038811948137715,153.16622131671738,54.57893221943602,21.828469737226147
1688.625,水层,16.559562876427567,39.78927817761965,43.65115894595279,97.80639070344851,2.1936092965514797,99.99,33.81457473521641,3.726086551302146,2.2486168911010935,2.183609296551479,0.009999999999998899,1.9543245563397904,236.7576850387584,16.551701176792026,0.7405148722758276,0.9099514866779236,162.20525406231204,54.535438062398875,21.952275142690418
1688.75,水层,16.610447086692474,38.7961156238481,44.59343728945942,95.50710240893896,4.49289759106104,97.66008747066208,32.970544108452835,3.633081354818172,2.192490160577095,2.1529850617231268,2.3399125293379175,1.9771256044458967,219.20557894581887,16.595685352451927,0.7450720032440403,0.9153159833402328,144.74248500584287,54.14722341679686,22.176219539871546
1688.875,水层,16.135101035060607,39.60882292155207,44.256076043387324,95.98463489780109,4.015365102198909,98.17649173948205,33.66121639291574,3.7091877299728515,2.2384187986634774,2.191856841680961,1.8235082605179476,1.8786697202649316,204.06104237689655,16.58725471560483,0.7464191652188144,0.9187680083590587,136.7592121561837,54.225861303928085,22.10374402108804
1689.0,水层,16.561523866234783,40.37161490162825,43.066861232136965,96.48952312435054,3.5104768756494598,98.66703542832589,34.30946857538981,3.780619760624809,2.281526565613634,2.1775123039753526,1.3329645716741112,1.8035395055720138,232.8015532847552,16.55652999491392,0.7544901571269683,0.9273506378790537,144.67199487999568,54.84082678153193,22.06335890518488
1689.125,水层,16.37063719725353,40.77692941353109,42.85243338921537,96.47888727224124,3.5211127277587684,98.66892520947296,34.653921616051285,3.8185756377107687,2.3044321597690383,2.1900379372317267,1.3310747905270426,1.9491025732826621,228.33468325289127,16.404172694512418,0.7597295930695871,0.9333251739384021,149.92078860388608,53.86579794844363,22.233232761696378
1689.25,水层,16.387550580874617,40.394269707312766,43.21817971181261,96.19993276683606,3.8000672331639396,98.36864366613707,34.32872156652253,3.7827412810607073,2.282806859729532,2.1687108993010225,1.6313563338629211,1.8364611841921057,211.01279056614322,16.21897945439104,0.7649107847442687,0.943016708208966,147.0579179948201,53.056145405199075,22.215764372376995
1689.375,水层,16.760382241511255,41.165235934179755,42.07438182430899,95.63562946947563,4.364370530524376,97.81571896848735,34.98392056209981,3.854938793079235,2.326376579000708,2.180089499011732,2.184281031512647,1.6798266217034277,214.75381198834927,16.205904089775935,0.773191336793497,0.9525720759235058,141.8514915041618,53.02033723849872,21.977403335908107
1689.5,水层,16.594671602921526,41.14976159509248,42.25556680198599,94.61541513633446,5.384584863665531,96.8134018574293,34.970769828547695,3.8534896909742407,2.325502075570543,2.1979867210948276,3.186598142570707,1.8110702587042014,208.48584177202147,16.288206526943178,0.771882710347613,0.953250670712012,155.93957923110906,52.285104813254016,22.23839517120629
1689.625,水层,17.016537797980146,39.90179118983089,43.08167101218896,94.84933127741945,5.1506687225805425,97.00296945443415,33.910192947819255,3.736622887743721,2.254975354267916,2.15363817701469,2.9970305455658486,1.9838533285227193,225.70578685998993,16.412683476167196,0.7742382469595415,0.9565660070363369,141.09192613186178,53.5521704423212,21.813334048335033
1689.75,水层,16.756339550929788,39.60648378080907,43.63717666826114,93.72657760052996,6.27342239947003,95.8918951189495,33.65922849433871,3.708968679985939,2.238286606484421,2.16531751841953,4.108104881050501,1.8540422820360893,207.23171328902518,16.62301573988392,0.7784329031506496,0.9614551303168924,136.46437216117917,53.789809871062644,22.169548937661926
1689.875,水层,17.1606621697255,39.92344123666522,42.915896593609276,91.87694403203294,8.123055967967064,94.06019879832448,33.928592053312755,3.7386503170422456,2.2561988663102177,2.1832547662915394,5.939801201675521,1.900277631263027,236.77889265195472,16.745927352003438,0.7902854769773993,0.9758828431651184,139.16253030056532,53.17590509856937,22.085600172432315
1690.0,水层,17.05448196071402,41.08459381600959,41.8609242232764,90.05093905122743,9.94906094877257,92.25489759368925,34.91538755379796,3.8473870222066635,2.3218192400049604,2.203958542461825,7.745102406310744,1.9138855652365874,204.12428349972828,16.875725278958754,0.8154971802241875,1.0042581176014427,139.50866407253665,53.2805457891304,22.04787226254992
1690.125,水层,17.213775861794588,40.921509655029894,41.86471448317551,87.78309793237446,12.216902067625545,89.95596723651006,34.77679188677026,3.8321149256321996,2.3126028426274337,2.1728693041356038,10.044032763489941,1.8405729028409383,207.61007019758662,16.97860727550629,0.8383959096976032,1.0290607249979984,138.23870342160401,52.04962439757419,22.444753950859173
1690.25,水层,16.74036783960373,40.63793875208311,42.62169340831316,87.71890606024188,12.281093939758126,89.89650656137839,34.535801601708485,3.8055597887660846,2.2965773616085357,2.1776005011365105,10.103493438621614,1.8876257183480252,211.88592021915312,17.09868712322003,0.8495518623428162,1.0399070406368012,136.90183355183183,53.36207931560082,22.647620201944093
1690.375,水层,16.92824766322072,40.00183381085354,43.069918525925736,88.61754772047095,11.382452279529055,90.75372736539856,33.995213306071946,3.7459914282607287,2.2606290765208668,2.136179644927613,9.246272634601437,2.0159595417385168,184.87771710913185,17.161595169429653,0.8532762872631112,1.044736330020092,129.94237445213108,52.23452283528227,22.52255065997953
1690.5,水层,17.275675809317974,40.86934066812207,41.854983522559955,88.36085286503345,11.639147134966542,90.5241952307897,34.73245652338971,3.827229535159808,2.3096546095725605,2.1633423657562343,9.475804769210306,1.9813700617646466,230.6234101834807,17.128023068840264,0.852657289314922,1.0433025362108088,132.58763610775026,52.857336744339634,22.36959506264324
1690.625,水层,17.023710804136325,41.15167168709829,41.824617508765385,88.48640675517312,11.51359324482688,90.70190302613442,34.9723931037575,3.853668562480852,2.3256100208599397,2.2154962709612906,9.298096973865588,1.9249958426439298,213.56942148065457,16.99282531514313,0.8505502528109538,1.0421800341258525,146.62851943590974,52.3709168632545,22.16446324730918
1690.75,水层,16.78951948664138,41.44549799214458,41.76498252121404,89.45346614405496,10.54653385594504,91.6530053350082,35.222098853804226,3.881184071527397,2.3422150668129604,2.199539190953239,8.346994664991803,2.139267742323831,206.96791827781544,16.83705477560359,0.8535966416825146,1.0468364784807698,140.9131516422058,53.196494662640546,22.047601960068356
1690.875,水层,17.020161568917512,41.29684954676294,41.68298888431954,89.4008474138139,10.5991525861861,91.65045155013074,35.095771255118144,3.8672638146497533,2.333814476995043,2.2496041363168455,8.34954844986926,1.9664482319943861,206.9558878493119,16.614571514269432,0.8467417681264524,1.0407847155300187,128.20690538907172,51.73145914559195,21.97576043926473
1691.0,水层,17.2681731063928,41.92385893107281,40.80796796253439,92.02705565669017,7.97294434330984,94.2092209120277,35.628629770188006,3.9259804172477692,2.3692487436370326,2.1821652553375426,5.790779087972298,1.8799398570285935,206.6413441368473,16.373885881813948,0.8427378040051914,1.040556183657853,140.14382874157698,53.739038257499956,22.03592822536168
1691.125,水层,17.48478804283787,42.46080850632241,40.054403450839715,91.10074584218314,8.899254157816861,93.27402306147509,36.08495173361415,3.976263324671567,2.399593448036699,2.173277219291954,6.725976938524902,2.157174534868042,217.24682406369985,16.186670863562107,0.8344152993472321,1.03365977143868,137.32880607246844,52.864127575355255,21.953686709906304
1691.25,水层,17.008052539059797,42.09061392683311,40.901333534107096,92.80421450194738,7.19578549805262,94.99936037665026,35.77034506448,3.9415962709531636,2.378672591399949,2.1951458747028867,5.000639623349734,1.8942692709369353,210.00617401920758,16.168859271525573,0.8299891000022876,1.028723391498229,129.85638202141948,52.8717313398335,21.83154170307182
1691.375,水层,16.932065313276016,41.13561601720286,41.932318669521116,90.6556606721685,9.344339327831507,92.81989634108858,34.95874833123412,3.8521650213660203,2.3247026646027193,2.164235668920093,7.180103658911419,2.0359274213895207,211.0189928914025,16.314822937070204,0.8231597567778681,1.0205822164122733,148.9482380081758,51.945040930762005,22.02153132763769
1691.5,水层,17.439728852981663,40.317887526561805,42.24238362045653,91.76084352843984,8.239156471560172,93.91167788443263,34.263808829279284,3.775588434125792,2.2784902631567303,2.1508343559928034,6.088322115567369,1.9572358651668789,209.22417239936658,16.42819964885944,0.8210454397600432,1.0148616738952072,147.95889332646826,53.15017741163459,21.96404787044307
1691.625,水层,16.969105244450546,41.63096708877456,41.39992766677489,91.13477554044309,8.86522445955692,93.30705535484782,35.37971816524464,3.8985524164254914,2.3526965071044312,2.17227981440473,6.692944645152188,2.038773375379362,208.1215186234149,16.350305930240772,0.8212460587284494,1.0152823435065068,134.65407958600764,52.79812913188019,21.95429706129776
1691.75,水层,16.888561941516205,42.689411949776186,40.42202610870761,93.76931278313275,6.230687216867259,95.94276269436908,36.27922839751562,3.9976710067217924,2.4125125455387755,2.1734499112363372,4.057237305630923,1.8265006799774217,213.27186001590522,16.098870502335814,0.8058943743812831,1.0015131509160167,132.18960073045045,52.432576366125275,21.980922838039678
1691.875,水层,17.37808643003951,41.521622681256645,41.10029088870385,95.8937597975876,4.106240202412392,98.08395454329589,35.28679276399993,3.8883128055309726,2.3465171117257397,2.1901947457082813,1.9160454567041074,2.0265863632535193,219.13961364130583,15.901906181274695,0.7996849019232403,0.995198548827752,132.01302346963027,51.831524248353546,21.977976427196204
1692.0,水层,17.34696634433964,41.172506272789526,41.48052738287083,95.25587466659826,4.744125333401739,97.49447569473526,34.9900991966348,3.8556196275190144,2.3267874486357134,2.238601028136994,2.505524305264739,1.8376420531101731,221.4713911659337,15.924031771176814,0.7852552936691347,0.9808504029521755,134.4523105132193,51.979173003070265,22.056783903951462
1692.125,水层,17.583084287298583,40.13351521078903,42.283400501912396,93.06798207395747,6.932017926042533,95.33810217753181,34.10712160758673,3.758322797811238,2.2680708053910634,2.270120103574351,4.661897822468186,1.9460649846124827,238.6096107093808,16.03873625105531,0.7730076651057385,0.9678900218657405,146.90976646933652,52.997286006342776,22.11757315478819
1692.25,水层,17.39517727511554,40.73484977900984,41.86997294587462,94.45421438911077,5.5457856108892205,96.67529304151243,34.6181606017399,3.814635069611658,2.3020541076582823,2.221078652401659,3.3247069584875666,1.9442538359034127,217.4997853169421,16.243995529337663,0.7775497982668136,0.9728244141810207,123.9857195809164,52.519159895102625,21.963582469651097
1692.375,水层,17.713095108621545,40.389316328449624,41.89758856292883,92.25461445984912,7.745385540150873,94.48721098306902,34.324511980236196,3.7822774194575115,2.28252692875592,2.2325965232198945,5.512789016930975,2.0160902019269997,234.18775589059604,16.40943485654816,0.7727276667573497,0.9691028514199513,150.17252882563906,53.45551081221947,22.307942207870006
1692.5,水层,18.108305294499303,39.405070166422526,42.486624539078164,93.4713517205866,6.528648279413396,95.71981984035368,33.48805887206105,3.6901072028698003,2.2269040914916736,2.2484681197670766,4.280180159646319,1.974373714195871,223.12125610230962,16.49972048206213,0.7615225573185345,0.959687252393787,128.63640276840613,52.634521938275185,22.25293226147244
1692.625,水层,18.627899484005912,38.25686302696642,43.11523748902766,93.12071113661824,6.879288863381761,95.3861971183832,32.512264941964425,3.5825827797993925,2.1620153052026025,2.2654859817649484,4.613802881616813,2.0502957558034964,223.38569867840457,16.66761772400061,0.7663381366596125,0.9668455736902928,141.464661516363,52.37255681748052,22.284889439015444
1692.75,水层,18.09467919072232,39.798245087303094,42.10707572197459,90.65701077849776,9.34298922150224,92.89201969531044,33.822195186039394,3.7269262619756867,2.24912363928801,2.2350089168126774,7.1079803046895655,1.9407747758156024,215.23088683157988,16.768580496844695,0.7764241702584336,0.9805141197261867,151.0316547036202,52.20390570884608,22.354273045087993
1692.875,水层,18.346091517127654,40.36563085313593,41.28827762973642,88.28271336930727,11.717286630692724,90.48749330532532,34.30438308341231,3.780059381456581,2.28118838826704,2.204779936018047,9.512506694674682,1.8991528643947824,223.3386023955502,16.799593873950688,0.8045355349986407,1.0124630894263744,141.18571202670304,54.290599248907995,21.99277704553215
1693.0,水层,18.00747161991176,41.49931252293099,40.493215857157246,87.47481657642003,12.525183423579978,89.68301654724505,35.26783266845134,3.8862235597667354,2.345256294712919,2.2081999708250213,10.316983452754958,1.6948372965744045,224.22649335880948,16.611016820104695,0.8349456624546767,1.047002668512056,142.99347174533057,52.416278683357234,22.18313534223427
1693.125,水层,18.023866654249307,42.26704441944255,39.70908892630815,89.41856591915196,10.581434080848041,91.64135820326378,35.92028299628366,3.95811819132621,2.3886432318326767,2.2227922841118133,8.358641796736222,2.0063454497665387,203.7779604077134,16.558985029206276,0.857560776542304,1.0730903244447205,123.37613927072917,52.05272933644074,22.294323956964433
1693.25,水层,17.99668395347693,41.92270817825751,40.08060786826556,86.79912913322116,13.200870866778846,89.02461089492074,35.62765181283726,3.9258726544336313,2.369183710986617,2.2254817616995846,10.975389105079259,2.0927806677670633,230.84727174534993,16.489616554717088,0.8665909981279014,1.0827025277350066,136.69312744715782,52.101608300785585,22.346776702047922
1693.375,水层,18.040722669391922,41.59465087294011,40.364626457667974,87.59310757402233,12.406892425977677,89.80604362379607,35.34885514257425,3.895151566507811,2.3506441638580498,2.2129360497737522,10.193956376203928,1.7700507071683493,215.5825037098937,16.44712464158796,0.8578305515640446,1.074797173771313,125.35127487182135,51.32529200015006,22.25499497561343
1693.5,水层,18.42293595266996,41.04883806616604,40.528225981164,89.03738786599199,10.96261213400801,91.26158251395951,34.885000838313935,3.8440386574027334,2.3197985704493758,2.224194647967522,8.738417486040484,1.9250091973200307,208.90577863459708,16.6215055060217,0.8394291755621227,1.0558483939567045,132.83994455564468,53.279736953766445,21.91410281255166
1693.625,水层,18.90116680942245,39.404868962235426,41.693964228342125,90.25354689686887,9.746453103131126,92.43546374333002,33.48788788041875,3.690088361004605,2.2268927208120752,2.181916846461145,7.564536256669985,2.010813077270886,220.55512125041037,16.553666225887273,0.8124381046733687,1.0306316046588324,129.90303461802395,53.08186264050342,22.10584413285028
1693.75,水层,19.243016271357334,40.02892278799807,40.728060940644596,91.11038842157075,8.889611578429257,93.30821214548047,34.01823463955945,3.748528188866844,2.2621599595717705,2.1978237239097327,6.691787854519527,1.892839257916349,222.5847956854402,16.55847894603326,0.8016825732261739,1.0217150855993187,120.43998058631682,51.20962705701491,22.048836492167247
1693.875,水层,18.871025526357442,40.56822883984405,40.560745633798504,88.52907490421373,11.470925095786267,90.7883845559775,34.47655923428804,3.799031769702082,2.2926378358539288,2.2593096517637767,9.211615444022492,2.133875160194527,228.78828096449323,16.722798592460883,0.8017950921906098,1.024335307467466,134.2719881196254,52.834683928795265,22.130337286741685
1694.0,水层,19.37127414925941,39.72309590826126,40.90562994247933,86.22502759570813,13.774972404291875,88.52885272528019,33.75833030465963,3.71988888009308,2.2448767235085496,2.3038251295720586,11.471147274719817,1.9061453035258886,237.65819710165906,16.933417304884827,0.8056860043944987,1.0306300578938457,126.70562140601146,52.7440471699645,22.09193698802373
1694.125,水层,19.851463798855487,38.074811993261314,42.0737242078832,86.24030289863643,13.759697101363566,88.57905324185161,32.35755044180777,3.565534521087306,2.151727030366245,2.3387503432151817,11.420946758148387,1.9582217999921216,222.6636320988249,17.187679801754925,0.8132110615022401,1.0417494858346799,150.22378343043854,53.38379680433034,22.00920554175969
1694.25,水层,20.350928533037976,38.72348214361611,40.92558932334592,85.82533712995466,14.17466287004534,88.14019939637723,32.908817171999765,3.626279556789603,2.1883854148267425,2.3148622664225633,11.859800603622773,1.6826356976724277,233.58247338913932,17.507619055859696,0.8187786507450834,1.0494771908072822,131.5216899383611,51.508241098189764,22.115872074383653
1694.375,水层,19.88696223430886,38.57918126259438,41.533856503096764,83.28050785241395,16.719492147586045,85.6536319840149,32.78618431337175,3.6127664297176336,2.1802305195050007,2.373124131600933,14.346368015985112,1.8750637628640947,227.630245773107,17.64745046513251,0.8315448227882922,1.0642093235367194,132.41108298542514,53.182004366731135,22.202788430093655
1694.5,水层,19.630808911150794,39.65882933817276,40.710361750676455,82.33177585585997,17.66822414414002,84.64776043248364,33.70371391459764,3.7138706054856314,2.241244818089482,2.315984576623652,15.352239567516367,1.9405006560115823,218.75656877280724,17.806448463971638,0.8446297876261651,1.0792236297855673,144.37201050158745,51.72678761037553,22.131579387733115
1694.625,水层,20.130406075581973,37.959098094656774,41.91049582976125,82.05000932651572,17.949990673484272,84.42263053525568,32.259211983522604,3.5546984360629827,2.1451876750711896,2.3726212087399476,15.57736946474433,2.144210912287719,222.77874387425206,18.181487795727637,0.8539928248778138,1.0873731153885733,127.54777579005213,51.52084349037049,22.44945304028527
1694.75,水层,20.444384582142153,36.82709972956524,42.7285156882926,80.73729222528357,19.262707774716436,83.0441239481677,31.297192940461382,3.4486918916508245,2.081214897453037,2.3068317228841337,16.95587605183231,1.903952133144785,226.33387752404545,18.476312308996313,0.8621641973356954,1.098575501034007,123.76390012227309,52.082107966151824,22.38801868106221
1694.875,水层,20.726585392909687,37.048427473455604,42.224987133634706,78.5126077068468,21.487392293153206,80.75031483501247,31.48528641386767,3.469418237232127,2.093722822355807,2.237707128165677,19.24968516498753,2.293779457671971,230.26313407762407,18.966734867948148,0.8694788075388755,1.1058653057661616,134.65104175757577,54.25032304446399,22.447330410234002
1695.0,水层,20.249674501437063,36.607181031414974,43.14314446714796,76.2917943013991,23.708205698600903,78.46916880649303,31.110296932419285,3.4280974968518128,2.0687866021438786,2.177374505093935,21.530831193506973,2.111053524996271,217.68168702707092,19.29022269232047,0.8978081387335926,1.1342036167805096,128.29714769010306,53.61318683795787,22.398495369531293
1695.125,水层,19.70539216896088,37.62773744116945,42.66687038986967,74.97854164334143,25.021458356658567,77.1529636141901,31.97760799132051,3.523668004470879,2.1264614453780606,2.17442197084867,22.847036385809893,2.0393342599957216,224.7021281188518,19.38101357267567,0.9209489406416999,1.160048798593309,132.63884677695697,52.89396114313013,21.93160570866516
1695.25,水层,20.287807767746287,37.84832375960451,41.863868472649195,76.2775115029943,23.7224884970057,78.44088195122248,32.16507137070104,3.5443249189002657,2.1389274700032046,2.1633704482281755,21.559118048777528,2.1509170114900256,209.59061449916834,19.30112900428508,0.941564402463419,1.1814516740008925,130.204369831631,53.510957107501156,21.97620279144433
1695.375,水层,20.008044998801726,39.06549622907555,40.92645877212273,76.52041854502978,23.479581454970212,78.71191244703316,33.19947489143962,3.6583076342655874,2.207713703370342,2.1914939020033697,21.28808755296684,1.9409588268238198,224.6066155625277,19.01701648507452,0.9501317530124828,1.1931057031269292,113.31655052618407,52.398522205165975,21.877771039575094
1695.5,水层,20.021289282859254,39.26159340123942,40.71711731590132,77.55840266924585,22.44159733075415,79.71487133337595,33.36612638116757,3.6766712505314185,2.2187957695404408,2.1564686641300934,20.285128666624054,2.139762264126497,212.11063085183164,18.694801482793356,0.9386860576411173,1.1832481429320985,133.5715992078944,51.243243028422725,22.022780353643775
1695.625,水层,19.673588253937638,39.26546653733653,41.06094520872583,79.66114593752236,20.33885406247764,81.80117075795553,33.36941793246012,3.677033952268765,2.219014652607649,2.140024820433172,18.198829242044468,2.0848973222097333,206.87917046968218,18.453331210967526,0.9231008250444198,1.166501812679467,133.37855493239385,51.53976766261367,22.170677926836188
1695.75,水层,20.017765776152203,38.55759724212631,41.42463698172149,81.20450657696428,18.795493423035726,83.3174140184676,32.7678413198159,3.6107451834906956,2.1790107388197177,2.1129074415033324,16.682585981532394,2.053445707763095,204.95132351265727,18.440791255499335,0.9088744622198566,1.1484140934399916,124.75358972187077,52.18752898297829,22.037858287913963
1695.875,水层,19.51063182240179,38.298406632092366,42.19096154550584,79.40900262593199,20.59099737406801,81.48979762389482,32.54757041631937,3.586473151161783,2.16436306461122,2.080794997962826,18.510202376105177,2.228246294636553,223.13253788783675,18.4834728807919,0.8993818027462553,1.1356146197854242,125.94006798182082,52.368254519263246,22.215448226141103
1696.0,水层,19.65185658296546,38.37626742458524,41.9718759924493,79.08354688147068,20.916453118529322,81.16353132859547,32.61373973899319,3.5937644634214907,2.1687632221705595,2.0799844471247866,18.83646867140454,2.222031864658284,206.3932406622388,18.52832123158991,0.8982896407710471,1.1333309008821328,126.90924319752104,52.785059593622435,22.298899411110213
1696.125,水层,19.470034308286458,38.90997730056476,41.61998839114878,79.66835906222711,20.33164093777289,81.72252363675864,33.067308471948586,3.643743987611578,2.1989248410045987,2.05416457453152,18.277476363241362,1.8747807041643514,207.34431028896412,18.553230888944857,0.9240286552736949,1.1578736119849886,124.15490105824837,51.78604851219415,22.102166042128392
1696.25,水层,18.923747238182756,40.21273754595476,40.86351521586249,77.80371506681124,22.19628493318877,79.80889311287866,34.17444802555293,3.765741612405111,2.2725479079967186,2.0051780460674378,20.191106887121336,2.10665809563271,221.3867108353662,18.533359336167003,0.9477349781287232,1.1830477863723894,126.64579149230839,52.717835256370705,22.019520106580618
1696.375,水层,19.031110768682368,39.99388563256234,40.97500359875529,76.23054724346335,23.76945275653666,78.23766411956929,33.988458615332476,3.7452471171901434,2.260179900039721,2.0071168761059424,21.762335880430715,1.944939800969429,234.11085613699493,18.622808146513606,0.9586254651411745,1.1946175780598738,139.19974197127905,50.92573095351434,21.95624828765983
1696.5,水层,19.576371242692833,38.45525247137721,41.968376285929956,76.61773675611883,23.382263243881162,78.62541861150576,32.680864499482404,3.601161057028737,2.173226914866064,2.0076818553869273,21.374581388494242,2.0997876086825515,222.17527309755457,18.91848932366794,0.9678031777654477,1.2048784674576287,124.90785136518879,52.381245233204496,22.031662331471257
1696.625,水层,20.02587848662808,37.2977620096471,42.67635950372482,75.12518552727452,24.874814472725472,77.1899806268319,31.69718121805289,3.4927672926719127,2.107813498922299,2.0647950995573745,22.8100193731681,2.0778107921186986,211.05762547705112,19.32320956704163,0.9548709348925706,1.1943739671480649,133.94717830591378,51.88225557898831,21.968894505795433
1696.75,水层,20.62003984168054,36.3144189708184,43.06554118750106,74.91652440884347,25.083475591156535,76.93307834402776,30.861495621335255,3.4006816495009056,2.0522416999822406,2.0165539351843003,23.066921655972237,2.0376436598202803,221.32092791682643,19.73015240129639,0.9436854800670296,1.184466613608604,133.2020511155548,52.21868653265665,22.01083160939589
1696.875,水层,20.462110873193822,36.215493109193325,43.322396017612846,73.3072095288816,26.6927904711184,75.36268816330275,30.777424331420573,3.391417688467692,2.0466510893050613,2.055478634421149,24.63731183669725,1.8952324781372414,214.4027990740413,19.976510217721316,0.954324728507635,1.1974763219188203,120.48940231895563,52.39846890072786,21.977232973890544
1697.0,水层,20.303353937468273,37.2256297485254,42.471016314006334,72.3407912140169,27.65920878598309,74.3868321534314,31.635880238335893,3.486012431553779,2.103737078635722,2.0460409394144823,25.613167846568608,2.351393700433415,203.67354570868778,20.110078084260273,0.9756599686720415,1.2221940895378145,120.20118527072997,53.05567948015589,21.884615604064596
1697.125,水层,20.428865545465158,37.535845826474585,42.03528862806026,70.59884722432611,29.40115277567389,72.68124954031408,31.899514695464067,3.515062768955836,2.1212683620546833,2.0824023159879794,27.318750459685916,1.9645650027146837,230.31913900059698,20.270378746961413,0.9910518891420708,1.2381474826760255,121.81645506591856,51.79125106149367,21.88413136673757
1697.25,水层,20.75007242943032,36.03904430270514,43.21088326786454,71.15837306860013,28.841626931399865,73.29696688182139,30.627470835725077,3.3748940530824507,2.036679413897612,2.1385938132212576,26.70303311817861,2.136158356523686,251.38608912916303,20.391526804541634,0.9888958872184715,1.2375524562979432,138.93142565616583,53.18987662754722,22.07188629257951
1697.375,水层,21.16715965563012,35.15436380791521,43.67847653645467,72.1323248868779,27.867675113122104,74.25320584487717,29.875632750743463,3.292047712439603,1.986683344732145,2.1208809579992756,25.74679415512283,2.271998567114863,228.2863664777071,20.678712802995875,0.9791261511679978,1.2256242303838352,135.07617551722694,52.76052326999239,22.10652671797829
1697.5,水层,20.745531855156482,34.47044798919007,44.784020155653444,71.12538966356936,28.87461033643064,73.21730105073526,29.294412793406167,3.22800207876415,1.9480331170197567,2.091911387165896,26.782698949264738,2.258686055483297,211.8572105653694,20.83069444767812,0.9558656145035106,1.2011202238518977,121.96215458494346,52.60556112365383,21.901927102048113
1697.625,水层,21.184891023469866,35.01223051762932,43.80287845890082,72.19351644047723,27.806483559522775,74.33215725426918,29.75484200039912,3.2787375704696373,1.9786509467605622,2.1386408137919592,25.667842745730816,2.148885440913543,222.7539473169949,20.88000230233865,0.9370769364779472,1.1788568885175723,121.14846176085108,54.27367301462057,21.859839028052694
1697.75,水层,20.624463361101125,34.506593509618355,44.86894312928052,73.69377318445017,26.306226815549838,75.8225796312949,29.325130752058477,3.2313869438264518,1.9500758137334275,2.128806446844748,24.177420368705093,2.080722999035993,228.23930803838087,20.968729817943586,0.932999153280665,1.1692007524741368,137.31370352827528,54.298407943970766,22.184248294599687
1697.875,水层,20.238271584167027,34.241964660023235,45.51976375580974,72.69353367546036,27.306466324539635,74.80390199067365,29.100238207595037,3.2066056448754807,1.9351208075527162,2.110368315213281,25.196098009326352,2.1224231606867283,240.14595304721837,20.978064992361386,0.9270052649811222,1.1582879184914718,133.99029645169773,53.063947615855575,22.121014144019977
1698.0,水层,19.82529310671392,34.045044569112,46.12966232417408,72.61225835283518,27.38774164716481,74.68828191550091,28.93288736747025,3.188164965978263,1.9239922356634853,2.076023562665714,25.31171808449909,2.139148372296851,218.41570841103314,21.079855587564275,0.9214785716020873,1.14533900925406,132.3262781020626,52.89795119638845,21.963983599749923
1698.125,水层,19.8366128294357,33.93323772552793,46.230149445036375,73.20884665636733,26.79115334363268,75.28228714749245,28.837869286181995,3.177694759045571,1.9176736803003664,2.0734404911251336,24.717712852507546,2.141543874955498,225.38182325533114,21.10689568799739,0.9203904493390822,1.1384675192841478,145.0776138877322,54.81275622784613,22.187099729883748
1698.25,水层,19.346319337399358,34.293067281940665,46.36061338065997,74.64855442940427,25.351445570595732,76.7254461987654,29.143667329889706,3.211391175073159,1.9380087769778003,2.076891769361125,23.27455380123461,2.1238459108814984,241.02668409652253,21.032781158784132,0.9143057677293053,1.1274047078888747,133.83579606946907,57.47600917066981,22.05995916691991
1698.375,水层,19.06337459837061,34.4799178328444,46.45670756878499,75.23457090495141,24.765429095048585,77.27650873631559,29.302460658324712,3.2288888869370904,1.9485682875825936,2.0419378313641716,22.723491263684416,1.9816345743971648,227.78282083300294,20.888302287592126,0.90272244914293,1.1146313205627325,152.79993165481628,54.99126471035567,21.943044049225474
1698.5,水层,19.513410915843853,34.417340632920784,46.06924845123536,76.0074436601836,23.992556339816407,78.00505917087747,29.249279964920532,3.223028814230753,1.9450318537694986,1.997615510693883,21.994940829122523,2.134949974774205,238.1014897319959,20.64049207359848,0.8896285830339352,1.1033377538979199,135.04551870150047,54.796597650204184,21.85622310407737
1698.625,水层,20.08237835393805,34.913255324133836,45.00436632192812,77.30390050652326,22.69609949347674,79.29608274814194,29.670728786220028,3.2694689897291225,1.9730575481846826,1.9921822416186779,20.703917251858062,2.1639277139118684,219.5284477274468,20.514205046881905,0.8682696264383551,1.0850257478575487,143.89254012723566,54.164394617736285,21.95790225199129
1698.75,水层,20.440720728323264,33.67056768338918,45.88871158828756,78.52899285165161,21.4710071483484,80.57047441936574,28.614641417333665,3.1530968935835713,1.9028293724719445,2.0414815677141265,19.429525580634266,2.0205500544342603,231.89985326271997,20.493813258708055,0.8479769785927955,1.069861228563588,116.58424944485984,54.44299075513015,21.963081168967655
1698.875,水层,20.85869384140386,33.10166186848407,46.039644290112065,77.43202835739845,22.56797164260155,79.48539950757512,28.13116171937251,3.0998214283586747,1.8706787207528872,2.0533711501766754,20.514600492424872,2.0028507640093918,247.01184104256043,20.46039597923957,0.8338481189545461,1.0591107573973486,131.66093582417835,53.42753972451163,22.05456261495028
1699.0,水层,20.739089117191146,33.57354656864956,45.68736431415929,77.7033536212962,22.296646378703798,79.74185351668436,28.532188860124368,3.144011303510541,1.897346405014655,2.0384998953881626,20.25814648331564,2.0583712900207427,232.44556114521183,20.632724193879543,0.8223650769670874,1.0495637183617812,133.6414459804724,54.49465492707063,22.086578068291136
1699.125,水层,21.305662767194974,32.73581056196548,45.95852667083955,76.84027869552857,23.159721304471436,78.87592798789078,27.82024614329634,3.06556110257669,1.850003316092448,2.035649292362207,21.12407201210923,2.324400234342524,228.13538750824696,22.32990179520425,0.7928004202898795,0.9633260996220417,143.18150009663188,55.948402594888606,21.88357868291743
1699.25,非储层,0.13855060309730938,26.389507894761344,73.47194150214135,91.62134398688931,8.378656013110685,92.26927301783839,22.090584650077062,3.6866168361951406,0.6123064084891425,0.6479290309490754,7.730726982161606,2.2847356487440367,207.43049597487416,24.039727297170135,0.7609902784923764,0.8737098543554813,155.93937479908328,58.040403170206275,21.968784294776906
1699.375,非储层,0.13997926353158163,25.400330371299297,74.45969036516912,91.35615212719429,8.64384787280571,92.00512966011783,21.262546859333348,3.548428639335853,0.5893548726300948,0.6489775329235471,7.994870339882166,2.183216964185776,205.99282152439127,26.00278857525822,0.720612484682254,0.7754407672690169,166.57077395966562,60.70698996684065,21.945909231487963
1699.5,非储层,0.139544039270015,23.19192651037737,76.66852945035262,92.66551606902684,7.3344839309731675,93.31767430733277,19.413898046865828,3.2399144037820586,0.5381140597294845,0.6521582383059358,6.682325692667234,2.4882253281096074,194.4607212070453,27.818194490494825,0.6853482697507138,0.6809337082685187,174.167905644838,62.8498704062673,22.038738950322138
1699.625,非储层,0.13851942225727143,23.80873723175817,76.05274334598457,91.64721082528618,8.352789174713827,92.280061707558,19.930228609302823,3.3260829219392134,0.5524257005161348,0.6328508822718338,7.719938292441997,2.344115559940106,180.94860395084123,27.849404255868553,0.6838512652264844,0.6794676343174407,164.99915846219324,62.27657717028246,21.90813071243057
1699.75,非储层,0.1344617436363905,26.054709788260443,73.81082846810317,92.01347599783779,7.986524002162209,92.65175647179797,21.810326073758105,3.639845507943222,0.6045382065591174,0.6382804739601703,7.348243528202037,2.4066914614854737,176.43587926085237,27.819633465484408,0.6792115317571544,0.6749135879700736,171.31286024362922,63.01389604681299,22.063083418831283
1699.875,非储层,0.1342916835952781,25.720029127780663,74.14567918862406,94.48986478165882,5.510135218341173,95.12702230586571,21.530165811181178,3.593090586911951,0.5967727296875364,0.637157524206872,4.8729776941342955,2.2706053776548187,197.72448248064745,27.49710189103231,0.6812329469354446,0.6769862985029019,154.82347899842327,63.21102372881958,22.9275383587164
1700.0,非储层,0.1326097736774441,26.677107226037222,73.19028300028533,96.16150886491272,3.838491135087274,96.79756180558837,22.33133326116111,3.7267944909277846,0.6189794739483279,0.6360529406756468,3.2024381944116276,2.4985964485025662,196.8831116173829,27.375180617950207,0.6810390848590365,0.6768193822437706,156.01203851878412,62.11002480480318,22.79832440348074
1700.125,非储层,0.12909132022825234,25.13083009074445,74.7400785890273,93.49877041429572,6.501229585704282,94.12832354081962,21.036948913946947,3.5107794237606718,0.5831017530368292,0.6295531265239029,5.8716764591803745,2.3472186303154317,191.14075874922594,27.554416505463273,0.6761791268612143,0.672022896799719,164.6904304250512,61.830447806935055,22.700537824160644
1700.25,非储层,0.12808096717443676,24.121992704451056,75.7499263283745,92.25031553050532,7.749684469494678,92.8707144129559,20.192453905970666,3.3698447421393203,0.5596940563410715,0.620398882450584,7.129285587044098,2.2926757972055305,202.73934286987702,27.868312653923,0.6764557944788552,0.6722430182320753,167.68618918694827,62.38193463266534,22.85249976625034
1700.375,非储层,0.12934351960407742,22.340790254400922,77.52986622599501,89.8951276833915,10.104872316608503,90.53300043676673,18.701414222370946,3.1210105855035155,0.51836544652646,0.6378727533752321,9.46699956323327,2.437094837938964,202.63482509188802,28.137186448505915,0.6833694637884694,0.679018850396006,161.57735769474934,62.624605884556715,22.03875927045239
1700.5,非储层,0.1268524298634002,23.792092082261384,76.08105548787522,88.32071934174098,11.679280658259017,88.95733493199874,19.916295000330717,3.3237575929251006,0.5520394890055673,0.6366155902577554,11.042665068001256,2.3362704332920567,199.88307568648034,28.13287235750811,0.6889791772518612,0.6845370997626259,158.86863887577806,62.558477141952906,22.047903243052403
1700.625,非储层,0.1230858649974008,25.18912615021677,74.68778798478584,90.34200462225137,9.657995377748641,90.98193352458253,21.08574838537608,3.518923388975618,0.5844543758650727,0.6399289023311725,9.018066475417463,2.292101728929631,180.37580185332348,27.98295452367833,0.6973565331566454,0.6928186914033696,159.87506551953786,62.43631168671811,21.872224256432325
1700.75,非储层,0.12244632901840606,25.752807333167816,74.12474633781378,89.64159253311266,10.358407466887343,90.26825880308655,21.55760435697256,3.59766970541323,0.597533270782026,0.6266662699738985,9.731741196913447,2.4350831089260248,198.25875562920345,27.639565339389776,0.7102430254855749,0.7055774013917941,152.13110120297222,62.68550656773432,22.049481417285996
1700.875,非储层,0.1204637313269208,26.064948833090096,73.81458743558298,87.57975540144058,12.420244598559426,88.22347100550802,21.81889715009069,3.6412759035082356,0.6047757794911692,0.6437156040674462,11.776528994491986,2.288927164801694,194.62250429373387,27.60423498589359,0.7100504528718675,0.7053507767083476,160.13824007245967,62.613260216122136,22.117338353387918
1701.0,非储层,0.11761306206541718,24.18016587137147,75.70222106656311,88.90288606670163,11.097113933298374,89.56283386546288,20.241150504381793,3.377971539252736,0.5610438277369428,0.6599477987612526,10.437166134537124,2.139100667440118,193.66459903192492,27.593491431054233,0.711516082815883,0.7067508206311734,163.81399614228528,62.90495635339919,21.979497787128032
1701.125,非储层,0.11910722131670426,25.309790528094677,74.57110225058862,89.68504701448555,10.314952985514447,90.35124200424724,21.186756205013744,3.5357802143771258,0.5872541087038087,0.6661949897616847,9.648757995752765,2.3117688252864115,184.9416098250457,27.75675003801019,0.7072601906138255,0.7024323678587072,169.71227095524347,62.793536865427214,23.392815157975683
1701.25,非储层,0.12049930823871827,23.989190247038252,75.89031044472303,89.71072884717601,10.289271152823986,90.38874140100718,20.081285333259302,3.351292225838578,0.55661268794037,0.6780125538311659,9.611258598992823,2.317340783749847,188.4160034839557,29.019979858791643,0.6400136801934466,0.6345526300172738,166.42563843574,63.31541344713154,23.32960417816109
1701.375,非储层,0.9871033717032534,11.641860973044437,87.3710356552523,92.1842094434167,7.815790556583302,93.96070098632795,10.906667869440636,0.7235512426307574,0.01164186097304511,1.7764915429112527,6.03929901367205,2.656684908298709,198.3495008132172,29.994911373209717,0.5795904396599827,0.5735320870013607,186.69164678005126,64.60203903178447,23.26826526463016
1701.5,非储层,0.9804749955583348,12.856311590620972,86.1632134138207,93.66956502072624,6.3304349792737575,95.3988054141266,12.044424930825686,0.7990303482046666,0.012856311590620471,1.7292403934003528,4.601194585873403,2.631619426931891,210.61161404618576,31.204382513250764,0.5172575480193955,0.5106787349799401,199.54650053506091,64.82794919225886,23.22707384297898
1701.625,非储层,0.9743277246651407,11.475200660304385,87.55047161503047,92.70590480426036,7.294095195739647,94.38414943510864,10.75053229263882,0.7131931670052623,0.011475200660304285,1.678244630848293,5.615850564891356,2.522318434945254,221.32528356597984,32.12272376634081,0.4605753857526383,0.453389481988117,206.43234890934022,65.48096239651187,21.930616264569046
1701.75,非储层,0.975161143587055,13.302901810966405,85.72193704544654,92.66356903598741,7.336430964012585,94.35507655027013,12.462812611139496,0.8267862980159432,0.013302901810966807,1.6915075142827172,5.644923449729866,2.6056824262038916,226.91300446294912,31.949049441356095,0.4607563081923658,0.4536374840508141,207.05388980351313,65.64421725806196,22.089376448497262
1701.875,非储层,0.9687916463875228,13.505071866520657,85.52613648709182,94.09974047453504,5.900259525464957,95.82385536952044,12.652215461266469,0.8393513333876681,0.013505071866519447,1.7241148949853982,4.176144630479561,2.584496793654453,228.39295861146422,31.803245254058872,0.46550036825293134,0.45823711985923904,203.0056591026004,65.41961449827929,22.015583602244156
1702.0,非储层,0.967345625063879,14.476772676629313,84.5558816983068,91.67673646765553,8.323263532344471,93.39795263865443,13.562552565348037,0.8997433386046462,0.014476772676628655,1.721216170998891,6.6020473613455755,2.6592563971791754,236.90447843491518,31.639781406108114,0.46714342258379526,0.45981552099792006,201.94094753896124,65.06409468774908,21.955110860880612
1702.125,非储层,0.9842037772764,13.223452914416011,85.79234330830758,93.30255994016552,6.697440059834481,95.00574598124216,12.388380977805697,0.8218484836958975,0.013223452914416615,1.7031860410766333,4.994254018757848,2.6005160206469844,218.04251270914264,31.622976520064263,0.4664901377878714,0.4591360880672072,202.8627140977722,66.04115134221104,22.07627799873546
1702.25,非储层,0.9809179042614798,13.46701976592437,85.55206232981415,93.37828362006945,6.621716379930542,95.11534855406022,12.61656638214594,0.8369863640125054,0.013467019765924133,1.7370649339907611,4.884651445939781,2.528700490312484,221.84566397113903,31.77737660195104,0.46309862952347347,0.4558727714500564,214.09833392718298,65.71646094161252,22.008497262403917
1702.375,非储层,0.9761161105749915,11.814018862197006,87.209865027228,95.05172936982186,4.948270630178142,96.75524590859727,11.067953846179114,0.7342509971556953,0.011814018862197143,1.7035165387754125,3.244754091402724,2.6255378564873806,236.2479944054154,32.085043703574115,0.45503590086773515,0.4481166126142451,214.5783353950602,66.85962113018485,21.825799948601173
1702.5,非储层,1.003432732188781,11.073062841325454,87.92350442648576,94.47458334795729,5.525416652042702,96.16152528652991,10.373789807953617,0.6881999705305119,0.011073062841325618,1.6869419385726145,3.838474713470086,2.7881742919602646,225.411528446752,32.36994234338659,0.4491236182146403,0.44241085585073703,205.51976594506988,64.66365101062634,22.137415613461982
1702.625,非储层,1.0284917004030865,10.078387342094686,88.89312095750222,94.79183644725492,5.2081635527450825,96.49777500414923,9.441928885279923,0.6263800694726671,0.010078387342094767,1.7059385568943133,3.5022249958507667,2.511485798432844,231.60237226130556,32.58166921253674,0.44755531940319176,0.44093653888009304,214.05952241651073,66.76357185549942,22.02895356966044
1702.75,非储层,1.0429313547443215,11.145525198265549,87.81154344699013,92.11146032314969,7.888539676850314,93.82514241211646,10.441676107404572,0.6927035656627125,0.011145525198265425,1.7136820889667757,6.174857587883542,2.6635356225999405,225.13609609193273,32.608378554662806,0.4499905918430429,0.4433299580727333,201.4718646044311,66.68469697419151,22.674802804418977
1702.875,非储层,1.0353764800206102,11.512157657581422,87.45246586239797,92.69171705047614,7.308282949523859,94.38323671286172,10.785155425116157,0.7154900748076847,0.011512157657582022,1.6915196623855753,5.616763287138282,2.6940963894291357,241.07080926931874,32.62205531981234,0.45444405794905374,0.447626779992834,213.26465875757174,66.74749929723906,22.631260348314097
1703.0,非储层,1.0563733690221426,10.943978218800442,87.99964841217741,90.68575671243664,9.314243287563361,92.39644040887826,10.252856985598822,0.6801772549828214,0.010943978218800558,1.7106836964416303,7.6035595911217335,2.6749536789450223,209.91211073625732,32.56447508147619,0.46259476446933834,0.4554747937048911,205.6985869537111,65.06116203063497,22.3923141343158
1703.125,非储层,1.0309495498808492,10.799854586224722,88.16919586389443,88.93069199569781,11.069308004302192,90.64751375659608,10.117834879057582,0.6712198525809139,0.010799854586225188,1.7168217608982688,9.352486243403924,2.4774306100213326,226.21092553774673,32.42410961002508,0.4719701380131597,0.4645836938611162,209.4331889003769,65.67036321719436,22.348374266182248
1703.25,非储层,1.0519817569999115,12.751272687796467,86.19674555520362,86.70737674361934,13.292623256380665,88.37659169820446,11.946019321178747,0.7925020939299233,0.012751272687796383,1.6692149545851267,11.623408301795536,2.5245153132609546,219.2020744710458,32.223743341477665,0.4809620397031964,0.47329400372456354,202.11779403672082,66.10769670647004,21.891851431266492
1703.375,非储层,1.0596055079840496,13.73732825770293,85.20306623431301,88.18146402826486,11.818535971735145,89.86772737518302,12.869804670160576,0.8537862592846507,0.013737328257703608,1.6862633469181703,10.132272624816974,2.6499340251087973,224.99033799483615,31.980708455791255,0.4853749885946791,0.4776545536284235,204.32883466044757,66.445173690295,22.036191367696944
1703.5,非储层,1.0593842498654562,13.58007491294555,85.36054083718899,90.11865686291482,9.881343137085185,91.76473297077838,12.722482003569851,0.8440128344627521,0.013580074912946348,1.6460761078635693,8.235267029221616,2.6503024436575684,225.3441364940692,31.896541451593503,0.48388733228220626,0.4763492323811516,200.67971429545025,63.87664926561838,22.199459138734817
1703.625,非储层,1.036425155415147,11.670798248154735,87.29277659643012,91.01345906923221,8.986540930767784,92.63337531024061,10.933777731807606,0.7253497180989736,0.011670798248154639,1.6199162410083943,7.366624689759393,2.5073639339412894,224.08206276735243,31.762576163756464,0.4829437183702686,0.4755621751238774,201.74941650563855,66.28702117122039,22.042672658481262
1703.75,非储层,1.0497800854716295,14.164391478873629,84.78582843565474,88.88081198357219,11.119188016427817,90.47161324491178,13.269898497371452,0.8803285900233028,0.014164391478873467,1.5908012613395976,9.528386755088214,2.6332523004646506,223.9859306833364,31.57761334078651,0.48625901032190144,0.47890812303077135,207.61396542929933,65.59706937215763,21.824717039602497
1703.875,非储层,1.0384151287398458,15.759058132933779,83.20252673832638,87.9774532991168,12.022546700883197,89.56964176287313,14.763860639556178,0.9794384352446653,0.01575905813293501,1.5921884637563326,10.43035823712687,2.578246661818836,222.00674706899733,31.37909742041163,0.4921403424916385,0.48463272779758887,196.35169639386424,65.9138889486289,21.825175259706683
1704.0,非储层,1.0259946717505564,15.787430202231223,83.18657512601823,88.19852658206752,11.801473417932485,89.81936316524157,14.790440989322637,0.9812017827063557,0.015787430202230356,1.6208365831740572,10.180636834758428,2.478672071379405,215.47348351693574,30.881290840505145,0.5007497227441052,0.49303392295810017,210.39973403092387,64.47199040403244,22.111572400728665
1704.125,非储层,1.0229764378110675,17.07422849214891,81.90279507004003,90.42646525175078,9.573534748249212,92.03025963546267,15.995976907986526,1.061177355670237,0.017074228492150283,1.6037943837118793,7.969740364537337,2.2054294289191305,220.88935455540377,30.639296255092184,0.5051921709254091,0.4973689812259541,197.08171309873003,65.1521792417439,21.99817287337793
1704.25,非储层,1.03043904860068,16.80193355238678,82.16762739901253,88.55799502548048,11.442004974519527,90.14048744018692,15.740877617813656,1.0442540010207413,0.016801933552385538,1.582492414706452,9.859512559813076,2.360729046307734,205.25648106750933,30.412944449282875,0.5079463579649369,0.5001390764070998,193.06756950144847,64.15325616060164,22.074805455231793
1704.375,非储层,1.0450234772057558,18.18834343529263,80.76663308750162,88.73541422315719,11.264585776842805,90.28384964186647,17.039734575371863,1.1304205164854728,0.018188343435293283,1.5484354187092744,9.716150358133536,2.554561129584065,207.97483648740246,30.278698211204034,0.5076627747598321,0.5000620997425328,209.39013333464763,64.09771055197305,22.11310955074847
1704.5,非储层,1.067184512909941,17.17631218920419,81.75650329788586,89.9612513309542,10.038748669045805,91.46888806568303,16.091613935541183,1.0675219414738049,0.017176312189202958,1.5076367347288335,8.531111934316971,2.44545355027766,211.13666445270422,30.451171516840454,0.5044994702295305,0.49711189794316074,207.61903231830527,63.71065468077611,22.351712890225304
1704.625,非储层,1.0911309066503057,15.149991638804494,83.7588774545452,90.65316228774901,9.346837712250988,92.1750019012008,14.193257195892519,0.9415844512731699,0.015149991638804643,1.52183961345179,7.824998098799196,2.491393833601695,211.42466352631305,30.466588693875224,0.5044003864982003,0.4971070678843257,208.06031240007118,63.97585623423808,22.0004624920633
1704.75,非储层,1.0935033511973258,16.587811132939567,82.31868551586311,88.42769935627601,11.572300643723988,89.96243941830953,15.540277205412309,1.0309461163943177,0.016587811132940528,1.534740062033508,10.037560581690474,2.5064957015018297,235.11539225218775,30.819018147951944,0.5012426969415491,0.4940042667555862,191.42082423119885,66.50455670378697,22.001058017171793
1704.875,非储层,1.0633761313961396,14.397778132785211,84.53884573581864,86.81654399967013,13.183456000329862,88.36022611972253,13.488546591973122,0.8948337626793029,0.014397778132785831,1.5436821200523934,11.63977388027747,2.5225395732549374,209.98112951056703,31.22021359030231,0.5016896384423908,0.49428208236602367,202.5816029983823,65.61215010030577,22.089929447165318
1705.0,非储层,1.0752028958860183,12.919037834404278,86.0057592697097,85.08887400314337,14.911125996856622,86.66403652252225,12.103189960680115,0.8029288358897589,0.012919037834403617,1.575162519378875,13.335963477477753,2.5674211694541778,218.1454688274055,31.366910111643662,0.5043793254658321,0.4967152830027913,197.8229293603497,64.63134019687556,22.15451250294448
1705.125,非储层,1.0473206740777625,13.66224580257609,85.29043352334614,87.06346233317568,12.936537666824321,88.6776080243972,12.79946373388014,0.8491198228933744,0.013662245802575392,1.6141456912215295,11.322391975602796,2.706325630262556,233.3911996679219,31.7294502538182,0.49903055089034326,0.49135649898176026,205.61513535677193,65.91794462615509,22.022506126234198
1705.25,非储层,1.0362256972086918,12.719157040308303,86.244617262483,88.0694423978321,11.930557602167891,89.68540290620408,11.915931803265893,0.7905060800021025,0.012719157040308633,1.615960508371974,10.314597093795918,2.4537800971345076,227.9434938626051,32.09985813318979,0.4923184502243414,0.484791015731591,212.70508196840098,66.09373803307165,22.086085849783547
1705.375,非储层,1.046245382809758,10.394824544604809,88.55893007258543,87.46072390225041,12.539276097749596,89.03353387869664,9.73838281797195,0.6460469020882541,0.010394824544604584,1.5728099764462464,10.966466121303354,2.6890734106492906,239.88405002316694,32.453295068529506,0.48297174447624713,0.4757225196563337,198.4494343403688,67.36463648159511,23.132561926707204
1705.5,非储层,1.0196330841534622,9.091970373570756,89.88839654227579,87.8742191182401,12.125780881759896,89.4485210594684,8.517804960300811,0.5650734428963742,0.00909197037357052,1.5743019412282941,10.5514789405316,2.6375209088824807,240.49935410041616,32.92413932216909,0.47620029704746125,0.4691887065051784,200.62400015051773,66.4018485119549,23.081618680136668
1705.625,非储层,1.0466709803196905,8.578529733450168,90.37479928623014,86.74023083804087,13.259769161959134,88.33623225936414,8.036788519249479,0.5331626844672402,0.008578529733450045,1.5960014213232687,11.663767740635866,2.7022101182958393,232.5714996367357,33.50634059368482,0.46646925285158997,0.45985352767500876,214.64653330638853,66.68883337280099,23.085466613073702
1705.75,非储层,1.0236310039485939,6.420480860886357,92.55588813516505,88.95722636941427,11.042773630585733,90.53899011463662,6.015022209415323,0.3990381706101471,0.006420480860886476,1.5817637452223525,9.461009885363381,2.7612678556801775,247.21737483329503,33.986002728320074,0.4567815091144355,0.45056842825864224,213.81041263080502,67.06020354367699,23.234020401966124
1705.875,非储层,1.0463190742450226,5.171489120306283,93.78219180544869,89.59277098759877,10.407229012401231,91.18527825257276,4.844905325377404,0.32141230580857333,0.005171489120306058,1.5925072649739862,8.814721747427246,2.886310736502997,236.41904341328654,34.15047508551501,0.44890276422824743,0.4430443122823641,201.4653873592466,66.8090635899154,21.92961022174054
1706.0,非储层,1.065943991298678,7.1999806333253975,91.73407537537592,92.22050443310714,7.779495566892858,93.76530876831467,6.745295929569011,0.4474847231230627,0.007199980633324811,1.5448043352075287,6.23469123168533,2.8923235875531343,211.49133709673384,34.05654818852234,0.44333375200781616,0.43769857522423056,203.01884406576772,67.93139218792425,21.98723850044599
1706.125,非储层,1.0894383881760707,9.464092090005604,89.44646952181833,92.04188526349138,7.958114736508614,93.63037190364868,8.866426884025753,0.5882011138898471,0.0094640920900055,1.5884866401572983,6.36962809635132,2.6644045401842167,227.6860743199258,33.93482508150206,0.44063746288991007,0.43513472444456214,192.8964518432197,68.171907356956,21.960802158923556
1706.25,非储层,1.068000945007734,7.637894999168737,91.29410405582354,92.47730123160521,7.522698768394786,94.0269271614282,7.155555642734182,0.4747014614353867,0.007637894999168449,1.5496259298229926,5.973072838571792,2.762718382448575,229.74596645657184,33.601943195739665,0.44106313071843395,0.43552230422960664,192.70372828349713,67.70392763411292,21.988322680435544
1706.375,非储层,1.0433685070799088,8.713387928821081,90.243243564099,93.03944414575011,6.9605558542498835,94.5691934997762,8.163130308572363,0.5415442323198985,0.00871338792882044,1.5297493540260907,5.430806500223795,2.8097262106293037,224.70964628630534,33.464411570616846,0.4403919762855939,0.43481382722397144,200.54326190107986,67.96877301117095,22.04167776566641
1706.5,非储层,1.037217023451686,8.673318067288028,90.28946490926029,94.40982367310735,5.5901763268926485,95.96828434109733,8.12559089177917,0.5390538574415681,0.00867331806728858,1.5584606679899775,4.031715658902668,2.830767294194664,230.28692763168527,33.53912567051021,0.435311391875676,0.42988858558236037,206.87757397644208,65.92123746619319,21.870186194540636
1706.625,非储层,1.035155137265549,8.643188747272767,90.32165611546168,95.5130550127144,4.486944987285602,97.08546313015827,8.097364263124234,0.5371812954012606,0.008643188747272084,1.5724081174438687,2.914536869841733,2.584470224064141,223.0187197893982,33.433644066392475,0.4323640532316468,0.42693509786849726,193.2070831903796,66.7686339678767,22.05940240048904
1706.75,非储层,1.048545218215104,8.726992184442306,90.2244625973426,96.28042547691386,3.7195745230861443,97.8965046300562,8.17587544425258,0.5423897480052854,0.00872699218444229,1.616079153142345,2.1034953699437975,2.6261778695026696,239.7873713300086,33.54625636382353,0.4266718103534233,0.42138652527218085,204.62652863937575,67.19543130919489,22.120545522278334
1706.875,非储层,1.0609621698765208,7.414488463565217,91.52454936655826,96.6747749975367,3.3252250024632946,98.26893483955351,6.946257413754149,0.4608165613475026,0.00741448846356468,1.5941598420168088,1.7310651604464877,2.6965367177308632,231.9869006843909,33.9109718500081,0.4211765835021529,0.41621018148592287,207.08103146094538,66.95835911253782,22.02584782602856
1707.0,非储层,1.0693448172046638,4.692348311254113,94.23830687154123,94.90125974911821,5.098740250881795,96.47233698560915,4.396022652828145,0.2916333101147136,0.004692348311254382,1.5710772364909462,3.527663014390847,2.861569141138359,233.60525762945463,34.51763092133812,0.41426873150196364,0.410075951709082,200.63344612429975,66.2425019941737,22.09519760464882
1707.125,非储层,1.050117569456954,2.095605811072232,96.85427661947081,94.1598689711749,5.840131028825102,95.68583776153008,1.9632665790766228,0.130243626184537,0.002095605811072254,1.5259687903551775,4.314162238469921,2.8496717482918483,250.8099927036314,35.328076972874044,0.40349171160812014,0.4019398401601068,205.51280823447513,68.79940208438319,21.957620894572493
1707.25,非储层,1.0520701666578016,0.009999999999998899,98.9379298333422,93.69779515850747,6.30220484149252,95.18855631200506,0.009368491768363092,0.0006215082316358082,9.999999999998973e-06,1.4907611534975764,4.811443687994943,2.9842723980796397,239.50323018025455,35.96796010695582,0.3939647211875001,0.3940711981941734,215.77974945618286,69.49127140534081,21.92867050748542
1707.375,非储层,1.0328356841720285,0.5290999886639169,98.43806432716406,96.42064983190312,3.579350168096873,97.93861230754793,0.49568688884394574,0.03288399983130734,0.0005290999886638898,1.5179624756448011,2.061387692452077,2.928428747067787,269.2149092107611,36.25010719325475,0.39099147983185617,0.39163010482782223,208.2262206807487,70.17065342611122,22.161518561477166
1707.5,非储层,1.0223431864466348,1.7028414190835228,97.27481539446984,93.87491233176655,6.1250876682334425,95.43315245991685,1.5953055817513468,0.1058329959130927,0.0017028414190833853,1.558240128150297,4.566847540083141,2.866329830170355,252.91212816937164,36.02844003490538,0.39575102445731264,0.3958188172655642,207.27628594739224,69.49649010220125,22.0563365784451
1707.625,非储层,1.0306096470362296,4.531325570066458,94.43806478289731,92.8574628641655,7.142537135834504,94.42736068085654,4.245168630294548,0.2816256142018435,0.004531325570066719,1.5698978166910345,5.572639319143469,2.6949052928646644,245.0491267470443,35.555706263244325,0.403397734597168,0.40104925408821546,204.60146866811678,68.31465729354896,21.868877248431897
1707.75,非储层,1.0190756527321214,5.124631041353201,93.85629330591468,95.10074218175362,4.899257818246383,96.67180833448995,4.801006372682072,0.31850003762977486,0.005124631041353474,1.571066152736331,3.3281916655100496,2.9096263882405724,253.34033296326754,34.964042603119566,0.41605061238750163,0.4119507205940878,200.7713844087871,67.60412515022065,23.251444406728492
1707.875,非储层,1.043711245969924,6.967922561561579,91.98836619246849,93.35230146847984,6.647698531520163,94.9367030860682,6.527892516058831,0.4330621229411865,0.006967922561561864,1.584401617588375,5.063296913931792,2.718075469678648,241.46603086591844,34.49207533956525,0.42274106463651057,0.4178228728172827,204.01323204175014,68.35765254574711,23.11187993319199
1708.0,非储层,1.053921797796846,6.775597731103533,92.17048047109962,93.88593411783374,6.114065882166264,95.50877489823581,6.347713156959007,0.42110897641342143,0.0067755977311041195,1.6228407804020744,4.491225101764185,2.8015975115810727,235.56470459232116,34.42285858627277,0.42338243222711014,0.4183881650632805,206.754507894055,67.43861312943669,23.23427744319244
1708.125,非储层,1.070874058502988,5.239652220172786,93.68947372132422,93.07087889142177,6.929121108578229,94.68483343392224,4.908763869377954,0.32564869857465834,0.005239652220173077,1.613954542500467,5.315166566077767,2.687151320362504,246.64897964379313,34.17056893759061,0.4284110076855678,0.42319923303856066,212.55812492635226,67.83157220912778,23.0561749912921
1708.25,非储层,1.074367601187001,7.8285793898449025,91.0970530089681,93.58949127018953,6.410508729810472,95.16956913753145,7.3341981571747015,0.48655265328035757,0.007828579389844263,1.5800778673419231,4.830430862468549,2.8176231427375984,231.52739834614385,34.06994788807484,0.4295918246192747,0.4243776609466655,197.29310708216244,66.99310093387626,21.907715304378524
1708.375,非储层,1.0876555943152155,8.015025681247634,90.89731872443714,93.47126576704122,6.528734232958778,95.03253739626601,7.508870211799551,0.4981404437668355,0.008015025681247512,1.5612716292247792,4.967462603733996,2.566275397832543,231.84383502783848,33.97979176467539,0.4313032746877472,0.42606351472462506,206.67290987435186,66.67705284192958,22.021942642661113
1708.5,非储层,1.0598813157970823,7.753322362522541,91.18679632168038,93.4578527577742,6.542147242225793,95.03692622606513,7.263693673076591,0.48187536708342815,0.007753322362522453,1.5790734682909222,4.963073773934868,2.6449575799691387,212.77645041626974,33.52735109873434,0.43510320016970006,0.42970120810597123,218.80441119992182,66.33181241632286,21.961791262822654
1708.625,非储层,1.0448910906310473,10.119056889170707,88.83605202019824,95.12910060956291,4.8708993904370885,96.6647569736985,9.480030116980405,0.6289077153011322,0.010119056889170645,1.5356563641355927,3.335243026301493,2.7102225706269416,226.65048508923087,33.327746660730796,0.4371768789640138,0.431670100932397,207.0866938958005,67.07534538999161,22.1282814297333
1708.75,非储层,1.025517415832834,10.019662814671715,88.95481976949546,94.19881870181172,5.801181298188284,95.76684156195007,9.386912860103607,0.6227302917534367,0.010019662814671638,1.5680228601383466,4.233158438049934,2.48783819892032,231.54637383619,33.190684672896126,0.44143461304909926,0.43577619025431524,205.85305730724104,67.34037043169192,21.961909339497105
1708.875,非储层,1.0268127051715015,9.584040681041694,89.3891466137868,91.57763418734254,8.422365812657462,93.10341320355452,8.9788006228006,0.5956560175600527,0.009584040681041156,1.5257790162119855,6.896586796445481,2.5121253841579394,223.8820250039344,32.9252681677587,0.44912955705647606,0.44319460039708886,198.03454383587467,66.54198969707765,22.003139716000327
1709.0,非储层,1.0273553782838178,10.70670140115264,88.26594322056354,90.27416754074993,9.725832459250071,91.83900860974984,10.030564394303115,0.6654303054483741,0.010706701401152693,1.5648410689999164,8.16099139025016,2.5776209832032704,210.84439679870025,32.69192357361833,0.4570926508578451,0.45088319679967526,196.76456309038815,66.06230123688961,22.129081614177974
1709.125,非储层,1.0471125007677815,12.705226009826697,86.24766148940553,91.37740163582264,8.62259836417737,92.93708270194763,11.902880528826717,0.7896402549901536,0.01270522600982666,1.5596810661250058,7.062917298052362,2.5345691436803226,219.0630488541905,32.368530009385346,0.46589570415717946,0.45944865644072386,187.00091253620337,66.78077704917119,22.200127970151218
1709.25,非储层,1.0413429727850916,13.559103934565996,85.39955309264892,90.92645427989706,9.073545720102949,92.47552175635383,12.702835359737513,0.8427094708939171,0.01355910393456665,1.5490674764567747,7.524478243646171,2.5958136045523337,221.49260525659454,32.157219444328234,0.4688520760633629,0.4623297663218854,196.21002428991156,65.6877863994207,21.94880366668152
1709.375,非储层,1.0356261125154824,11.859868106089177,87.10450578139533,91.64918183262326,8.350818167376739,93.16535502554508,11.110907672578065,0.7371005654050219,0.011859868106089792,1.516173192921824,6.834644974454918,2.678496126771867,215.21040937312193,32.098849159357016,0.46759322988775437,0.4611218308437483,195.83254643300384,66.18902831862641,22.027905429916785
1709.5,非储层,1.0067658647466144,11.327048703611842,87.66618543164154,91.9383821013567,8.061617898643302,93.48810970231251,10.611736253964706,0.7039854009435245,0.011327048703611581,1.5497276009558187,6.511890297687484,2.50242817281161,220.3503074928771,32.31678063841545,0.46201504324021664,0.45574124877521605,207.3883997640977,65.92019903494467,22.123776779428738
1709.625,非储层,1.028252426919009,10.33244937868486,88.63929819439613,93.31113331748355,6.688866682516448,94.83936667789233,9.67994669512481,0.642170234181364,0.010332449378685441,1.5282333604087839,5.160633322107666,2.4734294347590615,225.94631515223875,32.67501315821311,0.45052253003232584,0.4445851673810503,197.64624465888383,66.37327470304471,22.161038014917953
1709.75,非储层,1.047231516475396,9.590121714841239,89.36264676868336,96.09200653528478,3.9079934647152204,97.66152229164953,8.984497634310017,0.5960339588163799,0.00959012171484119,1.5695157563647473,2.3384777083504726,2.688324991336992,219.2785477426387,32.927709670116656,0.44082913243833566,0.43519946070335613,221.54024979032528,66.84545866866026,22.03361066473678
1709.875,非储层,1.0675145330975042,9.008115926806637,89.92436954009587,96.7924200550259,3.2075799449740927,98.32634235431321,8.439245990875774,0.5598618200040569,0.009008115926806108,1.5339222992873067,1.673657645686788,2.774122651342105,244.88772100621003,32.914432520908974,0.4377674364630863,0.4323031720608939,200.96515060338564,66.34716921139349,21.967417329268724
1710.0,非储层,1.0856075397543046,11.355553952427854,87.55883850781784,94.54075044562947,5.459249554370526,96.07039819193905,10.638441372853505,0.7057570256219226,0.011355553952427377,1.529647746309565,3.9296018080609563,2.758639901708711,230.39642033905594,32.922270318145465,0.43363712860279313,0.4283774354723676,198.06730107210296,66.72644311561832,21.9366805126187
1710.125,非储层,1.1088422869721966,10.113818078291448,88.77733963473635,96.69223674080284,3.3077632591971606,98.19561527749234,9.475122141320568,0.6285821188925877,0.010113818078291096,1.503378536689501,1.804384722507657,2.645626405155469,217.45706114020084,33.00412957863047,0.4347907702252385,0.4296051398442929,215.3328394082465,66.4806599025405,22.736860576220508
1710.25,非储层,1.1357084317662804,8.662549146775367,90.20174242145835,94.04377720282365,5.956222797176347,95.57361570830545,8.115502037461468,0.538384560167123,0.008662549146775701,1.5298385054817907,4.426384291694552,2.7489130402504798,225.21095478400895,32.84853343426796,0.44299569665208244,0.4376031797623266,200.35269584198156,67.66318037772825,23.84657049273671
1710.375,非储层,1.1410354835977663,10.720073300960731,88.1388912154415,91.63721505529082,8.362784944709178,93.15804667873935,10.043091847631063,0.6662613800287078,0.010720073300960527,1.5208316234485357,6.841953321260641,2.803647199665261,217.8767199113148,33.045422728192975,0.4453398926123762,0.4399565128979109,198.00197947563834,66.81893240766614,23.85375867552999
1710.5,非储层,1.1108984420373282,9.28339748321675,89.60570407474592,90.34703504958202,9.652964950417974,91.82478105796761,8.697143290396832,0.5769707953366989,0.009283397483216601,1.4777460083855796,8.17521894203239,2.7880671444240415,240.44669345178397,33.17756876377646,0.4538162289366332,0.448163061817116,211.37307704055098,66.92060611520955,23.78490634692275
1710.625,非储层,1.0814163365911102,8.864233356147999,90.05435030726089,88.26529675325278,11.734703246747213,89.76387349616218,8.304449722993121,0.5509193997987295,0.008864233356147434,1.4985767429094004,10.236126503837816,2.588173806398627,232.79808354749986,33.30712395147605,0.45604034130911325,0.4503010464018032,205.1542814229344,66.59247383474312,23.403346911803123
1710.75,非储层,1.1027803828532257,7.352547226229134,91.54467239091764,90.73555743927159,9.264442560728414,92.27887022282778,6.88822781654361,0.45696686245929385,0.007352547226229661,1.5433127835561893,7.721129777172219,2.776738484815776,231.19724457516014,33.770151111598366,0.45136579563553486,0.4458122729397349,203.75178786068153,67.36817929816083,21.937168295464733
1710.875,非储层,1.1215746716560175,5.758632002316622,93.11979332602735,90.13062376094581,9.869376239054183,91.69273106551253,5.394969651074147,0.3579037192401571,0.0057586320023169085,1.5621073045667144,8.307268934487466,2.640847971513235,226.56853456406535,34.03017582766989,0.44636696267540077,0.4409063128617325,198.65945002692965,68.35938619851343,22.2251230924558
1711.0,非储层,1.0886420920105304,6.469143510622755,92.44221439736671,91.44380884573442,8.55619115426558,93.0124503683896,6.060611772763546,0.40206259434858554,0.006469143510623096,1.5686415226551695,6.987549631610412,2.8144059440448994,234.00439740718417,34.133747045427064,0.4378694568683713,0.43269200187859636,203.78705893246075,69.51075275254402,22.012567773973004
1711.125,非储层,1.1197047329125174,7.607480109305986,91.2728151577815,93.89681366992494,6.1031863300750615,95.42657102884597,7.127061478202694,0.4728111509939869,0.00760748010930545,1.529757358921021,4.573428971154037,2.7386925571686325,239.4402001998617,34.09449265801015,0.4342535428357752,0.42919582707054316,208.3233219491926,67.70559344173085,21.89511191046239
1711.25,非储层,1.1525707698196137,7.66821427643094,91.17921495374944,94.15969493915726,5.840305060842743,95.72761023255488,7.183960232679551,0.47658582947495765,0.007668214276431579,1.5679152933976253,4.272389767445118,2.637303959255147,233.0454217179174,33.702477085288095,0.43733871397520047,0.43214371519672967,196.14004775011136,66.39019730052165,22.06863885264552
1711.375,非储层,1.1794413420928997,9.91062594336507,88.90993271454202,92.05991016474543,7.940089835254572,93.60688053967262,9.28476175697516,0.6159535604465466,0.009910625943364802,1.5469703749271961,6.393119460327378,2.644082366106634,248.1680879901894,33.422860753777044,0.4389463529633075,0.4336907683098603,217.7980545164905,67.70654556148617,22.061002459754032
1711.5,非储层,1.1535603018935228,9.401182168887878,89.44525752921861,93.274330319717,6.7256696802830085,94.84032801115984,8.807489776211765,0.584291210507224,0.009401182168888248,1.565997691442857,5.159671988840153,2.535533583187913,224.38774834350204,33.19784374627552,0.44082886548870637,0.43542889441552163,195.10343279778647,66.77121951395766,21.756409003015605
1711.625,非储层,1.166570563643577,9.977174225072705,88.85625521128372,94.89157710574467,5.108422894255327,96.49609093627204,9.347107459912833,0.6200895909347984,0.009977174225073073,1.6045138305273612,3.5039090637279613,2.6452951254870523,228.47641912915844,32.79694176198888,0.4458682454955518,0.44017817272260434,193.1584644105442,66.11662694118944,22.05167676981322
1711.75,非储层,1.1406833266268166,12.002269824056565,86.85704684931662,94.64387098468514,5.356129015314859,96.28551105096844,11.244316604835905,0.745950949396604,0.012002269824057128,1.6416400662833046,3.714488949031558,2.5988596179876313,223.8729442155764,32.6895595143345,0.44363038130503896,0.4378957360634805,199.98559879085832,66.54737114580742,22.03571169336218
1711.875,非储层,1.1295045688715912,11.053365593754416,87.817129837374,95.21121820958821,4.7887817904117895,96.83000443883718,10.355336457780746,0.6869757703799149,0.01105336559375494,1.6187862292489714,3.1699955611628194,2.6690989620374017,238.00115226984744,32.514202565309866,0.4470321919150321,0.44113693671536197,206.42517848677537,66.11202791952188,22.110366713625563
1712.0,非储层,1.1234691441373799,11.336632624533838,87.53989823132878,92.56130910056739,7.4386908994326095,94.14734972101564,10.620714942391343,0.7045810495179613,0.011336632624533213,1.5860406204482536,5.8526502789843615,2.7595179878890455,225.64883512905195,32.29512944973718,0.45147987758406316,0.44542403525004287,201.49590737016706,67.80046369598588,22.162313410794784
1712.125,非储层,1.0953179619735198,12.430387532541998,86.47429450548448,93.83948381881883,6.160516181181164,95.41995008102658,11.645398327619572,0.7725588173898825,0.01243038753254216,1.5804662622077519,4.580049918973417,2.4876234074432158,233.10607994059575,32.16593878274942,0.45672151423227003,0.4505846830658249,207.43987685473812,66.0067185226841,22.196742813259696
1712.25,非储层,1.0776376138521742,13.50564584910503,85.41671653704279,92.01460104348952,7.9853989565104815,93.55757868662965,12.652753196378155,0.8393870068777685,0.013505645849106428,1.5429776431401432,6.442421313370339,2.7126276746517246,209.99285044170935,31.82332673971012,0.4680612714919574,0.4616954640235216,186.11758444603666,65.40720983061239,22.043572049387343
1712.375,非储层,1.084412571977325,14.889658945930007,84.02592848209267,90.33454901008871,9.665450989911296,91.83802110971936,13.949364726869451,0.9254045601146269,0.014889658945928773,1.5034720996306594,8.16197889028063,2.5708371374859667,225.4561950604212,31.693092712380807,0.47008732554166816,0.46378399209025034,200.50158359052867,66.26824637537148,22.028620155417514
1712.5,非储层,1.068083906208554,12.796084191684919,86.13583190210653,92.51074454194998,7.489255458050026,93.96940353671225,11.988000941709446,0.795287165783789,0.012796084191684341,1.4586589947622768,6.030596463287752,2.6309709276259396,237.3904230169541,31.79253996058293,0.46837396411170973,0.46226421748231217,198.05693452473201,64.5190232740071,22.082523822344267
1712.625,非储层,1.0780899988783363,11.3687224279159,87.55318757320576,94.0805365908097,5.919463409190307,95.52850262596762,10.65077824827467,0.7065754572133142,0.011368722427916415,1.4479660351579267,4.471497374032385,2.71371043653698,232.39233627189984,31.88868291809611,0.46178358465217656,0.4560079113932628,204.45663424631937,65.44453743305469,22.082282809119974
1712.75,非储层,1.067319472945447,12.401634073026525,86.53104645402803,96.23775474765998,3.762245252340024,97.65635591402342,11.618460672741303,0.7707717662121949,0.012401634073026194,1.4186011663634426,2.3436440859765817,2.673762835933332,230.37896395458196,32.149586917778514,0.4479781253981977,0.44271269546505754,209.18282091533848,66.69000652593675,21.97328302936134
1712.875,非储层,1.0902576441080074,11.918084688869756,86.99165766702224,98.40062464440865,1.5993753555913481,99.80810997648283,11.16544783023428,0.7407187739466059,0.011918084688870238,1.4074853320741745,0.19189002351717166,2.592835357650631,242.64107382085882,32.359245542943604,0.4378718116598306,0.4329613856725447,195.05594001314333,67.09054463989135,22.062453480667994
1713.0,非储层,1.085141074574396,10.40476695486201,88.5100919705636,98.57760896990372,1.4223910300962816,99.99,9.747697356837179,0.6466648310699694,0.010404766954862088,1.4123910300962803,0.009999999999998899,2.749458688894555,227.08624109551204,32.56571793049746,0.42987063951379484,0.42529100929469554,187.79453430159472,64.83636890766878,22.129366200694953
1713.125,非储层,1.099997305191778,9.03434559167483,89.86565710313339,98.61109628749078,1.3889037125092152,99.99,8.463819230816236,0.5614920152669202,0.009034345591674587,1.3789037125092174,0.009999999999998899,2.6359603758395247,235.83636871421234,33.03085428994656,0.42089489007982567,0.4167039333087486,200.31588791877658,66.10466399300486,22.953026353710754
1713.25,非储层,1.1025838298633854,7.296908147349834,91.60050802278677,98.63571945236359,1.3642805476364095,99.99,6.8361023912956025,0.4535088479068816,0.007296908147350328,1.3542805476364086,0.009999999999998899,2.665631564937302,217.7206975501137,33.21155039671059,0.41820262534179675,0.41413428429664967,206.20137621873548,68.13348272478778,23.041109153490215
1713.375,非储层,1.0826029127587984,9.968719263267644,88.94867782397355,98.62656326670128,1.3734367332987163,99.99,9.33918643590558,0.6195641080987974,0.009968719263266958,1.3634367332987214,0.009999999999998899,2.761205716987627,243.85402148895798,33.40631798953832,0.4170272774627599,0.4130227519429457,211.45512354097698,67.1429084901034,22.937409354474465
1713.5,非储层,1.0742542335106338,8.33335903800524,90.59238672848413,97.28776577405604,2.712234225943966,98.68530286519909,7.8071005550374855,0.5179251239297487,0.00833335903800492,1.3975370911430522,1.3146971348009129,2.6603751089525955,226.9635490847036,33.2813832419542,0.41868595860257213,0.4146335118502161,206.37537768211735,67.62196233347431,22.99946715684801
1713.625,非储层,1.079724949011209,10.404712478279233,88.51556257270956,98.6336169549416,1.3663830450584058,99.99,9.747646320495447,0.6466614453055065,0.010404712478278687,1.3563830450584027,0.009999999999998899,2.54248374266285,223.0505810479113,32.7596881229734,0.4257198482712982,0.4214054554879386,205.95867900803418,65.50876562453386,22.175351660280775
1713.75,非储层,1.0712685278161087,12.967318934873672,85.96141253731022,98.63500839199526,1.3649916080047397,99.99,12.148422069911625,0.8059295460271756,0.012967318934873143,1.3549916080047435,0.009999999999998899,2.4236783335357526,226.91594132767617,32.3985333466133,0.43066893357395986,0.42624977994996754,216.2692227763751,65.79380046813303,22.06512742242246
1713.875,非储层,1.0994862229097424,13.856671124374076,85.04384265271618,98.6476518680008,1.3523481319991926,99.99,12.981610936562738,0.8612035166869647,0.01385667112437372,1.3423481319991886,0.009999999999998899,2.459029569636946,212.21782005190207,31.697468863577473,0.4411549545197894,0.43653236529002304,200.14781681625445,65.64782421039293,22.062416400390386
1714.0,非储层,1.115480814466603,15.884527526289528,82.99999165924386,96.74941954642523,3.2505804535747695,98.08526478028313,14.881406537439675,0.9872364613235609,0.01588452752629005,1.335845233857903,1.9147352197168677,2.622298989095513,234.568758709928,31.230781346801102,0.44765906211352297,0.44292836579061146,204.59368827746826,66.35636057215235,22.070678674087663
1714.125,非储层,1.1169349745021928,15.413784984901946,83.46928004059586,98.66763432353373,1.3323656764662628,99.99,14.44039177503884,0.9579794248782035,0.015413784984901271,1.3223656764662652,0.009999999999998899,2.502113043591698,222.36137278843265,30.978984452341777,0.45124682812632,0.44648030260190286,205.18506435837085,64.07378654612378,22.055563998241286
1714.25,非储层,1.1099175459905384,15.651849723309274,83.23823273070019,98.65791647968096,1.3420835203190373,99.99,14.663422529249523,0.9727753443364432,0.015651849723308416,1.3320835203190395,0.009999999999998899,2.7235326814502616,203.0087341959129,30.74150400932985,0.45470568141080914,0.44989547362314286,195.12627072418434,66.31491999334034,22.01101438123567
1714.375,非储层,1.1387890835002454,16.38579341362558,82.47541750287417,98.65760821923178,1.3423917807682262,99.99,15.351017071366634,1.018390548845323,0.01638579341362422,1.332391780768222,0.009999999999998899,2.564756166422696,215.2180804563903,30.676349675309115,0.45546268949925167,0.45064561731219194,199.67297733377404,65.77646032467044,22.19743974339914
1714.5,非储层,1.1279350979995975,16.573497477237442,82.29856742476296,96.9446006286215,3.0553993713784977,98.27968631615217,15.526867468850252,1.0300565109099504,0.016573497477238852,1.3350856875306572,1.7203136838478406,2.6591623566647486,206.46116029927558,30.39369776223717,0.4622430236366718,0.45724991912190405,199.30978400091612,64.12847207661258,21.996274640552148
1714.625,非储层,1.1500108550491228,18.475641316475134,80.37434782847575,96.65327356235346,3.346726437646541,98.01258194831664,17.308889358864537,1.14827631629412,0.018475641316475534,1.359308385963179,1.987418051683365,2.582113100521665,224.5010129535694,29.939328374949334,0.46988512857981596,0.464745452369313,192.56424463431162,64.16588183802635,22.044800708940443
1714.75,非储层,1.143833698006439,20.53841114002404,78.31775516196953,98.25617573518869,1.7438242648113111,99.60355241179806,19.24139357005932,1.2764791588246929,0.020538411140024436,1.3473766766093802,0.3964475882019314,2.3625585649676704,210.2136002224162,29.569453446279965,0.47577697646256645,0.4705174124840091,218.02002958564114,64.46255119963774,21.818852293760905
1714.875,非储层,1.1333352046569862,20.389746827835964,78.47691796750705,98.64891378032178,1.3510862196782214,99.99,19.10211753156097,1.2672395494471556,0.020389746827836376,1.341086219678219,0.009999999999998899,2.4737812359833304,201.6994165180285,29.09074331788886,0.48145289892531945,0.476134032400078,197.97453312505618,63.2926529580081,21.89578767333224
1715.0,非储层,1.1565685771126386,21.688377933159664,77.15505348972769,98.66361946788147,1.3363805321185196,99.99,20.318739013597643,1.347950541628863,0.021688377933158642,1.3263805321185251,0.009999999999998899,2.4494029458602466,213.81140064868947,28.92919724964215,0.4846646919301699,0.4792998222856001,207.79204468695906,63.02751547363093,22.075520108067526
1715.125,非储层,1.1303264284629977,20.248660975520703,78.6210125960163,96.24849653267368,3.7515034673263226,97.58726793836608,18.96994136695616,1.258470947589026,0.020248660975520465,1.3387714056924098,2.4127320616339154,2.5388386256800666,194.31291779211622,28.83771452904762,0.48802638081808253,0.4826011209782313,200.14418064737137,63.464603681361936,22.001881797408316
1715.25,非储层,1.1625299918495369,21.537341770763852,77.30012823738662,96.83257396821652,3.1674260317834713,98.17554693329441,20.177240909184594,1.3385635198084942,0.02153734177076389,1.3429729650778797,1.8244530667055892,2.545218615278052,208.32745769112708,28.55026624690431,0.494290005072352,0.48879139892635487,199.28521674268055,61.813909834669445,22.105490866668
1715.375,非储层,1.1965942948191215,23.45660443511791,75.34680127006297,97.62741676947121,2.372583230528791,98.95769988530864,21.975300556417555,1.4578472742652395,0.023456604435117927,1.3302831158374253,1.0423001146913635,2.3037378993572766,219.70663036494284,28.33742760983227,0.4988713479313496,0.4933535375284024,182.77531067097476,62.113442907431505,22.145816250844852
1715.5,非储层,1.2140087211260426,23.94735498314762,74.83863629572633,98.01457610374155,1.9854238962584536,99.31202802577995,22.435059803371203,1.4883478247932675,0.023947354983148116,1.2974519220384106,0.6879719742200474,2.4533439212337775,211.7940607588974,28.16800393587349,0.500796138145316,0.49533469255092843,195.52970414777482,62.69562982318568,22.14488673098304
1715.625,非储层,1.1794820085039377,22.020309735173306,76.80020825632276,97.00744973939238,2.992550260607618,98.30009921124358,20.62970904907995,1.368580376358184,0.0220203097351733,1.2926494718511887,1.6999007887564255,2.43144181878883,208.90229364698163,28.03532879160267,0.5049877311199797,0.499526300362639,192.844019922138,63.70845894423914,21.99881505563466
1715.75,非储层,1.210472042331623,22.955867566795497,75.83366039087288,95.44719522744106,4.552804772558938,96.73851483325421,21.506185633518058,1.4267260657106442,0.022955867566794297,1.291319605813147,3.2614851667457923,2.459575173756528,202.98958000837092,28.102932635570408,0.5041379080330157,0.4987770072943251,190.1149566297332,62.636691507363544,22.018635096350742
1715.875,非储层,1.2448574174093074,22.687310097182966,76.06783248540772,97.31984687897062,2.6801531210293716,98.59391910543077,21.254587789178288,1.4100349979074955,0.022687310097182015,1.2740722264601452,1.4060808945692282,2.3556128394781077,187.97143225577668,28.31066292595958,0.5022399190561717,0.496897250898372,196.20950783670747,61.606093640607824,21.965304739682967
1716.0,非储层,1.2343496102198266,21.711584287878296,77.05406610190188,96.59675069580103,3.403249304198963,97.89582923608326,20.340479867913164,1.3493928356772524,0.021711584287877755,1.2990785402822158,2.104170763916746,2.3796991477729272,204.7288743173107,28.16196432758386,0.505536861551279,0.5001662436032969,188.95106750430304,64.3282612072723,21.711491608553374
1716.125,非储层,1.221114152776924,23.598642964865647,75.18024288235743,96.5277994901077,3.472200509892298,97.81156628663963,22.108369236090773,1.466675085810007,0.023598642964864358,1.2837667965319222,2.1884337133603715,2.325732975275989,203.63203589789708,27.935400826044148,0.5099094973689245,0.5044227384620157,185.7133223853636,63.37483760216555,21.812682676062387
1716.25,非储层,1.1906569803905076,25.42358944409179,73.38575357551771,95.40565237079291,4.594347629207096,96.72744334167906,23.81806884292429,1.5800970117234026,0.025423589444092953,1.3217909708861648,3.2725566583209353,2.2069870180260427,194.5227344541705,27.768253736397966,0.5168618957595676,0.5111368960695204,198.78922529648958,62.885140553099006,21.893833435802318
1716.375,非储层,1.2094589318565185,24.583858723611172,74.20668234453231,94.51815175799253,5.4818482420074695,95.84957517917387,23.031367808677782,1.52790705620978,0.024583858723610866,1.3314234211813347,4.150424820826137,2.52534165664742,179.60040562973225,27.58147631696323,0.521008826653818,0.515169297739084,196.45182356128976,62.2517875072208,21.90010371985141
1716.5,非储层,1.1947533123990366,23.778600592957833,75.02664609464314,96.0463994736514,3.9536005263485885,97.36401338713495,22.27696239183437,1.4778596005305031,0.023778600592958866,1.3176139134835319,2.63598661286506,2.4468756088582198,186.29150542301375,27.76256199400735,0.5156637517764611,0.5098888276779996,186.3078035101404,63.23113664158876,21.883440348481074
1716.625,非储层,1.2174722717821707,21.610557546102537,77.17197018211529,98.14178621392739,1.8582137860726156,99.45695654363539,20.24583304804208,1.3431139405143537,0.021610557546103415,1.3151703297080022,0.5430434563646114,2.324285257950932,176.36311509782013,28.226183428233952,0.5058448820333263,0.5002474793680369,194.28343115854153,63.596376513595736,22.897965801773015
1716.75,非储层,1.2275002896066716,20.35744598539958,78.41505372499374,96.37581765396496,3.624182346035043,97.70555467379147,19.071856513913325,1.265232025500857,0.020357445985399493,1.329737019826501,2.2944453262085385,2.609157644493305,198.42726841351242,28.483281155663757,0.4975588686112319,0.4921569055144549,194.32249848599068,63.88001941188597,22.989984350859995
1716.875,非储层,1.2568286636361,21.706810390309617,77.03636094605429,97.1101179499626,2.8898820500373956,98.43863275518835,20.336007445905647,1.3490961340136605,0.021706810390310048,1.3285148052257414,1.5613672448116511,2.2130024003885302,206.6982356075063,28.481419326375104,0.4977593040959044,0.4924149873748901,195.90994983588277,64.37244676901861,22.616654147936046
1717.0,非储层,1.2781148784415737,23.725263789808317,74.9966213317501,95.88797974837689,4.112020251623106,97.18576901199681,22.22699385170866,1.4745446743098463,0.02372526378980923,1.2977892636199182,2.8142309880031857,2.537637351480795,184.00028763665537,28.12069528843977,0.5110606508175797,0.5054904480467479,191.65598131959504,61.3825075438198,22.746582645102777
1717.125,非储层,1.2998577679800452,25.53713704831331,73.16300518370664,93.31430872329605,6.685691276703953,94.61758508441108,23.92444582247097,1.5871540887940234,0.02553713704831241,1.3032763611150302,5.382414915588917,2.1526070045395844,206.75496771598927,27.618083624576293,0.5260039293781932,0.5202403074090268,191.2980140177603,63.18584190307509,22.06249469567193
1717.25,非储层,1.3217919883123834,25.79316607945885,72.88504193222877,92.38649764681965,7.613502353180346,93.66940155142225,24.164306409545897,1.603066503833495,0.025793166079459903,1.2829039046026025,6.3305984485777405,2.3405790957774566,189.90168613863545,27.101091506477488,0.5401548625113317,0.5342516557645797,187.30835528937183,62.02765385125197,22.050197276794393
1717.375,非储层,1.3166012543114112,27.308909330853183,71.37448941483541,94.05527219702302,5.94472780297699,95.31231508338814,25.584329226910025,1.6972711946123054,0.02730890933085213,1.2570428863651308,4.687684916611856,2.273096848918075,198.20119194550762,26.92504016018491,0.5490073328146573,0.5429831715744351,195.63285251293334,61.1383434405443,21.948208357338384
1717.5,非储层,1.3034725037491888,25.68869199864222,73.00783549760858,92.13161443353212,7.868385566467884,93.38493981445923,24.066429952932097,1.5965733537114821,0.02568869199864182,1.2533253809271196,6.6150601855407665,2.1916574554336976,198.3851317959502,27.026102491460577,0.5491437502581205,0.5431916448140329,184.28369272764064,61.77946510453033,22.05136108914407
1717.625,非储层,1.2936925676179676,24.483127812406902,74.22317961997513,91.8669539047671,8.1330460952329,93.09864607042363,22.936998137434077,1.5216465471604161,0.024483127812407503,1.2316921656565263,6.90135392957637,2.4766535726664847,187.10589557155166,27.253899040917297,0.5423325228156558,0.5365586310383713,194.73893656043862,63.27463449792126,22.228442428653388
1717.75,非储层,1.3253852868224274,23.292708704676436,75.38190600850115,93.97148067099906,6.028519329000948,95.22040360319026,21.821754976266455,1.4476610197053041,0.023292708704675258,1.2489229321912088,4.779596396809738,2.239886266834267,188.73882493252196,27.668337248576474,0.5361764076016493,0.5304629398037992,200.64683041949357,62.33966962683896,21.94381226262973
1717.875,非储层,1.3361991732925576,22.843396799802342,75.8204040269051,92.60651647810467,7.393483521895339,93.87677538094687,21.40081748804236,1.4197359149601796,0.02284339679980152,1.2702589028422067,6.123224619053136,2.155093369680023,194.814089247892,27.820602085328396,0.5289387829478684,0.5233877748888427,206.01453552277295,62.35146019156292,22.178539618229774
1718.0,非储层,1.3448579942525751,23.941391475243933,74.71375053050349,95.01520472876976,4.984795271230247,96.27677132074764,22.429472895900577,1.487977187868111,0.023941391475243955,1.2615665919778964,3.723228679252355,2.599237701014627,202.0188945750652,27.980372539454407,0.5253021665610083,0.519807091231657,182.11615578628516,62.947850172227916,22.001178861104915
1718.125,非储层,1.3130638463988638,22.73134570162334,75.9555904519778,92.21751505626791,7.7824849437320935,93.45986061488392,21.295842508949747,1.4127718469719708,0.022731345701621983,1.2423455586160252,6.540139385116072,2.0920154297132862,192.56593517565295,27.87264864610052,0.5336237445185962,0.5279681553672346,206.2659450762847,62.37481391026236,22.0928130699481
1718.25,非储层,1.312159605422623,24.561536702932784,74.1263036916446,89.8189049685002,10.181095031499797,91.0404440121573,23.010455441979907,1.5265197242499435,0.02456153670293386,1.2215390436570974,8.959555987842705,2.4170702587785384,194.3539653522966,27.560535863788054,0.5423228770881605,0.536550922403331,195.95596251276055,62.27453822437913,21.86220159054782
1718.375,非储层,1.3419560501613967,26.250051111257445,72.40799283858117,90.98107732319436,9.01892267680564,92.22215511245977,24.592338775495286,1.6314622846508993,0.02625005111125782,1.241077789265413,7.777844887540231,2.59049067815753,204.01415177235054,27.520977227040937,0.5450653447080828,0.5393073008523965,187.995868639111,61.686021542744236,21.787161151629846
1718.5,非储层,1.3751585968444633,24.37515190077767,74.24968950237786,93.61359124473535,6.38640875526465,94.82994039632881,22.83584099350607,1.5149357553708207,0.024375151900778158,1.2163491515934544,5.170059603671195,2.3556241000032214,190.1572879247688,27.22575867607057,0.5500031764172343,0.5442275831033443,196.0246533198264,61.2487049163812,21.910479749208413
1718.625,非储层,1.3852843856028978,25.84763039952066,72.76708521487643,92.79101723786574,7.208982762134253,94.02323356274354,24.215331262962756,1.6064515061583813,0.025847630399520802,1.2322163248777946,5.976766437256453,2.3361780077055694,194.4095442315457,27.261092817201156,0.5425740508321054,0.5370400715985334,180.5586847785124,62.00383466698932,22.09952474208605
1718.75,非储层,1.40170112538918,24.000908081865656,74.59739079274516,94.28382584767101,5.71617415232899,95.49323353004236,22.485230979822237,1.4916761939615546,0.024000908081864974,1.209407682371353,4.506766469957634,2.3569048047533645,198.2755210187053,27.42356090784853,0.5365036229517733,0.5311061847922024,189.40476437865178,62.255285093756115,22.11826029891289
1718.875,非储层,1.3652995527605043,24.43270254433847,74.20199790290103,92.779772951438,7.2202270485619895,94.01767059280603,22.88975726655241,1.5185125752417186,0.024432702544337735,1.2378976413680147,5.982329407193976,2.429966134779602,210.15298184724554,27.463729373918127,0.5350954842608435,0.5297522943646275,198.00099210230437,63.4853530731108,21.9698142304754
1719.0,非储层,1.3938539367552012,23.91458005921825,74.69156600402655,94.04293086412439,5.9570691358756145,95.24618128647552,22.404354642867098,1.486310836291933,0.023914580059218767,1.203250422351133,4.753818713524483,2.51551553407236,215.26101806428557,27.813769237951817,0.5240760196605365,0.5189665763713747,209.6432243936768,63.01658518410602,22.079506939749844
1719.125,非储层,1.3577840259537703,22.018371599534646,76.62384437451159,95.8256236613785,4.174376338621499,97.02915692580358,20.627893308302276,1.3684599196328389,0.0220183715995333,1.2035332644250698,2.9708430741964276,2.3892606192713703,197.0897079690909,27.823014917779833,0.5199668592617285,0.5149613503970667,193.4941834014489,61.55102345942902,22.059861438165655
1719.25,非储层,1.3652479492662695,23.867790399885813,74.76696165084792,97.15183630726894,2.848163692731065,98.34275318292353,22.36051978903705,1.4834028204488785,0.02386779039988702,1.1909168756545911,1.6572468170764743,2.3376597464654907,196.3811321978645,28.059621849485744,0.5099102326699808,0.5051488541738363,201.13328085968132,61.850066616285105,21.934599920192486
1719.375,非储层,1.3658903294381104,21.78138968340868,76.85271998715321,96.82996436113287,3.1700356388671302,98.04133768378483,20.405876995254545,1.3537312984707257,0.021781389683409036,1.2113733226519634,1.958662316215165,2.41470243660894,196.01175873472891,28.057470440196628,0.50841941200281,0.5037182044736553,193.51846480337943,64.00720112093018,22.031182831732075
1719.5,非储层,1.366807416556143,23.937204397571055,74.69598818587279,95.14066612486661,4.859333875133387,96.31634340558584,22.42555023562939,1.4877169575440916,0.023937204397572395,1.1756772807192346,3.683656594414153,2.377748251885241,201.02450901565857,27.845205368711632,0.5127933291699333,0.5080742024369767,185.71496805092292,61.262052136502135,22.105076592957744
1719.625,非储层,1.3755795273677267,24.305101349923795,74.31931912270848,95.49909060352363,4.500909396476372,96.6694053713224,22.770214192601685,1.5105820559721899,0.024305101349922538,1.1703147677987713,3.3305946286775967,2.3664309972104327,191.48856437727085,27.653447175159,0.5175455036473373,0.5127970979160491,179.06042061001472,63.609811518663456,21.99437626641726
1719.75,非储层,1.349531983523156,25.974289840036924,72.67617817643992,96.3787821824293,3.621217817570699,97.52789242630946,24.333992055548983,1.6143234946479064,0.025974289840036482,1.1491102438801584,2.4721075736905407,2.2068692647157633,179.6219129510049,27.20976075411196,0.5271810136004301,0.5223308719325264,196.25145262848088,62.58031841621543,22.03931277236859
1719.875,非储层,1.363405654559511,26.602034677478247,72.03455966796224,95.92812277814814,4.07187722185186,97.10026309046677,24.92209428976919,1.6533383530315773,0.026602034677478473,1.1721403123186307,2.899736909533235,2.076104059033657,192.39665977938446,27.00601560911724,0.5288868188897352,0.5240517187249167,183.32287539258655,61.26297430561578,22.14883877348499
1720.0,非储层,1.3355399274470503,26.132039152319575,72.53242092023338,96.77045606411244,3.2295439358875577,97.92183586701907,24.481779368907493,1.624127744259763,0.026132039152320513,1.1513798029066278,2.078164132980931,2.345908356850973,187.63478885062355,25.233614394359797,0.6188082892517855,0.6377547949106706,170.25629469223978,59.92497107694991,22.18796510575717
1720.125,干层,13.551430619988455,35.95930154242928,50.48926783758226,80.72178223838904,19.27821776161096,83.89053838532618,31.843559538780557,4.079782702106289,0.0359593015424306,3.16875614693714,16.109461614673826,2.139720478739404,204.8944227182227,23.568869226160217,0.7105943057942079,0.7540712800986742,171.3821779988022,58.015479511324756,22.009506993606177
1720.25,干层,13.66163276679114,36.52231794511378,49.81604928809508,80.28816705471873,19.711832945281273,83.41606216098765,32.34213558367508,4.143660043493582,0.036522317945113236,3.1278951062689195,16.583937839012354,1.9903266009277163,222.6862154598932,21.941679123387697,0.7935443787082603,0.8622464837577246,137.88020237583297,56.455893080467334,21.99112813841412
1720.375,干层,13.753218731665445,36.241233498791246,50.00554776954331,82.0410762598096,17.958923740190404,85.09806135320686,32.09322281512936,4.1117694501630995,0.03624123349879049,3.056985093397257,14.901938646793145,1.9146747323292868,204.27748034802883,20.2943774609827,0.8699554718850525,0.9629923818767393,130.43375964004943,54.521046377652155,21.857530181960865
1720.5,干层,13.512606298105103,35.58175937610134,50.90563432579356,84.15228438572755,15.84771561427245,87.15346668938149,31.5092291726115,4.036948444113736,0.035581759376102085,3.001182303653933,12.846533310618513,2.138122465867217,216.56048980913158,20.35344105300259,0.8580721737462508,0.9505895852810393,134.93084830270098,54.88203006112224,21.895192429646396
1720.625,干层,13.331228039005019,34.84080170217899,51.827970258815995,83.22040084519887,16.77959915480114,86.22639708932789,30.85307822436734,3.9528826761094695,0.03484080170218021,3.0059962441290278,13.77360291067211,2.1517201343651875,202.99705578373568,20.466749665585553,0.8416627760869251,0.9316625706557489,130.33498715566597,57.02949104173091,22.340225728825637
1720.75,干层,13.031246519301964,34.80621258279497,52.162540897903064,83.70329948735538,16.296700512644613,86.78181094499855,30.82244802202041,3.948958348191768,0.03480621258279276,3.0785114576431605,13.21818905500145,2.0332790667162266,199.6337061794455,20.582039908855414,0.8251727861407092,0.911145870023704,154.9587349916973,55.507719796829136,22.17737553636057
1720.875,干层,12.77053743995741,34.5639084684369,52.66555409160569,86.11524719229647,13.884752807703538,89.23617166380212,30.607876960818103,3.92146759915036,0.03456390846843585,3.1209244715056643,10.763828336197879,2.0126329047682097,201.5399579683673,20.58613648825265,0.8139275502339816,0.8967327595116209,134.57131118247707,56.82384365724336,22.12673863192905
1721.0,干层,12.735836741922741,35.01756781962444,52.24659543845283,88.06588921432116,11.934110785678842,91.26562970014096,31.00961247681025,3.9729377749945662,0.035017567819623646,3.1997404858197993,8.734370299859041,2.10510411432351,215.50024620998772,20.574672851022108,0.7942667760746716,0.8742021311689654,154.25033151854439,57.25810588659047,22.133915754480594
1721.125,干层,12.557352662801776,33.807283108255746,53.63536422894247,89.73048983564375,10.269510164356245,92.90020179399924,29.937851580123453,3.8356242450240363,0.03380728310825795,3.1697119583554763,7.099798206000763,2.001140011185864,211.45943193171533,20.41634521820563,0.7712449070357721,0.8507048660020113,147.24728154835284,55.360232734402835,21.92978416012087
1721.25,干层,12.823086085208088,34.44242037760492,52.734493537186985,92.19400844797948,7.805991552020508,95.42418552471086,30.500293857484014,3.9076840997433036,0.03444242037760545,3.230177076731363,4.575814475289142,2.23219098338968,205.92302363017143,20.29838004255872,0.7574294782752079,0.8376518033397653,150.10849322448897,55.87306497648885,22.193466822395404
1721.375,干层,13.026209955411844,34.3400177867118,52.633772257876366,90.96040071279802,9.039599287201982,94.27171950192714,30.409611812500938,3.896065956424149,0.03434001778671106,3.3113187891291194,5.728280498072857,1.911318224195612,223.88288203209103,20.26360861853155,0.7545005022919103,0.8348823869413973,143.2858340347933,55.44689380027438,22.03292371965161
1721.5,干层,12.790517736985892,35.04678560175313,52.16269666126097,89.19860338582964,10.801396614170356,92.45699578332724,31.035486121316612,3.976252694834761,0.03504678560175348,3.2583923974975995,7.543004216672755,1.942648578597231,226.8935844875046,20.20913453255043,0.7607537969945763,0.8405218978429757,150.4400647057418,56.75007012927239,22.12387675393576
1721.625,干层,12.432004257312117,34.717006702653876,52.850989040034015,88.68904713451124,11.310952865488755,92.01257349776884,30.743452250866994,3.938837445084226,0.03471700670265587,3.3235263632575984,7.987426502231154,2.0827947063943357,208.6290495720954,20.34134174400876,0.7657110617199843,0.842610767051699,149.12819618542935,55.55744973228349,22.183029871532206
1721.75,干层,12.177430755921907,34.03254708675757,53.79002215732053,90.11958497372935,9.88041502627065,93.52808135673446,30.137332843765396,3.861181695905416,0.03403254708675696,3.4084963830051156,6.471918643265539,2.008929998260565,204.97834250971613,20.381731478937606,0.7719692296091734,0.8452066658538228,153.4727281783877,56.43446567420491,21.88819433924978
1721.875,干层,11.948679460653766,34.94175973515471,53.109560804191524,90.30769105706537,9.692308942934636,93.68589945367812,30.94248104911874,3.9643369263008146,0.034941759735152705,3.378208396612755,6.3141005463218765,1.9324261766523703,201.31697197437154,20.418997226517487,0.7727216914177353,0.8418722462815843,152.79626713244434,56.83783189504838,21.86694795612878
1722.0,干层,11.636840144021368,35.28039155479814,53.082768301180494,90.26533471299985,9.734665287000155,93.66299157782746,31.242354574131948,4.002756589111393,0.03528039155479973,3.3976568648276038,6.337008422172552,1.9635960010843378,210.54981396062482,20.325834367580995,0.7814582839531815,0.8475006125643385,141.80733449542896,56.422443222288905,22.141769806709313
1722.125,干层,11.496754827973183,36.43120768383952,52.07203748818729,88.64552950153113,11.35447049846887,92.12550829810158,32.261453398398,4.133323077757678,0.036431207683839534,3.4799787965704474,7.874491701898423,2.179011153394489,219.4550148426486,20.278376926428333,0.7926300046531423,0.8573583569834207,144.46875954719044,56.87159942487263,22.220700659092756
1722.25,干层,11.777737238747747,35.358944610868,52.86331815038425,87.9987168666297,12.0012831333703,91.44167779522392,31.31191679616127,4.011668870095864,0.0353589446108693,3.442960928594222,8.558322204776081,2.1525012154248255,205.67712626128989,20.500995553668034,0.7993615220797535,0.8632443583977785,130.7368688194705,56.226248469821236,21.996065990835504
1722.375,干层,12.043596352426631,33.56078752473943,54.395616122833935,85.57114764325256,14.428852356747434,89.05078602287854,29.71956878671362,3.8076579505010777,0.03356078752473693,3.4796383796259684,10.949213977121463,1.9532103070717914,199.0636230377351,20.56920070163386,0.8052374170628793,0.8696204488166516,140.18759835900158,55.11462088779279,22.11738650008441
1722.5,干层,11.901958056748509,35.015498941132364,53.08254300211913,87.34335283562004,12.656647164379963,90.7326848800406,31.007780392965035,3.972703049226192,0.03501549894113498,3.389332044420558,9.267315119959408,1.8955507512672447,213.64976659248754,20.592915013231277,0.8115968407895234,0.8763474655051466,149.4863120036649,56.77653970659621,21.85776218816808
1722.625,干层,11.563084575363131,36.63447162456565,51.80244380007123,86.53136482675717,13.468635173242838,89.8682731934199,32.44145265091302,4.1563845020280565,0.03663447162456715,3.336908366662725,10.13172680658011,2.0527549627506816,195.40298839067893,20.520437623449254,0.8162195374570078,0.8817321485455996,144.5215757943533,55.53782687542294,22.12621524515611
1722.75,干层,11.808408855928873,36.26054615661602,51.9310449874551,87.57096184837778,12.42903815162223,90.83218688466643,32.1103250318832,4.113960578576211,0.03626054615661761,3.261225036288651,9.167813115333578,2.2059269548778104,207.40169973347136,21.515828077892756,0.7962152827924908,0.8454428024792837,144.8462614760419,56.81970733738487,21.957521295268812
1722.875,非储层,2.7762897376729967,29.402908097229,67.820802165098,94.02448065701735,5.975519342982649,95.2975593203662,26.265055753225518,2.28345963379568,0.8543927102077977,1.2730786633488524,4.702440679633801,2.077521338569176,200.9967564318157,22.781054485122826,0.7772661094166389,0.809874061583633,171.11977622291857,58.26363386242492,22.055107832457757
1723.0,非储层,2.8465329393367442,28.302187547575176,68.85127951308809,91.32952735778399,8.670472642216009,92.605358843528,25.281803126996238,2.1979765606618096,0.8224078599171271,1.2758314857440023,7.394641156472003,2.0488946113512534,185.29538042964816,24.21251728759368,0.7463999729297977,0.7629903952084907,162.70453287977088,58.38606437781531,22.210203758416075
1723.125,非储层,2.7889705824871114,27.695625250551792,69.51540416696109,91.81743416661605,8.182565833383947,93.12933848026259,24.739972621780833,2.150870318107325,0.8047823106636327,1.3119043136465436,6.870661519737409,2.025044802052102,202.38994531608463,25.78196892485337,0.71333350618533,0.7129988143165016,188.40346563060027,61.894455555935494,21.85858850980999
1723.25,非储层,2.822415382073525,26.12679341813976,71.05079119978672,93.41350044708867,6.58649955291134,94.74071748961653,23.338565134824798,2.0290332484650815,0.7591950348498799,1.3272170425278729,5.259282510383468,2.225435111600867,196.0856863078543,26.110409110014402,0.7013482018853306,0.701141295886284,172.95157215635177,61.13249579341941,22.06305486625073
1723.375,非储层,2.747195683023822,25.804065347225126,71.44873896975106,95.54976255900263,4.450237440997373,96.85168692903825,23.050278318171358,2.0039698594904456,0.7498171695633212,1.3019243700356193,3.14831307096175,2.3516060966853365,196.97400608290843,26.21153705532081,0.6917414493312485,0.6916245733138553,181.0499633421599,60.331559592954804,22.165587488884643
1723.5,非储层,2.7939250166203426,27.086852711008056,70.1192222723716,94.7373549583546,5.262645041645397,96.04246326362839,24.196167749171796,2.1035924258792975,0.7870925359569649,1.3051083052737815,3.957536736371614,2.210080744292072,203.89631715836722,26.44011135598167,0.6766021428915581,0.676858329386874,175.84818742544476,60.450645410897835,22.11540941168915
1723.625,非储层,2.828136536054708,24.964650901888508,72.20721256205678,96.42284685204994,3.577153147950052,97.75358716735973,22.300445439942997,1.9387800831726465,0.7254253787728631,1.3307403153097708,2.2464128326402766,2.4202022771438667,206.90491334713,26.727913049398882,0.6620381626520444,0.6625455800747377,186.74127219753174,62.11150457096444,21.898227042675476
1723.75,非储层,2.750536886402916,22.885433819279,74.36402929431807,97.46798636513392,2.5320136348660705,98.78928920563466,20.443120565232924,1.7773059778788007,0.6650072761672738,1.321302840500723,1.210710794365344,2.492695989794139,209.0851523048826,27.049195128944593,0.6488189656374546,0.6495964500484174,185.4861500047177,61.53366219558985,21.944099008519338
1723.875,非储层,2.7187688941897026,22.21273269979035,75.06849840601994,98.60439475258787,1.395605247412135,99.90459372968765,19.842209514183125,1.7250633273599474,0.6454598582472788,1.3001989770997835,0.09540627031234816,2.4210534869661036,204.1651991696377,27.551862502193515,0.6295595233943986,0.6305984766236029,178.4444200096246,62.93555930088236,22.039037051173956
1724.0,非储层,2.637268294644342,21.61341614809177,75.74931555726388,98.71691252214998,1.28308747785002,99.99,19.30685149476063,1.6785197967287613,0.6280448566023777,1.2730874778500192,0.009999999999998899,2.4362241439749734,196.6390680583331,28.05951342116591,0.6143711316346835,0.6154556032320733,181.7005094409279,61.96625957496373,22.018754915886987
1724.125,非储层,2.570080680237224,19.61752703529267,77.8123922844701,98.67914048180934,1.3208595181906535,99.99,17.52396190262996,1.5235170259981163,0.5700481066645924,1.3108595181906493,0.009999999999998899,2.482204444973758,209.72139785173206,28.360192398786086,0.6058240797753263,0.6069484736493573,189.86116387666772,62.731202725419145,22.099443761682345
1724.25,非储层,2.607916604425601,19.716182989581,77.6759004059934,98.6775009110193,1.3224990889806998,99.99,17.61208938074206,1.531178747366154,0.5729148614727848,1.3124990889807002,0.009999999999998899,2.4592227167412606,209.53936439644983,28.71496251486615,0.6021539428317552,0.6031751612607237,178.6536742615448,62.81657253043714,21.984279784258007
1724.375,非储层,2.560143137555978,18.63826991524149,78.80158694720252,96.19390765559174,3.8060923444082517,97.4938385652096,16.64921023623574,1.4474669258736794,0.5415927531320737,1.299930909617848,2.5061614347903993,2.289618832840915,216.13239258728302,28.892335316144013,0.6030206463386605,0.60396143335364,178.42549273137382,64.22702954455598,21.911901993375082
1724.5,非储层,2.616211026008062,19.847802815874317,77.53598615811762,95.78889297995651,4.211107020043481,97.08979651781118,17.729662855596732,1.5414004764330251,0.5767394838445566,1.300903537854663,2.9102034821888223,2.4338450209207245,201.7581075149562,28.928802327380176,0.6070190469128982,0.6079006723448102,180.0273925393959,64.84908203276086,21.908843392545467
1724.625,非储层,2.576559137557358,19.349676133616068,78.07376472882657,95.72362436962504,4.276375630374963,97.015025661281,17.28469581225468,1.5027154535879388,0.5622648677734482,1.2914012916559585,2.984974338719004,2.497483131489273,224.81625279867677,28.810658658795894,0.6135600484348083,0.6142806319917324,191.9407487586427,63.08786766513882,22.063027616923275
1724.75,非储层,2.581339573561774,21.12461067802248,76.29404974841574,96.35757768939148,3.6424223106085285,97.63340041230578,18.870210912087742,1.6405586686665024,0.6138410972682369,1.2758227229143118,2.366599587694218,2.469796447735854,210.09736012401817,28.47700893560101,0.6256309592947381,0.6261185690096794,173.7311732988852,63.7169431338154,22.31963659218228
1724.875,非储层,2.59249164575888,22.331142988749143,75.07636536549198,93.64409337887824,6.355906621121754,94.90720030731558,19.94798316184321,1.7342591903735438,0.6489006365323874,1.263106928437332,5.092799692684425,2.3653749669189934,209.2334282359084,28.389225559225437,0.6344803625446556,0.6346633043329911,178.26747197432502,62.78917419370199,22.620097013980253
1725.0,非储层,2.542330398837404,21.030653531266317,76.42701606989628,92.0310783899859,7.968921610014112,93.3066110217224,18.786280788924273,1.6332618614522347,0.6111108808898116,1.2755326317365039,6.6933889782776035,2.2463558157446206,202.98568951633615,28.30397512012174,0.6414102525347214,0.6414548527625178,189.25541297296323,62.71375813342951,22.545285959580667
1725.125,非储层,2.562647224609295,20.41167939325801,77.0256733821327,92.88248204939828,7.1175179506017265,94.1297674114849,18.23336302341505,1.5851917027512092,0.593124667091752,1.247285362086637,5.87023258851509,2.280026807335434,216.95682682502115,28.481841315788643,0.6455385990429604,0.6454579352071931,176.0409683566912,62.97029491931441,22.33911230258351
1725.25,非储层,2.530403891999507,19.452644218664837,78.01695188933564,91.71715597127725,8.282844028722746,92.96833839188837,17.37667523434673,1.5107120593998744,0.5652569249182334,1.251182420611105,7.031661608111639,2.286694059210749,211.65985564586035,28.88624918551846,0.641687079774469,0.6416300269192079,189.42496524656104,63.19889347092078,22.154277772185793
1725.375,非储层,2.4995693428428636,18.171879072460694,79.32855158469644,90.61612065310915,9.383879346890856,91.86375084266945,16.232592211653813,1.4112465404770982,0.5280403203297843,1.2476301895603046,8.136249157330555,2.491986736488728,202.54268663478337,28.997738414100972,0.6465002402214809,0.6462759948806434,184.3230709209711,62.772343089084686,22.018459728970903
1725.5,非储层,2.4662420397570752,20.055120950903138,77.47863700933979,88.17125487146534,11.828745128534656,89.40984359221773,17.91485618263706,1.5575010128536635,0.5827637554124151,1.2385887207523754,10.590156407782281,2.485870845680539,217.96838400981645,29.085769768795682,0.6486187854141281,0.6480941370944906,175.92935786065638,64.88114911003605,22.182511278167127
1725.625,非储层,2.396650822211736,19.690289785194913,77.91305939259335,90.77436555722946,9.225634442770536,92.0309135166423,17.58895947622441,1.52916785487859,0.572162454091913,1.2565479594128306,7.969086483357701,2.451520799046856,207.56909421594938,28.982528561482166,0.6489798889316685,0.6482093977849481,176.62294655995598,65.1601097362909,22.008748253803383
1725.75,非储层,2.382177700309334,20.640114742898817,76.97770755679186,93.02810422986398,6.971895770136016,94.2912983484897,18.43741995460305,1.6029322234545322,0.5997625648412348,1.2631941186257254,5.708701651510295,2.418037182155164,189.31295129421963,28.868983253426464,0.649704641023799,0.6488032126377665,184.9458807756844,62.552388070477704,22.78248290435078
1725.875,非储层,2.4329486047476343,19.40768107176194,78.15937032349044,91.73699193091076,8.263008069089238,92.98398990195594,17.33651051470948,1.5072201758548291,0.5639503811976306,1.2469979710451873,7.016010098044056,2.4783047603521404,204.92724500809726,28.71037984717371,0.6468481351220865,0.645920002411416,182.31586021811913,63.187184506058635,22.741386156402708
1726.0,非储层,2.4205207660162147,21.65718789600719,75.9222913379766,91.72556250726012,8.274437492739873,92.98522252660555,19.345951960456507,1.681919155021316,0.6293167805293685,1.2596600193454324,7.014777473394441,2.49465950219082,194.32545275088032,28.677364786896806,0.6433456483452087,0.6425653725641689,185.49091608913028,64.02961397249074,22.679745496625685
1726.125,非储层,2.417321288400808,19.933754667228254,77.64892404437094,93.11185108844954,6.888148911550463,94.35039965384385,17.806442001402278,1.5480755842954077,0.5792370815305679,1.238548565394314,5.649600346156147,2.4605188384191163,209.10703274162674,28.823321609528882,0.6432935622650298,0.6425470086510892,181.2998598721313,63.89228426859268,22.91250703557994
1726.25,非储层,2.4073042496168506,19.118005524555493,78.47469022582766,91.14236748906255,8.857632510937453,92.41266993613444,17.077748885670463,1.484723679360119,0.5555329595249107,1.2703024470718849,7.587330063865572,2.3418599268915643,200.81120578581758,28.94942802766527,0.6423174395356689,0.6414880216655253,187.9966149587903,62.78423822464507,22.02637466959398
1726.375,非储层,2.395773541661283,18.116105298450435,79.48812115988828,90.71462428444909,9.285375715550915,92.00475739427728,16.182770565471632,1.4069150926775904,0.5264196403012126,1.2901331098281923,7.995242605722719,2.60007477799587,209.09523256738152,29.136400826112574,0.6368541764145721,0.6359422532017115,177.63294478233323,63.3659215974652,22.664780502989025
1726.5,非储层,2.32441829290592,19.6884339641471,77.98714774294699,92.38981150135382,7.610188498646176,93.70856168512347,17.587301706757266,1.529023729935703,0.5721085274541314,1.3187501837696411,6.29143831487653,2.6169427472162097,194.2088720410974,29.097620705400246,0.634796406603652,0.633712318439497,195.33184871438175,63.11682832920716,22.79000123656554
1726.625,非储层,2.3834544255718426,20.307170062885582,77.30937551154258,94.8397772061519,5.160222793848113,96.18838918512158,18.140006836336983,1.5770754022658522,0.5900878242827469,1.3486119789696989,3.811610814878419,2.2158953003908457,207.4715872581206,28.91458755888866,0.6281429922464032,0.6271270200464063,185.06235847263665,63.39481989200276,22.72606327687574
1726.75,非储层,2.396528839404388,20.84491682024825,76.75855434034736,97.41772429324178,2.582275706758219,98.73818187150205,18.62036573541397,1.618837360286525,0.605713724547756,1.3204575782602754,1.261818128497949,2.3035582533660857,196.30649020480897,28.620113807618367,0.6211698033017875,0.6203106552484835,195.54429628978073,64.02603094654557,22.69895263452281
1726.875,非储层,2.3906304824857716,20.975305467937567,76.63406404957666,98.70572489670006,1.2942751032999356,99.99,18.73683942195623,1.6289634747755817,0.6095025712057538,1.2842751032999407,0.009999999999998899,2.5245890118993586,215.91777027994314,28.264983105186435,0.6184150279099397,0.6178181246386787,177.3014613756835,63.22459777436636,22.04104950603453
1727.0,非储层,2.3917365390170424,23.21099878408547,74.39726467689749,98.73292706985791,1.267072930142088,99.99,20.733941524971417,1.8025896829074115,0.6744675762066401,1.2570729301420887,0.009999999999998899,2.415354520069183,203.51193847909525,27.824394109514817,0.6223193879307385,0.6217313225157912,186.36852898292923,62.58174649882242,21.993362355092458
1727.125,非储层,2.3329114860348823,24.963229801252986,72.70385871271213,98.73695880845486,1.2630411915451445,99.99,22.29917599791027,1.9386697190574356,0.7253840842852757,1.2530411915451463,0.009999999999998899,2.422704267004195,216.4190008975096,27.528593969040756,0.6292078015046946,0.6285212626321124,177.5158874946616,63.00472702738357,22.155408899206417
1727.25,非储层,2.3559412105770603,24.081142882545247,73.56291590687769,97.49708981108448,2.502910188915519,98.74262187451114,21.51122461492333,1.8701659552219752,0.6997523123999427,1.24553206342667,1.2573781254888505,2.39724468867868,202.8517605239797,27.368797912199724,0.6372401365972513,0.6364077995133078,172.0744729868373,62.480599913607264,22.095678700005617
1727.375,非储层,2.421584736907894,22.783318266548736,74.79509699654338,96.06793158071703,3.9320684192829636,97.34441339887992,20.35190269396445,1.7693755805905043,0.6620399919937792,1.2764818181628885,2.6555866011200746,2.4319939741740555,211.16822648636077,27.30818498556691,0.640750009121683,0.6398458604940361,182.48517210272783,62.48606722462597,22.14800864876833
1727.5,非储层,2.430709252797756,23.880794127893967,73.68849661930827,97.45729186750481,2.5427081324951972,98.74151944807298,21.33225690215137,1.8546066679428184,0.6939305577997792,1.2842275805681709,1.2584805519270215,2.3131448955090255,195.8449936453612,27.433228623647167,0.6374433325358276,0.6367670154242495,187.15804202473288,63.814923048152316,21.75036577235179
1727.625,非储层,2.4850725639701285,23.46338557355667,74.0515418624732,98.71083336142706,1.2891666385729361,99.99,20.959393819517192,1.8221902966955112,0.6818014573439696,1.2791666385729321,0.009999999999998899,2.1594265283064735,207.28766138292485,27.51655771791342,0.6331130212576472,0.6326776946850343,199.10936030640832,62.975979196702575,22.093563760447402
1727.75,非储层,2.4724837712147028,23.016212504405896,74.5113037243794,98.73641589656924,1.2635841034307593,99.99,20.559942664762435,1.7874623830704457,0.6688074565730173,1.253584103430762,0.009999999999998899,2.1843408033066067,200.02221207173852,27.549736360167465,0.6285563498395513,0.6283370042776381,181.23296586192438,63.13479797425825,22.202115899258917
1727.875,非储层,2.487147454806138,22.27224447968115,75.24060806551272,98.21170704063475,1.7882929593652563,99.4789281909224,19.895370249564696,1.7296850724834774,0.6471891576329745,1.2672211502876585,0.5210718090776001,2.3480360686884314,203.71802466238896,27.88919932538916,0.6238311565731842,0.6238733068065052,185.41081547858943,63.41059935761217,22.97390034769146
1728.0,非储层,2.480705853283028,20.24986065672737,77.26943348998961,95.48946407338083,4.510535926619175,96.72346485216013,18.088813439311348,1.5726246957178354,0.5884225216981852,1.2340007787793092,3.276535147839865,2.5009912369499876,192.49685664146327,28.344671397651695,0.6221880555019854,0.6224021595529545,186.05345540256863,63.5048648395385,22.91437750634911
1728.125,非储层,2.51151892917989,18.74398551776154,78.74449555305857,93.44685499152017,6.553145008479833,94.67936892536777,16.743643963164832,1.4556769066762134,0.5446646479204966,1.2325139338476019,5.320631074632232,2.347939157585428,207.67044992754012,28.865963402142473,0.6174885809285341,0.6178828549144858,195.654192971167,64.05814427256777,23.04572724635965
1728.25,非储层,2.477280381938706,17.558726787174894,79.9639928308864,94.46971357025042,5.530286429749587,95.71751693444267,15.68487499589423,1.363628512757192,0.5102232785234725,1.2478033641922603,4.282483065557329,2.227032487148826,222.35045954787086,29.114605687749048,0.6208074543756952,0.621270463838958,183.70801515629287,63.7675413089227,23.008588990534992
1728.375,非储层,2.548508331908653,19.76293587080743,77.68855579728393,92.84218687550909,7.15781312449092,94.07589686024276,17.653852835838933,1.5348096234921198,0.5742734114763753,1.2337099847336885,5.92410313975723,2.5463348705428404,213.06338391344642,29.2569070406585,0.618130511856378,0.6188548215100169,186.69788350449323,64.04723327234402,22.701029195925887
1728.5,非储层,2.5907423253828537,18.63196176278884,78.7772959118283,95.02831630511089,4.971683694889107,96.25374184765985,16.643575284233002,1.4469770283627998,0.5414094501930372,1.2254255425489637,3.746258152340143,2.4347829171658546,222.73613746487143,29.383970327591413,0.6082348374479617,0.6092602453601909,169.8761427764593,63.05653897757612,22.64397094047819
1728.625,非储层,2.5326668501334826,17.163734810415132,80.30359833945138,97.73958191814475,2.2604180818552533,98.9790502627426,15.33203621350693,1.3329530356369859,0.4987455612712159,1.2394683445978634,1.0209497372573928,2.2755836074559626,216.78916879929417,29.202980537383702,0.6050368850417386,0.6062437431100207,187.27604368645578,63.64490201872873,22.71477675043441
1728.75,非储层,2.5440657345622766,19.26763531687563,78.18829894856209,98.77026595947667,1.2297340405233226,99.99,17.211410318908165,1.4963440806362929,0.559880917331175,1.219734040523326,0.009999999999998899,2.288923813566531,215.55084022425976,29.232891647175123,0.5955162085085306,0.5970505992844644,188.60103865631743,63.498404500679406,22.646530711184816
1728.875,非储层,2.5741691753884584,19.187264738634713,78.23856608597683,98.04781426405411,1.9521857359458883,99.24896987980375,17.139616817685894,1.4901024200988018,0.5575455008500178,1.2011556157496357,0.7510301201962499,2.498179547197642,227.23690129871443,29.166965095482908,0.5909423433193092,0.5925514637856203,187.74284319944937,64.08351977669295,22.023892588635572
1729.0,非储层,2.5484786010945335,19.218252849742633,78.23326854916284,98.79092110327271,1.2090788967272892,99.99,17.16729790498669,1.4925089882045321,0.5584459565514128,1.1990788967272852,0.009999999999998899,2.378639674769104,215.0811515041028,28.88385487324169,0.5953624018647514,0.5968985617179271,185.17393037456378,63.31476361254789,22.12934958810835
1729.125,非储层,2.523024354725817,20.189437882821238,77.28753776245294,98.82446148574162,1.1755385142583785,99.99,18.03483893038994,1.567932201876057,0.586666750555237,1.1655385142583794,0.009999999999998899,2.5586313415949276,201.49760349230775,28.918473703500762,0.5945492648980105,0.596164405701418,183.78646612121415,63.381778281046415,21.8512043009314
1729.25,非储层,2.5549658196353318,18.88277418456016,78.56225999580451,98.79579646243191,1.2042035375680937,99.99,16.867621226207227,1.4664553751601805,0.5486975831927504,1.1942035375680926,0.009999999999998899,2.382425288687197,213.09170387996645,29.097280526279057,0.5927826810387796,0.5945406028984073,185.41329256580744,63.9298940293742,22.009726997632715
1729.375,非储层,2.5824788065824547,17.306642995333643,80.1108781980839,96.72588362110666,3.2741163788933436,97.89818683698803,15.459693363339355,1.3440514300720308,0.5028982019222571,1.172303215881377,2.1018131630119674,2.4612554144032583,200.34311745829052,29.112418176603377,0.595171365635972,0.5970462483934602,186.3958380818045,63.17618493847621,22.504787610563945
1729.5,非储层,2.657678523047739,19.034442711490872,78.3078787654614,96.92899800201353,3.0710019979864778,98.12302953950159,17.00310382210121,1.4782341066318534,0.5531047827578104,1.194031537488066,1.8769704604984172,2.3671062514355663,210.7556716897038,29.386883920702374,0.5965733425525739,0.5986068842833414,189.99932584556385,63.90884877765156,23.037196337960935
1729.625,非储层,2.6087823061643665,17.349610606819542,80.04160708701609,94.15795253881764,5.842047461182364,95.3210832178151,15.498075509334175,1.3473883383147198,0.5041467591706486,1.1631306789974671,4.678916782184894,2.436918298282491,220.89323272030762,29.426432469391855,0.6040112167203286,0.605953201478355,189.21418978784664,63.59035320325862,22.765219182571574
1729.75,非储层,2.547388228427856,18.686875018623372,78.76573675294877,93.75862182598222,6.241378174017786,94.8959087302583,16.692628245978003,1.4512416474489052,0.5430051251964642,1.1372869042760854,5.104091269741707,2.6564193951343045,207.49076090253192,29.134125304035035,0.6136465270406348,0.6151975760115318,181.4571269386322,63.3340341878729,22.803973046859678
1729.875,非储层,2.5000155180156862,20.62084201944845,76.87914246253587,94.95146619958803,5.048533800411981,96.1132066316471,18.420203999151756,1.6014354842242937,0.5992025360724005,1.1617404320590763,3.8867933683529032,2.451280645954725,221.46161005493485,29.16049684620012,0.6167723887059402,0.6181598814215779,179.8956884998816,62.93802904491909,21.863874374738703
1730.0,非储层,2.535569250150025,18.95645306578594,78.50797768406403,94.87494083036192,5.12505916963808,96.01191798261715,16.93343716240072,1.4721773517274626,0.550838551657757,1.136977152255227,3.9880820173828546,2.452602406602948,215.3547447712458,29.025524123887052,0.6143511688842451,0.6156671949178544,177.05081313713873,63.67257418885641,21.97055028023216
1730.125,非储层,2.5426193599785942,18.72007739558985,78.73730324443156,97.52056357697563,2.4794364230243615,98.67852311696927,16.722287294643547,1.4538201776847008,0.5439699232616054,1.1579595399936409,1.3214768830307255,2.710252865908873,205.1547157144783,29.02078141607356,0.6060604037817532,0.6075727391891679,185.5797050256288,62.87576936603992,22.088158788425137
1730.25,非储层,2.58318910646604,18.4790394595841,78.93777143394985,98.81992251188456,1.1800774881154497,99.99,16.506972713959943,1.4351009273553625,0.5369658182687972,1.1700774881154532,0.009999999999998899,2.24618638054146,221.05010212460056,29.28497198094501,0.5936922436918755,0.5956708752463249,178.93252751340546,63.014238456480335,22.034072123494365
1730.375,非储层,2.6068003334690415,17.493382617715792,79.89981704881517,98.80540401210631,1.1945959878936985,99.99,15.626504298400082,1.3585538183504227,0.5083245009652869,1.1845959878937047,0.009999999999998899,2.4956099821800564,197.28048266050274,29.288043495785637,0.5880355957915079,0.5901638915274091,202.4502465516066,64.95804983643444,22.004700841717717
1730.5,非储层,2.582056622047297,18.730488964052007,78.6874544139007,98.21887611709636,1.7811238829036458,99.38995809667192,16.731587749728895,1.454628750640451,0.5442724636826584,1.171081979575559,0.6100419033280846,2.542113909292332,208.90415495547157,29.273643943520156,0.5867125390998602,0.5888038234860604,193.97532920465127,62.97018480291282,22.03655745894685
1730.625,非储层,2.5429262642003505,18.828290623267396,78.62878311253225,98.54732873171585,1.4526712682841558,99.74993542779764,16.818952102382582,1.4622241265875544,0.5471143942972607,1.202606696081782,0.25006457220236866,2.5553697116929595,226.6166491481178,29.389732291918094,0.5846106333910575,0.5867818104946854,182.72177324070293,64.00621780327397,22.24082858485964
1730.75,非储层,2.592413041501875,17.225575759560463,80.18201119893766,98.57369885800308,1.4263011419969107,99.75599775065183,15.387277551260443,1.3377556664047323,0.5005425418952887,1.1822988926487392,0.24400224934817416,2.484783235060208,204.81559157048233,29.209732102856208,0.5936612426882628,0.595609663819993,183.64230831323928,64.25711484478164,22.050241841101244
1730.875,非储层,2.5941124504110755,19.59520554053634,77.81068200905258,95.64480274802025,4.355197251979748,96.79438175756897,17.50402253804971,1.5217835160992481,0.5693994863873844,1.1495790095487168,3.2056182424310298,2.339049290710804,209.63645745402934,29.066614974440924,0.5977066033895619,0.5997450705966626,184.77688750922687,64.00782093013623,22.17776548967584
1731.0,非储层,2.667298539039729,20.229565774824685,77.10313568613559,97.54227583318193,2.457724166818065,98.65832505103207,18.070684409253627,1.571048574626541,0.5878327909445199,1.116049217850124,1.3416749489679414,2.3849774925690332,211.2365377677288,29.141327332968785,0.5991048338211251,0.601399445281444,187.64757119987198,64.11532736174026,21.992680518246832
1731.125,非储层,2.642932326081735,18.02069643720019,79.33637123671808,96.5116723280386,3.4883276719614,97.63372977776257,16.097543653500786,1.399505543844838,0.5236472398545646,1.1220574497239721,2.366270222237432,2.1545161509104016,208.28767223812855,29.05370850311471,0.6031363778501061,0.6053518140273157,197.60344208068375,63.620844504982685,22.08353101561652
1731.25,非储层,2.5765786171536416,18.2503462431725,79.17307513967386,97.22481359742908,2.7751864025709283,98.36212530757514,16.302685435314828,1.4173403804573497,0.5303204274003209,1.1373117101460735,1.6378746924248566,2.4792838500837195,204.25387537133128,29.12068095387869,0.5968400198008501,0.5992785880227709,187.76515047589672,64.34403006013346,22.15599662324098
1731.375,非储层,2.5953413605119944,18.738969265128482,78.66568937435953,98.60574238594675,1.3942576140532514,99.71183797904519,16.73916304057568,1.4552873394142734,0.5445188851385264,1.106095593098437,0.2881620209548186,2.250886653851801,215.43738596205958,29.071106434697484,0.5958984475550971,0.5982737009036776,187.99049141513106,63.96588851865772,21.89997013499059
1731.5,非储层,2.6344957008647896,20.73577554175078,76.62972875738443,98.85488655208381,1.1451134479161906,99.99,18.522871917617607,1.6103613380166966,0.6025422861164756,1.135113447916187,0.009999999999998899,2.4650147951440577,213.63941333521416,28.883422257770118,0.5963474311244422,0.598595909052789,189.3937060818739,62.58549350814108,21.926073994059763
1731.625,非储层,2.5854657048603573,19.99765060581604,77.4168836893236,98.87627621981679,1.1237237801832167,99.99,17.863519021942675,1.5530378076253664,0.5810937762480002,1.1137237801832214,0.009999999999998899,2.3427666612010065,223.60764245738787,28.74891735099162,0.5964623855627236,0.5988332346223182,191.04198360807962,62.20110143392521,22.069819511628168
1731.75,非储层,2.639774395642241,19.57032232732483,77.78990327703293,98.89424757501378,1.1057524249862172,99.99,17.48179483934186,1.5198510605496225,0.5686764274333466,1.0957524249862143,0.009999999999998899,2.5594917062507334,221.23545824649864,28.633121836917,0.6024081979408735,0.6047424679735536,197.8365411642632,62.80322106466566,22.006039026864567
1731.875,非储层,2.6797837321527274,20.011720753368976,77.3084955144783,96.3924162529383,3.6075837470616934,97.50400458175095,17.876087615794408,1.5541305095401714,0.5815026280343977,1.1115883288126365,2.495995418249053,2.5926536920491143,218.82171640304932,28.844377066918042,0.6034701614835478,0.6058142285890719,180.91346979595676,63.15267694617125,22.22971421571684
1732.0,非储层,2.6339606787849132,18.612906926261118,78.75313239495398,95.33632417086109,4.6636758291389135,96.47375708336018,16.6265539630047,1.4454972104517365,0.5408557528046821,1.1374329124991025,3.52624291663981,2.4588103945520476,225.61758105825697,29.11778473037993,0.6025196796106304,0.6049702594222235,189.31061884874984,63.79765840441945,21.908055131444232
1732.125,非储层,2.63072067475487,17.141168719721655,80.22811060552347,95.69690439419671,4.3030956058032865,96.84614741937638,15.311878356051587,1.3312005301698147,0.4980898335002546,1.1492430251796744,3.1538525806236173,2.4836685043244837,206.6862758104372,29.521968674005663,0.6028021933468335,0.6052373738198326,191.70942265862004,63.44317947683897,21.972371407708824
1732.25,非储层,2.6260215721543143,15.46183191940198,81.91214650844371,93.36178020885629,6.638219791143718,94.53953416086087,13.811758893616629,1.2007815327564613,0.4492914930288895,1.1777539520045752,5.46046583913914,2.7040695717699066,230.2876472214816,30.160670289829213,0.5981471232040965,0.6006908984205884,190.33939957553832,64.80981877400755,22.088049144415482
1732.375,非储层,2.6091340837264445,13.412071203235588,83.97879471303796,90.97232406457236,9.027675935427638,92.18072503989715,11.980746827978281,1.0415950387257165,0.38972933653158987,1.2084009753247895,7.819274960102851,2.458948306372253,233.41416212710027,30.44513361207536,0.5951364503444299,0.5976563730672331,187.08832813106014,63.03533687164064,21.799353224316498
1732.5,非储层,2.5711338567101496,15.672843804249691,81.75602233904016,93.51407810540451,6.485921894595492,94.71367467597966,14.00025177676245,1.2171689295305341,0.45542309795670655,1.1995965705751614,5.286325324020336,2.6320927402878733,231.4141021243321,30.51888982316353,0.5969227049202973,0.599215334049922,183.28619933238733,64.38598289106494,22.064243849911747
1732.625,非储层,2.5804858040550656,16.473799582312143,80.94571461363279,93.72613684485674,6.273863155143267,94.96114149007772,14.715730262669805,1.2793719667815802,0.4786973528607585,1.2350046452209869,5.038858509922283,2.529860569811054,221.19325986367062,30.59365636403811,0.5991847830111815,0.6012260469997146,189.1470801062256,65.41144719772716,22.020520458385445
1732.75,非储层,2.5072342326714634,14.847057201885605,82.64570856544293,91.25879028625562,8.74120971374438,92.46096497576424,13.262592390159005,1.1530375053056838,0.4314273064209152,1.2021746895086152,7.539035024235763,2.4487500777440547,218.0237516833327,30.310813034769485,0.6018990583971612,0.603587800665641,188.36796476971782,65.41184401939756,21.88494284791869
1732.875,非储层,2.493378710975321,16.475488372625314,81.03113291639936,93.12020411426201,6.879795885737994,94.29476273415605,14.717238826774558,1.2795031199483797,0.4787464259023743,1.1745586198940492,5.705237265843943,2.4293020203597844,207.79464381832804,30.161437282264608,0.6086267084142556,0.6099574400940172,188.92839839623338,64.4102046803507,22.121936579771898
1733.0,非储层,2.4867335752882465,17.4425853518516,80.07068107286015,91.62284536321542,8.377154636784578,92.82481792054807,15.581128071816561,1.3546088512157264,0.5068484288193157,1.2019725573326563,7.175182079451925,2.6350263803146174,211.790026772269,30.175012958479698,0.6129557107343238,0.6140418115425955,197.8028529628945,63.530903632670885,21.877599155493236
1733.125,非储层,2.457339304628339,16.54334709906675,80.99931359630492,91.21006742541825,8.78993257458175,92.41212814899548,14.777855729954121,1.2847730973981413,0.48071827171449044,1.2020607235772278,7.5878718510045235,2.3825277730303758,222.77412334281954,30.200701194946216,0.6087962766168876,0.6098924908392339,187.21469395055735,65.01169854879787,23.111001465558747
1733.25,非储层,2.428891915150727,14.5410179319448,83.03009015290448,93.51874063987762,6.481259360122382,94.71128321699412,12.989213360401427,1.129270185523734,0.42253438601963805,1.192542577116492,5.288716783005887,2.597798485850157,205.75783207433847,30.197888748701924,0.6097661255543435,0.6108130579989167,194.03400872509582,64.8441656743034,23.05709719258608
1733.375,非储层,2.49381727967866,16.52774154379715,80.9784411765242,92.58662840310726,7.413371596892748,93.77682769719773,14.763915585739106,1.2835611541643879,0.4802648038936527,1.1901992940904798,6.223172302802271,2.7894679367269224,221.5466797953268,30.49063029290894,0.6050651108509333,0.6063194659368514,201.69887220080872,65.98164090440012,22.979467762567513
1733.5,非储层,2.423527332134724,14.370155265232087,83.20631740263319,90.72980303325612,9.270196966743882,91.88713545700159,12.836585006344944,1.1160008177091287,0.41756944117801437,1.1573324237454745,8.11286454299841,2.7469648155552298,227.8919345079915,30.73359588700048,0.6023787583660974,0.60370499783282,199.1260481964994,64.80214545349087,23.115613725422797
1733.625,非储层,2.3711989199743067,14.045206606940164,83.58359447308553,89.84169494511664,10.158305054883353,91.02333602081706,12.546314581434913,1.0907649756688782,0.40812704983637127,1.1816410757004117,8.976663979182941,2.5454089376947557,221.23864225777547,30.70069842765289,0.6093503415405594,0.6105091051117765,194.765756009069,64.72166139032258,22.01271205353464
1733.75,非储层,2.438779660041696,15.042430643912875,82.51878969604543,89.8394561891688,10.160543810831202,91.02425241029579,13.43711575126931,1.1682104047654838,0.43710448787808026,1.184796221126984,8.97574758970422,2.4169798968991874,223.54353972142107,30.655791212565394,0.6113071988246437,0.6123464809446725,210.4238094191485,64.58972899732564,22.684324479821864
1733.875,非储层,2.452958846258744,17.0698756180117,80.47716553572955,92.08089000181984,7.919109998180163,93.26749261541792,15.248193591094312,1.325663835656998,0.4960181912603891,1.1866026135980885,6.732507384582076,2.4760972994862422,229.8071593204944,30.389667367726872,0.6115304559867403,0.6124442565132405,190.00878065810932,65.34816915709219,22.779028846382978
1734.0,非储层,2.4558208882725583,17.084184879869092,80.45999423185836,93.9179072130652,6.082092786934801,95.11492549895083,15.26097578118344,1.3267751074309573,0.49643399125469456,1.1970182858856209,4.88507450104918,2.3727322538749553,207.96038714349208,29.986935791837958,0.6158141833136394,0.6165330440436935,192.09548573993507,63.849171629869915,22.880614192674624
1734.125,非储层,2.453078505392377,18.22590401615659,79.32101747845103,92.33231790521424,7.667682094785755,93.5558757969503,16.280851661145864,1.4154421723424813,0.5296101826682479,1.2235578917360594,6.444124203049695,2.417279445593849,230.87577281593212,29.478908590242003,0.6237137167794851,0.6240622437508441,186.81213764175453,63.703031983451794,23.12156486209381
1734.25,非储层,2.4884274186780893,20.40754924629542,77.1040233350265,91.79782233855586,8.202177661444143,93.05426958867157,18.229673642083014,1.5848709513534387,0.5930046528589676,1.2564472501157073,6.945730411328432,2.4317281440139933,230.61455856694454,29.22801218707275,0.6269425479185167,0.6270619191299038,189.31706360729987,63.57173375899049,21.971786583573817
1734.375,非储层,2.4737251609589306,19.70338825374255,77.82288658529852,93.43853453730239,6.561465462697614,94.70535439599807,17.600660087794797,1.5301850952173404,0.5725430707304106,1.266819858695675,5.294645604001936,2.2532468874615765,202.86319876018575,28.815844550765373,0.6344308768961472,0.6341141092410418,190.57450375746305,64.51852648611126,21.990984551182798
1734.5,非储层,2.4255732506679943,21.517118259295742,76.05730849003626,95.01389711780118,4.9861028821988285,96.3050029175389,19.220830431477303,1.6710412051160428,0.6252466227023957,1.2911057997377389,3.6949970824610934,2.511527366896251,201.40039512001292,28.64128849336248,0.6323732651941795,0.6318849475732342,191.5750684980398,62.996807307347446,21.893225445754577
1734.625,非储层,2.4215919998491824,19.98902717600799,77.58938082414282,95.85496411679976,4.145035883200244,97.17780593637923,17.855815876935942,1.552368103329232,0.5808431957428143,1.322841819579471,2.8221940636207754,2.417155302423629,217.3660427686025,28.849778981659504,0.6207749221505048,0.6203987584093305,191.7768880602587,62.54865738859016,22.00329921037415
1734.75,非储层,2.4029736681535128,18.055254245455245,79.54177208639125,95.86963497979998,4.130365020200022,97.18667285214875,16.128413483026723,1.4021893382478243,0.524651424180695,1.3170378723487697,2.8133271478512523,2.2700139994193536,220.77502507741107,28.920115507657144,0.6136392731578459,0.6132980665676248,194.64079502774183,63.12388001440487,22.01898262118422
1734.875,非储层,2.376909772093483,18.88726516154766,78.73582506635886,96.86408982406004,3.13591017593996,98.14404781617101,16.871632930103083,1.4668041489832786,0.5488280824612994,1.2799579921109743,1.8559521838289905,2.4192242143690663,223.18124917948055,29.083316304897757,0.6110720096511095,0.6107518525625968,193.11902969869365,63.91472716110882,22.132670082484314
1735.0,非储层,2.3866623918510315,19.81480375309046,77.79853385505851,94.36408784728005,5.635912152719957,95.65377018330311,17.700185423604086,1.5388377357826495,0.5757805937037234,1.2896823360230658,4.346229816696889,2.5194586110207435,214.1112398574406,28.96815483047428,0.6128420217705938,0.612478580530089,207.59555480551302,63.136934347670206,21.862146642221894
1735.125,非储层,2.3958758386676244,21.23647692468591,76.36764723664646,96.39720040630789,3.6027995936921076,97.69243567026,18.97013889185774,1.6492463147250307,0.6170917181031382,1.2952352639521134,2.3075643297399973,2.534995094921336,217.97825246508566,28.64482634760053,0.619940747731948,0.6194887570654966,186.321995808333,63.97808597702359,22.060193201791737
1735.25,非储层,2.448398841712278,21.50886379682877,76.04273736145896,95.90846015176668,4.091539848233328,97.18529049600274,19.213456877943383,1.6704001551974534,0.6250067636879335,1.276830344236068,2.814709503997259,2.669797825059372,208.58648204389513,28.21857144568943,0.6357195994886636,0.6349376762442942,177.8133454121917,64.45458143833949,22.063958629855353
1735.375,非储层,2.4539503747374285,23.568754461558893,73.97729516370369,93.40520189519769,6.594798104802313,94.699508087621,21.053517832995112,1.8303733512973004,0.6848632772664797,1.2943061924233148,5.300491912379002,2.3899085170183825,209.29279407655815,27.943974249404633,0.644271174005079,0.6434302429569517,173.12818043855515,63.530831818260324,22.072901925965795
1735.5,非储层,2.515351420839261,22.724086645881037,74.7605619332797,93.07034438836241,6.929655611637586,94.36673160844788,20.2989922194615,1.7647755929160969,0.6603188335034389,1.2963872200854711,5.633268391552115,2.3498235852655696,215.1919442228776,27.630154049542845,0.6627860463888207,0.6616359789809414,178.8093940832427,63.85157031828177,21.930903387661388
1735.625,非储层,2.556954643857484,24.742169214263686,72.70087614187884,90.39392591998694,9.60607408001306,91.72535819595188,22.101706801226907,1.9215019298937235,0.7189604831430552,1.3314322759649435,8.274641804048121,2.3689266327138694,201.74899724431432,27.25848625948942,0.6785556858840809,0.677192406072166,181.9437214064679,63.08623756722781,22.04934591931538
1735.75,非储层,2.6251150728280908,25.531062585564246,71.84382234160766,92.17564160829403,7.824358391705976,93.49977193823368,22.80641016975228,1.9827681884140358,0.7418842273979293,1.3241303299396563,6.500228061766322,2.4118542501581874,185.72417594170105,27.182784421775033,0.6867249638580422,0.6854596620124453,180.71363101101207,61.57921758615399,21.825784882779374
1735.875,非储层,2.696431855465705,24.33422656125831,72.96934158327598,89.95435951128748,10.045640488712515,91.26527934054599,21.737299427307498,1.8898206901346846,0.7071064438161259,1.3109198292585005,8.734720659454009,2.313744896717791,198.94152713540294,27.03161787602871,0.7005380531597675,0.6990374764712475,187.18424672233104,63.184775132179404,21.93676347296371
1736.0,非储层,2.6163784927010374,24.49928373234773,72.88433777495123,87.97442628360136,12.025573716398641,89.28111616402855,21.8847418430984,1.902639197277069,0.7119026919722614,1.3066898804271931,10.718883835971448,2.2409891509081223,182.41006590855747,22.447446949371876,1.124557317198614,1.1471848615098479,158.9221048608069,59.3234501164263,22.101305464200117
1736.125,干层,7.228596620896953,72.54157594316975,20.2298274359333,74.3469509034806,25.653049096519396,76.18005204976033,61.331506858634214,3.5576652997556564,7.652403784779878,1.8331011462797415,23.819947950239662,2.0624145249252175,169.5675118520218,17.99726176532291,1.5478036143609892,1.5930021803829146,141.09072512954518,54.601104542179755,22.044010852077797
1736.25,干层,7.22416165304422,72.14515628780612,20.63068205914965,73.36462891180226,26.635371088197747,75.20599191605163,60.99634713132309,3.5382236425585045,7.6105855139245255,1.8413630042493765,24.79400808394837,2.130248283177651,137.14348151070425,13.396631068110935,1.9673942786788734,2.0365411607144317,100.96976795996174,51.113376778220655,22.051055930047813
1736.375,干层,7.237315011264643,72.39483328488221,20.367851703853145,74.42671444633062,25.57328555366938,76.2261490742269,61.20744078705801,3.550468581782608,7.636923916041592,1.7994346278962736,23.77385092577311,2.0904509509221056,117.16765284594051,8.747346289498505,2.3868450285826976,2.481750259819302,94.23997259766006,46.17011834047449,21.975579789664884
1736.5,干层,7.255183103500633,72.81233710777796,19.932479788721412,75.28949721521575,24.71050278478425,77.08186201250152,61.56042648173739,3.570944272363071,7.680966353677501,1.7923647972857677,22.918137987498476,2.2078340220419332,122.04297668262613,8.722023534878147,2.3812990608790687,2.478313518599271,97.0332753033754,45.72674008059943,22.020535816610202
1736.625,干层,7.287843944445798,72.65769646280708,20.054459592747133,75.43289986837975,24.567100131620258,77.17164596233667,61.42968292324225,3.563360212472013,7.664653327092815,1.738746093956921,22.828354037663335,1.9962314119241038,127.21191023291115,8.587434351373378,2.3689941863581527,2.4702591868320063,91.49648828785824,46.94897658458776,22.03280389657021
1736.75,干层,7.228052878390153,73.05128997411556,19.720657147494283,77.68856867066648,22.31143132933352,79.46034504383522,61.76245323908487,3.5826632667437894,7.706173468286905,1.771776373168748,20.539654956164778,2.0378066232027905,127.31950625512047,8.516206521239525,2.370230819465788,2.4720162111591244,80.0005484048412,46.0744880742404,21.846927579559342
1736.875,干层,7.088834118383788,73.02990263950062,19.881263242115587,76.09568725741775,23.904312742582245,77.88324771323693,61.74437095395982,3.5816143651004966,7.703917320440298,1.7875604558191684,22.116752286763074,2.0067911881410203,95.88561998070412,8.486782218849545,2.375851669065434,2.4772995067418124,94.09657631886697,45.59598906317368,21.936297326421478
1737.0,干层,7.175871774534287,73.13145083109227,19.69267739437343,75.56000990775024,24.43999009224975,77.39169797772006,61.83022659643945,3.586594605366597,7.714629629286221,1.8316880699698015,22.608302022279947,2.064080636165097,122.47179261525872,8.470178675976705,2.398918963561361,2.4993049057535357,87.55882125960359,46.87103742987216,22.08561783909802
1737.125,干层,7.221446114731199,73.04698535489845,19.731568530370343,73.9663469116027,26.0336530883973,75.80018241287311,61.75881382569185,3.58245215478188,7.7057193744247225,1.8338355012704195,24.19981758712688,2.1999231099493715,124.85494899888043,8.474274353422713,2.438784476513873,2.5402219213918187,76.95406434608313,46.91069482963991,21.94930512809021
1737.25,干层,7.34576086480517,73.37693815799551,19.27730097719932,74.33851960576001,25.661480394239987,76.13691761775362,62.037778024402215,3.5986340700886985,7.740526063504596,1.7983980119936163,23.86308238224637,2.2698031905507348,110.3240483629928,8.43563391783417,2.4544532344196095,2.559527673575993,98.0405137812406,46.84354095748371,22.073159668048383
1737.375,干层,7.317560374214131,73.37476519399834,19.30767443178753,75.74260038813998,24.25739961186002,77.5186062903164,62.035940855102226,3.59852750115206,7.740296837744065,1.7760059021764207,22.481393709683594,2.2668235426575682,108.91704732185843,8.472110036398579,2.4646733658482463,2.5690074212023255,81.85475635480569,47.14609741447151,21.90739482759211
1737.5,干层,7.1513678892834855,72.97264944288948,19.87598266782703,73.86525146910476,26.134748530895237,75.63478166819377,61.69596526694545,3.5788064896410074,7.697877686303023,1.769530199089007,24.365218331806226,2.1507684654404,110.85503952103298,8.509856837197532,2.4683165091937784,2.5703404541011583,96.80179753776508,46.821538952289494,22.150606214496023
1737.625,干层,7.08600185689181,72.85627221811865,20.057725924989544,72.77634599351606,27.223654006483944,74.5911020905233,61.597572166624424,3.573098987303679,7.685601064190539,1.814756097007227,25.408897909476714,1.9940092782727357,119.01928679105274,8.54207395536655,2.451865527093721,2.5518129890471206,98.92448171416729,44.63019199047918,21.99205007649425
1737.75,干层,7.214173419453262,73.03101221379016,19.754814366756573,74.8606301040809,25.139369895919106,76.62458812272254,61.74530906237923,3.5816687820868394,7.704034369324092,1.7639580186416501,23.37541187727745,2.196613546400246,118.78548512216378,8.571058027109785,2.4659953087090574,2.5641939055015364,90.2075086929806,45.23964088482085,21.98611501287181
1737.875,干层,7.181677880595429,73.36708788879116,19.451234230613416,73.95769411806891,26.04230588193108,75.6736095147902,62.029449947083634,3.5981509821424282,7.739486959565095,1.7159153967212861,24.326390485209792,2.363330578444995,124.94541107420159,8.488313226072627,2.4919750852679834,2.5928195682607478,84.4900359044134,45.76164015952055,22.151099546945588
1738.0,干层,7.104579035525963,73.88971491339392,19.005706051080125,73.94565492925693,26.054345070743068,75.63596868699098,62.47131383723461,3.6237822426433084,7.794618833515993,1.6903137577340548,24.364031313009015,2.360619023448981,135.3222428953294,13.32094195827369,2.048890657182273,2.126896497642221,115.25276827606181,50.29193898955451,22.048480384645657
1738.125,非储层,1.7799455135974962,22.754467366764743,75.46558711963776,90.6461467695269,9.353853230473108,91.34245282393513,18.453535549185062,3.9187803773156347,0.382151440264044,0.6963060544082373,8.657547176064872,2.217002267860169,179.9732822024431,18.174430648615395,1.6222271042436598,1.6742357064002305,133.04834930143417,54.26933494860822,21.82754160720226
1738.25,非储层,1.7835275421605525,23.071416577281077,75.14505588055836,88.94484395163158,11.05515604836842,89.64435037447495,18.71057665804847,3.9733654540285817,0.3874744652040275,0.6995064228433745,10.355649625525043,2.3078811248567406,179.5668925746365,22.89768486546485,1.1787772546354294,1.2041455545920559,139.61559185017268,58.920908002420575,21.97797206013193
1738.375,非储层,1.7428488283393766,24.66467692718288,73.59247424447774,90.4995443067809,9.5004556932191,91.1866732473502,20.002687171211416,4.247757172125649,0.4142325838458166,0.6871289405693067,8.813326752649797,2.3412117160034804,196.91416209814716,27.490090028351922,0.7209353970603682,0.7189731626802958,162.48566187101818,62.2834041517125,22.001117761933912
1738.5,非储层,1.7505270017373193,26.493591564685193,71.75588143357749,92.53293343485967,7.467066565140323,93.20177569386092,21.48590981648718,4.562733333848411,0.44494841434960103,0.66884225900125,6.798224306139078,2.3564375115827163,197.328446305297,27.16928444101737,0.7307005604143437,0.7286872410955707,169.02398712349947,62.118478347352436,21.969351876450354
1738.625,非储层,1.7770868209195871,26.241673258823884,71.98123992025654,90.1255315711655,9.874468428834504,90.78892883527175,21.281607806786344,4.519347896703974,0.44071755533356616,0.6633972641062427,9.211071164728256,2.278625940066297,193.36817863164543,26.89394075863521,0.7410471046013956,0.7389976489833322,161.72428691337265,62.54393911857578,22.035043400648874
1738.75,非储层,1.8147660165410178,26.06250444295799,72.122729540501,87.70343508638479,12.296564913615216,88.37295248024304,21.136304554480123,4.488491395933155,0.4377084925447111,0.6695173938582574,11.62704751975696,2.3951220111093976,188.31519459624906,26.864148527220955,0.7520136031105438,0.7500034979640237,160.0832538486684,61.68159341106547,22.186351184424947
1738.875,非储层,1.8689666091807076,25.03039617332201,73.10063721749728,85.9067512144917,14.093248785508294,86.55636866800232,20.299280055627026,4.31074143724934,0.4203746804456461,0.6496174535106075,13.443631331997686,2.4501211575624855,205.87317893905228,27.07275695695462,0.7558167239648159,0.7538425532965995,170.5243045365817,61.50056907527919,22.00120104737495
1739.0,非储层,1.862873453325323,24.285410524167084,73.8517160225076,88.0209024165241,11.979097583475905,88.68617042491309,19.695107743494905,4.18243981206807,0.40786296860410853,0.6652680083889829,11.31382957508692,2.3249778815636426,187.54637733986254,27.168830394015906,0.7542794532960303,0.7524471702980198,156.59978848471252,62.84909758788861,22.144966786172095
1739.125,非储层,1.918740638729118,25.10767512865798,72.9735842326129,89.52485003773982,10.475149962260177,90.19094349710221,20.361952142233594,4.324050439339732,0.4216725470846533,0.6660934593623895,9.809056502897784,2.381706283382466,207.03792418237904,27.20257686992438,0.7434454324093989,0.7418176276986401,166.78307760992894,61.62900633231834,22.06252029433128
1739.25,非储层,1.878105518476984,25.50511573995051,72.6167787415725,92.20702617653895,7.7929738234610575,92.88174371843793,20.684270583309868,4.392497766344906,0.42834739029573715,0.6747175418989895,7.118256281562063,2.3166994712610394,182.80815482897373,26.98829011749293,0.7387042455284286,0.7371507484649191,152.38300223023577,60.88801198200334,22.08673863207761
1739.375,非储层,1.8686474529382584,27.194425617166694,70.93692692989505,90.71719870499106,9.282801295008936,91.37644919422223,22.054275838556176,4.683431159394111,0.4567186192164091,0.6592504892311651,8.623550805777768,2.3498293751328387,207.32785426907137,26.541850419520657,0.7461595464307296,0.7445799306518961,155.63965361074813,62.806758498020386,22.02424166735898
1739.5,非储层,1.9132587722995962,28.993409544591586,69.09333168310881,90.45066488899133,9.549335111008672,91.12816531982581,23.513225121879604,4.993252646325327,0.4869317763866544,0.6775004308344811,8.871834680174196,2.190584107625474,189.18565496359537,26.242611631868314,0.7549580803273704,0.7532118191461785,161.4014349487448,62.30306267309122,22.037934140024213
1739.625,非储层,1.8590605915728389,28.390869972165255,69.75006943626191,89.50169553511796,10.498304464882036,90.17754889709411,23.024574465270497,4.889483122085473,0.47681238480928523,0.6758533619761377,9.822451102905895,2.6032229952987427,185.8384003167619,25.986490690766985,0.7649882009676908,0.7631182459758192,158.3342862817124,61.37208329650719,21.981264323825098
1739.75,非储层,1.875441178193845,28.31681014361449,69.80774867819166,90.93032715081559,9.069672849184418,91.61019643790206,22.964513042741917,4.8767285188599105,0.4755685820126643,0.6798692870864816,8.389803562097942,2.399529321191531,191.81213470397412,25.738062410262234,0.7722476670647851,0.77029327870088,169.25640306446815,62.39816858896811,21.959672462567408
1739.875,非储层,1.878846033977237,29.868565528274736,68.25258843774803,90.80212061639446,9.197879383605533,91.47656021949516,24.222963644679194,5.1439722408853426,0.5016296427102017,0.674439603100683,8.523439780504848,2.3230949564703245,186.51228331304083,25.70337939363544,0.7761904828747938,0.7741835585736354,156.77361755408825,59.87443029144563,22.13033028319805
1740.0,非储层,1.9220261544402415,29.401906115855535,68.67606772970423,89.20049551190876,10.799504488091237,89.88242950492432,23.844509782515072,5.063604033675665,0.49379229966479976,0.6819339930155571,10.117570495075679,2.3561882194319277,177.35732608078823,25.699754595331214,0.7817283416956745,0.7796493845126414,150.34170577110962,61.86511549383371,22.066469192046558
1740.125,非储层,1.8662334709172488,28.49761825476237,69.63614827432039,87.18805452789975,12.81194547210025,87.86258358669274,23.111145739208446,4.907867339496983,0.4786051760569392,0.674529058792984,12.137416413307268,2.236710163460274,181.3344005024432,25.75803960762646,0.792776720115519,0.7905621735646426,144.71153130202708,61.225269603357894,22.027834461103065
1740.25,非储层,1.893599796995048,27.847918428439876,70.25848177456507,85.45759612474299,14.542403875257005,86.1275990590167,22.58424881615179,4.7959758638803445,0.4676937484077437,0.6700029342737055,13.872400940983297,2.329134365193426,185.61462616993336,26.126364582643617,0.7961269794886201,0.7937591456501992,150.96957350264822,61.34805961518738,21.9970493273234
1740.375,非储层,1.8514222164047653,26.102703290282992,72.04587449331224,84.63381222322084,15.36618777677916,85.31360958402733,21.168905223447293,4.495414452032373,0.43838361480332544,0.6797973608064868,14.686390415972673,2.298975463828788,200.44090442527275,26.334571916096063,0.7964008447055126,0.7938688051474745,164.7639899193045,60.995348776626315,22.06907671795005
1740.5,非储层,1.7998078587043582,27.3328324769087,70.86735966438694,86.42223303706471,13.57776696293529,87.10649223616316,22.16652174901113,4.707267625319702,0.4590431025778649,0.6842591990984462,12.893507763836842,2.5584343583302527,196.8692584676713,26.492571976049273,0.7892570396258376,0.7867042706260653,160.9320533445489,61.84484494990522,22.05502055562462
1740.625,非储层,1.7747192887882548,26.82767976756463,71.39760094364712,88.22519734832893,11.774802651671068,88.90684980980954,21.7568503939583,4.620270092350999,0.4505592812553291,0.681652461480606,11.09315019019046,2.250835963031101,195.77146331882506,26.41618377167687,0.7881047939777565,0.7853940022709194,153.54751050955807,60.48890287912121,21.99762804284153
1740.75,非储层,1.7603115789166683,28.725905439433507,69.51378298164983,86.94456529411508,13.055434705884917,87.64277851069768,23.2962832601115,4.947183018711191,0.4824391606108168,0.6982132165825982,12.357221489302317,2.4812149680266273,191.36868612536105,25.99426075716569,0.7978389166541211,0.7948581063844923,155.01233456834387,60.50895192859523,21.985842939715837
1740.875,非储层,1.7116882568458718,30.71974100315723,67.5685707399969,86.13695431062747,13.863045689372521,86.84763665645983,24.91325433051087,5.290561905888611,0.5159247667577499,0.7106823458323421,13.152363343540173,2.2332134829860246,190.02469952642463,25.847713610986908,0.797842302521891,0.7947798651871387,153.63669597001754,61.36725559688398,22.180632807571232
1741.0,非储层,1.7597277357642782,28.88939716489325,69.35087509934247,88.32625414698533,11.673745853014662,89.04267903691164,23.428872624614737,4.975339606833351,0.4851849334451631,0.7164248899263079,10.957320963088357,2.3008136999122684,179.2265923348278,25.524995230193586,0.8055332653341603,0.8023997404153799,164.82277752306877,60.05734215358832,22.00517241056806
1741.125,非储层,1.8068112972909494,30.262251949231413,67.93093675347764,89.1612351478461,10.838764852153904,89.86303333398227,24.542237493073753,5.211773020239731,0.5082414359179264,0.7017981861361655,10.136966666017733,2.43181573706321,172.70638341864145,25.31500447540586,0.8111324637967531,0.8080104533299185,160.086269774917,60.14692773200287,22.231400140899453
1741.25,非储层,1.792272620431728,30.957703571626794,67.25002380794149,87.42173827352495,12.578261726475048,88.11037217462818,25.10623844417298,5.331543882254984,0.519921245198831,0.6886339011032303,11.889627825371818,2.3121848648580627,188.04178565260287,25.36624418771175,0.8042620393935173,0.8013858968342746,157.97714985510072,59.566458215028796,22.096558767560452
1741.375,非储层,1.835571992514296,30.01022572758223,68.15420227990347,88.1963708146998,11.80362918530019,88.89095594658562,24.337847965269514,5.168368997809816,0.5040087645028973,0.6945851318858044,11.109044053414385,2.1636942866847075,204.32300477378553,25.129956403931928,0.8179382403219762,0.8150102623798903,145.1332310257995,61.56883647799516,21.957066079957446
1741.5,非储层,1.8073566926215403,31.481565883028207,66.71107742435025,85.90693193084611,14.09306806915389,86.59598783298117,25.5310830090009,5.421763587829527,0.5287192861977812,0.6890559021350611,13.40401216701883,2.2647305773366284,188.3636305009979,25.057564005070486,0.829249751439657,0.8262094250075416,173.21353517841112,61.15015618580682,21.935933715242086
1741.625,非储层,1.8590242620671074,31.11705900355104,67.02391673438186,85.55314161327138,14.446858386728623,86.25576123572844,25.235473335966795,5.358988116812436,0.5225975507718077,0.7026196224570646,13.744238764271554,2.1584877174451558,185.8864738369049,25.211138790365972,0.8326903716610146,0.8295248880875098,151.74684793618835,61.067736745057104,22.114315186902793
1741.75,非储层,1.8340403514144115,29.368945394572155,68.79701425401343,84.0601736599585,15.939826340041508,84.77852438526413,23.817779126414635,5.0579275295542745,0.49323873860324596,0.718350725305637,15.22147561473587,2.3085967109117034,178.432259274177,25.43900138884287,0.8421719413150297,0.8388115302223844,152.92625961706335,61.49998942290065,22.061937211870895
1741.875,非储层,1.8645737723106972,27.732399377565375,70.40302685012392,81.5930369569763,18.406963043023694,82.29608173038729,22.490564579225445,4.77608114244053,0.46575365589940076,0.7030447734109784,17.703918269612718,2.4721945084930748,185.01822079358703,25.7909032638725,0.8374794650374254,0.8341229090713865,155.1560530668537,59.729477740827704,21.86136371353146
1742.0,非储层,1.9047997267558177,27.691762362769268,70.40343791047492,83.19361714215498,16.806382857845026,83.91565819567116,22.457608562937935,4.769082625023758,0.4650711748075763,0.7220410535161816,16.08434180432884,2.4280192919134,202.53708893447026,26.13018118325518,0.8319861739606863,0.8286663581666232,164.10079052349187,60.703561061005914,22.134149015505677
1742.125,非储层,1.9031705185608108,27.48774633214235,70.60908314929684,83.34702785197126,16.652972148028734,84.05633892868649,22.292154587984587,4.733946930366878,0.4616448137908846,0.7093110767152141,15.94366107131352,2.333939082551032,186.7889273986466,26.290104865504084,0.8299442508999513,0.8267073902192728,150.36576011967654,62.8226594060841,21.929325559424992
1742.25,非储层,1.9303110150689191,27.612231455391544,70.45745752953954,82.82754650605429,17.172453493945717,83.54906447143293,22.393110176625566,4.755385791158196,0.4637354876077825,0.7215179653786503,16.45093552856707,2.3456586152848127,203.43093909973095,26.36340917314562,0.8265450854711923,0.8234138034503806,152.04890492410027,61.75864014148285,22.042333354275474
1742.375,非储层,1.9498127405940826,26.871150894673224,71.1790363647327,81.95757279509567,18.04242720490433,82.66851536944803,21.792104833296804,4.627756701338463,0.4512893600379563,0.7109425743523643,17.331484630551962,2.4651019486513643,179.20333582124974,26.619757377053652,0.8282104095072664,0.8251069690568082,147.37198041974435,62.19031800505344,22.79488734005661
1742.5,非储层,1.977565498452371,24.992848004630208,73.02958649691742,79.53657034131447,20.463429658685527,80.24643637352766,20.268829047717563,4.3042748817241385,0.4197440751885072,0.7098660322131897,19.753563626472335,2.411486658554304,197.22046591413093,26.82154102472896,0.8319912938027485,0.8287963859423487,145.0054762456967,61.20271150038838,22.60876142815871
1742.625,非储层,1.9635523942123319,25.390143154606058,72.6463044511816,79.54103492710732,20.45896507289269,80.26939160850773,20.591029521823433,4.37269715734295,0.4264164754396754,0.7283566814004185,19.730608391492265,2.2920709694335355,194.59245297611204,26.948569840814535,0.8310195605178861,0.8278050317024815,159.61080512263035,61.295004312301955,22.720855377905046
1742.75,非储层,1.9711754474215062,26.249250948009973,71.77957360456853,81.65939304942997,18.340606950570038,82.40163922662354,21.28775320032697,4.52065292833619,0.4408448193468098,0.7422461771935885,17.598360773376452,2.23088388949094,188.72486055924153,26.849354701012082,0.8378533195543604,0.8344918912726753,169.6016339249504,60.82563701932293,22.941954027769633
1742.875,非储层,1.9250791226406943,28.002644339355232,70.07227653800408,80.64513610457689,19.354863895423115,81.3661816863344,22.709729235070622,4.822622801107404,0.47029230317720483,0.721045581757521,18.633818313665596,2.329687896230387,186.259890379794,26.641233049668045,0.8432007947202058,0.8396833147656273,156.73627445612263,60.325959150429824,22.098324636950228
1743.0,非储层,1.9464881381372585,27.245525884886202,70.80798597697654,80.02041750645019,19.979582493549806,80.756744814197,22.09571739777773,4.692231660991756,0.45757682611671446,0.736327307746824,19.243255185802987,2.4186911270277953,194.0862418425789,26.300770272278093,0.8601707319595846,0.8563284825260522,160.4023983180642,60.38888890690417,22.00566055070021
1743.125,非储层,1.9473943591222258,29.142190258512933,68.91041538236485,77.64861642110739,22.351383578892616,78.40476684143069,23.633884074213107,5.018875700156487,0.48943048414334045,0.7561504203232984,21.595233158569314,2.4092723708973502,179.00322505100354,26.155809383535644,0.8834259195366714,0.8790931777314952,149.90626641730006,61.27128131520897,21.854784302161796
1743.25,非储层,1.924253215570526,28.051139972089345,70.02460681234012,75.36752371534232,24.632476284657677,76.12587215968462,22.74905847394994,4.830974731780215,0.4711067663591896,0.7583484443422956,23.874127840315385,2.505435549733302,199.01010867684715,26.29495137228472,0.8972689263273357,0.8926108418200203,140.03848892267058,61.92998594714991,21.94183260883777
1743.375,非储层,1.9544765939203206,26.682971591893867,71.36255181418582,74.44125818669148,25.558741813308515,75.18527372009079,21.639494209743745,4.595348412132546,0.448128970017575,0.7440155333993156,24.814726279909205,2.2059986839872003,184.56568733386595,26.372475563377527,0.91705247129401,0.9120308190619149,144.62003576663315,61.57788797199445,22.089301940539613
1743.5,非储层,1.9301476883947468,26.655330745632398,71.41452156597285,72.72327181335757,27.27672818664243,73.445734945261,21.617077893383797,4.590588098291931,0.4476647539566725,0.7224631319034228,26.554265054739002,2.32323350392541,178.16703612131607,26.6969819654634,0.917153823103517,0.9121985965889912,164.12427581548857,61.524855237931106,21.967329984032222
1743.625,非储层,1.9630807831547692,25.74688662784289,72.29003258900234,73.99570596846506,26.004294031534936,74.70585821707371,20.880343187540394,4.4341356124877125,0.4324078278147861,0.7101522486086418,25.294141782926292,2.342428913514674,184.49286013900345,27.077766557074764,0.9106351789338684,0.9058890970087519,162.81428029010144,61.90909950488454,22.302830022974895
1743.75,非储层,1.9408537289508168,23.993998593081255,74.06514767796793,73.31380249342814,26.68619750657186,74.02039428169725,19.458776989490815,4.132252772360748,0.4029688312296942,0.7065917882691202,25.979605718302746,2.2758372484788723,201.48964960013288,27.431395765667098,0.9082522046589663,0.9035472094703824,154.68221075165715,62.70333321355916,22.06653347512462
1743.875,非储层,1.8860831544853371,22.991528982628694,75.12238786288596,71.49627794092957,28.503722059070423,72.19553765235581,18.645789003646595,3.9596071913864086,0.3861327875956909,0.699259711426238,27.804462347644186,2.152667101079266,215.1012841643859,27.804359903319575,0.8971726153181288,0.8926265034430213,156.65518888867223,62.05238889813285,22.038403534414226
1744.0,非储层,1.9332253609848773,22.63759011649111,75.42918452252401,72.23985968555539,27.760140314444616,72.95643617415885,18.358749832690304,3.8986517464167245,0.3801885373840838,0.7165764886034712,27.043563825841144,2.359240058098013,204.84934009628023,28.243927942104254,0.8882524944209982,0.8836715221087162,150.2063542384053,62.40411729135704,21.792907011341008
1744.125,非储层,1.90150418729924,21.081091048388846,77.01740476431192,72.29489903334324,27.705100966656758,73.02845225733687,17.096452173837985,3.630591065976526,0.35404780857433216,0.7335532239936255,26.971547742663137,2.2593350448082865,205.7706105713576,28.391038816832175,0.8859052112526493,0.8812260859166301,161.96645984324658,62.61576654230484,22.17646818292641
1744.25,非储层,1.856151563986477,22.471003207406337,75.67284522860719,72.55457827723836,27.44542172276163,73.27219901360927,18.223650320173707,3.869962104953502,0.37739078227912864,0.7176207363709062,26.727800986390726,2.457144691884827,193.72918302115687,28.44847606713755,0.8806080415001971,0.8759197475169866,161.06392071016123,62.999926857882016,21.917268930953963
1744.375,非储层,1.822136369087399,22.369041327366478,75.80882230354612,72.56060189249509,27.43939810750492,73.27222536790885,18.14096074771966,3.852402203054061,0.3756783765927564,0.7116234754137627,26.727774632091162,2.6355180547566395,207.410557009473,28.617522627220275,0.873071416551441,0.8683707084436408,152.68720822254286,62.95853271102756,22.102107318454028
1744.5,非储层,1.7810160976847833,20.86533042214874,77.35365348016647,72.95866714718221,27.04133285281779,73.66945702255884,16.921473506033543,3.59343271396245,0.3504242021527486,0.710789875376643,26.33054297744115,2.5050978669437374,225.93368235768452,28.73073788703766,0.8636598639595559,0.8590963235472959,171.45548807758468,63.072366064111215,21.840887164427002
1744.625,非储层,1.826826900908543,19.834410187736438,78.33876291135502,74.27886001927104,25.721139980728957,74.99854609608718,16.08541248612638,3.4158873590185093,0.3331103425915506,0.7196860768161379,25.001453903912818,2.520436370654077,208.81850282467062,28.799333768009127,0.8517952105760834,0.8473613954193773,165.20150382177485,62.422909304535544,21.934113089995055
1744.75,非储层,1.7736499535390642,21.675340712808133,76.5510093336528,75.78105803462721,24.2189419653728,76.50060246698791,17.57837983800602,3.732932900070787,0.3640279747313291,0.7195444323607031,23.49939753301209,2.3540295562797153,198.79324329035683,28.686458753499643,0.84728984583409,0.8428257771231431,160.32331801502835,63.114107987099665,21.918323674610935
1744.875,非储层,1.7665489896035256,23.53897896714433,74.69447204325215,75.18658793226696,24.813412067733044,75.92609242861084,19.08976282152711,4.053889172252069,0.39532697336515166,0.7395044963438809,24.073907571389164,2.4853738596713133,202.84991350708665,28.51179490156283,0.8419788996959967,0.8375690008265585,174.5296241569768,64.24364395578577,22.127564795329643
1745.0,非储层,1.7549186708709321,22.660921415932634,75.58415991319643,76.54774748717207,23.45225251282792,77.27355772404604,18.37767117049677,3.902669868966244,0.3805803764696192,0.7258102368739651,22.72644227595395,2.315327439277561,205.8066416994107,28.096510122397483,0.8439925499266521,0.8395338776579746,161.93839383425646,62.87555432563297,22.009424138127574
1745.125,非储层,1.744889419400332,24.260799588176774,73.9943109924229,77.94788887918078,22.05211112081922,78.66047984419951,19.675148639426432,4.1782013101742805,0.40744963857606076,0.7125909650187334,21.339520155800486,2.2624063539015626,192.34119564939442,27.651898009948656,0.8498031615650588,0.8453213153691743,180.85913325909365,61.935134395152076,22.01120509663846
1745.25,非储层,1.7841485066473226,26.391554956886644,71.82429653646604,78.59648760787809,21.403512392121904,79.31648988557612,21.40315964092917,4.545160562314639,0.4432347536428328,0.7200022776980299,20.683510114423875,2.321977232760246,198.10484120355417,27.232484691491777,0.8590029832128114,0.8545103968154231,181.69335173461542,62.267837998427545,21.876677504259668
1745.375,非储层,1.780246265723217,28.019444387186276,70.20030934709051,76.74824032295163,23.251759677048366,77.46864721695317,22.723353824689934,4.825516109780251,0.4705744527160931,0.7204068940015406,22.53135278304683,2.3877304074384362,168.85554127662016,26.546827927458224,0.8833192549149259,0.8786130081866601,166.5819743557296,60.92216388571689,21.883791471489936
1745.5,非储层,1.8007948430165974,30.059703379543656,68.13950177743975,76.13720838941536,23.862791610584633,76.8513472241214,24.377973607177267,5.176890052093218,0.5048397202731716,0.7141388347060224,23.14865277587861,2.363568231257663,186.0484092518238,25.965903570122354,0.9068383991812016,0.9018821564549572,164.86915496084458,61.220975971530514,21.97593668708296
1745.625,非储层,1.8369442540835317,30.523193149696127,67.63986259622034,76.71722979533313,23.282770204666882,77.44769516305222,24.753856936473948,5.256712382674902,0.512623830547277,0.7304653677190942,22.55230483694779,2.3098311603140886,194.3219309568471,25.699761164055715,0.9248996323407345,0.9197252109365646,154.47056331982802,62.10773205309858,21.928353788970323
1745.75,非储层,1.817637645914437,29.337382417574087,68.84497993651148,75.6848790737518,24.315120926248202,76.40140751402302,23.792182020198794,5.052491745322719,0.4927086520525752,0.7165284402712269,23.598592485976976,2.2506982796466626,175.86517080198695,25.447638240425334,0.9327232683750658,0.9276036683910969,161.59380229264744,59.908408877501536,22.078705143577405
1745.875,非储层,1.8550356801856362,30.689204382287194,67.45575993752718,77.16560391596497,22.834396084035035,77.86823226347211,24.888489583892355,5.285302880980393,0.515411917414444,0.7026283475071419,22.131767736527898,2.2421739696263034,192.88529130399723,25.358983999189697,0.9339714298330433,0.9289958668922795,153.3612739624198,59.59873603014804,21.947472291662557
1746.0,非储层,1.9101002828641287,30.93537283280028,67.1545268843356,76.7861636557865,23.2138363442135,77.48903501135732,25.088128546185363,5.327698076518738,0.5195462100961785,0.7028713555708264,22.51096498864268,2.061425111274988,188.14384235083264,25.268196267447593,0.9302429101578247,0.9254195184375644,166.08510410579586,61.803557759190554,21.955014357697245
1746.125,非储层,1.858327422664224,31.42128154612187,66.72039103121391,78.9982985326596,21.001701467340396,79.71694765803082,25.482193305883307,5.411381403411838,0.527706836826728,0.7186491253712192,20.283052341969178,2.31576187310848,188.13212714472738,25.065846045141,0.9333760876367635,0.9286324269793353,138.37814094230959,58.97315668810559,21.933740151419993
1746.25,非储层,1.8420712446296112,31.46858348473086,66.68934527063954,77.077337749113,22.922662250887004,77.77776618354741,25.520554476531547,5.419527755767272,0.5285012524320405,0.7004284344344223,22.222233816452587,2.360821865224241,179.58325242411874,24.89120172122008,0.9411975387347804,0.9363484174228356,150.97381573560529,60.09866560727187,22.069476214748537
1746.375,非储层,1.8719996235537266,32.57722251777515,65.55077785867113,76.83705111907429,23.162948880925715,77.55309316405491,26.419644289434768,5.610457862730169,0.5471203656102132,0.7160420449806262,22.44690683594509,2.3354714146338,192.05340687495044,24.57450596973201,0.9489347139518874,0.9439569388066928,147.17684248989644,60.43931143012406,22.168327581123588
1746.5,非储层,1.8305745391215993,34.35908732136191,63.81033813951649,78.27584714164094,21.72415285835906,78.98802792464888,27.86471021722955,5.917331089634359,0.5770460144980061,0.7121807830079301,21.011972075351125,2.1225642030362306,177.6443775191948,24.277486790696553,0.9611916998760566,0.9561079397247907,149.82321373276605,60.056364584332165,21.85704495087453
1746.625,非储层,1.8188879231003037,34.6624898720854,63.5186222048143,78.8231775622435,21.176822437756503,79.5283222301392,28.110765185919657,5.969583157021325,0.5821415291444192,0.7051446678956972,20.471677769860808,2.2404590451259083,179.62243235796126,23.82994368627239,0.9814351122053229,0.9762009620632237,156.5818567835703,58.80739883908542,22.002878664167866
1746.75,非储层,1.8392431679470966,36.32396368052707,61.836793151525825,76.58983524261298,23.41016475738702,77.27932480427148,29.4581958022434,6.255722614957176,0.6100452633264974,0.6894895616585,22.720675195728525,2.2384812456077054,164.098328291747,23.49031438330264,1.0025392154394002,0.9970751909842643,156.10559760595174,58.98520383906137,22.0624498175299
1746.875,非储层,1.796547640595763,36.35063696720966,61.852815392194586,74.94543479254195,25.054565207458058,75.63673373509978,29.47982744213534,6.2603162954316725,0.6104932296426502,0.6912989425578333,24.36326626490022,2.209853244824171,173.2009653165546,23.34787177095977,1.0267395372260921,1.020906581762957,156.31574469713394,58.93109121031886,21.95530706796072
1747.0,非储层,1.7836188766950392,36.080265008182934,62.13611611512203,73.19212436011487,26.807875639885125,73.88908349897393,29.260559793414632,6.213752765267135,0.605952449501166,0.6969591388590507,26.11091650102607,2.288415856104163,178.47529062576317,23.282967048436166,1.0490571398157216,1.0428094203703582,150.37378252673432,58.99024911520429,22.17751066278478
1747.125,非储层,1.782369030312346,35.55353843839462,62.664092531293036,73.24879918883825,26.751200811161745,73.95564004340413,28.83339235751648,6.123039776357006,0.5971063045211306,0.7068408545658711,26.044359956595876,2.1247068708039936,178.23651503960212,23.33689329653745,1.0632258074230538,1.0565344150574032,141.7411388985613,59.12068938466729,21.832961508659476
1747.25,非储层,1.7467673317274364,35.92541204219925,62.32782062607332,72.09792937288383,27.90207062711617,72.8080133193822,29.13497633471981,6.187083946582662,0.603351760896774,0.7100839464983691,27.191986680617795,2.1585382409471516,164.56391128992104,23.490286992132944,1.0602415311335875,1.0534269586018792,156.24541834689916,58.14252503627679,22.69098865687134
1747.375,非储层,1.7936384800599905,34.725262965810686,63.481098554129325,73.8739711175463,26.12602888245369,74.59574205466556,28.16167323390516,5.980393955795431,0.5831957761100972,0.7217709371192454,25.40425794533444,2.3410557786987525,178.87342413922417,23.50036602096867,1.0636279596247409,1.0565775409628477,157.5600805498671,59.801556192413315,22.864326795607784
1747.5,非储层,1.7546687388162236,36.01470983818403,62.23062142299975,72.18992707245576,27.810072927544237,72.92479208479625,29.207395522833878,6.202462836582692,0.6048514787674631,0.734865012340494,27.075207915203748,2.125806707251802,168.61893646159194,23.510103897857885,1.0617599885368032,1.0546618608358822,155.56766740796905,59.122225775670906,22.574935493817055
1747.625,非储层,1.7272530215137738,35.46603057057257,62.806716407913655,73.6198523959669,26.380147604033098,74.33440213268909,28.76242477459489,6.107969148257724,0.5956366477199555,0.7145497367221905,25.665597867310908,2.1602560582158734,153.9115582174426,23.706172708503647,1.0422798831542366,1.035438981723666,148.48004094575907,58.80136856926798,22.785696561405043
1747.75,非储层,1.7699873893928675,33.70766503859029,64.52234757201684,74.99720384458307,25.002796155416927,75.72000859950909,27.336416407539442,5.805142972113305,0.5661056589375463,0.722804754926017,24.279991400490907,2.2251579856631016,176.39616313661028,23.68761874407797,1.0392173635500814,1.0323332314003424,151.4605805189509,59.190148488128685,23.033924105016755
1747.875,非储层,1.7436385629499025,34.92076654082253,63.335594896227576,74.93854372231992,25.061456277680083,75.678868223183,28.320223733608053,6.014063633098907,0.5864791741155645,0.7403245008630891,24.321131776816994,2.4356660884367622,156.92742378267587,23.925569103531508,1.0127383413268165,1.0062274094550587,158.98634325983966,59.258836935682794,23.904656208022647
1748.0,非储层,1.7090895490272624,33.33828844186266,64.95262200911007,76.62337762913724,23.376622370862766,77.35445405683762,27.036857466040935,5.741528837105685,0.559902138716041,0.7310764277003975,22.64554594316237,2.313383309690838,166.49121523184138,24.29217462267033,0.9831217690973313,0.9769402534930243,148.05613087145167,60.68875555032175,24.02581643783023
1748.125,非储层,1.7189567819807436,31.38497719704195,66.8960660209773,77.83119225851773,22.168807741482265,78.56702440588262,25.45275101723124,5.405129058828575,0.5270971209821368,0.7358321473648882,21.432975594117377,2.3550161270901913,179.75905286507498,24.389677414993837,0.964189534863866,0.9582546716688871,167.44517576558857,59.21880273862064,24.13029817386117
1748.25,非储层,1.760431449765508,32.52267245268394,65.71689609755055,79.58033711531036,20.419662884689636,80.32118268608134,26.375404995710788,5.601063236118388,0.5462042208547666,0.7408455707709926,19.67881731391865,2.1810795940136574,162.81800654168543,24.554211148725223,0.9404341557856727,0.934940334550393,156.19293490103513,60.293260965430754,22.875757212441126
1748.375,非储层,1.7558017668685235,32.98386606092352,65.26033217220795,80.08801396723585,19.91198603276415,80.80936122497526,26.749426171751878,5.680490121089223,0.5539497680824166,0.7213472577394086,19.190638775024738,2.3188262052149407,174.67678426224668,24.418502245069057,0.9412621715125534,0.9358996546190848,154.20331178726525,59.16236769983213,22.09698513227226
1748.5,非储层,1.7612887825804453,34.73284379886773,63.50586741855182,78.06694541163952,21.933054588360477,78.78342254161846,28.167821177078505,5.981699528865931,0.5833230929232922,0.7164771299789452,21.216577458381536,2.2991392473581924,180.3626863109374,24.13515993192958,0.944518884590471,0.9392838328461172,142.98009761526578,58.59045157692678,21.945510293034292
1748.625,非储层,1.7334758837607478,34.36713662050798,63.899387495731276,80.33377262835903,19.666227371640975,81.04504264173255,27.871238079452986,5.918717342058391,0.5771811989965986,0.711270013373528,18.954957358267443,2.2065743845108656,181.5649501618958,23.98887746829684,0.9554698667191365,0.9500713346618022,147.08281137431717,59.63098617858217,22.070854825235994
1748.75,非储层,1.6932503563198082,34.193164725675715,64.11358491800448,77.95380201946419,22.04619798053581,78.68106452281035,27.730149453026364,5.888755856400025,0.5742594162493273,0.7272625033461574,21.318935477189648,2.2043245404617586,187.34788030159882,23.985042165842014,0.9676504434453912,0.9619333717282821,161.22493510752597,60.77966941319208,21.96708969315599
1748.875,非储层,1.6518125636130576,33.19637048457674,65.1518169518102,76.31695035825676,23.68304964174324,77.0412805410818,26.921764107553077,5.717087689034115,0.5575186879895513,0.7243301828250425,22.958719458918196,2.380211095360578,188.31262340365373,24.209099153966843,0.9621361155888962,0.9563660061388375,155.00866463256332,59.00051587589137,21.936414502090898
1749.0,非储层,1.673711333206318,32.39443603044578,65.9318526363479,76.97094723222204,23.02905276777796,77.68398509714348,26.271407159227543,5.578978325624809,0.5440505455934302,0.7130378649214365,22.31601490285652,2.2622132404183555,186.16867199765667,24.4141559825753,0.970090737342838,0.9641006335281663,157.89468120324332,61.186946879003514,22.06926785220654
1749.125,非储层,1.6993622559685513,32.3153973714814,65.98524037255005,75.3298407948084,24.6701592051916,76.03267008151605,26.207307979077566,5.565366266910951,0.542723125492886,0.702829286707648,23.967329918483948,2.1920665759486755,173.24185130189431,24.50239268044011,0.9728054912824646,0.9668247484411654,157.12173635784106,61.049658694805785,21.832301847326377
1749.25,非储层,1.7119508230036247,33.283503914408804,65.00454526258757,76.04735244829163,23.952647551708374,76.7506027663816,26.992428026818306,5.732093831323908,0.5589820562665944,0.7032503180899734,23.249397233618396,2.152766345992262,199.86022772511066,24.657953047307824,0.9751832845653359,0.9691488270220804,161.220634962999,60.274100431467666,22.151312412158372
1749.375,非储层,1.6901314569149746,31.5645409326333,66.74532761045172,73.78446247115075,26.215537528849254,74.50382244717967,25.598374543577506,5.436053572778775,0.5301128162770188,0.7193599760289194,25.49617755282033,2.213265285269602,173.84570864130086,24.66333431049756,0.9892330324292644,0.9829795514192136,162.28410538846475,60.603825202425426,21.971750974255915
1749.5,非储层,1.6963785173749537,32.44128140053812,65.86234008208693,72.82012385907927,27.179876140920722,73.52630211888543,26.30939805958042,5.587046047629765,0.5448372933279294,0.706178259806143,26.473697881114578,2.4306928339802214,183.0658933064868,24.521663791049388,1.0072583461715021,1.0007180578847186,166.06794767839204,59.24010836500398,21.981680430556796
1749.625,非储层,1.7195616207380273,33.93211143954176,64.34832693972021,71.97822624015124,28.021773759848756,72.68837320702028,27.51843910981082,5.843797190541305,0.5698751391896302,0.7101469668690283,27.311626792979727,2.1201636311708913,178.0772263328187,24.340227613022243,1.035689806049664,1.0286420326025894,151.55124219068693,59.57571876435233,22.06702215038733
1749.75,非储层,1.7563139024150691,35.38122348569102,62.86246261189391,70.53761104898425,29.46238895101576,71.2655202183692,28.693647486581092,6.093363649709487,0.5942123494004365,0.727909169384964,28.734479781630796,2.3326573042803185,165.99761090844194,24.03587807922857,1.0636436594418024,1.0561834903547935,152.29434022290516,59.4784452781296,21.843193932584743
1749.875,非储层,1.7662285670681437,34.928614757757636,63.305156675174224,69.90629863611998,30.093701363880008,70.64303525306065,28.326588521140778,6.015415255091481,0.5866109815253783,0.7367366169406612,29.35696474693935,2.4598831672107235,171.67306068178348,23.632138572310538,1.0851348814125625,1.0773797392337818,140.892856481762,58.72034221371911,22.060600361189948
1750.0,非储层,1.7634585704419292,36.79605581644078,61.44048561311729,71.95585059791544,28.04414940208455,72.69634717958712,29.841055522585552,6.337026447241373,0.6179738466138507,0.7404965816716784,27.30365282041287,2.1461924737176035,170.70538435322555,23.445760501291794,1.0964734719308358,1.0884859366725,149.40417239282903,58.76225667367744,22.012212192718476
1750.125,非储层,1.7778343424282483,35.93760936332937,62.28455629424238,71.2751126384604,28.724887361539597,72.02593416945919,29.144868181250498,6.1891845724479095,0.6035566096309612,0.7508215309987963,27.974065830540805,2.350826421606908,167.5967231786326,23.300642161249094,1.1006195027765542,1.0925572685245584,149.77428736710164,58.39625984997179,21.999802533588706
1750.25,非储层,1.7842663293576588,36.91503261814795,61.30070105249439,71.24154992847116,28.75845007152884,71.99369942084333,29.937543944153195,6.357516663442471,0.6199720105522819,0.7521494923721682,28.006300579156672,2.220249974313066,177.64861125517928,23.130494723430346,1.1001096081707193,1.0920605976325168,147.5440710355091,58.77999602918864,22.082783571096165
1750.375,非储层,1.731229151564357,36.722397765480274,61.54637308295536,72.02988006275689,27.97011993724311,72.78054052410218,29.781319935723666,6.3243410382584795,0.6167367914981292,0.7506604613452834,27.21945947589782,2.219765359940551,173.20308539949156,23.12756605645337,1.104742206382732,1.0965122080479797,136.22128119851135,59.478195052609124,22.013440334274918
1750.5,非储层,1.7032806175087865,36.88943306612913,61.40728631636209,70.83796168926376,29.16203831073624,71.58711316883763,29.916783087148367,6.353107901835248,0.6195420771455129,0.74915147957387,28.412886831162364,2.443973848905988,179.7048267078253,23.141653592380028,1.1061369026975074,1.0976867871225315,150.00315537626904,59.61136972811211,22.117924463177463
1750.625,非储层,1.6614857187064145,35.85651160224192,62.48200267905166,70.73970482871458,29.26029517128542,71.51083872385321,29.0790990998185,6.1752178946227945,0.6021946078006303,0.771133895138632,28.489161276146792,2.276377933980444,161.26070037319906,23.30070562461652,1.108952588692344,1.1002518617226458,141.61035429827874,59.59289572236108,22.07723758535979
1750.75,非储层,1.695394676166796,35.31105601923006,62.99354930460315,68.69124112722757,31.308758872772437,69.44904596603966,28.63674271197737,6.081279390110654,0.5930339171420342,0.7578048388121087,30.55095403396033,2.110584021863511,181.95986684125117,23.424663953833072,1.1101714725432135,1.1013788334229324,143.03105834748968,58.32870037456205,22.550061456803377
1750.875,非储层,1.7030152330584716,35.44728798468255,62.84969678225898,70.25252272420174,29.74747727579826,70.99699228928623,28.747224815420708,6.104741295167511,0.5953218740943331,0.7444695650844881,29.003007710713767,2.216637462503256,167.26896201248553,23.6221495276922,1.1090136028705002,1.1001308636772196,156.90206433979466,60.018437661284636,22.778417589245787
1751.0,非储层,1.6539298885804354,34.83448429583428,63.51158581558528,68.81196705245894,31.188032947541068,69.55220421615986,28.250250112626723,5.999204082087639,0.5850301011199162,0.7402371637009265,30.447795783840135,2.0841293374934855,177.36884153638962,23.680375401433622,1.110220126892085,1.101462323658411,152.80029192704444,59.184127608907616,22.702669892785494
1751.125,非储层,1.6929805761022627,35.24028422623541,63.066735197662325,69.77629198717268,30.22370801282731,70.5082116015577,28.579347837517954,6.069091053236641,0.5918453354808124,0.7319196143850077,29.4917883984423,2.1525483201440254,162.81278543500562,23.663460055742892,1.1044323760805603,1.0960127610549086,138.41064160054302,59.93413395715241,21.775949619170337
