#DEPTH,CASE,POR,Vma,Vsh,Sw,Sh,Sxo,Vma1,Vma2,Vma3,Shm,Shr,DEN,AC,CNL,RT,RXO,GR,SP,CAL
1500.0,非储层,2.4213653884339057,43.232802549581365,54.34583206198474,92.58055322253563,7.419446777464367,93.20087672734894,36.15122434627981,4.319296853405048,2.762281349896499,0.6203235048133,6.799123272651064,2.308025671735824,165.7714458757249,20.237129466301155,0.721758597349212,0.7200526519095993,180.16087274170548,58.30382967831652,22.191142862924302
1500.125,非储层,2.3577278820413876,41.958246663177064,55.68402545478155,94.84081239635088,5.1591876036491175,95.44708997721848,35.0854420450184,4.191958700313507,2.680845917845161,0.6062775808676013,4.55291002278152,2.004843935737061,161.82683626188168,20.237129466301155,0.721758597349212,0.7200526519095993,182.72060368827061,56.27998966253805,21.89213140977923
1500.25,非储层,2.412586686349399,43.292174394457724,54.295238919192876,95.26184092660499,4.73815907339501,95.87003701347676,36.200871020966616,4.325228567465483,2.7660748060256264,0.6081960868717755,4.129962986523239,2.2830250292955947,151.26669275703355,20.20391461425154,0.7048115316414605,0.703334838910225,179.72644805535526,55.064494284897144,21.97013788189483
1500.375,非储层,2.424568052720264,44.47757939390754,53.09785255337219,97.05784557130578,2.9421544286942214,97.6741785339899,37.19210544365215,4.443659846082274,2.8418141041731153,0.6163329626841265,2.3258214660100918,2.239776927875425,158.78490773440112,20.125229910001412,0.6997653614089137,0.6983865281024205,172.7000624296275,54.984246617945004,22.127567967193713
1500.5,非储层,2.387451610210636,43.94640578958525,53.66614260020411,96.63959126317576,3.3604087368242386,97.24118727631961,36.747938630393755,4.390591427139738,2.8078757320517576,0.6015960131438441,2.7588127236803928,2.1835254947084937,151.89594617109293,19.952011472015958,0.7068942629635571,0.70549494023524,169.8404794449301,56.39609740044295,22.01188126800678
1500.625,非储层,2.3216163664599363,43.886478146082794,53.79190548745727,94.27122914446524,5.728770855534759,94.85990945343306,36.6978271974762,4.384604184427095,2.8040467641794997,0.5886803089678245,5.140090546566933,2.049389353456378,171.5864454584566,19.947034067795652,0.711096833170261,0.7096375577140106,172.50739734589126,56.854698748214005,21.946777042774976
1500.75,非储层,2.364320926127784,43.473256543579474,54.162422530292744,93.20601117360775,6.793988826392249,93.80521216814338,36.35229172496792,4.3433200977569175,2.777644720854635,0.5992009945356368,6.194787831856619,2.2619780869699215,160.98408491756487,20.031831561615473,0.7152981238256964,0.7137165656281604,168.6861850859921,55.784286456707335,21.960303850875814
1500.875,非储层,2.303190568039963,43.82145656026187,53.87535287169817,93.3426845460324,6.657315453967605,93.94461628692778,36.643456215311275,4.3781080168303355,2.799892328120262,0.601931740895389,6.0553837130722155,1.9666251058161481,179.02909369282156,20.140674209657004,0.7216962236640407,0.7199530258117273,169.52725555295618,57.04986769274228,22.016479596087496
1501.0,非储层,2.251455413788869,43.097715065206266,54.650829521004866,91.41052735746631,8.589472642533691,91.99879763966852,36.03826433290992,4.3058005517131415,2.7536501805832043,0.5882702822022223,8.001202360331472,2.0685378405584656,151.88505751457214,20.12283368622361,0.7274521747845513,0.725553347405588,176.41463056882242,55.68992780684751,21.943799796785463
1501.125,非储层,2.1960481858108847,44.28401760462438,53.51993420956474,91.75704281524189,8.242957184758115,92.35811803264897,37.0302492775797,4.42432150162886,2.8294468254158245,0.6010752174070914,7.641881967351027,1.9589491335888858,151.76836297958096,19.9465485231377,0.7392107681506508,0.7371791101372508,190.19661718003576,56.55595117573759,22.06909469475681
1501.25,非储层,2.2554970426083565,45.56713523591074,52.177367721480906,90.77003741370878,9.229962586291219,91.36339564122949,38.10319090097092,4.552515040343074,2.911429294596741,0.5933582275207132,8.636604358770505,2.1094951166646325,160.18999998539437,19.84387141307294,0.7450688824495215,0.742997920133524,180.8208850332556,54.890846822602825,22.0607048511896
1501.375,非储层,2.246238731588006,45.019320256213234,52.734441012198765,92.35483581931746,7.64516418068254,92.94145054633407,37.64510858700146,4.497784017172833,2.8764276520389447,0.5866147270166099,7.05854945366593,2.4196738477007944,163.99759159787075,19.536672640210167,0.7590568169986656,0.7569748908838365,175.5237383951879,57.95746998293257,22.2233246701903
1501.5,非储层,2.310656415326066,46.410125671357704,51.27921791331623,90.39552614231941,9.604473857680585,90.97544832432723,38.808098622802305,4.63673641209201,2.9652906364633886,0.5799221820078218,9.024551675672765,2.220380200847369,148.61509248963867,19.268053577059828,0.7740981801644741,0.7720943854403599,182.6331494156122,54.36838634334255,22.06711694618802
1501.625,非储层,2.3389101706363746,47.149661666946294,50.511428162417324,89.76926159468087,10.230738405319128,90.33203901398957,39.426497850055995,4.710621871982385,3.012541944907915,0.5627774193087026,9.667960986010426,2.07257325006209,145.93817565848846,19.095865188712615,0.7824141040558825,0.7804763844802701,173.37498381143607,56.798518981266746,22.015387541055524
1501.75,非储层,2.3686421649151272,47.35896902206388,50.272388813020996,90.21977187684811,9.78022812315189,90.79763597177416,39.60152044183695,4.731533322247888,3.0259152579790345,0.5778640949260478,9.20236402822584,2.148263534336528,160.7566549659284,18.923764417873805,0.7975836104841502,0.7956652773672115,158.21972951242648,56.08084208236315,21.988641262860785
1501.875,非储层,2.406990735018929,46.89844138633711,50.69456787864396,88.62409953640137,11.37590046359862,89.19241236618693,39.21642771374636,4.685522990957904,2.996490681632844,0.5683128297855469,10.807587633813077,2.114372736631083,142.87979790556932,18.97435261964194,0.7974684991947427,0.7956245042105421,165.6942147363719,54.80692799976743,22.131767155113614
1502.0,非储层,2.4743534570435255,45.76821119154324,51.757435351413235,89.50044307015268,10.49955692984732,90.08499000766162,38.27133040509806,4.572604109088105,2.924276677357071,0.584546937508939,9.915009992338387,2.0997562675131083,146.03249394858986,18.96516067827671,0.8040661715284192,0.802136466003678,155.58469665523546,54.140282313208544,22.10327596290448
1502.125,非储层,2.438566610555142,47.27742965780013,50.28400373164473,87.14506737407899,12.854932625921013,87.74175953737893,39.53333731058677,4.723386898728637,3.0207054484847293,0.5966921632999445,12.258240462621073,2.1849692351674315,162.82724502679181,19.090159024755557,0.8038297505806788,0.8018856762978495,167.60863694778863,56.72987354458851,21.955265572543734
1502.25,非储层,2.5083673581456796,45.988487536070764,51.50314510578355,88.01373638988306,11.986263610116932,88.61807208506926,38.45552525436929,4.5946114476293936,2.9383508340720788,0.6043356951861869,11.381927914930746,2.119773043403188,163.75585553917114,19.137000406807605,0.8056599489151595,0.8036824424032816,173.86124357559046,54.08577861305947,22.047060534871168
1502.375,非储层,2.484595877637059,46.39970890399837,51.115695218364564,87.00249427096486,12.997505729035142,87.59019978007525,38.7993881328141,4.635695695140426,2.9646250760438453,0.5877055091103943,12.40980021992475,2.137427448939873,145.71733277743544,19.086752399686745,0.8171079719932819,0.8150303300129906,181.91846065063964,55.49422471817864,22.066885577872487
1502.5,非储层,2.4711456140087384,46.48047335586247,51.04838103012879,85.57136747785601,14.42863252214398,86.14676050200059,38.866923283124905,4.643764698818907,2.9697853739186617,0.5753930241445615,13.853239497999414,2.1728133556827327,153.22257808023528,19.07780983972759,0.8236642339601323,0.8215833445999182,165.9340787307359,56.83041321226044,22.02006328364143
1502.625,非储层,2.4429497049539006,47.47396472244009,50.08308557260601,84.70252697730034,15.29747302269966,85.26859206892954,39.69767972640775,4.743022296764875,3.0332626992674654,0.5660650916292029,14.73140793107046,2.1894565480802948,150.25343918902402,19.087860618098908,0.8359797084849312,0.8337388793251927,156.11607369644935,55.44732730674178,21.808041176916547
1502.75,非储层,2.4252804584623253,46.157545591014596,51.417173950523086,82.87016958304598,17.129830416954018,83.45090595897292,38.596891423375126,4.611501676383918,2.9491524912555453,0.5807363759269495,16.549094041027068,2.0960579478541463,148.0027566073266,19.2518540477057,0.84218700576963,0.8397942480082555,171.9532066146465,55.35878887144354,22.17507909849813
1502.875,非储层,2.4249937211866706,44.890285071910974,52.68472120690235,81.72443313063445,18.275566869365544,82.2985329767571,37.53720950063238,4.484892387838924,2.8681831834396703,0.5740998461226429,17.701467023242902,2.1115267323132594,159.62665468211821,19.441128513202358,0.8415246000842966,0.8390418592052428,181.8756334788645,54.829743610136674,21.902342487376295
1503.0,非储层,2.4854944803591112,44.548829184032165,52.96567633560873,82.61052326628679,17.389476733713217,83.1986254969901,37.25168444375206,4.450778260252582,2.8463664800275277,0.5881022307033131,16.801374503009903,2.2388160754931987,151.05595627888806,19.794216574738027,0.8353860587024322,0.8328634879802281,179.1643803771522,56.827815770265126,22.000512940702425
1503.125,非储层,2.5177236439883846,43.75700565793943,53.72527069807218,81.12306303540318,18.876936964596823,81.69664050804823,36.589562438091846,4.3716688650015545,2.7957743548460314,0.5735774726450543,18.303359491951767,2.180579575671114,169.7652514090785,20.131661687419154,0.8256138721635948,0.8231672525028736,166.88650998424305,54.901228793301584,22.006126595693896
1503.25,非储层,2.5295421583340376,42.51284228692322,54.957615554742745,81.16020858132855,18.839791418671446,81.73318282480764,35.54919432646068,4.247367163130872,2.716280797331666,0.5729742434790959,18.26681717519235,2.3073005737224896,167.85368626261518,20.206305379710784,0.8265544774205451,0.8241419075555905,172.1199241237785,56.79084123692221,21.962700284793446
1503.375,非储层,2.581329022778926,44.04769572274101,53.37097525448007,80.18829755472167,19.81170244527832,80.77164038418645,36.832637166727,4.400711087762238,2.8143474682517766,0.5833428294647821,19.228359615813538,2.296886859867318,160.4235049072877,20.254371497479163,0.835457377872544,0.8329125004705267,177.60437032250644,56.08088606072935,22.061736868842175
1503.5,非储层,2.536048990406591,44.17102371501974,53.292927294573666,78.52401635455942,21.47598364544058,79.12178364502273,36.935763905085714,4.413032523745375,2.8222272861886557,0.597767290463314,20.878216354977262,2.162936554747184,156.73424529969,20.305301606390845,0.8344356193516074,0.8318970218269877,172.04846158813436,56.932193330364484,21.751161856659927
1503.625,非储层,2.5806486896753142,43.18320998616836,54.23614132415633,80.7144515116121,19.285548488387903,81.29930679056719,36.109755096540695,4.314342166443534,2.759112723184127,0.5848552789550922,18.700693209432817,2.324334767755054,150.1506835179329,20.10441199570927,0.8445093653126663,0.8419267768059068,174.38902212805678,57.39439960927188,22.160895447924904
1503.75,非储层,2.5691296088382125,44.686841746692586,52.744028644469196,80.51661634090036,19.48338365909965,81.09686872789077,37.367090404529634,4.464566800260967,2.8551845419019832,0.5802523869904114,18.903131272109242,2.2570203791359478,160.64832887572237,20.168208156259592,0.8349244686900712,0.8323846034596081,184.61742608621196,57.41402181416298,22.153095956170898
1503.875,非储层,2.4930861412887086,43.300173933211695,54.20673992549959,82.86161310990259,17.1383868900974,83.44559579948525,36.2075602269192,4.326027784276122,2.766585922016372,0.5839826895826497,16.55440420051475,2.08349857956003,157.39857535230033,20.13556597884141,0.8239254393565966,0.8215129054466926,161.82190215367527,57.09405026345653,22.088922355030117
1504.0,非储层,2.457423596330446,44.377036815981654,53.1655395876879,83.1790585170808,16.820941482919196,83.77080008019605,37.10803184498171,4.433614852122641,2.835390118877301,0.5917415631152395,16.22919991980395,2.038940954834475,159.56222032102127,19.998131941096513,0.8290628495283978,0.8265926696958616,186.20250345463813,53.622053731952604,22.544093676633782
1504.125,非储层,2.49354586805872,44.714748678878124,52.79170545306315,80.95246483557933,19.04753516442067,81.53311894217023,37.39042615208149,4.467354922179247,2.856967604617392,0.580654106590911,18.466881057829767,2.3408074534111454,168.23879275603937,19.952822325092217,0.8307141317959257,0.8281280824279602,172.50343487204742,55.3171140017584,22.338487208412058
1504.25,非储层,2.451432321063915,45.246531895143605,52.302035783792476,80.62164295372834,19.378357046271656,81.21674899460687,37.835102722210195,4.520484246147428,2.8909449267859806,0.5951060408785214,18.783251005393133,2.13580391328409,153.70454165339953,19.75146337858814,0.8437048602141233,0.8409753760158701,172.25538021553953,56.02963637697813,22.59936915950844
1504.375,非储层,2.5125117488192066,45.536434365592925,51.951053885587875,81.13818605548454,18.86181394451546,81.74938842212778,38.07751886527043,4.549447782040575,2.9094677182819244,0.6112023666432352,18.25061157787222,2.1558264952687285,162.52822641679555,19.62948138384882,0.8516869133790296,0.848904295322901,163.69785920148786,55.79917501552208,22.59620099326261
1504.5,非储层,2.4675750844231064,45.733339676407134,51.79908523916976,82.11742866977166,17.882571330228348,82.7113225365824,38.24217088055569,4.569120170580346,2.922048625271098,0.5938938668107475,17.2886774634176,2.223540768641679,150.87698163004654,19.660519724997783,0.8411269546362311,0.8383811584648415,162.9074754552196,54.85293625725714,23.15608147830464
1504.625,非储层,2.426110077537408,44.27206684069073,53.30182308177186,84.57885417746851,15.421145822531479,85.17945207472107,37.02025606125791,4.4231275263598455,2.82868325307297,0.6005978972525521,14.820547925278927,2.275854480177524,148.97271762497064,19.73043902727793,0.8284777421238576,0.825904846612953,178.0264179134113,54.6688835548918,23.17572614359989
1504.75,非储层,2.4871299174120076,44.309044301812904,53.203825780775084,84.37638739722023,15.623612602779769,84.96638141452945,37.051176575634706,4.426821865427704,2.8310458607504927,0.5899940173092285,15.033618585470542,2.281496912430778,158.2647033133829,19.708195158698253,0.8174697262573295,0.8150310246960766,169.38633650173304,55.28572644588627,23.36375253579523
1504.875,非储层,2.416976972174464,45.64760019589925,51.93542283192628,85.80034609992174,14.199653900078257,86.39464705514175,38.17047561648811,4.5605541224287,2.916570456982443,0.5943009552200106,13.60535294485825,1.9519990640023193,163.08032059945128,19.73558262918462,0.8107470575434442,0.8083443974888125,173.23698528269793,54.938808482511625,23.299711543700397
1505.0,非储层,2.418487179476781,45.381467265864096,52.20004555465913,84.26100181513962,15.738998184860375,84.85896874409222,37.947935538300946,4.5339653504893835,2.899566377073764,0.5979669289526006,15.141031255907777,2.3073350546774876,160.40712437362728,19.73824760117831,0.8064850325383308,0.8041085923596493,175.9438197993494,55.13839718830039,22.23488154307896
1505.125,非储层,2.3570091558321464,44.22233210957873,53.420658734589125,86.32493214295542,13.675067857044576,86.91908829136635,36.97866793103735,4.418158635727538,2.825505542813843,0.594156148410927,13.080911708633646,2.2032528324304743,151.86337253367097,19.654362170915206,0.8080169106975809,0.8055975587712505,165.60232814775728,56.825033193753434,21.950356213317896
1505.25,非储层,2.3587443548475124,45.27504533930146,52.366210305851034,85.1667199078415,14.833280092158496,85.74636265086309,37.85894563443994,4.523332963379893,2.892766741481624,0.5796427430215889,14.253637349136905,2.2574483887741406,159.94878657503526,19.673570997901933,0.811652246730891,0.8091236113540088,165.17994807515205,55.460541716844986,22.095881772218625
1505.375,非储层,2.305009542780745,45.59290331918145,52.1020871380378,83.99219702048632,16.007802979513684,84.58068520902157,38.124738145293676,4.555089474440004,2.913075699447771,0.5884881885352532,15.419314790978433,2.0554539468833113,168.19426472535454,19.549409296271556,0.8218984642217587,0.8192489769079437,173.9487082864725,54.81990715332444,21.745153425159685
1505.5,非储层,2.3185371264806744,46.86726481780483,50.814198055714485,82.4134993933338,17.58650060666621,83.00198914104821,39.19035789969568,4.682408206664033,2.994498711445122,0.5884897477144256,16.998010858951783,2.200488023499078,156.03188665749485,19.20002855788246,0.8417424109498621,0.8389027210918342,179.16711400537721,54.65664350208548,21.93458672501036
1505.625,非储层,2.2566825951263954,48.146964726016066,49.59635267885754,84.40978800627737,15.590211993722637,85.01085848758426,40.260441626620434,4.810260287974294,3.0762628114213375,0.6010704813068996,14.989141512415738,2.130862015420511,147.22045632837512,18.854916883555603,0.8622237358712265,0.8591770404781209,165.0934999379214,55.41775890836617,22.095629769796815
1505.75,非储层,2.22481227015105,49.17186438539859,48.60332334445035,83.32351762546426,16.676482374535738,83.90808316644957,41.11746165154875,4.91265582129069,3.141746912559146,0.5845655409853002,16.091916833550435,1.9727690273118614,153.05910518773163,18.642512789478655,0.8749067725169559,0.8717089097927733,162.6180271353809,55.61145092477861,21.88082041707136
1505.875,非储层,2.2242121891675395,47.99026815439393,49.78551965643853,82.80057587033667,17.19942412966332,83.40001136920733,40.129412117059765,4.794605068584558,3.066250968749605,0.5994354988706647,16.599988630792662,2.233740437109565,149.8263200617777,18.47161458182773,0.886572517836183,0.883193641584233,157.34695856379437,54.08985403798107,22.004023207775177
1506.0,非储层,2.2580274022657205,48.802778762247996,48.939193835486286,81.15252197539687,18.847478024603138,81.76655172456081,40.8088326388864,4.87578126593696,3.1181648574246346,0.6140297491639473,18.23344827543919,2.2464693193829426,143.57885990469197,18.393291456483084,0.8938020323121834,0.8903422656043901,157.81771333422466,53.75613605127495,21.973893329877104
1506.125,非储层,2.260447812923276,49.03996069991631,48.69959148716042,83.12706631268861,16.872933687311388,83.73770614416497,41.007163927488364,4.899477606137908,3.1333191662900393,0.610639831476356,16.26229385583503,2.0059909318447944,159.3636634638026,18.366949014066083,0.8889463329925301,0.8855114626450002,160.7995892142762,55.62660240008435,22.091606584146366
1506.25,非储层,2.196262527263933,49.39015456100614,48.41358291172992,85.61824422547033,14.381755774529658,86.21584870256814,41.29999566844315,4.934464725942422,3.1556941666205716,0.597604477097803,13.784151297431857,2.0597099401459285,147.81780446000383,18.225007602378337,0.8914897166833088,0.8880045358055968,167.67567817088084,54.80097533486896,22.050436288101835
1506.375,非储层,2.1372405068257323,49.52525668158536,48.337502811588905,84.40448405586368,15.595515944136318,85.01586880455773,41.41296792059165,4.947962489906184,3.16432627108753,0.6113847486940464,14.984131195442274,2.239878433231023,159.55977687289607,18.145506145024715,0.8925177598471041,0.8889975551209135,165.42041210793988,54.58222426762939,21.871235766342508
1506.5,非储层,2.167069221535552,49.68331406051419,48.14961671795025,82.18875495545448,17.811245044545522,82.80443575664174,41.545135335801156,4.9637536646439715,3.1744250600690638,0.6156808011872519,17.195564243358263,2.3255335254011347,149.00306090720923,17.95745213081776,0.899100569394042,0.8955539407891462,161.15451940306335,55.98873597526824,22.87622657189821
1506.625,非储层,2.204199054909188,51.07037689824758,46.72542404684323,84.22645556683214,15.773544433167864,84.83606298718472,42.704995832279025,5.102332146657161,3.2630489193113967,0.6096074203525755,15.163937012815287,2.2511294024761246,142.32773693041156,17.739683821660634,0.9072680184900905,0.9037243205681577,161.86977274121247,53.15032153331401,22.758431116092478
1506.75,非储层,2.192709595548074,51.70594479416623,46.101345610285705,86.71982728031827,13.280172719681726,87.31592287333653,43.23645704315698,5.165830376035614,3.3036573749736333,0.5960955930182619,12.684077126663462,2.1648136819299326,152.22830719951583,17.597880353804136,0.9100530586216105,0.9066264122848827,165.05962157473994,54.50653438485678,22.7925257801776
1506.875,非储层,2.2040175192692675,50.949740076602666,46.84624240412806,86.05668963711877,13.943310362881235,86.65038392648887,42.604119447994066,5.0902795797772304,3.255341048831372,0.5936942893701082,13.349616073511129,2.1860153764702703,159.05146735235525,17.583232393268833,0.9043861819913345,0.9010834081266579,159.68831356455868,54.60828570296593,22.8777976276148
1507.0,非储层,2.1672486334956957,49.75682585537501,48.075925511129284,84.50800465425591,15.49199534574408,85.10785240859526,41.60660582189938,4.9710980708703865,3.179121962605249,0.599847754339344,14.892147591404736,2.1077894110983895,143.6264570342807,17.580431629503106,0.9008033204674413,0.8976000989284987,162.0113238883816,54.380952409841036,22.16443851179204
1507.125,非储层,2.184934095359807,51.0649185318762,46.75014737276399,85.579312504661,14.420687495339003,86.16365939033955,42.70043155201916,5.101786812945205,3.2627001669118396,0.58434688567856,13.836340609660446,2.1812237554534906,161.09670214725017,17.514196455204488,0.9011536853253018,0.8979781091140109,160.25571867888672,53.64057723562818,22.17123921906239
1507.25,非储层,2.1295605560419837,52.42653456182449,45.44390488213352,87.91403675470876,12.085963245291243,88.49426749003418,43.839013454399854,5.237822958808214,3.34969814861642,0.5802307353254201,11.505732509965828,2.11835185288856,133.20422081663634,17.383653275767706,0.9060909983969341,0.9029262779560056,155.889692204533,53.8357695541798,21.983921994469235
1507.375,非储层,2.1125517212401146,52.40286338443266,45.48458489432722,86.79305238963198,13.206947610368013,87.36066442146888,43.81921964058334,5.235458022093606,3.348185721755718,0.5676120318368983,12.639335578531119,2.1023184424826087,134.99567662049174,17.097911832829567,0.9213410030254384,0.9181674175425069,161.97772319008044,54.28354998890283,22.092587955092196
1507.5,非储层,2.1131467913677637,52.88506700006668,45.00178620856557,84.5162866348252,15.48371336517479,85.08678677034433,44.22243780043731,5.283633954184057,3.3789952454453056,0.5705001355191286,14.913213229655664,2.188346797911735,164.37278392799615,16.940302712471066,0.9306478027895273,0.9274731971090313,144.47047261340353,53.019330802862314,22.02821138459075
1507.625,非储层,2.1206318706319873,52.82643611327011,45.0529320160979,85.30787359577322,14.69212640422678,85.86314838415295,44.173410714123094,5.277776267660906,3.3752491314861124,0.5552747883797383,14.136851615847046,2.104565118686302,142.77811242363794,16.84407001840577,0.9455238470947773,0.9423302575022883,160.68909640675415,54.6374709542005,22.162449931417516
1507.75,非储层,2.138630268804172,53.58421272227589,44.27715700891993,84.53594553904031,15.464054460959687,85.07645935780636,44.80706272326855,5.353484108231937,3.4236658907754016,0.5405138187660391,14.923540642193645,1.9348213067139872,146.77114049956626,16.744066333189167,0.964183848614344,0.9608776271228268,161.83546381165834,53.39592754789611,21.902135863558126
1507.875,非储层,2.079395410033137,53.66741897540243,44.25318561456444,82.32831124950121,17.67168875049879,82.86589721012703,44.87663970524517,5.361797067052983,3.4289822031042734,0.5375859606258183,17.134102789872973,2.123054147902585,139.2277101796359,16.619381754016345,0.9733691598075969,0.9700193809658982,150.45319087081623,52.71768113808987,21.996554227398658
1508.0,非储层,2.0273323961100678,54.31627492940079,43.65639267448913,83.88637556195552,16.113624438044482,84.4362279555199,45.41921237641338,5.426622877898905,3.4704396750885067,0.5498523935643792,15.563772044480107,2.080569138332453,135.71126424996993,16.42415768113245,0.9886947338521865,0.9851760602746467,147.0601399115515,52.52663676119538,22.158319690660253
1508.125,非储层,1.995810734962284,55.07004371318447,42.93414555185325,84.03986958513255,15.960130414867457,84.59863475735187,46.04951304629327,5.501930305222358,3.518600361668838,0.5587651722193385,15.401365242648124,2.021609519897063,136.74802398890373,16.39743176076742,0.9863121624207506,0.9826463554600731,166.74480090193018,55.254542336945406,22.002742416607617
1508.25,非储层,1.9701637476754117,53.94705737834151,44.082778873983074,85.871931772467,14.128068227533008,86.44339685621064,45.110473045771556,5.389735141909934,3.4468491906600236,0.5714650837436541,13.556603143789358,2.0417246253726726,143.21338546332424,16.385208157677873,0.9715892609839879,0.9679362429023503,144.26154115367365,53.32972675870657,21.864945558617407
1508.375,非储层,1.9529325944763483,53.70796782219867,44.33909958332499,87.62894122725918,12.371058772740817,88.2007000859128,44.91054660859321,5.365848215626461,3.431572997978994,0.5717588586536186,11.799299914087202,2.125166141820464,125.86574855812478,16.433504223777508,0.9577007705272883,0.9540935920828238,157.50918993602218,54.78080891877513,21.95497093979312
1508.5,非储层,1.908943626119085,53.75256346002237,44.33849291385854,87.72358311933043,12.276416880669572,88.2817070050219,44.94783743437259,5.370303670437808,3.4344223552119817,0.5581238856914705,11.718292994978096,1.9563895413031676,144.26627824186977,16.6588470705967,0.9368079470509418,0.9333099408370484,166.83850011216697,53.51341496086691,22.066547348374403
1508.625,非储层,1.8815261491361173,52.63053515672782,45.48793869413606,86.68173332322769,13.318266676772305,87.22412643138163,44.00959853883122,5.2582042220087235,3.3627323958878783,0.5423931081539379,12.775873568618367,2.2653409488172582,143.9494560155235,16.65639370406032,0.9310102815176989,0.9276022012225716,133.94290191796367,52.861447228071015,22.049085088021734
1508.75,非储层,1.8740168585291441,53.97761233554983,44.14837080592102,87.99869440107575,12.001305598924251,88.5400673554305,45.136023069082256,5.392787822345686,3.448801444121884,0.5413729543547438,11.459932644569504,1.947660647616016,143.38179023776206,16.746348175947848,0.9248339960388092,0.921523036954469,150.82491204663916,53.744923504660974,21.886732113778386
1508.875,非储层,1.9040146971240537,52.76001220764597,45.33597309522997,88.06731901965699,11.932680980343013,88.6001992402519,44.11786711360308,5.271139997291336,3.3710050967515497,0.5328802205949165,11.399800759748102,2.3115815554312276,136.302570992149,16.921955086135075,0.9110101687249713,0.9078639084509789,161.4724767691357,52.82125636290541,22.088603060523603
1509.0,非储层,1.9030513140972107,51.8059840719282,46.29096461397459,89.39049506372808,10.609504936271918,89.91114206308237,43.32010978275593,5.17582508635213,3.3100492028201445,0.5206469993542856,10.088857936917627,2.0736063426695046,139.96947603792833,17.0309795020016,0.9032949759135834,0.9001916963330898,161.26814553804022,54.91576699150167,22.051674788267974
1509.125,非储层,1.8473036557084777,51.45500108027263,46.6976952640189,87.4092075140135,12.59079248598649,87.94333386063724,43.02661817164612,5.140759126200275,3.2876237824262384,0.5341263466237357,12.05666613936276,2.1068542994439166,125.95340165460745,17.14592281832633,0.9019570884696402,0.8987987540976436,168.1920882350674,53.58504749028275,21.96168707299762
1509.25,非储层,1.8697748110297334,52.797775307691495,45.33244988127878,86.11494178107768,13.88505821892232,86.66202532013735,44.149444578427186,5.274912827864011,3.3734179014002983,0.5470835390596691,13.337974679862652,2.2196922721312635,132.3486870758575,17.067956261412924,0.9169510189574499,0.9136483177382977,173.16806654550126,54.1696158984318,22.000877996508724
1509.375,非储层,1.888255819553172,53.737137591826055,44.374606588620765,84.25167458794868,15.748325412051312,84.78468408594667,44.934938339495226,5.3687625049330965,3.433436747397737,0.5330094979979839,15.21531591405333,2.0316412536971447,145.75993029957374,16.82641526133094,0.9378528842524043,0.9344086152265727,146.1694800763578,53.42707419831926,22.024463565098962
1509.5,非储层,1.916785155516286,54.498064205318485,43.585150639165235,86.55924527425816,13.440754725741844,87.09108384785182,45.571224379103036,5.444785055716399,3.4820547704990505,0.5318385735936731,12.908916152148176,1.9565325882924556,139.35151798914927,16.522354239865777,0.9549357959042899,0.9514955151396961,138.21861794996013,52.93641392119538,21.907772903528638
1509.625,非储层,1.973155327000519,54.64865229474527,43.37819237825421,87.33601684002477,12.663983159975235,87.87592244178558,45.69714598223071,5.459829989712419,3.4916763228021437,0.5399056017608156,12.124077558214418,2.244539471081072,150.86527145721286,16.364572301196958,0.9556962886600111,0.9524118552922219,148.48513253244536,52.534668879093054,21.914850963220033
1509.75,非储层,1.9781048709133178,54.32246536728906,43.69942976179762,89.13356709027077,10.866432909729228,89.67029982163608,45.42438881411122,5.427241351310648,3.4708352018672,0.5367327313653073,10.329700178363922,1.7807409614437586,150.50475022422592,16.34204274852418,0.9399616842746338,0.9368640141695734,150.9541244445618,52.90795106771034,22.161816250580785
1509.875,非储层,1.9492760679237973,53.73140336317754,44.31932056889866,90.46912098097566,9.53087901902434,91.01771670778288,44.930143383487284,5.368189610410938,3.4330703692793243,0.5485957268072227,8.982283292217119,2.23613674889662,155.6095630018969,16.52287001260235,0.9214349008952395,0.9184930124183477,157.062944921283,53.05294064782712,21.9962304309888
1510.0,非储层,1.9890073863181486,52.38304973748535,45.627942876196485,89.69965821078638,10.300341789213618,90.23515779920814,43.80265148969632,5.2334784829967385,3.346919764792295,0.5354995884217639,9.764842200791858,2.0846150127204846,130.54512193045346,16.64732765400216,0.9026027811910488,0.8998318568770352,156.94952347001083,53.198684535382654,21.91910397921688
1510.125,非储层,1.9829335234700156,53.14443181880664,44.872634657723346,91.82871680937866,8.171283190621336,92.36155704323286,44.439318391027,5.309546538596846,3.395566889182791,0.5328402338542068,7.638442956767133,2.1130340169569823,131.16908952417,16.86589274171974,0.8866497567571844,0.8839729673347645,154.05302864586957,53.69703358302701,21.993704553596487
1510.25,非储层,1.9891801781447966,51.89669724756618,46.11412257428902,90.73839655780934,9.261603442190658,91.26987696783578,43.395964045497536,5.184888045748439,3.315845156320205,0.5314804100264393,8.730123032164217,2.197079974059251,131.69048760955118,16.90266835455912,0.8808357854824174,0.8782563438444648,151.02935874229738,53.16216605741327,21.829315523017108
1510.375,非储层,2.0016599529178647,53.239764224291704,44.758575822790434,91.98485763479079,8.015142365209215,92.52522440505535,44.51903524894314,5.319070995369385,3.4016579799791833,0.540366770264572,7.474775594944649,2.289275475023129,137.3398478846432,16.868546024581434,0.8723519539212032,0.8698301868359861,151.15354042650623,52.74699937877919,21.927893942417164
1510.5,非储层,1.9465371615673202,52.64570340179348,45.40775943663919,93.91940518380257,6.080594816197438,94.46553362734737,44.02228220951575,5.259719648937355,3.3637015433403814,0.5461284435448047,5.534466372652636,2.044688461747232,151.3631586986719,16.917032160921188,0.861007730906599,0.8585348747709421,148.43056433899352,55.68945545054562,21.95387838094521
1510.625,非储层,1.9204401697865026,52.549012156833484,45.53054767338002,95.59839576913937,4.401604230860623,96.13741547449052,43.94142909144964,5.250059433418627,3.357523631965218,0.5390197053511451,3.8625845255094826,2.0751372115257123,147.44147111885542,16.88062835288089,0.8575133740858989,0.8550390104865029,160.67243079596085,54.13833463780306,22.039996776066484
1510.75,非储层,1.9545214144674459,52.24408197580489,45.80139660972766,92.9621233758426,7.037876624157402,93.50904974825158,43.686446792495644,5.219594511096866,3.338040672212382,0.546926372408982,6.490950251748417,1.9260964050063871,131.29009047422113,17.000445939297517,0.8549764280094464,0.8524138000402324,164.64607285865023,55.110840973120034,21.811067467472164
1510.875,非储层,1.9715571210006781,52.019790612195926,46.008652266803395,90.47422300038988,9.525776999610114,91.03468707348532,43.49889458846118,5.197186040584896,3.323709983149852,0.5604640730954209,8.96531292651469,2.1955944759920767,144.45662019012644,16.95332572797553,0.8677161609414181,0.865001629671469,149.7184743452237,53.05866674818513,21.998077736509625
1511.0,非储层,2.012977227041675,53.239537807777936,44.747484965180384,89.73498452450835,10.265015475491657,90.31177734514884,44.51884591969076,5.319048374579665,3.401643513507514,0.5767928206405092,9.688222654851153,2.1125425682695496,141.63071557574472,16.855012666099967,0.8868641977150451,0.8839565657686578,163.89506166014795,53.93317205400571,22.134306555318602
1511.125,非储层,2.0031730206489113,53.73337427309535,44.26345270625574,89.81878234612293,10.181217653877074,90.39119836846749,44.931791456302435,5.368386519806219,3.433196296986695,0.5724160223445589,9.608801631532515,1.9676986871829198,129.48658693367742,16.83417339146235,0.9016907730166023,0.898569457542567,151.59791952811645,54.20178113321591,22.116051719450674
1511.25,非储层,1.9537301914923286,52.651494804792534,45.39477500371514,87.47992603415872,12.520073965841272,88.04988295055722,44.0271249746559,5.260298255626613,3.364071574510017,0.5699569163984993,11.950117049442778,1.996499503738121,130.4337331718575,16.667801914904874,0.9217581017518124,0.9184509189537013,161.8011496548161,53.216246802980514,22.117128657791767
1511.375,非储层,1.917733938376787,53.9976755021073,44.08459055951591,86.31598138009296,13.684018619907034,86.8756434230208,45.15279986800673,5.394792290413229,3.4500833436873393,0.5596620429278397,13.12435657697919,2.061242607404388,132.20806534657805,16.671107451382937,0.9321322979748919,0.9286671818178214,161.1123726733917,53.812687799316365,22.05193919086358
1511.5,非储层,1.8726574234246778,53.44189416543394,44.68544841114139,85.80190673813216,14.19809326186784,86.3587013531711,44.6880560946529,5.339265365552843,3.4145727052282013,0.5567946150389307,13.641298646828904,2.1592389419013194,128.45112626853705,16.7028447047477,0.9419228904476429,0.9383111265115295,149.94538227780754,54.81051413902682,21.88168076421505
1511.625,非储层,1.842719429110557,53.653864746195666,44.50341582469377,85.53855863128409,14.46144136871591,86.08002668543561,44.86530567293642,5.360442892997393,3.428116180261851,0.5414680541515128,13.919973314564393,1.9354702676776459,136.48000613387575,16.55619231892428,0.9585423105150117,0.954805637728336,147.7370481459159,53.107698537012624,22.057774007592567
1511.75,非储层,1.8887602574879905,54.38079721090605,43.730442531605966,84.5479595792631,15.452040420736912,85.10222933144075,45.47316584083095,5.433069161069203,3.4745622090059,0.5542697521776727,14.89777066855924,2.1818465609787343,137.20682942423161,16.48372636544763,0.9673481048107465,0.963528200129719,150.30969464255242,53.63119334385121,22.14403905676036
1511.875,非储层,1.842857419314352,54.885505737977525,43.27163684270812,84.76154228645426,15.238457713545738,85.31037382260867,45.89520258412826,5.4834935107367135,3.506809643112547,0.5488315361544008,14.689626177391336,2.032086448666247,139.9612030268798,16.288604624079014,0.9748631622148897,0.9710565429448866,162.21112487599993,53.57824723525434,21.870793500844066
1512.0,非储层,1.8149752257283773,55.54990775143971,42.63511702283191,87.23954737016236,12.760452629837648,87.78200442890144,46.45077485398622,5.549872495139865,3.549260402313629,0.5424570587390874,12.21799557109856,2.0364673534075917,125.13941560950079,16.03174624598144,0.9870527364804706,0.9831899074062336,156.86190698828858,52.380938375425444,21.911829438130997
1512.125,非储层,1.7636353276995216,56.452346542013565,41.784018130286924,86.74718280873,13.252817191269994,87.28813789096236,47.205393228295996,5.640033224924755,3.606920088792816,0.5409550822323496,12.711862109037641,2.0403545752667673,130.1047447495335,15.853526999442291,0.9906746517609466,0.986857791184191,159.8458982359272,53.902248741694095,22.160482427196904
1512.25,非储层,1.7719699150948158,56.31550812032658,41.912521964578616,87.07922375922887,12.920776240771136,87.60987861629862,47.090969082974304,5.626361990830234,3.5981770465220357,0.5306548570697561,12.39012138370138,2.140243050851442,124.37463448640656,15.67088014329427,0.994047766195345,0.9903299770437956,143.52623854077945,52.1126226951137,21.809367293148828
1512.375,非储层,1.77420521438292,56.82654720205921,41.39924758355787,87.54620653252067,12.453793467479324,88.06472612583043,47.51829942946863,5.677418812676638,3.630828959913939,0.518519593309765,11.93527387416956,2.2243012795772805,125.8269780272793,15.55805899393081,0.995993503351858,0.9923917055594423,153.0926376647697,52.34271977548899,22.092601030798352
1512.5,非储层,1.7992184143664585,56.727167949628274,41.47361363600527,89.05730322186736,10.942696778132643,89.5657498340536,47.43519860236226,5.667490044079544,3.624479303186466,0.5084466121862569,10.434250165946391,2.2038938880049113,126.59064143446703,15.635280910750405,0.984558732141991,0.981175288755681,142.327655453921,51.88354160819763,22.062268400767433
1512.625,非储层,1.7839084549151247,55.53316092910412,42.68293061598076,89.08101733646507,10.918982663534926,89.57628330846748,46.436771178636995,5.548199355931837,3.5481903945352897,0.49526597200241,10.423716691532514,2.035646059596883,147.28301282022397,15.760922000574036,0.969890698851754,0.966729422220033,158.2953691044637,53.92450527471754,23.234248729520356
1512.75,非储层,1.8253741504296503,54.84016324570031,43.33446260387003,89.59414028697698,10.405859713023025,90.0882070243342,45.857287239434775,5.478963439293996,3.5039125669715427,0.4940667373572245,9.9117929756658,2.085613087476214,132.34555662105484,16.014286632251437,0.9518390744470955,0.9488666943952558,152.4510891380586,52.375455568620936,23.17201907479631
1512.875,非储层,1.8105693462159476,54.03210775286031,44.15732290092373,88.48311619738509,11.516883802614908,88.96387641077398,45.18159208013067,5.3982323429558,3.4522833297738478,0.4807602133888828,11.03612358922602,2.1818209279774203,124.83180108024587,16.3712230327219,0.9276142893516948,0.9248220471551098,155.3167402112118,54.341340715622735,23.263085208374225
1513.0,非储层,1.8609998308713023,52.77915205661907,45.35984811250963,90.36066761481136,9.639332385188638,90.84605231544548,44.13387183532768,5.273052218673453,3.372228002617937,0.4853847006341218,9.15394768455452,2.050607434434168,135.77807250434165,16.52347320007844,0.9168369794650898,0.9141774033771581,150.84458475247118,53.50375800748084,23.27804270423749
1513.125,非储层,1.8751434143698378,53.792191646954066,44.33266493867609,89.817898073518,10.182101926482012,90.2973425363582,44.98097448290329,5.374262837852965,3.436954326197813,0.47944446284020337,9.702657463641806,2.2219392741881054,145.8935834618185,16.693175587605076,0.9044969601702677,0.9019621133470491,155.40035466823684,53.44184867953582,22.61103544324911
1513.25,非储层,1.8809657346303965,52.92570429800356,45.19332996736604,90.72064761775567,9.279352382244333,91.19714561226883,44.25641866653681,5.287693939721852,3.381591691744903,0.4764979945131532,8.802854387731173,2.2298635149188586,132.62972324917283,16.708568931583898,0.8940065112092759,0.8916012754682403,167.38580282515284,53.20693904076068,22.670244836643867
1513.375,非储层,1.8510990632329263,53.71607615973342,44.432824777033645,92.24189481471944,7.7581051852805505,92.718128987022,44.91732679197267,5.366658302290634,3.432091065470111,0.47623417230255144,7.281871012978003,2.1205296273021803,122.26410569366845,16.549203781450455,0.8929032453274988,0.8906001582239097,158.26883842006887,53.58997584309634,22.774655402452524
1513.5,非储层,1.90090989986977,54.34234537085211,43.75674472927812,94.29580159067442,5.704198409325589,94.77925408836545,45.44101245233102,5.429227519955094,3.4721053985659935,0.48345249769104376,5.22074591163455,2.026362522196347,144.1989442972422,16.449134833956485,0.8929604760878742,0.8906775537279037,155.31194527233012,52.97770282754459,22.828425103246
1513.625,非储层,1.8639817186839474,54.81400979447584,43.32200848684021,91.98833371820439,8.011666281795616,92.474268668714,45.8354177508315,5.476350503908879,3.502241539735455,0.48593495050961755,7.525731331286001,2.166452576083654,133.37088163303306,16.239548447123504,0.9010412817553967,0.8987381403546766,146.04954325869116,50.61038301765629,22.076490966564368
1513.75,非储层,1.860471120162462,55.16395941974734,42.97556946009019,92.1139535556762,7.886046444323802,92.59798181770749,46.12804526205005,5.511313222635059,3.524600935062235,0.48402826203128674,7.4020181822925135,2.095887497081212,120.27500592295375,16.007384459258418,0.9170579528605398,0.9146507479646115,157.875485196242,53.28408115274536,21.955161749306857
1513.875,非储层,1.8404288804097921,56.26676964530255,41.89280147428766,91.20725019839371,8.792749801606291,91.70168806198652,47.050214021054174,5.621492634013276,3.595062990235104,0.49443786359280645,8.29831193801348,2.129613276136103,136.29925311649035,15.755006433521519,0.9420031357505061,0.9394276820080274,148.26675548885856,51.148234109905225,22.13631272818233
1514.0,非储层,1.8756782196163044,57.215073110067515,40.90924867031618,90.45904232803187,9.540957671968131,90.953997410178,47.84318438802856,5.716235605319263,3.6556531167196935,0.49495508214613076,9.046002589821999,2.151806916675723,141.95207524729895,15.431696125612442,0.9627258434568453,0.9600495760586398,147.7106443771008,52.935230320340594,22.311164262594932
1514.125,非储层,1.831712721914315,58.34386984860663,39.824417429479055,91.7342882383188,8.265711761681205,92.23358023133905,48.78708304205352,5.829011273639963,3.7277755329131566,0.4992919930202481,7.76641976866096,2.1902017315912072,144.39626356232196,15.200379704987126,0.9740575208947808,0.9713351439903806,147.93744969853333,53.543754249691276,22.23433350250212
1514.25,非储层,1.7941539345292177,57.68805350203515,40.51779256343563,93.17816250603896,6.821837493961047,93.66400219682185,48.238690097884025,5.763490064856212,3.6858733392949166,0.48583969078290057,6.3359978031781505,1.8782445776184056,138.72411200425654,15.003268066891268,0.9749484106086561,0.9723264763747101,145.2641680973526,53.08459738320803,21.832101304440265
1514.375,非储层,1.8430800151694202,58.25796079792431,39.89895918690627,95.59695210358241,4.403047896417589,96.08666325295174,48.71524598358314,5.8204282840948,3.722286530246375,0.4897111493693259,3.9133367470482683,2.0943360342638195,136.05032463634137,14.88172629693986,0.9700973889780489,0.9675948119794352,139.2896873803661,52.39093152348994,22.058365205118037
1514.5,非储层,1.8826546530177184,58.37189501293373,39.74545033404855,95.18696918874056,4.813030811259445,95.67982874520942,48.810517655198666,5.831811207878678,3.7295661498563843,0.4928595564688625,4.3201712547905835,2.340160833865194,134.50170027055842,14.7994608007197,0.9602401135583948,0.9579493294033814,153.03071580151232,51.07031106922892,21.96718228511055
1514.625,非储层,1.8844106731702985,59.004823812658145,39.11076551417155,97.48955841529035,2.510441584709655,97.9720300595455,49.339772056594875,5.895045770799827,3.7700059852634484,0.48247164425515904,2.0279699404544993,2.0943007420304873,131.90818338807418,14.609897005162923,0.9606430901897767,0.9585234324576284,134.14444784150524,51.45748444146259,21.98879039469541
1514.75,非储层,1.867023164369002,59.527909323248394,38.605067512382604,97.80012526523788,2.1998747347621195,98.27232023931131,49.7771756143205,5.947306125593229,3.8034275833346647,0.4721949740734306,1.727679760688694,1.943313805775616,124.35007887345131,14.578631766067687,0.9528562451702128,0.9508669799681508,145.05220035712,52.23138172241327,22.09761566433158
1514.875,非储层,1.8906390748870041,58.426891181013254,39.682469744099755,99.50629550139529,0.493704498604719,99.99,48.85650539351724,5.837305757427318,3.733080030068699,0.48370449860472087,0.009999999999998899,1.9804973646841784,141.5966704903047,14.57646696365888,0.9436366993788151,0.9417921100989746,148.2142124448167,52.93631812048616,22.216346147005524
1515.0,非储层,1.8960583225665457,58.26382125486388,39.84012042256958,98.89810798782618,1.1018920121738218,99.36843485113602,48.72014649155625,5.82101378981559,3.72266097349204,0.4703268633098294,0.6315651488639884,2.0524459904555914,119.53027883650603,14.71828834712985,0.9378999573610131,0.936065989849266,141.3024744532252,53.072002070639414,21.852801344192173
1515.125,非储层,1.8392782723846535,57.555872693115326,40.604849034500006,96.17749314561405,3.822506854385954,96.63482679726921,48.128160643494546,5.750284162893387,3.677427886727397,0.45733365165516615,3.365173202730787,1.8863646194573573,138.04553962060587,14.86709619359805,0.9330160647313914,0.9311825547352293,162.2265039560373,53.286968509728965,22.12517805367125
1515.25,非储层,1.8656580665895872,57.981587228687424,40.152754704722994,95.89464825930727,4.10535174069272,96.35281776740567,48.48414269358924,5.792816391791492,3.7046281433066897,0.4581695080983863,3.647182232594337,2.296948505080554,152.66336233684643,14.989653837931403,0.9361005904358445,0.934238442352874,140.47870526420434,52.59170817277305,22.036779419241007
1515.375,非储层,1.9193944544182193,57.2169174803965,40.86368806518527,95.16595731068932,4.83404268931068,95.6326124682869,47.84472664857168,5.716419872414818,3.6557709594100047,0.46665515759757087,4.367387531713107,2.307396417356987,139.4909802419153,15.198862223634002,0.9346690572546449,0.9327385783700406,145.92977567858767,52.074305447666674,21.982416231771246
1515.5,非储层,1.9520058845103851,56.10128492119826,41.94670919429136,94.30459997313777,5.695400026862229,94.7832089144277,46.911835867564925,5.604959409101693,3.584489644531643,0.4786089412899413,5.216791085572292,2.3739960547088708,135.45259528781295,15.250090655490526,0.937436032259332,0.9354670969793951,142.45561954127407,51.50133430275743,21.867960213722963
1515.625,非储层,1.9362401095021404,56.99041008744929,41.07334980304857,93.82768694999321,6.172313050006794,94.3069325857102,47.65532140311866,5.693790003150436,3.6412986811801975,0.4792456357169992,5.693067414289798,1.9333420377625865,134.02115936975704,15.414021363180929,0.9380652391630508,0.9360126764072016,156.47166402743858,54.03687359092159,21.98325883252646
1515.75,非储层,1.9778496108879218,56.247685150871504,41.77446523824057,91.70986787666988,8.290132123330118,92.19768900713623,47.034255586739846,5.6195859429850845,3.59384362114658,0.4878211304663459,7.80231099286377,1.971039910799186,138.07605322726096,15.613567627667013,0.9407771913476106,0.9386000107162856,154.2302593556346,52.798893718022384,22.065789764809793
1515.875,非储层,1.9847218133843072,55.19174269213146,42.82353549448423,89.51384129384046,10.486158706159543,89.99944084190103,46.15127760540508,5.514088989967015,3.52637609675937,0.4855995480605733,10.000559158098966,2.0099230977965012,142.37231149851473,15.696502266250963,0.9461931728118483,0.9439805822874011,147.79136419006997,52.17111582359778,21.929966217672625
1516.0,非储层,2.019573944226769,55.2825233162078,42.697902739565436,90.32263605617108,9.67736394382892,90.79668706711357,46.22718826846041,5.523158687992568,3.532176359754819,0.474051010942491,9.203312932886432,2.176609735950209,134.70777553260393,15.763916983655792,0.9556017734682584,0.953362309188817,153.13803551723288,51.9475186763275,21.93086377051316
1516.125,非储层,2.0230793547940076,56.35937243186051,41.617548213345486,88.81095782230318,11.189042177696818,89.27515168482826,47.12764837447385,5.630744380395843,3.600979676990816,0.46419386252508027,10.724848315171743,2.0391605676527282,145.35541074105606,15.81162574923852,0.9581820017770935,0.9560447844450238,151.55590541920466,53.12108406430926,22.154499934180574
1516.25,非储层,2.070982236532279,55.727014370950634,42.202003392517085,89.68217983038889,10.317820169611114,90.13464999224396,46.59887122427837,5.567566838769182,3.56057630790308,0.4524701618550829,9.865350007756035,2.1680369840530003,139.97924980989103,15.733374043950525,0.9553784318722421,0.9534661056725301,137.04225685648728,52.630898318201304,22.021876259555068
1516.375,非储层,2.1112744826111296,55.837185158983495,42.05154035840538,92.31536473388205,7.684635266117956,92.76962638189143,46.69099592218605,5.578573766611571,3.567615470185876,0.4542616480093852,7.230373618108576,2.1857662736423693,144.19890601989457,15.643448781288473,0.9618394465161874,0.9600187150934201,144.33188084784268,53.021386152303506,21.833302754933726
1516.5,非储层,2.1189512378622553,56.18749016499211,41.69355859714564,89.97118409248357,10.028815907516432,90.42915025351482,46.98392060240587,5.613571990667248,3.5899975719190023,0.4579661610312583,9.570849746485177,2.0279260102108965,130.6978053884043,15.732597048561882,0.957443832017339,0.95570047121166,142.1766587122118,52.612274411094305,22.117256315781418
1516.625,非储层,2.137994879196172,55.32047491160454,42.54153020919928,88.40437197577786,11.595628024222137,88.8675057100467,46.25892335290037,5.526950350732704,3.534601207971475,0.46313373426884263,11.132494289953298,2.250835030452074,126.26045720988648,15.835732976004703,0.9565670511796529,0.9547698525178134,151.43069096374882,53.998954044320726,21.98450717620375
1516.75,非储层,2.104136636593102,54.65416573162558,43.241697631781314,87.7547140245473,12.245285975452703,88.2204050219349,45.70175631239264,5.460380825401159,3.492028593831784,0.465690997387594,11.779594978065111,2.123689883448097,143.9663468275044,16.028667367025673,0.9569947823887606,0.9551199390544708,141.56300804752462,53.63802147866156,22.009441530631793
1516.875,非储层,2.145437595505581,53.882935910322786,43.97162649417163,87.93192354518382,12.068076454816179,88.3881257712415,45.05685474117288,5.383328903157973,3.4427522659919343,0.45620222605767485,11.6118742287585,2.2414399555019475,146.56388502823714,16.293212023343074,0.9521053093462984,0.9501775798060783,145.36619194991042,53.836350369834975,22.111704927736337
1517.0,非储层,2.17124056661822,53.43039956653669,44.39835986684509,86.05438948226869,13.94561051773131,86.51381170860479,44.6784443230582,5.338116964757149,3.4138382787213386,0.4594222263361087,13.486188291395207,1.9837581830771387,144.23514278213645,16.399990425505468,0.9483067189366335,0.9463566600945378,148.51222076099373,52.28729239906172,22.24571861816415
1517.125,非储层,2.146204548705048,54.1934799203442,43.660315530950754,87.47710692834356,12.522893071656437,87.94459449891721,45.316531318068456,5.414354691129757,3.46259391114599,0.46748757057364365,12.055405501082795,2.089189975051643,147.4402619221522,16.332959487026706,0.9556386643675261,0.9536550568786443,150.6797862701156,52.06000991253752,22.23103485945968
1517.25,非储层,2.1606392461976074,55.3764095485866,42.46295120521579,86.63339920182771,13.36660079817229,87.11217364598953,46.30569583793525,5.532538660702566,3.5381750499487907,0.4787744441618218,12.887826354010468,1.9378573443144564,143.14982574025822,16.29867802115058,0.9689468653654816,0.9668278944462121,162.3006404729561,53.46732755981074,21.902225921667792
1517.375,非储层,2.208408629586849,54.35058473446668,43.44100663594647,84.0409896089151,15.959010391084904,84.521194465771,45.4479021995816,5.430050697154714,3.4726318377303675,0.48020485685590164,15.478805534229,2.1157633064570036,131.77527659172387,12.773347443611168,3.372801509082705,3.1512403985628867,133.50439564647274,50.36360732456439,21.89338467929061
1517.5,含油水层,5.871733506833553,89.14381412055454,4.984452372611912,66.65349836864752,33.346501631352474,83.98617171536186,73.7423867321163,15.312283574317673,0.08914381412055417,17.33267334671434,16.01382828463813,2.326550135739681,121.29062675299252,9.310397944139655,5.684053204061353,5.292967825234087,110.06535450701243,48.14768331359531,21.92704392732507
1517.625,含油水层,6.035216622267919,89.01238071480138,4.952402662930714,68.31544659039102,31.684553409608984,85.34687635833073,73.63366115051329,15.289707183573285,0.08901238071480633,17.031429767939713,14.653123641669275,2.3765223265770814,111.60250554674317,5.939492762300371,7.947013543362173,7.3976902024054905,100.64204817560129,43.84917021847035,22.150021703697334
1517.75,含油水层,5.942930837123248,89.10634644611034,4.950722716766404,69.664197527517,30.335802472482996,86.636578292389,73.7113923690629,15.305847730601316,0.08910634644611337,16.972380764872,13.363421707611,2.3174058647280096,83.71485705777914,2.460375958481294,10.270555941777236,9.568596626826855,88.2270600270506,40.97663778292657,22.011380020333373
1517.875,含油水层,5.882238298070233,89.28003970935092,4.8377219925788575,69.54381981966493,30.456180180335068,86.17606169282308,73.85507654857679,15.335683121064768,0.08928003970934961,16.632241873158154,13.82393830717692,2.3674475519324907,99.17166868077818,2.4534706799411055,10.217637003250227,9.566065469487166,94.81149894331755,41.17474652253857,22.09318204158507
1518.0,含油水层,5.9329022911807545,89.12529823059174,4.941799478227505,67.96108417525689,32.03891582474311,84.48733900614862,73.72706984297716,15.309103089383994,0.08912529823059401,16.526254830891734,15.51266099385138,2.1949294736669924,70.974473228239,2.4546465860956985,10.249369190413226,9.617112084780643,77.91646736697828,38.49577140533144,22.098732590919084
1518.125,含油水层,6.007437418028859,89.1000170309227,4.892545551048439,68.2615039202233,31.738496079776702,84.58860537990587,73.70615649053157,15.304760523360198,0.08910001703092696,16.32710145968257,15.411394620094132,2.3386810913621816,95.82721132580924,2.475641487079301,10.219371890919021,9.604065612411336,83.91890952556427,42.28002471257642,22.041848940311784
1518.25,含油水层,6.033387490012045,88.93048067043924,5.036131839548718,69.18875226776125,30.811247732238755,85.5726137294632,73.56591102332484,15.27563916644395,0.08893048067044051,16.383861461701958,14.427386270536802,2.3607653377430604,83.1446316502865,2.5154463555091673,10.155049393106385,9.553673748094187,86.87876746730645,41.705705737975435,21.881315596427253
1518.375,含油水层,6.103609099577643,88.87541173764308,5.020979162779284,68.35900031004928,31.64099968995072,84.52749647200197,73.52035638132033,15.266179944585105,0.08887541173764058,16.1684961619527,15.472503527998027,2.364582766947133,93.89854541527194,2.5006367791250192,10.065344094774797,9.501896753619052,88.94295275035634,41.2586465792791,21.992850233840443
1518.5,含油水层,6.015877088431189,89.05353683999283,4.930586071575983,69.78192854699694,30.21807145300306,86.12884262264556,73.66770670858375,15.296776594569087,0.0890535368399975,16.346914075648623,13.871157377354438,2.2464591686939395,85.84849078948457,2.4717548620590706,9.946393023470263,9.411456918802973,79.49182111164737,39.729146644897696,22.038854513828305
1518.625,含油水层,6.039220586206521,89.0685918168879,4.892187596905577,70.92711683052602,29.072883169473982,87.56763598639459,73.68016062857127,15.29936259649975,0.08906859181688209,16.640519155868578,12.432364013605412,2.3297152802553613,97.041022928356,2.428761049623567,10.005791638758144,9.489708939907441,80.38095617712867,42.59045120623507,22.109638195730568
1518.75,含油水层,5.974403677843746,89.26770344858225,4.75789287357401,70.64644796802332,29.35355203197667,87.14238701691434,73.84487163058662,15.333564114547043,0.0892677034485867,16.495939048891017,12.857612983085653,2.3213574250351687,104.00637918598585,2.3943290483383417,10.144493631104611,9.625507234573092,86.85478602225203,42.391870738542934,21.955048222025173
1518.875,含油水层,5.946736780507559,89.32493252715233,4.728330692340114,68.60279300291316,31.397206997086847,84.78362897751248,73.892213208753,15.343394385872175,0.0893249325271489,16.18083597459933,15.216371022487518,2.3252704160979953,97.48189479799944,2.392818580785606,10.398386332642648,9.844277712506937,78.57831858412425,42.929303673879815,22.018555249145876
1519.0,含油水层,5.9632936430514585,89.39329792393518,4.643408433013366,67.04522350621,32.95477649379001,83.43536442064372,73.94876707711046,15.355137548900782,0.0893932979239398,16.390140914433733,16.564635579356278,2.330920308139805,92.61017468777999,2.420360830068051,10.655119957044732,10.03731201270837,81.93938482167876,41.16979315926014,22.08538189039929
1519.125,含油水层,5.930794371412196,89.29947315707676,4.769732471511045,66.71745720886084,33.28254279113917,83.32213426743097,73.87115246850321,15.339021215416471,0.08929947315707842,16.60467705857014,16.677865732569032,2.263913949511349,90.52987761953263,2.489953439632533,10.864816749537553,10.177319738474914,76.29154653189062,41.006690515286735,22.024497348534318
1519.25,含油水层,5.997081175064663,89.14327510634882,4.85964371858651,64.98920551339033,35.01079448660966,81.12010369283225,73.74194084370102,15.312190987541463,0.08914327510635145,16.130898179441903,18.879896307167755,2.0104834347102174,89.2221748247101,2.547759167755122,10.966825776265262,10.192290355681362,75.61092030834652,42.17315877204264,22.565217358446105
1519.375,含油水层,5.901745158507682,89.12779862628855,4.970456215203776,64.39835148706787,35.60164851293213,80.99192903955183,73.72913824388951,15.309532583772754,0.08912779862629006,16.593577552483957,19.008070960448165,2.3644897857374767,107.28598855198004,2.6006837395431153,10.945072571071691,10.085468897504349,76.90986267662394,42.89123136241833,22.571108364963614
1519.5,含油水层,5.821159761512555,89.12787849484984,5.050961743637621,64.35796098753887,35.642039012461126,81.35324421659791,73.7292043135141,15.309546302840882,0.0891278784948546,16.995283229059037,18.646755783402092,2.23551202797941,89.9151821478092,2.633341952157165,11.033962550933012,10.101977675043447,86.04296390237748,41.32378658072472,22.41704504901153
1519.625,含油水层,5.743832453497207,89.31293541260642,4.943232133896368,64.07050199141715,35.92949800858285,80.90260200192884,73.88228884250009,15.341333634693722,0.08931293541261098,16.8321000105117,19.097397998071152,2.3976397572905457,83.58807066063622,2.641392449524863,11.092597586768662,10.072732944405725,74.21082797898943,41.54056925287507,22.233559851965698
1519.75,含油水层,5.78502110217642,89.22090727942474,4.994071618398843,63.45464617317644,36.54535382682356,80.75847319214493,73.80616046214897,15.325525909996331,0.08922090727942755,17.30382701896849,19.24152680785507,2.4476779597647798,82.81487617078247,2.63969792180597,11.07697307547263,10.01753333004567,74.4305183846366,41.51233873833076,22.168225540768102
1519.875,含油水层,5.720315282765097,89.19182173837049,5.08786297886441,64.39007313105132,35.60992686894867,81.61790454956326,73.78210004653972,15.3205298700924,0.08919182173836859,17.227831418511943,18.38209545043673,2.2328999154829665,99.99116952990738,2.64899477114029,11.072142290427358,9.973636938502185,82.72153450462852,42.846831506748664,22.062858957114937
1520.0,含油水层,5.788786962819925,89.04953042341961,5.161682613760467,63.610593408255966,36.389406591744034,81.32889421943067,73.66439248287703,15.296088410119149,0.08904953042342123,17.7183008111747,18.67110578056933,2.3840000850630734,113.11682266087652,2.6558158730986796,10.951954005942179,9.847219581633706,75.59084197914628,42.46977892766584,22.16558058166707
1520.125,含油水层,5.831141286037852,89.05161353219097,5.117245181771178,64.64337327323703,35.356626726762975,82.21320103032691,73.66611569176301,15.296446226895757,0.0890516135321956,17.569827757089882,17.78679896967309,2.47591521047446,83.75695540898202,2.65316784688692,10.693989234115822,9.636457038743298,89.18522984143189,40.87918522740688,22.072516743405718
1520.25,含油水层,5.8927922288587675,88.86163056913958,5.245577202001665,66.28741479009122,33.71258520990879,83.85443838403879,73.5089561931252,15.263812745445232,0.08886163056914254,17.567023593947575,16.145561615961213,2.2953929055321662,91.66723524516738,2.6615467189780517,10.539219035815487,9.483753419972654,78.90422342680542,43.02102879209153,21.86359980419533
1520.375,含油水层,5.871058135920649,88.82837971438022,5.3005621496991315,65.25979349109184,34.74020650890816,83.35070613988698,73.48145010742506,15.258101227240783,0.08882837971437851,18.090912648795126,16.649293860113023,2.2764469336108353,75.14675033402048,2.6458237329979113,10.351190025861877,9.328611313813978,84.4121653948852,41.607442649793164,22.065457251414152
1520.5,含油水层,5.878380794668068,88.8301906334216,5.291428571910342,66.20586091409191,33.79413908590808,84.53673761792604,73.48294815295526,15.2584122898329,0.08883019063342656,18.33087670383412,15.46326238207396,2.2953293031863318,81.1582583135072,2.6442271214145294,10.119827411599312,9.120148356560135,88.34021506022262,40.904983941612805,22.053606656514287
1520.625,含油水层,6.0523097812827364,88.58493874451325,5.362751474204007,66.79976781303274,33.20023218696725,85.42090823946687,73.28006857216684,15.216285233601912,0.08858493874450701,18.62114042643411,14.579091760533135,2.2772258366553166,94.47687095688295,2.639669696647402,10.034312854269782,9.031473104193703,91.36246854605582,42.4909758193256,22.061160002346455
1520.75,含油水层,6.04133126529804,88.63551450125127,5.323154233450693,66.9927205487244,33.00727945127559,85.5062902861285,73.32190632669234,15.22497266005767,0.08863551450125351,18.513569737404104,14.493709713871494,2.421751581633542,98.53055441477083,2.600451123675401,9.963633825838013,8.980357415541869,90.86428185194097,40.39067409984156,22.127560331258692
1520.875,含油水层,5.984624800042815,88.83959217789223,5.175783022064953,67.498680433339,32.50131956666099,86.52706067147034,73.49072538724879,15.260027198465556,0.08883959217788895,19.028380238131327,13.472939328529666,2.2949167421696877,87.61970408473869,2.572875001932955,9.861349399736099,8.889360695916363,89.06485238721936,41.660004478468466,22.097555696225104
1521.0,含油水层,5.92726840972169,88.77148948233302,5.3012421079452965,68.33458054436873,31.665419455631273,87.593106228482,73.43438883307539,15.248329159775311,0.08877148948232827,19.258525684113273,12.406893771518002,2.135928548254384,95.25367730486506,2.559800567857166,9.865067188133091,8.866503741041907,89.02373002525556,40.942417045320894,21.90739561512059
1521.125,含油水层,6.064196229564521,88.59613982786134,5.339663942574151,66.86054117603186,33.13945882396814,86.54347963212024,73.28933443798401,15.21820925004946,0.08859613982785952,19.68293845608838,13.456520367879765,2.4423622304132757,89.2349268373623,2.577539977555438,9.903317558481632,8.852014442531289,82.454018256095,42.15263006863717,21.878500007318365
1521.25,含油水层,5.913035689742168,88.62759162310535,5.459372687152491,65.4520112104337,34.5479887895663,84.59739176107483,73.31535228870293,15.223611742779317,0.08862759162310552,19.145380550641136,15.402608238925165,2.5019958498182007,90.50038486757735,2.5973011638232277,9.905914056927148,8.809508252315267,82.58160374338475,41.62918158449425,22.079384849082146
1521.375,含油水层,5.767901766989048,88.84725941665974,5.384838816351206,66.48620739225484,33.51379260774516,85.86353392927208,73.49706795282037,15.261344204422707,0.0888472594166606,19.377326537017254,14.136466070727916,2.439476357222909,84.99280194619723,2.620829755122374,10.066587463438145,8.895959060248423,78.34400144191423,43.28684151499435,22.10123302493568
1521.5,含油水层,5.815077468738202,88.88788913378266,5.2970333974791215,65.09598213859722,34.90401786140278,84.81011167532301,73.53067805064325,15.268323194005646,0.08888788913378742,19.714129536725803,15.189888324676982,2.5220616974729393,73.26410171006611,2.621671727994291,10.275818643182173,9.048956394291592,77.9399501539736,39.813515077538106,22.009312277458783
1521.625,含油水层,5.909415677420226,88.94436234425991,5.146221978319866,64.47200020991833,35.527999790081665,84.19261040753028,73.57739435247642,15.278023629439225,0.08894436234426206,19.720610197611947,15.807389592469722,2.2569427636680532,80.3717215969447,2.591694180516547,10.333538223399644,9.091884682269274,76.81543017446961,41.45082848655335,22.025997740221378
1521.75,含油水层,5.966484913879164,88.78951801137929,5.243997074741541,65.7692783397377,34.2307216602623,85.78330532425171,73.44930256292031,15.2514259304476,0.08878951801138402,20.014026984514015,14.216694675748286,2.531187042013284,87.76127907988769,2.601614578671247,10.307529694467794,9.076118545803599,93.32515406859333,43.83450808528028,21.91134278968232
1521.875,含油水层,5.989877825545223,88.61294878726544,5.397173387189333,66.1052917673895,33.89470823261049,85.6141682978856,73.30323930392643,15.221096534551748,0.08861294878727,19.508876530496085,14.385831702114405,2.360670109991845,85.89528300540918,2.6055459333934987,10.10175784339991,8.937247598353634,89.01318520175171,40.99458188996981,21.9516444856115
1522.0,含油水层,5.963030925862378,88.53636885830942,5.500600215828203,67.56453378666305,32.43546621333695,86.77369107650351,73.23989013278421,15.207942356666898,0.08853636885831073,19.209157289840466,13.226308923496488,2.3181143952680094,94.77560745470261,2.606436130308516,9.850600886804585,8.750788696629673,84.93761375901715,42.094039141514976,21.88413856857329
1522.125,含油水层,5.922230514714427,88.63895271805004,5.438816767235534,67.59535961858336,32.40464038141664,86.90680679905971,73.3247505208223,15.225563244509683,0.08863895271805089,19.311447180476346,13.09319320094029,2.2021073747347706,88.04606995032688,2.6263361283640743,9.718857587135906,8.639102701945761,73.81711154647147,44.487734713580394,21.882686421330977
1522.25,含油水层,5.752353801187689,88.6792832212077,5.568362977604617,66.90389592246221,33.09610407753779,86.20363641488838,73.3581131000466,15.232490837939888,0.08867928322121021,19.29974049242616,13.796363585111626,2.278797431955505,95.75374926737351,2.6430481694437016,9.682296789039569,8.582235343116245,81.51156772709108,43.02026050981109,22.051566811236004
1522.375,含油水层,5.645209807598775,88.69867334369943,5.656116848701804,66.10733417172277,33.89266582827724,85.32494406039017,73.37415318006421,15.23582149029152,0.08869867334369286,19.2176098886674,14.675055939609837,2.398326125080431,77.5305656293285,2.665095345854826,9.76210300637062,8.617097467453034,90.38477703170562,42.066513708345795,22.296815008899607
1522.5,含油水层,5.7269673326227855,88.6699112132235,5.603121454153713,65.69053831268576,34.30946168731423,84.77551023783904,73.35036029920398,15.230881002806282,0.08866991121322665,19.084971925153287,15.224489762160953,2.166592657680647,83.28278144635317,2.6740112154110056,9.763510628308081,8.631178925586225,79.67662287874452,41.030892698061635,22.206964054724384
1522.625,含油水层,5.893916053847413,88.64381617618794,5.462267769964649,67.47377268607565,32.52622731392435,86.13864513479786,73.32877371653586,15.226398643475884,0.08864381617618988,18.664872448722207,13.861354865202147,2.2555741967821334,96.84847034059834,2.6659671608153994,9.795389471323457,8.674026173799277,92.69941759274832,42.321693013522776,22.135386846840674
1522.75,含油水层,5.770495895251701,88.77286506758782,5.456639037160477,67.02611863560332,32.973881364396675,86.01613654217624,73.43552675768453,15.248565444835693,0.08877286506758786,18.99001790657291,13.983863457823764,2.2898299045421324,101.85511772237446,2.633342201635554,9.719109708415726,8.646832763449146,96.47796827383958,43.20532503268444,22.25324553450476
1522.875,含油水层,5.663598016768719,88.78901863900806,5.547383344223214,68.87939734509656,31.12060265490344,87.79534255949186,73.44888946739725,15.25134015297181,0.08878901863900723,18.91594521439529,12.204657440508148,2.4780778125642486,102.11512665486985,2.584918489672281,9.602603031133661,8.584734032095557,78.53347429464013,41.372464730526815,22.15074013865685
1523.0,含油水层,5.719199516369822,88.79166297465675,5.489137508973433,69.60421021471933,30.39578978528067,88.75689446101208,73.45107693967424,15.251794372007845,0.08879166297466046,19.152684246292747,11.243105538987919,2.5033575437711115,84.72093475750478,2.5537098245749092,9.58177040338696,8.56560417998249,84.44048287962211,41.49775932691058,21.677003844937992
1523.125,含油水层,5.61921092705,88.9591341845837,5.421654888366299,69.49154653369067,30.508453466309327,88.27161641773233,73.58961405355886,15.28056099684025,0.088959134184588,18.780069884041662,11.728383582267664,2.376861880510745,84.61197020585504,2.526190789525571,9.599902373342797,8.57865345736531,86.01633594990903,43.107643158714296,22.157852430817393
1523.25,含油水层,5.6132929607711946,89.0358438511759,5.350863188052902,68.16595047409264,31.83404952590736,87.45497922677927,73.65307054749218,15.29373745983254,0.08903584385117624,19.289028752686633,12.545020773220728,2.3606033853269803,90.92682339815546,2.478007192004232,9.716257236458114,8.66840423393504,73.68610452400728,42.04326171045636,22.079825586255726
1523.375,含油水层,5.473875444219599,89.29629515481929,5.229829400961104,69.6562813836643,30.343718616335703,89.35441630293461,73.86852353150049,15.338475328163986,0.08929629515482262,19.698134919270302,10.645583697065398,2.2425525898526084,98.80864544611578,2.456881802874394,9.79654683619316,8.717632032461662,82.16505069560911,43.206101253209155,22.00701568563904
1523.5,含油水层,5.537061277207946,89.10793791090467,5.355000811887388,69.537192325506,30.46280767449401,89.24913072074665,73.71270887558097,15.306121097412797,0.0891079379109011,19.711938395240654,10.750869279253351,2.347186682458451,96.82583968546807,2.443112895431147,9.940242390134848,8.79333747052188,90.61925389177777,42.954438712738536,21.91519732752559
1523.625,含油水层,5.415975865849755,89.29679707663722,5.287227057513037,68.02885205674313,31.97114794325686,87.87825042953409,73.86893873600089,15.338561543559681,0.0892967970766434,19.84939837279095,12.121749570465912,2.2895012943866,86.5509386443495,2.4418533602928543,10.090974011186663,8.896653179927675,86.64187030629097,43.85732840191262,21.815331117438607
1523.75,含油水层,5.386018843840974,89.37048214948132,5.243499006677703,66.53729939265874,33.46270060734127,85.8273267867822,73.92989319696558,15.351218470366263,0.08937048214948118,19.29002739412347,14.172673213217802,2.508055851131168,87.11072596956514,2.452783609639119,10.205637442622594,8.985605392860016,75.44007128905899,41.89072474770312,21.991702782291664
1523.875,含油水层,5.233138184315951,89.56625347138386,5.2006083443001865,68.18623255228073,31.813767447719275,87.16278470413792,74.09184099640875,15.38484622150373,0.08956625347138758,18.976552151857195,12.83721529586208,2.5323798476078956,93.92634732017044,2.465546568807009,10.354434190724852,9.106212796755713,97.55504919896701,42.32294600741437,22.082437436372818
1524.0,含油水层,5.36100173915676,89.3720073008216,5.266990960021643,67.47347461049117,32.52652538950883,86.44429746582148,73.93115484704269,15.351480446478083,0.08937200730082528,18.97082285533031,13.555702534178515,2.4429603395049964,101.36484110437625,2.4737332513496106,10.27026044415279,9.061808856542438,64.53504583143369,42.43075398265417,22.06669436960435
1524.125,含油水层,5.463753439267037,89.15384894789497,5.382397612837993,68.99995120073214,31.000048799267866,88.07640678362397,73.75068783663858,15.314007262308499,0.08915384894789269,19.07645558289183,11.923593216376037,2.39680701652595,93.72568843514841,2.472467614272255,9.988400265992118,8.864338495316327,74.84418708390191,41.70953895364679,21.98671794905434
1524.25,含油水层,5.551253508325014,88.94024082578089,5.508505665894095,70.32143581105036,29.67856418894964,89.14602642226292,73.57398491108555,15.277315673869566,0.08894024082578278,18.82459061121257,10.853973577737076,2.2564859949018725,111.26406043633513,2.4722472379839884,9.696781391665363,8.663112554727329,96.16202076130169,44.24910952157169,21.86248084718411
1524.375,含油水层,5.582122640163413,88.98138821267011,5.436489147166482,71.8460940172398,28.153905982760197,90.51722192827967,73.6080232405752,15.28438358388223,0.08898138821267498,18.67112791103986,9.482778071720332,2.2962670613827445,84.39305317368029,2.4726680679461124,9.361627154619974,8.434620448428436,90.75214169755503,42.80807355578415,21.92941553435152
1524.5,含油水层,5.722458562362248,88.72204747971944,5.555493957918327,71.85978307001233,28.140216929987673,90.24441646549266,73.39348895333038,15.239836478909341,0.08872204747971679,18.384633395480332,9.75558353450734,2.4260144169967925,93.90289244192914,2.488351533714664,9.21884042332291,8.342153938615592,82.24905452252936,41.50539034701214,22.003844982431534
1524.625,含油水层,5.694344351917578,88.75320353846503,5.552452109617391,70.17017887245058,29.829821127549426,88.67369395449758,73.41926216211365,15.245188172812918,0.08875320353846083,18.503515082047002,11.32630604550242,2.3138442354120525,101.30462042021655,2.509016898600886,9.153380040401213,8.276246292431267,72.47885855376846,42.45973425409528,22.034689819871385
1524.75,含油水层,5.652263570711665,88.65386668734862,5.693869741939708,69.99056011789881,30.009439882101184,89.01163742834032,73.33708779517586,15.22812502548542,0.08865386668734654,19.021077310441505,10.988362571659682,2.3630027610671007,78.47621574733938,2.5445863356069274,9.193843734435573,8.263987558944148,91.11618339174677,41.534723061832764,21.92061349760344
1524.875,含油水层,5.549878335769417,88.82499519219694,5.6251264720336485,69.1768288946018,30.823171105398206,88.47920309667037,73.47865033106137,15.257519865943364,0.08882499519219933,19.30237420206858,11.520796903329622,2.119329209218333,99.89674221523073,2.5630200920129824,9.400157328988614,8.38633417138275,91.52781803873923,41.59241586094768,22.005394424559576
1525.0,含油水层,5.5879914697014,88.95017687323448,5.461831657064123,67.85610029976901,32.143899700230996,87.02082249557192,73.58220430197811,15.279022394383132,0.0889501768732287,19.164722195802923,12.979177504428074,2.453579354582453,88.31600613468393,2.5906029946450544,9.538557527535325,8.444732512977659,79.37428945414543,41.327234262735686,22.5354876192648
1525.125,含油水层,5.637383173521124,88.76948421521556,5.593132611263315,66.52641313310222,33.473586866897776,85.97601401868158,73.43273001709653,15.247984713903797,0.08876948421522035,19.44960088557935,14.023985981318422,2.3988302686421576,86.78478837122395,2.587199574160234,9.701897062731373,8.574617694615345,90.54181600378874,42.35146403835895,22.520696203379966
1525.25,含油水层,5.752803090121958,88.81564054548464,5.431556364393394,67.68297240375959,32.31702759624041,87.06398726812641,73.47091189197387,15.255913012965294,0.08881564054548097,19.381014864366822,12.936012731873593,2.3617193866498285,86.85918853110496,2.575643869209811,9.663131670203288,8.555559709494315,89.4411909396482,41.88383955007541,22.53238251021935
1525.375,含油水层,5.903625555010207,88.57210890558514,5.524265539404659,69.61322781050092,30.38677218949909,89.55574622537463,73.26945535179611,15.214081444883442,0.08857210890558243,19.94251841487372,10.444253774625366,2.2093621177594662,90.42025014877842,2.5660361247280314,9.483103651453385,8.421434600106693,72.82480923708678,41.92850168092622,22.60038439308331
1525.5,含油水层,5.821394809275138,88.58524265049594,5.593362540228923,70.36693392403751,29.63306607596249,89.90470562733718,73.2803199721403,15.216337435705137,0.08858524265049905,19.537771703299665,10.095294372662822,2.118860099065588,98.7202283514186,2.5490971569146947,9.406501568645865,8.376364719573521,79.8014536810955,41.935044824126464,22.040585799662967
1525.625,含油水层,5.703600421645606,88.72109010741583,5.575309470938564,68.3180912948681,31.6819087051319,87.7944982977425,73.39269698678333,15.239672030525082,0.08872109010741869,19.476407002874414,12.205501702257493,2.19380782570242,102.25108178922862,2.53254116362635,9.276900471217493,8.26537325039769,85.59608409980869,43.058610328326765,22.21096858762317
1525.75,含油水层,5.590854105714379,88.82525829189605,5.58388760238957,70.31647719033552,29.683522809664474,89.91668665104088,73.47886797487607,15.25756505872809,0.08882525829189691,19.600209460705358,10.083313348959122,2.361108070062217,92.0095394182172,2.5333983612180155,9.289108649392745,8.25856844204893,83.24157538135076,42.12220780825494,22.121465878634027
1525.875,含油水层,5.714012239452912,88.70192276709624,5.58406499345085,69.56265057621421,30.437349423785786,89.6138086733743,73.37684119873546,15.236379645593667,0.0887019227670982,20.05115809716008,10.386191326625704,2.136722160293748,90.42001088460893,2.528575841047156,9.254914408875877,8.226168267106573,84.79051675634504,42.130586029468546,22.26536059735814
1526.0,含油水层,5.686128147058927,88.65227277825441,5.661599074686663,71.2848553674288,28.7151446325712,90.779625354615,73.335769266661,15.227851238815159,0.08865227277825571,19.494769987186196,9.220374645384998,2.4084095531026253,97.33255472909289,2.5126181249975525,9.226762878492584,8.21746123589304,88.32174406356876,41.37371681359272,22.293292780473884
1526.125,含油水层,5.673934945573645,88.8006720558968,5.52539299852957,69.60857969119778,30.391420308802232,88.92183798143766,73.45852951683239,15.253341867008508,0.08880067205589981,19.313258290239897,11.078162018562331,2.4006738916035952,81.40480738501553,2.516072892986055,9.287238971853062,8.300509703013223,87.0713728062097,42.64936549550021,22.095518583272597
1526.25,含油水层,5.794732391665067,88.79583831935427,5.409429288980661,69.43239923051665,30.56760076948335,88.32870126226813,73.45453090769729,15.252511573337626,0.08879583831935267,18.896302031751475,11.671298737731872,2.1364416303600233,96.78350719565708,2.5152977540058448,9.314341450703392,8.36306481986922,76.94289107113659,41.393370586963485,22.215713677799858
1526.375,含油水层,5.847249450944679,88.71230758098237,5.440442968072957,69.56451194508091,30.43548805491909,88.62446747863882,73.38543182242918,15.238163450972198,0.0887123075809848,19.059955533557897,11.375532521361187,2.3662985953820965,81.65954736934822,2.542801395832593,9.43833526333186,8.48259652452493,71.60613572612874,42.794008117766126,21.9642238471478
1526.5,含油水层,5.928259529326383,88.55687970352972,5.514860767143889,68.25111100082424,31.74888899917576,87.09884905168099,73.25685730762814,15.211465516198054,0.08855687970352744,18.847738050856762,12.901150948319007,2.395456264196219,95.54053319731277,2.5786132857513695,9.449213971183191,8.50541665366832,76.64564787809827,41.666370185146775,22.138525756324093
1526.625,含油水层,5.784922000249574,88.59379568766649,5.621282312083943,68.03051906757939,31.969480932420613,86.37689004269703,73.28739529622182,15.217806595757008,0.08859379568766645,18.346370975117644,13.62310995730297,2.4275353608515156,89.79403523532083,2.617763946979626,9.519298939193712,8.52712806559851,79.12349422333293,41.7621223008413,22.09349189139974
1526.75,含油水层,5.672017260885482,88.74753100634501,5.580451732769495,66.6830273245683,33.3169726754317,85.52701432402965,73.41456967658931,15.244213798749357,0.08874753100634458,18.843986999461354,14.472985675970351,2.3408942453277035,104.91315456146772,2.6529516240077604,9.586434603629082,8.554152072465408,88.21286572810655,43.29598043223626,21.933708055715055
1526.875,含油水层,5.506320050530679,88.85558791027326,5.638092039196064,67.50411465693364,32.49588534306637,85.8882271750723,73.50395752786272,15.262774794500272,0.08885558791026926,18.384112518138657,14.111772824927705,2.4149281728091117,94.96506513563709,2.6753580956022693,9.5880092672938,8.529806497549709,87.80141660784803,41.98496683439179,21.978161827403934
1527.0,含油水层,5.499146421753453,88.73416367175112,5.766689906495426,67.74819469728853,32.251805302711475,85.96109441202356,73.40351182398422,15.241917684095144,0.08873416367175258,18.212899714735027,14.038905587976448,2.22617489298729,82.97009543787136,2.6701595685233954,9.611387026063248,8.52238782719383,74.493149125048,43.04905276379358,22.01775309555971
1527.125,含油水层,5.414463091074849,88.88380210212611,5.701734806799042,68.20241714989153,31.797582850108476,86.66070394968139,73.52729713776692,15.267621162257061,0.08888380210212432,18.45828679978987,13.339296050318605,2.4823302387204795,97.8408599487853,2.6726519574008107,9.513684557068432,8.416796145808693,87.0811435541269,41.213037421200916,22.003284474817825
1527.25,含油水层,5.2893592006876045,88.84548407947153,5.865156719840854,68.1466707192488,31.853329280751197,87.0073284317457,73.49559934164635,15.261039253745714,0.08884548407946669,18.860657712496913,12.992671568254288,2.541917502655991,97.02704577717562,2.6827162628418195,9.400168201807494,8.298530874325714,80.16426168179699,41.77385720205001,22.188233402056618
1527.375,含油水层,5.212557253275042,88.8284313821137,5.959011364611254,68.77168804121881,31.228311958781198,87.2208257527474,73.4814928484949,15.258110102236705,0.08882843138210972,18.4491377115286,12.7791742472526,2.468655224989988,97.18192078403062,2.647964305068668,9.331862743106583,8.229631054836965,84.81245636855279,42.62707898885425,22.02697059937716
1527.5,含油水层,5.141754464861748,89.05407587105262,5.804169664085639,70.66082356306623,29.339176436933766,89.30788712481069,73.66815261094123,15.29686918424033,0.08905407587105896,18.647063561744464,10.692112875189308,2.4577873725789345,95.00119898444811,2.60758851583218,9.194879506425863,8.136966180436044,91.70688308601048,42.88791276970217,22.147291708198097
1527.625,含油水层,5.188909856911601,89.08860610378153,5.722484039306867,72.69384921256861,27.306150787431392,90.90624439174242,73.6967170357526,15.302800461925143,0.08908860610378766,18.212395179173807,9.093755608257581,2.3010895591253213,81.04040033356834,2.5645352119943867,9.154592531652483,8.135640581746973,92.3026926794404,44.28611668474173,21.988146455938935
1527.75,含油水层,5.149344852780335,89.1564804863226,5.694174660897082,71.35833026392757,28.64166973607243,89.79345754742661,73.75286472267766,15.314459283158605,0.0891564804863243,18.43512728349904,10.206542452573386,2.2746896347835452,86.80481210076509,2.4998668622516664,9.135106919025993,8.175113764069858,84.8026386568486,41.08585450647419,21.888238608548182
1527.875,含油水层,5.232511094718247,89.18789936982986,5.579589535451881,72.72979000431576,27.270209995684237,90.7063774738122,73.77885534783928,15.31985612262075,0.08918789936983029,17.97658746949643,9.293622526187805,2.3327632905987272,85.3973213058442,2.4649426378751347,9.016848565152431,8.120810359619387,70.56918831033113,43.70757544691224,22.109525102854416
1528.0,含油水层,5.10423240106335,89.15247658492966,5.743291014006992,74.87976294838609,25.120237051613913,92.68355424766479,73.74955257760212,15.313771530742612,0.0891524765849333,17.8037912992787,7.31644575233521,2.253299227718574,100.32836490028869,2.4359098358797975,8.996163161802066,8.127220934195936,92.92037889586567,41.918513318659635,21.955931394497433
1528.125,含油水层,5.03922045554767,89.35472639381582,5.606053150636515,75.10928155925728,24.89071844074272,92.75757986916082,73.91685957215375,15.34851209526825,0.08935472639381159,17.648298309903545,7.242420130839178,2.272627232252333,99.43752667457255,2.3878592175957967,8.905661954008385,8.117025461574773,99.09751065814498,42.530314030980485,22.090833199492575
1528.25,含油水层,5.166193537963139,89.34764870094867,5.486157761088196,75.96361542040736,24.036384579592628,93.20260030286944,73.91100469630253,15.34729635594519,0.08934764870094924,17.23898488246207,6.797399697130557,2.227290250802404,89.75460842946397,2.3653978780527445,8.830837832988035,8.092475027363024,80.17135030116503,41.38817706145996,22.0957711571615
1528.375,含油水层,5.210507991925978,89.26607007112267,5.523421936951352,75.58883730026479,24.41116269973521,92.65627229479044,73.8435204526783,15.333283548373252,0.08926607007111731,17.06743499452566,7.343727705209558,2.300892192010763,93.47084880513172,2.3353393537323237,8.802216167467513,8.11440344446172,70.02183918750613,41.01013983075487,21.982574241822554
1528.5,含油水层,5.3506194713462865,89.12990078047032,5.519479748183389,76.82929860073672,23.170701399263283,94.1697251058029,73.73087720769954,15.309893671990327,0.08912990078047134,17.340426505066173,5.830274894197107,2.467155659718548,92.12020759959611,2.3165565300898145,8.676834732476427,8.057104784343984,83.86245243588759,41.88139585227547,21.893704872887106
1528.625,含油水层,5.4190948941554264,89.02890324263807,5.552001863206504,77.7929055631029,22.20709443689709,94.93915418263633,73.64732907183286,15.292545267562577,0.08902890324263557,17.146248619533424,5.060845817363669,2.2514072964528595,96.35607281881148,2.307382296448033,8.494545126022928,7.913055783821173,95.10262133442049,43.79224570384302,22.16047892291555
1528.75,含油水层,5.399930824575473,88.93394446489458,5.666124710529951,78.92249833537426,21.077501664625743,96.44717634254788,73.56877637604514,15.276234144384556,0.088933944464889,17.524678007173623,3.55282365745212,2.3530063247879527,98.89790856697789,2.2851230356575867,8.264558146971185,7.733872756069164,81.05957362372804,42.8974688461732,22.165518243163685
1528.875,含油水层,5.321778153529663,88.9411550615968,5.737066784873536,80.52505404299663,19.474945957003364,97.57905195501655,73.57474119386036,15.27747271267484,0.08894115506160039,17.05399791201991,2.420948044983451,2.3558387233108897,98.31240810308023,2.312778870670351,8.111908051924745,7.6079086704939085,84.23648277276462,43.04879196447919,22.049532373864448
1529.0,含油水层,5.391307909709415,88.73294162974315,5.875750460547438,78.21303381782674,21.786966182173263,94.81739164063954,73.40250091486794,15.241707773245464,0.08873294162974055,16.604357822812794,5.182608359360463,2.265764353382948,92.23168855136029,2.3555982752755265,8.101576464633089,7.582416401050942,71.78990389126707,42.058341388479725,22.16409864454355
1529.125,含油水层,5.3600266927016005,88.83599100480824,5.803982302490161,75.96450680330292,24.03549319669708,92.67920086917785,73.48774639088353,15.25940862291989,0.08883599100480977,16.71469406587493,7.320799130822153,2.371274475771995,88.46628209308211,2.397663969209807,8.241993345551073,7.6904467636856495,75.75367329203489,43.00212372655125,22.425533128623236
1529.25,含油水层,5.215692583186412,89.09438242108536,5.689924995728226,75.00168347144349,24.99831652855652,91.66567478181452,73.70149537543561,15.303792663228666,0.08909438242108436,16.663991310371024,8.33432521818549,2.4973182262789475,107.79937418751051,2.4495128478863673,8.448773753344025,7.856801433224784,78.65348075599782,41.991109933762964,22.195784316290414
1529.375,含油水层,5.339661286896304,89.00576341894951,5.6545752941541805,74.41636453757509,25.583635462424915,90.91937807889686,73.62818712862357,15.288570526906991,0.08900576341895339,16.503013541321764,9.080621921103148,2.189426790956716,105.92639632359679,2.471174595364715,8.70287736790986,8.068239133310328,85.47155436274937,40.9203008360382,22.57727806667359
1529.5,含油水层,5.410337480518098,89.009758815726,5.5799037037559,72.90454015072424,27.09545984927576,89.39688164785291,73.63149223843008,15.289256818480187,0.0890097588157307,16.492341497128677,10.603118352147089,2.497137837777027,93.03720079997872,2.4837148859685363,8.815797904790983,8.173517362117966,89.37883727430606,42.69236891575077,22.394371591997547
1529.625,含油水层,5.514446294594886,88.84952887054669,5.636024834858417,73.35196483485784,26.648035165142158,89.88705287881629,73.4989453118705,15.261734029805643,0.08884952887054653,16.53508804395844,10.112947121183712,2.332975452474258,95.08887027234212,2.519844481850878,8.89254152810031,8.257007417073813,97.19136072776938,42.22443041193848,22.17076061708445
1529.75,含油水层,5.555620698177546,88.80854731520485,5.63583198661761,71.73390471985923,28.266095280140767,87.85806166192947,73.4650441631176,15.25469460477204,0.0888085473152056,16.12415694207024,12.141938338070535,2.439909373123553,103.58808561434357,2.522755771734995,8.952050972658053,8.333754680956314,95.07368832275384,42.00795669522,22.168610885632308
1529.875,含油水层,5.406168849092486,89.07245423213288,5.521376918774638,73.62281076416308,26.377189235836916,89.36080005558449,73.68335573214098,15.30002604575976,0.08907245423213361,15.7379892914214,10.639199944415513,2.296834863348831,79.00565216670323,2.5197143759700182,9.07833972882457,8.474945962197912,76.87681271965397,42.525395211991736,21.964443598860758
1530.0,含油水层,5.331888239116254,89.31185717820921,5.356254582674536,71.88043074337664,28.119569256623368,87.19633105600403,73.88139689527199,15.341148425759007,0.089311857178212,15.315900312627395,12.803668943995971,2.308842702690488,85.87022914372604,2.501491885767943,9.270976496389281,8.684339794112073,83.31569977635353,42.38090834886411,22.082368624940067
1530.125,含油水层,5.344168536400052,89.40391213249713,5.251919331102812,72.39054664523529,27.609453354764714,87.52176500264395,73.95754746283158,15.356960757533047,0.0894039121324991,15.13121835740866,12.478234997356052,2.1168376088880527,91.35719766105349,2.4759058236822056,9.343005909547173,8.780486834520165,83.92256934140887,42.277545025807015,22.10249296423734
1530.25,含油水层,5.358921749932399,89.23411955296724,5.406958697100362,72.73821179774414,27.261788202255854,87.81084689215982,73.81709004368858,15.32779538972569,0.08923411955296667,15.072635094415677,12.189153107840179,2.3735534001117817,102.77080127226198,2.4768182188459256,9.392261747709803,8.84171255584384,81.34439486978648,42.970169097072656,22.074232096776974
1530.375,含油水层,5.507986271518574,89.09041941557851,5.401594312902919,72.90053734569912,27.099462654300876,88.29002296350747,73.69821706064069,15.303111935522251,0.08909041941558282,15.389485617808338,11.709977036492536,2.289566984416864,84.30637289009125,2.472888350349682,9.33460485216466,8.812636789545433,83.8988517126857,42.7819274081994,22.18086506745486
1530.5,含油水层,5.5038393487731865,89.15318203040646,5.3429786208203565,72.80547028102121,27.19452971897879,87.98018633074986,73.75013614286328,15.31389270551277,0.08915318203040756,15.174716049728657,12.019813669250134,2.45651923828157,86.61733295780631,2.4744371873039044,9.279604040875588,8.786250270159892,83.57826767491929,42.849229938914384,22.05437223295324
1530.625,含油水层,5.602536662703776,89.15935555957816,5.238107777718073,72.82154625890799,27.178453741092014,87.91871422189325,73.75524306789417,15.314953136124403,0.08915935555958154,15.097167962985273,12.081285778106743,2.3631893684179217,81.93926174002237,2.465520969847337,9.175381521260022,8.722792517387044,80.13402038660956,40.10042413147387,22.26378932653134
1530.75,含油水层,5.742225554935608,88.87620159116561,5.381572853898788,74.17214893888186,25.827851061118135,89.49323212425881,73.52100977140122,15.26631561817321,0.08887620159117038,15.32108318537695,10.506767875741186,2.4192566448876756,105.65423523380596,2.4400141906132324,9.022830809073739,8.627831707681926,89.0709120587327,41.74478915216031,22.16530347407179
1530.875,含油水层,5.834752563153554,88.78973053046528,5.375516906381168,76.0645283577961,23.935471642203897,91.46862012647816,73.44947836496313,15.251462434971682,0.08878973053046135,15.404091768682058,8.53137987352184,2.3023572050055106,90.69679777457033,2.381348635687785,8.851913703925558,8.517570219954111,78.03255953513307,42.742792906066605,22.158007185802354
1531.0,含油水层,5.73979300103879,89.04233519919909,5.217871799762125,77.89557911638553,22.104420883614463,93.50297141789584,73.65844038163111,15.294852482368778,0.08904233519919924,15.607392301510295,6.49702858210417,2.3544626130412234,96.69771807908845,2.3440941682190966,8.733736817747195,8.421065610418122,75.37409572453907,42.044653249616935,21.947595421601175
1531.125,含油水层,5.667239649450386,89.11645809337223,5.216302257177389,76.08004717472062,23.919952825279378,91.82667678190121,73.71975702128518,15.307584613993678,0.08911645809337176,15.746629607180596,8.173323218098783,2.14445885464353,103.63589213225085,2.2882156220660104,8.786891695645702,8.473665155952817,89.14790902541216,41.39895543049937,22.01658603735124
1531.25,含油水层,5.539604213384152,89.36246014910888,5.097935637506968,76.40263127289568,23.597368727104328,92.23217904416587,73.92325716215299,15.34984052680677,0.08936246014911164,15.829547771270208,7.767820955834126,2.3260908091002976,92.51192622061274,2.2566461356399934,8.843705821410065,8.519599330437492,84.01022390474957,42.20418932908147,22.032208606426245
1531.375,含油水层,5.582683274749969,89.20249359299521,5.214823132254817,77.1688184346867,22.831181565313308,92.76883644965275,73.79092811878061,15.322362980621602,0.08920249359299359,15.60001801496607,7.231163550347242,2.2576277033679797,81.87754394596833,2.2577109274818827,8.925188316418081,8.559783190637406,85.31285755862856,42.55989497035601,22.01320210094276
1531.5,含油水层,5.473504317077901,89.31766645467427,5.208829228247821,76.8588442188558,23.141155781144207,92.87267787645483,73.88620249974322,15.342146288476371,0.08931766645467465,16.01383365759904,7.127322123545166,2.382423455530802,83.29362217902548,2.261496455146957,9.042198877240464,8.63604313880105,83.89265012030894,39.74529942528378,22.07373659247121
1531.625,含油水层,5.3760537424229184,89.45093279570372,5.173013461873367,74.57036519559969,25.429634804400315,90.38288011383943,73.99644433935396,15.365037523554054,0.08945093279570382,15.812514918239756,9.617119886160562,2.418820987693304,92.97587636141148,2.289122684044041,9.20836074990115,8.7408038080158,75.60598748356577,42.4168031783135,22.269917977878485
1531.75,含油水层,5.217427885492686,89.65381227461681,5.128759839890499,73.02958717743098,26.970412822569013,88.7375928693495,74.1642722154844,15.399886246857792,0.08965381227462044,15.708005691918519,11.262407130650498,2.29819000779576,85.20197682207393,2.310871057224391,9.35077283577938,8.834296298855874,80.79679214942115,41.384065563646296,22.10505908872772
1531.875,含油水层,5.3322263186353815,89.45486529785816,5.212908383506451,74.2671826572904,25.73281734270959,89.84470887019404,73.99969742087801,15.365713011682306,0.08945486529785274,15.577526212903633,10.155291129805954,2.3891943826335567,103.78585451001855,2.322072551623583,9.379758374257001,8.87613297926664,86.72155245597047,42.281672334157435,22.32964405017574
1532.0,含油水层,5.423231530892884,89.37675183643397,5.20001663267316,76.33718315989503,23.66281684010496,91.45476242941436,73.93507966654299,15.352295418054537,0.0893767518364369,15.117579269519322,8.54523757058564,2.2822927413464176,84.85158507909848,2.3375120609013265,9.3815439769074,8.910859194866061,77.2817989381238,41.09484834248423,22.046010337672413
1532.125,含油水层,5.4766529493193685,89.35781828180667,5.165528768873951,74.11165015599252,25.888349844007475,88.82771344622236,73.91941727290062,15.349043190624254,0.08935781828181277,14.71606329022983,11.172286553777644,2.366504478229182,92.59425577373496,2.3296956081475373,9.229407355213294,8.842233262560447,77.78632646393207,41.47881381811471,22.362436042724042
1532.25,含油水层,5.540695151423064,89.33335819381072,5.125946654766209,75.70586403325352,24.294135966746477,90.36721796698035,73.89918316819808,15.34484166741884,0.0893333581938105,14.661353933726835,9.632782033019648,2.4342594850730235,87.41948920223568,2.2948343748489632,9.130428402165899,8.832125720174322,80.28336583368284,41.46623802039206,22.39721137241551
1532.375,含油水层,5.619710723658689,89.36388944027573,5.016399836065591,77.69203912999816,22.307960870001843,92.27299704101259,73.92443951387328,15.35008603696216,0.08936388944027762,14.580957911014433,7.727002958987406,2.303106910735122,117.57383768067842,2.3046260604997437,9.182478945627423,8.905184705493912,83.30228366626785,42.319065885759,22.430434764883035
1532.5,含油水层,5.469746052020766,89.41122279747029,5.119031150508943,75.42004443434315,24.579955565656853,89.6445086234979,73.96359506006577,15.358216514607054,0.08941122279746971,14.224464189154753,10.355491376502101,2.4037577558237584,87.00439140465352,2.29682990785121,9.12104250008602,8.855395381645476,86.48291368461102,42.62717745120894,22.401556196117788
1532.625,含油水层,5.386876053738835,89.38529348572875,5.227830460532415,75.66781563069604,24.332184369303967,90.11896155239883,73.94214557023851,15.353762622004519,0.0893852934857331,14.451145921702798,9.881038447601165,2.345657534248377,79.42039299123695,2.3094022102680225,9.214121694823419,8.914291320402118,85.02187098316662,42.0231965853583,22.237660928984646
1532.75,含油水层,5.273102005704535,89.5750771830438,5.151820811251662,74.12874900299562,25.87125099700438,88.58245304956507,74.09914023039441,15.386361875466353,0.08957507718304059,14.453704046569463,11.41754695043492,2.255001817003197,96.13630746616195,2.3665991358819976,9.334016828633022,8.955649319550314,79.01759586905814,42.228100039670394,21.841917554166045
1532.875,含油水层,5.20899267160752,89.49691610346858,5.294091224923913,73.44287606638628,26.557123933613724,87.81774769503633,74.03448308492337,15.37293610244174,0.0894969161034681,14.374871628650055,12.18225230496367,2.2683762262062346,88.11953263832436,2.4177649253838127,9.420834120861665,8.950913952202745,83.8048711890489,42.742098525644366,22.016724832101918
1533.0,含油水层,5.083236141005155,89.4681994844282,5.448564374566661,71.5076778411521,28.492322158847905,86.18216561467567,74.01072785246214,15.36800343248163,0.08946819948442708,14.67448777352357,13.817834385324335,2.432391632502785,85.35113039845551,2.474560325385727,9.53761173858842,8.986303160357153,71.06251438932534,40.79463392183036,22.00609814757307
1533.125,含油水层,4.933761071932466,89.5245125547516,5.5417263733159405,71.3028641621469,28.697135837853093,85.54414955372147,74.0573116816468,15.37767636055005,0.08952451255475335,14.241285391574559,14.455850446278529,2.31173896715977,74.22594855338939,2.5300947794686284,9.623558841622334,9.00637778757729,84.83139968552227,42.3325005401033,22.096405665160713
1533.25,含油水层,4.957448241237999,89.58507655785664,5.457475200905372,70.17061862295273,29.82938137704727,84.32136975542387,74.1074120075424,15.388079473756381,0.08958507655786041,14.15075113247114,15.67863024457613,2.539700705054427,89.65499363768637,2.567665999907962,9.612497534805302,8.971282241726952,87.1046462847688,41.48468699380433,21.99891705752956
1533.375,含油水层,5.061111467987352,89.38014918152201,5.558739350490632,71.7845251550082,28.215474844991807,85.80362405507064,73.9378900503909,15.352878981949589,0.08938014918151993,14.01909890006246,14.19637594492935,2.347048214906484,92.25247815791988,2.5887520588385424,9.574782288493962,8.945378614574002,91.36478471810722,42.73251608075542,22.120528265119013
1533.5,含油水层,5.17402376258258,89.2598009003152,5.56617533710222,71.00244127131482,28.99755872868518,85.27008913074755,73.83833441007135,15.332206689343527,0.0892598009003126,14.267647859432733,14.72991086925245,2.305434127110129,87.41949081277252,2.607528926321449,9.556326673947526,8.919149548145837,82.81356359560478,41.99404309179972,22.123105424295524
1533.625,含油水层,5.104140935935702,89.26530280300008,5.630556261064219,70.23846621809815,29.76153378190185,84.85699894445466,73.84288574590497,15.333151754292121,0.08926530280299605,14.618532726356506,15.143001055545346,2.2673354635791614,71.01895165721508,2.598218901971767,9.432305947487851,8.811931775776646,83.47970840031873,40.645837695345975,21.966876906574043
1533.75,含油水层,5.207585739731087,89.28103053383965,5.511383726429249,71.90010390725891,28.099896092741094,86.89187458501581,73.85589618775595,15.335853315549869,0.08928103053384429,14.991770677756907,13.108125414984183,2.2607093305688712,91.72073346420979,2.605344803353153,9.439950631411454,8.781755607096645,88.68649758976005,41.95058663615597,21.962785711421553
1533.875,含油水层,5.07818606292756,89.2864000125475,5.635413924524933,70.76542917621913,29.23457082378087,85.85696607702388,73.86033797857823,15.336775633956726,0.08928640001255317,15.091536900804758,14.143033922976112,2.3085040471983307,90.87586218307213,2.5901362116300812,9.488313178064267,8.787649961246187,77.61339404785895,41.04564467982134,21.945684463841083
1534.0,含油水层,4.95234391319399,89.50962764567156,5.53802844113446,70.89871078787876,29.10128921212124,86.03826018269469,74.04499844676133,15.375119571264554,0.08950962764567583,15.139549394815925,13.961739817305318,2.309433197034446,86.73292635740532,2.5734146281616463,9.574196583383051,8.846597391323222,82.95047010845408,41.64921397980516,21.981084765582818
1534.125,含油水层,4.932809229088514,89.56310378022309,5.504086990688391,69.88941870600694,30.110581293993064,84.85255894472574,74.08923547917846,15.384305197264403,0.08956310378022136,14.963140238718811,15.147441055274257,2.265909701664689,86.32337635722992,2.591909178253116,9.645088348327251,8.867756488262772,75.63098893956612,42.320619934753005,22.056296722458313
1534.25,含油水层,4.841398818809782,89.5016776519368,5.656923529253417,70.09730999178483,29.90269000821517,85.05001765076041,74.03842197795876,15.373753996326107,0.08950167765193195,14.95270765897558,14.949982349239587,2.5086700014360783,87.63949520242791,2.614290272810128,9.66622245607217,8.875811850654735,73.2638692673403,42.769738072210274,22.074928325379112
1534.375,含油水层,4.922633440216187,89.30526939570782,5.772097164075989,69.5283420446946,30.47165795530541,84.10500538982235,73.87594728769443,15.340016838617688,0.08930526939571193,14.576663345127756,15.894994610177648,2.328200487111584,98.19754963747432,2.6341361399038234,9.629983766535915,8.840015931709225,78.88338674229566,40.649883596061926,22.215968659260728
1534.5,含油水层,4.944915369114185,89.36386448759522,5.691220143290585,70.42590059302263,29.57409940697737,85.31000150880847,73.92441887228158,15.35008175082606,0.08936386448759048,14.884100915785837,14.689998491191536,2.530295855947358,84.21646731367328,2.641308911015821,9.649525899491646,8.84597404212419,87.69249115411672,42.100381869678486,21.803782392606823
1534.625,含油水层,4.88880354367394,89.56948904679692,5.541707409529143,69.1992675957165,30.800732404283494,84.225738266356,74.09451755962029,15.385401998129844,0.0895694890467924,15.026470670639485,15.774261733644002,2.3836568080815876,91.72452007660821,2.6322022694233485,9.628412519441,8.832621408079998,80.18829600878406,42.415186916407976,21.944681696168264
1534.75,含油水层,5.0282494991776545,89.38475252108233,5.586997979740015,70.57726651503128,29.42273348496871,86.03353208115819,73.94169806836125,15.353669700200001,0.08938475252108224,15.456265566126898,13.966467918841818,2.344934944102995,87.60968860169461,2.5884283592965605,9.570325264760593,8.7956199584978,75.13016574563215,42.51748069947668,21.87788639229373
1534.875,含油水层,4.963676013149713,89.43209304555523,5.604230941295048,72.57677850998157,27.423221490018435,87.74383889953118,73.98085954353732,15.361801408972365,0.08943209304556055,15.167060389549617,12.256161100468821,2.447147146486959,76.26558087436918,2.5584153064759296,9.541510047780406,8.774788745771215,80.20660686563258,41.22405727722651,22.218783753752824
1535.0,含油水层,4.875569321131669,89.53174719967826,5.592683479190077,72.47131820324718,27.528681796752817,87.68445227544089,74.06329639286108,15.378919059617498,0.08953174719968093,15.213134072193712,12.315547724559107,2.354088499430296,94.86724169680753,2.5281595850973355,9.445218594547248,8.690451344331748,91.58612046395844,41.83643056119897,21.998076995033173
1535.125,含油水层,4.755140401001398,89.69604021624401,5.548819382754589,72.23999529344576,27.76000470655424,87.69027701974595,74.19920441165634,15.407139764371422,0.08969604021625,15.45028172630018,12.309722980254056,2.3754384009569307,75.85847284309463,2.508833824045123,9.522411226597402,8.73689922088557,87.53112510955015,41.03549758649606,22.057932264992704
1535.25,含油水层,4.740138496325722,89.7679836976794,5.491877805994882,70.64660567850693,29.353394321493077,86.37515427148932,74.258718176949,15.419497537032715,0.08976798369768335,15.728548592982392,13.624845728510682,2.459629116898467,86.06404549898582,2.5017658118451624,9.654844629718964,8.812497735791426,88.35801784358841,41.92235202330801,21.962151402395847
1535.375,含油水层,4.690793275259879,89.79162407319667,5.517582651543447,70.94611467227232,29.05388532772769,86.751648004666,74.27827419136331,15.423558257760172,0.08979162407319885,15.805533332393686,13.248351995334007,2.3024736331282587,95.32803343093985,2.5027531449422495,9.880339871651705,8.982426531028612,82.2641051606206,41.61730849879193,22.190677577032847
1535.5,含油水层,4.70372809897483,89.90434463701375,5.391927264011408,69.2270096470403,30.772990352959695,84.5834366943541,74.37151995935815,15.442920333018584,0.08990434463701513,15.356427047313803,15.41656330564589,2.413474269634203,117.8920667519477,6.1665787109049495,7.804314476138339,7.145409169488776,94.84532259436564,42.766739868685065,22.02350069530681
1535.625,水层,14.041221801684204,47.065385752069254,38.893392446246544,72.54015220218186,27.45984779781815,74.80019929286144,39.31393627813652,4.575464006752894,3.1759854671798418,2.2600470906795844,25.199800707138564,2.1491577262053054,129.76273309686997,9.817438775239552,5.652628343876426,5.260255295172437,101.01619122989251,46.52292328893746,22.000127459053125
1535.75,水层,14.1947394976467,47.35019440932768,38.45506609302562,71.55920126105187,28.440798738948125,73.85262860315584,39.551838278173285,4.6031516956834,3.1952044354709934,2.2934273421039646,26.147371396844164,2.324962578850358,141.07572513657453,13.548283079024417,3.515189118208479,3.3922257155281916,111.76809785275212,49.30423131749829,21.96885719622559
1535.875,水层,14.465570798948216,46.7054894581491,38.82893974290268,70.39196643497195,29.608033565028048,72.75266926203562,39.013313224913325,4.540476669186602,3.1516995640491734,2.3607028270636743,27.24733073796437,2.1780113270308816,188.47070508608826,17.370518370320337,1.260836764760743,1.4141555112235307,133.29006179269723,51.59375387317974,22.193458091682658
1536.0,水层,14.516351265501207,45.82230657565213,39.661342158846665,69.6634276410592,30.336572358940806,72.09011386116919,38.275586443126556,4.454617997772918,3.092102134752651,2.4266862201099992,27.909886138830807,1.9504454744364175,189.6856975409029,17.41359805861478,1.2597795530838418,1.4158746370329944,127.68790130873519,52.19034560229585,21.975749848366327
1536.125,水层,14.760218187455154,46.52649541346449,38.71328639908035,71.68364217082433,28.316357829175676,74.08562191217733,38.8637986643833,4.52307575350747,3.139620995573718,2.401979741353009,25.914378087822666,2.0241828646557454,198.06759613811653,17.527882506818262,1.2322466980030957,1.389921111743124,117.69195967394018,52.47032913081115,21.95399407071816
1536.25,水层,15.04742643513369,45.180954678539365,39.77161888632694,73.61798630015618,26.38201369984382,76.0619871658033,37.73986221156972,4.392268938607434,3.048823528362206,2.4440008656471197,23.938012834196698,2.0486670033816763,197.42155359407099,17.597935158577346,1.199621977929164,1.3588900583880497,126.5327792460543,51.22195059182748,22.027379767608483
1536.375,水层,15.233309360519897,44.69365460135159,40.073036038128514,73.75332150628859,26.246678493711418,76.22242843514748,37.33281818384604,4.344896035399846,3.015940382105705,2.469106928858884,23.77757156485253,2.092545794819764,176.5987108910763,17.481242984542817,1.1751019388063333,1.3389922426954242,126.99047580214624,51.48062383498133,22.083680050349862
1536.5,水层,15.301982295558359,45.610404280513485,39.08761342392816,73.87755079114822,26.122449208851783,76.32259625287588,38.098583467475706,4.43401790475631,3.0778029082814684,2.445045461727674,23.677403747124114,2.020151315552506,187.08143264182226,17.547785273896515,1.1496581701082595,1.314157756055398,142.71861044498118,52.14463684683145,21.808969883288345
1536.625,水层,15.278328212676668,44.84823591400245,39.87343587332088,74.27700956273947,25.722990437260542,76.74756160720399,37.461940675423186,4.359923666021561,3.0263715725577054,2.470552044464521,23.252438392796016,2.1270818861711085,190.05968025045138,17.59314918995121,1.1552340872600755,1.321078616072776,134.25865451764346,51.97025969497109,22.126424281864367
1536.75,水层,15.322419694269094,45.02563115846361,39.651949147267295,72.11595850364655,27.88404149635345,74.54034994412169,37.610119750668176,4.377169154250996,3.038342253544437,2.4243914404751337,25.459650055878313,2.1865124909442337,201.33624222521107,17.586043872184888,1.1755476115999153,1.343523982561324,133.7051609423453,50.944285881014196,21.964016214996516
1536.875,水层,15.401382745988526,45.58191015911629,39.01670709489519,70.78810868458679,29.211891315413208,73.22051338342354,38.07478219494791,4.431247847212457,3.0758801169559242,2.4324046988367436,26.779486616576463,2.032170888496132,180.69038661295377,17.751955016438426,1.182786210877436,1.351608000164271,128.51928118979242,50.98353755093592,22.013738106365988
1537.0,水层,15.651844266182934,44.6050947965419,39.74306093727517,70.84998302736157,29.150016972638426,73.21031964628013,37.25884376575813,4.336286689213111,3.0099643415706576,2.360336618918544,26.78968035371988,2.155578285815713,192.4137957536954,17.919612970737425,1.1837411912170577,1.3552902264912046,124.46171781787993,51.730053546542564,22.157790806054237
1537.125,水层,16.039916265859162,43.50430120267389,40.455782531466944,71.83750443796755,28.16249556203244,74.22128785309665,36.3393457416119,4.2292729807918255,2.935682480270164,2.3837834151290944,25.77871214690335,2.1525146739815892,200.55645655097297,18.00794406292814,1.1870573875645218,1.3628500527376186,133.9433725366684,53.61656591504222,22.116402546974115
1537.25,水层,16.269074936448686,44.34798519545168,39.38293986809963,70.1021905809396,29.897809419060394,72.55579765012718,37.044078916554405,4.31129176551747,2.9926145133798014,2.453607069187569,27.444202349872825,2.0487936617204388,199.99235513146945,18.16715307393889,1.1727578675357786,1.3526430371046476,126.71914656370134,52.27063828985139,22.00797325566937
1537.375,水层,16.629955564700616,43.596693634236466,39.77335080106292,70.33460020050632,29.665399799493684,72.79510302195187,36.416521570705655,4.238254915994436,2.9419171475363792,2.4605028214455484,27.204896978048133,2.0250430348555644,191.04212395042452,18.15100950099979,1.1795607432158313,1.3640428175757,128.0403000630691,50.39470454617701,22.18702947423358
1537.5,水层,16.516834719727537,44.870350991371765,38.6128142889007,69.5079793260444,30.4920206739556,72.0270512832755,37.48041350271633,4.362073584457222,3.0278639041982127,2.5190719572311013,27.9729487167245,2.1570892209421197,200.1784757733311,17.97328203536275,1.203495175266423,1.3910147482349386,115.39431547603978,52.17585766806357,22.01211193103866
1537.625,水层,16.15286007049075,45.8255299374706,38.02160999203865,70.21286734922431,29.787132650775693,72.79079563612916,38.27827893229047,4.4549313570654325,3.0923196481147013,2.5779282869048474,27.209204363870843,2.124488532025257,198.30764069376713,17.926812335189048,1.2155514922435493,1.404681842311307,124.63126570429098,51.615843404995005,22.13580897416406
1537.75,水层,16.43464862329971,45.156444154859415,38.40890722184088,68.84749846355976,31.152501536440237,71.40547993489683,37.71938845679858,4.389886146729873,3.0471695513309616,2.557981471337069,28.59452006510317,2.2492303923759804,184.33065869070893,17.949391300386083,1.236305144951941,1.4230296855175917,129.06656611477456,51.5257055893135,22.03371021356098
1537.875,水层,16.168246927220366,44.3015322100063,39.530220862773334,67.57540011559374,32.42459988440627,70.14108326999103,37.005276521109295,4.306775836039463,2.9894798528575453,2.5656831543973055,29.858916730008968,2.1420436806477796,194.5395528744315,18.03077707471615,1.2420697168163815,1.4267188907265613,127.20473235669941,52.05458764019354,22.066755261233858
1538.0,水层,16.29542958439195,44.494908093325456,39.20966232228259,68.06186360461152,31.938136395388483,70.59111741351265,37.16680429854185,4.325574882934811,3.0025289118487968,2.529253808901135,29.40888258648735,1.8990803968828738,193.72669713614903,18.22843202570602,1.2491692404228247,1.4341085029034386,117.82359744909166,50.87030507422949,22.081486414714536
1538.125,水层,16.572051687639366,44.540415107607174,38.88753320475346,67.07021549139198,32.929784508608016,69.63993184096981,37.20481651986102,4.329998849775275,3.0055997379708814,2.5697163495778255,30.360068159030195,2.1595477983395113,187.6041195874338,18.279013981972216,1.2632150221369436,1.4509761566615664,111.04314826144605,51.969854563018245,21.85229285627189
1538.25,水层,16.89650075477035,45.2652264153831,37.83827282984655,66.36417295665946,33.63582704334054,68.92986171926965,37.81025478648189,4.400461420036274,3.0545102088649334,2.5656887626101854,31.070138280730355,2.0349025136022356,196.95609682498858,18.224706802011138,1.2847305351836589,1.480296254050142,133.06276740792512,51.33752276703214,22.19973833688795
1538.375,水层,17.14257101364386,45.454140795992096,37.40328819036405,65.05357754144254,34.94642245855747,67.60426544992018,37.9680558498878,4.418826741705746,3.0672582043985535,2.550687908477649,32.39573455007982,2.0987750460664847,182.4952523451389,18.13779239842139,1.3064112099080498,1.509913840145692,129.93758266798864,50.86608160091171,22.294426713798085
1538.5,水层,17.195827843917264,45.91404050455466,36.890131651528066,65.84705571479161,34.1529442852084,68.37455713362912,38.35221222187647,4.463535916604024,3.098292366074172,2.5275014188375193,31.62544286637088,2.0066340130777776,191.37238085318768,18.19144655753652,1.3245740068023113,1.5341919026139201,123.57211420299154,52.25812692531724,22.080080485091706
1538.625,水层,17.56868834262562,44.73324242116029,37.698069236214096,63.955848455707766,36.044151544292234,66.5570414584567,37.365886074408934,4.3487445674313205,3.0186117793200378,2.6011930027489356,33.4429585415433,2.206745633943226,188.1560819418252,18.24542390952554,1.322423381556277,1.5375373051515686,112.58498299268972,49.301989269368846,22.449904623792108
1538.75,水层,17.961735265623414,44.70157241475072,37.33669231962586,65.58396257116587,34.41603742883412,68.18954405290725,37.339431970314834,4.34566576605521,3.0164746783806784,2.605581481741379,31.81045594709274,1.9893805473617625,197.28532391371002,18.298141705648774,1.3158461969224307,1.5361686467355176,119.00046152399726,52.818738631772646,22.06819712999722
1538.875,水层,18.15241812598377,44.76314267478316,37.08443919923307,64.85197790171348,35.148022098286525,67.41234213926793,37.39086189574442,4.351651322195106,3.0206294568436367,2.5603642375544617,32.587657860732065,2.2660774793916993,197.4895074663268,18.325487140702393,1.3041526636308318,1.5281813842646264,121.75762583108506,51.178044220536236,22.077746546610594
1539.0,水层,17.937299268105228,45.23058074578758,36.832119986107195,66.58370072228497,33.41629927771502,69.08621785745342,37.781315097047134,4.397093339403531,3.0521723093369078,2.502517135168451,30.913782142546577,2.140541716962476,186.7572914108522,18.243265228505273,1.2939223314229333,1.521083646381143,124.72486937669505,50.386819012507374,21.93334359365421
1539.125,水层,17.86110167149802,44.999072643144295,37.13982568535769,65.79288339943695,34.20711660056306,68.29595969707745,37.58793529892681,4.374587266756088,3.036550077461395,2.5030762976405074,31.704040302922554,2.1086018500211847,184.4419228155324,18.24933809020018,1.2931603341217672,1.5188393237696367,112.34297838018712,51.64422581487675,22.039373343728435
1539.25,水层,17.58777490364535,44.678555353342176,37.73366974301248,65.83217156332918,34.167828436670824,68.28128413005071,37.320205711545974,4.343428161192673,3.0149214806035296,2.449112566721525,31.7187158699493,2.177719667416793,188.35084857174016,18.21301552373427,1.2984677446050965,1.5237273765698904,136.53311971962057,50.950589924198944,21.886552137854565
1539.375,水层,17.758499225748974,45.29240541116196,36.94909536308907,64.82252456973538,35.17747543026463,67.20728918876361,37.83295752844565,4.403103627572423,3.0563442551438906,2.38476461902824,32.79271081123639,2.0116962365449234,179.48868582014126,18.37279679236317,1.310351754713078,1.5354583499903423,112.96453103912197,50.99413950410697,22.045047092393855
1539.5,水层,18.071875493088037,44.471772464713,37.45635204219896,63.70136204304926,36.29863795695074,66.11830243650097,37.147479000034444,4.32332575155517,3.0009677131233854,2.4169403934517155,33.881697563499024,1.926564134746671,189.35196995415205,18.460579020624337,1.3106436018216496,1.5382569011955172,120.18039211145927,52.3448974583898,22.04051476443802
1539.625,水层,18.399075703983083,44.336610896305636,37.264313399711284,64.71339960066116,35.28660039933884,67.16008413997847,37.034577911416754,4.310186012414351,2.9918469724745274,2.4466845393173005,32.83991586002154,2.178087351847439,197.34103197861185,18.602553524356086,1.310810222786947,1.5407373513014595,122.30413418982768,51.905358044923695,22.15439358599657
1539.75,水层,18.356719751776453,43.55447987480302,38.088800373420526,64.12958489823694,35.870415101763065,66.6427538534188,36.38126022052424,4.234151103101136,2.9390685511776473,2.51316895518187,33.3572461465812,2.1863645735822566,207.14206853308798,18.81712742312835,1.302139146749974,1.528445098293945,109.32638035814692,51.544408791280034,21.93138376689755
1539.875,水层,17.988956473450543,43.262218636313484,38.748824890235966,63.64122830342508,36.35877169657492,66.21613469828488,36.13713304461893,4.205738911085498,2.9193466806090655,2.5749063948598043,33.783865301715124,2.0605736056132304,206.23095137318637,18.927484994250932,1.2840805230620604,1.5061543800329917,115.95522075482296,51.7122216471973,22.28712153323359
1540.0,水层,18.06556292104312,42.88485741977208,39.04957965918479,64.67758236512645,35.322417634873545,67.30101650828686,35.82192146005656,4.169053720127432,2.8938822395880948,2.623434143160403,32.69898349171314,2.0371995743782696,195.96343886619692,19.09507544266833,1.2773965068158097,1.495987755568081,116.22714937287122,51.260288564538925,22.153090911179675
1540.125,水层,18.587822799821453,42.72789777459197,38.684279425586574,63.789471315316085,36.210528684683915,66.48207044871083,35.69081233622284,4.153794879780995,2.8832905585881385,2.6925991333947494,33.51792955128917,2.255171323084216,187.89277017012364,19.235932033541914,1.258665698826789,1.4745599404422751,125.99519296135482,49.98807104230032,22.006593352591807
1540.25,水层,18.638706861374295,41.67227870803724,39.68901443058846,64.87354583186938,35.12645416813063,67.55658149773247,34.80904880547999,4.051172815461658,2.8120570870955914,2.6830356658630983,32.44341850226753,2.1493654139852927,206.7876005162577,19.264639238537733,1.2377694699254609,1.4560344126940459,130.3479726818383,52.00246074852444,22.07013719599272
1540.375,水层,18.815169418157783,42.161929539133396,39.02290104270882,65.43143659489672,34.56856340510327,68.13037392538021,35.218056428909584,4.098774247336857,2.8450988628869562,2.6989373304834743,31.869626074619795,2.130239444774557,212.53291969763166,19.177408710591166,1.2309036836547784,1.4511035574450544,114.04001722497505,51.81368924273586,22.23044415436626
1540.5,水层,18.307059813471387,43.25955758405089,38.43338260247773,66.17692230283426,33.82307769716575,68.84387205560981,36.134910255250205,4.205480216746696,2.9191671120539913,2.6669497527755635,31.15612794439019,2.1686793543406897,208.11063632447727,18.964621285786325,1.2176758720002492,1.4391937542653732,120.86662649901392,51.23237350324578,22.141342841596074
1540.625,水层,18.475097410823814,43.80872341091982,37.71617917825637,67.34790766829707,32.65209233170293,70.05805796353972,36.5936310322855,4.258867402136268,2.956224976498051,2.7101502952426553,29.94194203646028,1.965377029450257,196.170972912059,18.615458644407674,1.227993850787799,1.4545169303531356,117.39929361778435,51.81021061989962,22.24098315480212
1540.75,水层,18.471650022954666,44.770194845758645,36.75815513128669,66.93779218094947,33.06220781905053,69.59280102007014,37.39675260705853,4.352336899375707,3.021105339324406,2.655008839120661,30.407198979929863,1.9906704027652196,197.1568929069873,18.416973283948426,1.248273502638967,1.4786614046708557,114.29476524483789,52.46913727162335,22.390069086751442
1540.875,水层,18.644419053126295,44.51526296360992,36.84031798326379,64.98045652303176,35.01954347696824,67.62251281961788,37.18380681664568,4.327553682744066,3.0039024642201784,2.6420562965861207,32.37748718038211,2.115861549885739,200.9071415523128,18.342215862787086,1.26873442320297,1.5079806953059707,129.47344952969112,51.23969210864299,21.9400291315858
1541.0,水层,19.17944134329398,44.646829333648874,36.173729323057145,64.16491388776693,35.83508611223307,66.76116592894405,37.293704819294675,4.3403439144821725,3.012780599872025,2.596252041177123,33.23883407105595,1.916437888129286,191.6040644538515,18.32836300935972,1.2927753517083178,1.5419751099454695,120.15060253940095,51.849980110512035,21.901119000286567
1541.125,水层,19.45795372845391,44.915232584371275,35.62681368717481,64.3340243350425,35.66597566495749,66.86913225654017,37.51790330672089,4.366436750934104,3.0308925267162787,2.5351079214976595,33.13086774345984,2.1913604567562075,198.48139570954245,18.28449650296116,1.3158333129399367,1.575179927824092,110.02999433123207,51.007418680603756,22.1250721687459
1541.25,水层,19.40285795664789,46.01478970462559,34.582352338726515,64.42572525677964,35.57427474322036,66.9549266947902,38.43636849868947,4.473330255506545,3.105090950429581,2.529201438010565,33.04507330520979,2.17144069183603,197.55047351582164,18.095174894849897,1.3372364293912615,1.6045530120286424,118.33710574282995,51.87042075031025,22.03162876717799
1541.375,水层,18.924685844644237,46.76749774671401,34.30781640864175,64.37467567839867,35.625324321601326,66.90651241801167,39.065109037619486,4.546504808293836,3.1558839008006907,2.5318367396129973,33.09348758198832,2.220921150430135,203.46822724994027,17.849860765039193,1.3396818983784504,1.6134210500608175,104.19944193506072,50.54198999042558,22.009213654035605
1541.5,水层,19.291032088758598,46.612980337141984,34.09598757409942,66.1569633917489,33.8430366082511,68.61448263687166,38.9360399245822,4.531483390013366,3.1454570225464247,2.457519245122751,31.385517363128347,2.1141247725064867,192.20702334247332,17.718238113075437,1.3542219169250411,1.6294686388930641,115.57926454587654,50.95047690808612,22.19537912408433
1541.625,水层,18.978309664427222,46.48270456182122,34.538985773751556,64.26159397983008,35.73840602016992,66.65789854033058,38.82721996172191,4.518818623510188,3.136665976589128,2.396304560500511,33.342101459669415,2.0948193965026074,176.42999883464455,17.60978065967674,1.3589703794686139,1.6322470660185306,132.5119972945141,49.7004500627621,22.1568296435506
1541.75,水层,18.703239568768847,47.027474972589786,34.26928545864137,65.26091789127251,34.739082108727494,67.71537462805533,39.28226922718401,4.571778508287207,3.1734272371185686,2.4544567367828134,32.28462537194468,2.0007801940641654,194.40905840411622,17.555986436892262,1.3392453906905337,1.6103773779158552,116.15714957507397,50.40317126681844,22.043204830931085
1541.875,水层,18.720005738517745,46.4458857353091,34.83410852617316,67.08622637650437,32.913773623495636,69.57030150681794,38.79646502417697,4.515239279310938,3.134181431821194,2.484075130313583,30.429698493182055,2.123421012194323,191.63761301747618,17.55008689365267,1.3395511473206225,1.6104015251932926,111.29438103473989,50.139258486292405,21.846938227634407
1542.0,水层,19.21673027914918,46.673337539562944,34.109932181287874,66.21860005481251,33.78139994518749,68.66128547469765,38.98645657733002,4.5373510186923305,3.1495299435405975,2.4426854198851333,31.338714525302347,2.0382440037466867,195.9773484194478,17.457373975800394,1.3393539288562468,1.6106128968587423,113.65243109257499,50.594357130976604,22.567019522290117
1542.125,水层,18.816065847602996,47.16833479884539,34.015599353551615,65.21368692219247,34.78631307780754,67.62983655706893,39.399930097164635,4.585472203871157,3.182932497809602,2.416149634876471,32.370163442931066,2.050884569123505,197.02169218709727,17.441273654936932,1.342084555461207,1.6152999855252026,113.98016411097905,50.06738331209294,22.421293188129575
1542.25,水层,18.900095348481873,47.240410942958576,33.859493708559555,65.04520860076856,34.954791399231446,67.51067891895353,39.46013563657669,4.592479090096899,3.187796216284991,2.465470318184974,32.48932108104648,2.208558328910121,181.27362637918768,17.285892959286663,1.3607891812114852,1.637994965987544,116.79517870745075,50.2559604943488,22.45641616873094
1542.375,水层,18.6268422189933,48.2996971419849,33.0734606390218,66.6079760671494,33.3920239328506,69.13087419722372,40.34496234018018,4.695457654896655,3.2592771469080644,2.522898130074316,30.86912580277629,2.170650162759633,196.87952373297648,17.228266173475433,1.3652302598138697,1.6425811357665505,110.48203253910526,50.21195183673531,22.39222818880905
1542.5,水层,19.11654225686778,47.24641929960015,33.63703844353207,66.30583705633916,33.69416294366084,68.85103307489648,39.46515444490829,4.593063192810899,3.1882016618809508,2.545196018557312,31.148966925103526,2.2703336726937793,198.48661007851544,17.289318049501546,1.3502352857575808,1.6283627147835076,115.88053322211083,49.98445063863308,22.232791292177836
1542.625,水层,19.379775670969902,46.12411136159872,34.49611296743137,65.94771198465548,34.05228801534451,68.4316384433451,38.52768538874328,4.483957966267784,3.1124680065876578,2.4839264586895964,31.56836155665491,2.112633806252336,180.3749398613567,17.32270826327097,1.3228137658361623,1.6035829451077734,105.74846615578572,50.726560307495426,22.287112420461625
1542.75,水层,19.877185509035293,45.899530477290156,34.223284013674544,67.17066965323369,32.82933034676632,69.70797768141878,38.34009192841334,4.46212532352325,3.097313225353573,2.5373080281850955,30.292022318581225,2.0083598720132336,183.67947149387308,17.46619022647114,1.2962848000118363,1.5847933503479545,113.42557945595316,50.588637469647566,22.200592117087897
1542.875,水层,20.47047758651949,46.19419207743647,33.335330336044045,67.19295394903139,32.8070460509686,69.65763891836654,38.58622413760821,4.490770866826429,3.1171970730018295,2.4646849693351545,30.342361081633452,2.06917562855982,185.40191839533702,17.43785906254081,1.2724808303516255,1.5652302281291317,117.77095291813197,51.271169470136236,22.121079994370128
1543.0,水层,19.98804390376705,46.492662963009195,33.519293133223755,68.74114235958533,31.25885764041467,71.20685050516926,38.835538260690036,4.519786730017174,3.137337972301983,2.465708145583935,28.79314949483074,2.0246612212927135,198.20689764923412,17.275675153186455,1.2709535780263184,1.5714049162328687,104.91117651620061,50.95371913703714,22.091064194816894
1543.125,水层,20.085049483750943,47.23581120303899,32.67913931321007,67.26092367265775,32.739076327342254,69.7949269243122,39.45629345236413,4.592031926133272,3.1874858245415916,2.5340032516544495,30.205073075687807,2.206273214187788,180.30062266856163,17.10404747030454,1.26553603468373,1.5718653158699967,107.36721110663333,50.637237255538466,21.795716111096727
1543.25,水层,20.28580289981742,46.928378822249016,32.785818277933565,69.16165044681888,30.83834955318112,71.6216876113667,39.199493750522066,4.562144870703093,3.1667402010238557,2.460037164547822,28.378312388633297,2.175965493913345,194.08596807139324,16.97410059862174,1.2624283047477307,1.5657872903524286,111.82144040299745,50.0730276316755,22.457632134551687
1543.375,水层,19.737383316116894,47.021688450078045,33.240928233805064,69.13190936495666,30.868090635043345,71.5566472429266,39.277435717935894,4.571215971190067,3.173036760952082,2.4247378779699407,28.443352757073402,1.931140647483939,202.55229846667535,16.949042557559583,1.2727029145201905,1.5803329898864744,112.39651075450942,50.5185634747325,22.49171191976175
1543.5,水层,20.231268406700625,47.12305033701134,32.64568125628804,67.74169484392772,32.258305156072275,70.14211792088607,39.36210377494321,4.58106987247886,3.179876689589273,2.4004230769583486,29.857882079113928,2.0573845332989236,190.49740186372594,16.92603213199178,1.2769249650915193,1.586680219843168,109.84037945891866,51.23799810725371,22.45461398805425
1543.625,水层,20.10895843530686,47.6009581325776,32.29008343211554,67.05933191564952,32.94066808435048,69.47957212239001,39.76130238601357,4.627529704523558,3.212126042040476,2.420240206740489,30.52042787760999,2.16381226553936,188.31987544347214,17.08606041010151,1.2953946547685518,1.6081701637010617,119.0017633860847,49.65730384010237,22.207712854631705
1543.75,水层,20.687637936537033,46.554500159588336,32.757861903874634,65.55928110985315,34.44071889014686,67.97179352967633,38.88719115946234,4.525798236407811,3.141510763718189,2.412512419823183,32.028206470323674,2.1575528939596524,203.66839122571093,17.180074869226807,1.3006817635079517,1.6219227438308088,116.68557667864063,49.301969870434384,21.911156386274477
1543.875,水层,21.033935728349633,46.56297817083644,32.40308610081392,67.02338730382712,32.97661269617288,69.45033663057376,38.894272881807694,4.526622426727186,3.1420828623015575,2.4269493267466373,30.549663369426238,2.0830068398676254,193.90622576275754,17.32094110413894,1.291053853664246,1.6165542350786235,104.386353034136,50.150531532972124,22.011531460847234
1544.0,水层,21.43205298224947,45.7052537048456,32.86269331290493,66.9023032596635,33.0976967403365,69.32672982297754,38.17781163409169,4.4432386966431325,3.084203374110777,2.424426563314045,30.67327017702246,1.8227588767056075,197.35284497697907,17.568580885356436,1.281833449051758,1.61550891165563,116.52752359193285,50.19576350738832,22.090038791308217
1544.125,水层,22.064976746087364,45.48428819851825,32.45073505539439,64.92709668850864,35.07290331149135,67.34508160280565,37.99323811585514,4.421757523063453,3.0692925595996496,2.4179849142969965,32.65491839719436,2.0533476754560556,203.0522037347116,17.740891986069848,1.2600159765723342,1.6001491368234686,101.85842235150325,50.429975157366734,21.795207626252058
1544.25,水层,22.51542507500127,44.46668301972225,33.01789190527648,65.52908209067577,34.47091790932423,67.92211103627344,37.14322776289147,4.322830980886717,3.0006242759440567,2.3930289455976625,32.077888963726565,2.2303665121952605,202.64418736289545,18.12832929026289,1.2548984870266784,1.5967427431039802,104.13804962713782,50.21420309235086,21.893353254635205
1544.375,水层,22.397965286342437,43.60950007899188,33.99253463466569,63.66052486025907,36.33947513974093,66.03710399715229,36.42721885375175,4.239499895209979,2.942781330030149,2.3765791368932243,33.96289600284771,1.9543283042284358,207.0688927903434,18.5586685291755,1.250627407613801,1.5944725393171861,105.81875768951636,49.543717929623284,21.946876752951667
1544.5,水层,23.00157386470375,42.485153690155784,34.51327244514047,63.08689480693109,36.91310519306891,65.51619335277312,35.488047070095185,4.130196500559357,2.866910119501237,2.42929854584202,34.48380664722689,2.1659888855113274,198.40038342038164,18.884278001205253,1.2278256052438719,1.5667823410731792,94.1048919243523,50.807389918879736,22.119354740301073
1544.625,水层,22.847629761645766,42.16132337324299,34.991046865111244,64.27713460781878,35.72286539218123,66.69629753676288,35.21755009571358,4.098715318887226,2.845057958642193,2.419162928944111,33.303702463237116,2.0475886880734495,197.53008415968944,19.19209805843495,1.225222101457904,1.5643203874880118,113.76071498526026,49.4399374163113,22.002232001278458
1544.75,水层,23.4897613584156,42.188949326549604,34.32128931503479,62.906913908217746,37.093086091782254,65.329767930214,35.24062618338531,4.101400977423469,2.846922165740823,2.422854021996258,34.670232069786,2.074387321345881,205.19778633911807,19.35577347882175,1.2021872714669657,1.5452711338032827,113.47023052865745,51.64367448752016,21.941161953179698
1544.875,水层,24.117336803600033,41.49862288093044,34.38404031546953,64.07442307787126,35.92557692212874,66.52114601852806,34.663993282995435,4.034290854891408,2.8003387430436026,2.4467229406568025,33.47885398147194,2.256686693762156,199.89266093224572,19.286049618252218,1.2004234949160086,1.54800026052844,110.40478233110538,51.09605696631428,22.078494141423427
1545.0,水层,23.548092574810997,42.95108230619768,33.50082511899132,63.60759622523593,36.39240377476407,66.09087071779078,35.877239416626125,4.175491776022434,2.898351113549124,2.4832744925548504,33.909129282209214,2.1517269161632866,211.79314387316938,19.29607051384464,1.2043108817106363,1.557220810560574,100.04329804971852,50.65083794101085,21.877108252364575
1545.125,水层,23.67334716232232,42.31256954552294,34.01408329215474,63.43597689766249,36.56402310233751,65.96785926309,35.343886728980515,4.113418723658442,2.8552640928839903,2.5318823654275064,34.03214073691,2.272306760564879,213.2391084836517,19.189163114434066,1.1945731034955394,1.5503274239718163,108.04699716902486,51.18766287012225,21.976481419517775
1545.25,水层,24.053459593220413,42.51678927743934,33.42975112934025,64.49254447610033,35.507455523899665,67.07897872855845,35.514472423732755,4.133271955878282,2.869044897828299,2.58643425245813,32.92102127144154,2.3133902102867765,210.72183061679527,18.967331301434655,1.1883794391262916,1.5454012569180986,99.91666596986957,50.76044758498125,22.040034773168042
1545.375,水层,24.10857105085178,42.70838099485872,33.1830479542895,66.4193468950557,33.580653104944304,69.07440491353562,35.67450987906612,4.151897554989743,2.881973560802857,2.6550580184799175,30.925595086464387,2.2315483277394814,201.5249043637232,18.79228381760959,1.157568501749545,1.5159425900923436,113.15124521983648,49.753023271071385,22.051135117917553
1545.5,水层,24.417774020489105,42.68294067090772,32.899285308603176,67.87282259775657,32.12717740224343,70.53453139220647,35.65325945779106,4.149424372528835,2.880256840587827,2.6617087944499067,29.465468607793532,2.1863562722084144,226.82551567472086,18.54170829973473,1.135213091901601,1.5015976132299365,112.48292672968049,49.584734552078245,22.020500943614824
1545.625,水层,24.906830658737,43.08192993091699,32.01123941034601,67.24257769527033,32.757422304729666,69.84295912805483,35.98653704795669,4.188212134895642,2.907180748064663,2.600381432784494,30.157040871945174,2.008831526031954,202.0366855569674,18.181739498800198,1.1179138313707992,1.4896414566405285,96.53421875050488,50.15771439755794,22.01767328824312
1545.75,水层,24.459884480448416,44.1706915878991,31.36942393165249,69.01156119777714,30.988438802222863,71.67830941952673,36.89598473909329,4.294056157925566,2.980650690880246,2.6667482217495775,28.32169058047328,2.1279731834007527,224.77527392602806,17.951349108162226,1.1271881757448146,1.5084995029244543,109.81215754175479,48.54559017256922,22.118387704770907
1545.875,水层,24.521236186734292,44.817692914578075,30.661070898687626,67.06079348340526,32.939206516594744,69.76347996004138,37.4364279655213,4.35695442669012,3.0243105223666618,2.7026864766361225,30.236520039958627,2.1700832504044225,213.72162200605945,17.861843160214704,1.1502839013066848,1.5430331124911105,86.60381107557548,49.11806509608236,21.946514333068503
1546.0,水层,24.93434809331018,44.5560436538283,30.509608252861515,65.87741699939642,34.12258300060359,68.53434474107127,37.21787111742649,4.331518179736562,3.0066543566652433,2.656927741674854,31.465655258928738,2.228257038389907,218.32749065641633,17.86086218472593,1.180584877312695,1.5794744738376776,99.1949630768172,48.54880316824038,21.889608431383554
1546.125,水层,24.789347595922003,44.5541846387168,30.656467765361207,64.16139372356379,35.83860627643622,66.8487659731094,37.216318273431575,4.331337455482531,3.0065289098026913,2.687372249545603,33.151234026890606,2.3005486518284854,219.74294468493315,17.992825182664326,1.210605012101022,1.6152311849906804,89.60398423681283,49.594895443497975,21.910427440541586
1546.25,水层,24.604896125040852,44.766949669633995,30.628154205325153,64.75727484231328,35.24272515768673,67.44332253072456,37.3940418963029,4.352021419404244,3.0208863539268447,2.6860476884112847,32.55667746927544,2.1351134980251163,197.53032434314198,18.097197226428342,1.2319833542841871,1.643707094566086,96.36130073608746,47.85847093087865,21.963336698714148
1546.375,水层,25.025696102667215,45.15604340603952,29.818260491293263,63.92941826384113,36.07058173615887,66.62192960594258,37.719053709439834,4.389847187911798,3.047142508687891,2.6925113421014557,33.37807039405741,2.15383700736077,196.47180467648514,18.190815870354378,1.2578117129290116,1.6792219082638433,95.75406078472537,47.525148982514054,22.102999878222125
1546.5,水层,25.691183915971138,45.14481575663275,29.164000327396106,62.40334514637198,37.59665485362802,65.16915261025936,37.70967520151352,4.388755691370971,3.0463848637482647,2.765807463887381,34.83084738974064,2.1870417834229614,213.60449878002055,18.217028295841832,1.2825424604619495,1.717695856464649,94.41648891071652,48.74024315530805,22.254783859633456
1546.625,水层,25.83178807737982,45.55540549082982,28.612806431790354,61.37125086422968,38.62874913577032,64.12926907267071,38.052642721884276,4.428671194459741,3.074091574485801,2.75801820844103,35.8707309273293,2.0950449203053254,195.98821898574795,18.340800648190474,1.3119261769967012,1.7626000587621926,93.64826237924225,47.643948284468685,22.270342018118505
1546.75,水层,25.981845986575987,45.331194804227835,28.68695920919619,60.70228953720866,39.29771046279134,63.422243098513356,37.865358489425596,4.40687454050516,3.0589617742970727,2.719953561304703,36.577756901486644,2.266267061095868,203.7095367387501,18.410579505487068,1.330292172818209,1.785658527400481,89.06463071716612,48.282423449827476,22.109789873438906
1546.875,水层,25.304647743163383,45.468746020944046,29.226606235892564,61.63282398693154,38.36717601306846,64.38002292819259,37.98025566242335,4.4202465894348215,3.0682437690858726,2.747198941261051,35.619977071807405,2.1127859458719978,204.8786418266377,18.444238345016114,1.3488558731998557,1.806924755855876,77.65090506327161,49.17972190762977,22.088284592022127
1547.0,水层,25.445235428477698,45.66861265470404,28.88615191681826,60.663809342566246,39.336190657433754,63.32934178262162,38.147205193978415,4.439676634983307,3.081730825742325,2.665532440055376,36.67065821737838,2.288942063068293,204.34097474866692,18.57815537871619,1.3613413874401776,1.8200427367420167,95.35775838530444,49.035533589858176,21.9947374256365
1547.125,水层,25.81549831364512,45.13815449400604,29.046347192348847,59.37850539469288,40.62149460530712,61.99544947946451,37.70411101776672,4.388108116366515,3.0459353598728063,2.6169440847716285,38.00455052053549,2.1376884625755976,218.31068614664068,18.737442484300473,1.3816094780072312,1.8387864770363411,90.43159306327787,48.53004908412873,22.2844110626336
1547.25,水层,25.717807308340447,44.936993811228454,29.3451988804311,57.95179786542456,42.04820213457544,60.62107886768888,37.536080561030545,4.3685522697732,3.03236098042471,2.6692810022643276,39.37892113231112,2.1549460904464026,211.08500034884045,19.07652443951139,1.4038174397206444,1.868247047810916,93.58098626125175,47.660942242872395,21.965508071313923
1547.375,水层,26.4872507599763,44.11124466806687,29.40150457195683,57.05028325825937,42.94971674174063,59.706437040222504,36.84632844963829,4.288277022417413,2.976639196011161,2.6561537819631345,40.293562959777496,2.350753948297189,206.26332046385886,19.402537457121703,1.4103005874186116,1.8823959285608407,97.82984297482669,49.337301204199576,21.84445001235886
1547.5,水层,27.15252280096055,43.87122527464186,28.976251924397594,57.359338416278305,42.640661583721695,60.02171881988455,36.64583913062293,4.264943524178944,2.960442619839986,2.662380403606251,39.97828118011545,2.2453350048298963,202.86248583853325,19.705195369120283,1.4005335312530236,1.8785882556574403,93.21319295388646,49.0784788181733,22.07845963477806
1547.625,水层,27.71919699781979,42.9310664037794,29.34973659840081,57.5777336457271,42.4222663542729,60.17810506032579,35.860520039962196,4.173545928992517,2.8970004348246814,2.6003714145986847,39.82189493967421,2.266476878407259,215.5981809953369,19.88140413719958,1.3685741003876715,1.855927548853183,84.57262531170655,48.12962863648704,22.331659866226428
1547.75,水层,28.148216640532713,42.89640005880748,28.955383300659815,58.77544944536749,41.22455055463251,61.34838714233165,35.83156308028909,4.170175838401946,2.8946611401164453,2.572937696964157,38.65161285766835,2.2377807504119094,207.6779647201412,19.903187457890017,1.3413152165184246,1.838418060407517,95.65073721588276,49.89328142554977,22.18596537479511
1547.875,水层,28.360897438312342,43.279128053881756,28.35997450780591,58.717257829632466,41.282742170367534,61.2992246414233,36.15125755999592,4.207382761023673,2.9204877328621612,2.5819668117908328,38.7007753585767,2.226071945765971,203.32171131013442,19.973706889304346,1.3352388511554627,1.8359174176133195,88.72951097167143,48.82363055121496,21.95329738874637
1548.0,水层,27.841512625433452,43.29863439656522,28.85985297800133,57.24217980165667,42.75782019834333,59.8132759612364,36.16755129903626,4.209279071176568,2.9218040263523877,2.571096159579732,40.1867240387636,2.255058517009002,210.05642483299272,19.95216918156799,1.3352899044912427,1.8356313659183718,88.95800618479163,49.19361696423721,21.84354286271043
1548.125,水层,27.56676269724564,43.06918721173494,29.36405009101942,57.764546205616654,42.235453794383346,60.32906660019981,35.9758929951793,4.18697335076514,2.9063208657905055,2.564520394583153,39.67093339980019,2.1705555833993477,221.43887454861704,19.835333011263913,1.3446864066269042,1.8406037602065255,82.13833947557904,49.26740078845657,21.841169819882786
1548.25,水层,26.890130251601978,43.89844479927483,29.211424949123188,59.12328070903945,40.87671929096055,61.63358170433892,36.668575726527585,4.267589671729824,2.9622794010174176,2.510300995299476,38.36641829566108,2.236741061049163,215.53314063052818,19.675124760115466,1.3479291505213178,1.8364558374930282,94.42815826900839,48.93605985333399,21.929353574708227
1548.375,水层,26.761186749766896,44.28781418090836,28.95099906932474,59.988871344995076,40.011128655004924,62.444142795112036,36.99381778740935,4.3054422371030405,2.9885541563959728,2.455271450116954,37.555857204887964,2.297300571772353,203.57612878320106,19.37660789678633,1.328611644886632,1.8076114400642609,84.18875532113267,48.272713374847186,21.732256575074373
1548.5,水层,26.24069403548173,44.39359931805187,29.365706646466407,61.3967733649755,38.6032266350245,63.80920264029002,37.082180605951656,4.315726144898872,2.995692567201337,2.412429275314521,36.19079735970998,2.271520247579032,213.26959013933066,19.143806281454943,1.3219081612597319,1.7949860734640222,94.8923817134087,50.35743637965821,21.970463688454213
1548.625,水层,26.160504156650454,44.2637377398755,29.575758103474044,60.365281553288156,39.634718446711844,62.75875917673234,36.97370662389831,4.303101644593359,2.986929471383832,2.393477623444181,37.24124082326766,2.0670509823656613,209.08111374484133,19.219074284829027,1.3146115968426115,1.7851559003489403,93.71931413204261,48.20473681069815,22.151778118090117
1548.75,水层,26.91273124130045,43.10404738009207,29.98322137860748,59.22176102230095,40.77823897769905,61.5984760754007,36.00501185643025,4.190362283906528,2.9086732397552897,2.3767150530997423,38.4015239245993,2.0014448173492188,207.20271172874996,19.35529297395552,1.293862899726797,1.7616287655126102,87.04083877606486,48.684328109456075,21.98508347662748
1548.875,水层,27.419047513178658,42.577761012876294,30.00319147394505,60.66744764497762,39.33255235502238,62.98827510958817,35.56540239877563,4.139199326417443,2.8731592876832237,2.32082746461055,37.01172489041183,2.07862165805089,214.38119746599955,19.42600257960279,1.2798535375548732,1.752482098387453,101.02340253034177,48.84242264305171,22.020329261235105
1549.0,水层,27.347750840232553,43.50656740507121,29.145681754696234,61.859129294342566,38.140870705657434,64.11269902365285,36.34123871104619,4.229493289779743,2.935835404245282,2.2535697293102928,35.88730097634715,2.1109368019847845,212.00684544322473,19.36359155114331,1.2503750819023531,1.730884043267053,89.2915711962663,48.20188129046342,21.944340276054437
1549.125,水层,27.781548562308778,43.70104905377188,28.51740238391934,63.0209880088916,36.9790119911084,65.27000398137488,36.50369013946031,4.248399833716117,2.948959080595458,2.2490159724832783,34.72999601862512,2.175269017493905,223.0473509486528,19.033937841774772,1.220616630640536,1.7063387438164908,95.51227392618188,50.07387649938235,22.05744375901566
1549.25,水层,27.460657739951788,44.19732096957696,28.34202129047125,64.14945331813325,35.850546681866746,66.41617235054568,36.91822838583453,4.296644934697332,2.9824476490450933,2.266719032412422,33.58382764945432,2.2018869293408114,206.99342633237305,18.518353084212354,1.2060151334289437,1.6972284360569883,89.5982752733493,49.782763583705716,21.876748466951298
1549.375,水层,26.925900482138783,45.41458218396528,27.659517333895934,65.99727490694588,34.00272509305413,68.21475196447263,37.93501235672137,4.414981049110358,3.0645887781335515,2.2174770575267497,31.78524803552738,2.114163677835546,214.8827298053934,18.25385390369518,1.2033661845724373,1.698095533388619,93.26335069191316,49.65120078234847,21.991335964171856
1549.5,水层,27.005997962584278,45.1726785891785,27.821323448237223,64.15954939820297,35.84045060179702,66.39334598387855,37.732949155518746,4.3914643781351845,3.048265055524574,2.2337965856755693,33.60665401612145,2.214159890755623,207.00256933692637,18.043502574938554,1.196651427608687,1.6873848476136066,89.04523561268522,47.2898514615072,21.93555621859409
1549.625,水层,26.840001525949642,44.690094361208466,28.469904112841892,65.55160117571249,34.44839882428751,67.72287370600921,37.329844298646016,4.344549926462886,3.015700136099565,2.1712725302967213,32.27712629399079,2.20843660826991,212.75807535667502,17.92713712808341,1.1936934344413,1.6844473030028373,104.38705871537313,47.80649414135554,21.929352923762583
1549.75,水层,27.07882862036951,44.83226487950404,28.088906500126456,65.4752250956437,34.524774904356306,67.60778133726693,37.448599995801985,4.358371041043981,3.025293842658071,2.1325562416232313,32.39221866273307,2.0238538981641696,225.3962287115561,17.868398094470443,1.1925856572561706,1.6852133214049578,102.72271280179027,47.56370426745181,22.095198456050507
1549.875,水层,26.966968280199012,45.77600705370866,27.257024666092327,66.5456179946128,33.45438200538721,68.72299861358995,38.23691223646049,4.450116987257502,3.088977829990669,2.177380618977158,31.277001386410053,1.888591154365171,215.45862778038958,17.71589710878609,1.1802070983650146,1.6695432989378727,99.06087375164456,48.82477290086355,22.031459765593485
1550.0,水层,26.644908133882243,45.55517307505797,27.79991879105978,66.61379936640496,33.386200633595045,68.83685096676781,38.052448583905836,4.428648600147983,3.074075891004152,2.2230516003628615,31.163149033232184,2.193018081594144,215.23860949046627,17.53473516998421,1.1834607395980905,1.6765595674138167,101.06553678053996,48.93653321206625,21.93017313839141
1550.125,水层,26.6780673572437,46.03688565867233,27.285046984083973,66.6415589619421,33.358441038057904,68.9032893895059,38.45482535218206,4.475478314867373,3.1065819916229005,2.261730427563814,31.096710610494092,2.1179940915193574,215.69606027887886,17.310588122679714,1.1768892908920159,1.6736382219962735,98.01015354843945,47.261689515290186,21.737391954085705
1550.25,水层,27.182852331795626,45.996180810781354,26.820966857423016,67.726505044269,32.273494955730996,69.93240131919976,38.420824402851125,4.471521190890814,3.10383521703942,2.2058962749307547,30.067598680800245,2.3445452947548793,218.86939181617265,17.274712894660276,1.1532472998029013,1.6492017461076651,94.32851441732568,47.87319894780704,22.006883422416287
1550.375,水层,27.98087508147638,44.83965320259221,27.179471715931413,68.70414829114662,31.295851708853384,70.94990564280096,37.45477149654397,4.359089297270293,3.0257924087779475,2.2457573516543436,29.05009435719904,2.051579463294255,213.20594703899994,17.114885005679444,1.1229646244278804,1.6204700632555278,103.47080514801088,48.23047858880683,22.01330847552255
1550.5,水层,27.795680163483304,45.0855801040012,27.118739732515497,70.39857043458662,29.601429565413383,72.583332678422,37.660195384536806,4.382997094215091,3.0423876252493036,2.184762243835382,27.416667321578004,2.0945366548272326,230.8013117055795,17.081729438443336,1.0880118734031397,1.5878525044413625,104.4430811193939,49.088102956504564,22.060884597907343
1550.625,水层,28.53274603641961,44.584885209731,26.882368753849388,69.61800948567512,30.381990514324887,71.80178558671112,37.241962603617516,4.334322013144551,3.0086005929689326,2.1837761010360093,28.19821441328888,2.0095179821809626,220.79813649151183,17.03209436953906,1.0515189299149497,1.551098177118565,94.88285370070608,49.18571803897362,22.01502863745762
1550.75,水层,29.04593966409264,44.39328138531754,26.560778950589825,70.99368554621105,29.00631445378894,73.23259856686006,37.08191503525552,4.315695237051009,2.9956711130110123,2.2389130206490004,26.767401433139938,1.9951025397997912,226.56141562363138,16.927056933951675,1.0409801869118318,1.5414112682843768,96.31272421144952,48.8999856937877,22.139144134769825
1550.875,水层,28.32414052200849,44.945562048890146,26.730297429101363,70.43341933114843,29.56658066885157,72.65243995029567,37.54323764992007,4.369385231458224,3.0329391675118478,2.2190206191472486,27.347560049704324,2.176151256864592,223.46745332456638,16.965469770877686,1.046134072219002,1.5467813088762317,87.03756121176649,49.38863429603515,21.94972086092206
1551.0,水层,27.760868922947452,45.10751819180877,27.131612885243783,69.54408886379211,30.45591113620789,71.82655093691105,37.67852037162337,4.3851298066009905,3.0438680135844107,2.282462073118936,28.173449063088952,2.010522926896695,212.65697398596768,16.813451523952587,1.0401934202669152,1.5407824145343798,83.5789464085739,49.09011680802176,21.95968079083059
1551.125,水层,28.475334027973776,45.163114561608545,26.36155141041768,71.36614259147424,28.633857408525753,73.61689867781311,37.72496027867349,4.390534610680681,3.047619672254375,2.250756086338871,26.383101322186885,1.808705130831076,220.86864897967047,16.733222005179808,1.0614611325725751,1.5643279618439716,86.47540784368354,47.19146123671065,22.027798346011995
1551.25,水层,27.804197099275097,46.07957746190323,26.116225438821676,69.9367375610463,30.063262438953696,72.16131386753118,38.49048601457755,4.479628600814148,3.1094628465115264,2.2245763064848703,27.838686132468826,2.2062252309528345,226.52282193778532,16.674218985238724,1.0614632988869372,1.5652587457527956,98.96980160087874,47.89713892106618,22.166927735528887
1551.375,水层,28.25312863955317,45.3211934394038,26.42567792104303,70.90347794648112,29.096522053518882,73.11809014875925,37.857004302731845,4.405902257285984,3.058286879385972,2.2146122022781376,26.88190985124075,1.94400804419583,216.3572886693674,16.48399548227067,1.0524485409144613,1.562669060105356,98.73422039590119,47.61656196426098,22.21328769486463
1551.5,水层,28.400092236367904,45.90534368099099,25.694564082641108,71.62246174047844,28.37753825952156,73.81626008597108,38.344947724583164,4.462690454433623,3.0977055019742052,2.1937983454926386,26.183739914028926,2.091227713909302,216.3552129414707,16.45821447259966,1.0384444816286156,1.5472488862463223,92.48734835642243,49.324676701280886,21.983171827825828
1551.625,水层,29.079888227039095,44.47278139463711,26.447330378323798,72.81776813644008,27.182231863559924,75.0259148902264,37.1483217639067,4.3234238347319955,3.0010357959984115,2.208146753786317,24.974085109773604,2.085249053268207,234.08424658464855,16.55537073006604,1.0205581104592905,1.5235476685899618,91.89319425911128,47.353405160112665,22.08402784371977
1551.75,水层,28.426960698661567,44.41409646349851,27.158942837839916,70.80578533743468,29.194214662565308,73.05582552788407,37.09930196716216,4.317718775995669,2.997075720340678,2.250040190449381,26.944174472115932,2.0907867918616234,223.97472047486895,16.824710747439617,1.0206496430313206,1.5203209325024107,98.7533001425187,48.039775615610026,21.861865559947677
1551.875,水层,28.69553715029583,43.61582095051701,27.68864189918716,68.71511582309951,31.284884176900498,70.96295544094004,36.43249870722348,4.24011437907519,2.9432078642183424,2.247839617840526,29.037044559059964,1.9579557349916543,229.38568288873688,17.061934012132202,1.013214239697435,1.506365468405348,104.64065485916765,48.59175615872337,21.989621304290406
1552.0,水层,28.76184683644189,43.93585396263358,27.302299200924523,70.5222745054042,29.47772549459581,72.71977069775552,36.69982377519443,4.271226405557363,2.964803781881789,2.1974961923513376,27.280229302244475,2.0571983142231094,230.06873327418262,17.31714035618603,1.0181196991877257,1.5095017623147897,104.7244435217626,48.08320035565438,22.017784125576558
1552.125,水层,29.30641833670376,43.20401052362183,27.489571139674414,70.32575780808692,29.67424219191308,72.5405175608629,36.08851153654747,4.200080206280131,2.9154187807942282,2.214759752775972,27.459482439137105,1.9546577257383317,206.22764631199215,18.41403442623072,0.9609222608986906,1.3262171375382783,95.1424214475327,52.453747173888395,21.866899075783973
1552.25,非储层,1.469989310892709,41.10493290214865,57.425077786958646,90.45296001687352,9.547039983126481,92.2328901091853,33.01884554272792,1.5675011448881029,6.518586214532632,1.7799300923117871,7.7671098908146945,2.2929041945849646,199.95309215481208,19.434402404595772,0.8952242006695851,1.1340403168613722,139.7041346012744,51.74504692203477,22.17740765476469
1552.375,非储层,1.436207466659188,39.977187585825504,58.58660494751531,89.88458492800815,10.115415071991851,91.70844040025534,32.11294822622208,1.524495550433372,6.339743809170048,1.8238554722471898,8.291559599744659,2.2212540002659122,195.95237631223668,20.650154753554517,0.8408944243156673,0.9530434844070232,151.61199025909403,55.57658818609491,21.85295858663717
1552.5,非储层,1.437566959265344,39.29142383929501,59.271009201439654,87.509746276918,12.490253723082,89.30340182509511,31.562086671980026,1.4983445417364785,6.230992625578497,1.7936555481771053,10.696598174904892,2.1716192961520644,169.0345390674196,21.71124798512199,0.7968276651353804,0.7824044002129481,178.93228347643364,58.60993143784788,21.808669206203877
1552.625,非储层,1.4353160077093707,40.22214840908417,58.342535583206455,86.69108964770322,13.308910352296778,88.4639650834575,32.30972080352934,1.5338369200403912,6.378590685514443,1.7728754357542724,11.536034916542503,2.1179374826383444,169.97563659603978,21.800099283874804,0.8014205444338562,0.7868327972558644,169.5217571090621,57.56689426836127,22.081516206769706
1552.75,非储层,1.4708196612732558,40.22816300045674,58.30101733827,87.083981565557,12.91601843444301,88.83010646253157,32.314552215467316,1.5340662812921169,6.379544503697305,1.7461248969745886,11.169893537468422,2.1754447535900856,161.84324165475914,21.720292367179333,0.814225347506734,0.7992971788705527,166.77821627821857,58.820767023137904,23.31574701182641
1552.875,非储层,1.492907904223325,40.89703002793858,57.6100620678381,85.78763175592432,14.21236824407568,87.57810915753458,32.851840942385344,1.5595729481890448,6.485616137364189,1.7904774016102694,12.42189084246541,2.3614677839661677,173.45462782328465,21.594327186766854,0.8231114724840167,0.8080436056976792,174.38482103984828,59.24898974816149,23.440523057864954
1553.0,非储层,1.5187934583290166,40.63377081038128,57.84743573128971,85.8054652097341,14.1945347902659,87.56630312601226,32.640369597500374,1.5495337851059725,6.443867427774929,1.7608379162781598,12.433696873987742,2.257283874770999,168.15159601222066,21.5566656782032,0.829787277796687,0.8144781942615402,167.46023518822963,58.19123046903165,23.23194861961539
1553.125,非储层,1.5522981046259297,40.59253428549725,57.85516760987682,84.61632409402864,15.383675905971362,86.4159881341979,32.60724504651021,1.5479612658144122,6.437327973172629,1.7996640401692614,13.584011865802104,2.116788899680853,164.4174077383222,21.39225607055081,0.8479441254523219,0.8320915116792058,175.54816934637452,58.59892129062452,23.351077624054295
1553.25,非储层,1.5512769750904596,42.059284351201356,56.38943867370819,82.63225045569573,17.367749544304267,84.38022878953069,33.785458716985225,1.6038945138440108,6.66993112037212,1.7479783338349506,15.619771210469313,2.005431220026142,167.40502756842235,21.303054398240533,0.8573002756223688,0.8414192705042786,168.94779504557474,59.56018160956818,21.957881029910023
1553.375,非储层,1.5746588555773524,41.859997510626016,56.56534363379664,83.60089022180594,16.399109778194067,85.29900167515419,33.62537521987017,1.5962948821524419,6.638327408603397,1.6981114533482444,14.700998324845816,2.148176395388336,172.52044989143332,21.13716033579623,0.8729420586150162,0.8567257909040642,177.46343526893838,58.23249835604991,21.87672197350095
1553.5,非储层,1.6181994397893935,42.44334188411908,55.93845867609153,82.49606780498439,17.503932195015604,84.22013306864005,34.093965153162095,1.618540216440936,6.730836514516045,1.7240652636556517,15.779866931359955,2.2356596615544606,172.97443593786684,21.06339411941578,0.8753106121572275,0.8592760509433368,169.405689255168,57.00769469883741,22.059231599785367
1553.625,非储层,1.5919651857488455,41.356905318080315,57.05112949617084,84.84155832155922,15.15844167844078,86.56019880165861,33.22125040499789,1.5771098955310814,6.558545017551348,1.718640480099393,13.439801198341383,2.358203103286311,160.41568756003252,21.18134876130466,0.8646499424318028,0.8490079324514319,172.51058294824983,57.42230133992041,22.259310850331023
1553.75,非储层,1.5974107831038304,40.69361135668822,57.70897786020795,84.80870404306472,15.19129595693528,86.53793488055427,32.6884384207826,1.5518157527002308,6.453357183205383,1.7292308374895642,13.462065119445722,2.439417528344611,160.7113841616107,21.188497100762497,0.8571169943575514,0.8416241578471768,178.8520823340053,57.56379713197363,22.123874408382147
1553.875,非储层,1.556328459823354,41.72222549727661,56.721446042900034,86.3552021376395,13.644797862360502,88.10519972280824,33.514705465470534,1.5910410653131632,6.616478966492913,1.7499975851687424,11.894800277191763,2.3901398606055784,162.27455539211215,21.183186948426982,0.8503700520017481,0.835050339333224,180.44689382887043,56.0476143492284,21.897327528318684
1554.0,非储层,1.5155945624122944,42.50722734945622,55.97717808813149,85.03543055124106,14.964569448758935,86.7765424741378,34.14528318638731,1.6209764335318642,6.740967729537048,1.741111922896729,13.223457525862203,2.211186430694377,158.01826661974582,21.02491020911586,0.8511226492855253,0.8357785055995569,169.42926157432987,55.91968242723585,21.865257134924136
1554.125,非储层,1.5249371588042917,43.05958272676119,55.415480114434516,87.05818735660293,12.941812643397066,88.81480566741159,34.588980222247805,1.642040029192554,6.828562475320831,1.756618310808657,11.185194332588411,2.264658883060224,160.22291579612855,20.80867060269081,0.8606064242496496,0.8448426951026715,180.56625028598936,56.909739094401544,21.866098970205424
1554.25,非储层,1.5109538498267396,43.09908333694492,55.389962813228344,84.58310895295162,15.416891047048386,86.38683122904449,34.62071034450843,1.6435463508750192,6.83482664156147,1.8037222760928797,13.613168770955507,2.2129722856764618,167.52875508034057,20.760946573014273,0.8648113291166366,0.8486464100904307,170.76652614515208,56.6259686309904,22.333694006715287
1554.375,非储层,1.4864992822184657,42.31131090647884,56.202189811302695,85.47119156172843,14.528808438271568,87.32153640103945,33.987907068407736,1.6135053290442225,6.709898509026881,1.8503448393110171,12.678463598960555,1.9255890797796429,147.37087501718875,20.72646040948316,0.8646789833424268,0.8481569584626462,176.3141608608106,56.60181624225299,21.921645575456107
1554.5,非储层,1.4538060316907655,42.907939471906666,55.638254496402574,85.62478246594546,14.37521753405454,87.51432360627179,34.46716795164861,1.6362572445286092,6.804514275729441,1.8895411403263205,12.485676393728218,2.1810754821818783,157.77839240540757,20.836552951670054,0.8687574096895022,0.8516700659058961,179.64551630245404,58.269140052061275,21.96978639704094
1554.625,非储层,1.4916185010666536,41.97539136126443,56.532990137668925,83.75499244989696,16.24500755010304,85.63020744948801,33.718069002873804,1.6006953270678816,6.656627031322741,1.8752149995910568,14.369792550511985,2.194580837060772,159.02252244029754,20.803629687306632,0.8658205936158798,0.8486558775619456,170.71241609936482,58.20313546522209,21.959386011057756
1554.75,非储层,1.5343271677460135,43.39315632846067,55.07251650379331,86.21053611752784,13.789463882472164,88.11189976487476,34.856933833992315,1.6547605706373754,6.881461923830978,1.9013636473469229,11.888100235125243,2.164506895341343,162.1672029158933,20.684531347664873,0.8754822690221509,0.8580167245478214,173.6159916332557,56.1773235603293,22.079495586407823
1554.875,非储层,1.523515678139514,43.61414433334443,54.86233998851606,83.77965851796854,16.220341482031454,85.6407438229015,35.034449481990634,1.663187757502914,6.916507093850878,1.8610853049329485,14.359256177098501,2.0204022377754733,163.88700595092163,20.529005015275594,0.8941780871828291,0.8760976232943517,164.70918992097026,57.41322186812163,22.00564200583903
1555.0,非储层,1.4853782798950976,44.67018060238026,53.84444111772464,81.44174523529296,18.558254764707037,83.32455759744454,35.882744224079616,1.7034587893203748,7.08397758898027,1.8828123621515744,16.67544240255546,2.2226057384397557,158.8067909990152,20.254074080197206,0.9181205715471644,0.8991494893719302,176.5747406064013,58.03721382506969,21.985370128186734
1555.125,非储层,1.5176538800624702,45.02835212516019,53.453993994777335,79.8063726551347,20.193627344865305,81.73004566234803,36.17045689877554,1.7171173512589226,7.14077787512572,1.923673007213337,18.269954337651974,2.240208603647819,156.6313795046291,20.105031005679763,0.9495456020712725,0.9293026111704119,180.6868143232122,56.4532488329959,22.08244171147578
1555.25,非储层,1.5112015695286758,45.233116471987636,53.25568195848369,77.90230892825312,22.097691071746883,79.81489668821213,36.33494037711251,1.7249258629246238,7.1732502319504965,1.9125877599590162,20.185103311787866,2.1350924429356803,156.18456194390396,20.063247534263773,0.971486186554102,0.9502376963426524,165.6368107007351,57.124711972757815,22.1984862585634
1555.375,非储层,1.4807458462780234,44.260334312183204,54.25891984153878,77.18677084578142,22.813229154218572,79.06887391428191,35.55352214787549,1.687829654718906,7.018982509588809,1.882103068500481,20.931126085718088,2.145909969531624,170.2641375846383,20.200860010364842,0.9797828405572875,0.9580883188369375,159.65381443655255,55.93969106016342,21.79112408899473
1555.5,非储层,1.4488363115954792,43.32328627315166,55.227877415252856,76.71195842865635,23.288041571343655,78.56234637867843,34.800808488409054,1.6520961363722477,6.870381648370364,1.8503879500220797,21.437653621321573,2.187779217139108,160.34690713262023,20.32751926021377,0.9827308543067297,0.9610714562260444,174.38456643666558,56.619876262002265,22.181730593587453
1555.625,非储层,1.429152452920152,43.78833615887267,54.782511388207176,76.95977355007257,23.040226449927438,78.76351666545855,35.17437460960524,1.6698304124513028,6.944131136816126,1.803743115385996,21.236483334541447,2.0859218287160477,147.16246848972952,20.475405680649096,0.9779406476338298,0.9565120884919621,181.52248254083042,56.987063865100424,22.072127276229256
1555.75,非储层,1.4516780640112281,43.69198761057205,54.856334325416725,77.13151894353923,22.868481056460766,78.97379779757374,35.096979571832584,1.6661562437054485,6.928851795034017,1.8422788540345119,21.02620220242626,2.2577453420728757,151.16700689284053,20.53355693235921,0.9781766497294276,0.9566537257475682,170.95967775597674,56.66873526717311,21.94224734575342
1555.875,非储层,1.4411282377649957,43.67855310332448,54.88031865891052,76.25084395712872,23.749156042871277,78.13155385727602,35.08618787632475,1.665643930364816,6.926721296634916,1.880709900147292,21.868446142723986,2.355601967416235,143.95351145777596,20.460140385950538,0.9898996226200116,0.9677113695828692,165.4497095208857,56.22140488011249,21.996481528201166
1556.0,非储层,1.4146130845434344,44.1928406669585,54.392546248498064,74.32341499555145,25.676585004448548,76.23146673475657,35.49930572932311,1.6852558428016295,7.008279094833759,1.9080517392051157,23.76853326524343,2.291220643797092,157.0164702810719,20.57029839026399,0.9965418261771807,0.97360667142248,168.4085702210797,58.338146725323384,21.9276001597746
1556.125,非储层,1.4322847868858946,42.677475283577536,55.89023992953657,73.44398814045459,26.556011859545414,75.34649254285496,34.282040257712595,1.6274686915848158,6.767966334280128,1.9025044024003708,24.65350745714504,2.403555587497104,158.7084184493567,20.564020596768856,1.0023866057152733,0.9789074276909097,180.8222827400262,57.35236046551919,22.160539150084908
1556.25,非储层,1.409385435605209,43.8231694894794,54.7674450749154,75.46030320550959,24.539696794490407,77.38568025179873,35.20235559100668,1.6711587514547093,6.949655147018008,1.9253770462891333,22.61431974820127,2.2181994334112227,164.051018210055,20.51393079997134,1.0088954361322942,0.9850759779955639,165.924480983924,55.30250369478972,22.057024083916538
1556.375,非储层,1.3775665298180695,44.28526520747763,54.3371682627043,75.04848665084991,24.95151334915009,76.94823443939465,35.573548682961395,1.688780372896944,7.022936151619294,1.899747788544753,23.051765560605343,2.275664799513012,155.03221885227148,20.56314876856767,0.996587227727585,0.9732918034903839,171.21980546727448,56.72294812070987,21.947317194483507
1556.5,非储层,1.4082840981482243,43.59576204795573,54.99595385389604,77.23066809420516,22.769331905794843,79.13919884923736,35.01968332622494,1.6624867649125348,6.913591956818255,1.9085307550322,20.860801150762644,2.2853661874650544,159.22461189753253,20.4394291096857,0.9972600657104683,0.9739616286263243,163.41858842476472,56.391449584553726,21.87832822933868
1556.625,非储层,1.4372168522045208,43.9741296424789,54.58865350531658,74.99172673573446,25.008273264265547,76.93264115397717,35.32361913830069,1.6769154866188927,6.973595017559312,1.9409144182427098,23.067358846022834,2.096765847517321,163.1123593016551,20.374223726751676,1.0027424239173994,0.9790934289329517,171.7703969366059,57.2505990419431,23.31937212618585
1556.75,非储层,1.4326942024168299,44.52830948085855,54.03899631672462,74.82946879757199,25.170531202428002,76.80939668760686,35.768781730583996,1.6980486565282542,7.061479093746299,1.97992789003486,23.190603312393144,2.052673839490007,157.0483288958292,20.34611598604104,1.0089388111517308,0.9845783054146784,167.3407818300173,57.346705829374386,23.132367605151774
1556.875,非储层,1.4016588020240537,44.60329500030099,53.99504619767496,73.71474119988596,26.28525880011403,75.75181818645224,35.82901623553514,1.7009081646037414,7.0733706001621055,2.0370769865662797,24.248181813547752,2.297865484975743,144.38453533649766,20.171665353524695,1.0275526811317095,1.001877458529722,173.1171264229632,56.19498057457601,23.23120941362239
1557.0,非储层,1.3789284254885334,45.56163524632362,53.05943632818785,74.36181963414587,25.638180365854126,76.4575036904558,36.59883353790439,1.7374536428899812,7.2253480655292455,2.0956840563099193,23.5424963095442,2.074218335579879,144.72324173295448,20.048560400157154,1.0384725924154936,1.0120236962329847,173.48322048047922,56.39997531541748,24.174214641759587
1557.125,非储层,1.4070466610670511,45.35009472534824,53.24285861358471,73.7025052596232,26.297494740376802,75.75505514469444,36.428906882027306,1.7293867276706207,7.191801115650318,2.0525498850712456,24.24494485530556,2.341221997224516,156.0345100085483,20.029567974951735,1.0479250682116914,1.0208488738144652,166.9642733998257,55.02684413739369,23.748833284392255
1557.25,非储层,1.4064289080131003,44.80248976102252,53.791081330964374,72.49713050313396,27.502869496866044,74.52295563927375,35.98902576657713,1.708504284909545,7.104959709535851,2.0258251361397877,25.477044360726254,2.1764563730618667,150.47689240681783,20.022358986998164,1.0537478409160228,1.0264871586495568,167.3470173977036,56.29309341463972,23.837691792322794
1557.375,非储层,1.415985021107357,44.70856501615847,53.87544996273418,72.25380411823595,27.74619588176406,74.26070879691096,35.91357772605389,1.7049225458161323,7.090064744288446,2.006904678675012,25.739291203089042,2.349733895545872,145.6537788770509,19.977640780918332,1.07041860504664,1.042825092911792,148.6048671536691,55.09730146143666,23.831425613882733
1557.5,非储层,1.4048642189208977,46.11985714074894,52.47527864033016,70.6819595488698,29.3180404511302,72.64496198119289,37.04724304034723,1.7587409531185685,7.313873147283142,1.9630024323230921,27.35503801880711,2.26485729711266,149.42433538980455,19.83625942088449,1.0895165886468163,1.0612558106919812,170.8129827289714,55.65025382376061,23.048318782583546
1557.625,非储层,1.37170204489464,46.965175285227225,51.663122669878135,70.82266387908174,29.177336120918262,72.83279024194718,37.726271742654994,1.790976431094379,7.447927111477851,2.0101263628654364,27.167209758052824,2.0771371671799836,146.7375309529916,19.77030498914854,1.091552150131551,1.0631771373124357,169.55389575291997,56.2867886325964,22.03199848485028
1557.75,非储层,1.3881716191883957,45.515586619522196,53.096241761289406,72.88869076021275,27.11130923978724,74.94104850022026,36.56184351290106,1.7356976182443848,7.218045488376752,2.052357740007503,25.058951499779734,2.049565586280394,164.25612786231744,19.585761530434453,1.0987719314786708,1.0699413027200053,174.82249789186642,54.693978157346514,22.09916025565192
1557.875,非储层,1.4090508033035645,46.6872022589503,51.903746937746135,73.01041012578251,26.98958987421749,75.11442280594352,37.502981062640224,1.7803761696130054,7.403845026697072,2.1040126801610057,24.885577194056484,2.3129919435395387,146.6183973802802,19.581221172458392,1.0960043492815539,1.0668846544407333,160.37356750307342,55.381066854161546,22.167459317666278
1558.0,非储层,1.4311278307399014,46.13458581358424,52.434286355675866,71.44165968819807,28.55834031180192,73.52905135705483,37.05907431555101,1.7593026183470937,7.3162088796861395,2.0873916688567498,26.470948642945167,2.0367551622097073,159.51382741589336,19.71656146096174,1.092515837073484,1.0629528414423843,177.73928413865596,54.94023810982809,22.145577088209773
1558.125,非储层,1.3925847160601923,45.51318499275834,53.09423029118147,69.77379430783562,30.22620569216439,71.89768257023047,36.55991432976978,1.7356060342802193,7.217664628708335,2.1238882623948587,28.10231742976953,2.050989358807856,146.43985978692754,19.71162699628816,1.1002381036700077,1.0699603746271897,155.36130532558934,56.299856842361706,21.94481962744602
1558.25,非储层,1.4179773870124543,45.59590678447739,52.98611582851015,70.97986519894516,29.02013480105483,73.12036397235119,36.626363241638614,1.7387605584229902,7.230782984415786,2.140498773406018,26.87963602764881,2.3036392811300552,148.41961577452727,19.73455758601647,1.1033631985188093,1.072973393253282,174.51414786540457,57.69859606571088,22.011467343290896
1558.375,非储层,1.4136851903755938,46.464101328021265,52.12221348160314,71.8796063306889,28.120393669311106,73.95808004668663,37.3237681395509,1.7718684081360716,7.368464780334297,2.078473715997741,26.041919953313364,2.255502137908526,150.18363502232432,19.772853181204944,1.1009313446517026,1.070606545163228,176.24874891732568,55.28677110667243,22.12506308549414
1558.5,非储层,1.4086505431045848,45.73083886553838,52.860510591357034,71.50166076395304,28.498339236046967,73.58817413945616,36.73475173004505,1.7439060768951582,7.252181058598178,2.08651337550312,26.411825860543846,2.1747717567167255,152.94526837316818,19.77853965047991,1.089929626393001,1.0605416869170723,162.5916716586998,55.761566997733624,22.10332573456821
1558.625,非储层,1.3953571567709107,45.38957691067536,53.21506593255373,72.47480371303865,27.52519628696135,74.50561605867047,36.46062220393548,1.730892346737078,7.198062360002799,2.0308123456318175,25.494383941329534,2.1710809668003543,140.9332594361,19.65891363605302,1.0909956420057987,1.0622048219664306,182.6705756251398,55.860871593559295,22.147337302595478
1558.75,非储层,1.4344358329998372,46.84888760604032,51.71667656095984,72.43530728166114,27.56469271833887,74.44933883906117,37.63285996342317,1.7865419007985681,7.429485741818584,2.0140315574000365,25.550661160938837,2.0476218399482202,160.46550337479536,19.547325199622474,1.0930628582460107,1.064656971015393,169.87844630060067,55.08342989968611,22.201653605196388
1558.875,非储层,1.4586323864155084,47.62110969209401,50.92025792149049,73.0165254416948,26.983474558305197,75.01330185359609,38.253171930475595,1.8159899236643047,7.5519478379541125,1.9967764119012879,24.986698146403906,2.096949590665933,149.9525876871691,19.260287369088466,1.10868543378099,1.080266466620765,171.84950767627228,54.383386521040165,22.101142451785886
1559.0,非储层,1.418593542387637,48.8229472455351,49.75845921207727,71.84428872041619,28.155711279583816,73.83451095260031,39.21858619447618,1.8618209616439323,7.742540089414986,1.9902222321841259,26.165489047399692,2.1105523803584116,160.5351482980173,18.948601027391316,1.1321264360435928,1.1031524270199546,155.25308933917321,55.04912117517196,22.00897389993184
1559.125,非储层,1.4210328051664258,48.77688690720311,49.802080287630474,71.19804794218969,28.80195205781031,73.18051746908449,39.181586761813186,1.8600644903892243,7.735235655000694,1.982469526894803,26.819482530915508,2.1962067319485716,150.30892591505216,18.7357760715312,1.1508117569660195,1.1212129627825385,158.40621145588025,55.01219182811165,22.137982704387696
1559.25,非储层,1.4479006108277175,49.176163407638235,49.375935981534056,71.04667893251762,28.953321067482374,73.05875547312135,39.502318318001166,1.8752905551792791,7.7985545344577885,2.012076540603724,26.94124452687865,2.3504078210699633,148.53436296493334,18.594723699786808,1.1601803890123925,1.1303792639376118,163.23006266496046,53.90946828966786,22.09011382221537
1559.375,非储层,1.4055260919479766,49.180567916789265,49.413905991262766,72.79624397399203,27.203756026007962,74.77013622366356,39.50585638015287,1.8754585173349003,7.799253019301493,1.9738922496715157,25.229863776336448,2.2225668343515297,151.97649691860397,18.477592123179235,1.1727122297243764,1.142614424092625,153.86280525196437,55.909775405157134,21.90809473542992
1559.5,非储层,1.413104811918945,50.12026679662088,48.466628391460176,70.69151635572985,29.308483644270154,72.641510163131,40.26069941185656,1.9112931232079375,7.948274261556384,1.9499938074011673,27.358489836868994,2.256642546830155,153.88494619040276,18.26584423181206,1.1896095373399376,1.1589276232303303,160.00452500123427,54.61698679599206,22.157509522370137
1559.625,非储层,1.418442074711957,51.08226797873883,47.499289946549226,70.55264768445969,29.44735231554031,72.55206585048157,41.03345747765585,1.9479782081329822,8.100832292949995,1.999418166021886,27.447934149518428,2.0834264706379377,140.0929304364635,18.101894690984157,1.2078873697832586,1.1766218422420258,167.6218034627254,54.98918724030175,21.931415066604828
1559.75,非储层,1.4148836909916869,51.00449282205912,47.580623486949186,69.42083627744286,30.579163722557134,71.40524615156002,40.97098210781199,1.9450123196487579,8.088498394598371,1.9844098741171525,28.59475384843998,2.168533093093718,141.52951728989655,17.940773855693962,1.238597137493681,1.2057722041255923,160.20920234630483,54.6222404481839,22.079409015798472
1559.875,非储层,1.3882813605043849,51.03472951581325,47.57698912368237,68.30156350001769,31.698436499982307,70.32521182168638,40.99527069437086,1.9461653698724393,8.093293451569949,2.0236483216686962,29.674788178313616,2.0204020800527176,138.39322722104654,17.98014510396561,1.2450065000126636,1.2116196556680667,157.3203172233414,54.614481692618845,22.101257388283454
1560.0,非储层,1.3972520095791399,49.74884437010369,48.85390362031717,68.67493258616666,31.32506741383334,70.65859858916441,39.96234252701573,1.8971292494901826,7.8893725935977805,1.9836660029977577,29.341401410835587,2.0914124064664983,132.32722699520698,18.08969008442335,1.2508137657440708,1.217002374637378,158.94325989730825,53.580426754845135,21.84458031121373
1560.125,非储层,1.3631731421028053,49.99287911138835,48.64394774650885,67.63096184148203,32.369038158517974,69.59917189391473,40.15837119950424,1.9064353037602815,7.9280726081238235,1.9682100524326975,30.400828106085275,2.250342317335931,143.4244095072851,18.292069623851813,1.2499952123755453,1.2160836636678132,164.54194705535497,54.673608351099475,22.15122151577962
1560.25,非储层,1.3357462018828625,48.91924227267587,49.74501152544127,66.59280263962172,33.407197360378284,68.51123702076003,39.29593823967385,1.8654930894065422,7.757810943595481,1.9184343811383096,31.488762979239972,2.4622405721849576,144.60416129682832,18.609168103612824,1.2294685656566398,1.1963649904409992,166.6589765127279,54.28120920527354,22.279541464573725
1560.375,非储层,1.363066086733688,47.62424224269351,51.0126916705728,68.1103014691351,31.88969853086491,70.06622216452703,38.25568825143995,1.816109380778195,7.5524446104753755,1.9559206953919435,29.933777835472963,2.096651253713224,146.91873164089233,18.85982991108852,1.2206735476010773,1.1879202255919497,168.20384826431686,54.506155086612345,21.956360689529852
1560.5,非储层,1.3407666411324912,47.10471818555736,51.55451517331014,67.00592090104257,32.99407909895743,68.90589416220845,37.83836401838145,1.7962977791804884,7.470056387995422,1.8999732611658764,31.094105837791552,2.144423038770779,139.98026327343527,19.033600632913668,1.2126137799906547,1.1804991970675809,155.5190045235027,56.46340665295189,22.11122617720964
1560.625,非储层,1.335468239835593,48.14703291158029,50.51749884858412,66.84640872654998,33.15359127345001,68.69065868358848,38.675636494349,1.8360455517961023,7.635350865435191,1.844249957038495,31.30934131641152,2.1451793276243585,139.905502805921,19.175771196220392,1.197797259594057,1.1665172578247422,154.6498499985791,56.899353982121,22.592919829479985
1560.75,非储层,1.349233451062508,47.35087970530818,51.29988684362932,67.79588825653315,32.204111743466854,69.64681950241854,38.03610109335891,1.8056849363120995,7.509093675637171,1.8509312458853973,30.353180497581455,2.1428439108401527,148.6875330398802,19.20549774124948,1.1961197519516134,1.1650954792537074,153.2421327790833,54.589429080719356,22.686519025338605
1560.875,非储层,1.373207525869768,47.30014992181126,51.326642552318965,68.07640893492378,31.92359106507623,69.98118573475085,37.9953507802593,1.8037503997955058,7.501048741756455,1.9047767998270781,30.018814265249148,2.100096448412587,147.9357358868969,19.233410150140188,1.184404278012095,1.1537517457638151,170.65380579143743,55.561338164520166,22.567147910052977
1561.0,非储层,1.3796123012912431,46.73216570983259,51.88822198887616,69.28303651052735,30.716963489472647,71.23929672674988,37.539099385550145,1.782090812011374,7.410975512271076,1.956260216222528,28.760703273250122,2.0146330975441464,151.12356758461482,19.37841550013242,1.1600824238001213,1.1298348905622841,147.06776397975412,56.95408874153241,22.567864087058442
1561.125,非储层,1.3561245913987372,46.487778352004675,52.15609705659659,70.33800042329777,29.661999576702225,72.34392391937502,37.342787462601024,1.7727713110136867,7.372219578389962,2.005923496077229,27.65607608062499,2.180476439665149,146.81952726766121,19.581429121359648,1.1303349315690423,1.1006151816538163,174.43503841834897,55.33598702903871,22.158549192337073
1561.25,非储层,1.3948725911087687,45.029847872087124,53.57527953680411,72.13649024953236,27.863509750467642,74.18316776048371,36.17165840509765,1.717174390277233,7.141015076712241,2.0466775109513504,25.816832239516284,2.296752792731595,160.24341547374817,19.917711578015755,1.092883008749809,1.0641804815447722,168.45438251137136,56.685741724269654,21.98972446886909
1561.375,非储层,1.4260841264770352,43.52770680366175,55.04620906986122,72.67913072075697,27.32086927924303,74.71448309061056,34.965015785346935,1.659891536899381,6.902799481415429,2.0353523698535816,25.28551690938945,2.128563827109482,141.99999836796835,20.06311647212442,1.0635757885027572,1.0361246341659593,163.28726449223896,55.393383863617636,22.030874435630977
1561.5,非储层,1.424398035652873,45.00863921357742,53.56696275076971,74.72744147651173,25.272558523488264,76.70435286169706,36.154621875171486,1.716365616386891,7.137651722019042,1.976911385185335,23.295647138302932,2.1311266888110447,163.86295164045026,20.20943370573572,1.0443875550965473,1.018069516162324,164.9500974472477,54.15049113988336,22.057591668051646
1561.625,非储层,1.4518872086775,44.790473663271555,53.75763912805094,73.21453174624997,26.78546825375002,75.13622190212843,35.97937345363916,1.7080460613910549,7.103054148241339,1.9216901558784545,24.86377809787157,2.09627842673874,158.82214063200456,20.27739023147364,1.0325090107040047,1.0072688540227772,175.188959932035,57.1624586895146,21.887960149274342
1561.75,非储层,1.4381547651866404,44.221213402774296,54.340631832039065,74.41958291675537,25.580417083244622,76.30557893372115,35.52209703234644,1.6863378125978274,7.012778557830029,1.885996016965773,23.69442106627885,2.314650963451728,150.70502650678432,20.134530956342303,1.0397254310618314,1.0147811492589351,158.90578710385847,57.93949916955194,22.15134868953095
1561.875,非储层,1.4525615834125252,45.05931363958572,53.48812477700176,72.75436342112293,27.245636578877075,74.6555453662214,36.19532772060657,1.718298041893427,7.145687877085718,1.9011819450984728,25.3444546337786,2.261544406753413,144.37187451456327,20.159298523848683,1.0472358010572045,1.0222265336594434,166.52858186208434,55.96969554300915,22.052260223803536
1562.0,非储层,1.4783591054924492,44.771028475371,53.75061241913656,72.35404508586419,27.645954914135817,74.2386330416875,35.963753487603306,1.7073045359306132,7.0999704518370805,1.8845879558233205,25.761366958312493,2.1693050938055642,173.57863762656305,20.30759120383845,1.038665712118691,1.0138631555428355,166.6670012780779,56.15221091388958,22.97863866562534
1562.125,非储层,1.479518649286431,43.16493597363345,55.35554537708013,73.49729207668969,26.50270792331031,75.43167159759028,34.67360857072804,1.6460575843478698,6.845269818557533,1.9343795209005854,24.568328402409723,2.1880950600689357,163.1290593544562,20.358112995986758,1.039889483347225,1.0148521323587962,165.73696724324438,54.120165541144644,23.646395036627233
1562.25,非储层,1.4992562086014938,43.66544619717252,54.835297594225985,73.3830238523517,26.61697614764831,75.31251784298158,35.07565933682306,1.6651441098092628,6.924642750540199,1.9294939906298867,24.687482157018426,2.172426862283854,155.06519459047277,20.53053214910561,1.0304971543628896,1.0057913636617264,167.188767435339,55.15078885097219,23.707348345585
1562.375,非储层,1.5304925881046023,43.14989274939667,55.31961466249873,72.91071586116203,27.089284138837964,74.79681005506251,34.661524622100245,1.6454839239730896,6.842884203323335,1.8860941939004834,25.20318994493749,2.214559404016545,168.9721895571553,20.577969162832403,1.031833027903086,1.0068645274547192,164.14559844490887,56.5225567600548,23.746407665324796
1562.5,非储层,1.4924880031739851,44.27479580960314,54.23271618722288,71.34954870182708,28.65045129817293,73.2736299313617,35.56513880592386,1.6883811314435246,7.0212758722357576,1.924081229534628,26.726370068638307,2.097930612917269,158.15198828037134,20.529035724906336,1.0456032764360332,1.0201730094144807,168.13271079726826,57.07515962896128,22.805455220367588
1562.625,非储层,1.497974400355351,43.760205756292216,54.74181984335244,70.49260589904515,29.507394100954855,72.38156875274322,35.1517779684656,1.6687576838239144,6.939670104002698,1.8889628536980754,27.61843124725678,2.224506656249645,157.54944847425242,20.41808365884304,1.0599499261710983,1.0340415732627282,151.46669741077716,57.4451475788233,22.18677238832647
1562.75,非储层,1.537693601503581,44.902070918871296,53.56023547962513,71.1423918161546,28.857608183845407,73.05113279233846,36.069017500849064,1.7123017264309512,7.120751691591279,1.908740976183869,26.948867207661543,2.0511464412151104,159.74905337944537,20.27474690346658,1.0660275207296042,1.0398826391409874,178.15927477769083,57.31409850995093,22.11488953956856
1562.875,非储层,1.5811167435221545,44.66141401982543,53.75746923665241,73.275010834693,26.72498916530699,75.20556113944028,35.87570218764071,1.7031244832597332,7.082587348924985,1.93055030474727,24.79443886055972,2.186064882251938,149.20705442583466,20.116938602439056,1.0663462439659153,1.040624170718924,166.86757669445694,58.001148335384634,22.178157583265882
1563.0,非储层,1.5876660386881287,45.87516562920143,52.53716833211044,73.53821883619823,26.461781163801778,75.4140209948948,36.85068679624297,1.7494098534812528,7.275068979477208,1.8758021586965739,24.58597900510521,2.09292777238311,177.28906499656892,19.81699302966998,1.0727069434420253,1.0472833537653081,172.4830016302132,57.04399272825651,22.238056076685623
1563.125,非储层,1.5494074948198295,46.91048987084924,51.54010263433093,73.11579111901099,26.884208880989014,74.95805281496035,37.68234394315986,1.7888910500076314,7.439254877681748,1.8422616959493685,25.041947185039646,2.2474589024268936,158.78997224903983,19.583897062116606,1.086661926623978,1.0609464571406324,166.88051392936092,56.04034113510045,22.03988176375789
1563.25,非储层,1.5419330603145207,47.42393311875982,51.03413382092567,71.00223759133105,28.997762408668947,72.89356220124093,38.094783572682516,1.8084707651929304,7.5206787808843725,1.8913246099098713,27.106437798759075,2.2780643318819638,141.11708013909816,19.453368298963905,1.1108802421736341,1.0844096801860474,154.22039358143326,55.45435776700386,22.091569587007648
1563.375,非储层,1.5530744774583756,46.20031726945739,52.24660825308424,69.02240786963384,30.977592130366162,70.87382683756269,37.11187519942401,1.7618092306941229,7.326632839339253,1.8514189679288549,29.126173162437308,2.222800088413766,150.53453989243536,19.44171959974524,1.1218116686588202,1.0950087898463956,159.47303614100753,55.39069859129196,21.93502072138404
1563.5,非储层,1.5756925438115423,46.078352415580035,52.345955040608416,70.90985099966626,29.090149000333742,72.7335106888321,37.0139030489426,1.7571582062405864,7.307291160396848,1.8236596891658352,27.26648931116791,2.219620783583479,143.25604906823827,19.633482667600237,1.1269573804480892,1.0995504198722768,165.01440086212617,55.430076764469256,22.10573299705394
1563.625,非储层,1.5691139552169324,44.93048403963505,53.50040200514803,69.13825655931944,30.861743440680556,71.0039033946791,36.09184124436711,1.7133852362722894,7.125257558995641,1.865646835359662,28.996096605320897,2.2844899528919784,149.33678608750935,19.988937619519362,1.107616544354694,1.0808773663575284,169.48290417994917,57.31384760554086,22.069899507200578
1563.75,非储层,1.5617775407451917,43.57631349990066,54.86190895935415,70.85909681854834,29.140903181451662,72.69539205268536,35.004060661038025,1.6617451113155002,6.910507727547131,1.8362952341370202,27.30460794731464,2.1666863058935713,150.31315499775903,20.26557235665102,1.092313643050523,1.0658580354551355,173.43728711094144,58.333942479653196,21.964359307950215
1563.875,非储层,1.5892986465145162,43.19261242507177,55.218088928413714,68.99162028679538,31.008379713204626,70.87319067420394,34.695840561165504,1.647113001940189,6.849658861966082,1.8815703874085683,29.126809325796053,1.9743745276445943,159.08750617717598,20.4912144863904,1.0927616753615097,1.0659164079197214,155.7688453525912,55.81668970765568,22.007964808638846
1564.0,非储层,1.5840547670985095,43.71795652613465,54.69798870676684,67.75398898134138,32.24601101865861,69.59046324650086,35.117839929734515,1.6671465458906576,6.932970050509474,1.836474265159478,30.409536753499133,2.050190552978061,161.71244584814215,20.75557903848372,1.0878486260098699,1.061050037820704,161.1431118035005,56.25821236335409,22.118349356654402
1564.125,非储层,1.5487926985670386,42.141849603783314,56.30935769764965,66.87416208850621,33.12583791149378,68.69297165685119,33.85178188381023,1.6070430685018733,6.683024651471204,1.8188095683449739,31.30702834314881,2.079865665039288,143.10164070841242,20.854374979816455,1.0931724238841167,1.066230558121665,163.37255916378925,56.952579035587334,21.987079942046105
1564.25,非储层,1.5465331786872953,42.58584975047256,55.86761707084015,68.22127463229612,31.778725367703885,69.98803268269941,34.208439132208625,1.6239746309477399,6.753435987316196,1.7667580504033091,30.01196731730058,2.29299882868412,141.43866166015866,20.896252154785582,1.0900356353000316,1.0637032257122936,170.70344788592828,56.73821638043623,22.019340681907405
1564.375,非储层,1.5174773376270632,42.772257152697556,55.71026550967538,69.19906779019391,30.800932209806085,70.93247404166537,34.358176810572935,1.6310831163720774,6.782997225752547,1.733406251471458,29.067525958334627,2.1958389252746504,151.25823325246785,20.954461354139042,1.0729598886868728,1.0477797372811222,173.6229887337384,57.452449604485565,21.964132104289057
1564.5,非储层,1.4886758462745409,43.04889127425856,55.462432879466895,71.20465151204631,28.79534848795369,72.91853775033827,34.580391972763195,1.6416323198775118,6.826866981617852,1.7138862382919566,27.081462249661726,1.9983541655264843,157.77923780587594,20.826252249048316,1.0663372657006005,1.042005858178011,173.59207077071238,57.52620782998281,22.16317726109773
1564.625,非储层,1.48132864084503,43.47954638965873,55.03912496949624,70.1234976538442,29.87650234615581,71.83750410196559,34.92632940006503,1.6580549810712102,6.895162008522488,1.714006448121402,28.16249589803441,2.01768148550967,169.4667090404867,20.810817198306307,1.0564456292197366,1.0326260848834865,178.04076517411536,55.50069539271688,21.975444689164874
1564.75,非储层,1.5252762789756564,42.69386639914917,55.780857321875175,70.92067269865329,29.0793273013467,72.67947646453551,34.29520694295257,1.628093752632493,6.770565703564113,1.758803765882206,27.320523535464492,2.0366503801847604,160.26507531461723,20.96988578822387,1.0483764835102978,1.024641236923096,193.5740404466644,58.126694631994425,21.853383956698003
1564.875,非储层,1.504073257875836,41.05805157310256,57.4378751690216,69.20677883058582,30.79322116941419,70.96784275725622,32.981186623145305,1.5657133658609834,6.511151584096268,1.7610639266704067,29.032157242743782,2.345872258888317,142.79113015728134,21.08927032261449,1.042187554848295,1.0184236880064488,184.1281698917122,56.64365569265561,22.259978336352326
1565.0,非储层,1.5124531947620894,41.7429471168293,56.74459968840861,71.27871320092558,28.72128679907442,73.04695183616985,33.53135076585417,1.5918312663931673,6.619765084581964,1.768238635244281,26.95304816383014,2.1061060769202893,161.57149186490363,21.124404981515724,1.0381196863626516,1.0143778107448447,180.69189395683117,59.171424716198814,23.090926885129093
1565.125,非储层,1.4996324501901603,43.0752265517555,55.425140998054346,70.7064188980124,29.2935811019876,72.45777171698255,34.60154662254857,1.6426365929589366,6.831043336247992,1.7513528189701433,27.542228283017455,2.343961836373165,143.7363219161737,21.234433307320188,1.039225035719495,1.015264148727307,178.63092207256224,56.22119799598465,23.113110781472614
1565.25,非储层,1.4860889122856358,41.567054929122236,56.94685615859213,69.18547284339648,30.81452715660352,70.94771159928544,33.39005976820438,1.5851237696004095,6.591871391317445,1.7622387558889518,29.052288400714566,2.15060503944735,159.29434469211122,21.27380360033839,1.0430567801899215,1.0187536728774922,167.54551969789478,56.52039398512647,22.981951306816807
1565.375,非储层,1.5055962090678852,40.66775702699887,57.82664676393324,67.74249337823302,32.25750662176697,69.53292261315842,32.66767010763013,1.5508298201484165,6.449257099220326,1.7904292349253992,30.46707738684158,2.4426814143212066,154.7011715865374,21.331564809821888,1.0471813696489407,1.0225020874442483,179.76359557145526,58.481759612459825,22.963607106219722
1565.5,非储层,1.5024705323394565,41.16913039304122,57.32839907461932,69.43416852637573,30.56583147362427,71.2323252011821,33.07041422041092,1.5699492608043264,6.528766911825973,1.7981566748063733,28.7676747988179,2.1431045049171478,167.19191592164827,21.550371368870977,1.0478250957476436,1.022829570701562,176.2348654510083,56.617873046790386,22.12637407879323
1565.625,非储层,1.4943625402815663,40.786427376185095,57.71921008353333,67.7341911612125,32.2658088387875,69.48946277110144,32.76299584236882,1.555355211508536,6.4680763223077475,1.7552716098889407,30.51053722889856,2.378842186841756,163.17851699386378,21.577041259802385,1.0475266359041386,1.0224620836691252,173.308816571574,58.4016252083201,22.16052265964388
1565.75,非储层,1.5238839985476154,41.26661706812852,57.209498933323864,68.93852969409178,31.061470305908223,70.72041543840498,33.14872349474654,1.5736668310330493,6.54422674234893,1.7818857443132003,29.27958456159502,2.137175198720898,147.82113456293553,21.39995260648284,1.0548247004916287,1.0294902372537738,175.7376200125607,58.181664251919244,23.084459317552792
1565.875,非储层,1.510922652785771,42.56836687513365,55.92071047208058,68.16160440994099,31.838395590059008,69.98784150795801,34.194395456189675,1.6233079365834668,6.750663482360504,1.8262370980170224,30.012158492041983,2.037988016190966,152.43936597787217,21.11522437380359,1.0682403488901393,1.0425646943317357,158.2040274348519,57.41440286736262,23.182174982098683
1566.0,非储层,1.484259290246334,44.248038270052426,54.26770243970124,69.74451417998068,30.255485820019324,71.55311595582276,35.543644960705045,1.6873607557630688,7.017032553584311,1.8086017758420874,28.446884044177235,2.15782747178566,155.934575633145,20.823348585023087,1.0788878437031901,1.0527951530801554,168.05900575387946,56.616626435258645,22.95144187383272
1566.125,非储层,1.5136684268621696,43.90327325823422,54.58305831490361,68.84363082916231,31.156369170837696,70.67326275400944,35.26670149260934,1.6742134395509516,6.962358326073927,1.8296319248471256,29.326737245990564,2.096897351073627,159.71747428582827,20.44979058619093,1.1079748231913182,1.0805110400518347,170.92413568838114,55.53766281966418,23.13293641532371
1566.25,非储层,1.481479573656511,45.37543239526342,53.143088031080076,66.79807190741506,33.20192809258494,68.67943776664175,36.44926017177317,1.730352957847796,7.195819265642451,1.8813658592267073,31.32056223335824,2.3397011123350553,159.25555939088503,20.23123190319217,1.1195338293135655,1.0917816805137424,169.21385550189325,56.9252986572251,22.24119040400066
1566.375,非储层,1.520313532312888,44.92439827656134,53.55528819112577,68.25525098057729,31.744749019422713,70.08527194281989,36.08695266149511,1.7131531609491581,7.124292454117073,1.8300209622425987,29.914728057180117,2.084663764992903,136.837108267257,20.162160844172675,1.1251746353266183,1.0971306540024168,162.85707123925908,55.432678862340346,22.062047568333046
1566.5,非储层,1.5129764312143987,44.99099088417212,53.49603268461348,69.31053651056082,30.689463489439174,71.152032963964,36.14044529290804,1.7156926125745744,7.134852978689507,1.8414964534031828,28.847967036035993,2.07551891312275,147.896154394691,19.950610163650133,1.1367779408318475,1.1083854105694877,166.3076025913231,55.50118911652573,22.081909529903438
1566.625,非储层,1.5178033421979849,46.18548391784202,52.29671273995999,68.93850372882956,31.06149627117044,70.78713981840265,37.09995983765868,1.761243573630651,7.324280506552687,1.8486360895730896,29.212860181597357,2.238654882177463,156.57518820253287,19.741768169059107,1.1383138071445043,1.1102710268843865,156.10952430201016,56.653517123360274,22.006224813102083
1566.75,非储层,1.5540011365403676,47.53596338172087,50.91003548173876,69.34267125375774,30.65732874624225,71.21119460725129,38.18477544683611,1.8127429425948884,7.538444992289869,1.8685233534935426,28.788805392748706,2.1553254257602643,140.9462287511039,19.637669100372023,1.1486225587301586,1.1199022639519116,157.66366084384313,55.25410908215814,22.15257122903656
1566.875,非储层,1.5130213390828806,46.07564211372696,52.41133654719017,67.28959193568397,32.71040806431602,69.1937530340256,37.011725912722135,1.757054851218263,7.306861349786555,1.9041610983416322,30.806246965974392,2.1673068790494554,158.20112051123488,19.583116350965863,1.152217197187123,1.1229401953425833,165.1336392006395,55.75220760014427,22.082852093782744
1567.0,非储层,1.5007717719474896,45.58683734029001,52.912390887762506,69.18391747992271,30.81608252007728,71.14142917494229,36.61907792195461,1.7384147029953445,7.229344715340052,1.9575116950195741,28.858570825057704,2.0653626849444895,158.18930386477862,19.652288379797945,1.1428894696822272,1.1135328463770706,159.77142697674168,55.58135741767218,21.973085072371866
1567.125,非储层,1.4637723555940092,45.42994608301548,53.10628156139051,70.18545240350367,29.814547596496322,72.14507122441202,36.49305002639074,1.7324317902878552,7.204464266336888,1.9596188209083412,27.854928775587982,2.1175902338810793,152.84323466380187,19.845565985927202,1.1208274086490462,1.0918402947802937,165.21909722315667,56.21753876396753,22.111946227707644
1567.25,非储层,1.4883123164527592,45.410842028401966,53.10084565514528,71.92379945620819,28.076200543791806,73.90632406893121,36.47770408652447,1.7317032736509352,7.2014346682265655,1.9825246127230134,26.093675931068795,2.201992604860735,141.3678780545365,19.851565814470803,1.1096800714801804,1.0811074176210091,169.27888427926723,54.6276051154674,22.047647041601284
1567.375,非储层,1.4865035306040495,45.96010418980817,52.55339227958778,69.76908697502626,30.230913024973738,71.71132136527433,36.91891639827084,1.7526489121926039,7.288538879344733,1.9422343902480705,28.288678634725674,2.138964490220948,165.37072249065773,19.549893643707783,1.0039081408514046,1.0005917373604452,167.23557865821954,55.48087401270793,21.96523852889418
1567.5,干层,13.800180194366352,37.524114795463554,48.6757050101701,91.20125250817324,8.798747491826752,95.22392314369993,32.107021690424006,5.379568990244081,0.03752411479546261,4.022670635526694,4.77607685630006,2.281550411634094,179.81059742192127,19.20021555789864,0.8994912732112449,0.9219436512397965,168.01576680133098,55.50720445109755,22.116853777706293
1567.625,干层,14.026894036573914,37.344587884081484,48.6285180793446,92.41886190120158,7.581138098798423,96.44575701188043,31.953411819300392,5.35383147689701,0.03734458788408404,4.026895110678855,3.5542429881195714,1.925819727417543,204.3738018722374,18.806907289449136,0.7982696849425195,0.8472466557641725,171.0310901633426,54.83660341507783,22.034668446544874
1567.75,干层,14.35708638061711,37.21166814781651,48.43124547156638,93.58087155826057,6.41912844173943,97.61034207968558,31.839680772516022,5.334775707152673,0.03721166814781851,4.029470521425014,2.389657920314414,2.0911084658816472,214.59265840558842,18.605435207940122,0.6879227824548586,0.7625838788086574,164.31613933878276,54.87884846645401,21.966731760338256
1567.875,干层,14.185367285444404,36.406385187743766,49.40824752681183,91.40121758529546,8.598782414704543,95.51911878635563,31.150650861832823,5.219327940723202,0.036406385187741364,4.117901201060183,4.480881213644361,1.848471236653752,216.26821596784546,18.632435175237916,0.6844490728782847,0.7587772606033476,175.0178016867695,54.995016022858636,21.99045714013576
1568.0,干层,13.833512965640443,36.969895523528564,49.196591510831,91.87787662867296,8.122123371327028,96.04275084984472,31.632811165212125,5.300114462792909,0.03696989552352675,4.1648742211717416,3.9572491501552842,1.785445256053595,223.26103892713132,18.719224602072394,0.6828096949311425,0.756180602315191,180.12676993782154,53.38769196634876,22.188247140670537
1568.125,干层,13.930297919318136,36.56613930333134,49.503562777350524,91.99868271321371,8.001317286786291,96.18776419483777,31.28734239692334,5.242230767104671,0.03656613930333036,4.189081481624063,3.812235805162234,2.2108724745886406,217.49654939947084,18.84581194478598,0.6901957138354207,0.7622906933037218,187.4821225495176,56.29223247395508,22.04634446694251
1568.25,干层,14.181786743220185,37.017668962433724,48.800544294346096,89.97878472488931,10.021215275110695,94.16682437473722,31.673687888021313,5.306963405449981,0.03701766896243158,4.188039649847914,5.833175625262776,1.904082961494853,211.26960570782407,18.845172326800423,0.6985438879033723,0.7697412916791014,181.17483013170335,53.79450209965696,21.999585607485425
1568.375,干层,13.94607780732177,37.23555320660622,48.81836898607202,89.13521524353214,10.864784756467849,93.37010804887895,31.86011771299599,5.338199940403627,0.03723555320660418,4.234892805346794,6.629891951121058,1.8282022513639231,208.52450760891563,18.843179224002952,0.709973454797506,0.7808572804180464,176.85908355994601,55.84600977209275,22.060948793893125
1568.5,干层,13.69064350930072,38.0447852664685,48.264571224230785,88.60887081295705,11.391129187042948,92.73319333846534,32.55252661964729,5.454213861554747,0.03804478526646671,4.124322525508281,7.266806661534664,2.1397710971797017,213.76393131815075,18.97702985249808,0.7229862456279907,0.7923430667650215,167.8927754020802,55.3962024119363,21.997457948265257
1568.625,干层,13.56505927971087,36.85462180793859,49.58031891235054,86.91180033904735,13.088199660952649,91.07087425500211,31.534178706939443,5.283588479191212,0.036854621807938526,4.159073915954763,8.92912574499789,2.1639255219215996,219.27894685709825,19.141641265741807,0.7240280561481188,0.7922292929487457,172.1840442109753,54.70669456171227,21.877545094094568
1568.75,干层,13.961874604321963,35.98432633362727,50.053799062050764,88.05278793004798,11.947212069952018,92.19044366681159,30.789521682433975,5.1588203248596685,0.03598432633362819,4.137655736763604,7.809556333188416,1.981067868458475,223.7730820100296,19.257361612876302,0.7187553005401884,0.7860310482304911,170.8624235897843,54.872588787404894,21.992280394347972
1568.875,干层,13.689378074366909,36.03662938103025,50.27399254460284,89.78123804979545,10.218761950204547,93.92482950894548,30.834274105951394,5.166318645697828,0.036036629381028945,4.143591459150021,6.075170491054527,2.0560023926449715,211.11743374340813,19.541445774764522,0.7057474565766995,0.7714893200132895,176.946174297922,55.788955408777056,21.990804060273238
1569.0,干层,13.513973367768426,34.86146181657405,51.62456481565753,89.49880897307582,10.501191026924172,93.65087309303817,29.828757235332514,4.99784311942496,0.03486146181657171,4.152064119962351,6.349126906961821,2.083833566669869,219.52620438068647,19.667532551159933,0.6977923680355831,0.7621928940989765,172.6882073803183,55.74067866485886,22.147170716222387
1569.125,干层,13.19405688661911,35.389755801851145,51.41618731152975,88.35125908309772,11.648740916902279,92.50782066822455,30.28078512557505,5.073580920474239,0.0353897558018533,4.156561585126831,7.49217933177545,1.8912589454238815,205.98798328849426,19.65719631422428,0.6910826129194241,0.7545715434612094,184.74221081495116,54.70461481780376,22.150841443952682
1569.25,干层,13.565171541179227,35.635956289100946,50.798872169719836,90.85961111280058,9.140388887199425,94.97170223270174,30.491443376340182,5.10887695647166,0.03563595628910329,4.11209111990116,5.0282977672982625,2.053954106307125,224.48777486296632,19.746432672661435,0.6844816945166091,0.7482104849238865,187.50341931269918,54.74765589799903,21.86675610872876
1569.375,干层,13.895294259067793,34.67971926517548,51.424986475756725,90.55854828733422,9.441451712665783,94.70642193040571,29.673251580591998,4.971787965318306,0.03467971926517585,4.147873643071491,5.293578069594296,2.0506534018214087,216.45015051083448,19.660694606321922,0.6777625718519561,0.7434805538004103,184.88016040182376,55.92059110699837,21.716026448788348
1569.5,干层,14.157703355514254,34.60068564925014,51.24161099523561,91.77007038583102,8.229929614168974,95.91891533695267,29.605627493131998,4.960457470468892,0.03460068564925048,4.148844951121641,4.08108466304733,2.1111214285250592,216.163742343844,19.55677918933349,0.6747342515569638,0.7436496775790851,177.27934457724183,55.171961873850194,22.20575490298491
1569.625,干层,14.15663505653528,35.53442136746144,50.30894357600327,89.23182573891106,10.768174261088948,93.27053270849109,30.40456633875557,5.094320607338414,0.035534421367462016,4.038706969580031,6.729467291508917,2.093521523490497,218.78589289357564,19.72151772151029,0.675224387794684,0.7448618703884947,176.7310782777122,55.260755371349305,21.942691105460106
1569.75,干层,14.002612061853698,34.27935566974971,51.7180322683966,88.17511359053294,11.824886409467062,92.20470232150126,29.33068566764619,4.914390646433771,0.03427935566975085,4.029588730968311,7.795297678498747,2.021682621417523,221.0781399030593,21.991674834536333,0.6557270654301814,0.7064135211531066,178.68814682966277,57.62152563776519,22.081351406799243
1569.875,非储层,0.17115672235775675,21.978996544184394,77.84984673345785,91.50519268753051,8.494807312469488,92.88216783754437,18.33171801591882,3.2424130727833678,0.40486545548220343,1.3769751500138612,7.117832162455628,2.223904666088559,208.59441185672398,24.157090973824324,0.6403866848853099,0.6712875501474569,176.2238393363413,59.15894156343465,22.075108237385475
1570.0,非储层,0.17526669667597128,23.60046441794753,76.2242688853765,92.94148476839597,7.0585152316040345,94.33084716547265,19.684113325410888,3.481617288518093,0.43473380401855066,1.3893623970766902,5.669152834527347,2.2756357339244433,204.76788280041467,26.409303304876513,0.6123462857332478,0.6233127343852481,181.5006126946738,60.987390058243584,22.134947771312554
1570.125,非储层,0.17770905103277296,22.81336611464566,77.00892483432156,94.74881731603067,5.251182683969335,96.10625339987942,19.02762911704716,3.365501986208403,0.42023501139009867,1.3574360838487596,3.8937466001205734,2.418383481930399,201.93438266987206,28.638224292137796,0.5843287352841421,0.5763291499443985,178.49501988064188,63.187906536574374,21.8254442139219
1570.25,非储层,0.17534256755083205,21.385504632809738,78.43915279963943,94.06422368358946,5.935776316410535,95.41595902365468,17.836712416269297,3.1548592152556205,0.39393300128482134,1.3517353400652121,4.584040976345327,2.534875615411545,200.70485758367954,28.541235215763827,0.5794796206612735,0.5717131333053111,176.29313312040998,65.2173815652368,22.17096350850419
1570.375,非储层,0.17751594953393102,23.0087164651671,76.81376758529896,96.11031619675059,3.8896838032494108,97.43746745020101,19.190562285213904,3.394320705435652,0.42383347451754316,1.3271512534504255,2.5625325497989904,2.5006962661402055,194.07736778056125,28.513945461197462,0.5767356845780754,0.5691155807172134,173.11099667744523,63.79126287743098,21.990289845683886
1570.5,非储层,0.1814649763825573,23.883523461144783,75.93501156247265,95.15529931658823,4.844700683411773,96.50229823759338,19.920200471214677,3.523375079424847,0.43994791050526033,1.3469989210051474,3.4977017624066242,2.5411394645335132,185.61269813279105,28.614909505339547,0.5753323603490377,0.5676922874856327,172.84162961624162,63.0512633330232,22.14646438818823
1570.625,非储层,0.18455808369287832,21.716882235962863,78.09855968034427,94.32018309861834,5.679816901381651,95.69993667630638,18.113099955872485,3.203745117318134,0.4000371627722446,1.3797535776880414,4.300063323693615,2.2070711992288676,206.2991368628568,28.465995030843416,0.5766673435038094,0.5690147240348193,184.26710196359497,63.73483002935069,22.142282117560946
1570.75,非储层,0.1877750124034965,22.980677181389318,76.83154780620718,95.19800343849269,4.801996561507305,96.56303234711405,19.167175947145683,3.390184259074701,0.42331697516893724,1.3650289086213572,3.436967652885947,2.494719874230675,189.55601326696652,28.593510756121162,0.5794219176137184,0.571640172785879,184.94412255399135,63.84038577337256,21.81539997043581
1570.875,非储层,0.1880901711917285,21.631604469408238,78.18030535940004,92.471879592187,7.528120407812999,93.81394976882156,18.041973507203,3.191164663768372,0.39846629843686765,1.3420701766345557,6.1860502311784415,2.3786331652130435,191.46287955480838,28.984186746980413,0.5795316525853719,0.5716509531025765,190.76795381911518,64.73540606674469,22.074805762992916
1571.0,非储层,0.19263643651501763,19.666740424561734,80.14062313892325,89.84117057246996,10.158829427530037,91.17947001399976,16.403166497186227,2.9013015277309795,0.36227239964452784,1.3382994415297984,8.820529986000237,2.47654977824189,198.247901757287,29.11216019237779,0.5841883115449098,0.5762373919510211,172.5264239064051,63.361338633101624,22.042512109679016
1571.125,非储层,0.19587049078121677,20.338843410111775,79.46528609910702,89.55240665221052,10.447593347789486,90.86785935248687,16.96373814949037,3.0004523466604627,0.3746529139609399,1.315452700276359,9.132140647513133,2.417993465622508,206.72054521372323,29.266393786459023,0.5898400812174233,0.5817077263656775,176.8074402496865,64.77179905869079,21.980992343897253
1571.25,非储层,0.1968618690332949,21.323846630060082,78.47929150090663,89.41399507003325,10.586004929966752,90.76511177387144,17.785286177698342,3.1457632261027357,0.3927972262590056,1.351116703838193,9.234888226128557,2.462389207529465,197.51326773120658,29.25221688585697,0.5961391238646097,0.587809513954737,184.70782276380652,64.47808801345104,22.062697163006142
1571.375,非储层,0.1955687404473662,21.79067390244105,78.01375735711159,88.64977995573834,11.350220044261661,90.00727229570069,18.174646351727432,3.2146311040177697,0.40139644669584873,1.3574923399623475,9.992727704299309,2.483924925211439,201.63616942788408,28.9140867923509,0.6079878816632769,0.5993793628279627,181.39814268757246,63.47829249956516,22.967661862608796
1571.5,非储层,0.19010536653401003,23.333301815195362,76.47659281827063,86.95181587218855,13.048184127811446,88.31371980453045,19.4612847040857,3.4422045922204685,0.42981251888919436,1.3619039323418987,11.686280195469545,2.544527435468014,196.57947362383482,28.810719646249982,0.6161277361478852,0.6072950378904568,169.90472298030417,63.260874860919806,23.225172455676955
1571.625,非储层,0.19135278879824927,21.471449158973364,78.33719805222839,85.93266705038823,14.067332949611766,87.26108361667002,17.908394979914828,3.1675380313520205,0.39551614770651844,1.3284165662817855,12.738916383329979,2.357921157914112,217.38775492228166,29.00739252000468,0.6163686765227068,0.6074702744693681,187.68972133488396,63.88738242731811,23.129993238567103
1571.75,非储层,0.1913891578174304,19.210417197086482,80.59819364509609,86.79895399258906,13.201046007410945,88.14948945289888,16.02256728678216,2.83398324069244,0.35386666961188146,1.3505354603098203,11.850510547101123,2.5375751197178618,201.871112995229,29.12876595364664,0.6195029819609756,0.6104432746852583,176.14935592644238,62.98790108575243,23.149228180757348
1571.875,非储层,0.18989309490267633,20.493656015498452,79.31645088959888,85.27348920013341,14.726510799866588,86.64824713165866,17.092860560586487,3.023290805847092,0.37750464906487236,1.3747579315252465,13.351752868341338,2.49421347205311,212.59126634896597,29.299715470170213,0.6162876773146382,0.6071978187662239,180.09411310926666,63.833808886928196,21.87822631909982
1572.0,非储层,0.18560784029313268,21.489504881230324,78.32488727847654,86.64831905453818,13.351680945461819,88.05229106583757,17.92345446674458,3.170201670238665,0.39584874424708205,1.4039720112993788,11.947708934162439,2.3695075310229408,217.89625210531437,29.093804662672497,0.6223272508678206,0.6130419536229265,176.68897460884588,65.43264540645734,21.879215263829224
1572.125,非储层,0.1894284905804421,23.70139057485462,76.10918093456493,85.11383520058371,14.88616479941629,86.49053065069691,19.76829141084494,3.4965062435203587,0.4365929204893204,1.3766954501132007,13.509469349303094,2.4410280861871216,199.84369883562664,28.699239490088647,0.6321208848518254,0.6226616148606672,176.50988927444746,64.71862491065349,21.953876147585973
1572.25,非储层,0.19467104115575753,23.47597241844993,76.32935654039431,86.00659750929613,13.993402490703865,87.3624400495433,19.580280003200745,3.463251823751924,0.4324405914972615,1.3558425402471659,12.637559950456701,2.4723455920564517,190.2523859748593,28.394092584107447,0.639747947826688,0.6302212796337094,175.84515411533837,61.866183667284055,22.0916418951232
1572.375,非储层,0.18942932065072424,23.794524797494077,76.0160458818552,84.7867919454425,15.213208054557503,86.12620958180804,19.845970585307075,3.510245707030561,0.43830850515644143,1.3394176363655452,13.873790418191955,2.3589697346005343,197.81660598897653,28.183487751348938,0.6433010412395072,0.6338265258068305,178.17601545248007,64.6514560125508,22.218536046750575
1572.5,非储层,0.18379894224546334,23.765992265293534,76.050208792461,87.26906413103863,12.730935868961367,88.61930276435986,19.822172850340923,3.506036495057637,0.4377829198949752,1.350238633321224,11.380697235640147,2.3273389202797317,188.57606659673462,27.994657882708598,0.6476270429320234,0.6381303707323734,168.8591662654384,61.497952675822376,22.110157164082278
1572.625,非储层,0.1869127379602104,25.744516544676067,74.06857071736373,85.18943916932639,14.810560830673602,86.5428970529679,21.472373263466082,3.7979148333335786,0.47422844787640483,1.3534578836415119,13.457102947032096,2.604530907906371,190.78772131926274,27.76880960774147,0.6545018198730663,0.644940605595071,176.12054367035995,62.43822857930289,22.020539562108528
1572.75,非储层,0.19234524915041312,25.922181022425793,73.88547372842379,85.15089125252835,14.84910874747165,86.47235866596431,21.620555420053904,3.82412447507345,0.47750112729843874,1.321467413435959,13.527641334035689,2.3599254781953967,193.25743959779786,27.57612209354,0.6618245220795205,0.6521951160666452,183.1406442959293,62.57881825963553,22.01520146857399
1572.875,非储层,0.19811216344184313,25.8759859215992,73.92590191495896,83.36415947097748,16.635840529022516,84.66017630632486,21.582026110475656,3.8173096235165294,0.47665018760701117,1.2960168353473704,15.339823693675147,2.3300897806831826,174.61365937458632,27.27032638548218,0.6765091388324527,0.6666631371566334,174.29217517661874,61.748702749850615,22.164232166432587
1573.0,非储层,0.19236088129936582,27.07791192723079,72.72972719146983,83.32404484893401,16.675955151065992,84.61542829652112,22.584499929830617,3.9946216580010767,0.49879033939909667,1.2913834475871122,15.384571703478878,2.36603895128684,182.58360887075742,27.33324360256438,0.6814605080075867,0.6715750072065695,166.49354331854357,62.216695606798524,22.040156278033614
1573.125,非储层,0.19540128561738793,25.069049094780837,74.73554961960177,81.82918211665701,18.170817883342995,83.1121799399689,20.908995458864375,3.6982676776785386,0.46178595823792234,1.2829978233118944,16.8878200600311,2.471944994000531,190.8178973646055,27.573151948903245,0.6791588334631073,0.6693801865006168,173.57420230530604,61.92276152194543,21.91970500291434
1573.25,非储层,0.1925332678565783,23.33444070749049,76.47302602465294,83.33264958151305,16.667350418486947,84.58596955622617,19.46223460424892,3.4423726053169172,0.4298334979246511,1.253319974713119,15.414030443773829,2.2656231803169207,179.1701823978042,27.70451529009874,0.6741249617230869,0.6645610092102638,167.12777722178942,61.859100879020765,21.881972976064432
1573.375,非储层,0.19612542370968325,24.454346080647316,75.349528495643,84.32871828627464,15.67128171372536,85.56164529408369,20.396298607760283,3.6075846892673478,0.45046278361968517,1.2329270078090526,14.438354705916312,2.545692920656974,198.69621670846973,28.085917973455764,0.6665836280894988,0.6571936341031729,169.1016813477149,61.47216250508591,22.05009749741941
1573.5,非储层,0.1926358614824186,22.957525634555243,76.84983850396235,82.40428274178856,17.59571725821143,83.64712583051386,19.147866256307818,3.386768867568584,0.42289051067883954,1.242843088725287,16.352874169486142,2.5012713733246557,189.21147688619052,28.148661717412033,0.6641029505901803,0.6548085001618444,178.79873489255596,62.41916322862567,22.08907192128288
1573.625,非储层,0.1939123953480312,24.390319535709214,75.41576806894275,82.30540223687142,17.694597763128584,83.56464545498761,20.342896871926744,3.598139285065427,0.44928337871704416,1.2592432181161852,16.435354545012395,2.5286208174063822,195.5723390362905,28.235038068766336,0.6659641108252565,0.6566297545769189,168.56530874906497,63.784073557306755,22.05280562225173
1573.75,非储层,0.19650194892680511,22.40441362807084,77.39908442300235,81.31800499840408,18.68199500159592,82.54865225477376,18.68653976609669,3.305171984975097,0.4127018769990526,1.2306472563696733,17.451347745226244,2.590447888496253,199.9588236555138,28.22164395329816,0.6694422640294214,0.6600330786657551,174.12014912649494,63.05201824544031,21.902008958913363
1573.875,非储层,0.20014675957328795,24.601697989281778,75.19815525114494,82.67616601255473,17.32383398744527,83.89958101969704,20.519198378583038,3.6293225221977776,0.45317708850096183,1.2234150071423073,16.100418980302965,2.380011224019997,186.720033263936,28.13778347222337,0.6732147913833532,0.6637173306567072,174.45336816316205,62.565823699978516,21.97464728706007
1574.0,非储层,0.20098476596993256,23.861284948539463,75.9377302854906,81.4912680671007,18.50873193289929,82.73901692117605,19.901652302222764,3.520094381698461,0.4395382646182382,1.2477488540753365,17.260983078823955,2.2667088303512504,212.92045243408984,28.147326911340876,0.6720514186816298,0.6626726633490478,175.4437526818052,62.46414970872112,22.191617166460944
1574.125,非储层,0.20527786344933505,24.27771063813693,75.51701149841374,82.78729796843523,17.212702031564774,84.00028725713848,20.2489747243788,3.5815268541536662,0.44720905960446145,1.21298928870326,15.999712742861515,2.3910656510432116,185.16403687351948,28.03440879700781,0.675047095360936,0.665705537567514,179.4084884479591,62.239187626617564,22.080794894540386
1574.25,非储层,0.20461490815760533,23.620302281569938,76.17508281027246,81.15545411201481,18.844545887985188,82.34278180330583,19.7006592182697,3.4845438346966717,0.43509922860356864,1.1873276912910073,17.65721819669418,2.617095761430407,192.004221420683,28.068061342153786,0.6779614035117341,0.6686440337579728,176.42376185565308,62.925302659263544,22.03385267401454
1574.375,非储层,0.20510788092906715,24.24095611473529,75.55393600433564,80.79859757667293,19.201402423327064,81.9617104766611,20.21831938679531,3.5761047072907814,0.44653202064919784,1.163112899988159,18.038289523338904,2.550600553603078,191.22822413050807,27.875224238938927,0.6837917562570017,0.6745507043206682,167.01128444094903,61.825330922138605,22.128141855705746
1574.5,非储层,0.20299587847211106,25.946637926837667,73.85036619469022,80.98069419716307,19.01930580283693,82.1405488460238,21.64095385245365,3.827732437176063,0.47795163720795664,1.1598546488607406,17.85945115397619,2.3880512968596053,202.33316976682164,27.905008265367627,0.6844206899943955,0.6752831521296803,179.89214350154748,63.20062938362633,21.915233356846652
1574.625,非储层,0.20106443424057224,23.961229243392758,75.83770632236667,82.09635412732588,17.90364587267411,83.2398558380547,19.98501145953767,3.5348384892163347,0.44137929463875303,1.1435017107287948,16.760144161945313,2.3747235903982613,183.84071960283055,28.049972995286417,0.6801190534785206,0.6710864740453755,167.47293903305655,62.39735512323255,22.054984134049207
1574.75,非储层,0.19758662186200662,22.056472031477835,77.74594134666015,81.60929652307811,18.39070347692189,82.7784326708551,18.39633692531053,3.2538425087139626,0.4062925974533435,1.1691361477769868,17.221567329144904,2.5748258857229027,204.45829671913899,28.242553601459143,0.6773843039280372,0.6683666348418987,178.67685406501667,63.09468118345666,21.968880273721833
1574.875,非储层,0.202881813301828,22.163648166762517,77.63347001993566,79.86280321828613,20.13719678171387,81.02382014027627,18.485727843868847,3.269653480859067,0.40826684203460406,1.1610169219901445,18.97617985972373,2.3899767950194426,168.82541267045906,24.257992092661798,0.9763841513014891,0.9014203079143723,151.70389285440012,58.86313071990504,21.935961034460757
1575.0,油水同层,8.819279854338912,62.92281444689171,28.25790569876938,69.86768732187917,30.13231267812082,86.00701584137556,49.28171955512459,2.9169977386350667,10.724097153132053,16.13932851949637,13.992984158624445,2.472645469847326,181.2907765650381,20.07288052978914,1.2788494235746746,1.1409223687867855,140.68038688232713,55.73618549032133,22.085633512774255
1575.125,油水同层,8.627881124583741,63.17690459681595,28.195214278600307,70.72430269195277,29.27569730804723,86.38059111634772,49.48072526744623,2.928776938266451,10.767402391103273,15.656288424394951,13.619408883652284,2.121918165543609,152.14951352757166,15.791543923325321,1.5830000407064577,1.378495238194282,118.05979500079684,51.549231296841114,21.980542598550645
1575.25,油水同层,8.717013484606634,62.40546846117263,28.877518054220737,69.30058392712579,30.699416072874218,85.40540390540775,48.8765294820916,2.8930144333156873,10.635924545765342,16.104819978281974,14.59459609459225,1.9528104976042613,151.9909845270953,11.494388466434575,1.8877937094616384,1.6160056740799387,103.4012395132409,47.42344009215775,21.94933019912854
1575.375,油水同层,8.738835556832221,62.660775479958744,28.60038896320904,69.27584490212583,30.724155097874174,85.44383402963787,49.07648825715389,2.904850044977421,10.679437177827431,16.167989127512044,14.556165970362134,2.1460848944947912,138.4183905041038,11.535772195375767,1.8817930831062062,1.6082723759499318,95.00728133399535,50.294381052180114,22.111194649208084
1575.5,油水同层,8.87228490179766,62.40138321652735,28.726331881674998,69.6085741702936,30.39142582970641,86.23980700402616,48.873329881395215,2.892825048122148,10.635228287009985,16.631232833732565,13.760192995973842,2.0919126906869434,148.50055075727641,11.552488369836226,1.9025997482773622,1.6187446844451303,98.98117484787447,48.924869625247325,22.040165775144672
1575.625,油水同层,8.733739274513228,63.218128497133776,28.048132228353,68.04748650022141,31.95251349977859,84.56365668523918,49.513012200449616,2.930688010189438,10.774428286494716,16.516170185017774,15.436343314760814,2.070431112182658,134.88085846075157,11.446238804443196,1.912737932596212,1.6275257411131385,87.29724977828117,48.06817106657973,22.09022990007682
1575.75,油水同层,8.870480503139435,63.27896257752597,27.850556919334597,69.98324473287263,30.01675526712736,86.45975308742248,49.560658004529344,2.933508177667575,10.784796395329046,16.47650835454984,13.540246912577514,2.1304601046679417,135.42735553362422,11.320152843853615,1.9204424380432732,1.6372842239223628,105.48301672012124,48.93862933832614,22.124106428336358
1575.875,油水同层,8.761376402952525,63.78635801339825,27.452265583649222,70.77754262180764,29.222457378192356,86.81174856279104,49.958054716580634,2.9570301919328847,10.871273104884729,16.034205940983398,13.188251437208965,2.1358872855557323,143.02266618597295,11.21156709457107,1.920005945293122,1.643826278595049,90.20910827858164,48.950253353596224,22.02716673423007
1576.0,油水同层,8.933299272205206,63.29930701240002,27.76739371539477,71.76916568912402,28.230834310875974,87.64756600068056,49.57659195063115,2.9344513120623583,10.78826374970651,15.878400311556526,12.352433999319445,2.142800481394503,150.86813248290875,11.082554872446254,1.8951589321789872,1.6344849046187166,102.44275416550882,49.14244664125241,22.04094081640198
1576.125,油水同层,8.947836927816677,63.781993472365905,27.27016959981741,73.06509490251737,26.93490509748263,88.71870537847317,49.95463636841816,2.956827859020197,10.870529244927555,15.653610475955801,11.281294621526827,2.063672054957315,133.75258062986347,10.99024225568159,1.9011440950925789,1.6486948002397246,93.72624081386327,47.51029940725455,21.96323783553048
1576.25,油水同层,9.004111035932384,64.16954379620235,26.826345167865266,71.36160962663251,28.638390373367486,86.55753991082149,50.258169300641406,2.9747940518578098,10.936580443703125,15.19593028418898,13.44246008917851,1.9744725035679545,141.68125629717068,10.893354765828681,1.8986092045755456,1.6531513423317576,97.36810411919075,49.002616466790336,22.008567347382463
1576.375,油水同层,9.085233711790359,64.34400952628052,26.570756761929132,72.8082097660225,27.191790233977496,88.37952654298562,50.39481244442433,2.9828819949128187,10.966315086943371,15.571316776963116,11.62047345701438,2.0640278404346293,139.2997077912015,10.72036001699125,1.9151022885422724,1.6712066668241732,93.06780622029781,48.046896117437484,21.917875431860978
1576.5,油水同层,9.132354994772204,64.7938729280098,26.07377207721799,73.19044445981609,26.809555540183904,89.01870392444918,50.74714954499775,3.0037369191096146,11.042986463902436,15.828259464633085,10.981296075550818,1.981141256451289,133.47789947121936,10.588538838928944,1.923585297915791,1.6811159850514021,96.01245277604575,48.93323799349089,21.849353218429755
1576.625,油水同层,8.941836200167923,64.9418334619497,26.116330337882378,74.66676032170875,25.333239678291253,90.32114194384566,50.863033578522774,3.010596125054292,11.068203758372636,15.65438162213691,9.678858056154338,2.000580461333649,150.29487551784248,10.409424657057286,1.9105401209811246,1.672074183855351,93.94123670566535,48.24604260607781,22.278562208345626
1576.75,油水同层,8.679981402986693,65.45825192517125,25.86176667184205,76.15180413225767,23.848195867742326,91.90340874496333,51.26749720751466,3.0345364319628154,11.156218285693779,15.75160461270566,8.096591255036667,2.090991817494392,148.2867399568072,10.327003912632932,1.91422047218481,1.6721510428851993,88.95390964862492,47.9700464525656,21.92206148223625
1576.875,油水同层,8.623787339724773,65.26405837615255,26.112154284122674,74.07381699986945,25.926183000130553,90.26162590737505,51.11540305682737,3.025533939809143,11.123121379516032,16.187808907505605,9.738374092624946,2.0031571413243072,144.99340064042653,10.280734267981318,1.9179207219466055,1.67505504257924,100.12600009573741,48.706526383835566,21.90760048274204
1577.0,油水同层,8.721463687942913,65.48447582065245,25.794060491404636,73.96004591325898,26.039954086741023,89.6996888973185,51.28803600054399,3.035752128439352,11.160687691669112,15.739642984059522,10.300311102681503,1.9673831127897612,134.7270812303565,10.233990390383429,1.9496673899710073,1.6991676557635071,90.97991610689235,47.8713058385531,22.03995116194478
1577.125,油水同层,8.616127563495018,66.03819269917707,25.345679737327902,72.58283157713885,27.41716842286115,88.1969212303441,51.721712087035975,3.061421528269896,11.255059083871206,15.614089653205252,11.803078769655894,2.116885949620913,129.43063676698605,10.216494879226564,1.9792478036873833,1.7219222456115202,86.72795225742499,49.036991078618485,22.175481923647144
1577.25,油水同层,8.705143214167276,66.0644737369424,25.23038304889033,73.450801640108,26.549198359892003,89.23457478102208,51.74229563442102,3.062639873768334,11.259538228753042,15.783773140914075,10.76542521897792,2.072927607563734,146.7457515869056,10.177948369523229,1.9779106720236599,1.722419116104172,85.97817225534048,48.25331502751892,21.959086354437456
1577.375,油水同层,8.719328125676714,65.47137655049208,25.809295323831204,74.91230141356783,25.08769858643216,91.09371675877136,51.277776533225264,3.0351448679127615,11.158455149354054,16.18141534520352,8.90628324122864,2.100545567249534,138.9930456368013,10.171749662292209,1.9872613576291025,1.7262094798878933,86.70096662256424,48.73521788290279,21.996379112585824
1577.5,油水同层,8.540220158515535,65.74582530205252,25.71395453943195,73.09182343833415,26.908176561665854,89.33486625272067,51.49272728718544,3.04786785868662,11.205230156180463,16.243042814386527,10.66513374727933,1.9871942635002473,144.11070936286131,10.1720453541108,1.986300763963818,1.7215945916107276,87.00122427326265,48.217293607023436,22.18983341382823
1577.625,油水同层,8.660617094783046,65.90668692504482,25.43269598017213,72.42866764321121,27.57133235678879,88.7921211334651,51.61871557078614,3.055325137809088,11.2326462164496,16.363453490253885,11.207878866534903,2.0991526719951055,150.23633464914315,10.173880437553713,2.0017279036150737,1.7295820560712158,99.89695535586924,49.862854605465095,22.146043267215255
1577.75,油水同层,8.533048721694007,66.34451922881479,25.122432049491206,71.87564524781591,28.12435475218409,88.15217882311474,51.96162980620669,3.075622320178073,11.30726710243003,16.27653357529882,11.847821176885265,1.9687081504788415,135.02842575367347,10.101601530474923,2.065331630303417,1.7750202100861783,85.88825169015692,48.93092953849538,22.021877005843535
1577.875,油水同层,8.468403642974758,67.10582253294916,24.425773824076067,70.26673497658085,29.733265023419154,86.93536096575153,52.55788946592688,3.110915083798011,11.43701798322428,16.668625989170685,13.06463903424847,2.087599334031745,144.5226302769641,10.069667730840067,2.0995329317355633,1.800759083154976,94.19205581629106,47.768655857010856,22.105248520105423
1578.0,油水同层,8.423811012999463,66.58234919795217,24.993839789048366,70.52534849183887,29.47465150816113,86.75190445284804,52.147900397308824,3.0866477246875763,11.347801075955775,16.226555961009165,13.248095547151962,2.012249238218455,136.99468392869056,10.09144892146625,2.135649464620572,1.8284275933602274,90.96023734813922,47.182377075972425,22.035770530108895
1578.125,油水同层,8.49907355878097,66.42110456579209,25.079821875426944,68.88001103064518,31.11998896935483,84.78526451895583,52.02161213745056,3.079172689892764,11.320319738448767,15.905253488310656,15.214735481044173,1.9706625625080163,138.08043285347296,10.13106302721434,2.159695003107556,1.8452282124472834,93.21073783240833,47.6630266298297,21.896315293719873
1578.25,油水同层,8.488386461052698,66.42616003384764,25.085453505099665,68.96823606249394,31.031763937506053,85.11572356797717,52.02557162593059,3.079407053040939,11.321181354876108,16.14748750548322,14.884276432022837,2.2019387471785055,141.18105599811184,10.180654907393883,2.153377765907797,1.838713277937441,95.38306410885644,46.72994992621234,22.0290364895336
1578.375,油水同层,8.310697925138566,66.74416904817922,24.945133026682218,69.91923921941415,30.080760780585848,86.51315999961841,52.27463917317957,3.0941494256417976,11.375380449357845,16.59392078020426,13.486840000381584,2.0236353061133983,127.77553507415608,10.195863208496768,2.165303791762421,1.8412859114489635,88.67306403796844,47.77719822097407,22.013986760291758
1578.5,油水同层,8.273652910208606,66.6302461972307,25.096100892560692,68.97251283547592,31.02748716452407,86.0419212580143,52.18541376200374,3.088868150455416,11.355964284771545,17.06940842253837,13.958078741985702,2.076622419073947,134.0241348639427,10.196981502286675,2.1672084711394124,1.8367396120515602,104.92223174276614,47.57735780029538,22.145418294383855
1578.625,油水同层,8.3842341295991,66.40662642310227,25.20913944729863,68.4711330099925,31.528866990007497,85.28421179422084,52.01027272464789,3.0785015071134008,11.317852191340977,16.81307878422834,14.715788205779157,1.9248773377601,150.5769292817629,10.227325126905253,2.1689726561711526,1.8340622142549676,93.52386506618929,47.31252132420967,22.20310758206633
1578.75,油水同层,8.135731887276263,66.40124468512198,25.463023427601744,68.25081656038499,31.749183439615013,84.64015542716525,52.006057698600586,3.078252018630465,11.316934967890937,16.389338866780275,15.359844572834746,2.2245402694504923,134.66461351172904,10.28233029760776,2.1831761526927016,1.8430995896562723,92.49836085395377,46.5296352641037,22.02384609600421
1578.875,油水同层,8.336924951802816,66.50087378116906,25.162201267028113,67.62325053713974,32.37674946286025,84.10895259757758,52.084088111163695,3.082870658950772,11.3339150110546,16.48570206043784,15.89104740242242,2.0982824549798296,122.15108871367241,10.290030622834875,2.1842130200903833,1.844290386172557,91.77180323192654,49.852257785313284,22.126513673244325
1579.0,油水同层,8.151656620681058,66.68345050212133,25.16489287719761,68.82364628622801,31.176353713771988,85.68377238982632,52.227083856639425,3.0913346141445537,11.365032031337357,16.860126103598308,14.316227610173682,2.0785286376450296,127.73103711821737,10.308815946381722,2.1567298069222085,1.8242354901527336,92.33704871717524,49.82223391819434,21.863795047875552
1579.125,油水同层,8.12568293200864,66.06486597576884,25.809451092222524,70.76802563679752,29.231974363202482,87.35292427697759,51.74260283943105,3.062658057312408,11.259605079025379,16.58489864018008,12.647075723022406,2.0895683917037555,127.178459806129,10.339310918930085,2.1149100092170277,1.791661789439887,85.00575521206105,48.85715841120869,22.076162934687673
1579.25,油水同层,7.995898365424581,65.6424759606468,26.361625673928614,71.59872824241764,28.401271757582357,88.17384382512994,51.4117831446811,3.043076753936779,11.187616062028928,16.575115582712296,11.82615617487006,2.1848638781099154,132.2794865184132,10.3051149189136,2.05984333007199,1.7538824516440683,96.67908986573632,46.42373273371697,21.998030376410043
1579.375,油水同层,8.056933491142008,66.21031106480551,25.73275544405249,73.66281630144864,26.337183698551357,89.7540573095068,51.85651675366998,3.0694006513865113,11.284393659749014,16.091241008058173,10.245942690493193,2.234814432205065,136.7482490966794,10.301184004425345,2.0225480819715296,1.731376543857487,82.83148910083574,48.646376416512204,21.97357109207966
1579.5,油水同层,8.272394254561526,66.18355050557115,25.54405523986734,72.52581056666281,27.47418943333718,88.69644772080531,51.835557640716765,3.0681600760648666,11.27983278878951,16.170637154142494,11.303552279194683,2.177723210355591,140.37811612382657,10.322279160319104,1.9954958183191298,1.7155054075367788,102.64352710156513,46.432343586722155,21.99258578610755
1579.625,油水同层,8.430451130452985,65.35959536801677,26.209953501530247,73.07377540498929,26.926224595010705,89.02679450193732,51.19022849624197,3.02996287693908,11.139403994835712,15.953019096948026,10.973205498062677,2.091452098527372,134.06122465993613,10.320653007208954,1.9868809623441428,1.713741995748424,97.24028058350471,48.88367229548649,21.880245925963845
1579.75,油水同层,8.302767615270337,65.39112038855282,26.306111996176853,72.54373303494518,27.45626696505482,88.48094359842943,51.21491917854352,3.03142432481649,11.144776885192808,15.93721056348425,11.519056401570571,2.0352377938052015,135.6712530557373,10.393167396730362,1.9921982880871805,1.7189201474248987,89.33198583862969,47.869198227997536,22.209022732503687
1579.875,油水同层,8.423070955250504,65.52804135821137,26.04888768653812,71.62438255662966,28.37561744337035,87.34641632539788,51.322156925094475,3.037771754796801,11.1681126783201,15.72203376876823,12.653583674602121,1.9750829951074906,141.50109639713543,10.485758700888013,1.9718022566695828,1.7066113256600155,96.59117592679566,48.59293185575221,21.721563283392044
1580.0,油水同层,8.464561065939783,65.12240664755682,26.41303228650341,72.91776934834601,27.082230651653983,88.18684001021035,51.00446013692594,3.018967199659015,11.09897931097186,15.269070661864323,11.813159989789657,2.0592294481269975,136.51584401373336,10.553115405478302,1.9581298260533293,1.6983855584584497,82.46851589957308,48.13669795244698,21.977876947580725
1580.125,油水同层,8.582582015332605,64.58536776208754,26.832050222579845,73.29343818148635,26.706561818513652,88.61449948925294,50.58384640601549,2.9940709640369554,11.0074503920351,15.321061307766579,11.385500510747072,2.1756713309455673,137.9942697491752,10.588163423232054,1.9394365135352314,1.6885854384940402,85.02796491495508,48.03507768008504,22.001319329512796
1580.25,油水同层,8.578309266639764,64.7223258754141,26.69936485794614,73.89418403134248,26.10581596865752,89.04113031910893,50.69111324382446,3.0004201159363584,11.030792515653282,15.14694628776645,10.95886968089107,1.9949110185263965,140.81678999842754,10.680631154708143,1.9097187664481226,1.6651904310472123,88.9163727866827,47.75352404038445,22.098850734021987
1580.375,油水同层,8.357480274579679,64.40520176280779,27.237317962612533,72.99831085326905,27.001689146730957,88.43707130460507,50.44273875964078,2.9857187659177575,10.976744237249255,15.438760451336028,11.562928695394925,2.1381445300964743,142.20275268805747,10.66896486787276,1.8971107395000857,1.6535630308249623,96.42230165416902,47.3813728089297,22.077992275584304
1580.5,油水同层,8.466712252245571,64.94657356889537,26.586714178859054,74.32614229186147,25.673857708138527,90.08708925349497,50.86674607331836,3.010815868582342,11.069011626994671,15.76094696163349,9.912910746505032,2.15933393008718,138.28243854644228,10.57539564445123,1.9087073328523543,1.661753355652098,85.76623443512673,48.54810522274107,22.04732638591942
1580.625,油水同层,8.556822435096336,65.45013011014463,25.99304745475904,73.7487446981391,26.251255301860887,89.6494401312591,51.26113612824732,3.0341599180342103,11.154834063863092,15.900695433119985,10.350559868740906,1.997256950438405,145.2582421176854,10.476532870019838,1.9333111188741323,1.6800810045091614,88.8030144372366,46.11232631537867,22.232653437572296
1580.75,油水同层,8.45659909755655,65.91249631267343,25.630904589770036,73.22243877094671,26.777561229053294,88.84070742019297,51.62326553592065,3.055594451423306,11.233636325329464,15.618268649246255,11.159292579807033,1.9159387883624335,133.97859169701266,10.2733421420461,1.9694849456805703,1.71523721374838,80.35549435709478,47.31706967280206,21.997212455852157
1580.875,油水同层,8.705418494302918,66.34690930882661,24.947672196870478,73.17301888011458,26.826981119885417,88.45403391790705,51.96350173857164,3.0757331203393643,11.307674449915604,15.28101503779248,11.54596608209294,2.0674885597968204,148.1362678537351,10.194603464546681,2.0149281490461877,1.7527380356247755,92.43969177961371,48.60217912071139,22.070627073665097
1581.0,油水同层,8.553855261902958,66.23768998338944,25.2084547547076,71.33988336730175,28.66011663269825,86.91626293006571,51.8779601712799,3.070669892826165,11.28905991928338,15.57637956276397,13.083737069934287,2.235083256003167,131.0392020293265,10.194116882991345,2.039910464426437,1.775201700258776,84.06873143820526,48.97176117314103,21.98341147389748
1581.125,油水同层,8.774590027182501,65.77212573159996,25.45328424121753,71.35992432454688,28.640075675453126,86.72407937810416,51.5133260223903,3.049087103156045,11.209712606053612,15.36415505355728,13.275920621895843,1.962169042708853,132.52315544882015,10.28095124850763,2.0622225727046444,1.7923695655784182,94.4061032493408,46.93312190387705,22.03954038177644
1581.25,油水同层,8.768016485022427,65.42685223449602,25.805131280481547,69.38948364968466,30.61051635031533,84.66587660469752,51.24290468469799,3.0330807941707265,11.15086675562731,15.276392955012854,15.334123395302479,2.220232812625728,129.555072756713,10.440744955789288,2.078798041935493,1.8021374742444913,86.27004357690615,48.17984330192,22.094980298363623
1581.375,油水同层,8.639090806917796,65.45726495308725,25.90364423999496,68.69397324695234,31.306026753047668,83.52200175494491,51.26672420201769,3.034490677567332,11.156050073502225,14.828028507992569,16.47799824505509,2.1811323070762687,144.90621201154363,10.57856580249179,2.0706804998193604,1.794987364872671,103.85993834777472,46.69213748994574,21.93824642702287
1581.5,油水同层,8.597330915500164,65.0790198156614,26.323649268838434,69.58384540673475,30.416154593265244,84.64581309793229,50.970479176273585,3.0169558578009315,11.09158478158688,15.061967691197534,15.354186902067713,1.9324777412590444,142.58025239451763,10.68124264191436,2.0610858545436277,1.7882071126675023,91.57817189769378,48.41793363873596,22.165608006679626
1581.625,油水同层,8.792702131170822,64.89118567046623,26.31611219836294,70.48655782306761,29.513442176932394,85.24508523736115,50.82336576839833,3.0082481771037304,11.05957172496417,14.758527414293543,14.75491476263885,2.051968460595497,146.74090391906975,10.645649104237526,2.0527524347894257,1.7874741341368825,96.1517029008109,48.08361551628932,21.907713894420123
1581.75,油水同层,8.850677958290335,65.60772871059378,25.54159333111589,71.00693692355141,28.99306307644859,85.58396463302981,51.38456878296702,3.041465928821605,11.181693998805144,14.577027709478394,14.416035366970192,1.9371881753433522,134.0833979594338,10.613376461368937,2.0352573879757516,1.7801656734744542,93.2170872052168,48.50400624957954,22.02293898173293
1581.875,油水同层,8.918472936561042,65.35270893464704,25.728818128791925,71.01106263891634,28.988937361083657,85.21697879013436,51.18483497910443,3.0296436332634222,11.138230322279187,14.205916151218023,14.783021209865632,2.136043059809927,138.96000348025956,10.644809222642042,2.0214217415516984,1.7766697280764125,79.98920084306766,48.356800130271296,22.057467760030367
1582.0,油水同层,9.065386812139957,64.4633751431246,26.47123804473545,70.45561396804545,29.544386031954538,84.49322084448137,50.488300679264796,2.9884155877354797,10.986658876124315,14.037606876435916,15.506779155518624,2.1235008138597378,145.95690012436853,10.62012777867486,2.0388390134743855,1.796470662277985,93.46999489736743,49.31011666436064,22.024864436615143
1582.125,油水同层,8.904373497203462,65.39185063766588,25.703775865130652,69.55097613817517,30.44902386182482,83.38078327214079,51.215491116278855,3.031458177959109,11.144901343427918,13.829807133965607,16.61921672785921,2.1039049397464225,137.791846057892,10.666369106211727,2.0551522889551093,1.8097892251580632,82.8521056808769,48.302485791676844,21.922043081350015
1582.25,油水同层,8.726923888894238,65.6236790803161,25.64939703078967,68.81617720013746,31.183822799862536,82.89131886401782,51.397061257347985,3.0422053616142954,11.184412461353817,14.075141663880347,17.108681135982184,1.92180520440561,150.22516213510534,10.771993560546472,2.0646599377943007,1.8147156427823834,91.5479712666636,49.38575540818027,22.17751623326192
1582.375,油水同层,8.948203106120447,64.67764350061023,26.374153393269335,68.19524349893469,31.804756501065313,82.27586132655948,50.65611760220388,2.9983487148490826,11.023177183557268,14.080617827624787,17.724138673440525,2.0444781279396436,133.97215584198852,10.734639871703134,2.106300318074476,1.8459408689605241,86.21244178026738,47.86531788184901,21.980219371933103
1582.5,油水同层,8.80485897004673,65.52183659912323,25.673304430830047,67.40822940206547,32.591770597934534,81.48216813332631,51.31729730144323,3.0374841124148126,11.167055185265184,14.073938731260846,18.517831866673685,2.0521404928971907,130.7611818419139,10.689129406070755,2.136083496014274,1.8659736814677739,87.07915471749996,49.52077221865132,21.79623034979982
1582.625,油水同层,8.65297393039744,66.25925427151037,25.087771798092195,67.72420613738814,32.275793862611856,81.99636029496592,51.89484951751978,3.0716695776024574,11.292735176388133,14.272154157577791,18.003639705034068,2.2751238845124107,131.5279166092613,10.664805868276153,2.157873130152613,1.8797306015182065,90.63733174644553,48.57212904537525,21.969311122769742
1582.75,油水同层,8.444548818045844,66.23745264926728,25.317998532686886,67.33422447480456,32.66577552519544,81.73604468750968,51.87777428904066,3.070658890408302,11.289019469818323,14.401820212705118,18.26395531249032,2.22106181008494,144.76383406488333,10.6412562411826,2.1928439013423215,1.9023182171771476,85.88370206666559,49.18910914200836,21.979408119837778
1582.875,油水同层,8.633904315325976,65.4746270772165,25.89146860745752,65.50934428354151,34.4906557164585,80.0241151691192,51.28032237526756,3.0352955569623195,11.159009144986614,14.514770885577699,19.975884830880798,2.0387716206384496,126.34038068968403,10.639235212996589,2.196298583068964,1.8997210067130608,81.12639840789713,47.40162888026396,22.33392808831464
1583.0,油水同层,8.48729431954554,65.69310177177229,25.819603908682176,67.03194599180648,32.96805400819351,81.70996898753482,51.4514337395896,3.0454236829142523,11.196244349268433,14.678022995728337,18.290031012465178,2.10835341556727,141.64012894792447,10.759658987308875,2.190487797572736,1.887103187636264,80.8543144023907,47.95632032051734,22.275353703202285
1583.125,油水同层,8.260343601126605,65.4023881405366,26.33726825833679,65.90081167560444,34.099188324395556,80.5864634329507,51.22374418419787,3.0319466791858094,11.146697277152922,14.685651757346252,19.413536567049306,1.9912858144227021,142.75163528280243,10.898552025894553,2.1690898421652403,1.86114051612217,87.73417089258558,47.53504115098646,22.309906150126356
1583.25,油水同层,8.099370418845199,64.96149740006982,26.93913218108499,66.47058066575613,33.52941933424387,81.58806125923958,50.878434553388615,3.011507712743642,11.071555133937553,15.117480593483453,18.411938740760412,1.9980588386462053,130.54958105989255,11.245576439553826,2.0818937916499825,1.8163911710891152,85.25652302702287,46.85456859539971,22.35953080676575
1583.375,含油水层,5.915928428792213,63.555837135980106,30.528234435227674,69.97311768262568,30.026882317374316,77.22143034738122,60.92902971540016,2.563251583443965,0.06355583713598158,7.248312664755526,22.778569652618785,2.119210523680542,137.87311802430565,11.689821219055318,1.9829416890642497,1.7607219847429565,91.44806577235231,49.91303152631539,22.01148907389017
1583.5,含油水层,5.885116345635432,62.768848067292126,31.346035587072436,71.54005464176446,28.45994535823554,78.67404631475875,60.174567458075266,2.5315117611495688,0.0627688480672902,7.133991672994287,21.32595368524125,2.0879891191124154,121.38097099202125,12.143862297371376,1.862813816060276,1.6889057904957037,98.70311846630939,48.94358002263235,22.229425725583283
1583.625,含油水层,5.8115844185999155,61.970251073974836,32.21816450742525,72.89513241955493,27.10486758044508,80.0468342328293,59.4089770398049,2.499303783095964,0.06197025107397176,7.151701813274385,19.9531657671707,1.929054444216507,121.54745635791204,12.509186955083823,1.7788655970387457,1.6509069198646398,83.13784817896017,49.70597181798531,22.05732546204634
1583.75,含油水层,5.930149291630741,62.653935025897155,31.415915682472107,71.0911180531715,28.9088819468285,78.33636859998249,60.06440385345054,2.5268772374207127,0.06265393502590012,7.245250546810998,21.6636314000175,2.1336674574627037,135.41475911500774,12.516042422874238,1.7653972182584083,1.6396719717983061,91.46552424786441,48.74413421099028,22.167464990290576
1583.875,含油水层,6.10720293710921,63.2105602917719,30.682236771118887,71.4913537470343,28.508646252965708,78.8038206104383,60.59802340584922,2.549326325630907,0.06321056029177131,7.312466863404,21.19617938956171,2.0198461063985,131.24563205015795,12.492589279624983,1.7588969448633707,1.6340048168409484,85.57113858394081,50.59900005520247,22.076970535963476
1584.0,含油水层,6.033017879602149,62.786298162981645,31.1806839574162,72.81301441833052,27.186985581669475,80.11928396183498,60.19129632904472,2.5322155357739473,0.06278629816298016,7.306269543504458,19.880716038165012,2.317817368548953,134.55161389171045,12.381773942738063,1.7771750556165775,1.650588419279058,81.85580049369734,49.891344290936104,22.0972587029099
1584.125,含油水层,6.0379443550916765,63.04822961487262,30.913826030035708,72.57896410595225,27.42103589404775,79.9379090854064,60.442401969924205,2.5427794153335355,0.0630482296148753,7.358944979454149,20.0620909145936,1.9977115309362898,124.39539649098268,12.246580071341054,1.7834669025659204,1.6577473763952706,90.43407064048874,51.10743503221468,21.9371123367428
1584.25,含油水层,6.04654431351156,63.84645467794363,30.107001008544803,72.92759331524685,27.072406684753147,80.258227819057,61.2076358300868,2.574972393178888,0.06384645467793944,7.330634503810144,19.741772180943006,1.9754696866971466,127.84175435614107,12.12071446375965,1.7898082498953027,1.6646187926516736,93.51947745324884,49.64351744831694,22.09805495194302
1584.375,含油水层,6.081480908884181,64.39739308232856,29.521126008787252,73.1877621190934,26.812237880906597,80.55439204109538,61.735803562978184,2.597192126268051,0.06439739308233168,7.366629922001977,19.44560795890462,1.8829406682979763,130.41018559272396,12.038945784795509,1.7989360215881005,1.6737670340284692,95.97496327154336,50.56959930260014,21.91057168139389
1584.5,含油水层,5.965374718652642,63.672068188605046,30.36255709274231,73.25613522070839,26.743864779291616,80.4757964691349,61.04045685692432,2.5679392634921214,0.06367206818860618,7.2196612484265215,19.52420353086509,1.9636650549216557,133.8995716197404,11.989925483883445,1.8081436933124302,1.683018420274199,69.76040466015036,47.16672534484667,22.01657000161779
1584.625,含油水层,5.8471213505716975,63.73212128073866,30.42075736868964,72.40554852344607,27.594451476553928,79.51710804501626,61.09802791255029,2.5703612469076313,0.06373212128074138,7.111559521570185,20.48289195498374,2.242131727226934,134.60734883619676,12.035820720077885,1.8051427224914685,1.679364040127878,89.66082162368645,47.39855600519555,21.967275718124522
1584.75,含油水层,5.862670424677989,63.51605543578776,30.62127413953425,72.39071725211595,27.609282747884055,79.69614382908206,60.890892220838296,2.561647159513682,0.06351605543578435,7.305426576966124,20.303856170917932,2.0378810968943792,137.58722379226555,12.18041011894488,1.7860246075894999,1.6620241277027845,81.40350497025985,48.718604900983465,21.941302254286153
1584.875,含油水层,6.01468339864849,62.941450140161116,31.043866461190394,72.77928454027163,27.22071545972836,79.9171950498811,60.34003576595506,2.5384729240658968,0.06294145014016025,7.137910509609473,20.08280495011889,2.116842273501208,140.78259036191614,12.276423603692404,1.765220254353001,1.6439645413477098,86.59693473546513,49.6642696490584,22.05435956373201
1585.0,含油水层,6.135803335774232,62.44899508724815,31.415201576977616,74.12758224529053,25.872417754709474,81.25515353584973,59.86793422651287,2.5186118656480296,0.06244899508724387,7.127571290559202,18.744846464150278,2.1327928328027608,121.0018032029546,12.276646676757627,1.7447746057632207,1.6288703481873013,92.71407057693253,49.13217308137276,22.172602931569774
1585.125,含油水层,6.315841442401568,63.18078102364719,30.50337753395124,75.09499202867596,24.905007971324046,82.0280128896119,60.569474935807186,2.5481253068163623,0.06318078102364177,6.933020860935946,17.9719871103881,2.0734313879213366,142.7641844227535,12.272422694847497,1.709971089923382,1.6024096885225982,83.60984765516014,51.1045406269814,21.922826357539975
1585.25,含油水层,6.173449657471432,62.900339023957756,30.926211318570818,77.25958281325455,22.740417186745443,84.09515901321525,60.30062380108032,2.5368148838534776,0.06290033902395242,6.8355761999606965,15.904840986784752,2.0738909766081526,127.9871717173875,12.122927579946618,1.685184276952784,1.584526038531295,87.65225344195275,47.75450545043802,22.157380405407928
1585.375,含油水层,6.1475537277115695,63.79558363914346,30.05686263314496,79.25590845535014,20.74409154464987,86.17063366901984,61.15886732707617,2.572920728428143,0.06379558363914586,6.9147252136697,13.829366330980164,2.1448463543558782,121.23658822515402,11.891283448394304,1.6891993280502147,1.5924640551467617,92.7409385380633,48.986599818448255,22.308570270749293
1585.5,含油水层,6.215577294799755,64.46454112039608,29.31988158480417,78.33099815469181,21.669001845308188,85.22748635056551,61.80017632543575,2.5999002538399285,0.06446454112039937,6.896488195873697,14.772513649434494,2.0122586725638447,133.66142088186328,11.769811030971223,1.678742957421004,1.585039601743121,90.42951656761169,48.00298303264006,21.932706047271708
1585.625,含油水层,6.3643285243836045,64.01574494067246,29.619926534943943,79.00324817028996,20.996751829710036,85.9614077327582,61.369929207267305,2.5817999884644776,0.0640157449406771,6.958159562468243,14.038592267241789,1.9560100430775749,149.28076197137636,11.679841714326868,1.6773877836301982,1.5841893782120178,83.9438192473486,47.43342867396939,22.012412066036724
1585.75,含油水层,6.317243903954909,63.52687486046703,30.155881235578065,79.215897080996,20.784102919004,86.3155459598509,60.901264471090876,2.56208351451569,0.06352687486046414,7.099648878854896,13.684454040149108,2.2817962377538508,127.70261896462576,11.594946270478152,1.6731609716011464,1.581570913548614,89.90313379888119,48.172507447253615,21.916807898942032
1585.875,含油水层,6.380469085485428,64.26543252991779,29.354098384596778,81.5716226534278,18.428377346572212,88.65155227401893,61.609297032950195,2.5918700644376735,0.06426543252991967,7.0799296205911455,11.348447725981071,1.9613908614052042,119.1744665204386,11.657017983491478,1.6531766056059192,1.5634610088450083,62.62188223401465,49.42585152625173,21.962556308068862
1586.0,含油水层,6.345008046821743,63.52998415033424,30.125007802844024,79.80917627773908,20.19082372226091,86.7678165175664,60.90424525182243,2.5622089143614737,0.06352998415033555,6.958640239827313,13.232183482433602,2.0192001388952727,133.4830757835373,11.668507247228426,1.650317902280833,1.5599666382741533,97.41219593150696,49.05329933848505,22.03538559194765
1586.125,含油水层,6.206033891199628,63.97186131057156,29.82210479822881,79.19475109687642,20.805248903123584,86.22276880784304,61.327859318443146,2.580030130817843,0.06397186131057685,7.028017710966628,13.777231192156957,2.1459408317099995,120.36889821407733,11.584121331581287,1.67242237311256,1.5797232001350356,88.37943607649052,49.39642531430118,22.005072254535847
1586.25,含油水层,6.301135320935064,64.58951811637196,29.109346562692966,77.88399164856601,22.11600835143399,85.08694868735337,61.91998793432487,2.6049406639307255,0.06458951811637165,7.20295703878736,14.91305131264663,2.0275552747587495,135.0326965797128,11.64249772939499,1.6792364067244787,1.584225865033543,75.74817219447752,48.017222006767156,21.96536969105427
1586.375,含油水层,6.167629194973018,64.03392759453408,29.798443210492902,79.40278720643256,20.597212793567433,86.48079342899887,61.38736035926471,2.5825333076748325,0.06403392759453778,7.078006222566305,13.51920657100113,2.1823631786280426,140.1790795927705,11.515985936003917,1.6896939712957022,1.5939597317534189,95.9558642516684,49.33010853831475,22.12516417522729
1586.5,含油水层,6.2957745139932175,64.77846785904593,28.925757626960852,80.97658318064968,19.023416819350313,88.12380871410063,62.101128251326244,2.612561139860641,0.06477846785904531,7.147225533450953,11.876191285899363,2.0751583771973787,129.31070051193583,11.427871947262808,1.6995412180125435,1.603721377992434,86.9087038474321,48.02864938722193,22.08268230067717
1586.625,含油水层,6.383298576000349,64.73921499720797,28.877486426791695,79.60947498384867,20.39052501615133,86.75961674736114,62.06349773785785,2.610978044352897,0.06473921499721078,7.150141763512459,13.240383252638866,2.1011355160179543,131.98800401406424,11.437884257004988,1.6937276532308947,1.5982750401600532,90.9644130344999,48.381913602218106,22.080363040615243
1586.75,含油水层,6.280152849063375,64.42596863531362,29.293878515623,78.45921779360665,21.540782206393338,85.70303959361593,61.76319806827336,2.5983445984049536,0.06442596863530901,7.243821800009265,14.296960406384073,2.0773142762683143,127.0493058182965,11.445214460347223,1.7063592106938859,1.6087872598775306,89.79505396793756,49.79284833428364,21.98890452070279
1586.875,含油水层,6.453883123390589,63.96084672589494,29.58527015071447,77.35929986224993,22.64070013775007,84.69945239063996,61.31729997429307,2.5795859048759686,0.06396084672589779,7.34015252839003,15.300547609360038,2.036469779826683,125.62544795859603,11.565182410677593,1.702199494356992,1.6044082248080445,95.95049578283401,48.37136290700191,22.062107423519404
1587.0,含油水层,6.552121496420141,63.535619791067745,29.912258712512113,78.93274751438004,21.06725248561996,86.08235975907131,60.909647967563274,2.5624362037134016,0.06353561979106775,7.1496122446912596,13.917640240928698,2.1671934621592484,128.07276722780446,11.639684415917714,1.6893164047736113,1.5917351382078044,103.13470866652665,48.386957842435905,22.097160504216642
1587.125,含油水层,6.385727814513582,63.89714525431114,29.71712693117528,79.81525432742365,20.184745672576355,87.06279044931395,61.256231329303944,2.5770167797528813,0.06389714525431196,7.247536121890303,12.937209550686045,2.2351856173789773,138.41043771587067,11.617481218671283,1.6941028336643582,1.5972106893016846,78.56505899449076,48.70340568781727,22.314667976445
1587.25,含油水层,6.3058556332316575,64.68614388751573,29.008000479252612,78.31310559055571,21.686894409444292,85.3694985372684,62.012620094431504,2.6088376491967025,0.06468614388751813,7.056392946712685,14.630501462731605,1.9647439679183767,139.8451878926619,11.617351394453376,1.701081552553544,1.60416717361375,91.01518799560905,48.05706743732814,21.976036909255416
1587.375,含油水层,6.2545753100138155,64.22327689453955,29.522147795446646,76.53107746397254,23.46892253602746,83.5539479701398,61.568883719612245,2.5901698980327663,0.06422327689453895,7.022870506167256,16.446052029860205,2.1032218375945755,126.42360939442815,11.614204684440159,1.7300979844343518,1.6286374021486294,89.00452730414727,50.15048369471222,21.958219207035786
1587.5,含油水层,6.079674493849494,64.32328296188957,29.597042544260933,75.18417335971031,24.815826640289686,82.15837517530417,61.664756465907026,2.594203213020664,0.06432328296188533,6.974201815593865,17.841624824695824,1.780269961354091,121.6883164900107,11.601205009542793,1.7680614052975927,1.661469466970678,87.28146081889778,48.35584175249484,21.99069779465943
1587.625,含油水层,6.0201469491630775,64.83223098409275,29.147622066744184,75.05931343868781,24.940686561312187,82.09918826954673,62.152669308626166,2.6147294444824856,0.06483223098409409,7.039874830858917,17.90081173045327,2.2670969337238795,116.60660713392997,11.58022790704675,1.810559626565546,1.6979519661445759,86.42419571755615,49.45175023596963,21.96537535915086
1587.75,含油水层,5.9629068968742605,65.6780040180698,28.359089085055928,73.41897875356135,26.581021246438652,80.35643711170376,62.96348594863702,2.6488400654147144,0.06567800401806635,6.9374583581424005,19.643562888296252,2.025405066997878,122.43362157681314,11.497206394302113,1.8656268741450925,1.745271671940073,86.57406413461916,50.64522224409393,22.103652030543447
1587.875,含油水层,5.96385110166281,65.83522323187074,28.200925666466453,71.50231518077155,28.497684819228454,78.56883189535637,63.11420718182625,2.6551808268126154,0.06583522323187381,7.0665167145848224,21.43116810464363,2.1170716650930492,134.5536982295572,11.412878177386528,1.929955773745628,1.8019780148839637,81.49398130865494,48.92673636341608,22.0832630507629
1588.0,含油水层,6.007928396752286,65.90542726550932,28.0866443377384,69.3652813666104,30.634718633389603,76.25302490804967,63.18150963340996,2.658012204833854,0.06590542726550574,6.8877435414392565,23.74697509195034,1.983808221185543,127.38870701392241,11.32981282752744,1.9775200841673801,1.8440135013253505,82.64635650210415,48.457503797625115,21.936281248347317
1588.125,含油水层,5.927894885401132,66.20084493755714,27.87126017704174,71.15809852584026,28.841901474159737,78.1510109587115,63.46471748543061,2.669926607188964,0.06620084493756083,6.992912432871234,21.8489890412885,1.9333393876463412,120.33213572803818,11.252972263349069,2.0176556635446645,1.8804564409275861,81.02439389347427,48.64723071276266,22.03371179785501
1588.25,含油水层,6.056302299817387,66.7642806621876,27.179417037995012,70.57299452936854,29.42700547063145,77.45158437730389,64.00486601553774,2.692650365987671,0.06676428066218938,6.878589847935338,22.548415622696115,2.0460071022076227,114.81975983080405,11.264061180199066,2.0346474582457397,1.8960315419420284,79.68676030594239,48.89082428344471,22.032282956500946
1588.375,含油水层,6.230898247003799,65.7952097052732,27.97389204772301,69.47791663937814,30.522083360621867,76.4985866903111,63.07584744240745,2.6535670531604656,0.06579520970527754,7.020670050932969,23.5014133096889,2.1960461179960755,121.18588639977597,11.285041069714286,2.0233768288119136,1.8858512738139308,81.46031590621953,49.63012016615726,22.057357204569637
1588.5,含油水层,6.114311206013831,65.52910922412937,28.356579569856795,70.15615145591565,29.843848544084352,77.1409480641692,62.820745081184434,2.6428350337208077,0.06552910922413349,6.984796608253541,22.85905193583081,2.1305485443765453,125.8007616683643,11.3113458198325,2.0317555799382845,1.8940105033295946,84.20471903835625,48.14762226903529,21.94434074519108
1588.625,含油水层,6.1535282823827835,65.9544378551446,27.892033862472605,69.76937378157689,30.23062621842312,76.66542862029725,63.228494580927354,2.6599888363621176,0.06595443785513966,6.89605483872037,23.33457137970275,2.0303927873208263,125.12380807469356,11.346351528189121,2.0231401484510956,1.8852797504987517,81.26302926504616,48.55662945420929,21.986201814501776
1588.75,含油水层,6.221872596751605,66.25619696194605,27.521930441302345,70.73685562490832,29.263144375091688,77.83289377859333,63.51778177174603,2.672158993238071,0.06625619696194567,7.096038153685029,22.167106221406662,2.003463830364785,125.51409260283452,11.364834630206156,2.0166958192991147,1.8779632754442757,84.56991043802527,46.945129766289774,21.925978242826687
1588.875,含油水层,6.196151768349108,65.56103567887563,28.242812552775266,69.73923554821867,30.26076445178133,76.97729200822529,62.85135199311574,2.6441226500810004,0.06556103567887765,7.238056460006614,23.022707991774716,1.9773039919816509,133.87917108473474,11.311604289645787,2.050766992249273,1.90644608796037,77.68010550995203,49.989086475620425,21.99844885688032
1589.0,含油水层,6.218165568819829,66.2924315241344,27.48940290704576,67.66588181879717,32.33411818120282,74.92094286859498,63.552518734010796,2.6736203585994613,0.06629243152413838,7.255061049797799,25.079057131405026,2.148014389272736,130.66283441793723,11.25088620287253,2.0675473173740744,1.9192807732259418,85.10617730338548,47.684701526824654,21.9360392031352
1589.125,含油水层,6.322200106090796,66.53126340069542,27.146536493213798,69.20932415765598,30.79067584234402,76.60048248461909,63.78147952124482,2.6832526160499004,0.06653126340069558,7.391158326963114,23.399517515380907,2.144019301433477,113.28744579643477,11.248651414213521,2.0639114917933075,1.913895629252982,81.53230738297302,49.34660922897319,22.171294341840223
1589.25,含油水层,6.1925583861948565,66.21820328410821,27.589238329696936,71.09467027068509,28.90532972931491,78.54604547813948,63.481358399318,2.6706266815061,0.06621820328411264,7.451375207454393,21.453954521860517,2.151299856972878,129.97247700371662,11.128075792874792,2.0816839829328546,1.9285272193357512,79.17390260865776,48.73153471560889,22.003344942563817
1589.375,含油水层,6.221514230045721,66.7473499646872,27.031135805267077,70.25817028797833,29.741829712021673,77.92634925380315,63.98863507566519,2.6919675390573317,0.06674734996468638,7.668178965824829,22.073650746196847,2.083241494222935,124.9424150240673,11.09942845244059,2.0698912646722154,1.9165976506391431,76.59706214140131,47.736703705749136,22.096055419575816
1589.5,含油水层,6.176073719758649,66.40079896727204,27.423127312969314,69.3491386538373,30.650861346162696,76.9666899009917,63.65640727455491,2.6779908937498687,0.06640079896727234,7.617551247154399,23.033310099008297,2.127462679402653,116.44801999423797,11.168769596775107,2.0544946479166963,1.901024825293332,89.80336041083424,49.55858928822926,22.14195038462273
1589.625,含油水层,6.341453905395449,65.73409026544626,27.92445582915831,69.34075723415661,30.659242765843388,76.9379234503312,63.01725411198783,2.651102063192976,0.06573409026544817,7.597166216174589,23.0620765496688,2.1702874818944986,137.2903745756322,11.207269916570514,2.0488462019541633,1.8964843796243405,84.39226181466138,48.01611401118445,21.951997242233592
1589.75,含油水层,6.386767678311543,65.7160094060742,27.89722291561425,70.94268149609982,29.057318503900177,78.3626006774796,62.9999205472422,2.650372849425934,0.065716009406077,7.419919181379788,21.63739932252039,2.3215249567770817,120.6794372861113,11.337487427841703,2.018822961292746,1.869786886135207,91.6749746223192,48.877749308923896,22.1892636340193
1589.875,含油水层,6.310457654413976,65.24003484525846,28.44950750032756,70.83244492001228,29.16755507998773,78.39038725070488,62.54361834957515,2.631176460838059,0.0652400348452594,7.5579423306925975,21.609612749295128,2.2066170711918125,113.8501697146404,11.44862746380825,1.972377399502168,1.8284000372991054,70.70606944593415,46.6574211758537,22.09535794462729
1590.0,含油水层,6.220579043117948,64.85839022823117,28.92103072865088,72.16527488026597,27.83472511973404,79.86013416140935,62.17774737281769,2.6157844651852424,0.06485839022823056,7.694859281143381,20.139865838590655,1.9217147471761995,130.24055799464588,11.565062679345992,1.9223137606810545,1.7844121651757434,77.67890876205298,49.06325376879877,22.02352900655508
1590.125,含油水层,6.250534003040767,64.1669800067738,29.582485990185436,72.66127774818104,27.33872225181897,80.1583208930975,61.51491362178747,2.587899404979551,0.06416698000677803,7.497043144916474,19.8416791069025,2.1307367622006654,147.43568568169206,11.703730013344554,1.8674457114312915,1.7337501294421596,90.81392863322601,50.256468022249635,22.195923612550178
1590.25,含油水层,6.119575431714894,63.95099559766455,29.92942897062056,74.58742383349016,25.412576166509837,82.16350905290301,61.30785600011656,2.5791886019503343,0.06395099559765999,7.576085219412855,17.836490947096983,2.1287091207233027,124.63940459867769,11.80894393872349,1.8118061076626488,1.6853787581375823,89.98224197494383,50.42003322451856,22.10326727883563
1590.375,含油水层,6.153951318571086,63.69907726814286,30.14697141328606,75.51396383613292,24.486036163867087,82.87342890217809,61.06634963222085,2.569028558653863,0.06369907726814228,7.359465066045178,17.12657109782191,2.0507354728353966,146.1116691276038,11.838686872733195,1.792711981486669,1.6708070690865582,92.31224613470474,49.120041167133486,22.141777308838154
1590.5,含油水层,6.056174431739347,64.48939105894131,29.454434509319345,73.97211481100585,26.027885188994148,81.18556738243312,61.82399919855454,2.600902469327835,0.06448939105894377,7.213452571427272,18.81443261756688,2.130742297396876,130.90447884372048,11.871699678367971,1.7773331668929324,1.657423125357747,81.64241257693357,48.66711746369718,22.038731544074583
1590.625,含油水层,6.124898492696772,63.75534257480491,30.11975893249832,73.94816743954306,26.051832560456944,81.334645355961,61.12028945421113,2.5712977780189683,0.0637553425748092,7.386477916417947,18.665354644039,2.023847860999171,124.71318046554114,11.932504301307965,1.7689346463732156,1.6494491309479389,93.7606616861202,49.12280230488756,21.91309827721728
1590.75,含油水层,6.074151005025418,63.33762376417322,30.588225230801353,74.47447786551339,25.52552213448661,82.01702554360405,60.71983525562658,2.5544508847824723,0.0633376237641755,7.542547678090661,17.98297445639595,2.15929143470998,120.03000733177576,11.967376257638481,1.7729704628116156,1.6517297913291114,96.73905841469372,49.46036732449765,21.945823837059113
1590.875,含油水层,6.172927344291057,63.4336404353401,30.393432220368844,74.24664050276385,25.75335949723615,81.74895410263609,60.8118834902865,2.558323304618261,0.06343364043533833,7.502313599872249,18.251045897363905,2.101903545958396,141.82580111252713,12.077531430471616,1.7429739819766517,1.6221412468327756,99.1215318005193,49.08293092797341,22.199813529051116
1591.0,含油水层,6.059973443582538,63.0699906735442,30.870035882873264,75.59126687492449,24.40873312507551,83.28600692363464,60.46326362874561,2.543657054125044,0.0630699906735404,7.694740048710158,16.71399307636535,2.218065761864383,129.47566539234572,12.1389336916497,1.7093140743647213,1.59088683675344,93.49044391768594,48.14026194035914,22.00330371574324
1591.125,含油水层,6.218740598691768,62.6276789366918,31.153580464616436,77.20618429170742,22.793815708292588,85.00386180432064,60.039232946866775,2.5258183108883365,0.06262767893669141,7.797677512613224,14.996138195679364,2.0597271677291076,151.8069820364253,12.109043081640273,1.6846306199675352,1.5691205552951544,90.27483848334506,48.60058750429094,22.242711869321507
1591.25,含油水层,6.197548000184168,63.110771197004546,30.691680802811284,78.43376362862085,21.566236371379144,86.29288363733488,60.502358664507774,2.545301761299773,0.0631107711970006,7.859120008714024,13.707116362665117,2.0827502528326076,132.94013818197493,12.04326550807157,1.6525150344192532,1.5416423080888333,88.5547795139879,49.728371306948475,21.95462814003432
1591.375,含油水层,6.284577749903554,63.399787943976825,30.315634306119627,79.98963265202038,20.01036734797963,87.75599229217096,60.77943014618531,2.5569580098475417,0.06339978794397544,7.766359640150588,12.244007707829041,2.280084145696514,146.17374704397318,11.951492243128996,1.622306734096804,1.5165654311948342,92.03749675260197,50.17787848906163,21.936521317866887
1591.5,含油水层,6.11753784049827,63.317562047700825,30.564900111800902,81.89783953685354,18.102160463146454,89.72694746325503,60.70060270399684,2.5536417816562804,0.06331756204770375,7.829107926401492,10.273052536744965,2.0844865162856006,152.4153640716697,11.850480395312518,1.6129876352579502,1.5101905638582136,94.86574108858039,49.966975661715736,22.029420610533695
1591.625,含油水层,6.201976577731346,63.35136822571435,30.446655196554296,80.68702877149768,19.312971228502317,88.40672918117662,60.733011648911585,2.555005208577052,0.06335136822571974,7.719700409678927,11.593270818823386,2.2076336564411663,135.23632748031005,11.709127716745915,1.60531424730691,1.505132632924254,89.39798461675011,50.08235995919931,21.912271776331536
1591.75,含油水层,6.023241377052567,64.30622315608368,29.670535466863758,82.67203448694124,17.32796551305875,90.4831125760739,61.648401753865976,2.593515179061617,0.06430622315607981,7.811078089132667,9.51688742392609,2.0313940278002667,140.4471901960976,11.582045050106116,1.6138398896760315,1.5129372828879701,88.58716832936483,50.66001411025029,22.061843288806617
1591.875,含油水层,5.875134374997768,64.90037298831588,29.22449263668635,81.62406712860034,18.37593287139966,89.37820565675472,62.21799495591951,2.6174776594080527,0.06490037298831838,7.754138528154371,10.621794343245284,2.0429266534473682,129.6974331519991,11.363148328509052,1.6378974182985218,1.53609898335323,95.34855848963663,48.320259571813914,22.12396759555157
1592.0,含油水层,6.004551543628933,65.63462146579329,28.360826990577774,83.12701763732466,16.872982362675348,90.97961465514935,62.92189642773857,2.6470904165889317,0.06563462146578804,7.852597017824696,9.020385344850656,2.0499210817448694,114.49669039865624,11.123505760012808,1.6418522507127862,1.5416510167128363,94.65267478339233,48.504188858260534,21.968011614890525
1592.125,含油水层,5.923912555333826,65.62582383327566,28.450263611390508,85.538507125361,14.461492874639003,93.28254199352975,62.91346240755652,2.6467356018858683,0.065625823833277,7.744034868168753,6.717458006470256,2.040232702561119,113.42236111790938,10.925670380816506,1.6574453853630189,1.5581312570190944,87.80033357170797,48.00495196523669,22.205901288261533
1592.25,含油水层,5.9171158713504575,66.30343824465554,27.779445883994015,84.91914207785149,15.080857922148505,92.57897359281144,63.56307053903646,2.674064267374417,0.06630343824465638,7.659831514959939,7.4210264071885685,2.133309986104731,128.34578116824764,10.763077915603755,1.6637326368448442,1.5657221769309455,80.84969699493057,49.62242820385953,21.800013651189623
1592.375,含油水层,5.813200630663887,66.40966637083004,27.777132998506083,84.47034465590966,15.529655344090344,92.1954629673053,63.664908182091175,2.6783485223680303,0.0664096663708303,7.725118311395645,7.804537032694703,2.2449428280368946,129.45515779341255,10.666485844863338,1.6625125811575794,1.5650701298360656,87.73906331907826,49.55442218711463,22.04056390330113
1592.5,含油水层,5.777764600249233,66.58466264566178,27.63757275408899,85.69741616124935,14.30258383875065,93.59902261089427,63.83267173788377,2.685406245132338,0.06658466264566343,7.901606449644917,6.4009773891057336,2.2101404349763976,132.70789840029818,10.554240720455017,1.6695736091363456,1.570205692494016,95.11537693640315,48.62035494425898,22.074009353755585
1592.625,含油水层,5.631050351744499,66.87249276242746,27.496456885828035,87.24307411695965,12.75692588304035,95.36191879329942,64.10860563361521,2.6970146360498237,0.06687249276242438,8.118844676339776,4.638081206700573,2.0553144986422427,118.44683270245739,10.468732920237958,1.6821168042071069,1.57847725230666,81.35271206409749,47.684897389338275,22.093338172889496
1592.75,含油水层,5.487505220926914,67.49568215248188,27.016812626591218,85.24835441068156,14.751645589318441,93.45264417136308,64.706038168155,2.7221483021743804,0.06749568215248108,8.204289760681515,6.547355828636925,1.873560529678158,133.62568264695784,10.332146303315383,1.6987953811227494,1.593002321429275,79.66775176106319,48.31506653820759,22.105058782068326
1592.875,含油水层,5.62922777655518,67.91240961790004,26.458362605544778,85.39984204636558,14.600157953634419,93.41611828392683,65.10554199452051,2.738955213761625,0.06791240961790262,8.016276237561257,6.583881716073159,1.9736617686108326,124.69478838092519,10.27285589484555,1.7077872532767802,1.6007752034515,83.98370061880337,47.812151172225896,22.109165926283037
1593.0,含油水层,5.763432573427426,67.21200305053765,27.02456437603492,85.75792451410447,14.242075485895523,93.8451351145544,64.43408372288482,2.7107073246022853,0.06721200305053708,8.087210600449913,6.15486488544561,1.9769657408850163,124.29422141920693,10.25277180205255,1.7201040204065017,1.6128018891510685,85.35650933833192,48.64230269009079,22.158429298438307
1593.125,含油水层,5.69920905869349,67.19372443683149,27.10706650447503,85.85571061619125,14.14428938380875,93.77665911723723,64.4165605771307,2.7099701352639523,0.06719372443682974,7.920948501045981,6.223340882762773,1.9784070345848999,123.74264999026848,10.176092670972793,1.720931925664853,1.616569904063486,82.6562349312834,48.63143392465852,22.042943422306454
1593.25,含油水层,5.6885671218115705,68.00373229730188,26.307700580886547,86.99664152117585,13.003358478824156,94.9206861858299,65.19309024339434,2.7426383216102446,0.06800373229729727,7.924044664654049,5.0793138141701055,1.9103770467101209,136.39281155254236,10.110255325041198,1.7229257249022416,1.6208188054353063,77.03564875109839,46.70231394822821,22.09671236513421
1593.375,含油水层,5.663696344678256,68.47858641596692,25.857717239354834,86.83842560702017,13.161574392979835,94.55142783281912,65.6483183075723,2.7617895219786517,0.06847858641596608,7.713002225798945,5.448572167180887,2.1528001069640257,120.85099856083733,10.048043560470804,1.7308739305687133,1.6294796013885147,78.2368027078411,47.770248451912025,21.985463106284666
1593.5,含油水层,5.809599638112799,67.82058666509916,26.369813696788043,86.14426969283716,13.855730307162851,94.07967273799092,65.01751414889887,2.7352519295351927,0.06782058666509605,7.935403045153764,5.920327262009084,2.0454773694528336,117.2360661563756,9.95513510096738,1.7540029750837722,1.651191081190389,82.42864937266486,48.91786057618856,22.177628692540598
1593.625,含油水层,5.727969113730462,68.28370504514949,25.98832584112005,84.8285166391919,15.171483360808102,92.71718303039893,65.46149152078782,2.753929819316523,0.06828370504514888,7.888666391207039,7.282816969601069,2.1418642276365447,137.94453220112584,9.910577186693068,1.7822253518040223,1.6757753803910758,94.08397731561908,48.21335804514539,22.016403197272805
1593.75,含油水层,5.758019132780618,68.71124770405473,25.530733163164655,84.07880729888679,15.921192701113206,92.1796662210696,65.87136354109185,2.77117291525882,0.0687112477040494,8.100858922182796,7.820333778930411,2.0583479206314848,130.19876282600384,9.894220418138822,1.7866572649163586,1.6783136971569212,82.71912258690216,48.236228253694094,22.180396454784425
1593.875,含油水层,5.801926729281961,68.53256179078831,25.665511479929737,86.42223724931026,13.577762750689736,94.58429733821157,65.70006284221442,2.76396638678309,0.06853256179079059,8.162060088901317,5.4157026617884245,2.106890733662344,137.37494893272643,9.764851944063432,1.8035015574628865,1.6938930342227536,94.71465011310835,47.331937063653655,21.97675492965241
1594.0,含油水层,5.863690201964992,69.05577402407536,25.08053577395965,86.95326204301854,13.046737956981458,95.17715766001675,66.20165034614742,2.785067903903869,0.06905577402407555,8.223895616998208,4.8228423399832465,2.003451418806282,123.01951483203545,9.652794201133169,1.805137310551637,1.696025238717536,85.93578242663405,48.90947355472709,21.95715858807648
1594.125,含油水层,5.765662737592667,69.16759713656874,25.06674012583859,87.39008706135265,12.60991293864735,95.5469133604465,66.30885173080388,2.789577808628293,0.06916759713656885,8.156826299093849,4.453086639553505,2.1599269747731573,125.06611705906336,9.620242214296356,1.7967807513770895,1.6894355490055735,88.18864631779101,49.1881968591448,21.955938523272884
1594.25,含油水层,5.703773619631103,68.90541550147738,25.39081087889153,86.09567688066335,13.904323119336649,94.13575858802764,66.05750624697151,2.779003839004385,0.06890541550147976,8.040081707364287,5.86424141197236,1.8786193855391682,120.06897054273124,9.590671566928187,1.7917134902200749,1.6847003591927576,76.85320013687199,46.73479507876704,22.168053218409554
1594.375,含油水层,5.545130885823995,68.90647725714231,25.548391857033703,88.1080321505953,11.891967849404693,96.25153373564568,66.05852411952853,2.7790466603566326,0.06890647725714648,8.143501585050368,3.748466264354322,1.9546048630398847,125.97734726792453,9.687521966133962,1.767065187596573,1.660982139627418,77.38755824098288,47.37130355201724,22.07116485771806
1594.5,含油水层,5.418472616788664,68.27473622898059,26.306791154230748,88.38302339249313,11.616976607506867,96.44179375081563,65.45289339209512,2.753568100656483,0.06827473622898553,8.058770358322501,3.5582062491843702,2.1316237857668487,124.43168869902638,9.8565832987562,1.7384538136799919,1.6324409379405274,84.45685470112089,48.24474171966746,22.207371984737946
1594.625,含油水层,5.433713843848468,67.62617892082471,26.940107235326828,87.45964902074591,12.54035097925409,95.6192242236131,64.83114141333944,2.727411328564442,0.0676261789208231,8.1595752028672,4.3807757763868915,2.173872341656874,126.26102561892765,9.949217929532688,1.7039811966115321,1.5993211708929749,91.42773534393801,47.52565316646307,21.86192878366245
1594.75,含油水层,5.556957033443929,67.72482620483966,26.718216761716413,88.81747163507733,11.182528364922673,97.1560610927649,64.92571153576944,2.731389842865383,0.06772482620484091,8.338589457687576,2.8439389072350996,2.16363365544407,139.69787089047696,10.04627025220581,1.6774793537803294,1.5737506797984797,84.27435791849251,47.68495149766642,22.108611475312284
1594.875,含油水层,5.630809889087071,67.60733170753804,26.761858403374887,89.46126406541946,10.538735934580545,97.93641376056085,64.81307316862512,2.726651207205373,0.06760733170753548,8.4751496951414,2.0635862394391413,2.0284093937209917,127.08134355646698,10.087225610526867,1.6628573330981256,1.5583005123927698,92.68039054628431,48.8075333589512,22.165055379726805
1595.0,含油水层,5.508240550391915,67.59008109701622,26.90167835259186,89.39472606651314,10.605273933486858,98.046835805645,64.79653553796119,2.725955477958022,0.06759008109701106,8.652109739131864,1.9531641943549949,1.9785337498918567,114.95063058812522,10.049634810593389,1.6550416555561633,1.549510327281043,78.76551344786256,48.95071492451545,21.824753786243928
1595.125,含油水层,5.443366237777549,67.75996611449482,26.796667647727634,89.5022795362607,10.497720463739302,98.28864517209756,64.95939908825962,2.732807060120707,0.06775996611449453,8.786365635836857,1.7113548279024449,2.068103611147111,132.7444010008344,9.966506991950167,1.6594439532617433,1.5528150049813156,74.71161736698474,48.18926957405667,22.27287322827424
1595.25,含油水层,5.318041046215763,68.66104106629352,26.020917887490718,90.46183197177113,9.538168028228867,99.0325444748189,65.82323197895825,2.7691480462689664,0.06866104106629696,8.570712503047778,0.9674555251810935,1.8590048861736084,125.97631637662326,9.81351848934826,1.675096018555782,1.5667869269695551,83.96271428998467,47.40160829549416,21.871504942175257
1595.375,含油水层,5.340975337979078,69.33154143925087,25.32748322277006,91.29277011549793,8.707229884502066,99.99,66.46602010022396,2.796189797587662,0.06933154143924855,8.697229884502063,0.009999999999998899,2.1215415324797093,131.0391340909333,9.679899993124208,1.6859082829402499,1.577630367488775,95.02088135881226,48.98235073590868,22.14164328703494
1595.5,含油水层,5.408681123435953,68.93593405930926,25.655384817254784,91.30312059559719,8.696879404402813,99.99,66.08676345135751,2.780234673892448,0.0689359340593082,8.686879404402813,0.009999999999998899,1.9577895599189632,114.05789954895764,9.561808395571395,1.6934011504035964,1.58713627771924,76.04234103321541,48.076050683097776,22.123585174810316
1595.625,含油水层,5.460613771041828,68.85083509787798,25.68855113108019,91.50716177612406,8.492838223875932,99.99,66.00518168981601,2.776802572964071,0.06885083509788337,8.482838223875929,0.009999999999998899,2.1617952789692945,125.39688631952481,9.523819004376517,1.6932169207888619,1.5878270721720755,87.53939761631229,48.65794703634314,22.040237967826233
1595.75,含油水层,5.445938917950036,68.85453468899814,25.69952639305182,91.39046122460796,8.609538775392044,99.99,66.00872837423486,2.776951780074294,0.06885453468899426,8.599538775392043,0.009999999999998899,2.021348348511264,123.6072001143743,9.611149843448676,1.6775768989448379,1.573398159674596,83.613358478267,47.34786618446586,21.897108830229357
1595.875,含油水层,5.4195641597238025,68.31097520519984,26.269460635076353,91.32951756947874,8.670482430521265,99.99,65.4876345859558,2.755029644038842,0.06831097520519913,8.66048243052126,0.009999999999998899,2.178582514521659,116.6827835925576,9.628647462780856,1.674187622689439,1.5705255817733235,77.2408511583847,46.99533071948272,21.909849756072575
1596.0,含油水层,5.411972578418987,68.74356877039828,25.844458651182716,91.37891581351474,8.621084186485263,99.99,65.9023487550458,2.772476446582095,0.06874356877040189,8.611084186485265,0.009999999999998899,1.92809932956027,127.65658198635614,9.572011570668717,1.6854215900712297,1.5801677776246064,89.35318785425683,48.73772169761695,22.327243764167235
1596.125,含油水层,5.415194865483159,69.50729726359842,25.077507870918414,91.31075667245553,8.689243327544471,99.99,66.63451181281701,2.8032781535178106,0.06950729726360148,8.679243327544473,0.009999999999998899,2.1579307214789063,125.50142889418892,9.569518571133557,1.6965320566375577,1.588015977488221,87.06340050765468,48.78501863991799,21.996500349316527
1596.25,含油水层,5.2945761640577595,69.15238742993893,25.553036406003304,89.80056378669259,10.199436213307411,98.70737745302307,66.29427065203959,2.7889643904694044,0.06915238742993997,8.906813666330477,1.2926225469769292,2.0936965965662693,123.30929019507037,9.470390456715059,1.719467219471118,1.6071296455676545,86.76428957073473,47.428468132803516,22.040676550908152
1596.375,含油水层,5.195309556544865,69.64060294105298,25.164087502402154,90.55876751266658,9.441232487333428,99.56864395462854,66.76230787292526,2.8086544651866565,0.0696406029410554,9.009876441961975,0.431356045371456,2.1367060541925467,123.38637192109351,9.463152401661874,1.7246123733855203,1.6090895248606423,75.79412604386623,48.1641753740136,21.81642748975245
1596.5,含油水层,5.0439149409836395,69.17985478021608,25.776230278800284,91.0234701820849,8.976529817915091,99.99,66.32060275742369,2.79007216801217,0.06917985478022137,8.96652981791509,0.009999999999998899,1.9411858091457266,130.75972707090662,9.459791252747731,1.7289807742850845,1.6103645858816324,87.97357176720776,47.999204654158525,21.98122115779255
1596.625,含油水层,5.104026112858344,69.84633070235095,25.049643184790703,90.94620973673099,9.053790263269,99.99,66.9595327612481,2.816951610400513,0.06984633070234586,9.043790263269004,0.009999999999998899,2.200125453626765,125.57724282286574,9.344354199082211,1.7453168830354502,1.6242888490362182,75.28667653954068,46.230307627419364,22.04774355819454
1596.75,含油水层,5.1735066868305095,70.40678553813326,24.419707775036226,90.58466022237161,9.415339777628395,99.85911829829001,67.49682360473834,2.839555147856785,0.0704067855381376,9.27445807591841,0.14088170170998282,1.9906043103871562,123.60392590926234,9.298084247231094,1.753828891251712,1.6302997324712074,80.01759987690063,48.49272918334087,22.4927018020843
1596.875,含油水层,5.066701837740383,70.22610132030341,24.707196841956204,90.5998974643676,9.400102535632405,99.99,67.32360719262965,2.8322680263534554,0.07022610132030489,9.390102535632405,0.009999999999998899,2.1197112780097047,117.44787845571132,9.17192124619867,1.782370315419175,1.6556113773172578,74.29017301673105,47.46550549474986,22.383366217036905
1597.0,含油水层,4.983785402879173,70.65462452054854,24.3615900765723,90.21954211015547,9.780457889844529,99.4102713867973,67.7344192278108,2.8495506682171867,0.0706546245205452,9.190729276641827,0.5897286132027002,2.176522139064687,100.33581514837918,9.10008694910189,1.7980896176853138,1.6685157796949988,83.33190221383003,47.605701593473114,22.28222297038807
1597.125,含油水层,5.082450356985282,70.64390604363311,24.273643599381614,90.55883181835283,9.441168181647175,99.99,67.72414375308003,2.849118384509448,0.07064390604363709,9.43116818164718,0.009999999999998899,2.0172092497553327,133.9437053283369,9.114540495368482,1.8024392743727344,1.6704752703259824,86.95140702353642,49.54563791147828,22.414937942508466
1597.25,含油水层,5.204592058325814,70.29612415947848,24.499283782195704,89.42288781358954,10.577112186410464,99.05870731647396,67.39073593864437,2.835092096674624,0.07029612415948051,9.635819502884427,0.9412926835260405,1.8324627544285428,113.42001350374974,9.144166250460689,1.8076174860791954,1.6733032532693415,73.29124392190745,48.86172602649414,22.09549392593748
1597.375,含油水层,5.193404519419795,69.9202544878565,24.886340992723706,88.80841731394194,11.191582686058055,98.53120924881608,67.03040122473958,2.819933008629063,0.06992025448785168,9.722791934874136,1.4687907511839127,1.962493109972803,111.43639632947298,9.1566461798824,1.8224102975315124,1.6840962445652479,81.75391957230376,47.60283257708865,21.926240827111762
1597.5,含油水层,5.103049821994821,70.61236149544852,24.28458868255665,87.5528508569203,12.447149143079706,97.1673038531357,67.69390296324376,2.847846170709319,0.07061236149545173,9.614452996215404,2.8326961468642997,1.9558930182172012,116.54865262477212,9.173976945065855,1.8577347226640843,1.7120109589255914,81.62079844572665,48.317554691147436,21.912681221174584
1597.625,含油水层,5.088850023503999,70.92108517125548,23.990064805240515,85.10293986647531,14.897060133524686,94.8728543381987,67.98986687253574,2.86029721354848,0.07092108517126015,9.7699144717234,5.127145661801292,2.19356475135814,129.93294521488232,9.186769937660458,1.9001790320457401,1.7463092927771744,77.14376630192632,46.756122486674144,21.943218889255373
1597.75,含油水层,5.160751196414188,70.74877248498822,24.090476318597585,83.33649885832341,16.663501141676583,93.1657535659727,67.82467599070603,2.853347721797202,0.07074877248498916,9.829254707649268,6.834246434027314,1.9749504660930284,118.04773140451594,9.181161130021353,1.9615317295645536,1.7969764885203983,81.49633140374033,48.977140572270265,22.06728298524931
1597.875,含油水层,5.09602287818461,70.79105845970403,24.112918662111355,80.90387461461562,19.09612538538439,90.69477744209938,67.86521425636512,2.8550531448792063,0.07079105845970574,9.790902827483777,9.305222557900617,2.1961920621505593,116.7795133325345,9.187808200664998,2.0039840565265594,1.8321506525632207,84.51131248464155,47.999068593901086,21.980580534564858
1598.0,含油水层,4.957516700587322,71.17675789375174,23.865725405660932,81.95295034542525,18.047049654574742,91.5128851015976,68.23497246170551,2.8706086741524808,0.07117675789374799,9.559934756172344,8.487114898402393,2.0716059052495464,131.73984098763108,9.185878327051636,2.03936655068318,1.8609053712984345,77.47337577106725,47.60117611339453,22.047411918452013
1598.125,含油水层,4.9059902118486445,71.47261053277438,23.62139925537697,80.86307206065216,19.13692793934785,90.63951477686372,68.5185973032102,2.8825406190314125,0.07147261053277731,9.77644271621157,9.360485223136283,2.055403652374649,113.58779807200112,9.190053250030742,2.0707753916710803,1.8857012065217458,84.23381509589183,47.32246907742535,22.01875995266462
1598.25,含油水层,5.041832135370834,71.14061229851916,23.81755556611001,79.47433857339443,20.525661426605566,89.4207607581052,68.2003207893297,2.8691508968909494,0.07114061229851407,9.946422184710766,10.5792392418948,2.0030563644650843,122.9901064861367,9.197258382691775,2.0664212215049322,1.8792908977392746,82.6485767657529,48.48129891672843,22.319107809873458
1598.375,含油水层,4.916788649077316,70.79397631574325,24.289235035179424,81.21080289669558,18.789197103304424,91.392104510117,67.86801151536336,2.855170824064153,0.07079397631574551,10.181301613421411,8.60789548988301,1.933467876196228,118.94792183282179,9.222992301224789,2.0567371531851615,1.8665457705056054,78.36469530964774,47.986844282650004,22.326043611103465
1598.5,含油水层,4.807550830111959,70.92517192281352,24.26727724707452,82.34386509003266,17.656134909967335,92.61664470157787,67.99378471577941,2.860462035111287,0.07092517192281052,10.272779611545205,7.383355298422134,2.1895212094060454,105.11638504911613,9.237340210337905,2.022248006759973,1.8354412297156975,81.36842324355808,45.618522754274636,22.289330600176626
1598.625,含油水层,4.910437334228382,70.94311275074246,24.146449915029166,84.63683297752557,15.363167022474421,94.86572290514698,68.01098403667991,2.8611856013118038,0.070943112750739,10.228889927621413,5.1342770948530125,2.3318530227332914,114.66875110879347,9.16571535084451,1.9907636707635827,1.8081648932338863,70.76202707300503,47.495045843602625,22.411256075728684
1598.75,含油水层,4.788089751112383,71.57664616355086,23.635264085336765,85.31520771030523,14.68479228969477,95.66572062673944,68.61833306824273,2.886736449144575,0.07157664616355454,10.350512916434207,4.334279373260563,2.2231603009299175,104.6450006582284,9.051181393826445,1.9932019111085104,1.8112025807989227,67.86676211466806,47.147276790076646,22.211070032177
1598.875,含油水层,4.857121870638544,71.8108881574314,23.331989971930046,84.06231417129867,15.937685828701332,94.49691072267153,68.84289367587357,2.896183593400401,0.07181088815743329,10.434596551372866,5.503089277328465,2.052918001296281,117.18576684031805,8.921385752882099,2.020113878728869,1.8347068348758098,73.08619900659295,49.27158420904007,22.023838741631018
1599.0,含油水层,4.811002257141643,72.27534405717705,22.913653685681314,82.64359461768971,17.356405382310292,93.200820433656,69.28815328682873,2.914915426291151,0.07227534405717384,10.557225815966301,6.799179566343994,2.027442696189245,119.08044885809208,8.806748297270822,2.0788037509781363,1.883190560925175,84.49463267379821,45.23537410668524,22.189498268205078
1599.125,含油水层,4.790962110200585,72.58861545439619,22.62042243540323,80.75555948517564,19.24444051482437,91.33506229240061,69.58847695701044,2.9275498819313404,0.07258861545439976,10.57950280722497,8.664937707599396,2.109991637360025,123.08358321645346,8.720522999820448,2.1279533860920004,1.923479393769016,74.21971956139038,47.1446100997244,22.446456782706424
1599.25,含油水层,4.902640340560554,72.68428183302748,22.41307782641196,81.70059043890299,18.299409561097015,92.50885282068995,69.6801893769715,2.931408174222958,0.07268428183302665,10.808262381786966,7.491147179310042,2.167362899906899,118.15745952820343,8.61996342827927,2.174808140744349,1.9639286596181482,83.58401123611037,46.45854995268508,22.65325675427875
1599.375,含油水层,4.845029160074868,73.1252338511457,22.02973698877945,81.4902706864539,18.509729313546096,91.99324188370942,70.10291653824714,2.949192079047404,0.07312523385114393,10.502971197255517,8.00675811629058,2.0116044190680205,117.69299344204597,8.531371417538908,2.222812709879772,2.007550961794656,87.14880427956939,46.065643328173124,22.616230872116887
1599.5,含油水层,4.844138261517099,73.46731158407835,21.68855015440456,79.95083062859393,20.049169371406073,90.16450578177539,70.43085595804011,2.9629883144541465,0.07346731158407935,10.21367515318146,9.835494218224616,2.162596458352732,115.02992786904339,8.499609156337343,2.243055494626455,2.0257865251127054,70.25480959503727,48.146507931824246,22.43181791165945
1599.625,含油水层,4.7080296197892775,73.11948418931344,22.172486190897285,79.52737936192558,20.472620638074424,89.89045271944478,70.0974045139797,2.948960191144421,0.07311948418931187,10.3630733575192,10.10954728055522,2.069698840694636,121.48770963917231,8.501576587294267,2.2564264154694875,2.0381187730183927,80.53187489148047,47.86402252402057,22.385267561436176
1599.75,含油水层,4.581569424124819,73.0756437657426,22.342786810132583,80.3672991593491,19.632700840650898,90.70243794699782,70.05537604592934,2.947192076047512,0.0730756437657399,10.335138787648711,9.297562053002185,2.4210004485753487,109.10455255234244,8.56754145650522,2.246121993539548,2.029147960913893,73.84803187512911,45.77949098185607,21.90965481847272
1599.875,含油水层,4.444490133815503,72.81870023757247,22.736809628612026,80.94545070484459,19.05454929515541,90.9917609875861,69.80905217437743,2.9368293629574675,0.07281870023756846,10.04631028274151,9.008239012413899,2.1993472591949796,116.1702490650109,8.700119816630819,2.1918766578637685,1.9801859703777887,84.75505107020662,46.97671159541346,21.940685231309324
1600.0,含油水层,4.3204704612148275,72.26534252364117,23.414187015144,82.4102794668644,17.589720533135612,92.513314631681,69.2785651237037,2.91451205741383,0.0722653425236381,10.103035164816605,7.4866853683190016,1.921250066163405,127.67849623002377,8.816342043593954,2.1285002718281705,1.9261936005919744,77.52451447041798,47.88408242187689,21.907055484943488
1600.125,含油水层,4.280584594198072,71.89955698422122,23.819858421580715,83.82804848177143,16.171951518228568,93.81233576626985,68.92789775772914,2.8997596695078527,0.07189955698422117,9.984287284498421,6.187664233730139,1.9431721462012146,107.10124482487508,8.90892796041619,2.090108228917846,1.8934884697840328,79.70752461216067,48.019452143685996,21.855043825831725
1600.25,含油水层,4.159428311438986,72.29429262467377,23.546279063887248,82.36861818689117,17.631381813108828,92.28733065769548,69.30631869671234,2.9156796353367502,0.07229429262467883,9.918712470804309,7.712669342304523,2.088414540516756,117.36063873585432,9.00413754682384,2.04294895025078,1.8529956997903123,81.77775314749086,48.15047158270958,21.988961422332746
1600.375,含油水层,4.136516389041844,71.82185256618048,24.041631044777684,84.1414229535894,15.858577046410606,93.92819871652003,68.85340491790245,2.8966257957118495,0.07182185256617811,9.78677576293063,6.071801283479972,2.0066556055986005,114.84623277039205,8.987433683886138,2.0311286259848687,1.844888565104375,78.9394913694362,48.940868816814486,21.86811194748547
1600.5,含油水层,4.0975553353659135,72.50231903124266,23.400125633391422,84.56526010726667,15.43473989273333,94.29187382341856,69.50574722568138,2.924069486530041,0.07250231903124689,9.726613716151888,5.708126176581441,2.292310322375019,110.19533551871291,8.937699299728267,2.040666199866926,1.8536822007713043,70.76840030213953,47.54983234897256,21.987997746304647
1600.625,含油水层,4.131726435156942,72.54608664380126,23.322186921041787,84.14202225946946,15.857977740530549,94.0640609574632,69.54770589204982,2.9258346651076494,0.07254608664380123,9.922038697993752,5.9359390425367975,2.2425336328813574,127.64896760053392,8.907393540747911,2.0241958223538665,1.8395375013208688,80.31363835632949,45.489671712432695,22.068876765608096
1600.75,含油水层,4.1768408194791675,72.3695687344375,23.453590446083332,85.3319978640624,14.668002135937597,95.50693417934195,69.37848359194992,2.918715573753147,0.0723695687344348,10.174936315279552,4.493065820658049,2.126154807834283,113.03222828519085,8.907209625162931,2.019425355653882,1.8336852099530478,79.50207684992081,46.89160121879111,22.077289295353047
1600.875,含油水层,4.256099025867294,71.64883295621603,24.095068017916677,84.64109703090938,15.358902969090614,94.88900591933601,68.68753633002882,2.889647793230986,0.07164883295621843,10.247908888426625,5.110994080663989,2.156156334252373,106.9651299336455,8.991295021115146,1.9914487027773253,1.8070344818280906,78.07472416433927,48.15187743217383,21.687161277734198
1601.0,含油水层,4.360363810134259,71.24475643528262,24.394879754583112,85.60197029458168,14.398029705418324,95.85886793469787,68.30016057572051,2.8733511031268333,0.07124475643528264,10.256897640116188,4.141132065302133,2.1940770620576826,121.50369896191556,9.136338210149033,1.9487741814143853,1.7682902502811606,90.12429764494007,47.31400647603784,22.02174475925278
1601.125,含油水层,4.3621195850090455,70.65353258119806,24.98434783379288,85.50450533026793,14.495494669732068,95.69535530770568,67.73337241908118,2.8495066295356866,0.07065353258119411,10.19084997743776,4.304644692294312,2.155816545605155,114.44025434851511,9.226792966514113,1.9388774043111918,1.7596359502498335,82.55654191624045,47.78091212318671,22.109581089482454
1601.25,含油水层,4.308269542801872,71.39515402467747,24.296576432520666,83.96312541550002,16.036874584499984,93.9378637380254,68.4443421270351,2.8794167436176927,0.07139515402467649,9.974738322525372,6.062136261974604,2.0853008685828964,112.88131551659517,9.25861357561127,1.9258681703059033,1.7505535618305528,91.32550659767313,46.79175973713896,22.106712519958787
1601.375,含油水层,4.336654627638326,71.19801631545269,24.465329056908995,85.54047893854163,14.45952106145837,95.36020963264,68.25535225789557,2.871466041241673,0.07119801631544735,9.819730694098363,4.639790367360009,2.178880930116601,106.04707014764612,9.216269045488966,1.9373907248268303,1.7620116847383622,87.75999444138273,45.60293740440242,22.022466467765472
1601.5,含油水层,4.242187394272151,71.84677871037552,23.911033895352325,85.39036661028034,14.609633389719656,95.34580058289978,68.87730084703796,2.8976310846271756,0.07184677871037957,9.955433972619439,4.654199417100213,1.9129471206647484,106.24111476438641,9.165320782826505,1.9595281842359245,1.7825040615657324,85.09145994146229,48.215097594527926,22.120066998678556
1601.625,含油水层,4.284672817821481,71.41038057091573,24.304946611262785,84.01048520907999,15.989514790920012,93.89277639562754,68.45893934941499,2.8800308409298268,0.07141038057091251,9.882291186547556,6.107223604372458,2.238576809424437,118.183061777752,9.134515947690232,1.9789254329455201,1.7989715712955914,83.07834116542247,48.16365294883184,22.07987203181869
1601.75,含油水层,4.273361282566595,71.88020919014532,23.846429527288095,82.34467633137541,17.65532366862459,92.323566998364,68.90934962158146,2.898979359373709,0.07188020919014597,9.978890666988592,7.676433001635996,2.1413286578484776,112.83149093474857,9.060254325054037,2.012453444313736,1.8277252232668597,83.44602570586491,47.37632500817716,22.026844193665674
1601.875,含油水层,4.376166924613183,72.13628692535367,23.487546150033147,83.22722152120315,16.77277847879686,93.1687169363503,69.15484348400327,2.909307154425062,0.07213628692535543,9.941495415147152,6.831283063649707,2.1030521350706444,120.2634210324208,9.095169450183118,2.010828028240173,1.8265124777438917,72.28434394908201,47.20338248716371,21.854728265653822
1602.0,含油水层,4.4556188100242835,71.35510214651022,24.1892790434655,84.49599496800012,15.50400503199988,94.40855781329333,68.40594562114393,2.8778014232197813,0.07135510214651107,9.9125628452932,5.591442186706674,2.0961465315586643,109.34679015893816,9.114425089276894,1.990540173109094,1.808517564622079,69.17026372349294,47.65577267185121,21.86669687739826
1602.125,含油水层,4.456727420269005,70.86653240081449,24.676740178916518,86.10020071791425,13.899799282085755,96.26668238870663,67.93756880644081,2.8580970619728667,0.07086653240081231,10.16648167079238,3.733317611293374,2.228797545451412,121.15791298739914,9.21968520464818,1.9302269650315753,1.7559781327134723,64.01985923430793,48.031818610865486,22.27195896734207
1602.25,含油水层,4.3741003062827835,70.23626488710133,25.38963480661589,87.55154904646089,12.448450953539103,97.75782169138466,67.33335069206811,2.8326779301461227,0.07023626488710105,10.206272644923764,2.242178308615339,2.1898100662075617,117.26521827881655,9.328375027178215,1.8845851448730777,1.7138687588159445,79.76352640039343,47.479217123652646,22.09692738123503
1602.375,含油水层,4.423140600891141,70.65704441770015,24.919814981408717,86.0786350968055,13.9213649031945,96.53139133686625,67.73673910891225,2.849648264370194,0.07065704441770217,10.452756240060756,3.468608663133743,2.303635025906321,111.08029791740324,9.325452874803783,1.885599362896337,1.7115056671272821,84.33676772508461,46.82791845981346,22.017134412484857
1602.5,含油水层,4.4340256127549535,71.3677863204292,24.19818806681584,84.31758159340042,15.682418406599584,94.88506379620279,68.41810554923946,2.8783129848693108,0.07136778632043372,10.567482202802372,5.114936203797216,2.1943466347053375,128.5374930880003,9.221649001963293,1.9157239425623214,1.7366490346952106,83.04349072938344,45.99722036120139,22.234356961980033
1602.625,含油水层,4.307615061146996,72.18170719683386,23.510677742019155,85.057901754303,14.942098245697,95.50179543231727,69.19838650373843,2.9111389858985888,0.07218170719683718,10.443893678014263,4.498204567682739,2.2297728367063883,125.08112028158767,9.103880972809932,1.968843354021307,1.7802480670882843,78.51806773082046,46.60578296966905,21.8713305837704
1602.75,含油水层,4.381342968763196,71.78567616726268,23.832980863974132,83.43526436411697,16.56473563588302,94.13220031391661,68.81872371497938,2.895166776116042,0.0717856761672582,10.696935949799634,5.867799686083385,2.1115007379395117,119.49072076189236,9.027157748689563,1.9983217684457135,1.8039676135448561,90.22368001628841,47.23262683290025,22.179112520013717
1602.875,含油水层,4.508582161559542,71.53094632914396,23.960471509296507,84.10783627247434,15.892163727525654,95.01690863401808,68.5745220401131,2.884893342701716,0.07153094632914095,10.909072361543737,4.983091365981918,1.9396385488309074,115.02230530621128,8.996581381248928,2.0053995734604837,1.809747982764888,84.31544762385684,46.65225963283278,22.152940562494553
1603.0,含油水层,4.518744325325654,71.62013154001217,23.861124134662177,84.18609441721806,15.81390558278194,94.93645014983034,68.66002116353015,2.888490244942003,0.07162013154001397,10.75035573261227,5.063549850169668,2.051130745253132,117.87748249885809,9.099001274753205,2.0020873085865616,1.803434707105913,90.17060572629669,46.41590321126296,22.03584646791517
1603.125,含油水层,4.411614377460363,71.16286047473989,24.425525147799753,82.41051723625247,17.589482763747533,93.19910293884386,68.22164943278955,2.8700481814755974,0.07116286047474489,10.788585702591392,6.8008970611561415,2.1081757309384033,106.31339242172064,9.226005535157421,1.9838582817528143,1.7841269809846905,74.46691503486637,47.25922728176604,22.418002056820995
1603.25,含油水层,4.362811950592705,70.49773355630357,25.139454493103713,82.17420828420344,17.82579171579656,93.23912229577431,67.58401267739268,2.843223145354597,0.0704977335563,11.06491401157087,6.760877704225687,1.9452708953207112,114.401696972348,9.350731185400235,1.958142493880335,1.7599693438203954,77.59815936081216,48.123371813928195,22.417284538329163
1603.375,含油水层,4.414152162067364,70.25902122624045,25.326826611692187,84.08787642535435,15.912123574645642,95.09766294546641,67.35516649571576,2.8335957092984443,0.07025902122623565,11.009786520112055,4.902337054533589,2.2234957889549762,133.70072261386855,9.522328045693826,1.908190773200613,1.7142426151002153,77.45491930386991,45.509123483280646,22.428570737561525
1603.5,含油水层,4.409447820557968,69.66920148078842,25.92135069865363,86.31753922127714,13.68246077872286,97.37240331138237,66.78972441491227,2.8098078643953586,0.06966920148078724,11.054864090105236,2.6275966886176283,2.0959720462452935,120.12265114075245,9.5854212578214,1.8578737544685002,1.6714620890809464,80.48846500174827,48.32545417949642,22.274112899062064
1603.625,含油水层,4.36283772103076,70.10299953820156,25.53416274076767,87.69198128022518,12.308018719774827,98.59070678390627,67.20559329370712,2.827303244956237,0.07010299953820118,10.898725503681097,1.4092932160937321,2.069699744881632,111.41022574516062,9.59594651380144,1.8069315051569381,1.6319454430428104,83.32971082591447,48.12570702266794,22.085013460282923
1603.75,含油水层,4.3679371789328485,69.8538874054579,25.77817541560925,89.40277521204352,10.597224787956472,99.99,66.96677714050422,2.817256377548227,0.06985388740545807,10.587224787956469,0.009999999999998899,1.9959644593729835,118.18812358652568,9.564416563233733,1.7923997106455882,1.6229696889624698,75.33546964653958,47.79588717795142,21.904040177739414
1603.875,含油水层,4.472278035246259,70.34393153744386,25.183790427309876,87.12429789651843,12.875702103481569,97.66361893152987,67.4365674040759,2.8370202018305344,0.070343931537439,10.53932103501144,2.336381068470128,2.367980288741163,121.38257666511136,9.52108436011731,1.794832283767644,1.6280854313654842,77.559430063902,48.55086986753061,22.164661004503824
1604.0,含油水层,4.5120644773498855,70.01108410040942,25.4768514222407,87.19639664296997,12.803603357030024,97.76792390507958,67.1174767855639,2.823596230745102,0.07001108410041243,10.571527262109607,2.232076094920421,1.8590979268774563,113.73171641961697,9.559494354642448,1.8064814087866239,1.6387030994144898,76.35722829769196,46.76580515100554,22.082259589029935
1604.125,含油水层,4.4283774580304875,69.87437583743528,25.697246704534233,84.9203733318885,15.079626668111501,95.44740019386373,66.98641877118719,2.818082690410662,0.0698743758374306,10.527026861975234,4.5525998061362705,2.2002483344807025,114.1008886145846,9.66574335700487,1.8307268992706929,1.658472439833088,87.12995929240867,48.03753903136954,22.060955094306944
1604.25,含油水层,4.455776485702642,69.16978267374729,26.374440840550058,82.83192472460586,17.168075275394145,93.07657322386243,66.31094693819468,2.789665952878861,0.06916978267375064,10.244648499256574,6.923426776137576,2.1074103786031513,110.649997892937,9.745419278877899,1.8322365887253538,1.6593586839408934,90.93243385542989,49.103443807105215,22.022056576334723
1604.375,含油水层,4.41772520294104,69.74087858663857,25.841396210420385,84.76481470074106,15.235185299258946,95.02779954366115,66.85843905559766,2.8126986524542748,0.06974087858663963,10.262984842920089,4.97220045633886,2.1306233819883853,123.77260454958277,9.763045905186996,1.8337011696822532,1.6613316457832803,82.12648335085291,48.63384236929658,22.034673355083385
1604.5,含油水层,4.325258975712072,70.06224475929844,25.61249626498948,86.67248522671814,13.327514773281857,96.88617677226755,67.16652293846155,2.825659576077597,0.07006224475929711,10.213691545549395,3.1138232277324596,2.0113682755187052,121.92511531009248,9.73884950824413,1.8244443260868586,1.6546341867262264,82.40348093067124,47.12337697444627,21.83052170903109
1604.625,含油水层,4.275461951529738,70.12050938429007,25.60402866418019,87.09592745996304,12.904072540036971,97.43000914569839,67.22237944554959,2.8280094293562037,0.07012050938428639,10.334081685735368,2.569990854301607,2.2177968842642484,116.602802893622,9.601696969481717,1.8151149408753566,1.6476144153829941,84.85522893379475,48.38111612757757,22.16849524934337
1604.75,含油水层,4.1659926052338845,70.48654179996173,25.347465594804387,88.12915054504526,11.870849454954735,98.61611675038527,67.57328348420684,2.842771773954935,0.0704865417999613,10.486966205340009,1.3838832496147258,2.0876340349989473,103.80930467111216,9.548917212229036,1.810118972447283,1.6436720753365566,97.07159141331007,47.388203953864675,21.994714293678463
1604.875,含油水层,4.108155610514395,70.40860787997455,25.483236509511052,87.16290988348189,12.837090116518112,97.42340404024775,67.49857062791045,2.8396286441841205,0.0704086078799699,10.260494156765859,2.576595959752259,2.178919752433053,120.04466565155663,9.44772243318808,1.8130540346515682,1.6465483839934183,87.56859704075282,46.717253535233056,22.226569616213204
1605.0,含油水层,4.025791278512238,71.2279812222989,24.74622749918887,89.35828885416791,10.641711145832089,99.70688692907765,68.28407869408026,2.872674546996337,0.07122798122229657,10.348598074909745,0.2931130709223462,2.084676934553986,109.19725338756577,9.362138773475374,1.8288067610113132,1.6605680197148076,90.82334075272284,47.12602655558641,22.120941413569046
1605.125,含油水层,4.110387366728689,71.18018154689558,24.709431086375726,87.32471419352107,12.67528580647893,97.67681379182444,68.23825461285851,2.870746752490169,0.07118018154689577,10.352099598303381,2.323186208175554,2.229045090750188,121.81821054125254,9.327608880948834,1.8590995092331515,1.6866403627797018,78.71848916456264,47.681604971588065,22.085513450825946
1605.25,含油水层,4.015033752519765,71.25427833122797,24.73068791625227,84.80545539797642,15.194544602023585,95.08167069783326,68.30928892501373,2.8737351278830023,0.0712542783312245,10.276215299856839,4.918329302166747,2.0570417203847433,129.96709476144142,9.316324648874664,1.8664607859616962,1.6915667405327692,84.11375274713268,48.60218997538801,22.4520378148502
1605.375,含油水层,4.067216731271783,70.60708100359645,25.325702265131767,86.34993512924885,13.650064870751155,96.88786417139076,67.68884071783144,2.847633204761404,0.07060708100360205,10.537929042141911,3.1121358286092415,2.1814591461996877,131.12600181115948,9.42408653866377,1.8492590234391406,1.674000127800094,73.23965329456047,47.52435039751454,22.330581685366965
1605.5,含油水层,4.096830796092507,70.00966247680196,25.893506727105535,88.7414790126711,11.25852098732889,99.4960861669218,67.11611391865937,2.823538895665791,0.07000966247679812,10.754607154250683,0.5039138330782067,2.0163268347644423,118.5380617969397,9.549647918896333,1.82889407901029,1.6520490303397375,86.66040946656966,46.62568525601007,22.389667881658315
1605.625,含油水层,3.9802244716435924,69.94200163466428,26.077773893692125,86.71981831711123,13.28018168288877,97.69991815921499,67.0512495466843,2.820810086345327,0.06994200163465934,10.98009984210375,2.3000818407850177,2.0525160671737464,116.0012457862029,9.681193933118461,1.7844514122218218,1.6108430270408394,80.99367874061848,47.70579214293795,22.455944160454642
1605.75,含油水层,3.910183638445767,69.69015847977555,26.399657881778694,87.66941957496942,12.330580425030579,98.46746461341081,66.80981524640113,2.810653074894641,0.06969015847977517,10.798045038441394,1.5325353865891844,1.993028740212011,112.99921438550695,9.724775298291569,1.7593330231611262,1.5875283012197834,86.20310120915897,47.28856159857074,21.975727317911645
1605.875,含油水层,3.810542706320883,70.16121581502644,26.028241478652674,89.10914276308648,10.89085723691352,99.99,67.2614034508921,2.8296511483192957,0.07016121581502853,10.880857236913524,0.009999999999998899,2.1701543023688052,135.26964021933708,9.762317924728466,1.7519341430625048,1.5793827774440596,79.28917122352144,47.69640336210644,22.45541007681504
1606.0,含油水层,3.866263552343377,69.79306273033023,26.340673717326386,88.97964982816366,11.020350171836334,99.97464616694819,66.90846639195166,2.814803275648241,0.06979306273033441,10.994996338784524,0.025353833051811048,2.0773029781061396,122.58847376894495,9.77165404910089,1.749329227035788,1.575930531244081,80.02478449345251,49.06612297461825,22.38842561637067
1606.125,含油水层,3.9735064586240556,69.8210845895426,26.20540895183336,86.81451709610434,13.185482903895663,98.07197363282557,66.93533008802693,2.815933416926114,0.06982108458954452,11.25745653672124,1.928026367174418,2.0878113283891704,121.21048231190254,9.744955392896381,1.7726128654230342,1.5944501040676489,91.89837108221782,48.02595565541067,22.456127508377442
1606.25,含油水层,4.087229301014602,70.00838285569318,25.90438784329221,84.67552271341218,15.324477286587824,95.75750647879009,67.11488718519043,2.823487287647062,0.0700083828556932,11.081983765377917,4.242493521209911,2.0965715054857235,120.86262578193339,9.74966971369252,1.816072563475423,1.6304675355762144,96.46726072191589,46.896937465242615,22.42157738906043
1606.375,含油水层,4.075692345912787,70.34948003703451,25.57482761705271,82.29596695836352,17.704033041636478,93.1129780857541,67.44188658027855,2.8372439767189213,0.07034948003703141,10.81701112739058,6.8870219142459055,2.1269855342907915,118.59893949832069,9.698538837733985,1.8776375602801276,1.6836631855617665,92.56147465065776,49.238511209527054,22.074126295959214
1606.5,含油水层,4.1841045681095315,70.63947440868428,25.176421023206192,81.2304836531725,18.769516346827498,91.86044554258905,67.71989528071852,2.84893965355708,0.07063947440868537,10.629961889416547,8.139554457410947,2.1627275708693525,118.94310809167345,9.638058822103115,1.9425281627019992,1.7406722989209837,80.15921894763251,48.3288645766504,22.13273582843855
1606.625,含油水层,4.118172754817837,70.92637737619019,24.955449868991973,79.4522507967131,20.5477492032869,90.01259682654926,67.99494034692074,2.86051065189325,0.07092637737619589,10.560346029836163,9.987403173450737,2.1088982809766663,115.50660852668223,9.578703494045788,1.9912522696712034,1.78263449824175,76.84966492819319,46.42034199335517,22.054689061869418
1606.75,含油水层,4.204007557026314,70.93649484722727,24.859497595746415,79.70117014033069,20.29882985966931,90.50313461265483,68.00463965576856,2.860918696611484,0.07093649484722596,10.801964472324146,9.496865387345165,2.0796851838884414,118.84592871009473,9.501186500666797,2.027132340504844,1.8117389152500478,88.87089479061376,46.80466470009454,22.01842365651466
1606.875,含油水层,4.156386220504685,71.29047294298128,24.553140836514043,79.67213116256741,20.327868837432593,90.78132161777397,68.34398758802303,2.8751948820152675,0.07129047294298294,11.109190455206567,9.218678382226031,2.1545233321194686,113.95941206157083,9.431090973796039,2.0374092505726895,1.82030858476242,84.7841528720985,47.9729112942233,21.971362772326138
1607.0,含油水层,4.187628120470594,71.33470010783323,24.477671771696173,81.79732957968248,18.202670420317514,92.66774353105328,68.38638681306551,2.876978594659874,0.0713347001078387,10.87041395137079,7.332256468946719,2.0754268417651036,109.59703180234145,9.36738818649771,2.045910885409441,1.8274986725458486,77.70694329557264,47.58335968773716,22.01510941531223
1607.125,含油水层,4.075384551774154,71.58731194805594,24.337303500169906,80.13155165461534,19.86844834538466,90.86840461071858,68.62855802837751,2.887166607730368,0.07158731194805701,10.736852956103233,9.131595389281422,1.9350779195381926,114.57434784761102,9.267300177295056,2.0693324111860956,1.8484036557580819,84.7098551060958,47.50705495008152,22.038663433514596
1607.25,含油水层,4.171875321622692,72.04851624134379,23.77960843703352,79.63010673992653,20.369893260073468,90.44159217078027,69.07070042405525,2.905767301047206,0.07204851624134784,10.811485430853745,9.558407829219728,1.9443925279376986,104.51468399338358,9.124858029490536,2.090478662519336,1.8698477170331553,73.40636443559795,47.15067523831885,21.899175822930324
1607.375,含油水层,4.227214438865089,72.67418265223336,23.098602908901555,81.18574176782658,18.81425823217342,92.11813525718185,69.67050760241804,2.9310008671630783,0.072674182652235,10.93239348935526,7.8818647428181565,2.0133126715504,106.56269591003208,8.97526776756349,2.1316440053405143,1.9066574262990135,85.36068641873835,48.14304569901135,22.06747039637227
1607.5,含油水层,4.188500225503057,73.00684821823545,22.804651556261497,81.07784378232486,18.922156217675134,91.91472766657976,69.98942386675526,2.9444175032619424,0.07300684821823777,10.836883884254904,8.085272333420235,2.1450827725490833,109.93912858199238,8.869350515626873,2.137115588522524,1.9133208182149866,85.36429584940525,47.41886608913153,21.9387429136316
1607.625,含油水层,4.121471954194919,72.5199811236508,23.358546922154293,82.48802189782255,17.51197810217745,93.2838696104099,69.52267933139605,2.924781811131087,0.07251998112364905,10.795847712587348,6.716130389590102,2.1259460556729244,106.88438409158266,8.831571124753685,2.142833772442859,1.9193976869954579,78.35968941467489,48.29118845330838,21.840208660189173
1607.75,含油水层,4.06507349984691,72.5207947939796,23.41413170617349,80.08429673826612,19.915703261733874,90.73168428490797,69.52345937215827,2.9248146270273563,0.07252079479397808,10.647387546641845,9.268315715092035,1.9506316515835476,119.79146444535606,8.904303767008267,2.1378750718276702,1.9141244961719865,83.2191352248388,46.5104479052035,21.91372526419488
1607.875,含油水层,4.078744333563021,72.12617923297732,23.79507643345965,79.73812331468662,20.261876685313386,90.50084150417283,69.14515354965725,2.908899504087089,0.07212617923298206,10.762718189486208,9.499158495827176,2.0289159605220437,111.0791080004156,8.96816813051323,2.152052242801174,1.925308875662878,72.55686342314071,47.258061136230715,21.950840649248722
1608.0,含油水层,3.9958792299067327,72.73706909983164,23.267051670261623,77.68831702572528,22.311682974274717,88.16590482644663,69.73079490893585,2.9335371217959705,0.07273706909982636,10.477587800721349,11.834095173553372,2.1358853836733234,122.52899785216263,8.993575691243864,2.20297001551729,1.9652880099270065,81.71637696997382,47.469000026562306,22.155991806794766
1608.125,含油水层,4.0438784879766265,72.78019236821895,23.17592914380443,75.90312272474635,24.096877275253647,86.6723245930373,69.77213586233046,2.9352763135202573,0.07278019236822177,10.769201868290947,13.327675406962703,2.2519340424758743,114.40244149582824,8.978563110500065,2.244703194061376,1.9967375897003357,76.22284847124364,46.57416133213011,22.078574090740013
1608.25,含油水层,4.11313867547947,72.92657080483535,22.960290519685174,75.78098365482542,24.21901634517458,86.82512781761884,69.91246437527592,2.9411798587546047,0.07292657080483315,11.044144162793422,13.174872182381158,2.127706048786748,104.11720675846138,9.000249140627634,2.293416248766805,2.0333177128874333,79.96651890556461,48.66073864334152,22.011230469605835
1608.375,含油水层,4.025658351237447,72.34614934945387,23.628192299308683,73.66739840254802,26.332601597451987,84.64306523048816,69.35603214660854,2.917771053495879,0.0723461493494535,10.975666827940149,15.356934769511843,1.9929371425362405,117.12269627262646,9.04818572071196,2.301720221493583,2.0361486013702415,92.39994968427825,45.790289243580716,21.929844119779048
1608.5,含油水层,4.000690717323282,72.34884862951338,23.650460653163336,75.34983449501001,24.650165504989985,86.25385659019089,69.35861986352594,2.9178799173579333,0.0723488486295127,10.904022095180876,13.746143409809108,2.1089215974127344,107.8953917564015,9.099039586737401,2.2948214900148254,2.0300310611347006,80.41083763371803,47.72394324444762,22.082379243721732
1608.625,含油水层,4.106324944071325,72.23826695427942,23.655408101649257,75.24972309667176,24.75027690332824,85.93426581498701,69.25260860665439,2.913420080670755,0.07223826695427586,10.684542718315257,14.065734185012978,2.2249804599431333,106.8532139225266,9.171352856971065,2.270889955795293,2.0096834798221064,81.67036809560638,48.38723604483423,21.89152748644209
1608.75,含油水层,4.010273868250789,72.1878858060094,23.801840325739793,76.3650659598578,23.6349340401422,87.27498081057222,69.20430974665398,2.9113881735494234,0.07218788580600731,10.909914850714408,12.725019189427789,2.0107568159774916,118.1881960015431,9.151962240583952,2.257765847251104,2.0014289311162368,88.48381337227232,46.52891929481481,22.095329590724063
1608.875,含油水层,4.053016540625252,72.41500350139266,23.531979957982085,75.63100641461602,24.36899358538398,86.36990096863288,69.4220405080519,2.9205479898393687,0.07241500350139568,10.738894554016856,13.630099031367127,2.09471003798236,103.69285583549701,9.200808358031326,2.252880723812774,1.9967314585709772,70.5733399637138,46.01830695824471,21.89442246992005
1609.0,含油水层,4.125767491188018,71.78875568864713,24.085476820164857,74.563364619697,25.436635380302995,85.45781602489684,68.8216759575805,2.8952909753779927,0.07178875568864262,10.894451405199844,14.542183975103152,2.120706448039586,124.28303841728874,9.288564419980084,2.244744368360688,1.98593935934571,88.1542338038346,47.09835743577514,22.28750538226263
1609.125,含油水层,4.15568292950593,71.33896583107314,24.50535123942093,73.71446681749855,26.285533182501453,84.7712207592839,68.39047623096566,2.877150634276406,0.07133896583107861,11.056753941785356,15.228779240716095,2.304020534721672,106.51328491691623,9.36809128946965,2.2565420829452987,1.9944921059019407,73.53969277376761,46.865557293942835,21.978044204218907
1609.25,含油水层,4.247472221327387,71.41167362137237,24.340854157300235,73.00448076834762,26.995519231652388,83.8086462988333,68.46017895718741,2.8800829905635945,0.07141167362136706,10.804165530485687,16.1913537011667,2.250646736745844,120.58837335895566,9.505864778349716,2.251105078964561,1.9876460188608545,76.67352421209547,47.19678028346394,22.04977581527027
1609.375,含油水层,4.246499025977454,71.0180568804604,24.735444093562126,72.58903053277112,27.410969467228874,83.254059079565,68.08283067284033,2.8642081507396147,0.071018056880464,10.665028546793867,16.74594092043501,2.2478707418524664,103.30359652885434,9.573488716676623,2.259918277806036,1.995307675262103,83.20423390004355,49.2070632420983,22.12901141243027
1609.5,含油水层,4.282722545806304,71.16743359055852,24.54984386363518,71.95809131782765,28.041908682172345,82.52114956533167,68.22603353851707,2.870232618450887,0.07116743359055593,10.563058247504006,17.478850434668335,2.1148204799851125,121.95010591458926,9.588318734349617,2.26762028048486,2.003164172393528,65.94121124322098,46.1340560395591,22.03790717470996
1609.625,含油水层,4.353704996106317,71.14791586378823,24.49837914010545,72.59735356022608,27.402646439773914,83.3895998729362,68.2073224931127,2.8694454548117374,0.07114791586378885,10.792246312710123,16.610400127063794,1.996343361280756,116.24495146011769,9.616080925837903,2.2583244283848276,1.9960577636062662,80.36132791528368,47.37063279615201,22.32241194331621
1609.75,含油水层,4.234242077496552,71.11056712573568,24.65519079676776,73.2935261597896,26.70647384021041,83.94159787675342,68.17151740465533,2.867939153954619,0.07111056712573657,10.648071716963841,16.058402123246573,2.132130981058544,104.24923492519066,9.564682041027451,2.2588318983195514,1.9989189130140785,68.37911734807902,46.6494150532677,21.85579101332095
1609.875,含油水层,4.23076387290443,71.50184066980293,24.267395457292643,73.89757774462016,26.10242225537983,84.36920180713628,68.54661933813024,2.883719491002879,0.07150184066980723,10.471624062516117,15.630798192863715,2.185357386904064,113.14963217776902,9.59086942665406,2.2360954453622917,1.980249571710021,83.45001874915204,48.12363971157503,21.915198646258613
1610.0,含油水层,4.329329403047279,70.71977166060661,24.950898936346114,73.6964712745669,26.3035287254331,84.30310781593876,67.79687379078004,2.852178098165964,0.07071977166060416,10.606636541371858,15.69689218406124,2.3370671381520203,124.68829130775542,9.574246070727424,2.2239599175480995,1.9700815456535223,86.88495828742158,48.17186925395143,22.217114227406288
1610.125,含油水层,4.226246337914642,71.27958868351692,24.494164978568435,74.27607817674624,25.72392182325376,85.18238574873591,68.33355318265261,2.8747559121808064,0.07127958868351283,10.906307571989664,14.81761425126409,2.1681825448044245,108.60723481607138,9.49617706151433,2.2449448597752357,1.986061995092978,84.69581824003491,46.2958472017569,21.93483899751306
1610.25,含油水层,4.13270161563862,72.01374311700532,23.85355526735606,73.05773890781126,26.942261092188748,84.0659777964468,69.0373644973868,2.9043648765015075,0.07201374311700641,11.00823888863555,15.9340222035532,2.306471239098204,113.67852294655715,9.440226074175326,2.2668543759063176,2.002099876609268,82.37303236676088,48.09704659532042,21.910857455610135
1610.375,含油水层,4.2181219982733165,72.14787520273644,23.634002798990235,73.02568223819826,26.974317761801736,83.92621641843584,69.1659528097367,2.909774517797009,0.07214787520273859,10.900534180237578,16.07378358156416,2.1831521161471965,112.43796761093941,9.360129798045442,2.28020960791682,2.0138629928492007,78.1905045312353,47.98360935686921,21.93900068603049
1610.5,含油水层,4.146079317960544,71.6629678337221,24.190952848317345,74.30536593299331,25.69463406700668,84.95069698951741,68.70108700311253,2.890217862775845,0.07166296783371988,10.645331056524098,15.049303010482584,2.41386907629781,119.32290521209313,9.284857087552394,2.3136794303870203,2.045655325191906,68.88011791606952,48.34008808395852,22.114472303812892
1610.625,含油水层,4.223219479622187,72.239452513851,23.537328006526806,72.8730021526896,27.126997847310406,83.22709363362296,69.25374516621558,2.9134678951215767,0.0722394525138479,10.35409148093336,16.77290636637705,2.1993858954011483,111.13499461278687,9.30443243739464,2.292744923973344,2.0331816065185477,80.23963620237285,48.463244224277176,22.309414827097093
1610.75,含油水层,4.30942816319244,71.59465163055312,24.095920206254434,74.88145916551717,25.11854083448283,85.24182134325937,68.63559435663822,2.887462622284352,0.0715946516305483,10.360362177742196,14.758178656740629,2.186125897740845,108.67523441676838,9.359207119976926,2.2665245399278082,2.014838638054404,82.4463204862271,48.64051810292523,22.14175063425775
1610.875,含油水层,4.193378385080428,71.51613641143987,24.290485203479705,74.42108282880562,25.578917171194384,84.69451000215167,68.56032422671723,2.8842960483112026,0.0715161364114366,10.27342717334606,15.305489997848321,2.0456838444670096,103.9326688629919,9.383142304367519,2.2781052306321783,2.0269614920135,79.08749902159823,46.85136829589291,22.447920127705277
1611.0,含油水层,4.1661226665362125,71.55827265816933,24.275604675294463,72.55937832575015,27.440621674249854,82.63665681684769,68.60071895275289,2.8859954327582775,0.07155827265817177,10.077278491097541,17.363343183152313,2.231796514823599,111.62502194841842,9.469164830295568,2.269725258390262,2.021331855311365,90.7879508636324,49.02587577367574,22.151436366889474
1611.125,含油水层,4.1172621776398035,71.51527993964021,24.367457882719993,71.53618819195923,28.463811808040774,81.3236104884966,68.55950315349904,2.884261506201531,0.07151527993964242,9.787422296537377,18.676389511503398,2.2850179722719783,95.70080155692989,9.54441523524884,2.286843253582531,2.0343576824209326,76.98893464091697,47.95821204594297,22.471366336875832
1611.25,含油水层,4.030829454194982,71.26282795313386,24.706342592671152,71.12898965055562,28.871010349444383,81.12740532946195,68.31748518503696,2.874079940143775,0.07126282795312869,9.99841567890634,18.872594670538046,2.0726394131078973,108.72954227305104,9.569271198741435,2.305512782361517,2.0491688656137734,87.11402546572226,48.815158843668655,22.451246394684528
1611.375,含油水层,3.9829421141577352,71.58808097842825,24.428976907414008,71.78951334183714,28.210486658162857,81.8546638575632,68.62929527418402,2.8871976232658154,0.07158808097843354,10.065150515726055,18.145336142436808,2.3117281451619145,108.99219895659503,9.6145574051413,2.291221451480451,2.0352089886814166,81.08685477786425,47.43656182025233,22.749637948011205
1611.5,含油水层,3.9050256857283556,71.21363255722424,24.88134175704741,72.80919996750922,27.19080003249079,82.99699650355734,68.27032306941844,2.8720958552485714,0.07121363255722934,10.187796536048129,17.00300349644266,2.2958453385342534,132.7288340546752,9.709353500334714,2.26914899466712,2.0109837869770146,72.27514398394786,48.118439504493644,22.78966320537724
1611.625,含油水层,3.8656912356915263,70.62790739725338,25.506401367055098,71.25807154480604,28.741928455193953,81.61992115863332,67.7088063420002,2.8484731478559198,0.07062790739725058,10.361849613827276,18.380078841366675,2.116637511855796,124.74904960695282,9.776513626934431,2.2679359726453043,2.0046844678132376,88.50342948400538,46.6700500949984,22.286560582031836
1611.75,含油水层,3.817574667346504,70.75177343231186,25.430651900341637,69.42059794874935,30.579402051250646,79.87779066422478,67.8275529067675,2.8534687521120525,0.0707517734323107,10.457192715475427,20.12220933577522,2.083890096869803,120.96834089754398,9.886272473807484,2.2602190611225943,1.9910552721606938,81.88882173136561,46.82604647251739,22.25675481779319
1611.875,含油水层,3.740802137177409,70.6543452117739,25.60485265104869,69.62666691175451,30.37333308824549,80.3231432625703,67.73415146306412,2.8495394034979866,0.07065434521177846,10.696476350815782,19.676856737429706,2.0387735441726726,109.40691189944981,9.976551485606974,2.275651865341839,1.9966845059963843,90.09786964121713,49.680334776887285,22.130487861713878
1612.0,含油水层,3.685872863313602,70.60439845844564,25.70972867824076,68.7551359975583,31.244864002441698,79.49358807243465,67.68626904415721,2.84752501582998,0.07060439845844833,10.738452074876346,20.50641192756535,2.1264686460831466,117.3234907602249,9.96106760362242,2.317911666582779,2.0250897206875633,72.09123483903959,47.804309784291505,22.017944856825245
1612.125,含油水层,3.6923597916657904,71.12290195226166,25.18473825607255,67.20123096635888,32.79876903364113,78.19090035521104,68.18334242413117,2.8684366261782412,0.07112290195225648,10.989669388852173,21.809099644788954,2.312956370600984,111.70538171031185,9.882411013834206,2.3590141289691924,2.0546252002082923,95.34675768721749,48.188343840530536,21.978022801647256
1612.25,含油水层,3.6272545127976543,71.82119338652487,24.551552100677473,67.20132869262684,32.79867130737316,78.20018107934419,68.85277298260533,2.8965992105330187,0.0718211933865287,10.998852386717347,21.79981892065581,2.246278799053968,119.11139655414723,9.789402960132094,2.409707423827287,2.09530000188863,69.21835987857663,47.10810876612865,22.083947735643275
1612.375,含油水层,3.692230791989698,71.85298130485258,24.454787903157726,66.9518191433767,33.0481808566233,77.7472540211165,68.88324708392564,2.897881239622078,0.0718529813048558,10.795434877739808,22.252745978883492,2.173151780290989,111.67015192446077,9.72132213080275,2.4423130454229662,2.1226117260047253,76.38806976274638,46.272733054692296,21.768043046296803
1612.5,含油水层,3.6876373042718145,71.43965986271233,24.87270283301585,67.23739575834277,32.76260424165722,77.91078013937017,68.48700850750198,2.8812116953476385,0.07143965986271782,10.673384381027395,22.08921986062983,2.215335647599907,103.18918878715726,9.675794219801153,2.4597169377448798,2.140899010858244,78.89125530309782,47.89555018214374,21.960237562729425
1612.625,含油水层,3.7627475938086303,71.6330909821748,24.604161424016553,66.79543697458611,33.20456302541389,77.28997414863478,68.67244498283935,2.889012908353278,0.07163309098217573,10.494537174048684,22.710025851365213,2.1699917019983137,120.61637492083376,12.692283670151475,2.048003061647509,1.8083006923692522,111.13263953849352,50.092638994569796,22.07006202449466
1612.75,非储层,2.719658870481042,38.96890162645925,58.3114395030597,92.8639559823887,7.136044017611298,94.6349377497763,33.435597531694505,5.494335193138289,0.038968901626457164,1.7709817673876014,5.365062250223696,2.03237413598511,135.88957988462747,15.631670963172066,1.636300874983799,1.474884944340629,131.47215780188515,51.63323778150996,22.063973919342136
1612.875,非储层,2.775116455143891,39.81871577872346,57.406167766132654,92.30794390068628,7.6920560993137155,94.12358077358671,34.16474417904449,5.614152883900245,0.039818715778724284,1.8156368729004244,5.8764192264132875,2.405149251667038,157.56181661570812,18.56391215518274,1.2316168579930649,1.1458898777851338,153.8673003377959,53.191088404019716,22.032783017527457
1613.0,非储层,2.8270727408331333,39.35077478714146,57.8221524720254,94.20919727678341,5.790802723216593,96.05572723147844,33.76324744677595,5.548176565578374,0.03935077478714258,1.8465299546950447,3.9442727685215506,2.091122441500865,173.75585394686075,21.453996071286067,0.8146212532430354,0.805018117696243,185.9463483923497,58.37943015702918,22.11512256891519
1613.125,非储层,2.76240742440676,39.96994002954214,57.267652546051096,96.10617628556749,3.8938237144325205,97.94940378828989,34.29449567257831,5.635474416934292,0.039969940029540435,1.843227502722416,2.0505962117101095,2.2295499630386386,159.63785100737476,21.204296072755312,0.8185433519693566,0.8087606501573201,184.14409623550654,56.928154396593925,22.025149987285726
1613.25,非储层,2.6971616473686835,41.56958039906363,55.73325795356768,95.29763533507474,4.702364664925252,97.17358595192977,35.66699860077108,5.861012217893483,0.041569580399066636,1.8759506168550204,2.826414048070236,2.1274297535319486,154.41337079590394,21.06450272044171,0.816159614978747,0.8062776973068101,173.63451326926608,57.79678897584605,22.06298967329766
1613.375,非储层,2.627342371081297,41.30320746721912,56.069450161699585,95.64556878956373,4.354431210436271,97.53303320324984,35.43844871173743,5.8234555480144685,0.041303207467217884,1.8874644136861136,2.4669667967501585,2.1236497394950447,176.7167964555303,21.036801688349655,0.8135153739314865,0.8034122940387376,179.51050926268562,57.402637136796145,22.163095784847748
1613.5,非储层,2.648815938936075,39.73003979472547,57.621144266338455,95.89678442338723,4.103215576612762,97.81906064419913,34.08865954776326,5.601650207167486,0.03973003979472686,1.9222762208118878,2.1809393558008705,2.257623550977402,171.07855150609734,21.17303744460743,0.8075289017772268,0.7973158119485843,173.62228962330573,56.44212887629202,22.125695873613992
1613.625,非储层,2.705221270330853,38.52553023110404,58.769248498565105,96.56156366068387,3.43843633931612,98.4840906295424,33.05518168948618,5.4318230113867525,0.038525530231105914,1.9225269688585078,1.5159093704576132,1.9728990375425766,175.0660365862738,21.325053472808907,0.7956341417832158,0.7855855491441771,170.3822260459192,57.831046014603444,22.018408745060295
1613.75,非储层,2.674857358377416,39.82256417906608,57.50257846255651,97.91621453895033,2.0837854610496698,99.84999928951635,34.16804613418375,5.614695480703266,0.03982256417906782,1.9337847505660162,0.15000071048365538,2.399709193384271,165.39407481673368,21.38001950649879,0.7883356921360095,0.7784727131777489,189.26456293528477,58.65420389907902,22.053792524729392
1613.875,非储层,2.6188164219914065,40.614474882723805,56.766708695284784,97.8903699375391,2.109630062460899,99.79014453188222,34.847511206675364,5.726349201165721,0.04061447488272127,1.899774594343114,0.2098554681177811,2.194054953009936,168.16487541196133,21.31141218364533,0.7858911543329388,0.7762907782210103,183.88315421838945,56.90052062401209,21.933361516866015
1614.0,非储层,2.6513841999979326,40.36952566036989,56.979090139632184,98.12465107638289,1.875348923617115,99.99,34.63734301428355,5.691813120425966,0.0403695256603713,1.865348923617112,0.009999999999998899,2.31294796973667,161.82679495376146,21.06315612225992,0.7953674525767231,0.7856696841627031,181.48359034467256,57.58385551360495,21.971070473868366
1614.125,非储层,2.5902771807121323,41.320608064713085,56.08911475457479,96.58342458795147,3.416575412048528,98.42693500964388,35.453378549385825,5.825908907262547,0.04132060806471341,1.8435104216924143,1.57306499035611,2.035798889490106,174.3522461846189,20.993532306922585,0.8071486627843314,0.7970865754573445,183.45160806366337,57.524544544192565,22.074424861905968
1614.25,非储层,2.5365499909288673,40.88128160837032,56.58216840070081,94.06967768996832,5.930322310031688,95.93135238445865,35.07643329390733,5.763967032854627,0.04088128160836951,1.8616746944903375,4.068647615541354,2.0503081425127596,163.2815577186859,20.894599639849062,0.8160728435798832,0.8058416567216635,178.64369102861284,57.35693413858408,22.120494971508474
1614.375,非储层,2.552095306971795,41.84594914198251,55.6019555510457,95.75310136069244,4.246898639307561,97.58781860861573,35.90412496751224,5.899978225328282,0.04184594914198453,1.8347172479232972,2.4121813913842605,2.1757546763510107,147.69913780509097,20.792479792276392,0.8289799270956529,0.818331834911997,180.53375281167126,58.50770474743757,22.049089288884197
1614.5,非储层,2.5039491378111416,41.78037959340013,55.715671268788725,94.39773037832205,5.602269621677946,96.21298398869546,35.84786582380451,5.8907333900022145,0.04178037959340075,1.8152536103734067,3.787016011304545,2.1224631275026105,162.82289242595527,20.87854112892429,0.8366833045819594,0.825605552553216,181.75792028726352,57.50768424840332,22.160638583574823
1614.625,非储层,2.5504989860612595,40.628882310402005,56.82061870353674,92.00088517213713,7.999114827862863,93.85941058982755,34.859872883120154,5.728380544971448,0.0406288823104034,1.8585254176904202,6.140589410172447,2.115495415805167,171.91161389091107,20.776199573187583,0.8485721516337353,0.8371391080657904,186.34420166419366,56.68793841189468,22.040177317002797
1614.75,非储层,2.5005325552653392,42.15039672541755,55.349070719317105,91.05732289957558,8.942677100424412,92.90450777248307,36.16534318112284,5.942903147569285,0.0421503967254197,1.8471848729074818,7.095492227516931,2.131541277648859,160.59333272493254,20.90643093715498,0.853822349670833,0.842020812817775,177.75329159907784,56.36473268870698,22.11760898467744
1614.875,非储层,2.427036753996558,40.73163386519134,56.8413293808121,91.53345834585032,8.466541654149683,93.34244033006081,34.94803445525334,5.74286777607281,0.04073163386519099,1.8089819842105035,6.657559669939184,2.074513446745266,161.61239675937483,21.140054415250564,0.8520941241129172,0.8401915350887091,191.41333347800293,56.16856484338612,21.974960829479244
1615.0,非储层,2.452483927086428,39.43172096368662,58.11579510922695,91.34389549344557,8.65610450655443,93.12218005889676,33.832699847734965,5.559589394987969,0.03943172096368894,1.7782845654511894,6.877819941103236,2.0104370492970887,148.07554141569233,21.29363878400191,0.8536284789500543,0.8417532904919692,181.24412330917934,57.17782682677408,22.273017346291937
1615.125,非储层,2.4851437086815333,39.1565998546645,58.35825643665397,89.03607927606646,10.96392072393354,90.77373916803597,33.5966439598397,5.520799294970134,0.03915659985466308,1.7376598919695074,9.226260831964028,2.252719819535344,152.5059582034772,21.430771599719836,0.857332340615891,0.8453985228587724,175.6386018339972,57.56898309791701,21.964901285859323
1615.25,非储层,2.530158720785045,40.8000196576648,56.669821621550156,87.51481737546311,12.485182624536895,89.28697802810626,35.00670995645033,5.752509681556809,0.04080001965766286,1.7721606526431486,10.713021971893744,2.220769421453683,174.97540470061105,21.334443122604682,0.8752324887145054,0.862791109548886,186.95421456226683,56.89034300050427,22.064569934101993
1615.375,非储层,2.503288089070089,41.92739158411256,55.56932032681735,86.4302949830808,13.569705016919198,88.23443136994523,35.974003167908066,5.911461024620384,0.04192739158411299,1.8041363868644282,11.765568630054767,2.1606911187780726,166.15274188512103,21.210162533305265,0.8866254586212104,0.8737980887342653,181.15219162355797,56.78544179443871,22.080394526775027
1615.5,非储层,2.469299399519041,40.86413546939349,56.66656513108747,88.87637268194982,11.123627318050177,90.68982302502016,35.06172178349456,5.761549550429541,0.04086413546939213,1.8134503430703324,9.310176974979845,2.0649230112744332,168.83233598470414,21.174949436135215,0.8915164375143577,0.8783472045769456,170.93943314801857,57.88777637782402,21.942015840957726
1615.625,非储层,2.4302895825001416,39.63323741797314,57.936472999526714,87.73812603374532,12.261873966254678,89.5325400809156,34.00560241312222,5.588001767432952,0.03963323741797073,1.7944140471702779,10.467459919084398,2.2570857354335243,168.51369921278027,21.205093162961493,0.8831525649634623,0.870184447840216,174.00744523578842,57.86658552662411,22.128883348915515
1615.75,非储层,2.407620295679723,40.45953313320438,57.13284657111589,90.20211466918893,9.797885330811074,91.96077842898062,34.71457007255137,5.704503527519816,0.0404595331332025,1.7586637597916868,8.039221571019384,2.222698738529942,179.6241743806013,21.418003650707504,0.8704907358953053,0.8577751309803927,165.04563691085022,58.39439839458683,22.046345171402518
1615.875,非储层,2.4232297002046885,39.633987241446874,57.94278305834843,87.71671131156415,12.283288688435846,89.50529940972986,34.0062457670491,5.588107487156332,0.039633987241446955,1.788588098165705,10.494700590270146,2.139663959341973,171.3386936399595,21.66110833600242,0.8680168077190233,0.8552396584646267,182.69244198947243,57.87274522219417,22.566118270780308
1616.0,非储层,2.359975780316872,38.43667039298544,59.20335382669769,86.1511692751187,13.8488307248813,87.89992813492339,32.97893931004874,5.419294412543717,0.03843667039298351,1.748758859804685,12.100071865076611,2.204870244546195,169.3522072880639,21.71352998706597,0.8699050946735787,0.8569941442846393,181.03229106037975,57.355373123995776,22.645730802868613
1616.125,非储层,2.3069081313529387,39.221969781579546,58.47112208706752,86.2922045864025,13.70779541359749,88.04743707125556,33.65273182672286,5.5300159850751065,0.039221969781580435,1.7552324848530438,11.952562928744449,2.3483586964219545,176.65624480850653,21.72879894554828,0.8760065999743619,0.8628378317123464,174.3227786959507,57.09639383182284,22.799435476460747
1616.25,非储层,2.2418422820562567,40.529131130836504,57.229026587107235,87.71793686747775,12.282063132522259,89.4229480374841,34.77428565448245,5.7143163452232155,0.04052913113083839,1.7050111700063697,10.577051962515894,2.0285439504642873,172.830316177601,21.59657123940896,0.8878387317376711,0.8743968991045308,183.01760484476827,58.26634089793895,22.733066520458024
1616.375,非储层,2.224805587359438,41.305544603530876,56.46964980910969,85.53764993492487,14.462350065075125,87.23291319969033,35.440453991481924,5.823785067445423,0.041305544603528754,1.6952632647654615,12.767086800309668,2.177706106008767,160.5601753948015,21.44770397771366,0.8924608693420256,0.8790154893555846,184.06163550678724,57.75779288441636,22.035154703943842
1616.5,非储层,2.189396101931588,40.15699321782837,57.65361068024004,86.71873124962057,13.281268750379427,88.38978635428565,34.454988651839294,5.6618475727712525,0.04015699321783042,1.6710551046650743,11.610213645714351,2.2825695865025923,162.18994853928405,21.48548405613181,0.8919415964267063,0.8784819773189694,194.39250594250905,58.16914125163194,22.011652088029496
1616.625,非储层,2.201823317129331,38.90775529696735,58.89042138590332,85.94582221990208,14.05417778009792,87.6655243386653,33.38313354174095,5.485713999929433,0.03890775529696647,1.7197021187632346,12.334475661334688,2.1150999306371534,178.16614805598945,21.596038950633876,0.8872391429496129,0.8738577385114892,178.89960852707748,57.39458247198885,22.137210759107578
1616.75,非储层,2.2472654192116104,39.3271784855702,58.42555609521819,87.78040884677456,12.21959115322544,89.48836518010643,33.743001650521904,5.544849656562728,0.03932717848557088,1.7079563333318653,10.511634819893578,2.2316234692584187,150.93206824817608,21.880347288610807,0.875088975522572,0.8620247134179635,192.98837561785837,56.40443925798593,21.82320863051652
1616.875,非储层,2.2653099023480228,38.19942916452135,59.53526093313063,85.6256111194432,14.374388880556788,87.2923716868415,32.77538463178538,5.385845103571443,0.03819942916452393,1.666760567398292,12.707628313158493,2.103413381002292,169.48128643243223,22.175065327918837,0.8686781784497019,0.8556332421470689,184.42593413418726,57.42018717530482,21.960275312754973
1617.0,非储层,2.3305532856999025,36.94042436717818,60.72902234712192,84.722940395597,15.277059604402988,86.43478271239792,31.69514947150423,5.208334471306773,0.03694042436717809,1.7118423168009032,13.565217287602083,2.1202578942040584,166.26876612635098,22.332927244367713,0.8688427114722521,0.855608773328238,184.46611446828535,57.19972378803645,22.04769789551384
1617.125,非储层,2.2632362038036877,37.24323269756273,60.49353109863358,83.61225125192308,16.387748748076913,85.37271139985303,31.95496119422181,5.251028270643361,0.0372432326975633,1.7604601479299462,14.62728860014697,2.0956592747782503,184.09363481560393,22.66006691094832,0.8669098223078469,0.8532853759662565,180.21616653186237,58.421093070815374,21.93754588114479
1617.25,非储层,2.227907848586257,35.95446925194524,61.8176228994685,83.78684822671902,16.213151773280988,85.57030845293508,30.84919289994768,5.069321882745619,0.035954469251942706,1.7834602262160753,14.429691547064916,2.374463954289324,179.5246522117594,22.88844885787636,0.8646195108886479,0.8506730796606014,191.18846432197424,59.137545417458355,21.993672039532264
1617.375,非储层,2.2576255448288256,35.82422219853956,61.91815225663162,83.24631694869703,16.75368305130297,85.0015749213654,30.73743999248557,5.0509579838554455,0.035824222198540395,1.7552579726683832,14.998425078634591,1.9241125312725416,173.70185766859987,22.993430973132234,0.8599508334476648,0.8459282482427547,184.86823121054277,56.7027383688904,22.212855896971618
1617.5,非储层,2.247758927168616,35.85394159927504,61.89829947355634,84.99700623257809,15.002993767421913,86.75131363900024,30.762939451808286,5.055148205867479,0.0358539415992766,1.7543074064221655,13.24868636099975,2.1783301012044305,173.5819257015972,22.983859713269922,0.863664648780498,0.849480602309042,183.81007581489132,59.01593659297815,21.744801419406617
1617.625,非储层,2.2291736182751385,37.41511853143764,60.355707850287224,82.45133791901316,17.548662080986844,84.20845701167869,32.102440474441984,5.275262938464216,0.03741511853144058,1.757119092665524,15.791542988321316,2.1786480680867726,162.2664154463798,22.824285361964602,0.8786363379054242,0.8640277230460913,192.04032744679228,59.49578500275783,22.178828864902783
1617.75,非储层,2.2612868897923826,37.771360381711396,59.96735272849622,80.78602635689785,19.213973643102143,82.5598739612744,32.408098541068426,5.325490480261258,0.03777136038171092,1.7738476043765476,17.4401260387256,2.2695343712574445,172.2572762635708,22.72109047032436,0.8947768079299683,0.8795278566624907,193.77576291319465,59.88133930976508,21.98698885209049
1617.875,非储层,2.3002401743576675,37.06823381700309,60.631526008639234,79.15407182072497,20.84592817927504,80.94510284866408,31.804810897583312,5.226354685602776,0.037068233817003776,1.7910310279391106,19.054897151335926,2.1739618541118158,183.1757729864901,22.483249231554748,0.9173350241284337,0.9012987998794365,180.39376131900826,59.1352688921425,22.020817024747146
1618.0,非储层,2.243388295803791,38.600703369599486,59.15590833459672,80.45177162669128,19.548228373308717,82.23308537628994,33.11968078232748,5.442421883902414,0.038600703369597034,1.7813137495986553,17.76691462371006,2.065278575614315,184.03037487890782,22.234998757538186,0.9351489395205648,0.9186351167996955,177.47435463880714,59.07860772131214,22.50091705929369
1618.125,非储层,2.2260406607750185,40.190489328953724,57.583470010271256,80.092526341839,19.907473658161003,81.84177228820585,34.48372855580681,5.666570283817959,0.04019048932895411,1.7492459463668513,18.15822771179415,2.2957440183376403,159.72529359582376,21.902309372866828,0.947283149061064,0.9306002016076549,175.0024135266378,58.20684655025636,22.539661527678327
1618.25,非储层,2.217196871114959,41.36813772598601,56.41466540289903,81.57675374153621,18.423246258463788,83.33465028613885,35.49415934019108,5.832610248068941,0.04136813772598405,1.7578965446026467,16.665349713861143,2.0928326801626653,153.46146252946022,21.537766211134787,0.9500553377810914,0.933694511549295,170.41922969137232,56.33677234596122,22.63246518617722
1618.375,非储层,2.2563332416721886,40.87824939493059,56.86541736339722,83.3474944234186,16.6525055765814,85.09313587255355,35.07383163299389,5.763539512541769,0.04087824939492876,1.7456414491349534,14.90686412744645,2.2792865189085862,166.8325851338638,21.4551063013856,0.94518147976996,0.9291278460251442,175.60343599356798,56.78843713666042,22.495999642285724
1618.5,非储层,2.245037913848566,39.38798149695112,58.36698058920031,83.22216454549859,16.77783545450141,84.99354361992609,33.79517107106998,5.5534224443841875,0.03938798149695222,1.7713790744274962,15.006456380073917,2.070996287327726,170.0646087350073,21.50590323390779,0.9363983451781538,0.920685850818355,183.67106701922762,56.857094566651014,21.864847396110214
1618.625,非储层,2.204518197767151,39.57789149386163,58.21759030837123,82.182325709088,17.817674290911988,83.91330828521971,33.95811521265271,5.5801983897150595,0.03957789149386173,1.7309825761316993,16.086691714780287,2.115655832714853,168.3755115386682,21.59155397645559,0.937832321325964,0.9221279650061854,177.6759440200268,57.12095077977132,21.74053134154051
1618.75,非储层,2.2601517650690077,40.478659196610266,57.26118903832072,79.9064738798161,20.093526120183892,81.62470879335604,34.730980372347204,5.707200165066454,0.04047865919660984,1.7182349135399344,18.37529120664396,2.1021911194490945,169.3590822044129,21.59889131799585,0.9521319842089143,0.9360495161285476,173.45368238943587,57.00560968637364,22.021737476688408
1618.875,非储层,2.3263561895773304,40.93172079890818,56.741923011514494,78.78137788186588,21.21862211813412,80.47884103723926,35.11971048172273,5.771078596386542,0.040931720798909055,1.6974631553733825,19.521158962760744,2.070783548374873,153.42631568492024,21.497711370983893,0.9769353386245692,0.9602825016706619,182.02364056338362,57.38105256502439,21.900022955925497
1619.0,非储层,2.3228332598816497,40.6770841549732,57.00008258514515,76.96779898707642,23.03220101292358,78.64730474842354,34.901230412024006,5.7351766587942175,0.04067708415497126,1.6795057613471072,21.35269525157647,2.142895253910348,162.10261624818145,21.468819593812537,0.9982424204595765,0.9810790754866303,180.11409364285794,57.41995886155676,21.907937649269886
1619.125,非储层,2.3053009914584304,40.061253131652144,57.63344587688943,76.11225280251196,23.88774719748804,77.76485970881423,34.372842970143594,5.6483489083768985,0.040061253131652014,1.6526069063022706,22.235140291185772,2.01681912474662,158.14747616302589,21.45356848605956,1.017922149606147,1.0001518778624576,181.5864473756847,56.92648337541417,22.107178995988512
1619.25,非储层,2.3132340637432454,40.82205739565572,56.864708540601036,74.51570858253275,25.484291417467254,76.18796400322046,35.02561849395637,5.755616844303692,0.040822057395654976,1.672255420687709,23.812035996779546,2.1570368184396895,170.2285781508731,21.610184054776894,1.024786653081874,1.006773796203575,177.5358717868007,57.34764884324195,22.008911304373147
1619.375,非储层,2.3064575779766034,39.412095108631895,58.281447313391496,74.72415326225801,25.27584673774198,76.35205589162011,33.81586072311413,5.556822290409137,0.039412095108630474,1.6279026293620897,23.647944108379892,2.2300869935303913,169.7017978984342,21.732744149243636,1.027156636719754,1.008944597464749,183.3475507914519,56.386417834869505,22.03147892894463
1619.5,非储层,2.248775684373651,39.48460679887895,58.2666175167474,74.67134703411693,25.32865296588307,76.32080768442778,33.87807627423957,5.5670459178405,0.039484606798880634,1.6494606503108533,23.679192315572216,2.275890296429232,157.10934069331597,21.94380608366936,1.0162917512284122,0.9982431660404782,175.84210412775502,58.72514106027815,22.04435664085016
1619.625,非储层,2.2440330179201036,37.8018824198732,59.9540845622067,76.45465240405514,23.545347595944865,78.11248735613972,32.43428666906873,5.329793868384593,0.037801882419872396,1.657834952084594,21.887512643860273,2.1463247933234926,157.56158427892936,22.27860350430446,1.0010674358501048,0.9832820922516369,179.60055432200394,57.54995405993456,22.728822836403744
1619.75,非储层,2.2114518108673322,37.26563354921749,60.52291463991517,74.35565045380682,25.64434954619318,76.00864942071081,31.97418128585989,5.254186629808389,0.03726563354921539,1.6529989669039968,23.991350579289183,2.070240703026605,181.7273187635045,22.610397788768637,0.9883990678157024,0.9707441013308692,176.71622682280267,57.772059420711415,22.767423883167154
1619.875,非储层,2.2162779367700525,35.899357899298934,61.88436416393102,74.08315858145859,25.916841418541413,75.70809724686181,30.801906963480373,5.061551577919258,0.035899357899301515,1.624938665403217,24.291902753138196,2.334104946907065,182.08826303326674,22.922702412238916,0.9746867931639399,0.9574360825286587,185.86183305414679,58.44265992032205,22.773871751717476
1620.0,非储层,2.2439145503432405,36.116418257026986,61.63966719262978,74.5745260785213,25.4254739214787,76.17883905208463,30.98814630968132,5.092155529088635,0.03611641825702894,1.6043129735633261,23.821160947915377,2.165385085785119,164.44985689527465,23.052005589146738,0.9726193003631911,0.9557014261840688,188.95224683654365,59.45608504816951,22.807174883915916
1620.125,非储层,2.3032936727921403,36.413219211184355,61.28348711602351,75.42702033745103,24.572979662548978,76.98336193343948,31.242803660441513,5.134002331531653,0.03641321921118712,1.5563415959884657,23.016638066560514,2.3900329300867034,173.206727479964,23.22360745488598,0.9560470766714962,0.9398514940176912,193.78852302813422,58.80264575223572,21.98031579940032
1620.25,非储层,2.260479127405401,35.27927221630589,62.460248656288705,77.13497241259184,22.86502758740817,78.73749677435931,30.269868993037708,4.974123951051874,0.03527927221630839,1.6025243617674834,21.262503225640682,2.0388287453166036,167.15703598555035,23.18378745625102,0.941352249081713,0.9257533897591833,190.89669149215902,59.80537169369245,21.974007675693898
1620.375,非储层,2.226834214492465,36.13603358050167,61.63713220500586,79.0653727524254,20.9346272475746,80.7048187465266,31.004976398130836,5.094921148790336,0.0361360335804993,1.6394459941011952,19.2951812534734,2.3872513868856107,169.84677045228696,23.122323069743167,0.9264377736949996,0.9114187914760581,184.35474797771323,59.47350152156707,22.02168644263121
1620.5,非储层,2.1706811390781557,36.62387757706816,61.20544128385369,79.96002671078008,20.039973289219915,81.56481895452737,31.423550051650878,5.163703647840206,0.036623877577068864,1.604792243747276,18.43518104547264,2.2484473674357814,179.6177014073131,22.978975102287436,0.9156432946625019,0.9007954797847744,187.01622733840873,59.15584735688742,22.694021954646608
1620.625,非储层,2.136953816346018,37.86614893048229,59.99689725317169,80.64153726492525,19.358462735074756,82.27601026926784,32.4894277968349,5.338854984716904,0.0378661489304849,1.6344730043425935,17.72398973073216,2.3112826904376673,167.31216738969513,22.853533372361433,0.916355632514096,0.9014473379660262,180.0823752129804,58.84384575666159,22.5401194646074
1620.75,非储层,2.1801680737891034,36.631742894066065,61.18808903214483,78.51301079972004,21.48698920027997,80.13920295107042,31.430298550136214,5.164812601035785,0.03663174289406587,1.6261921513503765,19.86079704892959,2.2203267016362114,168.3326884499843,22.81432902729416,0.9128432311094369,0.8980080542618136,185.00762251430038,59.334647331352606,23.79702928300162
1620.875,非储层,2.18902905332673,36.520684427251624,61.29028651942164,80.74267510226939,19.25732489773061,82.40570309552449,31.33500958781213,5.149154155012244,0.036520684427252675,1.6630279932550913,17.594296904475513,2.0892962306310467,177.46573017344198,22.942723882636592,0.9035870716769426,0.888926056904334,188.3432861470152,60.03041448201905,23.854677632303094
1621.0,非储层,2.147990476288249,35.19718150856303,62.65482801514872,81.4028377250338,18.597162274966195,83.03034882141554,30.199434576089228,4.962549750965234,0.03519718150856166,1.6275110963817447,16.969651178584456,2.135392117914237,184.9109164746781,23.047137289095275,0.8953987377026892,0.8809421306847018,178.69620061562097,59.86297957834179,23.225425590970644
1621.125,非储层,2.1135651259101853,36.70474452489857,61.18169034919124,81.9813361708766,18.018663829123394,83.61773611357091,31.4929344738035,5.175105306570169,0.03670474452489858,1.6363999426943026,16.382263886429094,2.4540446090934203,177.48141171144016,22.891288999245432,0.8964881172080104,0.8820073886217195,184.03429148341138,56.856733903578586,23.092138716439692
1621.25,非储层,2.0784360597950653,38.31876739800049,59.60279654220445,80.24367513801026,19.75632486198974,81.8809085810925,32.87777769338614,5.402670937216345,0.03831876739800108,1.637233443082229,18.11909141890751,1.9641222044145903,167.02953992289065,22.612403904135366,0.9110307780202773,0.8962323880999066,188.16885731823177,58.51068344393955,21.863634363891748
1621.375,非储层,2.1088644736431217,39.6222105440727,58.268924982284176,79.83204588285092,20.16795411714908,81.46871962936785,33.99614127610322,5.586447057425412,0.03962221054407411,1.6366737465169374,18.531280370632143,2.296851726038765,169.82334932955882,22.061885432301736,0.9337783935950743,0.9184827789726239,175.93583331830058,57.59902701103586,21.91355380369758
1621.5,非储层,2.085927077166639,41.18783840217729,56.72623452065607,81.46391336966397,18.536086630336037,83.10663642869459,35.33946122516872,5.807189338606391,0.04118783840217702,1.6427230590306219,16.893363571305407,2.1596645653716307,181.8002606245619,21.74954892171199,0.948729374248177,0.9331903670650435,168.70560450275337,57.12425097002311,22.096772793953402
1621.625,非储层,2.0592492278994583,40.14198177710643,57.79876899499411,81.34592125693268,18.654078743067316,82.9448060618234,34.44210872786399,5.659731067465332,0.04014198177710593,1.598884804890716,17.055193938176593,2.180467433695626,155.8038391256095,21.616098971576115,0.9440939334033291,0.9288239190270515,173.52821075570807,56.07448572937807,22.1957166728378
1621.75,非储层,2.004369095006305,39.6939524698915,58.30167843510219,83.67520344729206,16.32479655270793,85.29855713137255,34.05769636381956,5.596562153602055,0.03969395246989152,1.623353684080479,14.701442868627456,2.0145044580107974,167.3928519716288,21.498921121796435,0.9303378564049979,0.9156190680594597,181.2862068316098,58.46960590374163,22.105093689586834
1621.875,非储层,1.9670726182768248,40.771146858714665,57.26178052300851,86.14167013845443,13.85832986154557,87.76091493956488,34.981936887541075,5.748438824314879,0.04077114685871325,1.619244801110458,12.239085060435118,2.252013546342873,179.7493827754187,21.500954757885445,0.9151396133527159,0.9008784574163091,189.7209103596873,57.20620176753239,23.296805669171768
1622.0,非储层,1.9819736188839656,41.06461140699798,56.95341497411805,86.55877867326585,13.441221326734155,88.21015568774388,35.233731578093995,5.789815217496992,0.04106461140699763,1.65137701447804,11.789844312256115,2.219642640893451,159.71322088483802,21.42337287880087,0.900550772928814,0.8867245554025528,177.6007850920677,57.356152704900445,23.31177391298078
1622.125,非储层,1.9806188769581152,40.82477472713083,57.19460639591105,87.52609734892225,12.47390265107775,89.16297312368557,35.02794998388218,5.755999968521516,0.040824774727130086,1.63687577476333,10.837026876314425,2.1939871999285483,166.1627064897915,21.433545418479945,0.8957608660932197,0.8820563972100646,177.78547446297387,57.42650609922876,23.204311600621445
1622.25,非储层,1.9458433132093171,39.57514374216241,58.47901294462827,85.21051685644304,14.78948314355697,86.83394778671868,33.95575762195608,5.579810976464162,0.039575143742164726,1.6234309302756469,13.16605221328132,2.3202541872910265,170.00421983039482,21.464937575356657,0.8910956125414917,0.8775575935140548,177.84229864281576,56.949214222625386,23.326454616347586
1622.375,非储层,1.9510442148208036,40.40400962293925,57.64494616223994,87.36152057514201,12.638479424857996,88.96533652487152,34.66693050188635,5.696675111429968,0.04040400962293869,1.6038159497295195,11.03466347512848,2.42572005261171,173.4038009551127,21.4205052818991,0.8962862735011744,0.8825832611918741,185.1665265667265,57.17379561174398,22.021796280232245
1622.5,非储层,1.91884244311047,41.630836024407046,56.450321532482484,85.41806048709297,14.581939512907027,87.0560082534362,35.71955636735037,5.869648821032267,0.04163083602440609,1.6379477663432247,12.9439917465638,2.2900024821075107,171.29026171072047,21.267814777699414,0.9111156799080959,0.8970145559904021,186.8501085987087,57.57821523396012,22.0905795723098
1622.625,非储层,1.9436683554371306,42.59837743648356,55.45795420807931,84.68880774971429,15.31119225028571,86.31294959563895,36.549713849322416,6.00606520972466,0.04259837743648617,1.6241418459246622,13.687050404361045,2.107370869523087,158.52217538579654,20.925154282489586,0.9335943096872935,0.9188538741463403,181.35822656393142,56.263475767100985,22.111626537746602
1622.75,非储层,1.9607617563763617,43.34656747105555,54.692670772568086,82.81740401179162,17.18259598820837,84.48538133365997,37.19166627366758,6.111554629916916,0.043346567471058,1.6679773218683434,15.51461866634003,2.287005495423901,168.34441149594815,20.575417783936242,0.9679693909783136,0.951998948591972,169.4727276129573,55.869437660159036,21.914486951023434
1622.875,非储层,1.9650588100652087,44.37227553480665,53.66266565512814,81.30833727950471,18.691662720495295,83.01459468808295,38.07173116062117,6.2561720986506755,0.04437227553480416,1.7062574085782516,16.985405311917045,2.061416188789844,164.47808113660034,20.45022670662224,0.9903570568428168,0.9735957686143825,182.72891276408575,57.457416282480445,22.137059896223356
1623.0,非储层,2.0003487719491013,43.101451646485344,54.89819958156556,80.12494747849956,19.875052521500436,81.80561163906262,36.9813551353774,6.0769950594614635,0.04310145164648366,1.6806641605630648,18.194388360937374,2.1394022031368167,156.90894714591556,20.4123899786662,1.0119806583248414,0.9942261043891167,175.41289617411513,54.666411492245075,22.122296969999447
1623.125,非储层,1.969621734739905,43.189727909030275,54.84065035622982,78.57583059400525,21.424169405994743,80.2720945184928,37.05709680278047,6.089441378340773,0.04318972790903,1.6962639244875528,19.72790548150719,2.112302350444406,147.96238222399643,20.436701197802904,1.0266527119710498,1.008245913058484,168.304375316554,57.22758878230016,21.966051645622667
1623.25,非储层,1.9360060203501082,43.25578652087941,54.808207458770475,78.07973944623045,21.920260553769555,79.75604785499286,37.11377556628431,6.098755168074229,0.043255786520877276,1.6763084087624205,20.24395214500714,1.9613302116274325,163.79671699559663,20.575724601619143,1.0295514867112514,1.0109399897258877,187.1661395776354,56.41081784550823,22.925021660934696
1623.375,非储层,1.9409479066728432,42.982114474768885,55.076937618558276,78.39151011175997,21.608489888240022,80.07023613408568,36.87896298477664,6.060169375517472,0.04298211447477038,1.6787260223256957,19.929763865914328,2.165447622692433,157.49491549793888,20.504911411508935,1.0469184113290262,1.0277652535142592,171.2354659168137,56.060209356961906,22.817109221941642
1623.5,非储层,1.9904247059728795,44.003190945918455,54.00638434810866,76.29155692744592,23.708443072554076,77.94479367185083,37.75505393200671,6.204133822965828,0.04400319094591959,1.6532367444049085,22.05520632814917,1.9950886076321526,143.10113407939062,20.2875403196276,1.0661273407776806,1.0465431466040065,177.44352283920534,57.85021081564034,22.8219650809685
1623.625,非储层,2.018429652988938,45.578300938383705,52.40326940862735,76.56111949269292,23.43888050730707,78.24016671529701,39.106509620469325,6.4262130169759955,0.045578300938386995,1.6790472226040842,21.75983328470299,2.247172578511381,155.02706955393361,19.996805506331143,1.0872962221775557,1.0673779131057874,166.52929202357944,56.720716730821174,22.96100373898192
1623.75,非储层,2.0530389651441405,46.37445051696625,51.57251051788961,76.71912409146043,23.280875908539578,78.37358915421977,39.789611678096726,6.538464388352555,0.0463744505169672,1.6544650627593458,21.62641084578023,2.2452322978264236,151.58822284155843,19.753734846773565,1.1141595269906952,1.0934612822376437,179.11578411408883,54.454633298195326,22.011954944562827
1623.875,非储层,2.0707790234196075,45.65310461606528,52.27611636051511,74.81972915858923,25.180270841410778,76.517802093161,39.17069171327826,6.436759798170952,0.04565310461606409,1.6980729345717753,23.48219790683901,2.2164146292174927,160.14052511513512,19.564870068401227,1.126898044041826,1.105917487881852,168.90917870721546,54.8116332019184,21.92771019597998
1624.0,非储层,2.043785993146445,46.03123720528265,51.92497680157091,75.77018536445873,24.22981463554127,77.43515622211059,39.49513219117218,6.490073776905186,0.046031237205279574,1.6649708576518645,22.564843777889408,1.9534069007186494,150.10375288769836,19.61098797521882,1.1189477838989923,1.0983335669954417,171.64308571058785,55.61347068984772,21.82858091430144
1624.125,非储层,2.0163025053694708,45.03377467124102,52.94992282338951,77.97821850993665,22.021781490063354,79.6280617256649,38.63930217161332,6.349438724956462,0.045033774671239535,1.6498432157282563,20.3719382743351,2.2460687278295106,152.67574231467663,19.695174172506196,1.102325843240083,1.0821630609007444,166.47969882999482,55.64165455093788,21.916671406827437
1624.25,非储层,2.0423037950380274,45.36032076406526,52.59737544089672,79.8883567246287,20.111643275371303,81.57349906456014,38.91948106502624,6.395479378274947,0.04536032076406654,1.6851423399314496,18.42650093543986,2.0944560573095954,144.6750927311464,19.73802922998608,1.0803613232407194,1.0609371824185183,171.40068554368193,56.55609065045757,21.90473560811715
1624.375,非储层,1.9984277534268493,45.05600086423788,52.945571382335274,79.9761637231131,20.023836276886897,81.69219623242677,38.65837240486824,6.352572458505399,0.04505600086423672,1.7160325093136732,18.307803767573226,2.247328731020722,161.0486722401797,19.951644785958102,1.051614148856717,1.033039215777002,178.55959970024665,55.859340251634855,21.941756120904433
1624.5,非储层,2.047892562640383,43.558348495381516,54.3937589419781,80.41073879216634,19.58926120783365,82.0948856410984,37.37337591388503,6.141414233001108,0.043558348495380955,1.6841468489320568,17.905114358901596,2.262124559660095,154.68310218987486,19.959018726218357,1.038730317469677,1.020542083398627,176.34324777227835,55.85999239127846,22.138272303026028
1624.625,非储层,2.0672085109684297,44.797369596248835,53.13542189278273,81.51328009222199,18.486719907778017,83.21337885532823,38.43646491903544,6.316107307617151,0.04479736959625141,1.7000987631062423,16.786621144671777,2.3439370690645682,174.4006333903672,20.009880530763965,1.0323133032956968,1.014410770018448,174.61837885323416,55.423690061763416,22.0727390161616
1624.75,非储层,2.04345807506867,44.77400178520995,53.18254013972138,80.94992070163852,19.05007929836149,82.60645728622575,38.41641516929955,6.312812614125191,0.044774001785208295,1.6565365845872289,17.393542713774256,2.2644753434729794,155.88502839608654,19.94102007926002,1.0400736545077693,1.0221258094796843,174.5512668409363,56.8758123067779,22.758442620721247
1624.875,非储层,2.031052740781857,45.81863342766779,52.150313831550356,78.87480356461897,21.12519643538102,80.54330962675003,39.31271662272255,6.460098171517573,0.04581863342766612,1.6685060621310577,19.456690373249963,2.340499601157664,155.55381574444482,19.70579129986525,1.0585164378314953,1.0399902110268784,163.83862729173282,56.41822229872906,22.882567139139276
1625.0,非储层,2.0243474697256647,46.172130790049714,51.803521740224625,78.7670040834498,21.23299591655019,80.47960418194573,39.616019899022554,6.509938760237112,0.046172130790049504,1.7126000984959189,19.52039581805427,2.0075638353295653,147.74419768466703,19.672114742942973,1.0652393181376105,1.0463250878397932,170.62746359931992,58.06810962916907,22.621416099262007
1625.125,非储层,1.9721362572991004,45.27301118216902,52.75485256053189,80.07540096751985,19.92459903248015,81.79952561889881,38.84456881656397,6.383169354422878,0.04527301118216892,1.7241246513789659,18.200474381101184,2.066158876919618,153.45615920995075,19.617799871168067,1.0675021505286793,1.0481705750814696,191.59791251686346,56.59452848751845,22.801246185017344
1625.25,非储层,1.968387543629139,45.40212676912733,52.62948568724354,81.12071573105246,18.879284268947536,82.88134180396146,38.955350917686246,6.40137372467195,0.04540212676912708,1.7606260729089953,17.118658196038538,2.0144200959240828,157.8751184598121,19.541277581929656,1.0592496474131345,1.039948887917742,175.51795645678405,55.85157593420709,22.155175720771446
1625.375,非储层,2.0184397589152643,46.529470741663005,51.452089499421724,82.39742176891205,17.60257823108794,84.18622641512972,39.92262014448661,6.56032112643473,0.046529470741664414,1.7888046462176665,15.813773584870273,1.9842928126388406,175.3917342287093,19.555113252967377,1.0491609247088165,1.0300747790699107,163.33623196641727,56.51751166021271,22.113402928672283
1625.5,非储层,2.024209505271289,45.931834280056606,52.04395621467211,81.3637115042758,18.636288495724195,83.13238179482367,39.409843767259446,6.476058678517103,0.045931834280056594,1.7686702905478735,16.867618205176328,1.9986130062517713,134.5469640777224,19.573768014689186,1.051297456540266,1.031948962167332,172.68674847325047,56.375458197149555,21.8898572085386
1625.625,非储层,1.9868077638997153,45.08983369352951,52.923358542570774,79.18870174712553,20.811298252874465,80.96303154297448,38.68740121544128,6.35734264439471,0.04508983369352765,1.7743297958489546,19.036968457025516,2.0917569806299965,154.0786912026066,19.748807975409946,1.0559010674322042,1.0361318856583703,169.91332008453568,57.44458608717653,22.06490403932884
1625.75,非储层,1.9487439164483886,43.65213474167622,54.399121341875386,77.19694758523467,22.803052414765336,78.95689855064626,37.45384518692681,6.15463742000773,0.043652134741678505,1.7599509654115961,21.043101449353742,2.2876124268303397,162.22168059397137,20.135463401733183,1.0583804918694972,1.0381468358185613,174.46613453549895,56.5041740319522,21.9722779987576
1625.875,非储层,1.9604842014689432,42.60643663908623,55.43307915944482,75.8998305071028,24.100169492897194,77.63865493291316,36.55662870304943,6.007201499397716,0.04260643663908867,1.7388244258103518,22.361345067086845,2.212122909333386,170.42495841866887,20.407460912012844,1.0666143278669566,1.045555835320067,165.816805850963,58.01143905105533,22.173622143210327
1626.0,非储层,1.9583904198397755,43.243389805470564,54.79821977468966,75.0619437001012,24.938056299898804,76.85182432792436,37.103139095410725,6.097007320254369,0.043243389805472376,1.7898806278231698,23.14817567207563,2.190420765899612,157.55048719255927,20.590688357019406,1.0731712871640489,1.0516290944417501,175.65187570886494,56.21069850616626,22.098336856481072
1626.125,非储层,1.9672290546787712,43.268598445839345,54.76417249948188,74.76844432592796,25.231555674072048,76.52808846760256,37.1247682899354,6.100561557458102,0.043268598445838496,1.7596441416746074,23.47191153239744,2.020674885412841,142.51559750961485,20.714604699481868,1.077475602342225,1.0555548816383489,182.2477336867789,56.137535514300474,22.122431120910615
1626.25,非储层,1.9377586028194158,42.41302287241451,55.64921852476608,74.31200491922392,25.687995080776084,76.07961036823959,36.39067830184197,5.9799315477001205,0.04241302287241455,1.7676054490156627,23.92038963176042,1.9347794934601659,164.9712861114761,20.872543436043532,1.0726599245223083,1.0507388913001237,180.94091694378565,56.47749328622868,22.004088150879323
1626.375,非储层,1.8834170127631722,40.97171403081234,57.144868956424475,75.03092038531199,24.969079614688017,76.75986788687675,35.154024961991055,5.776717354790479,0.04097171403081162,1.7289475015647537,23.24013211312326,2.354619765636756,152.1414873113998,21.052109218110957,1.0642753083257763,1.0428018035774496,175.54496202428828,57.21070411643637,21.977782070041837
1626.5,非储层,1.9169087971384589,41.33669376075216,56.74639744210938,74.81620809183812,25.18379190816188,76.51170193783426,35.467180192140226,5.828176874851185,0.041336693760753856,1.6954938459961322,23.488298062165747,2.186551687679679,165.8130257225716,21.375641687469,1.050390446111413,1.02935087882924,176.20919308658915,58.356900789335484,22.04644523045865
1626.625,非储层,1.9106357443149011,39.82711087440038,58.262253381284715,74.08369464806525,25.916305351934753,75.77187019587221,34.17194723144213,5.615336532083857,0.039827110874397775,1.6881755478069738,24.228129804127786,2.0277975535477464,155.41983965601622,21.597920809229016,1.0472647893137905,1.0262902467669428,168.6018966849541,56.69260648627974,22.133555666500445
1626.75,非储层,1.901555872189828,40.10005273975232,57.99839138805785,72.18466751593844,27.81533248406155,73.89045598942204,34.406133312613605,5.653819374398965,0.04010005273975131,1.7057884734835964,26.109544010577956,2.345835853353391,160.04093230934086,21.736190391069183,1.0495896022124869,1.028468615087908,180.7947637650779,57.032051631679856,22.02527878844702
1626.875,非储层,1.9120744947755355,39.539195471464296,58.548730033760165,72.612957539307,27.387042460693,74.3157790028096,33.924913747459854,5.574742528532979,0.039539195471465644,1.7028214635026029,25.684220997190398,2.0373686876795722,161.01643014657887,21.943687354890674,1.0469620041887175,1.0258888607751158,177.74025684665202,57.940640326066855,22.127679786342178
1627.0,非储层,1.9644178668653725,39.13385275474387,58.901729378390755,72.82152079331935,27.17847920668065,74.48040100780561,33.5771267847022,5.517592117286921,0.039133852754744125,1.6588802144862562,25.519598992194393,2.145812217842334,167.47164077855487,22.050963451316118,1.0511567893081135,1.0299052196324017,181.97867130700706,59.18673685384452,22.053369481731245
1627.125,非储层,1.921056454841102,38.74226414947256,59.336679395686346,71.6175936606808,28.38240633931921,73.27313702782574,33.24114094837165,5.462380936951439,0.038742264149471684,1.6555433671449504,26.72686297217426,2.1568721813047222,154.68584020328925,22.243771877540052,1.0467275281341426,1.0258181114499034,174.41856572369844,57.988710734892145,21.997616239698075
1627.25,非储层,1.9136259372749702,38.05279618592292,60.03357787680211,70.93005630072206,29.069943699277946,72.5383932859877,32.64957248279831,5.365170906938685,0.03805279618592505,1.6083369852656435,27.461606714012298,1.979977609390292,161.39207795325368,22.470581926573356,1.0424371335551212,1.021759501801734,188.29361213246878,58.36122260954244,22.13569117386535
1627.375,非储层,1.958534120559064,37.119720396909706,60.92174548253123,70.95256187309053,29.047438126909476,72.58462759013506,31.848986753001114,5.233613923511681,0.037119720396910916,1.632065717044524,27.415372409864947,2.14673068524653,169.66806916663023,22.59822794606755,1.0365756233378964,1.0160307131102633,191.35380032785642,56.76653328155177,22.06668341524331
1627.5,非储层,1.9022230828271234,37.78856382882787,60.309213088345004,72.78172704265754,27.21827295734247,74.42316146370148,32.422859222276685,5.3279160427223555,0.03778856382883056,1.6414344210439449,25.57683853629853,2.161800996803955,160.55522948175667,22.741969610512957,1.0181892669604764,0.9984470830655003,184.97960448181348,59.979935158500645,21.93719612385735
1627.625,非储层,1.8921433900196623,37.10199342766494,61.0058631823154,74.85035767121462,25.149642328785383,76.45063196539094,31.83377688604601,5.2311145481912575,0.03710199342766771,1.6002742941763137,23.549368034609063,2.271308842474493,170.9668071531914,22.947754811507114,0.9979814302078763,0.9788623049821323,187.9856341698571,57.61895341183359,21.97789605312084
1627.75,非储层,1.9231723125454039,35.725905515976855,62.35092217147774,73.93449664286756,26.065503357132446,75.55639800361863,30.653083572581092,5.037096037879783,0.03572590551597782,1.6219013607510637,24.443601996381382,2.2526608080239154,165.87157515870206,22.991270720953757,0.9888941260718835,0.9702681870311178,186.14198697092223,58.56825877144724,22.026077877632186
1627.875,非储层,1.9501513904479832,36.592218536575224,61.45763007297679,72.86685198541085,27.133148014589146,74.45420735276447,31.39638636748272,5.15923995055593,0.036592218536576904,1.5873553673536176,25.545792647235533,2.2372718993123497,169.7831166504705,22.968757424575188,0.9819547186464109,0.9638118487946324,196.89286922728166,58.114830098995874,22.061549270951378
1628.0,非储层,1.9017823738966724,37.962892201767694,60.135325424335626,75.00151737748178,24.998482622518225,76.59107566186518,32.57243421856074,5.352495091005191,0.03796289220176774,1.5895582843834122,23.408924338134817,2.2023769702832325,157.45886446534868,22.850046015013685,0.993404617137615,0.9750062802315871,181.61237280124425,56.91879384222257,22.27716687086255
1628.125,非储层,1.9287326976211505,38.42088660109385,59.650380701285,73.14308598640076,26.85691401359923,74.72078744410821,32.965396703221636,5.417069011271123,0.038420886601094745,1.577701457707438,25.279212555891796,2.3080121329584866,172.14059965402726,22.641589089930665,1.005327743676853,0.9868206023548062,178.6676151486592,58.87476307323227,22.096869376241017
1628.25,非储层,1.9457445040299597,37.99418765319737,60.06006784277267,73.16118779759968,26.83881220240032,74.73001935407498,32.59928594070075,5.356907524843421,0.037994187653198064,1.5688315564753066,25.269980645925017,2.2099397201181215,168.1390835858919,22.413585173474516,1.0077045310427986,0.9895064239605476,195.75000154667046,59.81174106241894,22.07460937820477
1628.375,非储层,1.9997410130857356,38.9581510763361,59.04210791057817,75.07793589827001,24.92206410172999,76.61931573427344,33.426373482461415,5.492819442798353,0.038958151076333436,1.5413798360034363,23.380684265726558,2.1300384073519036,172.39211872372147,22.329459968432168,1.007614602025933,0.9897599369204029,183.5214695462896,58.139703088348156,21.944625307074233
1628.5,非储层,2.0586698264139702,38.74593691004669,59.195393263539344,76.139996088506,23.86000391149401,77.68594857799248,33.24429220332782,5.462898769808824,0.0387459369100486,1.5459524894864949,22.31405142200752,2.4059261486418024,162.22655592156363,22.453191027597583,0.9960982501423153,0.9787324280730635,181.67198605544846,58.35848761039459,21.88958866590056
1628.625,非储层,2.114595928795697,36.92405076449734,60.96135330670697,74.83872671194037,25.16127328805964,76.41958322236704,31.681100802782996,5.206025910949847,0.03692405076449745,1.5808565104266779,23.580416777632962,2.074033035626576,156.67982461441355,22.546792797512488,0.9925183768217412,0.9753420217534894,183.2648503729239,59.68700860204433,21.850517897657287
1628.75,非储层,2.1394849091074137,36.88427529346189,60.9762397974307,73.01948777924771,26.980512220752285,74.59508988218076,31.64697316290433,5.200417855264095,0.03688427529346325,1.575602102933051,25.404910117819234,2.3523204846940633,168.67367018607138,22.732013934501733,0.988082860818158,0.9710742716076634,194.209550608923,57.81693226592383,23.085870756791863
1628.875,非储层,2.175694899346193,36.89631921391141,60.9279858867424,74.0050687428447,25.994931257155308,75.53999615259139,31.657306933168478,5.202115961529021,0.036896319213911705,1.5349274097466887,24.46000384740862,2.079672030097053,158.4031145858902,22.91087765298229,0.9893590921497964,0.9722471626222287,191.60885651573653,57.60576367002736,22.98861343101008
1629.0,非储层,2.1357700028581625,36.86240303232087,61.00182696482097,73.51805828846621,26.481941711533796,75.04927261603908,31.628206605724213,5.197334023564332,0.036862403032322105,1.5312143275728713,24.950727383960924,2.1686538371723807,167.02906425093965,22.95092581963479,0.9999274734972365,0.9825406837842663,193.508053682101,59.099301057798755,22.802837860271357
1629.125,非储层,2.121392397051779,36.610856149941675,61.26775145300655,71.43387811882451,28.566121881175487,72.95925434964948,31.4123775736359,5.1618677201558265,0.03661085614994411,1.5253762308249716,27.040745650350516,2.1733339037766335,167.3633152094317,22.98354636019103,0.9965963018402497,0.979610726775896,186.72649613723516,59.37640386441666,23.090746942461706
1629.25,非储层,2.1220227953626423,36.525379967108776,61.352597237528585,73.54627839897435,26.45372160102565,75.02766471556181,31.339038394740342,5.14981619240132,0.036525379967110305,1.4813863165874679,24.972335284438184,2.3776495285811574,168.48401046140188,23.0402739598989,1.0017772340992737,0.9846542007870027,197.14096009431574,57.87118938705454,22.00693412896176
1629.375,非储层,2.152618775898998,36.37379028818326,61.47359093591774,71.88834048884017,28.111659511159825,73.38184174581762,31.208973361265784,5.128443136629292,0.03637379028818416,1.4935012569774502,26.61815825418238,2.2524570244425717,178.07015017458795,22.962018675300886,1.0101132112759865,0.9928017028955989,191.22862965010685,58.189205792906485,22.04817138338892
1629.5,非储层,2.1669673246405377,37.739494261417825,60.09353841394164,72.22141318698458,27.778586813015426,73.73953948182793,32.38075718094374,5.320997586212664,0.03773949426142051,1.518126294843357,26.260460518172067,1.984476166564593,164.79051396324826,22.941005735844264,1.0036044401464816,0.9867724946544005,173.13432663486722,57.90887011438801,21.95531797756969
1629.625,非储层,2.2168854223561842,36.71569311526653,61.06742146237728,73.47049781586385,26.529502184136145,74.96016070065407,31.50232844298928,5.176648979161985,0.03671569311526901,1.4896628847902242,25.03983929934592,2.1358216638768814,167.58288776353237,22.83427715080218,1.0160612659051713,0.9988437209129287,174.1228023206689,57.827921896238145,22.07966145848924
1629.75,非储层,2.162411867244509,37.73198458956559,60.1056035431899,71.49343966927042,28.50656033072959,72.98368560791367,32.37431382854821,5.319938776427822,0.03773198458956323,1.4902459386432596,27.016314392086326,2.24712812684242,167.4091119317683,22.86089238634421,1.0138264753061472,0.9968032276309866,179.28202739382303,58.66419907877929,22.12042423882223
1629.875,非储层,2.214804674128982,36.04435606576239,61.74083926010863,72.1857552394524,27.81424476054759,73.65643776104885,30.926316431911843,5.081995277784788,0.03604435606576334,1.4706825215964328,26.343562238951158,2.0191144400265078,187.53138224080178,23.112846260696514,1.0083553051679546,0.9916135796386737,193.6752728691681,57.94987538283465,22.057213190056725
1630.0,非储层,2.2207097640219544,35.04806710466105,62.731223131316995,70.68973326870982,29.31026673129018,72.13570700986519,30.0714933463662,4.941525691190191,0.03504806710465935,1.4459737411553657,27.86429299013481,2.088642318644462,183.65633632384626,23.121698242052453,1.0123145925079373,0.9955736064189359,178.8164919938066,58.25442053415713,22.184315958169822
1630.125,非储层,2.2601498037304184,36.64340630053052,61.096443895739064,72.28761913314308,27.712380866856922,73.74053082976202,31.440305836667726,5.166457057562269,0.03664340630052873,1.4529116966189435,26.25946917023798,2.156984674216012,171.3683138361531,23.124546499504604,1.0102839982986231,0.993915573153336,182.52509616265422,58.77111519468877,21.86228331800322
1630.25,非储层,2.216315596940687,37.65794834721685,60.12573605584246,72.00260370287184,27.997396297128162,73.42188608268718,32.31079020076777,5.309500198101863,0.03765794834721947,1.4192823798153456,26.57811391731282,2.1871617668368,171.8300533724638,22.819686162845628,1.0285954715291517,1.011967311713792,177.76061822600408,58.47512638108562,22.04535129782029
1630.375,非储层,2.2638401650928164,39.35614417981698,58.38001565509021,71.14183516628928,28.85816483371072,72.58019986248408,33.76785442426299,5.548933611374164,0.03935614417981889,1.4383646961948025,27.419800137515914,2.2816452626607417,168.14070291299691,22.443597497784257,1.039547344499962,1.022868384713429,183.63098815493248,58.48845337596606,22.0857677406956
1630.5,非储层,2.275977830255384,39.02333993069058,58.70068223905404,72.3481421348967,27.651857865103292,73.80150731500663,33.48230598778685,5.502010602973035,0.03902333993069315,1.4533651801099268,26.19849268499337,2.2544249696679066,169.49213106455315,22.068847595438108,1.0563459164590259,1.0393928167368705,188.95520029064835,57.75680343612456,21.875313005478635
1630.625,非储层,2.2821404637708356,40.67198716334277,57.0458723728864,72.58234943486286,27.41765056513713,74.04047143341998,34.896857156590464,5.73445801958897,0.04067198716334042,1.458121998557109,25.959528566580026,2.1823652078124613,175.25069639590868,21.63673939432563,1.0772432378545027,1.0599547617129423,176.3037918191029,57.39629244013958,21.97791012810734
1630.75,非储层,2.3203362497461395,42.26719390002853,55.412469850225335,72.22458609707807,27.77541390292193,73.66750660350965,36.26555599596083,5.959370710167676,0.04226719390002659,1.4429205064315729,26.332493396490353,2.117188819429539,152.05072847322293,21.22803290822219,1.0895289119405844,1.0723869083382682,165.7813392947736,56.461235035549834,22.156953228180836
1630.875,非储层,2.3294368275420836,43.652631690297625,54.017931482160286,73.45480391681197,26.545196083188028,74.86709250851975,37.45427157241385,6.154707486193479,0.04365263169029826,1.4122885917077774,25.13290749148025,2.1435940424861664,151.29973250801865,20.74679093517889,1.1061607290360254,1.0891846694928593,180.50192132239408,56.22361846445283,22.143533900271287
1631.0,非储层,2.3660607020142153,44.095114227593555,53.53882507039223,74.52038999506256,25.47961000493745,75.92464058221368,37.83392476802213,6.21709434534384,0.04409511422759152,1.4042505871511366,24.075359417786313,2.076110602738355,148.08896783915017,20.401239725215362,1.1189034981983148,1.1020392782091417,169.9304096145162,57.58406318084367,22.228485476249176
1631.125,非储层,2.3684265265596203,44.30490524453074,53.32666822890965,74.0717503254672,25.9282496745328,75.49902516312287,38.01392696760462,6.246673371681589,0.04430490524452921,1.4272748376556672,24.50097483687713,2.049621524341085,154.06359952442753,20.240768034793046,1.1150588450080836,1.0987109592663569,167.80626448603698,56.81082226956912,21.980591078202295
1631.25,非储层,2.4090726631780446,43.8294991339038,53.76142820291815,75.3842276411771,24.615772358822895,76.79887776117859,37.606025109569245,6.179644525200655,0.043829499133902355,1.4146501200014863,23.201122238821416,2.178337319269715,142.3047667842854,20.219547925363887,1.1092917257286463,1.0930995989959378,171.04398246419248,56.29344266715498,23.15446916288622
1631.375,非储层,2.385106094923833,43.781042477679264,53.83385142739691,75.19348189216083,24.80651810783917,76.64245577879718,37.564448950436365,6.172812484765225,0.043781042477678,1.4489738866363568,23.357544221202808,2.1981785286298914,166.2238641064572,20.37217198692638,1.0925799799518376,1.0767190407693645,174.7164474221964,57.46124455886737,23.193889493111538
1631.5,非储层,2.4338884701503276,42.314906036771006,55.25120549307867,76.73426092964053,23.26573907035947,78.18546858856358,36.30649335202978,5.966097778704451,0.04231490603677085,1.4512076589230487,21.814531411436423,2.163610781128019,152.00849900046074,20.46732879412688,1.083301017198567,1.0676845912985462,181.75228587647734,58.48236884047803,22.950720068288135
1631.625,非储层,2.449231933952579,43.19010474565887,54.36066332038855,75.07975555639139,24.92024444360861,76.52469888376491,37.05742013131484,6.08949450959837,0.04319010474566065,1.444943327373511,23.47530111623509,2.0908286130919165,154.22456623542234,20.523543308435137,1.083652202190522,1.0680104013807439,168.83746875285215,56.268263836813034,22.97757934500104
1631.75,非储层,2.4648910830776116,43.22634250013907,54.308766416783314,74.52092203248232,25.479077967517682,75.93715765515547,37.08851238497564,6.094603772663296,0.043226342500137654,1.4162356226731578,24.062842344844526,2.2605412522930317,147.9816545537454,20.704336990636595,1.073301096095507,1.0578498909399117,174.22260054201539,56.21804447219402,22.180098501131358
1631.875,非储层,2.397095453075693,41.812106417259734,55.79079812966457,75.38388967619328,24.61611032380673,76.83242001279088,35.87508766658821,5.895206644254266,0.04181210641725844,1.4485303365976052,23.16757998720912,2.1540706265675977,160.7553599356544,20.87926059186279,1.0655316119837375,1.0502028702350628,172.08015301273846,55.88862055811076,22.25201046986661
1632.0,非储层,2.4167329638024406,40.44496687910992,57.13830015708764,76.47529052360669,23.524709476393312,77.91489679594949,34.70207212190047,5.702449790330338,0.040444966879111394,1.4396062723428096,22.085103204050505,2.066344081606695,135.22196780327988,21.040370952527322,1.0511439088724837,1.0360338129524425,180.84388483379087,54.529611214526156,22.02571757670632
1632.125,非储层,2.444104669294268,41.38369670382778,56.17219862687796,76.67520716223851,23.3247928377615,78.15697441042163,35.507509054948464,5.834803952175481,0.04138369670382974,1.481767248183129,21.843025589578367,2.127889594499013,166.15386006812884,21.29221523051971,1.034105886498879,1.019178867535866,173.42212757471313,56.50217663616545,22.057732009753142
1632.25,非储层,2.5053617899708556,40.43459449858169,57.06004371144746,75.56989838702698,24.430101612973022,77.04555597375676,34.693172544896434,5.700987359186674,0.04043459449858122,1.4756575867297792,22.954444026243237,2.2469742185943904,160.69206788990203,21.4639314916824,1.0287545185388383,1.0139643254092807,192.15775106434359,58.675045580371034,22.012323645458785
1632.375,非储层,2.5717570590369796,39.893596611835214,57.5346463291278,74.54071443474767,25.459285565252333,76.00541948032307,34.22899247176677,5.624710543456605,0.0398935966118355,1.4647050455754005,23.994580519676934,2.114288813696829,176.2152657690263,21.532352598635605,1.0342776774550657,1.019113087166903,183.11656325228967,57.48128014973243,21.865556882796295
1632.5,非储层,2.5133996595841506,39.74874564509949,57.73785469531636,74.07580814318331,25.92419185681669,75.57373208014721,34.10470930175913,5.604287597695266,0.03974874564509831,1.4979239369639048,24.426267919852783,2.2312355456885746,161.62215669389005,21.719497369529574,1.0393321185366118,1.0236446327550626,183.3592834208479,57.08305884367972,22.23085444994514
1632.625,非储层,2.5222868497453987,39.47479198886251,58.00292116139209,72.86583198053577,27.134168019464223,74.40844566513522,33.869655096740004,5.565662100133647,0.03947479198886175,1.5426136845994411,25.591554334864785,2.156507337442169,176.8661312262964,21.79492783300267,1.0489559475269261,1.032735060754903,169.32368872379408,56.74023823487312,23.127535440370448
1632.75,非储层,2.5331759422812685,39.75152647171484,57.715297586003885,72.07978621860588,27.92021378139412,73.58769645499845,34.107095270971385,5.6046796742717415,0.039751526471713816,1.507910236392568,26.41230354500155,2.2020242085009873,157.78592964227138,21.83832051663799,1.0593838524015646,1.0426600772090275,188.52831827817835,57.96707455556678,23.189601703879337
1632.875,非储层,2.5201760834365987,39.59029834112632,57.889525575437084,71.30606293312115,28.69393706687885,72.77291186405998,33.96876037673138,5.581947666053811,0.039590298341124486,1.4668489309388248,27.227088135940026,2.1516738892554397,166.59442455309147,21.994480596416835,1.0621522731714037,1.0453439349840044,182.07617374054246,58.4735344691637,22.835957978297984
1633.0,非储层,2.5709337419593843,38.14685288012141,59.28221337791921,71.41000136761171,28.58999863238828,72.87231228790033,32.730273802084334,5.378432225156956,0.038146852880120014,1.4623109202886155,27.127687712099668,2.022933444984717,168.9250766032707,22.161632596625985,1.058262724084595,1.0417370749059707,181.26176560462676,57.473909926604755,23.159235037099386
1633.125,非储层,2.6121887198160656,37.670316507322546,59.71749477286139,71.81093660450315,28.189063395496838,73.29342352285806,32.32140217098611,5.3112440198291075,0.0376703165073225,1.482486918354911,26.70657647714193,2.2795875792509284,169.8024487992092,22.396480032747725,1.0437834656717997,1.0278291087309772,186.26748007854496,57.56650769906632,22.06592300072586
1633.25,非储层,2.6567940203534595,37.113258087869525,60.229947891777016,72.93924723361305,27.060752766386955,74.41232130291904,31.843442045422133,5.232702784359526,0.03711325808786886,1.4730740693059947,25.58767869708096,2.0716551739394125,163.66826326814706,22.47158521491985,1.028880404931006,1.0136773782392394,188.77114675813516,58.833318504118445,22.0156139058884
1633.375,非储层,2.6790312380115715,38.56932744321012,58.751641318778304,74.22946853839146,25.770531461608538,75.66745664656129,33.09276001209395,5.4379981036729665,0.03856932744320807,1.4379881081698278,24.33254335343871,2.0663860769936804,169.54349609924182,22.31903259056307,1.0298718179791726,1.0149071958737026,183.07431877459783,57.419760731016744,21.984175005548142
1633.5,非储层,2.690725151662068,39.66151274111861,57.64776210721932,73.07202419934765,26.927975800652348,74.53606256820817,34.02986284349905,5.591988384878439,0.03966151274111748,1.4640383688605045,25.463937431791837,2.3929075681747385,161.67521868412743,22.097891848310113,1.0299431456060824,1.0153344296411326,178.44367271322798,58.47755546871541,21.860522710501897
1633.625,非储层,2.7163565519766864,39.88193706422163,57.40170638380169,74.58350315869302,25.41649684130698,76.05928324142585,34.21898849615703,5.623066631000374,0.039881937064221995,1.4757800827328293,23.940716758574155,2.09500325038143,170.0981021414777,21.79112080116726,1.046661215754213,1.0318372058598013,175.4463274650576,58.06796060352193,22.0053870239448
1633.75,非储层,2.795613036325266,40.37949025040059,56.82489671327414,72.47259018322765,27.52740981677235,73.9572227147058,34.64589270411132,5.693218056038873,0.04037949025040358,1.484632531478149,26.042777285294207,2.4110962551410147,174.99781099940984,21.75033689314635,1.053831072187229,1.0386439189626584,177.70820170206406,57.39704199873245,22.254838277777168
1633.875,非储层,2.8401496490966154,38.984958528487404,58.17489182241599,72.86488434340136,27.13511565659864,74.39127183200218,33.449374468980686,5.49659910097823,0.0389849585284853,1.526387488600821,25.608728167997818,2.1244391523914974,175.29970099869703,21.700227737269408,1.05883691151907,1.0434659624917915,175.1491933573261,58.682089427615665,22.105828473935116
1634.0,非储层,2.8375468866781897,40.15381041086206,57.00864270245975,72.45892294639769,27.541077053602315,73.98032902375013,34.452257780598245,5.6613988198529475,0.04015381041086452,1.5214060773524543,26.019670976249863,2.3003147371649604,168.80972758083945,21.646498512763824,1.0668101739007536,1.0513385529547088,173.35615038495254,56.617322602225144,22.060282737330887
1634.125,非储层,2.8748257732133893,40.442084275667455,56.68308995111916,73.22888091412023,26.771119085879768,74.71425531868915,34.699598827439424,5.7020433639523604,0.04044208427566934,1.4853744045689161,25.285744681310852,2.32700822397534,160.6344729778841,21.562526080024806,1.0664596137175706,1.0512294958772297,178.91339698807823,57.37367839548734,21.962484316093974
1634.25,非储层,2.903825019145857,41.17410190324197,55.922073077612175,73.65852231013184,26.341477689868153,75.1410238052645,35.32767521040498,5.805252590933739,0.04117410190324286,1.4825014951326496,24.858976194735504,2.2831312618553756,170.96533777712628,21.31338513290224,1.0751126978660688,1.060113772622137,174.97444397645705,57.33197389066165,21.906214325330634
1634.375,非储层,2.8746222506628345,41.614160408793474,55.51121734054368,73.88570235656306,26.114297643436945,75.34443938105603,35.70524856936332,5.86729767902136,0.04161416040879343,1.458737024492972,24.655560618943973,2.1414384886470765,165.79196422225556,21.254106147271635,1.073686864136377,1.0590681933188006,177.47114119851125,56.608507737799854,22.19431661863797
1634.5,非储层,2.9052884870598503,40.70708407528984,56.3876274376503,73.5885896043026,26.4114103956974,75.06020948666556,34.9269705591625,5.73940643205206,0.04070708407529003,1.4716198823629507,24.939790513334447,2.3365640503907166,168.27450671868547,21.32902686879504,1.0696459186212768,1.0552174371133234,184.70651560204382,56.200795793659836,22.048872563074625
1634.625,非储层,2.959284206760952,39.58478601657297,57.45592977666608,73.30407678251125,26.695923217488758,74.78288878008308,33.96403076266638,5.581170467890009,0.039584786016575585,1.4788119975718346,25.217111219916923,1.925477100226821,169.61466436900304,21.36669632719135,1.0670175826537052,1.0527804135730106,168.9213765753287,57.4254277578959,21.906876405463475
1634.75,非储层,2.959267303278184,40.72972818022619,56.311004516495636,73.83605377311191,26.16394622688809,75.29859172815928,34.9463993638636,5.742599088182362,0.04072972818022491,1.4625379550473674,24.70140827184072,2.1531198682736927,163.64356126348815,21.49408815997091,1.0613220667531928,1.0473151456133953,172.81579877765975,55.09116227594872,21.934512241832874
1634.875,非储层,2.9912928581232587,40.18628070240563,56.82242643947111,73.67259117990523,26.327408820094778,75.12339851149635,34.480117523995546,5.665976897707679,0.040186280702404764,1.4508073315911154,24.87660148850366,2.257450695774686,179.6876010986819,21.397606737284526,1.0713640860922393,1.0574421041080073,168.95565729893173,55.962451929918174,22.093606312934085
1635.0,非储层,3.0478010488103724,41.739712278889726,55.212486672299896,72.39116444461149,27.60883555538851,73.81537925055154,35.812972975817715,5.884999590793124,0.041739712278890395,1.4242148059400548,26.184620749448463,2.2772733971702928,174.44362163258083,21.268564968191654,1.0763368252585581,1.0627766049583685,183.6692127179278,55.964942530723306,21.849291291397737
1635.125,非储层,3.0087863079647557,40.93803115342429,56.053182538610955,73.7141846970927,26.285815302907288,75.0970969498295,35.12512481122849,5.771968311042382,0.040938031153423676,1.382912252736787,24.9029030501705,2.147196371915236,161.90437303546474,21.141289842062747,1.0862141800623837,1.072583822635345,182.672898664932,57.07135834033022,21.929957775265972
1635.25,非储层,2.9247615827606053,42.16520074179354,54.91003767544586,73.05538578485817,26.944614215141826,74.467331774407,36.17804513351927,5.944990407532476,0.042165200741793585,1.411945989548825,25.532668225593003,2.3862875730894584,168.93066399173728,20.865727315512125,1.1128915854200685,1.0988326584630683,166.91674932241105,56.4875843626973,22.064271927687116
1635.375,非储层,2.9627646164415693,43.323455250074986,53.713780133483446,70.88943940032044,29.11056059967956,72.27359251884312,37.17183582203778,6.108295972787126,0.0433234552500765,1.3841531185226634,27.72640748115689,2.2209910062544296,168.78819378511366,20.701303755168176,1.1222099776154195,1.1081343768120828,176.82353453105978,58.217945383186134,22.088094479701635
1635.5,非储层,2.9876173503396704,43.55119727262831,53.46118537703203,72.36764821839026,27.632351781609742,73.74289577739013,37.3672401133914,6.140405961964281,0.04355119727262671,1.3752475589998707,26.257104222609872,2.2054638514587146,160.19719755867362,20.365594886722757,1.1562987500623558,1.1414472920714862,166.08690498177958,55.13614234367937,22.00335380951363
1635.625,非储层,3.0441964489971083,44.726712596199114,52.22909095480378,70.26097081412918,29.739029185870812,71.64878510681532,38.37584070542262,6.306145178180299,0.04472671259620059,1.3878142926861419,28.35121489318467,2.006296250635215,154.15265664717785,19.995748065642537,1.1950934450132582,1.1796655917747318,163.71279983542934,55.386193108090325,21.978973569593617
1635.75,非储层,3.0251889898359026,46.298738810969695,50.6760721991944,69.45758637233173,30.542413627668264,70.82014468680097,39.72465049047065,6.52778958168808,0.04629873881096952,1.3625583144692468,29.17985531319902,2.12330913896088,157.93316441445737,19.77437655634385,1.2118552055164535,1.1962545611889772,169.1558703503019,55.91692074644826,21.920453137423586
1635.875,非储层,2.960477103130806,45.7525958848668,51.286927012002394,70.22449082104681,29.775509178953186,71.57774568592752,39.25605593661338,6.450787352368553,0.04575259588486813,1.3532548648807177,28.42225431407247,2.091778006091917,155.00755453997985,19.581857797048755,1.226840251351039,1.2111243787379933,153.9692219614518,55.24316373850773,22.11842493614984
1636.0,非储层,3.0333336534099784,45.648179337749774,51.31848700884025,71.6396463724561,28.3603536275439,72.99170243479378,39.166465789102425,6.436065369309593,0.045648179337751116,1.3520560623376827,27.00829756520622,2.170191128956902,155.12347043963518,19.500243267151625,1.2265011744738534,1.2109508750272353,158.92557469279322,52.84693020407495,22.971196706421992
1636.125,非储层,3.052311824802376,45.54469781658395,51.40299035861368,71.43810800408616,28.561891995913836,72.82048090865968,39.07767790057444,6.421475218192918,0.04554469781658521,1.382372904573519,27.17951909134032,2.140989972090674,157.9035447526258,19.537082379629606,1.2138670848230377,1.1986091753341062,170.0956827460735,54.493531443304654,24.234671686858427
1636.25,非储层,3.0151972721750155,45.79528208366778,51.189520644157206,71.58490850878955,28.415091491210454,72.9701621193138,39.292681001824306,6.4568057997598,0.0457952820836674,1.385253610524248,27.029837880686202,2.149692042848451,157.4077537180495,19.440348710239153,1.2083611881989216,1.193174512590293,155.99358890312564,54.71023864598527,24.081776233557914
1636.375,非储层,2.9383763783557773,46.680692620398546,50.38093100124568,72.73870342246535,27.261296577534655,74.14975696871898,40.05236960275605,6.581642325022094,0.04668069262040164,1.4110535462536313,25.85024303128103,2.2106250175010147,155.38370543966155,19.446991358517526,1.2111052758457386,1.1953117802899436,171.91500704382736,55.56243397367391,24.191734592596795
1636.5,非储层,2.9680444616416866,45.63854743953851,51.393408098819805,70.9391555546254,29.0608444453746,72.38923846571868,39.15820155124566,6.434707340853309,0.045638547439540156,1.450082911093275,27.610761534281323,2.052423541311214,151.21580834173963,19.455898233836542,1.2125078494502006,1.1963764045586343,175.07769948175462,54.83120490334995,23.12805678817175
1636.625,非储层,3.0256191985352556,45.48059168389488,51.49378911756987,71.0061362095514,28.993863790448604,72.44519327127476,39.02267437821574,6.412436713995243,0.04548059168389684,1.4390570617233707,27.554806728725232,2.200524149566804,159.81885532191998,19.59322099792562,1.2104764170046587,1.194130421876192,158.59442865086635,56.53571565422365,22.087666820791537
1636.75,非储层,3.0085640625870975,44.38534661198804,52.60608932542487,70.16393335610309,29.83606664389692,71.56829816441791,38.08294623873992,6.258015026636132,0.0443853466119859,1.4043648083148232,28.43170183558209,2.2001158959098115,146.55042250191997,19.73277428166339,1.2229195675227587,1.2059018395854804,171.17494836063284,55.54028014961238,22.088744374507307
1636.875,非储层,2.998271928873693,45.368649548413984,51.63307852271232,68.24611931715351,31.753880682846493,69.67223704336469,38.926627221827935,6.396653677037636,0.045368649548413464,1.4261177262111837,30.327762956635308,2.1169236674003087,146.4941845198672,19.70584409820501,1.2446059788385346,1.2268914285750838,167.86648580019514,55.81563343023945,22.245887680491375
1637.0,非储层,2.956916340397322,46.13562668411889,50.90745697548379,66.94764174926786,33.05235825073214,68.37085349593846,39.584699113903774,6.5047919435310035,0.046135626684117026,1.4232117466705927,31.629146504061545,2.194213382269121,146.28323920723872,19.588958583919766,1.2753849818562824,1.2566229721655429,170.0726137978361,55.48091029116631,22.229183049715928
1637.125,非储层,3.0139625264673486,46.97944556778811,50.006591905744536,66.49024254978133,33.50975745021867,67.93344550670793,40.30870177773177,6.623764344488555,0.04697944556778938,1.4432029569265898,32.066554493292074,2.0644144825062556,142.48709207920047,19.33400329974866,1.304783808540151,1.28534022059456,162.00035348742628,54.789998972034425,22.052980264208156
1637.25,非储层,3.0185359001737444,47.263867503145605,49.71759659668065,67.67985567990902,32.32014432009097,69.07993306636715,40.55273784143601,6.663865794206453,0.047263867503144485,1.4000773864581195,30.92006693363285,2.095443537403358,144.66348815510705,19.041691688652104,1.3182902391091975,1.2988341465308038,171.88315754290625,55.19190696057467,22.166353034166494
1637.375,非储层,3.016894278668298,48.45252384540258,48.530581875929116,69.58269632976192,30.417303670238084,71.01103623129077,41.572613521899505,6.83145779965767,0.04845252384540477,1.4283399015288583,28.98896376870922,2.3667396073977804,146.77858701285123,18.69971653828342,1.320117240065477,1.3011519370794948,166.47432459407273,54.39065113779919,21.87748811957402
1637.5,非储层,2.977023138405833,49.60231332241073,47.42066353918344,71.35060708257566,28.649392917424343,72.7880967001792,42.559141152776306,6.99356985631201,0.04960231332241105,1.437489617603539,27.211903299820804,2.2458374652385924,137.27109112115173,18.353273099979177,1.3278311370189164,1.3089762947878474,164.43261459639828,54.446047002463104,22.047975955376508
1637.625,非储层,2.9653463478267317,50.572710417998046,46.461943234175216,69.88408108712242,30.11591891287757,71.36320243885189,43.39174883171465,7.130388875865398,0.05057271041799816,1.4791213517294506,28.63679756114812,2.1759920307892693,152.60811887819327,17.95836076594638,1.3357285325012926,1.3169317212380056,158.6236582966303,54.47625108189691,21.934965003676968
1637.75,非储层,2.9053811147099093,51.375181802816705,45.719437082473384,71.82598797121487,28.174012028785135,73.2712284409288,44.08027504450583,7.243531576508054,0.05137518180281658,1.4452404697139223,26.728771559071205,2.0126116755772023,127.45693737948751,17.637496262918727,1.3560678247321918,1.3371347303924181,155.1426257929041,53.98147172293858,21.802985315818635
1637.875,非储层,2.941191440595082,51.91394949573833,45.144859063666594,70.44919177419537,29.550808225804627,71.85176471129189,44.542541595313004,7.319493950929592,0.05191394949573824,1.4025729370965176,28.14823528870811,1.945432213660635,129.8573362932758,17.421303639641202,1.3847454952770797,1.3654299581179092,154.2286794180347,54.33352804258914,21.980697242744927
1638.0,非储层,2.9413119186902446,52.066442793612765,44.99224528769698,69.212708526052,30.787291473948,70.58481619594906,44.67338194033695,7.3409944104822005,0.05206644279361211,1.3721076698970627,29.415183804050937,2.0508163555351184,133.58642587685966,17.176712697545057,1.4074979612499348,1.388469774012359,148.47414505850847,54.61596765127098,22.177560772525695
1638.125,非储层,2.966489885738927,53.24117285598682,43.79233725827426,69.5163461643658,30.483653835634193,70.86924927053514,45.68130877262037,7.50662291051046,0.053241172855986174,1.3529031061693235,29.13075072946487,2.1502278198551097,133.50847509682168,17.059223307165745,1.4258531453099828,1.4066980022163216,152.64858485692318,55.04336996998444,22.228716179967172
1638.25,非储层,2.935891456907034,52.711689598269864,44.3524189448231,70.24237272111769,29.757627278882314,71.63184848913792,45.227008333914284,7.431969574757304,0.05271168959827127,1.3894757680202448,28.36815151086207,2.2581645424310026,144.10005364286516,16.98827625197133,1.4261430691773138,1.4069879680629205,165.23960305558447,52.91688307092335,22.10215915681491
1638.375,非储层,2.859203819681053,52.66996590299253,44.470830277326414,71.47115207775252,28.52884792224748,72.87633016151631,45.191209103640865,7.4260868334486725,0.05266996590299333,1.405178083763785,27.1236698384837,2.134387859881879,144.8887921765163,16.85508249895541,1.43295598324499,1.413280507671148,148.84154873890256,54.101501142586805,22.017953963807138
1638.5,非储层,2.785320056314289,53.53613919665232,43.67854074703339,70.00675764274571,29.99324235725429,71.44123491595347,45.93439201182545,7.548211045630217,0.05353613919665129,1.434477273207756,28.558765084046534,2.1088438894583708,142.69176550838665,16.875249496891875,1.4226099478226861,1.4022968293753266,143.16607577292527,54.780623011105874,22.086543133028258
1638.625,非储层,2.7230575007994173,53.06231759654354,44.21462490265704,70.94649860001526,29.05350139998474,72.42188679683623,45.52784967519711,7.481405603749885,0.053062317596541675,1.4753881968209719,27.578113203163767,2.2721899399958834,144.79977823298398,16.92974264170137,1.4063397972096932,1.385671568425162,144.17177211941905,54.14092049787257,22.14457832695285
1638.75,非储层,2.7440987466997964,52.10865511881191,45.14724613448829,72.3547330028261,27.645266997173902,73.86452461310142,44.709600418593396,7.346946045099696,0.05210865511881407,1.5097916102753197,26.135475386898577,2.125110142490962,131.64839747847256,16.872199985877394,1.4003184969011555,1.3794519494398798,150.83126089485214,53.5746013248961,22.12119845435468
1638.875,非储层,2.767579385054003,53.237418650902256,43.995001964043745,73.50803657204624,26.491963427953756,74.99957218581217,45.67808763768919,7.506093594562167,0.053237418650904644,1.491535613765922,25.00042781418783,2.0030592610890086,131.02032841959743,16.77333613192754,1.3915194599415146,1.3709810220122143,155.1726692450485,53.249194550692366,21.920082713115523
1639.0,非储层,2.813513870359741,54.436797723720254,42.74968840592,73.21059556397385,26.789404436026143,74.69920914744783,46.70716349800163,7.675197427994905,0.0544367977237184,1.4886135834739762,25.30079085255217,2.153366556389572,137.95626134813776,16.56799303604576,1.393659039313339,1.3735711866310263,150.79763889617828,52.78375745905469,22.07691594020994
1639.125,非储层,2.7710206920725686,55.118718424778336,42.1102608831491,73.94299567928934,26.057004320710664,75.41577858527407,47.29225635814085,7.7713433482127074,0.055118718424777835,1.4727829059847308,24.58422141472594,2.0403998502536465,125.46108051628096,16.289440111219342,1.4134482677704963,1.393445534757333,155.11509634419627,52.34867551057326,21.91120437901222
1639.25,非储层,2.7162572195351733,55.099853333141404,42.18388944732342,73.16155641684216,26.838443583157844,74.61102321727638,47.27606997399748,7.768683505810781,0.05509985333314038,1.4494668004342297,25.388976782723617,2.09950948109024,136.54132361061926,16.230637774233053,1.4204474065763837,1.4002906895069396,148.648086310823,53.14837120722463,23.114919454610504
1639.375,非储层,2.6350226962149166,53.9631514619255,43.40182584185959,73.09428546074398,26.90571453925602,74.54818792448025,46.30077160290627,7.608416707557293,0.05396315146192626,1.453902463736266,25.451812075519754,2.2198917614092535,130.42975376912077,16.390181503695217,1.4074985650248115,1.387617659416409,152.45637691320036,53.541338151523945,23.18394190927386
1639.5,非储层,2.7019905038685055,52.78102654840367,44.516982947727826,73.03509400688954,26.964905993110467,74.46153869387958,45.286499935216575,7.441745586638697,0.052781026548405496,1.4264446869900316,25.538461306120432,1.9896209821058342,145.14999103152158,16.61627202820128,1.3860010550044723,1.3666391503833404,146.66155865360108,53.06401474772473,23.02686533230991
1639.625,非储层,2.7516241463643656,52.66861191282025,44.57976394081539,74.34242366664033,25.65757633335968,75.76397122421005,45.190047370346555,7.425895930560876,0.05266861191282196,1.4215475575697276,24.236028775789954,2.148627912920376,143.56232818177358,16.822029309203074,1.3628772955684052,1.3441723530120755,141.74275145112836,52.77932917596406,23.188702556238
1639.75,非储层,2.80451187109506,52.781292371718926,44.414195757186015,74.20217941546137,25.797820584538623,75.62645465169689,45.28672801353062,7.441783065816584,0.052781292371720245,1.4242752362355129,24.373545348303104,1.95534445244822,150.08898993628506,16.888579272228853,1.3431548363976333,1.3254015567709179,155.46164469224058,54.05718146146292,22.154762909754023
1639.875,非储层,2.7605437360654914,53.04708987872898,44.19236638520553,75.94489020340848,24.055109796591523,77.35452477256702,45.5147841839227,7.4792586049275505,0.05304708987872858,1.4096345691585357,22.64547522743299,2.1085422329085075,136.93759537182873,16.905732828087757,1.3254710345981184,1.3082858187393236,156.40198624051823,51.96486015722952,22.071818174523692
1640.0,非储层,2.697854451453707,52.445153069545384,44.856992479000915,76.36568291676281,23.63431708323719,77.79774439455134,44.99831807758241,7.394389838893425,0.052445153069544115,1.4320614777885428,22.202255605448652,2.0669689730260714,132.7910285856596,16.90655591362164,1.3196342954463225,1.3025302437728834,156.2980392570639,53.04350355063742,22.10133479127158
1640.125,非储层,2.6224306886468804,52.6787537018494,44.69881560950372,75.49921538626118,24.500784613738812,76.90819211877478,45.19874909818791,7.427325849959641,0.052678753701847214,1.4089767325135878,23.091807881225222,1.9061815305634036,138.53617706868548,16.8455197587533,1.3198523608700004,1.3027644583216476,154.94036783495287,52.216279449376906,22.205032843054465
1640.25,非储层,2.6630973948238554,53.47605884319457,43.86084376198157,75.13826602225187,24.861733977748123,76.53840537182053,45.88284263696673,7.539740147384655,0.05347605884319373,1.4001393495686523,23.461594628179473,2.0562716577995714,146.00274682064415,16.847964221248198,1.316412797241108,1.2995148964630538,142.79906972015223,51.45508533972205,22.012878137681092
1640.375,非储层,2.683401107021722,53.03590275768455,44.28069613529373,76.61629761422115,23.383702385778847,77.98217418277163,45.50518555370301,7.477681301223855,0.05303590275768516,1.3658765685504715,22.017825817228378,2.078076021150588,144.4818341618631,16.88404152342993,1.3215079048347875,1.3046772334719652,141.10102396552705,54.14908158591011,22.075636420786864
1640.5,非储层,2.7156430579807687,52.12434512431764,45.160011817701594,74.70751932505047,25.292480674949523,76.0732943582715,44.72306255602771,7.349158223165607,0.05212434512431724,1.3657750332210168,23.926705641728507,1.9860214300584684,140.74044067473255,17.005223619133783,1.3135437455574608,1.2971111906325667,155.24714619522564,54.78449397802549,22.002003799575807
1640.625,非储层,2.6745230031489178,51.35511077569785,45.97036622115323,75.2161044577164,24.783895542283595,76.56267717728961,44.06305395905605,7.240701705866109,0.0513551107756971,1.3465727195732162,23.43732282271038,2.1637237414370323,142.8226452732896,17.089952006862127,1.3023036259106773,1.2861512155725745,162.03634779681508,54.3535424586447,22.01383875396402
1640.75,非储层,2.605654595761443,52.55320718624093,44.841138217997624,76.04499967781636,23.95500032218364,77.41574514279867,45.09102928592251,7.40962469313219,0.052553207186238626,1.3707454649823092,22.584254857201323,1.874283854082267,141.71348587457754,17.07312246806119,1.305065892084362,1.2888283531650595,157.12351355780146,54.98311034239079,22.740335158925784
1640.875,非储层,2.612953933747402,53.27328152577901,44.11376454047359,76.30461018441935,23.695389815580647,77.65330530764022,45.70885824195725,7.511150002295987,0.053273281525777205,1.3486951232208721,22.34669469235977,2.1335422041189243,131.38954223581501,14.790810754890359,2.1145029625975975,2.203864363835451,128.27012445606792,50.946307428488545,22.97509319200941
1641.0,含油水层,11.094134069154709,76.76035887370922,12.145507057136067,54.01874977942951,45.98125022057049,55.027635593944005,62.99846353574371,7.31567201683871,6.446223321126802,1.0088858145144965,44.972364406055995,2.050102548050382,122.22728752224768,12.382432031261173,2.947085805482806,3.1395084334935337,105.68347203906232,48.752338168414525,22.810532412614215
1641.125,含油水层,10.797019761890216,77.27441930679625,11.928560931313541,54.51547850759644,45.48452149240356,55.54962789901216,63.42036121736194,7.364664720631121,6.489393368803185,1.0341493914157147,44.45037210098784,2.2663400309687023,122.96390273515136,10.086124642510743,3.7773642741838493,4.0733391947999795,82.3327064417563,44.78350155589088,22.803457577379405
1641.25,含油水层,10.816817332084675,77.2695241913319,11.91365847658343,54.44924090102009,45.55075909897991,55.492512887858226,63.416343717214616,7.364198189992817,6.48898228412446,1.0432719868381382,44.507487112141774,2.35157500164756,107.33363475263866,7.945281887454148,4.604816069249326,5.003747667151525,65.41530126139327,42.46481830595837,22.257188316921283
1641.375,含油水层,11.13357210990815,76.60316773377998,12.263260156311862,52.85190932716307,47.14809067283693,53.898417560634,62.86945423403804,7.300690861975075,6.433022637766876,1.0465082334709357,46.101582439366,2.4642696938626782,110.0862749395642,8.02457023166824,4.6201462058044305,5.015595390487237,72.26770261780592,43.40898300354215,22.292873223382493
1641.5,含油水层,11.304138637722032,76.23428545206883,12.461575910209145,52.158868014521744,47.841131985478256,53.229641313959355,62.566706600828084,7.265534411100974,6.402044440139773,1.0707732994376147,46.770358686040645,2.5463659980527704,110.19361627418309,8.12851175093719,4.6684760725654675,5.062957915063642,71.49901847823743,42.52817924268969,21.771763956269933
1641.625,含油水层,11.090183365751265,76.70602039858281,12.20379623566592,51.41611093324232,48.58388906675768,52.46803361566613,62.953867073532386,7.31049327005127,6.44166005499915,1.0519226824238168,47.53196638433387,2.268189826437612,113.08538840195087,8.260125375088535,4.737234590158847,5.132787929301258,63.90294900953114,43.629415530119644,22.06098791750102
1641.75,含油水层,11.2577753300291,76.56303217177698,12.17919249819393,50.48561214058789,49.51438785941211,51.55413859652814,62.8365143315098,7.296865728636283,6.4296521116309,1.0685264559402536,48.44586140347186,2.2261290438362975,106.71310111432327,8.329040107950139,4.86305112932381,5.267835589087528,55.83158470746852,43.42377902103526,22.08434277543014
1641.875,含油水层,11.52488728549124,76.5689878555271,11.906124858981654,49.04061443692475,50.959385563075244,50.13604087941241,62.84140225714052,7.297433337094492,6.430152261292091,1.0954264424876596,49.86395912058759,2.4639818546482646,109.77925140824168,8.28737655152112,5.0151708423546815,5.428796504298553,59.77107258977135,46.25298943606525,21.950889978805613
1642.0,含油水层,11.21519131986901,77.16578651713537,11.619022162995622,49.54057735897657,50.45942264102343,50.65838624340107,63.33120453624876,7.354311435796422,6.4802705450901845,1.1178088844244978,49.34161375659893,2.3226883327742494,119.99277112643553,8.315468700335108,5.141346422785994,5.562197849533506,69.11840655823404,43.18597355136951,21.93762192914119
1642.125,含油水层,11.298641477746198,76.9593352623941,11.7420232598597,48.36645597145527,51.63354402854474,49.48506674322175,63.16176666448053,7.334635528996183,6.462933068917384,1.1186107717664857,50.51493325677825,2.178651556053228,106.08168759359343,8.275505880207312,5.237570017322838,5.670475457004821,81.99807106358132,42.58665406032989,21.89053079107493
1642.25,含油水层,11.379941722993635,77.18128989419239,11.438768382813965,49.43362858055458,50.566371419445424,50.57419978986165,63.343928407639396,7.355788990400995,6.4815724961520065,1.1405712093070692,49.42580021013835,2.3285577472435577,109.10559689911973,8.20707024015036,5.231160477444283,5.674353099757821,65.45388005792174,43.84897921877172,22.09213348329513
1642.375,含油水层,11.60662409180727,76.98600343411852,11.407372474074203,50.68815229829462,49.31184770170538,51.832376317883956,63.18365366277754,7.337177148140325,6.465172623200657,1.1442240195893383,48.167623682116044,2.2552928167738444,110.12316594936709,8.1788423483986,5.189913736536144,5.653483399931609,68.75922487339015,44.26398128957308,22.194057151297024
1642.5,含油水层,11.787870568565491,77.06053690808376,11.151592523350738,51.67722920344116,48.32277079655884,52.8408708330971,63.24482448598222,7.3442805861362634,6.471431835965282,1.1636416296559478,47.1591291669029,2.3112128643340686,117.0333771767679,8.111024002699814,5.089066464227768,5.564390139875769,67.48787121052658,42.54725470521801,22.08971053290352
1642.625,含油水层,11.574443333060895,76.95668703648784,11.468869630451275,52.22657236953505,47.77342763046495,53.38511777369579,63.15959322280259,7.334383138928693,6.462710674756552,1.1585454041607406,46.61488222630421,2.380622817823948,105.74427265988601,8.113239095817349,5.028235507708169,5.502976962531535,59.528867574484266,43.16422838758676,22.016482093309097
1642.75,含油水层,11.486152793017698,76.90495228475154,11.60889492223075,50.75892520955507,49.24107479044493,51.91636092159386,63.11713367833705,7.329452540881361,6.458366065533143,1.1574357120387861,48.08363907840614,2.27229918646861,102.45082554868131,8.145191321552128,4.974459589310916,5.4377460247323,47.38944451730771,45.58966642173281,21.84275521381122
1642.875,含油水层,11.484176237954603,76.57785049260518,11.93797326944022,51.01695425382743,48.98304574617257,52.153459784240084,62.84867596621362,7.2982779937248,6.430896532666763,1.136505530412656,47.846540215759916,2.3614042527740553,108.12894340230535,8.169009035207011,4.929014674080046,5.3659848948221605,72.3419494204717,44.45197540236991,21.993394022192074
1643.0,含油水层,11.161680204236326,76.86189689724279,11.976422898520886,51.42011732555481,48.57988267444519,52.548128044658746,63.08179742796267,7.325349132583201,6.454750336696915,1.1280107191039346,47.451871955341254,2.329987807550699,108.91189854298459,8.184182487801099,4.894296400746933,5.314260092677663,63.95610188242563,43.500305417645116,22.064229172512096
1643.125,含油水层,11.167287680320761,76.8039191391731,12.028793180506135,52.214926117108384,47.785073882891616,53.36370724922407,63.03421414759206,7.319823542701487,6.449881448879557,1.148781132115679,46.63629275077593,2.1846505394332807,118.94248692374337,8.147828286708101,4.813754170075829,5.230154265767325,58.78381784569104,45.09282085352412,21.835453259984515
1643.25,含油水层,11.406483719717677,76.82263035870778,11.77088592157454,53.22231640392284,46.77768359607716,54.404704376713774,63.04957074699911,7.321606821820543,6.451452789888139,1.1823879727909274,45.595295623286226,2.3626251664816396,127.67313552445854,8.074222622866206,4.787594902849489,5.206937784847869,67.53178540422681,43.56710607910943,22.17462281424881
1643.375,含油水层,11.384556644815893,76.97766801050487,11.637775344679234,53.037653436682966,46.962346563317034,54.23055591195516,63.17681264629085,7.33638273776792,6.464472626446106,1.1929024752721955,45.76944408804484,2.415539363699675,128.7284263885791,8.053793160708889,4.798457742359231,5.236965616182003,56.58026588731184,44.2281808501038,22.082482230962608
1643.5,含油水层,11.681203697260294,76.91814332839758,11.400652974342142,52.20932755155607,47.79067244844393,53.38363316788215,63.127959780433564,7.33070971776654,6.459473830197468,1.1743056163260803,46.61636683211785,2.408740653214227,129.94839470100317,8.023974781999588,4.822017312076984,5.290769920867685,62.70607882666425,43.548853298726016,22.03843537191794
1643.625,含油水层,11.94678888573333,76.91069923600881,11.142511878257869,53.185209557152035,46.814790442847965,54.382277467595266,63.12185029384712,7.330000256018597,6.458848686143094,1.1970679104432265,45.617722532404734,2.2256626090146843,130.01623729284717,8.066281004372458,4.885818886902182,5.374965915784984,57.38199729914032,43.20810853892388,22.097905024758614
1643.75,含油水层,12.04250756268513,76.66778013148401,11.289712305830859,51.62916398282302,48.37083601717698,52.814240956215194,62.92248267007506,7.306848768435646,6.438448692973299,1.1850769733921744,47.185759043784806,2.370813595817932,120.21335591812475,8.138330133348823,4.9647684218170145,5.4654410046361415,68.51082262603332,45.19866708213009,22.077388361336695
1643.875,含油水层,11.848077840504006,76.72069650034665,11.431225659149353,50.346693495002114,49.653306504997886,51.5283445078517,62.965911986758194,7.311891980903659,6.442892532684788,1.1816510128495852,48.4716554921483,2.1119015921760376,120.44967706401093,8.181623833673314,4.996435070056358,5.5030562016379045,70.64390956371304,44.00149092592932,22.088978707209726
1644.0,含油水层,11.937889399991656,76.70651577951382,11.355594820494527,50.932869360553035,49.067130639446965,52.08392350695414,62.95427364064562,7.310540482498787,6.441701656369411,1.1510541464011042,47.91607649304586,2.4108672905881177,112.63387520203261,8.228333985325193,5.025613864421171,5.52995082059186,57.99401526132597,44.11694378874326,21.859025522575866
1644.125,含油水层,11.950584864965947,76.73587905051369,11.313536084520365,51.60453528810406,48.39546471189594,52.73410762009152,62.978372550350024,7.313338958992754,6.444167541170909,1.1295723319874627,47.26589237990848,2.30302780341758,118.20250076605332,8.220406617595126,5.046942311326824,5.543768905972831,65.56326273088152,43.57299009237282,22.145119013278602
1644.25,含油水层,11.715182259635307,76.888523556198,11.396294184166699,50.98905344069112,49.01094655930888,52.122759014861096,63.10365035606099,7.327886795338805,6.4569864047982,1.1337055741699746,47.877240985138904,2.2054058804169703,124.90813699005875,8.17566391632297,5.071197411463679,5.576282482898007,71.46183053157856,42.98810841894417,22.09752328909461
1644.375,含油水层,11.801928105585455,77.1313167740907,11.066755120323835,50.763077897266975,49.236922102733025,51.89602615350526,63.30291466264541,7.351026285253623,6.477375826191681,1.132948256238286,48.10397384649474,2.376898700553356,107.91045363186184,8.167766935112558,5.1278481025059905,5.640136851598253,66.60762684453726,42.732088350358254,22.03626585487922
1644.5,含油水层,11.98609541995563,76.97355792517739,11.040346654866989,50.02569452452445,49.97430547547555,51.17506648534312,63.173439433027745,7.335991024692859,6.464127467456779,1.1493719608186843,48.82493351465688,2.263836761994659,118.06115485518815,8.111110257777224,5.236221693220258,5.7535219803401345,58.00402815666025,43.863857331459265,22.083421073944393
1644.625,含油水层,11.631838835529958,77.60825004198762,10.759911122482425,50.27399763115127,49.72600236884873,51.39173555275668,63.694341481480635,7.396480571985049,6.517427988521933,1.1177379216054117,48.60826444724332,2.46534742831772,106.89784121476488,8.042358877628082,5.308801650951306,5.849334484591058,70.93712246718806,44.222912915538316,22.037788336576224
1644.75,含油水层,11.886509213215382,77.58796740149636,10.525523385288254,51.22967539234091,48.77032460765909,52.35311898632023,63.67769519157077,7.3945475280591655,6.515724681866423,1.1234435939793215,47.64688101367977,2.3798862031247676,97.85183765003146,7.961746798361084,5.309625062100235,5.864695431354864,65.01055231886237,44.36064737086376,21.858696689396652
1644.875,含油水层,11.858301537502731,77.64609022382419,10.495608238673071,52.54667470539802,47.45332529460198,53.70092923195966,63.72539752851579,7.4000869433391685,6.520605751969233,1.1542545265616382,46.29907076804034,2.3429844431681714,118.040689407173,7.899053996758788,5.309346904402797,5.881181123929073,77.7622360670274,41.626158931999385,21.86215787674952
1645.0,含油水层,12.152091373795242,77.34545691025988,10.502451715944867,51.55318000082111,48.44681999917889,52.71276331648499,63.47866292330934,7.371434983504139,6.495359003446414,1.1595833156638813,47.28723668351501,2.3690268717458585,106.3388325667912,7.880801953106426,5.359068089231874,5.951603697657926,65.60556540183731,44.7940054914897,22.142198013898543
1645.125,含油水层,11.973286140525987,77.82582087257134,10.20089298690268,50.18480313009236,49.81519686990764,51.32905659095357,63.87290536833687,7.4172162337294205,6.535699270505043,1.1442534608612114,48.67094340904643,2.2056676277581504,120.53332895657245,7.922112348419157,5.450525663646486,6.055357366149418,77.46501657511784,42.28305172047463,21.981713362637876
1645.25,含油水层,12.175707504326468,77.58016502497239,10.244127470701148,49.053902035877044,50.94609796412295,50.195637872907305,63.671291655420724,7.393803919920293,6.515069449631363,1.1417358370302575,49.804362127092695,2.3591368088481444,109.6679544527972,7.980729772663909,5.545024408458405,6.1625966804827295,60.06965799931878,43.263090777335194,22.200837166954187
1645.375,含油水层,12.203792581374655,77.53912161297035,10.25708580565501,49.933685062089985,50.066314937910015,51.09216494164098,63.6376066657681,7.389892263629669,6.511622683572574,1.1584798795509994,48.90783505835902,2.336554759354851,105.8586828617534,7.993083545271402,5.665063868826477,6.279082499476029,57.5404710606015,43.554927149297285,21.980991329998798
1645.5,含油水层,11.91281882998677,77.74774216775046,10.339439002262765,48.81026376598963,51.189736234010375,49.99661634857401,63.8088249170369,7.409774916305295,6.529142334408272,1.1863525825843753,50.00338365142599,2.3796665177175345,118.76915715940676,7.983601164297982,5.743009231386659,6.3460921491228675,47.29815860495077,43.70017066804,22.12144462198985
1645.625,含油水层,11.57989408749479,78.231396631827,10.188709280678207,48.526586067452676,51.47341393254732,49.69714569955056,64.20576792989013,7.455869768916461,6.569758933020416,1.1705596320978846,50.30285430044944,2.5584178824437607,116.94619654480937,7.973731883986189,5.822332661226377,6.40952186246531,61.794327625423385,44.50168736545547,21.912345944582743
1645.75,含油水层,11.681836810463116,78.0011688076539,10.316994381882985,47.273699136068444,52.726300863931556,48.44322805966752,64.01681624442517,7.433927828108551,6.550424735120179,1.1695289235990778,51.55677194033248,2.451259028534187,102.40293545963034,7.949261847555641,5.868514718907847,6.425664704314373,71.97055656926206,44.5335400227392,21.985384400117717
1645.875,含油水层,11.369497193742117,78.03389227737175,10.596610528886133,48.54297439099376,51.45702560900624,49.74373753134393,64.04367292336768,7.43704654948012,6.553172804523955,1.2007631403501706,50.25626246865607,2.3922888543952876,113.70858083158316,7.876162122622394,5.857045284741984,6.393002308278414,65.73587779473444,45.04283018032022,21.752704257713837
1646.0,含油水层,11.125090804219028,78.36885613351512,10.50605306226585,49.56499873754152,50.43500126245848,50.740210684663836,64.31858315811213,7.468970393310398,6.581302582092591,1.1752119471223117,49.259789315336164,2.3855661083210236,115.5197984382573,7.835545597847411,5.751742851018927,6.271624181848163,69.15798519099502,43.2966408451844,22.091345108893915
1646.125,含油水层,11.190266500102558,78.23876668333799,10.570966816559471,50.78028281568244,49.21971718431756,51.9360938574013,64.21181664993499,7.456572174173452,6.5703778592295325,1.1558110417188627,48.0639061425987,2.2223798851123266,112.17715069414507,7.6910421041668,5.651885734111493,6.15633877844367,64.54056295116561,43.113104074116094,22.037691682838208
1646.25,含油水层,10.8920155601942,78.813486677305,10.294497762500805,51.146343187608764,48.853656812391236,52.335845447463,64.68349861070804,7.511346057973288,6.618642008623656,1.189502259854231,47.664154552537,2.420155036848352,112.76569871844035,7.56089381152538,5.60999000642652,6.119764740518351,61.23953258720803,42.31940500879586,22.0222416462361
1646.375,含油水层,11.036403781965332,78.82996463344763,10.133631584587032,51.79164073967728,48.20835926032272,53.00788052347982,64.69702233485978,7.5129164951679055,6.620025803419953,1.2162397838025423,46.99211947652018,2.388911015682035,107.51202588469123,7.468355389272906,5.634552524612515,6.152717745305415,59.881456448714914,43.55065855688953,22.115634798979105
1646.5,含油水层,10.920170466489095,79.10659952488821,9.973230008622687,50.97204377758621,49.02795622241379,52.16644768520455,64.92406104829004,7.539281277249274,6.643257199348887,1.194403907618347,47.83355231479545,2.382637415728289,91.17497635887808,7.37410392145015,5.741046493719606,6.277910707982917,69.82631626721208,43.801080464788825,21.94496171880386
1646.625,含油水层,11.083430024443258,79.23091393926002,9.685656036296729,50.893426762243934,49.106573237756066,52.07979725895261,65.02608789151593,7.5511291046416105,6.65369694310248,1.1863704967086792,47.92020274104739,2.3863175991059316,108.17299238549644,7.308422215583272,5.794195976482982,6.342320503380913,62.56769934386581,42.44069990845297,22.06928201493452
1646.75,含油水层,10.773643547493991,79.44964621514474,9.776710237361263,51.59591158328961,48.40408841671039,52.753364407176036,65.20560499524763,7.571975458324011,6.672065761573108,1.1574528238864341,47.246635592823964,2.1229619299595583,101.06890209776418,7.212759795535895,5.835661527719602,6.380850104795349,68.04507561160123,43.69070778404027,22.140884992319748
1646.875,含油水层,10.459579627750735,79.74859034421691,9.791830028032361,52.58204826981302,47.41795173018698,53.74022637796385,65.45095325951985,7.600466429858545,6.697170654838512,1.1581781081508276,46.25977362203615,2.3540250546917796,115.29741521950437,7.122217008058883,5.810148504306596,6.35371189339529,70.94082482234268,43.87506153921889,21.918485360311287
1647.0,含油水层,10.495193204163982,79.73174157221348,9.773065223622545,53.076739586581766,46.923260413418234,54.20342771555763,65.43712520081539,7.598860651932644,6.695755719465439,1.1266881289758648,45.79657228444237,2.283091690830546,111.42214701201826,7.041446277037258,5.827254535298941,6.363026816759109,74.94170157882714,42.66248507146568,22.00452559496212
1647.125,含油水层,10.528928830994163,79.9535434319899,9.517527737015934,51.79673690490253,48.20326309509747,52.954185910158216,65.61916156151396,7.619999553348138,6.714382317127805,1.1574490052556865,47.045814089841784,2.3304577363713674,102.9541537000465,7.0041483052188545,5.866946470930349,6.406614031336681,73.25380807788416,42.78884901446228,22.098217910776423
1647.25,含油水层,10.632286048877114,79.85246964138015,9.515244309742728,51.62424243147977,48.37575756852023,52.77005294965777,65.53620867273678,7.61036668147978,6.705894287163599,1.1458105181779932,47.22994705034223,2.320570782651516,107.65471803984714,6.997490820000951,5.874825214186238,6.417819823355932,70.3841275668944,43.33592144323501,22.22687835333394
1647.375,含油水层,10.49447657386947,79.80717670406516,9.698346722065375,52.65251707996179,47.34748292003821,53.8087363896264,65.49903602917787,7.606050022739024,6.702090652148258,1.156219309664613,46.1912636103736,2.505361354498969,110.22409229760073,7.010486396016031,5.906961504045992,6.45277705499619,63.102232491349525,44.13170488761983,22.086558297499668
1647.5,含油水层,10.558019534686409,79.73415574499988,9.707824720313715,52.25611412096688,47.74388587903312,53.37915763568702,65.43910655132606,7.5990907354882244,6.69595845818559,1.123043514720151,46.62084236431298,2.2662937197118547,94.30400161660569,7.034066169442796,5.878299394078292,6.426747070021227,70.99629232370646,43.33197212974302,21.874212808382524
1647.625,含油水层,10.690127047961095,79.67475145192294,9.635121500115963,51.9583743818179,48.0416256181821,53.06711958198609,65.3903524906861,7.593429189204186,6.690969772032658,1.10874520016819,46.93288041801391,2.1650742791991178,119.54821175320238,7.041018257825904,5.810807665581381,6.347459824888792,62.654628173890465,44.406311752206975,21.99443685169678
1647.75,含油水层,10.465162673519105,79.64671300484095,9.888124321639943,52.43725992431144,47.56274007568856,53.53715617021481,65.36734088532089,7.5907569755027,6.688615144017362,1.0998962459033632,46.46284382978519,2.425695692120688,103.14644918623993,7.0326790653368265,5.730646500135141,6.252935334532619,55.76749628108939,43.81372343635198,22.068547846533633
1647.875,含油水层,10.182641368684354,79.69320657705221,10.12415205426344,53.999238897337875,46.000761102662125,55.07963648143872,65.40549890928762,7.595188061159143,6.69251960660545,1.0803975841008466,44.92036351856128,2.227268843626186,109.20897641325874,7.032716764597698,5.562636224612371,6.067699459643718,57.086538295694474,45.150381631310495,21.952418440018853
1648.0,含油水层,10.398043645569881,79.201415953504,10.400540400926129,55.36119629523131,44.63880370476869,56.45187075835284,65.00187841924019,7.5483177891121525,6.651219745151654,1.0906744631215306,43.54812924164716,2.364040060447818,96.59402875549898,7.045029797938648,5.428202574885397,5.919436821346064,71.99694985459632,43.62477958866272,22.22946268723193
1648.125,含油水层,10.659683692715106,79.1491630965107,10.1911532107742,54.142485558410314,45.857514441589686,55.26546313012,64.95899365744086,7.543337812867714,6.646831626202131,1.12297757170968,44.73453686988,2.207431649938919,107.49986115982531,7.00808708274641,5.330741606310561,5.8175742927861105,65.28789161885841,43.605401965592876,22.43554336400823
1648.25,含油水层,10.405081578803106,79.56557837791051,10.02934004328637,55.15570620037451,44.84429379962549,56.29440998718508,65.30075238949881,7.583024412386258,6.681801576025443,1.1387037868105716,43.70559001281492,2.398168834191191,107.43240130643478,7.039060181464177,5.30644581149129,5.7927752164626956,73.97389151088541,44.079159265784284,22.048941323103186
1648.375,含油水层,10.358375696463847,79.3527661137235,10.288858189812649,53.9363854555721,46.0636145444279,55.046403135606226,65.12609393476957,7.562742267425023,6.663929911528914,1.110017680034124,44.953596864393774,2.483823880247438,109.40545195887618,7.07428138046965,5.36654233850747,5.843562147437252,73.3300221769334,44.156625317311445,22.129866495453452
1648.5,含油水层,10.223413085635519,79.23575514380718,10.540831770557293,52.99373993549709,47.00626006450291,54.13028352838265,65.03006114610473,7.551590497281681,6.65410350042077,1.13654359288556,45.86971647161735,2.3578780884492816,106.22792636423374,7.095552887785591,5.335751375390339,5.801038381441901,62.38241750933791,43.69634226984368,22.003409179674087
1648.625,含油水层,10.498146444008526,78.94318884277997,10.558664713211499,54.0583702136293,45.9416297863707,55.18736362394937,64.78994726808894,7.523707366810442,6.6295342078805914,1.128993410320062,44.81263637605063,2.2824246229625595,103.69010843423965,7.192363030929046,5.260315665789332,5.716843588383853,74.8982385909389,42.85297973243094,21.996212628026345
1648.75,含油水层,10.677779842455237,78.57808744034035,10.74413271720441,54.73468497968012,45.26531502031988,55.84425789709558,64.49030266342675,7.488911253916669,6.598873522996934,1.1095729174154645,44.15574210290442,2.2102094341925276,96.16074280562191,7.236917446159122,5.118928108004029,5.567451776186136,73.96429331570849,44.482534211578724,21.97344133513367
1648.875,含油水层,10.586724918034692,78.44504718067734,10.96822790128796,56.22123461664136,43.77876538335864,57.347297967987664,64.38111437835168,7.476231806881632,6.5877009954440195,1.1260633513463043,42.652702032012336,2.150106313980041,122.01064865841646,7.273520706081648,4.932778412746359,5.379273084666087,74.30063406281293,42.848627929873544,21.9538774878511
1649.0,含油水层,10.606741232255432,78.15244161967352,11.240817148071034,56.769538310969025,43.230461689030975,57.866051623259196,64.14096827904042,7.448344934725018,6.563128405908089,1.0965133122901727,42.133948376740804,2.2877052108466756,121.57812629072484,7.330563204876577,4.821627704798368,5.252980384287177,65.1126415516332,42.2207063485329,21.857384442742095
1649.125,含油水层,10.434887358908957,78.14764853181158,11.417464109279456,55.14321620148378,44.85678379851622,56.22567291797312,64.13703451459058,7.447888127861939,6.562725889359062,1.0824567164893477,43.77432708202688,2.4421990300193515,111.12690765446926,7.370569355769854,4.75628546785189,5.1702280970040935,73.17109231870921,42.795935554421376,21.953064891762725
1649.25,含油水层,10.435493111059921,78.11522055692076,11.449286332019316,55.00538361009539,44.99461638990461,56.11723255069696,64.11042035301456,7.444797568725003,6.560002635181195,1.1118489406015717,43.88276744930304,2.1398449315094408,110.40043335070511,7.458743832393264,4.7146424604617625,5.118045603472069,73.1877954211617,42.58341745091441,22.143176862067627
1649.375,含油水层,10.640276176957904,77.67273884064691,11.686984982395181,55.237088450591756,44.762911549408244,56.31579479904346,63.74726847778983,7.402626698796776,6.522843664060309,1.0787063484517072,43.68420520095654,2.198658006957864,108.19592776097652,7.498111197469272,4.682342529541555,5.08135381380282,64.96780412644353,42.86213018164047,21.73397418601022
1649.5,含油水层,10.674387331696913,77.72824251163111,11.59737015667198,56.73601977875475,43.26398022124525,57.81849739122935,63.79282123501899,7.407916494970331,6.527504781641784,1.0824776124745976,42.18150260877065,2.2968706248544635,104.0353599007227,7.469588206824626,4.598482928126565,4.995817295176514,70.50472142492094,43.29486526306293,22.101003205203302
1649.625,含油水层,10.464525247205216,77.94582681102837,11.58964794176642,57.964794837377454,42.035205162622546,59.07746110498719,63.97139617594756,7.428653440364539,6.545777194716264,1.1126662676097325,40.92253889501281,2.4148591829079056,113.900724594412,7.472775344669847,4.529437476968219,4.916472220887505,63.239760511772076,41.79058499492365,22.03040140082529
1649.75,含油水层,10.226270337479638,77.84921384433606,11.924515818184304,56.43684680235423,43.56315319764577,57.551961004327445,63.892104357246474,7.419445708831425,6.537663778258167,1.1151142019732143,42.448038995672555,2.327024915862377,99.29494182764829,7.4139954142245,4.472950121836929,4.849562922297602,73.81492368245708,43.803392991209975,21.875425869511396
1649.875,含油水层,10.17949819784895,77.9388878995298,11.881613902621254,57.58290711860292,42.41709288139708,58.67470566568408,63.965701299458786,7.427992125052545,6.545194475018463,1.0917985470811542,41.32529433431592,2.3051764701947377,107.90003863395027,7.429572692612406,4.44171321286714,4.80316635604489,63.720835703807936,43.189805049356586,21.9476834663882
1650.0,含油水层,10.254226768554174,77.60358659141282,12.142186640033003,56.76154235439243,43.23845764560757,57.83084341131356,63.69051411244149,7.396036120247558,6.517036358723775,1.069301056921128,42.16915658868644,2.3719414365735125,97.98916455240028,7.464982057456632,4.472917950254734,4.824580690519355,72.84949107452634,44.86488339911118,21.95406532247438
1650.125,含油水层,10.148359562763606,77.95738532084356,11.894255116392838,55.9822124626861,44.0177875373139,57.040235964571316,63.98088243122052,7.4297550280597,6.546747861563333,1.0580235018852187,42.959764035428684,2.330723421025548,117.94198893938243,7.4715123931998315,4.5089624501867185,4.867422972223497,61.579218648931054,44.1526573758447,21.96497558105605
1650.25,含油水层,10.345256275433416,77.94237588682336,11.712367837743237,55.51710066139196,44.48289933860804,56.546190921175764,63.9685639468402,7.428324548863649,6.5454873911195115,1.0290902597838052,43.453809078824236,2.2193119699938655,116.32075505571098,7.483495792501694,4.520654334812194,4.882362794177836,66.39868928050593,42.775643423576746,21.99993441517692
1650.375,含油水层,10.26153262725485,77.89598208052305,11.84248529222211,57.092620170841656,42.907379829158344,58.11950593916335,63.93048780236435,7.42390297143116,6.541591306727547,1.0268857683216903,41.88049406083665,2.444295339242553,120.84988892139636,7.396559551782158,4.530353755920353,4.897853660388918,57.37088651624143,42.537302699177076,22.73001206556131
1650.5,含油水层,10.059035881124307,78.29674585861571,11.644218260259988,58.400474606194365,41.599525393805635,59.39870621258281,64.2594010934311,7.462097899122661,6.575246866061951,0.9982316063884458,40.60129378741719,2.2048258917596093,113.70026530355905,7.349501416644179,4.456324461165746,4.831358349508644,68.0580824992027,43.359491299590175,22.570134525949364
1650.625,含油水层,10.355543425969412,77.8574425019638,11.78701407206678,59.35557459877189,40.64442540122811,60.365396845811716,63.89885774916797,7.42022994383536,6.538354808960473,1.009822247039822,39.634603154188284,2.5308843910432275,107.22407167924504,7.272991952713406,4.344651997688083,4.71570246888727,73.85665580980567,41.64354962967753,22.53429862780267
1650.75,含油水层,10.136215712436314,77.98469157318762,11.879092714376075,60.18071664762841,39.81928335237159,61.18901142046014,64.00329311256485,7.432357459693543,6.549041000929219,1.0082947728317317,38.81098857953986,2.3635147827040788,110.37193706297342,7.200277640016079,4.3206319785810425,4.687088185043207,66.75776001517764,43.52422488073908,22.541084168529895
1650.875,含油水层,9.879998310042616,78.38523406222836,11.734767627729015,59.11721794939242,40.88278205060758,60.15165346511628,64.3320247881406,7.470531297356958,6.582677976730817,1.0344355157238665,39.84834653488372,2.45500956336886,106.72261964588968,7.1951946583537385,4.3579835170037065,4.726133142668371,63.899616525555395,43.74727801313246,21.94850836784814
1651.0,含油水层,10.059076228142011,78.49692766394192,11.443996107916071,57.51157621528969,42.48842378471031,58.55346466556842,64.42369352703099,7.481176293921657,6.592057842989271,1.0418884502787318,41.44653533443158,2.323610655248715,123.494463466603,7.122168449399526,4.418888830944128,4.7822903973061,64.86541499872756,44.692087326179696,22.136994153965265
1651.125,含油水层,9.787612729777836,78.81456468352914,11.397822586693016,58.89091361330186,41.10908638669814,59.9098643040185,64.68438334778848,7.511448797721822,6.618732538018833,1.0189506907166352,40.0901356959815,2.476698069011552,115.22276543519578,7.061093339532583,4.481854689533842,4.852747794325233,60.86492558566024,43.218710283888484,22.244981559745423
1651.25,含油水层,10.048473827499963,78.71870320270608,11.232822969793968,59.81764144988533,40.18235855011467,60.85155895627721,64.6057082856506,7.502312686804155,6.610682230251311,1.0339175063918822,39.14844104372279,2.553649965092772,114.60661667491128,7.012966922586858,4.497552933701878,4.87167746741269,68.2690199482825,43.61906762222175,22.152774090291704
1651.375,含油水层,9.780994029887125,78.80969036791883,11.409315602194036,59.78718241961322,40.21281758038678,60.817243510016425,64.68038291841657,7.510984249420656,6.618323200081615,1.0300610904032155,39.182756489983575,2.270753367978835,115.60732984214563,6.988229439781899,4.466190515604826,4.837192932057169,72.07772176684523,45.49509962475341,22.116344906047143
1651.5,含油水层,9.929349992890186,78.55789557025406,11.51275443685574,58.81737265089784,41.18262734910216,59.86935418741327,64.47373087025102,7.486986860894993,6.59717783910805,1.0519815365154324,40.13064581258673,2.4087560143759625,96.70961744555368,7.0300267508889185,4.476954962623179,4.852053148747364,64.61229550631182,42.91760488345601,22.016206375662236
1651.625,含油水层,10.107469807295248,78.47862470751053,11.41390548519422,57.88308923220454,42.11691076779546,58.954144075719604,64.40867199573206,7.479431924456022,6.590520787322456,1.0710548435150578,41.045855924280396,2.0617913176054157,136.68742707484114,10.557570084525334,3.5916293368407644,3.865088698634944,85.57888034346097,45.06607842605982,22.072914131127305
1651.75,非储层,0.587596960522237,42.557114523946204,56.855288515531555,93.67323228985204,6.326767710147962,95.15543580479273,36.99476719896781,3.1159685317665593,2.4463787932118413,1.4822035149406896,4.844564195207268,2.3032786576319393,129.60366211213613,14.093653382909356,2.7105472726643356,2.8899556150700385,106.75854305837046,50.92790755796845,22.13346801543669
1651.875,非储层,0.6003580325528226,42.48918680275885,56.91045516468832,94.01059783941372,5.989402160586277,95.50502451522192,36.935717842360965,3.110994965207311,2.4424739951905727,1.4944266758081934,4.494975484778085,2.2041562155575543,124.81917625271875,17.44895711270301,1.8315043427691953,1.916349991906903,140.42739255635922,52.95518957994638,22.044176639658794
1652.0,非储层,0.5920155027244878,44.07640728901174,55.331577208263774,92.68566674458981,7.3143332554101885,94.1701878794005,38.315483670923385,3.2272088848647718,2.5337147332235874,1.4845211348106881,5.829812120599498,1.972816294655793,150.0737288719247,20.635926985410087,0.9346968440841803,0.9209150675832654,140.85619815079713,57.64509778700547,21.883868014597514
1652.125,非储层,0.5849921886266306,45.68735767237489,53.727650138998484,93.14908929947906,6.85091070052094,94.64458184495649,39.71587782518572,3.345160272240256,2.6263195749489037,1.4954925454774322,5.3554181550435125,2.0396923986076674,158.43280230659545,20.365987602641304,0.9474693971472267,0.9335547248475881,148.54809962983546,56.71191809021212,21.99736452371665
1652.25,非储层,0.5824573542344045,45.4818636135903,53.9356790321753,93.5032092856355,6.496790714364497,94.95917277332067,39.53724247947334,3.3301143033628913,2.614506830754071,1.4559634876851726,5.040827226679323,2.097162399565715,156.00664564821614,20.0842086482519,0.9616405323047615,0.9474796927440328,141.6053339668061,55.684743145816896,21.9649051738201
1652.375,非储层,0.5852606371307255,45.55408930237101,53.86065006049826,93.48276157141575,6.517238428584249,94.98217776904906,39.60002804593189,3.3354025607070117,2.6186586957321074,1.4994161976333111,5.017822230950941,2.0168180221533394,152.61798131431937,19.928652712058536,0.970834041555245,0.9564857881830122,155.10688955483465,57.72037956058047,21.961315278486815
1652.5,非储层,0.5862291661728422,45.76972957385712,53.64404125997003,92.00374982448834,7.9962501755116655,93.49680725187591,39.78748346276618,3.3511914201644415,2.631054690926497,1.493057427387567,6.503192748124098,2.097516045044955,153.61750106368956,20.02524615400644,0.9745950142870297,0.9600180723073519,158.83044605797514,57.93139522087303,21.9444704252654
1652.625,非储层,0.5874421726470692,44.67249332354031,54.740064503812626,89.90892435868038,10.091075641319613,91.4193522390346,38.83365940545378,3.270853416374806,2.567980501711722,1.5104278803542177,8.580647760965398,2.132251387112807,155.8382855899162,20.21748942710685,0.9740383041700298,0.9591068674528981,157.84820487689413,57.27521381644601,21.902204443841583
1652.75,非储层,0.5948701718936998,43.424636430952155,55.98049339715414,90.16885617002313,9.831143829976874,91.71939798711725,37.748901292613446,3.1794871935246922,2.496247944814019,1.5505418170941219,8.280602012882754,2.416377965592858,163.01641215296388,20.43137243535725,0.9668149544962907,0.9518176977334327,145.91602311691986,57.88649914357061,22.033168961784074
1652.875,非储层,0.5995856851745254,43.23960085928168,56.16081345554379,92.37596991924966,7.624030080750344,93.93253151979948,37.588050446073424,3.165939164598572,2.4856112486096844,1.5565616005498204,6.067468480200522,1.9719020997808692,154.33683798537785,20.66742089345376,0.9481943904106058,0.9335053416391333,148.4577009742469,56.03157823405214,22.049466881127852
1653.0,非储层,0.5982366677372241,43.17636580972801,56.225397522534756,95.08537231450566,4.914627685494333,96.6185803501163,37.53308041431207,3.1613091884660722,2.4819762069498754,1.5332080356106381,3.381419649883699,2.0639034647936407,161.91338322772316,20.728950116804487,0.9339413208050761,0.9196890657807705,153.9919760107553,59.22758031661384,22.80670717842197
1653.125,非储层,0.6048094402607663,43.94800157965716,55.447188980082075,94.38202336858681,5.61797663141318,95.87760617561891,38.20386098743721,3.217807210100781,2.5263333821191676,1.495582807032092,4.122393824381088,2.253878092761519,144.12219764717435,20.811504950007986,0.9204223555039017,0.9067629994068819,157.60745765248345,57.59781176359158,22.63683058514339
1653.25,非储层,0.5929481185110473,42.49555477318836,56.911497108300594,94.13504158353754,5.864958416462452,95.58692558903172,36.94125349923538,3.1114612185163413,2.442840055436642,1.4518840054941724,4.413074410968276,2.161023127502748,143.1044043104356,20.734908607710604,0.9239721884259826,0.91045317225796,160.46485310748218,57.82139329939371,22.802092573582872
1653.375,非储层,0.5771148738293754,44.0882232266903,55.33466189948032,92.357864410446,7.642135589554,93.82975501426777,38.325755228770895,3.228074030220409,2.5343939676990037,1.4718906038217727,6.170244985732232,2.2672865348997204,156.60480917339453,20.769509991055937,0.9331119660047722,0.9194229348360617,153.33899806152664,57.46638238489185,22.557849893497107
1653.5,非储层,0.5882942920427294,42.854827717139834,56.55687799081743,90.71362562873668,9.286374371263317,92.18764901538114,37.25356835119494,3.137766648294434,2.463492717650454,1.4740233866444532,7.812350984618865,2.0369955191865707,161.5550647832548,20.796978996135735,0.9382390380635643,0.9244864724108994,156.71867364430548,57.760780366587824,22.083483087486282
1653.625,非储层,0.5715095980956756,43.70622257200576,55.72226782989856,91.79567450191728,8.20432549808272,93.24079539113733,37.99368324860983,3.2001045113179583,2.5124348120779736,1.4451208892200416,6.759204608862679,2.2129671267771984,159.73929939483742,20.639439033015414,0.9511281105033884,0.9370030612387568,146.41896133691665,56.08169384413886,22.028682610296002
1653.75,非储层,0.5623533440305799,44.2479997120697,55.18964694389973,91.7686219068105,8.231378093189502,93.25696708947522,38.4646484302156,3.2397726264745867,2.543578655379512,1.488345182664727,6.7430329105247715,2.085836907407329,169.60561618503272,20.508765009803334,0.9520291747169518,0.9379613625483401,154.95766528721782,57.44292925412181,22.031928876596115
1653.875,非储层,0.5548832252310172,45.500745777299656,53.94437099746933,94.46580911703944,5.534190882960566,95.93933080630427,39.553656685616176,3.331496827262553,2.6155922644209237,1.473521689264837,4.060669193695732,2.112684764001972,149.11457326932143,20.389114624847906,0.9481131142263581,0.9343286022927861,158.28264066005895,56.74028906453896,22.055071086569196
1654.0,非储层,0.5685732436875853,44.129589378544956,55.30183737776746,94.48499108885231,5.51500891114769,95.92138268321506,38.36171469582825,3.2311027982396037,2.536771884477102,1.4363915943627381,4.07861731678495,2.1540758025656794,153.49337377135666,20.26925190038657,0.9419276955422112,0.9284784968450334,153.20810182973236,58.105894118742874,22.154087195900146
1654.125,非储层,0.5825654142728063,44.946176504178595,54.4712580815486,96.60306388721962,3.39693611278038,98.01702221932173,39.07157134255866,3.2908920911788235,2.5837130704411044,1.4139583321021176,1.9829777806782634,2.1918520805011936,146.96967834158954,20.136536056454833,0.9330396251935793,0.9200993069319198,151.55752462778898,54.48693772987181,22.079294817239113
1654.25,非储层,0.5658043487992745,45.62182666244777,53.81236898875296,97.98641479454233,2.0135852054576797,99.40732570439698,39.65891192221778,3.340362189309307,2.6225525509206835,1.4209109098546628,0.5926742956030129,2.286706590176119,156.16460040403268,19.989914897744466,0.9352459314488417,0.9224843702964497,149.33032707567972,54.06633410831359,21.958097801775672
1654.375,非储层,0.5713700802667471,47.05231592941627,52.376313990316994,96.47698166623762,3.5230183337623844,97.89395601350317,40.90243178967364,3.4451004825597944,2.7047836571828285,1.4169743472655532,2.1060439864968306,2.281861013175647,146.17408123716513,19.78108486305845,0.9353369803398296,0.9227174821387565,148.37484347166233,55.58988860783613,22.21505372172652
1654.5,非储层,0.5593711980425243,46.35760890533221,53.083019896625274,98.55667360591546,1.443326394084543,99.99,40.29852513587511,3.3942350691017205,2.664848700355376,1.4333263940845486,0.009999999999998899,2.179555265276169,159.1387886282043,19.685372503214232,0.9351796632685463,0.9226414235049883,143.03363587829173,55.38316548232744,22.073228018399973
1654.625,非储层,0.5506984270083247,45.992739298446,53.45656227454568,98.58651654500063,1.4134834549993647,99.99,39.981345122245685,3.367519860000414,2.643874316199899,1.4034834549993602,0.009999999999998899,2.0806815561875336,156.7298652660632,19.596105842313065,0.9380588189846016,0.9254770395352325,150.33611404886693,56.38075622351268,21.760831568426656
1654.75,非储层,0.5558362076277259,46.5910723025696,52.85309148980267,98.55967871060626,1.4403212893937312,99.99,40.501474140451485,3.4113289112770806,2.67826925084104,1.4303212893937356,0.009999999999998899,1.965028288360478,150.08561190263913,19.557928387640438,0.938213627622098,0.9256499095393205,153.28144953069656,56.90537448270403,21.988965093971327
1654.875,非储层,0.5709447316925831,47.45858640759214,51.97046886071528,97.1955439639142,2.8044560360857895,98.61454026614133,41.255601451857224,3.4748470017856095,2.7281379539493096,1.4189963022271121,1.3854597338586738,2.1514562158725727,152.6658966928504,19.507311306771285,0.9482631298458205,0.9355487793526641,149.97821886265118,55.76744419645381,22.07025734867317
1655.0,非储层,0.5771905180525769,46.9182772655803,52.504532216367124,95.39509839257742,4.6049016074225735,96.78994912229362,40.78591239638907,3.435286371259605,2.6970784979316207,1.394850729716189,3.210050877706383,2.246772860442697,154.54099624790288,19.521606295311287,0.9567708742740244,0.9438656703347496,139.8850881313976,56.58446629963627,22.07370750692501
1655.125,非储层,0.5652596335688628,45.86057727230523,53.574163094125915,94.72847513224508,5.271524867754918,96.11079873706704,39.86645708426861,3.3578431533168014,2.6362770347198152,1.3823236048219592,3.889201262932962,2.206532484912087,153.7888661041163,19.609733340128617,0.9565234984881823,0.9437224867252196,149.16239241730864,55.97516664020779,22.117000350838836
1655.25,非储层,0.5515683381914827,45.65855585173434,53.789875810074186,96.88293663881203,3.117063361187977,98.2431965216563,39.690840492147,3.3430514458365526,2.624663913750792,1.360259882844288,1.7568034783436937,2.0905699635559944,139.67932090784748,19.676490635582905,0.9505283457802578,0.9379928369260262,159.6767527282716,56.40978923185435,21.991388798653762
1655.375,非储层,0.5650729981166976,46.7323355502001,52.7025914516832,98.33679311884917,1.663206881150825,99.68956628360938,40.62427384194252,3.421671995840863,2.686389712416721,1.3527731647602066,0.31043371639062345,2.031707650074497,155.6150299300814,19.7748264149827,0.9435473169609515,0.9312436413051639,145.59195996625112,57.6506352280166,22.01764691780801
1655.5,非储层,0.5635798786829014,45.85973230300331,53.57668781831379,96.29115187523755,3.708848124762454,97.63784384806276,39.865722555084375,3.3577812859231932,2.636228461995739,1.346691972825211,2.3621561519372447,2.121935712933164,151.20141756822994,19.834551846859856,0.9394505397381254,0.927359232595317,148.0881449965191,55.658731571010414,21.860866767042047
1655.625,非储层,0.5627772776456196,45.21290704984822,54.224315672506165,95.24149353536298,4.7585064646370245,96.5633346895805,39.303439375724984,3.3104217044071786,2.5990459697160526,1.3218411542175286,3.4366653104194955,2.0136247021446025,148.47409829478346,17.47481389970423,1.0856669505465657,1.081118308720737,142.9702698235035,54.059886302686664,21.88982780192866
1655.75,水层,4.75264197297824,67.77813364071,27.46922438631177,90.19706018671981,9.802939813280187,91.63437118452583,57.36926676816122,10.341088738908057,0.06777813364071406,1.437310997806013,8.36562881547417,2.1678368111323976,134.9684044728011,15.234635692498077,1.2142748989347911,1.2174979207488603,121.16843288988039,51.6123398896129,22.04726004658054
1655.875,水层,4.794226410824036,67.32689510745828,27.878878481717685,92.82103305215924,7.17896694784077,94.26583959111309,56.987326127431594,10.272242084919228,0.06732689510746404,1.4448065389538691,5.734160408886901,2.1509904235064057,124.67037477125356,12.870739237499539,1.3373799694863684,1.3487691561608222,119.8141640277883,49.6675231135825,22.077237367086013
1656.0,水层,4.811130749662256,67.5771158212321,27.61175342910565,94.8848915830786,5.115108416921399,96.34613592816956,57.19911978577434,10.31041891963652,0.06757711582122822,1.4612443450909633,3.653864071830437,2.161298174088183,117.08044764586369,10.408252045929633,1.4773807632030027,1.4972000405937564,118.84220946868516,48.949327013247206,21.951602044101623
1656.125,水层,4.889655075203523,68.11663391056273,26.99371101423374,92.5712441213432,7.428755878656801,94.0426058203019,57.65578265815634,10.392734618495822,0.0681166339105671,1.471361698958708,5.9573941796980945,2.302087398252696,119.06580499932201,10.294112546592196,1.4869445931172727,1.5075145386719369,109.89063122396952,47.807987920130344,22.109660434036314
1656.25,水层,4.837527971870582,68.82390220084201,26.338569827287404,91.52112584876261,8.478874151237392,93.0175115080075,58.254433890377975,10.500644408263193,0.068823902200843,1.4963856592448923,6.9824884919925,2.101412512283421,110.88002311247577,10.182628849226413,1.498994478517805,1.5199960707800062,119.50794487348836,48.17793304409186,22.03664962008891
1656.375,水层,4.807654071862301,68.45411022234646,26.73823570579123,93.54754959977001,6.452450400229992,95.03789173218073,57.94143184202569,10.444224270098427,0.06845411022234488,1.490342132410717,4.962108267819277,2.250368520032,117.66575641162726,10.109193465759418,1.5162532759808638,1.5377652354597435,108.4528962118386,47.84905902621651,22.154243902614564
1656.5,水层,4.867169149490399,68.4450523720677,26.6877784784419,93.46778688795789,6.532213112042118,94.92050860377043,57.93376502972096,10.442842289974678,0.06844505237206533,1.452721715812545,5.0794913962295745,2.2603885142010958,118.57851233702459,10.029902022388304,1.5214762721362005,1.5438367353705553,119.88373666813315,47.05446509342008,21.98520198276814
1656.625,水层,4.928352551521288,68.83646154553405,26.235185902944675,93.79692750046836,6.203072499531636,95.22165561732852,58.265064463357305,10.502560620631202,0.06883646154553502,1.424728116860168,4.778344382671474,2.2103420407117005,136.8216099864928,13.973061205188792,1.3315306833200546,1.348939648249309,133.8841388839234,51.94768342936641,22.204651308169776
1656.75,非储层,2.2355094630964736,28.528359715323305,69.23613082158022,88.99249607313192,11.00750392686809,89.3417453101723,26.811853491440218,1.6879778641677594,0.028528359715325816,0.34924923704039623,10.658254689827695,2.2587491291917594,154.8868427149584,17.776693019275044,1.1586115980514138,1.1711125991512394,171.45198076132593,55.02677376445243,22.16898324306739
1656.875,非储层,2.255004087785933,29.792995216296482,67.95200069591759,89.18378981643025,10.816210183569751,89.53383293626548,28.00039787711531,1.762804343964873,0.029792995216294804,0.3500431198352288,10.466167063734522,2.0249535721941485,173.95629714732712,21.750784266591698,0.9834452164975989,0.9906473180083495,199.49602071817824,58.194688858776765,22.303567018175347
1657.0,非储层,2.271766256589022,28.028436989332196,69.69979675407878,87.67432051360514,12.325679486394858,88.0227855682899,26.342010324147445,1.6583982281954137,0.028028436989334382,0.34846505468476074,11.977214431710092,2.201589262891892,186.9364497218052,25.79629168772583,0.800302805282046,0.8016129627051904,219.78033343277025,60.30403764298997,22.886294563053386
1657.125,非储层,2.2864687384368443,27.675394585344616,70.03813667621854,88.73140217144073,11.268597828559269,89.08138477267167,26.01020992249672,1.6375092682625536,0.027675394585342447,0.349982601230931,10.918615227328331,2.4209517420898687,193.29888355210397,25.93024885433293,0.7942871745671639,0.7957255374609887,220.95010833782345,60.39416708628192,22.76510180593894
1657.25,非储层,2.3055839970719765,26.995262258628905,70.69915374429911,89.7645115017758,10.2354884982242,90.10420780365104,25.371000080758105,1.5972669156121702,0.026995262258629887,0.3396963018752331,9.895792196348962,2.1143032349503805,204.60283179762803,26.188946917342776,0.784973676627112,0.7866149703225791,219.19060762961647,61.10902817156211,22.794147862693848
1657.375,非储层,2.3655887717037904,26.891073700092317,70.7433375282039,89.65258012395167,10.347419876048336,89.98481230447292,25.273080382785885,1.5911022436063398,0.026891073700092277,0.33223218052126463,10.015187695527072,2.3976027846645,202.2561432608941,26.463558557191824,0.7775247033248023,0.7793387628655359,232.16004806842957,61.42753737620797,22.759896611172657
1657.5,非储层,2.343016115266019,25.022227225556747,72.63475665917724,87.2803328308508,12.719667169149208,87.60583608444557,23.516679440942447,1.4805255573887444,0.025022227225555624,0.3255032535947737,12.394163915554435,2.3171658973553755,195.72952296962129,26.57506297692902,0.780903525289152,0.7827975554424365,225.88823932694234,61.430096754199695,22.08490124987232
1657.625,非储层,2.328876357713694,26.548684866282922,71.12243877600338,85.9488813221377,14.051118677862306,86.26970021484807,24.951292542867712,1.5708436385489295,0.026548684866281938,0.32081889271037545,13.730299785151933,2.311530883006709,197.74759379810553,26.77781755776391,0.790314140033576,0.7922027665079965,233.6276293269704,62.102219706186645,22.070309696518887
1657.75,非储层,2.3450105616314514,25.02481777978459,72.63017165858395,83.45543061993823,16.54456938006177,83.7821552184748,23.519114125625045,1.4806788363797612,0.02502481777978474,0.3267245985365692,16.217844781525205,2.2659564386434425,195.6235582889052,26.882351949063995,0.8021437960278419,0.8039731640769396,221.5937307307214,61.87333995581484,22.001617622424188
1657.875,非储层,2.3737413723582503,25.99972851211303,71.62653011552872,83.60872468723171,16.391275312768283,83.93099580531809,24.435366023149417,1.5383627604515009,0.02599972851211295,0.32227111808637426,16.069004194681913,2.5675314364828967,185.39126027515073,26.831135483378397,0.8138852040461786,0.8155911839536306,216.33857693366178,61.057008230337765,22.24674580740396
1658.0,非储层,2.304625533902881,25.762780576980614,71.9325938891165,83.25598935380712,16.744010646192876,83.5797201417208,24.21267487002093,1.5243429263827042,0.02576278057697997,0.3237307879136756,16.420279858279198,2.1082739544481366,181.98337241074245,26.955004084951913,0.8228995178418931,0.8245712534122518,225.45922619820726,61.89858748488789,22.10532398596093
1658.125,非储层,2.349860982672102,25.389150892174015,72.26098812515389,81.07977878404338,18.920221215956612,81.39465379421866,23.861525891634113,1.5022358496477328,0.025389150892173203,0.3148750101752688,18.60534620578135,2.3406323580507724,189.03694417197954,26.925786632984128,0.8362056079746034,0.8378697739291068,221.89331235810187,61.13982697569564,22.115094981688745
1658.25,非储层,2.3865496345413386,25.494050130344313,72.11940023511436,78.98981192740948,21.01018807259052,79.29670503024285,23.96011350877198,1.5084425714419907,0.025494050130344184,0.30689310283336807,20.703294969757145,2.364773680802051,197.09832486990695,27.08907717648045,0.8465129237865687,0.8481336341958077,216.9915682872739,62.11948359137588,21.871230071873264
1658.375,非储层,2.3705813654974075,24.45980391837106,73.16961471613153,78.07669573031086,21.923304269689137,78.38370022319488,22.98809625344379,1.4472478610089017,0.024459803918369834,0.30700449288401266,21.616299776805125,2.4408825230623945,186.62309992966715,27.083850887798658,0.8574784128515456,0.8591010529482317,214.67328139550983,61.61595370313505,22.143990516608767
1658.5,非储层,2.3413357261890506,25.949073639682606,71.70959063412835,79.37938561491785,20.62061438508215,79.68476105953502,24.387758974171323,1.5353655918716027,0.025949073639681963,0.305375444617171,20.315238940464976,2.3069860369576767,192.57831238700413,26.855258449610293,0.8708740365124341,0.8724964183904069,207.37935040579276,62.026937455111515,21.933516812092225
1658.625,非储层,2.395320219126796,27.91245203183087,69.69222774904233,79.09699116448292,20.903008835517088,79.39563665823897,26.233003997854315,1.6515355819447246,0.027912452031830445,0.2986454937560703,20.604363341761022,2.1823019935508046,205.66211347996045,26.570086866774258,0.8758238470869408,0.8774338150968792,219.10512097430902,60.304887052369295,22.07734225822923
1658.75,非储层,2.372621306833839,28.521430331842346,69.10594836132381,80.58941952092185,19.410580479078142,80.8872981603929,26.80534103798929,1.687567863521213,0.028521430331843872,0.29787863947104665,19.112701839607094,2.35590843426181,192.32959847059334,26.203641900385872,0.8760822916310615,0.8777734578903968,212.30936149934283,60.57889247849002,22.11890378909852
1658.875,非储层,2.422179754485691,28.223048406982997,69.35477183853132,82.16708392678063,17.832916073219362,82.4675557602644,26.52491228100311,1.6699130775729056,0.028223048406982032,0.3004718334837653,17.5324442397356,2.247876595519337,200.11757691514208,26.019036794256586,0.8744193761642665,0.8762895785563888,215.36999099450813,61.20978462221231,22.138388263628134
1659.0,非储层,2.4811689042942136,27.74604406856116,69.77278702714462,82.06738661087752,17.932613389122487,82.36800434191683,26.076608538195273,1.6416894862973244,0.02774604406856271,0.3006177310393176,17.631995658083166,2.430227265447877,191.9326367505753,26.15377878117925,0.8647371433118076,0.8667891985649511,212.69641679016658,60.76311826805566,22.30246357182012
1659.125,非储层,2.518805558108627,26.30759363320362,71.17360080868775,80.80369190168109,19.196308098318916,81.10765924222673,24.724707387468083,1.556578652102331,0.02630759363320377,0.30396734054565044,18.892340757773262,2.3539252577510883,178.30150250130754,26.308605258468404,0.8588593133992305,0.8610582171363658,216.878284877742,60.82717468872727,22.05860744684679
1659.25,非储层,2.5131015671376886,26.750671279123583,70.73622715373872,80.76472232795074,19.235277672049268,81.07548903862131,25.141125753132386,1.5827948547120712,0.026750671279125032,0.3107667106705765,18.924510961378694,2.435535827429317,187.57239523334272,26.570315225225805,0.8537924669552943,0.8560746229696814,224.7548562616955,61.702670975163684,22.00960149870925
1659.375,非储层,2.488600537479633,25.403933676640577,72.10746578587978,80.88439060844892,19.115609391551068,81.19053559054066,23.875419219370723,1.5031105235932145,0.025403933676641094,0.3061449820917384,18.80946440945933,2.407747085132827,192.09479381777078,26.972835098359536,0.8453194360058338,0.8476937671349823,219.1591035456528,61.55247987776954,22.21863190632285
1659.5,非储层,2.504338293431741,23.447521557991102,74.04814014857716,80.46590981804094,19.534090181959062,80.76449806663383,22.03672131954254,1.3873527168905715,0.023447521557990424,0.2985882485929006,19.235501933366162,2.2269133945967288,200.16536240089715,27.042789786250673,0.8390579154215404,0.8414163890034786,210.5486401544677,60.48592338564635,21.938913062570244
1659.625,非储层,2.4449270136347545,25.53825553540824,72.016817450957,82.25653362468742,17.74346637531258,82.55340063568894,24.001659144621033,1.5110581352517949,0.02553825553540893,0.29686701100152507,17.446599364311055,2.2152017377784037,203.12812479422522,27.214708065143615,0.8275683364937017,0.8300293789023889,220.55419569709233,63.51500010625564,22.013940688084777
1659.75,非储层,2.5092670998819604,24.80265411147243,72.68807878864561,82.92486479524993,17.07513520475007,83.2270029427103,23.310317693395994,1.4675337639649666,0.02480265411147313,0.3021381474603756,16.772997057289697,2.278357103276649,195.45508564632232,27.154344326571366,0.8269579431391371,0.8293951298094822,223.30324740390776,63.765390436454375,22.08377055091533
1659.875,非储层,2.4541304510022424,26.04017711354062,71.50569243545714,81.80624274680954,18.193757253190455,82.109316215615,24.47338089628731,1.5407560401397697,0.026040177113540938,0.30307346880545954,17.890683784384997,2.286681668575779,205.76452475337405,26.801350021022174,0.8280260213196677,0.8303259419890896,213.5520688199893,61.60640380321163,22.10705847307046
1660.0,非储层,2.387734651742813,27.185786293952997,70.4264790543042,84.19575482320386,15.804245176796151,84.49531775424894,25.55006058660849,1.608539921050553,0.027185786293951186,0.29956293104509163,15.504682245751056,2.0785259767604214,189.47096648967866,24.83546661518546,0.8775795860682467,0.8728720802993166,205.97444680875776,58.88663029143159,22.10431169170533
1660.125,非储层,2.6102696715566833,46.238069449029084,51.15166087941423,89.52011182286732,10.479888177132679,92.47369767375112,43.90334869599754,2.28848268358251,0.04623806944902831,2.9535858508838007,7.52630232624888,2.2157051921158044,174.72046890352593,22.90408198163481,0.9311240729208677,0.9189283789414696,184.3452869934331,59.06409959214381,22.06248217121677
1660.25,非储层,2.5881005165300524,45.29336838958079,52.11853109388915,87.79341782923284,12.206582170767167,90.81247165255313,43.00634887484027,2.2417261463509397,0.045293368389578634,3.0190538233202973,9.187528347446872,2.0660365771357676,169.1298708225993,21.048208278617157,0.9760604957067737,0.9568191814350331,159.22070081886298,56.92553032825682,22.09890383098693
1660.375,非储层,2.5818155207222504,45.58335367038263,51.83483080889511,89.03094966832732,10.969050331672669,91.99451965709957,43.2816917914338,2.256078525278446,0.045583353670383686,2.9635699887722398,8.005480342900428,2.096363890426389,171.6809279668985,19.177729728511043,1.034946846218368,1.0082070121614903,124.90608248532067,56.36708516316666,23.09820893528929
1660.5,非储层,2.5284215207679246,47.041064196302926,50.43051428292915,87.73203534335593,12.26796465664407,90.6931184175929,44.665797448955985,2.32822568315064,0.047041064196303925,2.9610830742369694,9.306881582407101,2.079271342722456,157.897461725401,19.21546383338582,1.0421233145222024,1.014722400484552,141.00140794250748,55.80885994369829,24.34631500962928
1660.625,非储层,2.5850312622124,45.97846083083322,51.436507906954375,86.61351974456396,13.38648025543604,89.6104673115059,43.656848618789454,2.2756337512129408,0.045978460830831125,2.9969475669419454,10.389532688494096,2.277960984457045,159.74057021828875,19.215774182676114,1.0502542993618047,1.0225568670768084,126.80402276506025,54.481873676216466,24.394551890512915
1660.75,非储层,2.550556090494711,45.43390132720483,52.015542582300455,85.28722306791605,14.71277693208396,88.21614534193405,43.13978581624593,2.2486816096316917,0.04543390132720239,2.9289222740180105,11.783854658065952,2.0794834535982054,159.22920418493206,19.14346055062772,1.0710492298705871,1.0422873520221858,122.9811997014664,54.33309168316633,24.216854945634783
1660.875,非储层,2.5022617159273066,46.65138089796148,50.84635738611121,83.95131641737382,16.04868358262618,86.85624707486099,44.295790614069624,2.3089389029938947,0.04665138089796142,2.9049306574871587,13.143752925139019,2.1375586582837243,159.3168952518595,19.202802197291312,1.0755415788528773,1.0464932210184021,131.2290892655447,55.658510183445905,23.126303655118903
1661.0,非储层,2.439673710956539,46.5723433543405,50.98798293470297,85.37917427879081,14.620825721209185,88.26787351757739,44.220743950594795,2.3050270603913634,0.04657234335433899,2.8886992387865695,11.732126482422611,1.9428653522413317,151.6019124308164,19.28636655740943,1.0788716052370273,1.0496148073633327,148.85608690243254,57.274351968829,21.79759347221694
1661.125,非储层,2.4646216702482002,45.273735916872305,52.261642412879496,84.2509515586782,15.749048441321811,87.14405146823869,42.987707713880134,2.2407544670752984,0.04527373591687034,2.893099909560491,12.85594853176132,2.108162672144468,169.32902410380623,19.28058554301001,1.0814449868970901,1.0521166860871793,133.88479963540377,55.5305714235451,22.857631001277717
1661.25,非储层,2.3928425565910776,45.646085159361945,51.96107228404697,84.65174654916653,15.348253450833472,87.49334262507044,43.34125574961148,2.2591833245911155,0.04564608515935965,2.8415960759039094,12.506657374929564,2.167516535972029,151.0877760574668,19.31604179874182,1.083351052639331,1.05367317969298,131.14984208696245,55.948847165616506,22.751756268172212
1661.375,非储层,2.3322785082478448,46.437997416651676,51.22972407510048,82.84496543989904,17.155034560100958,85.73768926637646,44.093181606004585,2.29837781323044,0.04643799741665365,2.892723826477422,14.26231073362354,2.1719136696365298,156.5085144927203,19.249187048924867,1.0978571146645772,1.0674739251757448,118.36888206334864,55.72724537988141,22.930319474021807
1661.5,非储层,2.309752223498084,47.5139758942059,50.17627188229602,82.40497848828748,17.595021511712517,85.22755795680239,45.11483019238265,2.3516317259290385,0.04751397589420822,2.822579468514896,14.77244204319762,2.3684401966700324,150.4264782982179,19.16940726932265,1.1150924856140714,1.0839040044968342,130.43529305352166,56.14429650589673,22.847910398136246
1661.625,非储层,2.2902407705188566,46.407810579427554,51.30194865005359,80.70966477058083,19.290335229419174,83.5025419626809,44.06451900705804,2.2968837617900864,0.046407810579429665,2.7928771921000575,16.497458037319113,2.102991312222225,145.160657257315,19.124105472234692,1.1366053991365024,1.1040818358188838,128.1837107873414,55.61422420299045,21.872765714065874
1661.75,非储层,2.2257729737981924,46.46090483259986,51.31332219360195,79.40658050609045,20.593419493909547,82.21371407012644,44.114932346943405,2.299511580823848,0.04646090483260215,2.8071335640359947,17.786285929873557,2.1105750106335335,148.74601008752424,19.12701407608008,1.1563129973160204,1.1226562513483964,123.04791414705682,54.3469316112534,22.092353382747156
1661.875,非储层,2.203536639528733,46.69901932904262,51.09744403142864,77.58746893410698,22.412531065893027,80.39282800758774,44.34102361527421,2.3112966944393705,0.04669901932904223,2.8053590734807643,19.607171992412265,1.9461937097307422,142.2915441476921,19.156497070362423,1.174741587830319,1.1396440977613578,123.94556177973708,56.013557126880784,22.066358554421782
1662.0,非储层,2.2048128259981503,47.464400934635734,50.33078623936612,77.18283805749114,22.817161942508857,80.0242300974342,45.067758444739766,2.349178088961329,0.04746440093463776,2.8413920399430554,19.975769902565798,2.0424431020202296,163.82700425652564,18.998486496838662,1.2074671249296938,1.1705063677866665,131.88824092233668,54.83255203940805,22.16787804428427
1662.125,非储层,2.174865110168934,48.39956359034493,49.42557129948613,75.15333803230634,24.846661967693663,77.93419077984058,45.95570148929822,2.3954625374563667,0.04839956359034524,2.7808527475342353,22.065809220159426,2.1275288405367703,151.73747788203966,18.797113288737478,1.246172955116937,1.2070506059149622,129.00944285048197,54.950349062265595,21.87338643230461
1662.25,非储层,2.207310579476801,48.87283191078214,48.919857509741064,73.4329851915569,26.5670148084431,76.24627142786309,46.4050728481485,2.418886230722857,0.04887283191078312,2.8132862363061846,23.75372857213691,2.1291124318269907,145.1574397473134,18.620622909127103,1.2754489827831408,1.23469642363316,132.8724996964997,55.01868772222054,22.035501155339652
1662.375,非储层,2.157461197081668,48.78250204086179,49.06003676205654,73.5587110780136,26.441288921986395,76.37015277394055,46.3193040471576,2.4144154916633283,0.04878250204086339,2.8114416959269444,23.629847226059454,1.9488016226506408,149.20526061539348,18.408335995529704,1.2993594421133876,1.2574732688492043,124.75661686241834,53.428702845107274,22.023187889009026
1662.5,非储层,2.144774945028037,49.87382146442679,47.98140359054517,75.05946819895604,24.940531801043964,77.8949816138338,47.355518961889416,2.4684286810729517,0.04987382146442662,2.8355134148777665,22.105018386166197,2.153968192828754,142.02763534834148,18.231663735723956,1.3221356756359652,1.2787286565714948,118.92955525672392,55.838179308502035,21.958038512904185
1662.625,非储层,2.1152788248141907,50.41736923827407,47.46735193691175,73.02146859088768,26.97853140911233,75.8879149195811,47.87162112040311,2.495330748632683,0.05041736923827207,2.866446328693431,24.1120850804189,2.180925979548829,147.30733776548465,18.025370032958623,1.3379412245041655,1.2934833294697001,113.54729545523729,54.674646088721474,22.14512253721148
1662.75,非储层,2.1384975806798567,51.139414140757175,46.72208827856297,73.37914970243123,26.620850297568765,76.29728704515087,48.557207467446176,2.531067259170242,0.0511394141407575,2.918137342719633,23.702712954849137,1.917656134945335,142.134367218996,17.88932077097285,1.3548644408780177,1.3093797316574411,128.5136123298187,54.87094382178319,22.08782316999988
1662.875,非储层,2.096381802798406,50.3362016351119,47.5674165620897,72.1424566775598,27.857543322440193,74.98770178906963,47.79455195149295,2.491313481983839,0.050336201635112904,2.8452451115098207,25.01229821093037,2.1010996205703396,144.63587809536807,17.746909330903062,1.3784438478028558,1.3318442926844194,113.60308764491067,53.151582078393275,21.873443264276688
1663.0,非储层,2.0343161556394724,51.569967155702365,46.395716688658155,72.4317625840404,27.568237415959594,75.21092371328957,48.96602036496754,2.552376823579121,0.05156996715570232,2.779161129249171,24.789076286710422,2.1303535669125773,135.33006401248164,17.62346538477529,1.3945647747997398,1.3476551380166955,116.91852423968069,54.50907254131012,22.1853996484227
1663.125,非储层,2.0052720772944017,51.85941720246841,46.13531072023719,71.7606337489222,28.23936625107779,74.4958815540541,49.24085507335109,2.5667027119148447,0.051859417202468686,2.7352478051318956,25.5041184459459,2.227243402302283,133.965905616321,17.53725897176438,1.41570065547721,1.3683760701812373,124.44637352207437,54.773492572237046,21.994405085042267
1663.25,非储层,1.9564764371097756,52.271439831088884,45.772083731801345,70.60914748059193,29.39085251940807,73.30055828842619,49.63207324812604,2.5870951431317564,0.052271439831086744,2.691410807834265,26.69944171157381,2.294345729195814,136.33447234863112,17.356818031218143,1.429834091774143,1.3827120208495896,117.0180064098961,53.7224114320642,21.92161323187699
1663.375,非储层,1.9986849303107161,52.34216358710422,45.65915148258507,72.22351269367012,27.776487306329877,74.89981673406575,49.699225916012715,2.590595507504396,0.052342163587103946,2.6763040403956313,25.100183265934252,1.9929366872232108,137.54855138279817,17.19908303953437,1.442321721339185,1.3956076193286144,123.41211397828896,53.587651291882636,21.933668177564073
1663.5,非储层,2.017171170390352,53.28448880178131,44.698340027828344,72.60449393771547,27.395506062284525,75.21001595476379,50.59396985705473,2.637234455924786,0.05328448880178617,2.605522017048315,24.789984045236213,2.1001912336633315,143.56423768341722,17.05168783116807,1.443966974574399,1.3985744786121475,125.63551427014345,52.96443063349348,22.036828546486216
1663.625,非储层,2.0629389017014943,53.354807013252945,44.58225408504556,73.91155889179095,26.088441108209047,76.44490557449156,50.66073745775056,2.640714748489136,0.05335480701325161,2.5333466827006106,23.55509442550844,2.3473927786310345,138.08059048198456,16.932512309518344,1.4421068841341356,1.3980510828725239,137.17040544354677,52.57839363670526,21.90267891287621
1663.75,非储层,2.0866942762316705,53.416024340169066,44.497281383599265,72.97222461884525,27.02777538115475,75.51739209435986,50.71886370916765,2.643744606661246,0.05341602434017004,2.5451674755146128,24.48260790564014,2.0977724725224247,143.7722940205331,16.71459410583184,1.454525031040395,1.411357747349166,122.11231774848329,53.453328506438794,21.883184453212206
1663.875,非储层,2.1454094243168327,54.57694544705611,43.27764512862705,73.58878990893434,26.41121009106565,76.08445082676609,51.821165876441114,2.7012026251679475,0.05457694544705495,2.4956609178317346,23.91554917323392,2.0898058822376617,145.9300325368037,16.66495797940854,1.4462709329874706,1.4047618300098725,113.24058194222893,52.37821950949284,21.949368077502893
1664.0,非储层,2.1707415664550758,53.65268888097312,44.176569552571806,75.12363077279039,24.876369227209604,77.55118769503275,50.94357823515694,2.655457956935204,0.053652688880977475,2.427556922242359,22.448812304967248,2.13497194438054,133.39587345133768,16.602417812565783,1.4447272783479275,1.4038786003317705,112.50678441861206,53.467940457140685,22.074250597112748
1664.125,非储层,2.2118590362203707,53.895783477502654,43.892357486276964,75.34334199855527,24.65665800144472,77.83343692970699,51.17439814102075,2.667489553004404,0.053895783477503345,2.4900949311517095,22.16656307029301,2.0517486245111387,142.6858405029604,16.511389398701223,1.4414468880242992,1.4017257295775998,121.2002049326423,53.553494341879656,22.121761931509994
1664.25,非储层,2.2508265384072965,54.228766240858974,43.520407220733745,75.2332779307984,24.766722069201606,77.68183030278244,51.49056744790551,2.6839700267125983,0.054228766240863036,2.4485523719840594,22.31816969721755,2.199344810730038,135.13305481615348,16.44117612573504,1.4503734367429457,1.4109678145135374,104.77045004980212,51.66203689978842,22.153715218140373
1664.375,非储层,2.2859235969370557,55.27651714628774,42.43755925677521,73.2128661303935,26.787133869606507,75.61559019885958,52.485413770334574,2.7358268588068713,0.055276517146292045,2.402724068466073,24.38440980114043,2.084000415203014,131.030904784376,16.241028339461494,1.4689989854239007,1.4291034983513846,124.83440460700523,54.18695439675993,22.078511390207726
1664.5,非储层,2.275851291170728,55.75618568634093,41.96796302248834,75.08275344183134,24.91724655816866,77.54022570825416,52.9408621794787,2.7595673211758958,0.055756185686337,2.4574722664228235,22.459774291745838,1.979412919446816,147.71711767449366,16.020581550910684,1.4833308119390705,1.4433689190385528,118.97695816821334,52.5234755313789,22.844009246815244
1664.625,非储层,2.2361107288762785,56.22118116442118,41.54270810670253,76.5160377979059,23.483962202094112,78.98920869059009,53.38237842052167,2.782581562735092,0.05622118116442379,2.47317089268419,21.010791309409914,2.211613282864639,125.60534972932011,15.872238266574543,1.4912709507317319,1.4514607321515625,111.79005452775151,54.29892718479881,22.846907716899633
1664.75,非储层,2.293803569716385,55.764712003950365,41.94148442633324,76.36174110038871,23.638258899611287,78.7870809688081,52.94895797369244,2.759989318253984,0.055764712003949016,2.425339868419387,21.212919031191902,2.1912368458010762,132.7420441874946,15.726439002254711,1.4871943458738528,1.448027857783445,117.10618446351576,52.26456644897611,22.838551412200466
1664.875,非储层,2.305160021500139,56.70810126281596,40.986738715683906,76.63563421279322,23.364365787206776,79.05940771754122,53.8447122316355,2.806680929917649,0.05670810126281421,2.4237735047479956,20.94059228245878,2.1184093878579726,138.7412843275378,15.604305240491371,1.498099339962124,1.4588176287483599,115.19329225687991,51.69022460355164,22.935692380188947
1665.0,非储层,2.2995533796603738,57.05467299730642,40.64577362303321,75.31266240094106,24.687337599058935,77.75155107066446,54.17378435529508,2.8238339690140344,0.05705467299730212,2.4388886697233936,22.24844892933554,2.1743803395792733,128.3086350158367,15.502603919098382,1.5247494514826492,1.484491024860799,113.76998803883681,50.63238414468775,21.857535598506754
1665.125,非储层,2.2377316891065995,57.43529199887762,40.32697631201578,73.51123840793595,26.488761592064048,75.93059045057653,54.5351845812436,2.842672125635135,0.057435291998877286,2.419352042640578,24.06940954942347,2.205066046679139,127.67529499895433,15.292864228583754,1.5651428031758536,1.5231819091060046,121.50985926663856,52.60011441478949,22.009727886692943
1665.25,非储层,2.1985559378998354,58.21784622438273,39.58359783771743,72.91454252681334,27.085457473186658,75.31962043764734,55.2782249253858,2.8814034527725485,0.058217846224382225,2.405077910833992,24.680379562352663,2.1153660051366603,131.20286741556643,15.290062559630472,1.5962724482628032,1.5526620322621745,116.80003435680136,52.112836125891434,21.980571923986425
1665.375,非储层,2.259889773524637,56.97741671575447,40.76269351072089,71.1350102543959,28.86498974560411,73.50823810155705,54.10042901177948,2.8200102872592305,0.056977416715756415,2.3732278471611687,26.491761898442945,2.1728206899215925,126.94101343944884,15.402583150430036,1.61820484745225,1.5728281204546901,111.45296752033083,53.22460951611776,22.052400712293753
1665.5,非储层,2.2589296195765827,56.083300415058716,41.657769965364714,69.50382272139927,30.496177278600722,71.93458097256044,53.25145974917881,2.775757365464848,0.05608330041505516,2.430758251161173,28.065419027439553,2.1953788810481596,122.16468609316406,15.559012347905414,1.6338202596480662,1.586751159446473,115.10388149399795,52.356696576149645,21.957737510908196
1665.625,非储层,2.2154463699244618,55.95486757456263,41.82968605551291,68.16827608650965,31.83172391349035,70.60680963676641,53.12951192896255,2.7694007780255174,0.05595486757456296,2.43853355025676,29.39319036323359,2.1540284934626297,118.784493873379,15.72709889351606,1.654103221770136,1.6047095884512748,108.6809304499201,51.13533813335462,21.781907762963083
1665.75,非储层,2.190976115249487,56.62991672481083,41.17910715993967,66.73696632999835,33.26303367000164,69.20617129423314,53.77047550255972,2.8028113055263053,0.05662991672480827,2.4692049642347813,30.793828705766856,2.3005435704491006,139.61107406893004,15.863643931693337,1.6735804392953053,1.622043058843844,112.29388437610689,51.013650778976114,21.988511494512423
1665.875,非储层,2.2148420312796393,55.72185193144137,42.06330603727899,65.76391804246235,34.23608195753764,68.19122603142024,52.908262055136134,2.7578680243737956,0.05572185193143779,2.4273079889578875,31.80877396857976,2.0578201863113117,146.44999164230876,15.839487208776982,1.714325421471135,1.6605170283638164,116.88524709321513,52.44432890831137,22.041911200488688
1666.0,非储层,2.2776637557036996,56.55231158967102,41.17002465462528,63.87574286113463,36.12425713886537,66.25844087726772,53.6967889202858,2.7989703577955543,0.05655231158967003,2.3826980161330806,33.74155912273229,2.205943790567133,116.02068572209348,15.718608669854625,1.7454138280148235,1.6907717635982529,113.95301178945334,53.81093123347489,21.969978983123283
1666.125,非储层,2.302806703520999,57.32354907143853,40.37364422504047,65.62797578520839,34.37202421479161,67.97090461263493,54.42908394239496,2.8371415799721276,0.05732354907143876,2.3429288274265394,32.02909538736507,2.009743981034892,129.35048613732357,15.736588485125404,1.7610976271521617,1.7065121042162097,104.74879162618491,53.09357275622872,22.070734987574777
1666.25,非储层,2.369581091190383,56.460198195542375,41.170220713267234,64.31448868666082,35.68551131333918,66.6378798037407,53.609326651419664,2.7944113459271676,0.056460198195545236,2.323391117079884,33.36212019625929,2.2579533688023914,140.6799321705535,15.752216250721867,1.7703306698231462,1.7159565809992725,113.46915629692647,52.472217947711975,22.209211967595635
1666.375,非储层,2.3641169411630947,55.5540355015757,42.081847557261206,64.27673110518623,35.72326889481376,66.59589785532873,52.7489192597923,2.7495622062818104,0.055554035501579474,2.319166750142499,33.40410214467126,2.25449575684307,135.0734393571406,15.854473278057538,1.7581353518215668,1.7043889418645715,114.47941364904382,52.0206908064376,21.945808231010624
1666.5,非储层,2.4134456384048164,55.389118588401,42.19743577319418,64.02358731856927,35.97641268143072,66.40263278902411,52.5923295744691,2.7413998953434997,0.055389118588399996,2.379045470454837,33.59736721097589,2.1492034778657048,130.6506535069621,16.114422441723285,1.750898129254509,1.6969069393081746,114.29210461356224,52.50350943189141,22.02942404494584
1666.625,非储层,2.402844626871365,54.59565226391712,43.00150310921151,62.59088614394644,37.40911385605356,64.90197247835602,51.838928121133144,2.702128490520058,0.054595652263914746,2.3110863344095693,35.098027521643985,2.12418791272107,148.27543741150714,16.404869989589542,1.7257742836517331,1.6721419660581538,126.94006973364681,51.95137207165606,22.039286828475134
1666.75,非储层,2.4658268295238073,53.317013986294,44.217159184182194,63.44150877098371,36.55849122901629,65.81265039060939,50.62485273201207,2.6388442402956427,0.0533170139862902,2.371141619625687,34.18734960939061,2.0909096665076183,147.52179304722728,16.53827692602438,1.7059462103305434,1.6531271190613426,112.16707402758173,53.62357197329561,21.960963686322795
1666.875,非储层,2.469734462483887,54.03474318264843,43.49552235486769,65.12985122772814,34.87014877227186,67.47029945686815,51.30634128792123,2.6743671515445504,0.05403474318264462,2.340448229140001,32.52970054313186,2.23116574392511,140.13976527093433,16.708555320431167,1.6915384968949927,1.6393880579993734,116.15143831881984,53.309610262085364,22.048338247281148
1667.0,非储层,2.4851280357088545,53.54356045397801,43.971311510313136,63.52021344531212,36.47978655468788,65.85621350758313,50.839960081542344,2.650056811981689,0.05354356045397697,2.3360000622710078,34.14378649241687,2.1735773595340273,148.53083355311648,16.72360780730168,1.6732124035820142,1.6226737794823514,114.78690737159708,53.41938568752212,22.08040157471781
1667.125,非储层,2.5334455115538295,54.2846622541189,43.18189223432727,65.02738611209124,34.972613887908764,67.29549860460065,51.54364107727864,2.6867365145861384,0.054284662254114324,2.268112492509405,32.704501395399355,2.2237142400887318,131.18589330030213,16.62765388210621,1.6670857652198465,1.617910736538477,121.25450167534909,53.02404409722708,21.964388150341335
1667.25,非储层,2.521182800527643,54.23657830931552,43.242238890156834,65.82611683413921,34.17388316586079,68.11094741873589,51.49798505788733,2.6843566731188777,0.054236578309311764,2.2848305845966723,31.88905258126411,2.2470265539534986,139.36228163426986,16.68630483133546,1.6529769135225993,1.605294785626013,106.17720405852913,55.56398229587989,22.07667331395161
1667.375,非储层,2.579010861281806,53.305007817024105,44.115981321694086,66.44035528335266,33.55964471664734,68.66965266798995,50.61345279593687,2.6382500132702127,0.053305007817020314,2.2292973846372925,31.330347332010046,2.1945353605671882,133.83990166448564,16.71711037297149,1.6249819122914904,1.5797819224480867,116.82750184698412,52.533217763875555,22.123594188133175
1667.5,非储层,2.607168853090147,53.000916155247914,44.39191499166194,67.37814444996559,32.62185555003442,69.60639221496012,50.324715778548565,2.623199460544092,0.05300091615525297,2.2282477649945345,30.393607785039876,2.072677846237421,126.91718919374298,16.858807986527207,1.592828924625627,1.5497091995203698,127.86383485606339,54.67819999107935,22.10328648758018
1667.625,非储层,2.543318695013407,52.63170544018002,44.82497586480657,67.87446986949683,32.125530130503165,70.03785177153217,49.97414779508652,2.6049259396533158,0.0526317054401787,2.1633819020353475,29.96214822846782,2.276636147922338,136.28300711206106,17.0960083472674,1.5617322235612994,1.5208378437017782,113.84940113417703,53.03448950336204,22.066490860313436
1667.75,非储层,2.5994561937430958,51.58904760281911,45.8114962034378,67.17725713513266,32.82274286486734,69.27980966941024,48.98413737402574,2.5533211811905434,0.05158904760281767,2.102552534277579,30.72019033058976,2.211158044002284,136.6210133714818,17.313967598553287,1.540243393586348,1.5006071912402577,130.05430355737073,54.68654313834023,21.998638163273604
1667.875,非储层,2.6215679501686453,50.92595146300177,46.45248058682958,66.6613100469459,33.3386899530541,68.78050517183406,48.3545232618392,2.520502249699574,0.05092595146299929,2.1191951248881575,31.21949482816594,2.1197822090187532,144.05803871251965,17.470024933457164,1.5254656291579547,1.4869082786601726,117.69147040832128,54.81335634026349,22.0545773250089
1668.0,非储层,2.620091694244213,51.31011008390849,46.06979822184731,67.46098201199851,32.53901798800148,69.56267479051516,48.7192843794467,2.5395155943778827,0.05131011008390855,2.1016927785166484,30.437325209484833,2.245245270067849,137.41430186966633,17.65570816152575,1.5150728289774875,1.4768172630373444,119.23481153986332,54.35043856628528,21.90336102974714
1668.125,非储层,2.581994713614878,50.65367184438245,46.76433344200267,66.8403461158465,33.15965388415349,68.96689015930775,48.09599198703685,2.5070261855012266,0.05065367184438063,2.1265440434612386,31.03310984069225,2.09209105009177,149.26806572459685,17.743401662999673,1.4998976704822617,1.461726480384853,122.35417909492983,55.11395973813601,21.91623562905898
1668.25,非储层,2.5120089334818494,50.62236977543364,46.86562129108452,68.42970745634378,31.57029254365622,70.61248424988324,48.066270468289595,2.5054769373686105,0.05062236977543336,2.1827767935394635,29.387515750116755,2.1330879524195976,140.96049886560587,17.822524868958883,1.472798591507245,1.435749079963366,121.10610611817275,54.536140279917696,22.13678437860478
1668.375,非储层,2.555482946647113,49.94293789441511,47.50157915893778,70.25382415620805,29.746175843791946,72.39507971279556,47.42114546322387,2.47184949329682,0.04994293789441322,2.1412555565875016,27.604920287204436,2.1946830753220543,148.6484600059486,18.037047822916875,1.4360393842568482,1.400193917493727,119.76999139719149,54.111387870569985,22.34632504400104
1668.5,非储层,2.493711842926528,48.90032995452351,48.605958202549964,70.90667991232581,29.09332008767418,73.03163069656048,46.43118242013584,2.420247204433143,0.04890032995452376,2.12495078423467,26.96836930343951,2.1814934967381383,146.0063093997501,18.24703409517111,1.3962389241771789,1.3621275200966212,141.3807973201228,55.187982707049336,21.974429969694093
1668.625,非储层,2.481368495608223,48.252906679902566,49.26572482448921,71.02955583568503,28.97044416431497,73.12054440496412,45.816449795735906,2.38820397748675,0.048252906679904436,2.0909885692790944,26.87945559503587,2.2063960369057756,147.95412827495315,18.34770308814613,1.376317788913951,1.3432382936139282,126.80035575365987,54.924136015104864,21.9732045429182
1668.75,非储层,2.460001547943993,49.47037897,48.069619482056005,70.58572851250669,29.414271487493316,72.72038854561875,46.972447680526166,2.4484609105038366,0.04947037897000059,2.134660033112065,27.279611454381246,2.2902039448652807,148.8534809331204,18.42442776156669,1.3739278054673565,1.3405231940678193,134.79311763094074,54.2403663257571,21.878219220093445
1668.875,非储层,2.48460666838292,49.17639178680862,48.33900154480846,69.53563488732793,30.464365112672066,71.71282358602883,46.69330493149696,2.4339104635248523,0.04917639178680898,2.177188698700891,28.28717641397117,2.274523505132561,143.66996292753933,18.40200835576664,1.3926445433016852,1.3576342484524029,135.24576994326213,53.1603424877034,22.19915699851944
1669.0,非储层,2.4570521662996656,49.2886337459822,48.25431408771813,67.70593520472036,32.294064795279645,69.94338568041377,46.79987940423423,2.4394657080019875,0.04928863374597976,2.2374504756934166,30.056614319586227,2.206084108282124,148.81969300224492,18.34794801507106,1.4043629737794707,1.3680592624053864,128.4946628742177,55.861018323292576,22.031130463948347
1669.125,非储层,2.425980921402673,48.92066722479979,48.65335185379754,69.5147132105592,30.485286789440813,71.75659613217627,46.45049279098618,2.4212537665888125,0.0489206672247975,2.241882921617072,28.243403867823737,2.1435587737641266,150.9965182230315,18.416722191108754,1.4122965800592762,1.3747340002773194,128.45772033436555,54.10069336184337,22.119003144063253
1669.25,非储层,2.4310957119220364,48.839015711438314,48.729888576639645,68.06871181819673,31.931288181803264,70.32684261570566,46.37296414618373,2.417212549543148,0.04883901571143649,2.2581307975089304,29.673157384294335,2.0355394743920665,138.58323025921683,18.347650329091834,1.4183000388692764,1.3802133573917978,117.0771351483652,55.22547183524573,22.505052527307253
1669.375,非储层,2.49244572643842,49.92028420117759,47.587270072383994,69.43799488716257,30.562005112837433,71.69186121329199,47.39963563365463,2.470728283321771,0.04992028420117735,2.253866326129413,28.308138786708014,2.1523098571660824,154.27830743102663,18.19943342615702,1.4151049416278298,1.377377740805375,122.90220246249484,54.996293357954436,22.400102045946763
1669.5,非储层,2.4886039596398892,50.757237078141685,46.75415896221843,70.50608025013008,29.493919749869924,72.80151246667725,48.19432785236803,2.512151988695506,0.05075723707813999,2.295432216547181,27.198487533322748,2.271264303621523,149.80295859406357,18.120865805623872,1.4174528318894752,1.3798607627301458,129.45898484304414,52.65094338703999,22.69820829964453
1669.625,非储层,2.504220489780167,49.70119809390027,47.79458141631957,70.25975619811346,29.740243801886535,72.5085325294371,47.19161194501755,2.459884950788817,0.04970119809390265,2.248776331323642,27.491467470562892,2.1097026207692187,140.76028925603254,18.016634451672584,1.4194851086456626,1.382021507004294,125.5583100829553,53.966360526086405,22.67543617621965
1669.75,非储层,2.5167134264445394,49.87613244015534,47.60715413340012,69.24778586529929,30.752214134700708,71.53546585392222,47.35771324842532,2.4685430592898623,0.049876132440157886,2.2876799886229247,28.46453414607778,2.0985069572655983,153.94474394073924,18.04045991786574,1.425798024255828,1.3878989067367191,125.36891946293007,56.13273652473211,22.036224947386113
1669.875,非储层,2.4838998192101847,49.729617762355986,47.78648241843383,67.9382408126133,32.0617591873867,70.1880323814273,47.218596605685775,2.461291538907851,0.049729617762355946,2.2497915688139916,29.811967618572698,2.0083676468433027,147.32438529364111,18.065313755860593,1.4353366543862334,1.3971868944697148,117.8804841086611,52.57647709716485,21.87455706071391
1670.0,非储层,2.5422448469201306,50.554385879608546,46.90336927347133,68.4176956301679,31.582304369832105,70.64889472402365,48.00171931553414,2.502112178194794,0.050554385879608005,2.2311990938557473,29.35110527597635,2.1707472569068558,141.28553536044484,18.031770950911323,1.4442477527779687,1.4060033307257047,126.2246354504508,53.85407640081442,22.10378114048246
1670.125,非储层,2.466584558693908,50.13385212496748,47.399563316338615,69.09601870088885,30.903981299111148,71.26409938320583,47.602419771058216,2.4812985017843006,0.05013385212496828,2.1680806823169707,28.735900616794176,2.0477419849555685,141.71915224084123,18.1303871314187,1.445353802069798,1.4074652622534198,126.93926814361781,53.810306474593084,22.051296551626876
1670.25,非储层,2.4631727703594244,48.90992137981554,48.62690584982503,67.59885699664548,32.40114300335451,69.73185626726728,46.44028954104521,2.4207219173905234,0.048909921379813176,2.132999270621798,30.26814373273272,2.368357192468363,153.35773344449598,18.19779636270816,1.447842974442409,1.410367224465582,117.2068261446164,54.962451793151786,22.023814005555593
1670.375,非储层,2.4131488294952406,49.09693616280946,48.4899150076953,66.51463234037203,33.48536765962796,68.59924275403569,46.61786129797461,2.4299779286720344,0.04909693616281137,2.0846104136636425,31.400757245964318,2.012560619546544,160.45770199392712,18.449566912727455,1.4479188236351352,1.4100356919027632,115.72120849068396,53.48921775584459,22.247957045118444
1670.5,非储层,2.392892089172572,48.05056715783173,49.5565407529957,64.77706596349485,35.22293403650515,66.91330093167225,45.624327099042226,2.3781894916316713,0.04805056715783164,2.136234968177404,33.08669906832774,2.184555510831632,152.17061034039676,18.603738572660053,1.4493351129319874,1.410714902362487,137.64486906065335,53.98480112510582,22.121099147230225
1670.625,非储层,2.331892760767966,48.6287684897438,49.03933874948824,66.5595995746559,33.440400425344095,68.7422569796892,46.17333303709094,2.4068066841631146,0.048628768489745317,2.1826574050332943,31.2577430203108,2.1350175381694245,145.29041040635843,18.530425275659415,1.4719589147065504,1.4314910315468654,131.23925023341752,54.655267991471504,22.188162637441035
1670.75,非储层,2.3167396432173266,49.87592287245889,47.80733748432379,64.70151682055985,35.298483179440154,66.92848249469978,47.35751426252988,2.468532687056547,0.04987592287245997,2.2269656741399313,33.07151750530022,2.005542324361962,154.77027998691474,18.509768877953064,1.4884249633770974,1.446128394884052,118.97010786860616,53.89457077051924,21.986034038300364
1670.875,非储层,2.3608613169161345,49.43492498365722,48.20421369942665,64.01987114912784,35.98012885087216,66.25756293904301,46.93878388911752,2.4467061695560366,0.04943492498365801,2.237691789915174,33.74243706095699,2.1998974159283216,140.8194159198401,18.374593974244334,1.4986295809726264,1.4556957081791295,128.49502216909363,54.52274012372443,21.88320078939828
1671.0,非储层,2.304350142121301,49.540535776487665,48.155114081391034,64.88694344977765,35.11305655022235,67.073887572564,47.03906202613635,2.4519332145748236,0.04954053577648915,2.1869441227863606,32.926112427435996,2.076702372181812,144.1295118548695,18.317289810999124,1.5223880824059295,1.4778894769339912,123.777372583541,55.268827382066966,22.122312767936467
1671.125,非储层,2.241970495054852,49.406431104388396,48.35159840055675,63.3391066190667,36.6608933809333,65.54699328010558,46.91172876479794,2.445295908486061,0.049406431104388054,2.2078866610388834,34.45300671989442,2.0286882620275666,130.6903189613695,18.31843624617069,1.533986349214604,1.488958578299274,125.6792184363771,54.073707717164396,21.886322287678382
1671.25,非储层,2.2785171012159013,49.9514935049778,47.76998939380629,62.83492970626294,37.16507029373706,65.01575342723697,47.4292690712879,2.4722729401849257,0.04995149350497559,2.180823720974028,34.984246572763034,2.1237935782670467,139.0195106204143,18.211074698946433,1.5597686962516464,1.5136752187981188,130.44024061465436,54.79166149570392,21.87807013245337
1671.375,非储层,2.250221662941975,50.7354095243653,47.01436881269272,61.49680240660226,38.50319759339774,63.664891926171194,48.17360244760862,2.5110716672323177,0.05073540952436617,2.1680895195689387,36.335108073828806,2.125935908981767,150.175908114081,18.122045990253888,1.5960821026688041,1.5483703487739047,130.32154912411082,54.83156472934354,22.967362970195136
1671.5,非储层,2.3015083429397345,50.67281326515383,47.025678391906425,60.570542115879555,39.429457884120445,62.68849732030512,48.11416689097804,2.5079735609106333,0.05067281326515474,2.1179552044255634,37.31150267969488,2.1643234480963294,140.56584092824656,18.005704031888722,1.6256101890581476,1.5766619370167674,118.4210603963594,54.762011426090226,22.935598788108823
1671.625,非储层,2.342550118685127,50.73679452554482,46.92065535577005,60.56089895936997,39.43910104063003,62.73830745442896,48.17491751526723,2.511140215752051,0.05073679452554554,2.1774084950590002,37.26169254557104,2.125119956351846,161.54847183713062,17.854153352400264,1.6469332537356824,1.5971216477236174,128.3523770445189,53.94139112066304,22.88036714962942
1671.75,非储层,2.2961390573249507,51.62452867173557,46.079332270939474,61.764532558043975,38.235467441956025,63.94619889601279,49.01782688051484,2.555077262548997,0.051624528671736364,2.1816663379688177,36.05380110398721,2.0132466674337546,147.5792205514402,17.813086831305526,1.6477442271376468,1.5980282225135083,126.19957988381672,53.67743631168864,22.844971801103632
1671.875,非储层,2.3455180961976763,51.12700745366624,46.52747445013608,61.99029662462136,38.00970337537864,64.17722532949695,48.54542723708609,2.530453209126489,0.051127007453664886,2.186928704875593,35.82277467050305,2.1045718675288017,135.29001734263602,17.802398200979912,1.6288544302262808,1.5800822445171419,124.63388578036445,54.504461545818685,22.07399365931033
1672.0,非储层,2.326685153915227,50.66390131857388,47.00941352751089,63.51078193812185,36.48921806187815,65.68227958265554,48.105704939540146,2.507532477715157,0.05066390131857647,2.17149764453369,34.317720417344454,1.935871968204001,138.6956589187922,17.74680551603507,1.6075425535105734,1.560594571800787,123.07492529827984,54.30299658426645,22.23352580526785
1672.125,非储层,2.3155692668185885,51.19692588899889,46.48750484418253,64.48250522745805,35.51749477254196,66.60395539315654,48.611815247728956,2.533913715380937,0.0511969258889966,2.121450165698505,33.39604460684345,1.9601783319889836,143.45992949566337,17.70022513199823,1.5831327034774965,1.538075368574957,113.08248913474854,53.50182854534522,23.26622172645027
1672.25,非储层,2.272339034708982,51.97140555038872,45.756255414902306,66.14632340689688,33.85367659310311,68.28377514532337,49.34718874054829,2.572245404290035,0.051971405550389066,2.137451738426484,31.71622485467662,2.1106076977710155,130.67206103971137,17.615431460105054,1.5691865476215083,1.5253620407587054,114.61280685997072,53.892314984799846,23.142240209838654
1672.375,非储层,2.283366616079862,51.94059776597454,45.776035617945595,65.28432411439798,34.715675885602025,67.4421738628382,49.317936548192435,2.5707206200161345,0.051940597765972804,2.157849748440237,32.5578261371618,2.1747335759786846,127.40229315055954,17.423402901523094,1.5842572146106266,1.5403469764905167,105.59399041385326,53.38112418258544,23.389238182099074
1672.5,非储层,2.222295353470343,52.765991336333016,45.01171331019664,63.92092936600697,36.07907063399303,66.02872652109647,50.10165312984663,2.6115722151500527,0.05276599133633049,2.107797155089501,33.97127347890353,2.1515227886112087,136.62589379815748,17.342030116133554,1.58886816521611,1.5449014432172827,125.57607819467415,54.989746533195984,23.115371580450898
1672.625,非储层,2.2650745865602966,52.08010700712542,45.65481840631428,64.91558734536417,35.084412654635834,67.0301175450203,49.45040148311609,2.5776254170022086,0.05208010700712626,2.1145301996561394,32.9698824549797,2.2893714279114916,160.1111575345115,17.35046492092115,1.5978735565460949,1.5533475007876487,124.14281476516948,54.39190371199069,21.977667860520913
1672.75,非储层,2.2762352063736437,51.937764074122704,45.78600071950365,64.59468973772027,35.405310262279734,66.73171894618972,49.315245939286164,2.5705803707624177,0.05193776407412011,2.137029208469443,33.26828105381029,2.283124868606067,130.49131391485327,17.372370234564094,1.5918977564751153,1.5476854502290376,117.96624730079955,52.6730111972123,22.137069261952757
1672.875,非储层,2.289635529260384,51.67686114856815,46.03350332217146,65.92231920436195,34.077680795638045,68.07809979740624,49.06751690879422,2.5576673786253696,0.051676861148566844,2.15578059304429,31.921900202593754,2.173130127105308,145.22126347090125,17.48829091205492,1.5699170193847003,1.5267163984192849,114.06698514217675,55.19245913571159,22.14506615766127
1673.0,非储层,2.296384685548272,51.41676758319238,46.28684773125934,65.67937023155598,34.32062976844402,67.79507086768099,48.820556371073984,2.5447944445352073,0.05141676758319176,2.1157006361250152,32.204929132319,2.2013634608870403,131.7135536885882,17.61456965399106,1.5570270770282915,1.5141598755774646,120.60586316117922,54.85131029074832,22.02596496147015
1673.125,非储层,2.336057350290264,50.67584481607823,46.9880978336315,65.16853945307108,34.83146054692893,67.31085008873993,48.117045368364955,2.5081236028971947,0.050675844816077883,2.1423106356688577,32.689149911260074,2.328483778182271,146.9772754070345,17.84999482310756,1.5253006624073853,1.4839685916922543,119.97528769526829,53.89116271646605,21.84438413099592
1673.25,非储层,2.2897472134866956,49.31933942869242,48.390913357820885,66.42431237148475,33.57568762851526,68.50453499185261,46.82903465035586,2.440985438907868,0.04931933942869289,2.0802226203678646,31.495465008147395,2.036101796818408,135.80946451175166,18.029928976854666,1.518090217172284,1.4768595824022788,131.3387354021277,53.299586472188466,21.950296940377964
1673.375,非储层,2.3415007191375143,49.76541752198339,47.8930817588791,64.53718674848105,35.46281325151895,66.6701130922506,47.25258871108472,2.4630633933766894,0.0497654175219811,2.1329263437695594,33.3298869077494,2.0132980996545444,151.79089684053207,18.06030763430956,1.5267418980550174,1.4848362901299494,124.04345767344618,52.43438915582479,22.08772245669111
1673.5,非储层,2.3396766948542127,51.13979837463087,46.520524930514924,63.89368259013787,36.10631740986213,66.03055548975968,48.5575723000168,2.531086276239442,0.05113979837463242,2.1368728996218143,33.96944451024032,2.0231099597560056,155.04497255628254,18.088847935598363,1.5376808289796529,1.494860215493182,124.74981650980708,54.892422968514765,21.92768164565008
1673.625,非储层,2.3801868972539584,50.43192265881036,47.187890443935686,63.06689890187985,36.93310109812015,65.24641644268266,47.88543968817936,2.4960510479721894,0.05043192265880847,2.179517540802809,34.753583557317334,2.0447239388198577,143.1480600716225,18.019615247852435,1.5661850889526066,1.521693546733121,113.52786083978707,55.15466131885208,22.061953280138045
1673.75,非储层,2.3335097188230676,50.190489338199974,47.47600094297696,62.77370091891876,37.22629908108124,64.89303168057926,47.656197174642436,2.4841016742193394,0.05019048933819943,2.1193307616604873,35.10696831942075,2.0501170474483725,146.35905774291334,18.105477962408912,1.5632310364530013,1.5185327262865282,115.3453655072292,54.49140628781099,21.874763761327802
1673.875,非储层,2.3812094085832887,48.847591633764594,48.771198957652125,63.85304725623302,36.14695274376698,66.02145152510398,46.38110704039983,2.417637001730994,0.04884759163376537,2.16840426887096,33.97854847489602,2.2152710086012593,138.1260053681097,18.44978682476537,1.5386697374709934,1.4943131309738713,111.63551170321203,54.80794890340844,21.92657914274351
1674.0,非储层,2.4058521135757585,47.42105665701365,50.173091229410595,63.136677168288635,36.863322831711365,65.32220545467335,45.02660277026862,2.3470328300880134,0.047421056657015806,2.185528286384721,34.67779454532665,2.329877418580291,145.28703879845344,18.84174106137437,1.5019767862500988,1.4586925271341102,125.36321862537623,55.37227981034427,21.953342221348954
1674.125,非储层,2.394790572159009,46.15991383083175,51.44529559700924,63.7701332110767,36.2298667889233,65.97873317954074,43.829139426468,2.2846144905329178,0.046159913830832316,2.208599968464037,34.02126682045926,2.2235148718179483,152.8483902436052,19.117492395568107,1.4624233915473337,1.4203289136037298,128.52103727305118,56.122815585689445,22.174708134485407
1674.25,非储层,2.4280711777133406,47.05767806825786,50.5142507540288,65.55670651183212,34.44329348816788,67.79040229262456,44.68157242880093,2.329047961388662,0.04705767806825918,2.2336957807924462,32.20959770737544,1.945059593957878,141.63831824219477,19.175405020839637,1.4506825953925901,1.4088884912130546,127.92736844460184,54.780136070048115,21.950501458141286
1674.375,非储层,2.4104639867564277,48.16088752486819,49.42864848837539,65.0232393427793,34.976760657220694,67.2494293100667,45.7290770075048,2.3836496298385157,0.04816088752487048,2.226189967287396,32.7505706899333,2.080173249116344,144.46413166218687,19.177407306729013,1.4342350351021804,1.3930811981906177,140.00463941081074,56.93536498333466,21.911128535051475
1674.5,非储层,2.4285118009909628,47.27488385395482,50.29660434505422,65.9126335147753,34.08736648522471,68.17929173692544,44.887810739826314,2.33979823027455,0.047274883853956964,2.2666582221501574,31.82070826307456,2.1599676034327566,154.0008610150116,19.130067690779985,1.4340118521911562,1.3928675443217835,132.52345178478456,55.12098001174748,22.00650566470371
1674.625,非储层,2.442256588332822,46.62495773051971,50.932785681147465,64.43999998162651,35.560000018373486,66.68461328047019,44.2707016441435,2.307631128645691,0.046624957730519515,2.2446132988436656,33.31538671952982,1.9786468266962778,158.33229967613147,19.17282811387974,1.4478102155666739,1.4060751957067565,127.79555889661019,56.165744085408775,21.96407164436286
1674.75,非储层,2.512372812995359,46.68381729196928,50.80380989503537,62.69740858292783,37.30259141707217,64.87656970799706,44.32658918186309,2.3105442928142144,0.04668381729197105,2.179161125069245,35.123430292002936,2.0175027250007407,148.45388205370077,19.21174808902378,1.467046706300522,1.4240959160032256,120.56417948499238,55.1711490749213,21.762484642635677
1674.875,非储层,2.44888108148623,47.87279986361527,49.6783190548985,61.42866796262734,38.57133203737266,63.639531814569,45.45553589305702,2.369391170694631,0.047872799863616505,2.210863851941658,36.360468185431,2.1494011563733197,134.42646407731903,19.102324160481686,1.511794772758074,1.4668046488643904,122.13064461853742,53.52735975736468,22.016804745445512
1675.0,非储层,2.431230184793786,48.69328440180376,48.87548541340245,60.1930820721168,39.8069179278832,62.36373855579033,46.234591316629,2.4099998007729573,0.04869328440180523,2.1706564836735267,37.63626144420967,2.208187176396026,145.9314782521309,18.843490300924934,1.5496006409334706,1.5032677605038813,122.9784439632645,55.10832793130717,22.19898083853957
1675.125,非储层,2.431135415715614,49.53766917161613,48.03119541266826,61.79555751978904,38.20444248021096,63.9757479106264,47.03634016610309,2.4517913363414254,0.04953766917161692,2.1801903908373546,36.0242520893736,2.0308261796785434,152.55273146016742,18.57490931193528,1.5810640906910542,1.5337106709527293,124.64588593458818,56.59449306303663,21.765585357273167
1675.25,非储层,2.474565187363906,49.65966658698061,47.86576822565548,61.31941409121858,38.68058590878142,63.45533832971781,47.15217750815868,2.457829412234953,0.04965966658698091,2.1359242384992276,36.54466167028219,2.044509852332301,154.48209120933782,18.52417617390232,1.5775211874612265,1.5308231218111739,123.32558180822947,54.11210183894984,22.02348569905452
1675.375,非储层,2.4053650988205293,48.39040176336883,49.20423313781064,62.61904044061222,37.38095955938778,64.77159463293165,45.947002274793434,2.3950090868120246,0.0483904017633683,2.152554192319432,35.22840536706835,2.0869966277590164,156.75087249424723,18.499238542068802,1.5569988767326466,1.5120888914161952,126.36196796602836,53.81693975263491,22.24356236636144
1675.5,非储层,2.3855098981892175,48.843600991195665,48.770889110615116,63.62891100411754,36.37108899588246,65.71811585633908,46.37731789923731,2.417439490967154,0.04884360099119481,2.089204852221542,34.281884143660925,2.1152016086027934,148.8969120646829,18.558422427564544,1.5320803951841868,1.4887916457439836,128.16213170381127,54.83253517318671,22.128284698434832
1675.625,非储层,2.339442457806894,48.81055062336186,48.85000691883125,64.89375913134242,35.10624086865758,67.01001138749716,46.3459363592892,2.4158037134493004,0.04881055062336166,2.1162522561547417,32.98998861250284,2.110395337053124,165.47200899879212,18.746665686539146,1.4950751174568908,1.4532362049127117,127.12234852117247,54.98049706359379,21.94757707144587
1675.75,非储层,2.342461675280945,47.53922135388311,50.11831697083594,64.59704297746485,35.40295702253514,66.7607597494203,45.1388009211005,2.352881211428732,0.04753922135388097,2.1637167719554338,33.239240250579705,2.241067972436933,153.8564453559078,18.758455320349405,1.4718337347833466,1.4314693889896128,130.13213370316876,54.48617145394619,22.11646686650697
1675.875,非储层,2.409233166089999,48.11220493425762,49.478561899652384,66.33504300218536,33.66495699781464,68.47276137343738,45.68285257001274,2.3812401593106207,0.0481122049342593,2.1377183712520127,31.527238626562625,2.09401363614925,144.6200408612192,18.777095938210543,1.4644827713415909,1.4245549508572306,130.53070801239988,54.71519792334698,21.969073196062748
1676.0,非储层,2.3590211436298567,48.615519125981685,49.02545973038846,64.56650124914052,35.433498750859485,66.64072217483108,46.16075267973217,2.406150927123528,0.04861551912598433,2.074220925690565,33.35927782516892,2.126941021022445,145.41770954076935,18.733962381284254,1.460170761822834,1.4207784709288285,119.40599406567488,53.84319640331712,22.005737562401926
1676.125,非储层,2.3675182571275095,49.21333258730487,48.419149155567624,66.23999630616292,33.760003693837085,68.33148943660056,46.728380462647415,2.435738792070155,0.04921333258730287,2.091493130437648,31.668510563399433,2.3420035762390596,139.87793274214056,18.55756869838117,1.4672496142016536,1.428064757967656,134.78249874661935,53.11272615473354,22.084655827307454
1676.25,非储层,2.3266743071404514,49.40656548259387,48.26676021026568,65.80708584708354,34.19291415291645,67.93538343784573,46.911856357781005,2.4453025593302664,0.049406565482594186,2.1282975907621826,32.06461656215427,2.5026296630689133,156.87417177658574,18.381895071529403,1.4911230212223856,1.4508549036936924,122.49027303725194,55.02667890770263,22.02288913858513
1676.375,非储层,2.28580059639054,50.12625105226394,47.58794835134552,64.69386032112457,35.306139678875425,66.82605490753055,47.595202502920856,2.4809222982908157,0.05012625105226334,2.132194586405968,33.17394509246946,2.3669114953755277,159.2910181280728,18.245067759139992,1.4976165965275334,1.456972026813806,120.70332288853571,55.0057281245996,21.986386411178238
1676.5,非储层,2.2862812623706414,50.09084160488625,47.62287713274311,65.35686776541002,34.64313223458999,67.48144302411166,47.56158100155024,2.4791697617311224,0.05009084160488633,2.124575258701648,32.518556975888345,2.0855231846593365,148.10661351480624,18.29713270231836,1.502298241985533,1.460609566261291,132.05382839429257,55.061301320287335,21.936749931603178
1676.625,非储层,2.277263700136591,48.744047378871954,48.97868892099146,64.67858380524814,35.32141619475186,66.86666565033602,46.28279109463938,2.4125122368537,0.04874404737887118,2.188081845087873,33.13333434966399,2.1686434625084456,144.84832755273365,18.23584817391702,1.5116931630459614,1.4693351689230472,125.67458017687277,54.80250950802376,23.127845150800592
1676.75,非储层,2.2599886232079514,50.12300493638344,47.6170064404086,65.07249593815568,34.92750406184432,67.23607916371684,47.592120294707854,2.4807616367392,0.05012300493638516,2.1635832255611582,32.763920836283155,2.0468877076378726,140.0440392988131,18.117320558531656,1.517609041409871,1.4747057623535333,130.28601057914491,55.65516908913743,23.01946492356468
1676.875,非储层,2.2018056069333864,51.41212437366439,46.386070019402226,65.39115908470701,34.608840915292994,67.6004618308102,48.816147613325114,2.5445646359656093,0.05141212437366517,2.209302746103187,32.3995381691898,1.9541419953291868,139.3027012157908,17.880743712526932,1.5463999815923768,1.5017222479274221,118.39461412263022,53.76926475002551,23.07908279249557
1677.0,非储层,2.2642144230565453,52.696085442218575,45.03970013472489,64.21168399138831,35.78831600861169,66.45927679791161,50.0352770271723,2.608112329604061,0.05269608544221753,2.2475928065233033,33.54072320208839,2.1637998334539987,145.3772334932855,17.637427922109403,1.5740353261288123,1.5278888702234232,108.43689667259834,53.70230854742942,22.900500051685274
1677.125,非储层,2.29044152907563,51.40507716733934,46.304481303585035,63.66320789957939,36.33679210042061,65.93336145805522,48.809456244928725,2.5442158452432744,0.05140507716733869,2.2701535584758283,34.06663854194478,2.006190733926381,151.5922675338587,17.438304476677008,1.5959865397169612,1.5486483946002039,122.03388784122863,53.61312409835586,22.030847476273344
1677.25,非储层,2.256604037014196,52.297632279063656,45.445763683922145,64.45069940962543,35.549300590374564,66.69104630608956,49.65694314841255,2.588391498372041,0.05229763227906151,2.2403468964641324,33.30895369391044,1.9250047425581245,142.81083167745643,17.287819145885372,1.6182873386069305,1.5697023550344646,122.25475327781285,53.56750390901546,22.048279112511842
1677.375,非储层,2.3159131717989165,53.03579275448307,44.64829407371801,64.19566023546815,35.804339764531846,66.48790465868701,50.357831337130435,2.624925624598149,0.053035792754487984,2.292244423218862,33.512095341312985,2.0959831052934543,141.81885756886166,17.201244345409787,1.6323430117661941,1.5830824734752653,131.9071539915793,52.596246706252025,22.023359340867056
1677.5,非储层,2.3736561663591447,53.61745685711266,44.00888697652821,63.47760860165381,36.52239139834619,65.76303595845417,50.91012519857381,2.6537142016817303,0.05361745685711697,2.2854273568003656,34.236964041545825,2.306467121061773,127.59299097339478,17.098563305837818,1.6518880727086112,1.6014675579261408,126.29371677602734,54.521239075965674,22.114590106184636
1677.625,非储层,2.425835945477078,52.5161941211308,45.05796993339214,62.31437496847473,37.68562503152527,64.65179983148202,49.86446904381117,2.5992088831984974,0.0525161941211303,2.3374248630072954,35.34820016851798,2.232055172957889,153.10363197948746,17.078066364111052,1.665392218297133,1.614118503765039,127.36429532782157,53.86495369107989,22.05704195169696
1677.75,非储层,2.488577438985171,52.49279497659663,45.0186275844182,62.856553780561676,37.143446219438324,65.15960889109984,49.842251403370874,2.598050778249152,0.05249279497659791,2.3030551105381507,34.84039110890017,1.9688760496684643,132.6875435540881,17.096779933604722,1.6806118620711403,1.6284326500830395,114.70538804178818,54.45038900772518,21.884438197519877
1677.875,非储层,2.4177892484324404,52.89160557205677,44.69060517951079,61.7916817262446,38.2083182737554,64.07962237827711,50.22092466643707,2.617789300047642,0.052891605572051234,2.28794065203251,35.9203776217229,2.1400777707525136,129.9504666991604,17.087487625722545,1.684374414792263,1.6321903147111692,110.12708409036584,54.76795382773109,21.953329985392458
1678.0,非储层,2.353074464537082,53.74315716142974,43.90376837403317,63.06977818009252,36.93022181990748,65.31698935808781,51.02947845785531,2.6599355464129983,0.05374315716143094,2.247211177995285,34.68301064191219,2.144667605764147,132.9350487259413,16.912805302721523,1.691805215584018,1.6399404051302466,121.66005459783818,54.40680897022594,21.97271304519268
1678.125,非储层,2.3296184496867967,54.38379229279404,43.28658925751916,63.77296961242788,36.22703038757212,66.0624907814029,51.63776569593298,2.691642804568271,0.05438379229279096,2.289521168975026,33.93750921859709,2.0511799456398676,146.20772012187376,16.8216498754274,1.6890529254471474,1.6373444383875344,113.47278532294278,53.1217528154279,22.15792049387525
1678.25,非储层,2.296793487045754,53.48429057987756,44.218915933076694,64.49731401040758,35.50268598959242,66.81332384520586,50.78368294928299,2.6471233400146876,0.053484290579877344,2.316009834798279,33.186676154794135,2.251782895196578,137.1396108703538,16.70485978854189,1.6822784539203957,1.6306743650966524,124.78739768054365,53.227803661169645,22.019364737532207
1678.375,非储层,2.2777562989062146,54.099820921998585,43.622422779095196,64.3931979697441,35.6068020302559,66.7768459881796,51.368133026137876,2.6775880749387184,0.05409982092199443,2.383648018435501,33.2231540118204,2.1956492717587,140.1090620541474,16.78576686005707,1.6532363727046344,1.602365303073411,129.01222699466877,54.27638493296885,22.025777853061104
1678.5,非储层,2.3294481758445427,52.74946439852708,44.92108742562838,66.19881447787525,33.801185522124754,68.58974014642902,50.08596069454349,2.6107542395850647,0.05274946439852955,2.3909256685537805,31.410259853570977,2.2335127536002504,137.89460798648128,16.859895485118205,1.6225007392347273,1.5726040927763065,124.06533721179824,53.92990826728233,22.18094202068173
1678.625,非储层,2.3028893451089436,53.452360960834014,44.24474969405705,67.27954262584987,32.720457374150136,69.69478628182114,50.753365567625345,2.6455430322478355,0.05345236096083415,2.4152436559712758,30.30521371817886,2.06893261312947,130.56592980858443,16.93719240774179,1.6071748198812568,1.5574112635584023,102.59643485969745,54.09477107889534,21.99303789198716
1678.75,非储层,2.2857810305870236,52.60387915930516,45.110339810107824,65.67613336029868,34.323866639701315,68.09550910759484,49.947726559798824,2.603548720347029,0.052603879159304756,2.419375747296148,31.904490892405168,2.2280762210016296,127.70414801879524,17.024303341156,1.6013478756471295,1.5511865193077856,115.29661833280225,53.59219922137936,22.142972301118704
1678.875,非储层,2.269956988771805,53.17559149751574,44.554451513712465,63.9364765338551,36.0635234661449,66.39636861875762,50.49057115598017,2.631844750038054,0.05317559149751738,2.459892084902511,33.60363138124238,2.176826721611776,145.51903151628093,17.04342447138058,1.614367800390845,1.5628295950506446,117.17575885452656,53.51227800843331,22.15412021769333
1679.0,非储层,2.2417870200118473,52.66562418159806,45.0925887983901,63.859311836070695,36.140688163929305,66.30337350454337,50.00635386141996,2.606604695996499,0.05266562418159877,2.4440616684726724,33.69662649545663,2.178176349528999,135.59783068239196,15.090480770107245,2.559275102620089,2.2112141245706525,104.02930861633381,51.51994547186736,22.030617201231617
1679.125,油水同层,12.087790820428689,73.57581560057449,14.336393578996814,40.72428760513,59.27571239487,57.153332827129276,69.57908338890158,2.682217965594313,1.3145142460785912,16.42904522199927,42.846667172870724,2.2053816414106224,126.97063296054667,13.042356125004563,3.4803384964915978,2.8417294711754524,83.92806302808751,48.969306400291735,22.302056976518447
1679.25,油水同层,11.965895587653035,73.58273700336355,14.451367408983412,41.17624268415057,58.823757315849434,57.70910359877388,69.58562881225704,2.682470286424961,1.3146379046815524,16.532860914623303,42.29089640122612,2.072494995298518,117.79650931965057,11.058206579291253,4.389346535102271,3.454304786148178,86.17368159449926,46.438892764812586,22.12995401594394
1679.375,油水同层,11.955253244036031,73.45458482560639,14.590161930357585,40.76975442101158,59.230245578988416,57.40545268257604,69.46443802436225,2.6777984785665696,1.3123483226775625,16.635698261564464,42.59454731742396,2.0602178090963585,120.58363226036303,9.063749102715452,5.300989745401974,4.076412900886175,73.74606478681036,44.822554634159275,22.15367656240816
1679.5,油水同层,12.17469079604488,73.16560353259179,14.659705671363344,40.48084090774326,59.519159092256736,56.72816007414061,69.19115456402453,2.667263619937855,1.307185348629402,16.247319166397354,43.27183992585939,2.3368730750058817,130.93768168799673,9.105828714227826,5.340587540090247,4.094385516098154,67.49780337522039,44.772563972361546,22.23955711968827
1679.625,油水同层,12.407737876100242,73.3053750209073,14.286887102992447,39.5232873812188,60.47671261878121,56.17624709502351,69.32333348669786,2.672359011595801,1.3096825226136342,16.652959713804712,43.82375290497649,2.4600095433476596,128.65410868137332,9.131225248303553,5.437746678862423,4.1523334188317795,59.58808833811985,43.90721704296943,22.01035416593171
1679.75,油水同层,12.159486346111386,73.70642615048008,14.134087503408537,39.163888574591724,60.836111425408276,55.70897807483101,69.70259900703196,2.6869793937972264,1.3168477496508977,16.545089500239282,44.29102192516899,2.4928438591861752,118.40018342028777,9.171150883972235,5.522941872499544,4.200798588094236,60.57702257405964,44.91811155867725,21.996162711291635
1679.875,油水同层,11.95887935186666,73.49731371373018,14.543806934403172,38.63937478726623,61.36062521273378,55.06780632398104,69.50484582474627,2.6793561669243537,1.3131117220595432,16.42843153671481,44.93219367601896,2.205928631517103,124.40043452211194,9.19917517592554,5.647094191538655,4.269002269694789,78.0322725272311,45.556972380181165,21.992293512832035
1680.0,油水同层,12.021932134298742,73.45184655464647,14.526221311054785,37.73031859062848,62.26968140937152,53.87716803585676,69.46184849977585,2.677698654466716,1.312299400403898,16.14684944522828,46.12283196414324,2.5200289023317537,115.6676923764422,9.218341992594203,5.7081227703461455,4.310614094143635,60.86856276682722,43.587157064520106,21.92856101076937
1680.125,油水同层,11.874852954240685,73.61365122411085,14.511495821648454,37.95515068706307,62.04484931293693,53.74571024333257,69.61486373307608,2.683597269219564,1.3151902218152076,15.790559556269507,46.25428975666743,2.1351877878582295,118.7297883977214,9.240793683869187,5.751940361224531,4.347611092685316,70.17900083472396,46.14219773859458,22.2512722572727
1680.25,油水同层,11.815964566800112,73.892340199622,14.291695233577894,38.03183323342254,61.96816676657746,53.63850596314281,69.8784139677337,2.693756919789897,1.3201693120983904,15.606672729720266,46.36149403685719,2.4805530527484327,114.80700475334224,9.272332352730452,5.795244153965376,4.3750473949785835,56.93993941886161,43.737916984668544,22.327459724274064
1680.375,油水同层,11.905519210133345,73.46958673086958,14.624894058997073,37.467129524790856,62.532870475209144,53.513913948378644,69.47862500698392,2.6783453753897533,1.3126163484959132,16.046784423587788,46.486086051621356,2.3131744220409645,107.48089058962528,9.242821848253755,5.822115308279275,4.385809731947999,66.93977811757291,43.21019091293704,22.006875689533462
1680.5,油水同层,11.821729179734316,73.771126182585,14.407144637680691,37.50027427820278,62.499725721797226,53.89327448051373,69.76378445081326,2.6893380436751757,1.318003688096554,16.393000202310958,46.10672551948627,2.2524460303031404,124.49697576934498,9.192454042254106,5.920530612746691,4.444326236307572,63.02775410494678,44.352666396637765,22.126340122664487
1680.625,油水同层,11.630331318955998,74.33736872485244,14.032299956191558,36.91125670652913,63.08874329347087,52.84751005665704,70.29926797546293,2.709980504888228,1.3281202445012783,15.936253350127908,47.15248994334296,2.233533687183976,125.49063547543011,11.72499903285878,4.665038011233753,3.537518191240071,93.67383783675291,47.11463681724754,22.21075635572627
1680.75,非储层,1.9868369262053838,46.13134403861323,51.88181903518139,92.4895155840789,7.510484415921093,93.2118552753973,40.3946372562,5.690575438374619,0.04613134403861213,0.7223396913183832,6.788144724602708,1.981298088075606,141.9167800649726,14.320146043696901,3.409274430662711,2.644179528384464,127.7671741223763,50.899844592855366,22.186708225584233
1680.875,非储层,2.024155537200817,44.902634971828526,53.073209490970655,94.62255764482491,5.377442355175088,95.3453432907489,39.31872546389176,5.539006872964934,0.044902634971828725,0.7227856459239993,4.654656709251093,2.198276700661157,156.09638185477124,16.856679874166893,2.136702507953251,1.7464531053343317,158.69363867272764,52.14181840183828,22.033547149299817
1681.0,非储层,2.0497263791589235,45.893369449036,52.05690417180507,94.51684362775129,5.483156372248721,95.22909632364052,40.186256221081685,5.661219858505281,0.04589336944903835,0.7122526958892319,4.770903676359484,2.1161442098977203,158.65093077399905,19.431804114578952,0.7977347568333248,0.7967442469077671,188.2338722217251,56.9545242046072,22.03052464599003
1681.125,非储层,2.089114999591878,45.82969198075724,52.08119301965088,93.6731583443841,6.326841655615889,94.39295366289846,40.13049742440841,5.6533648643680685,0.04582969198075604,0.719795318514354,5.60704633710154,2.1737727931387347,172.1425424745288,19.384517750411085,0.801602222238349,0.8007410848339026,194.89517236842977,54.87598247928933,22.0383043215316
1681.25,非储层,2.1273857355153942,46.55448492927997,51.31812933520463,91.61858922226828,8.381410777731713,92.33835459865799,40.76515806245358,5.742772381897111,0.04655448492927802,0.7197653763897024,7.66164540134201,2.236734424070315,144.67689725262582,19.24227009959893,0.8193147388354258,0.8183852596342618,196.35059997490208,56.03566920822598,21.938667452847717
1681.375,非储层,2.0770761626046523,46.57861782580343,51.344306011591925,89.42144714696978,10.57855285303022,90.12016359223168,40.78628988987639,5.74574931810123,0.04657861782580361,0.6987164452619025,9.879836407768316,2.097091191368332,147.20121617671595,19.08928801228385,0.8431002460654848,0.8419048984846266,187.88777145248392,54.26498231642262,22.974731747093653
1681.5,非储层,2.0164997596921643,47.822896514112465,50.16060372619536,87.3638425726849,12.636157427315098,88.0655014186809,41.87583512874464,5.899238488853716,0.04782289651411378,0.7016588459959857,11.934498581319108,2.0780943358749617,163.14896067075117,19.041908331663237,0.8602506031405347,0.8587870313962805,187.60188237353177,55.00794156547854,22.77821560719111
1681.625,非储层,2.013546615594553,46.62649855995177,51.35995482445368,87.31550513902204,12.684494860977969,88.01957305717883,40.828216370185835,5.751655691205985,0.04662649855994988,0.7040679181568046,11.980426942821165,2.0436880661885257,153.90527069304966,19.10198155617485,0.8668577697386237,0.8651905538111873,187.05845168991544,55.13534898703159,22.99423850532897
1681.75,非储层,2.0443598905027107,46.107677490528246,51.84796261896905,87.80250498660851,12.19749501339149,88.51435017547074,40.3739137840159,5.687656029021819,0.04610767749052627,0.7118451888622208,11.485649824529265,2.122944632204297,149.49322703492672,19.105407780362377,0.870952208592286,0.8690793996129988,199.6422069759483,55.814943035674396,23.053005528374968
1681.875,非储层,2.010821424297032,46.65142064069969,51.33775793500328,87.72483722388003,12.275162776119963,88.45444117082495,40.850039242084804,5.754729977974188,0.046651420640697605,0.7296039469449165,11.54555882917505,1.9770116689787414,139.53882665447873,19.126526889014173,0.8712234967015404,0.869344397136414,187.82147940282135,55.44657127006114,21.970598597336473
1682.0,非储层,2.0705136399735626,47.570595879599466,50.35889048042698,86.85533685066906,13.144663149330938,87.57762964011432,41.65490957751572,5.8681157062041525,0.047570595879598,0.7222927894452695,12.42237035988567,2.0131958364833524,162.6864591677957,19.0863262489123,0.8799163668419847,0.8779371746322417,192.40447983600308,56.838238740143666,22.034603188481555
1682.125,非储层,2.031475861609204,47.13683576482909,50.83168837356171,84.71877238592054,15.281227614079462,85.42799836818003,41.275090110784134,5.814608818280123,0.04713683576482927,0.7092259822594922,14.572001631819976,2.1307066573976807,158.14889121790733,19.11172430017506,0.8901449557487947,0.8880638025549045,185.4579134079567,55.5043716731457,21.99151989980161
1682.25,非储层,2.075190760383844,45.96395411854682,51.96085512106933,83.42997793882509,16.570022061174917,84.12825586016307,40.24806326746542,5.669926896962861,0.04596395411854623,0.698277921337983,15.87174413983693,1.9477772571865921,148.3803596156939,19.16777431226082,0.9042099451219603,0.9020133518111064,196.87741301747093,55.19699447716012,22.082452174855664
1682.375,非储层,2.080890240543855,46.212152722576164,51.706957036879984,81.50353907387824,18.49646092612175,82.20929060448661,40.46539690007903,5.700543669774553,0.04621215272257659,0.7057515306083673,17.79070939551338,2.3494218626593466,162.25897098345277,19.378205250071264,0.9149331548539344,0.9125136491534869,183.7465190673998,56.24841147874788,21.972187200382912
1682.5,非储层,2.1203762586522634,45.52665866921611,52.35296507213162,79.39607412095643,20.603925879043572,80.10994791478578,39.86514810603601,5.615983904510887,0.04552665866921907,0.7138737938293422,19.890052085214226,2.040888056637949,152.38693369539462,19.632118386786825,0.9149416136512237,0.912457972237632,180.00260529871576,55.35431327992609,22.132580820285206
1682.625,非储层,2.0931734371916737,44.50031029077696,53.40651627203137,80.42240837835979,19.57759162164021,81.12457843642657,38.96643224788029,5.489377732605884,0.04450031029077789,0.7021700580667843,18.875421563573425,2.1429939013204002,152.80386126600425,19.927969856689653,0.9151161131856305,0.9125074782772389,188.23181885273308,55.48195441649518,22.061419685595983
1682.75,非储层,2.097276788691232,42.9226581819887,54.980065029320066,78.58060987901014,21.419390120989856,79.2713328746599,37.58497055455444,5.294764969252279,0.04292265818198818,0.6907229956497623,20.728667125340095,1.9848487408680817,164.02668278537658,20.226008392077752,0.9114342937539421,0.9087751095944318,184.29765520481186,55.439622937963634,21.92780614702839
1682.875,非储层,2.06621377333233,43.123089026940484,54.81069719972719,78.00177433957012,21.99822566042988,78.6787391861321,37.76047663280796,5.31948930510559,0.043123089026942535,0.6769648465619864,21.321260813867895,2.2152740314714294,169.52388487186934,20.431857951834175,0.9059145262979164,0.9032226338277456,189.71473225307707,55.352711726929925,22.19067378434515
1683.0,非储层,2.0618071291519233,43.38655137628107,54.55164149456701,78.0165413398082,21.9834586601918,78.70831247901987,37.991175873293365,5.351988951611425,0.04338655137627878,0.6917711392116767,21.29168752098013,2.0064604128054406,157.0403755235741,20.44058065210499,0.9139864616826863,0.9111451503353576,192.03796330991722,56.49418546109125,22.04921460379148
1683.125,非储层,2.054192371144749,44.531026151513956,53.4147814773413,77.54949656940072,22.45050343059929,78.24110704679732,38.99332840879519,5.493166716567249,0.04453102615151264,0.6916104773966184,21.75889295320267,2.1826821682556363,150.3352332087604,20.15696522297686,0.927234249480981,0.9242988362123159,186.23829982338455,54.89393952329221,22.17879543622699
1683.25,非储层,2.109093088226086,45.980452940051144,51.91045397172277,78.59182323327613,21.408176766723862,79.30300459832682,40.26251036246581,5.67196212464528,0.04598045294005315,0.7111813650506832,20.696995401673178,2.1674698151144813,143.72832920370192,19.88089860253224,0.9336328960893894,0.9306772180393721,196.85711714813215,55.22416534092538,22.012202831483663
1683.375,非储层,2.0811045129116557,46.02001071391862,51.89888477316972,80.20534165219495,19.79465834780506,80.91614915145533,40.297148892067334,5.6768418111373675,0.04602001071392081,0.7108074992603962,19.08385084854467,2.1329761797613327,160.72873718946408,19.527349073320742,0.9382620123248295,0.935502490090671,185.43452394742158,56.89196308924325,21.813054950445636
1683.5,非储层,2.119393032197572,47.02559611434323,50.855010853459206,82.1607094709678,17.839290529032205,82.85376263270996,41.17768377191567,5.800886746313212,0.047025596114345924,0.6930531617421599,17.14623736729004,2.057771924146485,143.31643569652752,19.40238647780114,0.9321813678266289,0.9297277781529866,189.88654090172358,56.701925135673015,21.77836855639669
1683.625,非储层,2.1361712353250963,45.68703307011892,52.17679569455598,81.62148865445249,18.37851134554751,82.29640830900436,40.0055789971071,5.635767039941705,0.045687033070116595,0.6749196545518765,17.703591690995633,2.350819690530643,155.86078102864286,19.398991733806213,0.9215285381662391,0.9194803313973305,192.87018112086182,54.68551352602867,22.128940280259446
1683.75,非储层,2.184019740763704,45.83766838813068,51.97831187110562,82.26749224628638,17.732507753713623,82.92307924294155,40.137481918122454,5.654348801620098,0.04583766838813022,0.6555869966551773,17.076920757058446,2.2443115521389396,150.32839886241797,19.363960298886674,0.9202732728103933,0.9186146145294429,191.16398714894956,54.27390146508627,21.851836733307813
1683.875,非储层,2.2278653884855126,46.270078756555435,51.50205585495905,81.20499823925648,18.795001760743514,81.84976560423736,40.51611948748781,5.707689190311066,0.04627007875655509,0.6447673649808817,18.15023439576263,2.26145775941275,152.8534433484168,19.543920419784072,0.9158657496619811,0.9144404586565749,186.29951687649876,57.70094334144097,22.0315535150812
1684.0,非储层,2.262845005009655,45.04284593309714,52.69430906189321,80.66958896959274,19.33041103040727,81.32097158511769,39.44150035887527,5.556302728288773,0.04504284593309926,0.6513826155249662,18.679028414882303,2.1741859048546424,171.6857970568596,19.70470437157489,0.9077277598953641,0.9065466111590068,197.0936979295777,56.12563417754207,22.08278137689921
1684.125,非储层,2.229906760052616,43.8783595896828,53.891733650264584,81.8907944675411,18.109205532458905,82.52352955454172,38.42182481262091,5.4126564174722125,0.043878359589681615,0.6327350870006262,17.476470445458283,2.1306557326244397,158.4823162522823,19.993247253319176,0.8921438623599621,0.8912203497906717,191.50977272265754,57.31959840987101,21.95621079280876
1684.25,非储层,2.2751579977040595,42.61943242204167,55.105409580254275,83.27962266467857,16.720377335321434,83.89940544542964,37.31945271987909,5.257360269740539,0.042619432422043996,0.6197827807510722,16.100594554570357,2.242649595471353,164.96772192251007,20.4554149011283,0.8685776570193251,0.8677741035054521,206.82726064376723,56.3961322311259,22.017743504248227
1684.375,非储层,2.214472692353384,41.23974278321687,56.54578452442974,82.35857305445184,17.641426945548154,82.98565124466852,36.11133568691738,5.087167353516275,0.04123974278321674,0.6270781902166793,17.014348755331476,2.2135765540016092,133.4496324054345,20.819793330107444,0.8529107631945212,0.8521102213492602,198.02371406280747,57.215421255590186,22.155840299432338
1684.5,非储层,2.2064729719196454,41.143294149052146,56.65023287902821,80.58830688209649,19.411693117903518,81.22873911228142,36.026881013589865,5.075269841313224,0.04114329414905346,0.6404322301849273,18.77126088771859,2.3066249709257414,160.70321595079727,21.090151639514396,0.8505914927651261,0.8497083341117228,193.2206219191989,56.85049808911097,22.062505085408624
1684.625,非储层,2.2311308156933434,41.081496893730176,56.68737229057649,78.54457854778609,21.45542145221392,79.17021939911942,35.9727686142184,5.067646782618038,0.04108149689373286,0.6256408513333371,20.829780600880575,2.145600415705221,163.6429719519594,21.166026322728413,0.8551953477485031,0.8541188214033529,209.32544531593985,55.65705160730215,21.96075137641152
1684.75,非储层,2.2081033615359793,41.953929192214126,55.83796744624989,80.37071702029542,19.629282979704588,80.99773566217112,36.736708771660034,5.175266491361879,0.041953929192212885,0.6270186418757048,19.002264337828876,2.2453860626654705,165.4010527510414,21.19575947411334,0.8618566998308079,0.8605859985793035,205.99234635691207,57.918515782975895,21.922008332054684
1684.875,非储层,2.157688152906614,41.06398924974455,56.77832259734884,79.40641377849987,20.59358622150014,80.04313095565762,35.95743814980752,5.065487110687279,0.04106398924974483,0.6367171771577489,19.956869044342383,2.0645068295672244,162.347780034072,21.233966815148605,0.857805220695377,0.8565398090292465,192.74869528499266,56.556300806126295,22.01968832206272
1685.0,非储层,2.1957692743351873,40.70113709224312,57.103093633421686,81.54476394246105,18.455236057538947,82.19543836799441,35.63970881446384,5.020727140687043,0.04070113709224096,0.6506744255333543,17.804561632005587,2.085426355704535,163.2435087616939,21.19153543361831,0.8469156490151432,0.8456564696172371,204.29036891381588,57.46486421435486,21.93792821369823
1685.125,非储层,2.130382304974668,41.42878330352238,56.44083439150296,83.3009721360253,16.699027863974703,83.95211866379238,36.27686789508527,5.110486625133587,0.04142878330352026,0.6511465277670746,16.047881336207624,2.291368730540837,164.64850267272558,21.106812877469906,0.8436424620220397,0.8423611456563729,205.7578696618944,56.29111230498853,22.082178503223943
1685.25,非储层,2.1323086111269816,42.82494887706888,55.04274251180414,82.94080400148694,17.059195998513065,83.57872345955482,37.49941198237219,5.282711945819622,0.04282494887707031,0.6379194580678903,16.421276540445174,2.338262692134833,159.6883097746205,20.88230385535534,0.8472685290442858,0.8459840892041605,198.36830486045778,55.97141158505731,22.000833929627454
1685.375,非储层,2.081792492449259,43.46260320843688,54.45560429911386,81.56500053034046,18.43499946965954,82.1927330057375,38.057770208156704,5.361370397071739,0.04346260320843426,0.6277324753970405,17.807266994262505,2.1496555205578964,163.97835318523934,20.62272126541928,0.857455808998101,0.8561080684362887,194.3572900215309,57.162806665676925,22.14457511284136
1685.5,非储层,2.13394760067681,43.53996454362584,54.326087855697345,81.78218565203068,18.21781434796932,82.42179682553915,38.125511201568855,5.37091337751336,0.04353996454362491,0.6396111735084727,17.57820317446085,2.15849731456429,154.7303469519183,20.40354852617601,0.8687205704589305,0.867358034928501,207.75264959554997,56.62204535156583,21.82359680668868
1685.625,非储层,2.119453000519288,43.83587271455628,54.04467428492443,82.48467920432672,17.515320795673272,83.11399915474225,38.384621432909086,5.407415408932641,0.04383587271455519,0.6293199504155166,16.886000845257755,2.2005889036936095,150.41492505724156,20.27503209114665,0.872079301247846,0.8707318144491256,203.18599297829394,57.608532992352444,22.060005229873976
1685.75,非储层,2.092335891360005,44.21293366833012,53.69473044030987,83.76668957758238,16.233310422417613,84.38738730968542,38.714792616268106,5.453928118393686,0.04421293366833057,0.6206977321030329,15.612612690314576,1.9275337901817402,159.45904560667864,20.076613266418633,0.8714902792511389,0.8702053523518056,199.8635265270065,57.433070976040504,22.17566968757584
1685.875,非储层,2.030861654560291,45.51992606011582,52.44921228532389,85.0953504866868,14.904649513313206,85.71941717403936,39.85925273688816,5.615153397167545,0.04551992606011551,0.6240666873525733,14.28058282596063,2.276836063032073,146.6766233688065,18.46385082693118,1.3003802792798747,0.9488677325358821,170.80217860465936,54.90646574894706,21.946058956882926
1686.0,油层,8.918230350250392,55.45667742725342,35.625092222496185,39.621370139948695,60.37862986005131,89.90345949001761,52.521614615727444,2.8796061340987213,0.0554566774272576,50.282089350068915,10.096540509982388,2.3846792474102037,176.47352501315717,16.9606749592426,1.7087366348261208,1.0201944609197748,144.00249275701796,53.55507238233045,22.176187279694553
1686.125,油层,8.712705266020325,54.6964679923869,36.59082674159278,39.9943737492412,60.0056262507588,90.15738691200016,51.801639514123586,2.840132010270929,0.054696467992382605,50.163013162758965,9.84261308799984,1.9467617683146248,147.3134208632104,15.585697259201012,2.121574915646276,1.0959882282163322,129.31354978460047,52.858262809573546,21.948047342820963
1686.25,油层,8.770655484122463,54.0461291898689,37.18321532600864,39.18419200374926,60.81580799625074,87.87206096483504,51.185720105675244,2.806362955003782,0.05404612918986709,48.687868961085776,12.127939035164959,2.0673599845220414,160.3578003578007,14.298719567633727,2.5552033668471568,1.1715502822914008,114.40363881389308,52.20563497913816,22.04839551961752
1686.375,油层,8.829330304819905,54.323797569791886,36.84687212538821,38.14354253045397,61.85645746954602,88.10964780147175,51.448692795671306,2.820780976550788,0.05432379756979688,49.96610527101779,11.890352198528243,2.050680284821458,162.308355069702,14.502425176171108,2.529602886501944,1.1612660219705098,112.539831596543,50.84928900380807,22.036204365372736
1686.5,油层,8.869811854748603,53.541335413872446,37.58885273137895,39.17222714687243,60.82777285312757,88.39990987056198,50.70764270556266,2.78015137289591,0.053541335413877233,49.22768272368956,11.600090129438012,2.0798364259389506,152.8180277012301,14.559063967217375,2.52824806359589,1.1669966178176576,118.73846245253159,52.14900811848024,22.06380873339186
1686.625,油层,8.76754290044605,54.42172700509601,36.810730094457945,39.82377724926497,60.17622275073503,87.84952677551495,51.54143928354603,2.8258659945448876,0.05442172700509118,48.025749526249975,12.150473224485058,2.1270087384651144,164.53633568433347,14.545985221785788,2.529199344724586,1.1749872769369245,102.90517748388791,49.298345455978684,22.08645418563517
1686.75,油层,8.920299770166947,54.32661523877693,36.75308499105612,39.500827922314215,60.499172077685785,86.39821384907475,51.45136133860271,2.820927284935452,0.05432661523877211,46.89738592676053,13.601786150925255,1.894958217612111,165.44254078094667,14.535929473712102,2.5291893164637522,1.1826438498210512,97.10800933127382,50.29247336187989,22.049814179578245
1686.875,油层,9.162802624299003,54.44443742511629,36.392759950584704,38.458436735762405,61.541563264237595,86.65241985662672,51.562947747150446,2.827045240540722,0.0544444374251208,48.19398312086433,13.347580143373271,2.060517334020248,150.49885145739933,14.504124257190867,2.569531363766581,1.1989752824887085,106.02692027201797,50.07007157475781,21.986252936844952
1687.0,油层,9.401209626212758,54.01804758184048,36.58074279194676,37.57031980361087,62.42968019638913,85.47988742788775,51.15912472594675,2.804904808311888,0.054018047581842754,47.90956762427688,14.520112572112254,2.020176201233269,149.39320453729903,14.592138257080887,2.5786438561719427,1.2024226917030783,113.19151030979904,50.16221877352075,21.993307018214384
1687.125,油层,9.561815467020107,53.32856984229258,37.10961469068731,38.59936124865539,61.4006387513446,85.50855060477345,50.50613782152645,2.769103450923843,0.0533285698422873,46.909189356118056,14.491449395226553,1.8305504204438172,158.21490742258706,14.690559258381889,2.5709489514845902,1.1997173073812644,94.23559113573216,49.629678815098444,22.08829833495859
1687.25,油层,9.774223165610396,52.906809651930764,37.31896718245884,39.00472256997724,60.99527743002275,85.191295619658,50.10669942734034,2.747203414938497,0.05290680965192689,46.18657304968077,14.808704380341986,1.8923624376775945,160.03451861901866,14.808335753068292,2.546433829874794,1.2025853285729546,103.67273670752292,51.65996368262196,22.001094518893563
1687.375,油层,9.71042713019345,53.280095117091705,37.00947775271483,39.04297609964728,60.95702390035272,84.00593049315748,50.46022863702936,2.7665863849452634,0.05328009511708642,44.9629543935102,15.994069506842523,2.1196483955968612,175.5518569834444,14.786576853705863,2.5142500196951683,1.2088362557424317,109.37207582244008,50.82333387255885,22.60002302537876
1687.5,油层,9.925926318038082,54.06860874887354,36.005464933088376,39.79651772829716,60.203482271702846,84.62830203739986,51.20700992665888,2.8075302134657862,0.05406860874887544,44.831784309102694,15.37169796260014,2.1656542181961917,158.8426911236641,14.64693871568985,2.508643781993773,1.2259694651396669,105.15631929246842,50.97528694582466,22.551555846588773
1687.625,油层,9.801088672993384,54.847526207320826,35.351385119685794,40.65545449773922,59.34454550226078,84.60500373683769,51.944702923569764,2.8479757575437503,0.0548475262073158,43.949549239098474,15.394996263162309,2.0924006688428154,154.13221271010624,14.401454742719515,2.5049775310567273,1.2415256088115791,115.14524324837376,51.20976598941146,22.806844601241956
1687.75,油层,9.68157455050382,55.39332096077905,34.92510448871713,41.824889528467246,58.175110471532754,86.44241254051161,52.46161131098662,2.876316328831651,0.05539332096077369,44.617523012044366,13.557587459488385,2.0355397901939534,159.66724758767697,14.148834107819063,2.5029170872330226,1.2527532249715851,111.53092460123041,49.22938429792775,22.686480585692536
1687.875,油层,9.618381851802623,55.65863272177002,34.72298542642736,41.66017520105431,58.33982479894569,86.28297385148504,52.71288136015367,2.8900927288945706,0.05565863272177403,44.62279865043073,13.717026148514954,1.9856486823404027,170.0549707655472,13.921792368775604,2.4956227861474582,1.2653293572412547,110.344119817842,49.5934930518148,22.388663316659475
1688.0,油层,9.688076603771686,56.366182049364156,33.94574134686415,42.680081853113236,57.31991814688677,86.32394408915667,53.38298340790553,2.9268324594092627,0.056366182049365915,43.64386223604343,13.676055910843331,2.2580568273082604,161.12970712281427,13.807129392253414,2.4646358742249284,1.2646181947358692,104.2715945230144,51.6099942390902,22.41441287996495
1688.125,油层,9.709504988420312,55.74758397731132,34.54291103426837,43.69711116792806,56.30288883207195,86.78712977194975,52.79712484136934,2.8947115519646784,0.05574758397730688,43.0900186040217,13.212870228050244,1.909824243678651,146.55744635308127,13.84766883608868,2.433904522058225,1.2623679945607276,101.6444194372146,52.11183427250932,22.106011738715438
1688.25,油层,9.631811686600052,55.04164051466316,35.32654779873678,43.507632513399116,56.49236748660089,86.1495808181876,52.12854366763536,2.8580552065131286,0.055041640514667464,42.64194830478849,13.850419181812402,2.0384445069750945,160.469727976596,13.923896187132623,2.373018182051464,1.246256803737989,100.86543523574757,50.77865114707916,21.904613081218862
1688.375,油层,9.649951173245755,54.48975742361697,35.86029140313728,44.62924356026798,55.37075643973202,88.06172575004189,51.60586916989094,2.829398496302413,0.0544897574236175,43.43248218977391,11.938274249958114,1.910226189615834,165.8192754779957,13.981585814916466,2.340994264497672,1.2333362923857483,107.5643769201516,51.26737471621584,21.892566092853208
1688.5,油层,9.404292639428078,55.68319174212226,34.91251561844965,43.92276604222177,56.07723395777824,87.74125441446195,52.736140586312196,2.891367964067946,0.05568319174211918,43.818488372240175,12.258745585538055,1.985782472178235,151.69353266772637,13.908105165866294,2.3309741285666954,1.2281622451211138,101.77702813689935,51.56644578608801,21.94728647738192
1688.625,油层,9.464807847603044,56.284018005644164,34.251174146752795,44.92589464043063,55.07410535956938,89.16833904938855,53.30516792310315,2.922566064535376,0.05628401800564231,44.24244440895792,10.831660950611454,1.9491283792020857,170.23042477649975,13.802033550017104,2.330115596568471,1.2285386399037552,88.30679824934933,50.02302226292258,21.848051149337916
1688.75,油层,9.476185964269568,55.95970637631299,34.564107659417445,44.567337793247006,55.432662206753,88.01747180833279,52.998020592946645,2.905726076990023,0.05595970637631842,43.450134015085794,11.982528191667207,2.054014237016141,138.78762864256936,13.559832608200153,2.3609246675144475,1.2428366445890082,100.51549736377167,51.947333720219156,22.07710856868862
1688.875,油层,9.563786155695045,56.87116669049739,33.56504715380757,45.15400200377107,54.84599799622893,89.70762274379894,53.86124157155503,2.953053952251859,0.056871166690499256,44.55362074002787,10.292377256201068,2.069614748022859,146.43934381460159,11.400128145182885,3.0795956721614455,1.9302179518456208,94.75622681081957,49.027128796165975,21.986139148645503
1689.0,油水同层,4.00008040143932,82.8776945986861,13.122224999874573,65.12111048831753,34.87888951168247,88.63699986526267,67.59252981735028,13.049518118920808,2.2356466624150166,23.515889376945147,11.363000134737334,1.995905650018333,119.69537476610259,9.337298590298179,3.761782443739974,2.5994822224834913,104.0585580959943,48.19667390344078,22.385379305410247
1689.125,油水同层,4.116792495930635,82.60615043535987,13.277057068709514,66.2753522908979,33.72464770910209,89.11100322605144,67.37106664749219,13.006762097574272,2.2283216902934027,22.835650935153524,10.888996773948566,2.0049775981025837,114.20524414043473,7.200347174759881,4.482437300551427,3.2883063641698516,112.9445525802511,45.04946063051936,22.195805447941844
1689.25,油水同层,4.1568501858098355,82.85411440922962,12.989035404960545,65.6654153834892,34.334584616510796,89.11881189044111,67.5732985312165,13.045805297141078,2.2350105808720433,23.4533965069519,10.881188109558892,2.2748869542881973,102.00909498270023,5.206755496194901,5.163639067165784,3.954285711362295,90.0221360978847,44.516420441868206,22.24966908316954
1689.375,油水同层,4.234904894217937,82.52054264742988,13.244552458352176,65.93116131350999,34.06883868649001,89.1669850066637,67.30124753649648,12.993282712256882,2.2260123986765246,23.235823693153705,10.83301499333631,2.36149491748585,105.3675024561839,5.211003428835101,5.126490197385331,3.9394890022259457,99.86371663119695,43.3826817082996,22.35116764352445
1689.5,油水同层,4.322002280350266,82.52251645003476,13.15548126961498,66.46452360149895,33.53547639850104,89.49463781392616,67.30285730993515,12.993593497601239,2.2260656424983676,23.030114212427204,10.50536218607384,2.3048063935846526,108.96637015316668,5.235836425432395,5.07101075723,3.908493983767581,97.20203251168004,45.215073093231204,22.085087840286562
1689.625,油水同层,4.44605870947922,82.01492977361067,13.5390115169101,67.58569165215698,32.41430834784301,90.00983745980263,66.88888503757384,12.91367137183516,2.2123733642016754,22.424145807645633,9.990162540197378,2.0161744022360324,97.60823070560328,5.290636643735949,4.96385869906306,3.852923643954478,97.52557127476214,44.00123775066107,22.07633172527029
1689.75,油水同层,4.3728404943176455,82.02604529037536,13.601114215306985,68.15930608447587,31.84069391552412,90.02847283759688,66.89795051534794,12.915421566964556,2.212673208062879,21.869166753121007,9.971527162403115,2.3953303631459644,104.33905258303359,5.31485437201003,4.938622877275775,3.842498622982305,97.35408831001254,42.8899999455004,21.82488773343965
1689.875,油水同层,4.28904690945673,82.25467541034568,13.456277680197584,66.17321626381761,33.826783736182385,88.67004924523958,67.08441429521137,12.951420552065802,2.218840563068519,22.496832981421967,11.329950754760421,1.9760575798281856,103.41192349940935,5.357560663879819,4.870275469863205,3.797534011109835,92.98471823241938,43.953597329399614,22.2851371245568
1690.0,油水同层,4.169872164147959,82.12339736396596,13.70673047188608,67.7293075153454,32.2706924846546,90.24608307692623,66.9773479089267,12.93075015029915,2.2152993047401064,22.516775561580836,9.753916923073769,2.2509199819519394,101.70715384464096,5.344834109217072,4.912609491522689,3.8184023548385913,94.99419057142252,44.44967825376591,22.04471196315924
1690.125,油水同层,4.073831496286748,82.50630803651877,13.419860467194479,66.33421748470832,33.66578251529169,89.13792743201036,67.28963822029739,12.991041399755371,2.225628416466013,22.803709947302043,10.862072567989644,2.257772927512433,99.39898847341993,5.294993679866305,4.952455972515609,3.831822877275461,96.47135559529436,43.76546839678368,22.033587958107844
1690.25,油水同层,4.149801136228288,82.62992557801574,13.220273285755969,68.10236514110987,31.897634858890132,91.52960932727359,67.39045693153255,13.010505615735223,2.2289630307479658,23.427244186163723,8.470390672726413,2.175703587119031,104.20679906895732,5.237906393628776,4.965122413192624,3.8335490756461086,90.86343157180399,43.726459416967074,22.09676238849269
1690.375,油水同层,4.262731381303204,82.69059863249524,13.046669986201548,67.54220278501506,32.45779721498494,91.34988161162677,67.43994003146521,13.020058899373172,2.2305997016568604,23.80767882661171,8.65011838837323,2.3662784882045242,97.20853859294114,5.151387803068402,4.999086625656507,3.858918649226604,91.86847283977754,43.776607468583194,21.992549867875276
1690.5,油水同层,4.148937401930959,82.88244194686236,12.968620651206674,69.53731721660179,30.462682783398208,92.88269961133182,67.59640161029422,13.050265613241722,2.23577472332642,23.34538239473003,7.11730038866818,2.483619052743158,107.65585145553383,5.0899848305597075,4.98348594282224,3.8528558912643827,87.29175164177512,43.03831033604635,21.85112114957661
1690.625,油水同层,4.2179796733715005,82.79873065637837,12.983289670250143,69.18944680240124,30.810553197598768,92.64586062672113,67.5281292249982,13.037084841174899,2.233516590205273,23.456413824319906,7.354139373278867,2.353978850998224,96.4237422534302,5.0891082203565725,4.933094042577665,3.8282091297067566,87.30592572715354,44.51228596247733,22.03787622490254
1690.75,油水同层,4.316013837800094,82.37482063336088,13.309165528839017,70.31680691804719,29.68319308195281,93.22770270328145,67.1824010889849,12.970338033690146,2.2220815106858445,22.91089578523425,6.772297296718555,2.417031588126218,97.37074884114196,5.087936036834012,4.830437299333929,3.7686510526337504,90.36607927973094,43.961481154855285,21.96438590245718
1690.875,油水同层,4.428920811997071,82.25490969334015,13.31616949466278,71.87058178030716,28.129418219692838,95.34516154539897,67.08460536930393,12.951457441124987,2.218846882911235,23.474579765091796,4.65483845460104,2.3067111195972045,101.57267219362329,5.121524670430405,4.776877200032823,3.7243161464963057,102.0563218421076,41.22415444136539,21.997789004054933
1691.0,油水同层,4.356075454269362,82.24757920823629,13.39634533749435,70.15271362227975,29.847286377720252,94.1556150426781,67.07862684835982,12.950303218645143,2.2186491412313325,24.00290142039834,5.844384957321913,2.318035043370352,99.89127933566546,5.184872674828796,4.68093030257842,3.657307933442143,88.35653965151354,43.513675516348385,22.190664000793785
1691.125,油水同层,4.4479519221574675,81.81366999713148,13.738378080711039,70.6951349816752,29.30486501832481,94.02359808306653,66.72474367832663,12.881981987707231,2.2069443310976213,23.328463101391343,5.9764019169334714,2.1204100095917386,91.85872620223017,5.2227949947216015,4.660969004904546,3.6327980388735357,104.55846491851881,43.88892524648554,22.160761288787743
1691.25,油水同层,4.352037163891981,81.94948730063332,13.69847553547469,69.50090406699096,30.499095933009045,93.03304474949205,66.83551214481346,12.903367118790957,2.2106080370289023,23.532140682501097,6.966955250507945,2.2694320152031633,104.90656879583122,5.307036276433941,4.675389525862538,3.6259415229648315,106.0715315800584,42.95772348753454,22.118183471156943
1691.375,油水同层,4.310343583572727,81.72684980441863,13.962806612008638,67.95571683935798,32.04428316064203,91.70749717034212,66.65393576682393,12.868311703037987,2.20460233455671,23.751780330984147,8.292502829657877,2.2581426790605743,102.7894743154158,5.414478548901316,4.653222793513251,3.59897305722391,94.13095005847428,43.853020107836755,22.11462136247221
1691.5,油水同层,4.2003361425555115,81.46757311566287,14.332090741781615,67.15441939918902,32.845580600810976,90.82068439529193,66.44247757652884,12.827487258486103,2.1976082806479225,23.666264996102917,9.17931560470806,2.3143879250948016,92.4998677168955,5.460717415932693,4.710608132029424,3.6230003819372745,101.51070713058265,44.12133198182357,22.09272209793517
1691.625,油水同层,4.161484471926428,81.84874438920455,13.989771138869017,66.4821934626033,33.5178065373967,90.08653657087997,66.7533492869105,12.887504630646127,2.2078904716479135,23.60434310827667,9.913463429120029,2.2499987516212756,93.52484093997751,5.531633915303435,4.722285601298639,3.61409083652746,94.0326514235117,44.11905343937748,22.289677548788035
1691.75,油水同层,4.10616750853314,81.59443818592149,14.299394305545368,66.28734142692278,33.71265857307721,90.19749844163127,66.54594487355922,12.847462814527018,2.201030497835246,23.910157014708478,9.802501558368737,2.26567821766111,89.45437631760768,5.6112873652026245,4.740243440779956,3.6139459241288807,100.6884952668501,44.80945927337932,22.429651916393173
1691.875,油水同层,3.990055687512104,81.39754508122789,14.612399231260003,64.36366669629044,35.63633330370956,87.83892830390336,66.38536483915702,12.816460985269687,2.1957192568011847,23.475261607612936,12.161071696096638,2.199481273510769,101.3065342882122,5.6166501671905245,4.780945768171671,3.6363612700447656,91.32005498227431,43.452366608411666,22.43477022645843
1692.0,油水同层,3.9344566897859377,81.75617900664616,14.309364303567895,65.25511493503689,34.744885064963114,88.87574685493813,66.67785577311372,12.872929736366917,2.2053934971655256,23.620631919901243,11.124253145061868,2.3899015981796667,103.26895713467091,5.618649353520084,4.824289317021527,3.6679938611713654,101.2819703259463,43.6692213770526,22.354546117996456
1692.125,油水同层,3.9109991144027405,82.18472666076715,13.904274224830104,64.81075323151285,35.18924676848716,87.7361817756478,67.02736622015972,12.940406762656709,2.216953677950728,22.92542854413495,12.263818224352207,2.1361971294442172,96.56914918148557,5.604129916455115,4.876396866091181,3.7069505511170697,109.82363518509165,44.84084889308831,21.95680369982989
1692.25,油水同层,4.002791029142386,81.97615859000513,14.021050380852481,64.80140572282006,35.19859427717994,88.15388288669334,66.85726443812786,12.90756665010753,2.2113275017697416,23.35247716387327,11.846117113306665,2.313619215637642,112.42981626626184,5.568832987841278,4.851932271112586,3.697883985424639,89.07244242121492,43.984421262617225,21.9316606098203
1692.375,油水同层,4.068981048358305,81.55350822807945,14.377510723562253,66.70773415449628,33.29226584550372,90.17831655080477,66.51256364343142,12.841018182722856,2.199926401925176,23.47058239630849,9.821683449195229,2.219502176857909,107.12663522723005,5.560698400394026,4.872647287145569,3.716505452366431,102.27110593509302,44.70147120891593,22.003529605879027
1692.5,油水同层,4.127882063412511,81.75396247436971,14.118155462217775,64.76599197464202,35.23400802535798,88.08156014332747,66.67604803672926,12.872580731990737,2.205333705649723,23.315568168685434,11.918439856672535,2.2258615200212564,104.08301348760527,5.553454727991149,4.905517592415839,3.730675861455605,103.8827356470965,42.75507497052821,22.014146943299995
1692.625,油水同层,4.094538364495957,82.16001535810177,13.745446277402262,63.62582154422304,36.37417845577696,87.27233321191609,67.00721243245698,12.936515841300423,2.2162870843443816,23.64651166769306,12.727666788083901,2.409604757949677,88.09542188219262,5.540306916199603,4.917554360440389,3.7313748472416606,94.5629438756626,44.31475959522815,21.995363377799766
1692.75,油水同层,4.048055117669011,82.04126104473379,13.910683837597206,64.61446567908223,35.38553432091776,88.76169392139698,66.91036002233464,12.917817365534418,2.2130836568647174,24.147228242314757,11.23830607860301,2.32699928888945,89.13322823848023,5.500678851527737,4.983559859916993,3.7659168555337392,92.78869059106478,44.6407142475247,21.903657537426138
1692.875,油水同层,4.0853078464658275,82.00536283842456,13.909329315109614,65.15559823127035,34.84440176872966,89.67242374525114,66.88108253588796,12.91216500881845,2.212115293718159,24.5168255139808,10.32757625474886,2.4884447599343957,96.30240860803372,5.4806565371075155,4.956644124249885,3.7320241473201623,91.95799457160342,44.76995721673312,21.857182076743904
1693.0,油水同层,4.103482779941458,81.75155707215909,14.144960147899448,66.1540847255061,33.8459152744939,91.37190126138633,66.6740862637645,12.87220198907465,2.205268819319939,25.217816535880218,8.628098738613676,2.4278675686095914,92.28786310027682,5.467294146122995,4.930193918209628,3.692992926772761,85.89537241913087,45.94174451900666,22.002011102118885
1693.125,油水同层,4.1426636821039615,82.03351942925312,13.82381688864292,64.57360820926968,35.42639179073033,90.51416075922393,66.90404619594571,12.916598408467939,2.2128748248394725,25.940552549954255,9.485839240776073,2.14728912209437,93.58959839298332,5.492927028547101,4.937112345137504,3.672422506093027,101.96197335619597,43.21318272552634,21.88225458905181
1693.25,油水同层,4.129993154491007,81.68654821795718,14.18345862755181,62.93839183523069,37.06160816476931,88.972326327717,66.62106701730366,12.8619660115308,2.203515189122718,26.03393449248631,11.027673672283,2.1728490597986525,99.60815111443982,5.497525115287756,4.981701144976428,3.680865637150494,95.77468893257097,44.57769594073359,21.94969349990437
1693.375,油水同层,4.043697036098873,82.04548377881294,13.910819185088199,62.88392056645928,37.11607943354072,88.86197105560902,66.91380395595921,12.91848225667484,2.2131975661788763,25.97805048914974,11.138028944390976,2.273016437591533,93.755454829434,5.518623673896016,5.0093422212717655,3.6936647927029314,95.33442198625657,44.32012612624165,22.12825947725133
1693.5,油水同层,4.061305172005113,81.69523446949312,14.243460358501766,64.24087540119154,35.759124598808455,89.4430511795719,66.6281512601604,12.863333706389504,2.203749502943217,25.202175778380358,10.556948820428103,2.1460243342857184,104.75290195371272,5.538628939178155,5.003281641968558,3.696343576681933,87.79304511071543,45.34646407719582,22.0953089849342
1693.625,油水同层,4.129390230247132,81.91126146363948,13.95934830611339,64.28796061349185,35.71203938650815,89.36372939826346,66.80433631349587,12.897348264684583,2.209576885459019,25.07576878477161,10.636270601736541,2.3614690823601037,107.84195256382395,5.525180648897831,5.007287104176941,3.7036838248726314,99.20187151797218,44.456820706385884,21.96169080802639
1693.75,油水同层,4.06129903116104,81.87693031685282,14.06177065198614,63.34715150827456,36.65284849172544,89.07812235123632,66.77633687318715,12.89194264952836,2.208650794137318,25.73097084296175,10.92187764876369,2.3463486247705725,88.72466753063108,5.512256396734388,4.965918912160574,3.681850609016248,93.49322583116287,44.964679687513325,22.045520351026113
1693.875,油水同层,4.051150435632233,82.02846197411581,13.920387590251945,64.97244713102106,35.02755286897895,90.98623803264447,66.89992148918566,12.915802086215377,2.2127383987147753,26.013790901623413,9.013761967355538,2.1416562265406927,77.47986015268195,5.444512400971035,5.007806658756934,3.7068855671762413,83.84165571487988,44.8399874589207,21.83259877532127
1694.0,油水同层,4.150252826598357,82.24277610978412,13.606971063617538,64.8364014705796,35.163598529420405,91.03274164465584,67.07470958718457,12.949546946157325,2.2185195764422074,26.196340174076244,8.967258355344153,2.16043326415583,97.05344969391366,5.378490273436055,5.084475631658962,3.758104787953984,93.62370937274385,45.0915240777387,22.13276732212139
1694.125,油水同层,4.142600121267965,82.62362184644977,13.233778032282261,63.74888830392217,36.25111169607783,89.2427362191222,67.38531579958025,13.009513060866448,2.2287929860030613,25.493847915200025,10.757263780877802,2.2071544661892153,87.10426435422184,5.259285985881019,5.158485374151651,3.8188380756968985,93.64034845612588,44.03544123037715,22.264525565484657
1694.25,油水同层,4.110386477476915,82.98859247616627,12.901021046356812,64.99955468524756,35.00044531475244,91.00810809970307,67.68297475704796,13.066979558558275,2.2386381605600496,26.008553414455506,8.991891900296933,2.295672768803737,98.44817968347112,5.149715057206254,5.2951673029581245,3.9122030000303796,94.31781606396042,42.54552087998257,21.974093596177912
1694.375,油水同层,4.135499203666808,83.18625733348527,12.678243462847927,63.93592055397879,36.06407944602121,90.42403604932232,67.8441842094449,13.098102904225023,2.2439702198153446,26.48811549534353,9.575963950677679,2.3030879021431483,82.71459751474178,5.058671844654248,5.37728120539875,3.9735788542437374,99.1793489462927,43.72466879449288,22.167920435882277
1694.5,油水同层,4.185833083162683,83.1515487997008,12.662618117136512,65.22929750470267,34.770702495297336,91.66859552339545,67.81587698376612,13.09263786755026,2.243033948384432,26.439298018692792,8.331404476604543,2.4353076020546744,103.61668689903046,4.9749153047737416,5.458472174566982,4.025930923153646,93.586684378935,44.61906955665532,22.11659511895607
1694.625,油水同层,4.242933217542583,83.36990200347354,12.387164778983877,63.897870887170484,36.102129112829516,90.34125196296958,67.99395922300056,13.127018699482838,2.248924080990147,26.443381075799106,9.658748037030417,2.3458654483236114,85.86361876267507,4.921045320557913,5.611900275311742,4.128352779031272,85.26900848272409,44.35522888119678,22.03308948175215
1694.75,油水同层,4.200357618537935,83.73186564420371,12.067776737258363,62.01033932494645,37.98966067505355,87.85142563938821,68.28916577160595,13.184011731335026,2.258688141262727,25.841086314441764,12.148574360611786,2.218259508481592,101.31787653017301,4.845332890438465,5.730070806831133,4.217476401967983,96.75299753266131,45.02208895143326,21.971099048171478
1694.875,油水同层,4.241063761379086,84.00231248415804,11.756623754462879,63.17444473061226,36.82555526938774,89.33813535664225,68.50973399785958,13.226594973488154,2.2659835128103047,26.163690626030007,10.661864643357744,2.426896949580074,102.55225707563865,4.746742002125577,5.924351571891002,4.354906549142627,98.80150028444238,43.35350685455268,21.87199804083932
1695.0,油水同层,4.18691599190018,84.40264582163348,11.410438186466337,62.999289536857006,37.000710463142994,89.14301801240552,68.83623370542526,13.28962951090248,2.2767826053057494,26.14372847554851,10.856981987594484,2.385410123636504,94.2401564988179,4.664488844280658,6.0087376376309365,4.426219281939467,85.63749791062881,42.78934500880815,21.942774695398967
1695.125,油水同层,4.1806406678485954,84.28324085943312,11.536118472718284,64.63815618778501,35.361843812214985,90.68183044904178,68.73885064588252,13.270828587140448,2.2735616264101477,26.043674261256772,9.31816955095821,2.33737583236929,91.25294579971357,4.562151124502609,6.013179768309993,4.445819480282265,89.59381331913818,44.02208880239249,22.056533317974235
1695.25,油水同层,4.25031902207644,84.46959060841768,11.280090369505878,65.94005843211497,34.05994156788503,92.28065466411948,68.89083183968488,13.300170310961382,2.2785884577714217,26.340596232004508,7.719345335880523,2.3622137203537683,101.38357291617884,4.5397542994063045,6.001133969573675,4.445931870218482,100.32625656699841,44.277081082554275,21.910264788112507
1695.375,油水同层,4.231472655711118,84.16384501759538,11.604682326693498,64.51578292240924,35.48421707759076,90.51952358318734,68.64147502463047,13.252029099426297,2.2703408935386165,26.003740660778096,9.480476416812667,2.292935476490584,82.79893734503415,4.535953492599313,5.977917789742037,4.439800936689216,83.02018692651038,44.167027050123636,22.023701511042034
1695.5,油水同层,4.115937714788517,84.46296532385095,11.421096961360535,64.01052016407237,35.98947983592762,89.63078605441326,68.88542845887422,13.299127125923297,2.2784097390534304,25.62026589034087,10.369213945586742,2.2750854795720143,92.93304976223202,4.558648092348536,5.971038069344811,4.429763451632084,92.59939169415405,43.78135408580593,21.994793826202105
1695.625,油水同层,4.221793509490376,84.0544814886239,11.723725001885724,63.87616467207552,36.12383532792448,90.01813252353989,68.55228145296164,13.234809250831653,2.2673907848306083,26.141967851464376,9.981867476460105,2.0776017394852815,97.41199735518367,4.6086423314993805,5.992071182391535,4.424099151932733,91.80368587477463,44.18846391280436,22.063359948426235
1695.75,油水同层,4.3369525412869745,84.03903257547223,11.624014883240784,63.03477023384668,36.96522976615332,89.91195080622532,68.53968178874673,13.23237674021385,2.266974046511658,26.877180572378645,10.088049193774673,2.5443780762963284,84.440992034715,4.631902137995875,5.9695597743160285,4.395594292222361,92.04696100378322,41.358518843882635,22.075717144012813
1695.875,油水同层,4.311535502190368,83.82309594438738,11.86536855342225,64.01547746147584,35.98452253852415,90.85923542031584,68.36357043277891,13.198376410046302,2.2611491015621707,26.84375795883999,9.140764579684157,2.468591388318299,96.14975366971444,4.644857054750665,5.9682958825481425,4.3765005190649715,88.00144275722161,44.718405667247836,21.964919465469194
1696.0,油水同层,4.236988023704623,84.20245869711096,11.560553279184422,63.15128260238815,36.84871739761185,89.98573660717847,68.67296716852579,13.258109021327078,2.2713825072580933,26.83445400479032,10.014263392821531,2.2579049849941457,96.83207867257302,4.586762435080827,6.002191156838289,4.398802352037563,93.15297260843005,43.956801135623806,22.036468727829114
1696.125,油水同层,4.328221764207105,84.4474858058138,11.224292429979101,64.96946329963886,35.03053670036114,92.00317716235409,68.87280383424451,13.296689796409291,2.2779921751599903,27.03371386271522,7.996822837645912,2.268080239904611,94.68866876623957,4.551746867657364,5.987902380897677,4.395970181586753,97.40950466234284,43.92523725244391,22.215405994935736
1696.25,油水同层,4.40644496047702,84.20487995768154,11.38867508184144,64.8096194669101,35.19038053308989,91.9464206552043,68.67494187508714,13.25849026122328,2.271447821371128,27.1368011882942,8.053579344795692,2.3919771543426283,95.37324592446333,4.515634527213915,5.988001815376181,4.3976398631151286,85.23742464803374,42.75627520254141,22.05778808992303
1696.375,油水同层,4.320309971683884,84.06669653981031,11.612993488505804,65.3434727221992,34.656527277800805,92.68976918389357,68.56224367760527,13.236732573295583,2.2677202889094583,27.34629646169438,7.310230816106422,2.286365155563132,96.56335122536787,4.494057913633652,5.991987324695042,4.393637874826064,90.98959844587351,42.86879200842173,22.10874575020347
1696.5,油水同层,4.369051171510418,84.22344153302875,11.407507295460826,63.61992825545255,36.38007174454745,91.39806165669808,68.69008013202331,13.261412876469542,2.2719485245358992,27.77813340124553,8.601938343301917,2.2307851509722796,89.55131433146938,4.511514115767073,5.960901110015311,4.355592710265091,90.75908175410277,42.789151919048024,21.971394555903064
1696.625,油水同层,4.284946820634715,84.21283102543029,11.502222153934989,64.85521332940394,35.14478667059606,93.077592391177,68.68142652438257,13.259742197623714,2.2716623034240047,28.22237906177308,6.922407608822989,2.417731036838768,104.78719271807047,4.551915547089233,5.940198201231016,4.326933733337637,95.42074384155778,44.242555922636406,22.51171947799648
1696.75,油水同层,4.373086797898119,83.84310721500955,11.783805987092324,63.64664077091354,36.35335922908646,91.32989386513142,68.37989101713833,13.201527287249526,2.2616889106216953,27.683253094217886,8.670106134868572,2.304670155043224,93.2154110654644,4.554194329116735,5.951283376545342,4.326937441893232,99.85081711121553,43.98887434622333,22.44723454893194
1696.875,油水同层,4.4308806454782905,83.958377343223,11.610742011298703,64.7006711710827,35.2993288289173,92.58272138674937,68.47390183170123,13.219677160191523,2.264798351330255,27.88205021566666,7.417278613250633,2.226361687467009,112.30686526304505,4.577967497871385,5.854733102928441,4.259784961891205,93.32940721352183,44.62899649687449,22.507588313536175
1697.0,油水同层,4.353463901146926,83.79277678346372,11.85375931538936,65.51191920935024,34.48808079064977,93.81394123883298,68.33884304625238,13.193602502642873,2.2603312345684716,28.302022029482742,6.186058761167024,2.198306081904474,114.25026932270883,4.617367214386431,5.7359732696940275,4.180816982279045,99.12837243730529,43.3751586128949,22.430602308652755
1697.125,油水同层,4.336999675207695,83.55459584088877,12.108404483903536,67.0488208538355,32.9511791461645,95.52625865091305,68.14458990563502,13.156099691533516,2.253906243720241,28.477437797077553,4.473741349086946,2.402099799106447,84.43605157604009,4.585570729277174,5.644762314293334,4.132092440905265,77.69233584207267,43.450287397218176,22.063023290329838
1697.25,油水同层,4.2231709336605885,83.97254156756584,11.804287498773574,67.98527726736395,32.014722732636045,95.8165986775992,68.48545374275363,13.221907389966821,2.2651804348453846,27.831321410235248,4.183401322400804,2.202264371574818,97.43136977473385,4.59632077584547,5.546261012238283,4.066883880644736,94.28338698740669,42.152317209734235,21.875247231581174
1697.375,油水同层,4.153002353799608,83.83798556459287,12.009012081607514,67.57013668659486,32.429863313405136,95.78247507906721,68.37571395465874,13.20072085712095,2.2615507528131906,28.21233839247234,4.217524920932791,2.256072689664828,105.27116426273064,4.58585832593425,5.442687487614247,4.003160423644624,102.04649261994616,42.744061225929215,22.230923534351277
1697.5,油水同层,4.201518903735491,83.70169513104531,12.09678596521919,69.54484683218679,30.455153167813208,98.28998185225922,68.26455961768073,13.179261229284696,2.2578742840798887,28.745135020072414,1.7100181477407883,2.360248465519217,80.99631736870033,4.568469655600503,5.379419720454007,3.9750592213377574,94.94792537980096,43.82652268580208,22.112836795770814
1697.625,油水同层,4.198586031004363,83.66044988969301,12.140964079302636,70.36439910992597,29.63560089007403,98.27067314640495,68.23092125190054,13.17276695447466,2.256761683317818,27.906274036478983,1.729326853595048,2.2109477221712215,90.87853837310531,4.551048039561201,5.304070265039217,3.9244069779561412,98.2578672264098,44.80764207219913,21.98446910482958
1697.75,油水同层,4.121320132544924,83.9458740316793,11.932805835775767,71.34672416811924,28.653275831880766,99.99,68.4637045106678,13.21770844965576,2.2644610713557416,28.643275831880764,0.009999999999998899,2.3412223045190492,98.0694454371401,4.535797131355679,5.234398438178483,3.873139950165734,81.62208888863228,44.41340981708526,22.11190873709591
1697.875,油水同层,4.013618509093355,83.82745107427233,12.15893041663432,70.58440214635213,29.415597853647867,99.99,68.36712234440039,13.199062147585444,2.2612665822864972,29.40559785364787,0.009999999999998899,2.0925769226496116,98.99637524528444,4.517130042052365,5.236852696250406,3.865274450238874,95.90417644784527,44.459317744368484,21.973471160502015
1698.0,油水同层,3.931199161143434,84.03898115541918,12.029819683437378,70.1993374796003,29.8006625203997,99.99,68.53963985211364,13.232368643862745,2.2669726594427897,29.790662520399703,0.009999999999998899,2.221092186278658,88.11291254950157,4.510843944090824,5.242670464911731,3.849747437224684,89.38290406286563,43.397058518526755,21.883910324618856
1698.125,油水同层,3.945427861021683,83.86086337531997,12.19370876365836,70.1357280773424,29.864271922657593,99.77594434718668,68.39437240203972,13.204323085767028,2.2621678875132165,29.640216269844284,0.2240556528133153,2.177060954583412,95.03897225144382,4.525377501417018,5.250458400111401,3.8476558792749276,101.01553492546032,43.657900385782185,22.0032307506529
1698.25,油水同层,3.9602333772057388,83.9872895769741,12.052477045820169,70.48351513474768,29.516484865252323,99.39603516024043,68.4974817711695,13.22422953969508,2.265578266109519,28.912520025492743,0.6039648397595743,2.2480091513867366,96.2540963358136,4.511761948878956,5.268811543059105,3.8617459811448898,92.33476602630444,42.86403722126839,21.963766393497075
1698.375,油水同层,3.8535646641783523,84.13601116692227,12.010424168899373,70.66998676002403,29.330013239975973,99.90717129431907,68.61877458163838,13.247646516869713,2.269590068414187,29.237184534295046,0.09282870568092516,2.3725299560478468,94.93762569098958,4.494534002720371,5.272974448200163,3.8770575372414617,104.14582965209414,43.27093427151,22.094316277805476
1698.5,油水同层,3.884914069494282,84.27025454169691,11.844831388808794,71.11399301902233,28.886006980977676,99.99,68.72825939967265,13.268783824802197,2.2732113172220707,28.87600698097767,0.009999999999998899,2.420699735168401,101.673124507587,4.440771255040964,5.324192338100952,3.9205674306379983,96.67897597322765,44.252459163372606,21.9339368163869
1698.625,油水同层,3.947196249845597,84.42534238312062,11.627461367033789,70.6607905777976,29.339209422202405,99.99,68.85474433143264,13.293203200926046,2.277394850761932,29.3292094222024,0.009999999999998899,2.297606594281902,104.04849397489517,4.386891668674035,5.408501372553433,3.96806065736486,91.26260384437188,44.903146401455295,22.434559673753192
1698.75,油水同层,4.063299092324445,84.47124256267409,11.465458345001455,69.33228994107289,30.66771005892711,99.38828047755423,68.89217912338859,13.300430419632422,2.2786330196530895,30.055990536481342,0.6117195224457639,2.3010758662222703,103.69334267764833,4.324220461145235,5.502445896133266,4.02151190496363,76.74340373919738,44.438339980232,22.405661464857182
1698.875,油水同层,4.065421695812469,84.60177962450565,11.332798679681877,69.43577009528512,30.564229904714878,99.99,68.99864118518752,13.320984149581236,2.2821542897368956,30.55422990471488,0.009999999999998899,2.2053561913177826,101.6872437877111,4.288960124293968,5.587606256827584,4.05100805323281,89.72818803908388,43.190284724575505,22.259674418836497
1699.0,油水同层,4.144498075213696,84.39892881891488,11.456573105871419,68.59206018042144,31.407939819578555,99.99,68.83320223093378,13.289044249758824,2.276682338222286,31.397939819578557,0.009999999999998899,2.2800092335959175,99.7571530294896,4.252940466243961,5.66469880204426,4.083420532349017,85.86157452707238,44.26092679504299,22.591971323707885
1699.125,油水同层,4.211906434745154,84.5626645683795,11.225428996875346,68.74010240287362,31.259897597126386,99.91793159080508,68.96674013376088,13.314825283361408,2.2810991512572154,31.177829187931472,0.0820684091949131,2.2449425070520297,91.08289808234146,4.236986832497729,5.679880923001628,4.08710249607809,94.04396363143921,41.34767710544365,21.99571793164832
1699.25,油水同层,4.2226181532546,84.44516747476672,11.332214371978681,69.11077012900878,30.88922987099121,99.99,68.87091307387546,13.296324763294521,2.277929637596743,30.87922987099121,0.009999999999998899,2.3906014709628547,95.9210369859817,4.262207565041933,5.634840160749278,4.062934968966631,90.07452863400658,43.939615750991386,22.01503320268947
1699.375,油水同层,4.131830689556399,84.26452164366927,11.603647666774327,70.01400940994752,29.98599059005248,99.99,68.7235838222118,13.267881150602005,2.273056670855475,29.975990590052483,0.009999999999998899,2.265317113129574,87.32083965608764,4.295414547506343,5.585101504674968,4.033853899536898,87.77940345903228,43.509235183721515,21.8441318024642
1699.5,油水同层,4.039585710393305,84.14199118221775,11.818423107388938,69.16481777664656,30.835182223353442,99.99,68.62365170043525,13.248588100951263,2.269751380831253,30.825182223353437,0.009999999999998899,2.1872142467391393,91.00390284244298,4.3256497103918505,5.560503879026657,4.006067296883195,92.95635508468756,44.321553543425935,22.116404342370156
1699.625,油水同层,4.018056676181119,84.41894572957534,11.562997594243557,68.26717646459701,31.732823535402986,99.99,68.84952741513708,13.292196015015001,2.277222299423265,31.722823535402984,0.009999999999998899,2.214212317079545,78.69368996409669,4.3678655079792374,5.592158557063477,4.008864243935398,92.73006154276459,42.71656464957253,21.8644088948297
1699.75,油水同层,3.899906627249613,84.47241788201377,11.627675490736609,66.38168995984813,33.61831004015187,97.53707648929432,68.89313767813479,13.300615479691016,2.2786647241879705,31.15538652944619,2.4629235107056724,2.244041096188569,102.51835070397105,4.356590460103307,5.718729207172924,4.058999891281271,96.56411430995723,43.98128708281729,22.038732882118307
1699.875,油水同层,3.898655553016841,84.77322735094238,11.328117096040783,65.87180986261045,34.128190137389545,97.6770762325149,69.13846874213641,13.347979473515103,2.2867791352908617,31.80526636990445,2.3229237674850967,2.297177374284305,96.5974603159324,4.306101347863137,5.927432395001538,4.172724329085848,107.3397867040502,43.992649810649496,22.006340887388447
1700.0,油水同层,4.014549173336233,84.99010840213916,10.99534242452461,64.28203080475926,35.71796919524074,96.09145493629174,69.3153503384552,13.382128507473483,2.2926295562104624,31.80942413153248,3.9085450637082575,2.3784977021793794,84.4742690613846,4.245125494629417,6.089222074210878,4.280976478749415,94.53304418863459,43.379943335873975,22.073093874559806
1700.125,油水同层,3.9963751460173516,85.29457509962141,10.709049754361237,65.94333548335602,34.05666451664398,97.23898570708339,69.56366412695537,13.430068350692359,2.3008426219736866,31.295650223727357,2.7610142929166193,2.3674082948444415,93.6512855691859,4.160132314901947,6.2425204817465065,4.38686750557256,80.6900777971489,43.58157102071138,22.299369041425983
1700.25,油水同层,4.013456914457112,85.36501064042675,10.621532445116145,65.31855558165573,34.68144441834426,96.42819338650858,69.62110921414245,13.441158787877006,2.3027426384072847,31.109637804852845,3.571806613491413,2.211450920839162,102.50824007784901,4.118748574378804,6.383662262204007,4.484289544104571,88.42254186245312,43.694881103060325,22.01606373807372
1700.375,油水同层,3.938636776127714,85.39366323362233,10.66769999024995,63.69635677725422,36.30364322274578,94.65974729745945,69.64447739866176,13.44567028564333,2.3035155493172477,30.963390520205213,5.34025270254056,2.2339780758435257,92.84468241445092,4.075600685013138,6.488445167338547,4.561405547166187,91.33120190701571,42.06062109444767,22.063663954991657
1700.5,油水同层,3.8742674888080226,85.68676241636992,10.438970094822048,63.5357497883482,36.4642502116518,94.56848842693708,69.88352018749944,13.491820255359862,2.3114219735106216,31.032738638588892,5.431511573062919,2.3451579307251,101.9119828843532,4.040548543939221,6.610050767475203,4.6294752652039985,87.47233489108348,44.18288761657364,22.000558495122416
1700.625,油水同层,3.9818592700552093,85.78826794128601,10.229872788658776,63.965163507563325,36.034836492436675,95.80104572911819,69.96630500979377,13.507802820909944,2.3141601105822946,31.83588222155485,4.198954270881816,2.376089077697248,90.74709034866362,4.04395346956294,6.69992968553863,4.655598713335251,102.7370886628135,42.51296326724878,22.142276677620885
1700.75,油水同层,4.0972553846918105,85.36667982529379,10.5360647900144,62.18239397345571,37.81760602654429,94.85377133993744,69.62247055060871,13.441421609596068,2.302787665089015,32.67137736648172,5.146228660062569,2.147160367199091,95.69435358446955,4.027855770464925,6.805752130870792,4.679453666539022,92.24761521340231,43.889040406951935,22.242794881736398
1700.875,油水同层,3.981639329908378,85.54896235120002,10.469398318891592,60.82808832334905,39.17191167665095,94.39293405673888,69.77113464083419,13.470122928281322,2.3077047820845102,33.56484573338982,5.607065943261125,2.064652770094524,89.66025752834716,4.011585459019135,6.9255990207285025,4.712324716504126,97.52073778714463,42.168773619112564,22.125811918817778
1701.0,油水同层,3.8901921672475694,85.89351173084343,10.216296101908991,60.48371582801355,39.51628417198645,93.91623050664356,70.05213864715782,13.524373995402476,2.316999088283142,33.43251467863001,6.083769493356439,2.2222351350112852,93.90645171532711,3.9851824243120464,7.068436906761427,4.756637885720901,98.97535521542707,43.26929824050651,22.279476329769352
1701.125,油水同层,3.8262563777902687,86.24840741902806,9.92533620318168,60.903682767763534,39.096317232236466,95.27217446245334,70.34158078839768,13.580254141872732,2.326572488757633,34.3684916946898,4.7278255375466705,2.4643845657165997,89.90250922151961,3.9047049303481542,7.305358072207509,4.881115216124055,85.7790834698299,43.59432387344787,21.979586409270876
1701.25,油水同层,3.7539846630623916,86.60746525140877,9.638550085528841,59.824760803662,40.175239196338,93.78986502452224,70.6344174479943,13.636789639295547,2.336258164118929,33.96510422086024,6.210134975477755,2.276172775938964,100.65472486402162,3.8076069946900506,7.461180820101601,4.980403554061847,87.82879186566531,42.266066111936325,22.03562130946825
1701.375,油水同层,3.738980918197244,86.72541303028606,9.535606051516693,61.41492473623924,38.58507526376076,95.66441518295954,70.73061207308923,13.655361122069031,2.339439835127799,34.249490446720294,4.335584817040461,2.283730838999365,102.97379650111002,3.7122847384720887,7.5637024614361,5.065467823040008,90.65335926377709,43.40281870930767,22.06984636690443
1701.5,油水同层,3.7409355699148334,86.91599409312079,9.343070336964372,62.59008528666561,37.40991471333439,95.98441780489327,70.88604419791673,13.685369087959343,2.3445808072447116,33.39433251822766,4.015582195106737,2.3106138727655234,95.39335569674898,3.6751395989284563,7.632106604183349,5.132000184102263,92.2985891989791,43.26021310135697,22.02973579470522
1701.625,油水同层,3.788271254194036,86.73225692876021,9.479471817045754,61.43315954653252,38.56684045346748,94.54191292333806,70.7361937487611,13.65643872898818,2.339624451010941,33.10875337680554,5.458087076661933,2.31622112407054,91.53067540448482,3.6484762766665404,7.54899831065036,5.103863775268217,75.31644289349401,42.35425286998884,21.7647012371441
1701.75,油水同层,3.743505881944093,86.70343285920924,9.553061258846665,63.12132108550006,36.87867891449994,96.84358866843245,70.71268571333592,13.65190023139015,2.33884691448317,33.72226758293239,3.1564113315675546,2.4813473707610054,80.6596683059185,3.635903559772931,7.488314914805251,5.0911741322970405,90.42976639515771,43.46935405208045,22.13585393493661
1701.875,油水同层,3.6454488266909197,86.85169826509983,9.502852908209247,63.81775301858891,36.18224698141109,97.11393686207117,70.8336064739467,13.67524538004501,2.3428464111081126,33.29618384348226,2.8860631379288293,2.3687734324163334,87.51772194901396,3.621897079793802,7.4811674548688565,5.084491523016142,87.2185104595672,43.032799610038424,22.04967603005278
1702.0,油水同层,3.593156138206905,87.11901704059693,9.28782682119616,63.40409220756046,36.59590779243954,97.26625985455148,71.05162354586236,13.717336092404572,2.3500574023299996,33.862167646991026,2.7337401454485155,2.3043530942365313,85.7048076569786,3.6033815082810037,7.465246690273687,5.060364005544682,98.89911852144172,42.79973141278411,21.998046230100147
1702.125,油水同层,3.550528038042919,86.99145422374363,9.458017738213451,62.41806723709345,37.58193276290655,96.91492146157091,70.9475871879075,13.697250672583372,2.3466163632527515,34.49685422447746,3.085078538429087,2.442174166168481,94.13553963562165,3.5932867503977333,7.472144220846964,5.041567362345949,91.8034046180386,45.10511115771757,21.9747127673633
1702.25,油水同层,3.4778136777060826,86.95245570790739,9.56973061438652,63.13748936704553,36.86251063295447,98.52596307497899,70.91578118320072,13.691110156229966,2.3455643684767074,35.38847370793346,1.4740369250210161,2.5094576276922753,86.08859420342932,3.5945121715204444,7.518174832083501,5.018510083893906,83.54329099877005,42.55787075150337,22.09607973378772
1702.375,油水同层,3.427605688464334,86.97137873822409,9.601015573311576,61.89125628851507,38.10874371148493,98.23079874861654,70.9312142318287,13.694089684415184,2.34607482198021,36.33954246010146,1.7692012513834676,2.249529621517754,94.96242489337041,3.644174131835958,7.480179625688125,4.954241385460891,87.04198424949702,41.655974557011696,22.12932433850858
1702.5,油水同层,3.36769024374428,86.80077002405302,9.831539732202705,61.485200582301204,38.514799417698796,97.0832863538017,70.79207094779375,13.667226467266083,2.3414726089931976,35.59808577150049,2.916713646198299,2.2860428009617326,83.137186100634,3.7031738511002996,7.431003983608367,4.888680351041115,98.34907117303946,43.32844607183313,22.191994784342256
1702.625,油水同层,3.440763852318588,86.49417512709512,10.065061020586294,60.43159559560471,39.56840440439529,96.25064797943226,70.5420214644578,13.618951528123603,2.333202134513712,35.81905238382754,3.749352020567742,2.3641000838756856,96.78735944697138,3.7732253122381207,7.471001701525163,4.873421320190095,105.29965999969957,42.92819790519309,22.363472888225466
1702.75,油水同层,3.35871737563838,86.53935633665472,10.101926287706906,58.683510074434,41.316489925566,94.58932045905355,70.57886988632968,13.62606554131663,2.3344209090084,35.90581038461955,5.41067954094645,2.247148962566493,91.96102047728496,3.8135741243423986,7.4536836298979186,4.842105379136809,84.15131435359056,43.9394383007174,22.190128664124252
1702.875,油水同层,3.3417934942773253,86.68133592183007,9.976870583892605,60.24379513309477,39.75620486690523,97.11309287962247,70.6946641225339,13.64842095525803,2.3382508440381504,36.8692977465277,2.8869071203775354,2.269774782106129,98.55992979557945,3.795257136918218,7.455023032412076,4.820867079059891,88.90164002777078,44.39655558023179,22.014457309247405
1703.0,油水同层,3.4286081082833872,86.80155749899608,9.769834392720545,61.750154420824664,38.249845579175336,99.42751311038793,70.79271318843311,13.667350459235061,2.3414938513279027,37.67735868956326,0.5724868896120672,2.234125485031541,87.89066787562722,3.7381794956525067,7.503610913942202,4.850945560297117,97.41063387514487,43.60175097349335,22.287415166918827
1703.125,油水同层,3.4755781121178395,86.93922443700201,9.585197450880143,61.71861302442463,38.28138697557537,98.55222719155074,70.90499016062796,13.689026824758788,2.345207451615272,36.83361416712611,1.4477728084492547,2.503929794580863,90.12777079823533,3.6601184052267195,7.489578002367871,4.866968973871964,74.78586123562987,42.07984501204622,22.221485907918158
1703.25,油水同层,3.5150151653426476,86.97306821075956,9.511916623897791,62.57188970966973,37.42811029033027,99.02351665258665,70.93259211430096,13.694355700531698,2.346120395926901,36.45162694291692,0.9764833474133483,2.4586887066671683,100.40400450074783,3.60054080156384,7.581350595664398,4.950431648011149,96.42538404866684,42.96444082302021,22.078264232510776
1703.375,油水同层,3.456323389859669,87.22714569459467,9.316530915545664,61.25004197813638,38.74995802186362,96.99789571267688,71.13980999101919,13.734361503600558,2.3529741999749083,35.74785373454049,3.0021042873231263,2.2068095307881377,113.59967798164023,7.92853186238931,5.9832166714106005,3.9763805211340926,120.00179722598354,47.75249373094567,22.062738997302592
1703.5,含油水层,7.226090071281684,38.0870824814244,54.68682744729391,72.50720961742834,27.492790382571652,86.54036827867824,31.76710575011533,6.281889648827647,0.03808708248142639,14.033158661249889,13.459631721321763,2.2983875941435037,152.56310065764217,12.193960399361593,4.3544301581251466,2.971671751752001,139.32815469133948,49.64347498830367,21.96435974874592
1703.625,含油水层,7.01576473340272,38.972194487403186,54.012040779194095,72.76133555895524,27.23866444104477,87.06538354610032,32.50534677207699,6.427875520838794,0.03897219448740219,14.304047987145092,12.934616453899682,2.1635571038124572,169.49955424456405,16.368992482064957,2.7532850531177173,1.9758184010276554,167.66736674773702,51.481252246221864,22.138269599190757
1703.75,含油水层,7.126007706833416,40.26174025119013,52.61225204197645,70.61478818343963,29.385211816560375,84.82694224247842,33.5809118712891,6.64056663964984,0.04026174025119206,14.212154059038792,15.17305775752158,2.161811344924938,173.35096582925993,20.55035130053853,1.0623256922949684,0.9214312775813323,188.39972361380117,56.20022043281007,22.164995859014933
1703.875,含油水层,7.158397588479549,39.974136321921016,52.86746608959943,72.54885226814926,27.451147731850746,86.9225257421303,33.341031475102376,6.593130710496722,0.03997413632192137,14.373673473981057,13.077474257869692,2.0744762182788974,184.93294884635682,20.445494220947637,1.061364434236143,0.9210543466392542,189.73787876587838,56.22924248622802,22.205223727514493
1704.0,含油水层,7.22435511790492,39.002215198772205,53.773429683322874,74.02125458520283,25.978745414797178,88.20490440806553,32.53038599930628,6.432826984267148,0.03900221519877456,14.183649822862709,11.795095591934468,2.176854212924785,186.9268257924113,20.368885246435216,1.0618858955281394,0.9226699528367645,200.32175541651802,56.48870817509171,22.151198754895894
1704.125,含油水层,7.401506098052173,39.450589684650964,53.14790421729687,73.3709164058477,26.629083594152302,87.63654348687457,32.904359503722404,6.506779591243907,0.039450589684651705,14.265627081026878,12.363456513125426,1.9434375557519825,199.4033894783632,20.47462347862714,1.044725562876295,0.908783216175552,188.85925088467607,55.570781499841104,22.049359740759556
1704.25,含油水层,7.489437553983177,38.502058559368734,54.008503886648086,72.91995460900797,27.080045390992026,87.57717544221833,32.11322280852365,6.350333692285714,0.038502058559369834,14.657220833210358,12.422824557781665,2.1519756336345113,187.35096240577096,20.451514465370664,1.0470988463283577,0.9112303243682063,193.00591966087458,57.04555577931332,22.16064960233373
1704.375,含油水层,7.371307494650718,40.13308134722222,52.49561115812706,72.19016150758286,27.80983849241714,86.48611913216585,33.473601971402815,6.619346294472188,0.04013308134722254,14.295957624582991,13.51388086783415,2.092789928609063,184.99012308540892,20.288418605100397,1.0686379218236277,0.9285748362567683,188.85103107625488,55.0365229715628,22.174955024869035
1704.5,含油水层,7.506800034880566,40.96927061892634,51.5239293461931,71.00871334957428,28.991286650425717,85.22486957667871,34.17103824876251,6.757263099544897,0.04096927061892908,14.216156227104438,14.775130423321281,2.0608618071522997,189.11686557396428,20.14072754431092,1.0879188726512967,0.9451755901089336,192.0723502981313,56.435701505621914,22.02685570568749
1704.625,含油水层,7.656911896176591,41.26333045112533,51.079757652698085,70.8549859718331,29.145014028166894,84.79290548994261,34.41630328818585,6.80576383248835,0.041263330451123126,13.937919518109512,15.207094510057384,2.2922104000117614,172.53249392908248,19.870436306779116,1.1206094848986103,0.9737419241815972,196.36435915969105,54.58956458702016,22.079472615629616
1704.75,含油水层,7.49456095664513,42.037894940963916,50.467544102390946,69.32842991500165,30.671570084998343,83.05855246323407,35.0623404865191,6.933516559503857,0.042037894940964715,13.730122548232398,16.941447536765942,2.203977115632622,185.31097406898536,19.7272339978431,1.1343926257284276,0.9861675551623961,183.22120681831544,54.50896974604909,22.090098385211963
1704.875,含油水层,7.424453151881835,41.85397147342154,50.72157537469663,71.0381046352677,28.961895364732293,84.93797434461598,34.90893634362639,6.9031811583217255,0.04185397147342118,13.899869709348279,15.062025655384016,1.971621200441473,174.22884814582756,18.63894004591776,1.0690097145743522,0.9883716494998533,162.12796643944682,53.36903395493033,22.00421362260231
1705.0,水层,10.865317532194997,47.78025336635697,41.354429101448034,97.72730865740256,2.2726913425974438,98.27060107242829,42.05321617845519,3.248759644786853,2.478277543114932,0.5432924150257372,1.7293989275717014,2.041920114624093,175.14712586945967,17.603092123981945,0.9962055026096807,0.9830344149846912,153.93931852009933,54.87766423927863,22.1007512224933
1705.125,水层,11.101814341981772,47.186412049644204,41.71177360837402,98.36245269036276,1.637547309637244,98.90033551070961,41.53055387534977,3.208382133802326,2.447476040492111,0.5378828203468583,1.0996644892903862,2.0463515744273137,185.88640146299576,16.495090752123104,0.913291513654954,0.9713829559607099,142.19311750087283,52.855765723166826,21.99085150183714
1705.25,水层,11.317712910987584,47.94487831132847,40.73740877768394,99.45691620150667,0.5430837984933268,99.99,42.198108846691376,3.2599531157307564,2.486816348906335,0.5330837984933328,0.009999999999998899,1.8673952399135652,188.5525300798789,15.27854339941018,0.8445899012931644,0.9735142982359146,126.14859975743623,52.65000068871328,21.95192314597345
1705.375,水层,11.290306037497857,49.17058024555348,39.53911371694866,99.4696054707607,0.5303945292393086,99.99,43.2768956839041,3.343293213363039,2.550391348286337,0.5203945292393084,0.009999999999998899,1.8430807075952025,184.10822591077275,14.968127948075162,0.8524323536418834,0.9858208745861288,112.96033255717346,52.00500081959434,22.13951265689691
1705.5,水层,11.231115442831552,50.406508427859166,38.36237612930928,99.4773397668797,0.522660233120309,99.99,44.364683030551845,3.427328632173871,2.61449676513345,0.5126602331203047,0.009999999999998899,1.9829644737932175,182.0013533290134,14.660608691778757,0.8639228959259443,1.0009141657487695,123.88303557098875,53.25658443193352,21.872624648824665
1705.625,水层,11.232713994296581,50.14038096247128,38.62690504323213,99.47075279426451,0.5292472057354836,99.99,44.1304541379763,3.4092336220178487,2.6006932024771388,0.5192472057354862,0.009999999999998899,1.7566514172018626,165.93762560817828,14.456097547371572,0.8741369307001501,1.0139023772921347,112.67088328464916,51.42607623933567,21.94866293770149
1705.75,水层,11.411914872738722,50.06417622941204,38.52390889784924,99.46961074152419,0.5303892584758052,99.99,44.0633834573629,3.4040521747867847,2.5967405972623503,0.520389258475802,0.009999999999998899,1.8601803517499491,178.24380644172032,14.382683777877869,0.8827964050920104,1.0260877698331345,111.12558652328079,52.28076964813648,22.040870783223298
1705.875,水层,11.744207830218791,50.04108806028482,38.214704109496395,97.28836263519398,2.711637364806019,97.8128877778788,44.04306268258536,3.402482323083459,2.595543054616003,0.5245251426848196,2.1871122221212014,1.9746334501238099,189.6182442990176,14.476405302297117,0.8902852085255998,1.0364479740310828,111.44424443847929,52.34536592496445,21.82458664188045
1706.0,水层,11.817562915449265,49.90037077117371,38.28206631337702,94.94967765493956,5.050322345060443,95.47759032482263,43.919212050533204,3.3929144238368245,2.588244296803687,0.5279126698830633,4.522409675177375,1.8145563942319245,194.69449305531137,14.649457060528764,0.900470421626474,1.0504345150182712,106.78994282182458,51.804609799614056,21.83711264272117
1706.125,水层,12.073064903368467,49.10767602542625,38.81925907120528,92.67534524886862,7.324654751131376,93.2002022160735,43.22153129001393,3.3390161181733338,2.5471286172389904,0.5248569672048903,6.799797783926486,1.79699824203383,181.61326831174878,14.931927273968807,0.9160333731486494,1.0692537505250097,114.69789691513195,51.684180791390446,22.099135983357513
1706.25,水层,12.211261039452918,48.55847951060008,39.230259449947006,89.99014787368243,10.009852126317565,90.52976325689482,42.73816257312259,3.301674175661134,2.5186427618163596,0.5396153832123904,9.470236743105175,1.918925367129719,178.4660160471273,15.172100392625243,0.9318916305984741,1.0860689998790476,111.20904554872249,53.00570082031041,22.31458861298494
1706.375,水层,12.01577121964855,49.055826589806586,38.928402190544865,89.5135037378286,10.486496262171396,90.05606231707004,43.17589663194449,3.335490679478931,2.544439278383165,0.5425585792414404,9.94393768292996,1.9759915141862894,183.88162982552527,15.286213849918802,0.9436633567534423,1.0991662688221635,114.8996367519864,51.896895131744444,22.202702440208586
1706.5,水层,12.046126014051802,49.62131850111135,38.332555484836845,90.12682509564785,9.873174904352155,90.67318769344529,43.6736075463452,3.3739406074609763,2.5737703473051736,0.5463625977974449,9.32681230655471,2.045459927261634,192.1720425028078,15.29059937468956,0.9610677296548342,1.1185799803028083,113.04299074237815,51.559016015818564,22.416709836555487
1706.625,水层,12.158131488822411,49.992567665123865,37.84930084605372,88.492555867801,11.507444132198996,89.03758524511865,44.0003580394952,3.399183238406377,2.593026387222292,0.54502937731764,10.962414754881355,1.891439154483985,191.00244191493425,15.24960582651732,0.9784376839423312,1.1374922871072375,108.40524961998352,51.07306855790481,22.457195906139848
1706.75,水层,12.146184553818342,49.80483468779266,38.04898075838899,86.80594249636246,13.194057503637534,87.36141019299,43.83512711409595,3.386418565183051,2.5832890085136686,0.5554676966275318,12.638589807010003,1.9339469311865476,168.3384854256533,15.30702691620396,0.9955751685972135,1.1546120137967866,115.80005351223774,52.26701270945719,21.973919614657387
1706.875,水层,11.843285129840398,49.54267006693901,38.614044803220594,85.2300155803561,14.769984419643901,85.80048637754226,43.604386071545,3.3685930037740377,2.5696909916199737,0.5704707971861596,14.199513622457738,2.0473159786298973,170.1423196310466,15.336147544896512,1.0107689594583122,1.1683050928506078,116.44377802230258,49.735985000132516,22.129808358646418
1707.0,水层,11.572127549416779,50.339529289463236,38.088343161119994,87.1089004789701,12.891099521029902,87.67403934454897,44.30573214628563,3.422774467921228,2.6110226752563825,0.5651388655788769,12.325960655451029,2.0761676603427563,173.85466645946988,15.337015282699113,1.0087938032223478,1.1642024219516693,113.98290006399009,50.528684999142044,22.13762032932239
1707.125,水层,11.801908177152328,50.00855211682031,38.18953970602736,89.47212314636516,10.527876853634833,90.03106560605048,44.01442656268888,3.400270081567658,2.5938554725637717,0.5589424596853099,9.968934393949525,1.9733542716675554,179.56052172829607,15.238206625119457,1.0153332190788464,1.1701148348463106,118.06323009612206,49.903137423975295,21.9791193604102
1707.25,水层,11.769036407476014,50.998461417117966,37.232502175406005,87.36954234406585,12.630457655934158,87.93101866854323,44.88568334492672,3.467577748652375,2.6452003235388744,0.5614763244773947,12.068981331456763,2.192140703881561,171.53734147358847,15.018665891336745,1.016727783956501,1.1743344983819992,121.80180405371723,52.002259160139104,21.98234272702959
1707.375,水层,11.9727378664841,51.233275524837985,36.79398660867792,87.82133837349781,12.178661626502196,88.37972358861063,45.09235216181194,3.483543645512281,2.657379717513765,0.5583852151128358,11.620276411389362,1.9260672335492401,164.89029645363544,14.914152149405988,1.023998315795458,1.1843274545950935,105.48906547953433,51.986866573877414,21.827983030276062
1707.5,水层,11.772446978494482,51.4091493188509,36.818403702654614,86.79336258011759,13.206637419882416,87.3356466165712,45.2471453694377,3.4955019681311192,2.666501981282078,0.5422840364536102,12.664353383428805,1.9039056869356663,173.93797433272994,14.740144333096337,1.0417944159374966,1.2070920931554943,102.66189496594868,50.19971099799544,21.89254736597405
1707.625,水层,12.102907063887908,52.08689596047997,35.81019697563212,87.71836740083432,12.281632599165683,88.26456974105238,45.843655936598445,3.541584518632299,2.7016555052492306,0.5462023402180626,11.735430258947622,1.8794957733528292,181.4673111858439,14.608200439074322,1.05909541730932,1.227572974055759,115.41029569161597,49.858048567912064,22.252628003121718
1707.75,水层,11.832126106578666,52.759519639207866,35.40835425421347,85.71915678182206,14.28084321817793,86.28159728774418,46.43565758948646,3.5873187395629462,2.7365433101584555,0.5624405059221014,13.718402712255829,1.9423791441623175,170.7998679254171,14.532616580953796,1.0782387614822517,1.2478326012343157,108.30686136132857,51.11847841706947,22.306821476808622
1707.875,水层,11.741421821988348,52.75341286875887,35.50516530925278,85.43787938292986,14.56212061707014,86.00121005181309,46.43028278881569,3.5869035172064945,2.7362265627366953,0.5633306688832284,13.998789948186907,1.861958697796218,174.72655292332524,14.387703835960217,1.0954239701950002,1.2664078234212472,99.55838810759595,51.144371042309054,22.29709371035976
1708.0,水层,11.522952536905121,53.346989615384174,35.1300578477107,85.8659084111957,14.1340915888043,86.42794157343681,46.952712233736,3.6272630390728637,2.7670143425753144,0.5620331622411131,13.572058426563183,2.0814673891387554,167.88934404230997,14.370929193664148,1.121946628000171,1.2900941627121933,104.20770351005388,50.37138983399066,22.224631828801552
1708.125,水层,11.224362737122034,53.65601079238624,35.119626470491724,84.11039144494917,15.889608555050827,84.67535105607493,47.224693511452266,3.648274554468798,2.7830427264651814,0.5649596111257578,15.324648943925068,1.9370104332606017,168.44404273081804,14.402726343683609,1.1308664156834691,1.2965329540562422,101.71553547102609,50.14782256503641,22.22526774605176
1708.25,水层,11.352169342133852,53.054675696323486,35.59315496154266,84.22570133749319,15.774298662506803,84.79141443903467,46.695435648449276,3.6073875131610955,2.7518525347131138,0.5657131015414725,15.208585560965327,1.9842684933223125,165.74056060790852,14.39718359058288,1.1387783549816533,1.3015917318559662,108.08432799472916,49.6731272514983,22.056658773784214
1708.375,水层,11.14749705985073,53.330314925012345,35.52218801513692,84.82898589875158,15.171014101248414,85.39030299221237,46.93803620526167,3.6261292639805895,2.7661494557700874,0.5613170934607786,14.609697007787636,1.8538725974943404,177.35274177044244,14.441511766573544,1.1481402907518337,1.3078591852249137,100.12729795662777,52.017995069132795,22.196147406736884
1708.5,水层,10.961956460271464,53.58647324372588,35.45157029600266,84.20979403616747,15.790205963832538,84.76622515702422,47.16349087311729,3.643546434252418,2.7794359363561636,0.5564311208567602,15.233774842975778,2.0448580881165306,165.17954823867547,14.512537643502474,1.1367671087840534,1.2940163558327498,98.29180675979859,50.51762955339751,22.056383043667644
1708.625,水层,11.07553688771659,52.706300890583215,36.218162221700204,85.40865834914125,14.591341650858746,85.9769601115167,46.3888177470206,3.5837001961125354,2.733782947450078,0.5683017623754586,14.023039888483291,1.9422389153514175,160.82811782284202,14.50323738576975,1.1294083402138386,1.284889436291618,116.32843876239508,49.65076407315531,21.90952138051079
1708.75,水层,11.137281925908873,52.89848812704698,35.964229947044146,86.05970389896648,13.940296101033523,86.63039149530609,46.55796903510149,3.5967677312149386,2.7437513607305517,0.5706875963396123,13.369608504693907,2.1193585760136306,178.82220632863587,14.56515874771271,1.1216372663694765,1.2751974496652498,110.77930537440395,51.08559334402558,22.018998001795275
1708.875,水层,11.019405016507415,52.584785994424244,36.39580898906834,85.58378014540168,14.416219854598323,86.14255075981495,46.281867870512116,3.575437939990643,2.7274801839214837,0.5587706144132761,13.85744924018505,1.8968532092636445,174.30560567759915,14.650160351515535,1.114347881980459,1.2684131350160215,118.57857222987394,50.07954608190565,22.085927834422673
1709.0,水层,11.268841282495325,52.537896177508095,36.19326253999658,83.93145927043271,16.06854072956728,84.4737003769979,46.24059836128152,3.5722497244786697,2.725048091747902,0.5422411065651809,15.526299623002105,2.150050013574688,173.4165402430806,14.667835371178487,1.1108475679125998,1.2655975991135975,109.08936936683719,49.976550012199226,22.000906136367007
1709.125,水层,11.242719776798047,52.36964813885636,36.38763208434559,85.61558279978891,14.384417200211086,86.14589847705915,46.0925168706546,3.560809905729798,2.716321362471965,0.5303156772702328,13.854101522940853,1.982287510688132,182.2070982419428,14.609374504305839,1.105158878969764,1.261240526456012,102.74268384938556,51.28065837657155,21.989526802802207
1709.25,水层,11.321949683430274,53.03550393820511,35.64254637836461,87.79838172894216,12.201618271057836,88.33348359157995,46.67856185578662,3.6060839530142497,2.7508581294042376,0.5351018626377737,11.666516408420058,2.104241200426891,161.972342860335,14.508329978448035,1.0945414065548658,1.2534838949601625,122.92308332456986,52.25813902830875,21.86016246828865
1709.375,水层,11.485477861425233,52.719997361531746,35.79452477704303,88.5305959263463,11.46940407365371,89.07604700329061,46.40087253143675,3.5846314708329183,2.734493359262078,0.5454510769443233,10.923952996709385,1.9895090475125785,151.77382996410262,14.391400909849967,1.0838752632182487,1.2425533386692817,106.33057552837523,51.20023104275902,22.09998993468337
1709.5,水层,11.163066139211955,53.02200530087,35.814928559918044,87.89482805113427,12.105171948865735,88.42508216497203,46.66668119224942,3.6051661297474356,2.7501579788731445,0.5302541138377633,11.574917835027975,2.0887634231689853,175.43198069475048,14.371069021986669,1.076062607181118,1.2335130620046169,101.86566742693665,51.76358206886467,22.016996573523286
1709.625,水层,11.09264371657107,52.2435478884266,36.66380839500233,87.71193849324763,12.288061506752367,88.23199988306615,45.981531249652974,3.5522358740759143,2.709780764697712,0.5200613898185104,11.768000116933852,2.0388219718999347,163.3490993372652,14.506540291148017,1.0575433927930415,1.2107660806992473,114.01356492022772,51.92792465754243,21.936673633684617
1709.75,水层,11.035826506990752,51.27355440696433,37.69061908604491,90.15471082356802,9.84528917643197,90.66895889473405,45.127803136181996,3.486282358632654,2.659468912149681,0.5142480711660082,9.331041105265959,1.9901685336071417,168.00561296599693,14.62538339799064,1.0376076083998165,1.1858602802800182,116.6714997935806,51.8920884236372,22.11905382737886
1709.875,水层,11.058741920246142,51.04390546626121,37.89735261349265,91.80336408322896,8.196635916771044,92.32402511741776,44.925680379015084,3.4706676609602956,2.6475574262858252,0.5206610341888117,7.675974882582237,1.9737339118084012,174.10952342774524,14.78053737463376,1.0139241399377301,1.1600121274780166,124.11185692359214,52.75203683056019,22.14317230912533
1710.0,水层,11.373587919497249,50.657429528245636,37.96898255225711,90.32230041822157,9.677699581778432,90.85852914025257,44.585528223593826,3.4443897042178104,2.627511600433995,0.5362287220310024,9.141470859747425,1.9814827959792711,176.45951192425895,14.810830688401465,0.9845420691088299,1.1303400410499316,107.23385702296879,51.69708638175942,22.02410205740319
1710.125,水层,11.551404313176347,50.38939784690296,38.059197839920685,93.01618025206338,6.983819747936626,93.55323768672434,44.34962335821455,3.4261652192366654,2.6136092694517443,0.5370574346609736,6.446762313275656,1.7694501725070997,184.37929759333275,14.7223583137345,0.9741886115670503,1.1208221915776353,99.83990052921082,51.77769153376128,21.88905954984525
1710.25,水层,11.222499262419493,51.34281707176547,37.43468366581504,93.53319528492409,6.466804715075913,94.05616405066456,45.188763838789505,3.490991788458633,2.6630614445173264,0.5229687657404701,5.9438359493354405,2.028096855791337,173.1976649923351,14.610599463441304,0.9845687930594581,1.1323515600762764,114.18816641419971,51.67244510617746,22.12731523953452
1710.375,水层,10.953538556122075,52.43649663289549,36.609964810982426,91.31937822286294,8.680621777137066,91.85297124855956,46.151352769859166,3.565355186979856,2.7197886760564685,0.5335930256966203,8.147028751440445,1.873264402524813,164.27483103859024,14.415395168232934,0.9962098113442437,1.1437031525566828,128.5306144936407,52.86576572746932,22.077610284288113
1710.5,水层,10.832692683901579,52.91751944866419,36.24978786743423,91.57574294100392,8.424257058996076,92.10246959806815,46.57471922426423,3.598061742554369,2.744738481845589,0.52672665706423,7.897530401931851,1.9931468734236508,178.46692089586756,14.305136989817122,1.0078488340596237,1.1519703578056855,111.84166575382496,52.34869273687067,22.13006606766143
1710.625,水层,10.547070812629787,52.25468251399895,37.19824667337126,93.7640793289227,6.235920671077288,94.29558849415368,45.99133125662803,3.552992959266357,2.7103582981045675,0.531509165230967,5.704411505846318,2.126531241961932,172.47240049104187,14.376691226466946,1.0110743225544607,1.1522074850921578,120.91555265874449,52.41324845463725,21.91176197551239
1710.75,水层,10.704865267529534,51.193193107277736,38.10194162519272,92.61751135088979,7.382488649110219,93.1396936226594,45.05707410337026,3.4808182907587852,2.6553007131486845,0.5221822717696112,6.860306377340608,2.1995805111822,179.8707023233799,14.576543206086011,0.9965856530809171,1.1344334544789663,114.93246077526028,50.275841804168905,22.007724244773033
1710.875,水层,10.827882113504343,50.265714394930804,38.90640349156486,91.8561727405188,8.143827259481196,92.36866866959564,44.24076485335059,3.4177555148256378,2.607194026754578,0.5124959290768311,7.631331330404367,1.856296497316212,178.13304505397866,14.817216573634202,0.9880443878818232,1.1224709453335362,124.98070254749373,52.0082266979,22.202461987140875
1711.0,水层,10.676006918430227,50.74793820159271,38.576054879977065,90.08873326115982,9.911266738840185,90.61366334964242,44.66518834546689,3.4505437303008994,2.6322061258249247,0.5249300884826088,9.386336650357574,1.921207778609664,171.65856785099248,15.141480762545019,0.9891753784695272,1.122601047274992,105.9401979557663,52.45073995896472,21.847563331489955
1711.125,水层,10.803911137875666,49.714044946941634,39.4820439151827,88.1627558379439,11.837244162056093,88.67344189342634,43.755219614034786,3.380245428260232,2.5785799046466154,0.5106860554824357,11.326558106573659,2.0148710027105188,165.04727429356686,15.293971581560928,0.990882368606897,1.125452265942985,108.28797652305065,52.33195542974613,21.922717951752865
1711.25,水层,11.127145752214947,49.93670738081406,38.93614686697099,89.23726938853194,10.762730611468053,89.75366131569187,43.95119328111984,3.395385086981341,2.5901290127128758,0.5163919271599218,10.246338684308132,1.9965650014824912,176.34721937399982,15.281923838496471,1.0060483947937948,1.1421225675550162,119.05039182729229,51.826868016745046,21.899600442198853
1711.375,水层,10.884388174300943,51.07012372218218,38.04548810351688,88.46262868957959,11.537371310420408,88.96371478815188,44.94875606209305,3.4724503390708463,2.648917321018287,0.501086098572278,11.03628521184813,1.9154429621191387,177.46763835381412,15.124242312667763,1.0161550941469877,1.1536657080335126,115.98166202621573,52.54162382103226,21.91523350606491
1711.5,水层,10.56943017564363,52.4742983778687,36.95627144648768,90.39240394838063,9.607596051619371,90.90326019061258,46.184623521713334,3.5679254702018777,2.721749385953492,0.5108562422319649,9.096739809387412,1.9030141653015156,161.2148974519158,14.786751802199321,1.0343545659383437,1.1739499898302623,111.66215411270144,50.612142934718435,22.051628814066735
1711.625,水层,10.454344696240698,53.285857868667954,36.25979743509134,89.79564555668046,10.204354443319541,90.30162880213652,46.898907861031816,3.6231064610358197,2.763843546600319,0.5059832454560544,9.698371197863487,2.137592260151067,162.9070086273583,14.506235160295521,1.0478785999092115,1.1877995228785052,102.80233909837986,51.8148099875402,22.03042385764919
1711.75,水层,10.574331476500747,52.948224714336156,36.477443809163105,91.33452347229705,8.665476527702953,91.85326944472624,46.60174409508732,3.600149509382073,2.746331109866767,0.518745972429191,8.146730555273763,1.991623075465165,163.56879716580414,14.375264457602253,1.0484664677351807,1.1867817753999101,120.3308967910248,50.33559958939924,22.00701068843999
1711.875,水层,10.385737474333924,52.31107327971913,37.303189245946946,91.12403544536744,8.875964554632553,91.64044952594111,46.04096291184586,3.556827180123364,2.713283187749913,0.5164140805736607,8.359550474058896,2.1021037248504197,162.0791445920016,14.35283578305755,1.0389788117131746,1.1763660272807257,119.39558804664644,51.108645164753135,22.283899039104984
1712.0,水层,10.484307682378503,52.243162418657285,37.272529898964216,93.04686235920465,6.953137640795348,93.5513455782936,45.98119198306485,3.552209664532377,2.7097607710600573,0.5044832190889541,6.44865442170639,1.987659180087052,171.99708323429678,14.450696554366758,1.0263621575833741,1.1627985193824573,121.22374926082432,51.9704874465816,22.298726812599277
1712.125,水层,10.590677348826109,51.91481235711078,37.49451029406311,90.8272580033272,9.172741996672794,91.32962751908617,45.69219861974906,3.5298839053712365,2.6927298319904898,0.5023695157589734,8.670372480913823,2.1313102040574545,182.1762065725665,14.470383565916642,1.0294296125983056,1.165756588151946,107.80318717744251,50.48125738234346,22.154544372032593
1712.25,水层,10.542261008223438,52.95045186030703,36.50728713146953,90.4087539314692,9.59124606853079,90.92334283517405,46.60370429086643,3.6003009414370206,2.746446628003571,0.5145889037048509,9.07665716482594,1.9356021833841641,161.20614019135445,14.451592689425667,1.0354809777941654,1.1729670102624725,116.07234694399183,52.1348364352999,22.248707916896034
1712.375,水层,10.50023294545879,52.675358267967965,36.82440878657325,89.88155913401897,10.118440865981027,90.40499864735331,46.36158396933445,3.581596290490991,2.7321780081425264,0.5234395133343358,9.595001352646692,1.9024711517466262,173.53710141444859,14.391346404816002,1.0470546360311388,1.1863671471785804,102.0034108980825,51.7833375123417,22.020939852789674
1712.5,水层,10.590181222765436,53.18588471273724,36.22393406449732,91.18160974608975,8.818390253910247,91.71397857336142,46.81091768847745,3.6163089090835654,2.758658115176221,0.5323688272716606,8.286021426638591,2.1379381727654154,171.33573488128837,14.332961737099325,1.062890247987166,1.2028277220035173,118.66533883763177,50.65913036556525,22.038930368648472
1712.625,水层,10.432507525739345,53.12591304559711,36.441579428663545,88.5250563437519,11.474943656248104,89.05265568078548,46.758134345880066,3.612231209232508,2.7555474904845334,0.527599337033582,10.947344319214524,2.029340196719999,165.43022572699465,14.426986752896878,1.0692672023063297,1.2083494545551114,123.97622844362697,52.0009026737488,21.815797550314823
1712.75,水层,10.455242422369015,52.539713882163575,37.00504369546741,87.72405483017026,12.275945169829738,88.24008521514082,46.24219819220413,3.572373317074247,2.725142372885196,0.5160303849705654,11.759914784859172,1.9588385534603465,167.28151488570276,14.391076209746117,1.0744170974230747,1.2128002688117758,114.61236147109891,51.39986318984707,21.931054355893476
1712.875,水层,10.254750535178518,53.280195887719685,36.465053577101806,89.7229779800289,10.277022019971094,90.24678559788745,46.893924536498346,3.6227214815951863,2.7635498696261536,0.5238076178585493,9.753214402112542,2.0607037533225325,164.240787298101,14.324398904195421,1.0753244560127282,1.2140006803965766,116.29372398196739,52.8410580487479,21.984875161627937
1713.0,水层,10.515433059657619,53.766466319118145,35.71810062122423,92.17045064833856,7.829549351661436,92.68793032499642,47.32190961677816,3.6557848423494175,2.78877185999057,0.5174796766578454,7.312069675003585,1.8881686704424085,172.8038084647899,14.13736727740241,1.0638285787113264,1.2055261872565477,110.19293728694603,50.30955566863951,22.09852758884025
1713.125,水层,10.819284206602775,53.867414739408204,35.31330105398902,93.28662674827657,6.71337325172342,93.80829522496916,47.41075815654586,3.662648706203983,2.794007876658364,0.5216684766925768,6.191704775030848,1.8780903162340274,174.93720872029675,13.92190144094408,1.0552546121839956,1.198934018020603,110.64034861545831,51.794749420092344,22.022713640350368
1713.25,水层,10.585997070333873,53.75151140867626,35.66249152098987,92.72864769574907,7.271352304250922,93.24947971999393,47.30874723195529,3.6547680015812767,2.78799617513969,0.520832024244841,6.750520280006079,2.0770054200254564,162.66676389740888,13.773200549362157,1.0571177572750914,1.2043687843943331,108.23436622285472,51.00286618587573,22.09385151763417
1713.375,水层,10.620767109484417,54.333449777566955,35.04578311294863,91.08698162501034,8.913018374989667,91.60527900547379,47.82093329848481,3.6943361862476305,2.818180292834517,0.5182973804634478,8.394720994526217,2.2681944436435604,175.80517667374323,13.73431452532074,1.076186323849563,1.2251439662294767,101.93460486275293,51.76051004369812,22.14756295722487
1713.5,水层,10.504465218232337,54.8726462341292,34.62288854763846,88.8299157521001,11.170084247899892,89.3536860040916,48.2955005841919,3.730998187080068,2.8461474628572314,0.5237702519914831,10.646313995908407,2.0555054270680513,142.38374247698,13.764455356315421,1.1011344812850232,1.2483739434623498,107.99320192869321,51.35268407709684,22.02887322205098
1713.625,水层,10.2422559380157,54.95738398454899,34.80036007743531,88.55159225355112,11.448407746448874,89.06681870279172,48.37008149755701,3.736759826346462,2.8505426606455186,0.5152264492405902,10.933181297208282,1.9592708043632032,170.00896566478568,13.801140692199308,1.1213052701670962,1.2677491189936991,109.50815040741892,51.52762624636338,22.01242294582628
1713.75,水层,10.245109172209196,54.48046033248676,35.274430495304046,88.44909524910356,11.55090475089644,88.96006658864131,47.950322872858855,3.70433198837365,2.8258054712542493,0.5109713395377457,11.039933411358692,2.1086870898191146,152.04275115036302,13.910865819525217,1.1236858758526465,1.2675799301530404,120.39650405166475,50.33395408939401,21.985487675649047
1713.875,水层,10.309899755066022,53.73759566005651,35.95250458487747,89.35733292419752,10.642667075802482,89.85526753787852,47.29649945293026,3.6538218173449524,2.787274389781299,0.4979346136810084,10.144732462121475,2.037314806603953,159.85955440897962,13.950029284245367,1.1210889243570843,1.264668697446987,115.54296505766544,49.650393073799776,22.04209681307128
1714.0,水层,10.532597152718397,54.46193865945212,35.005464187829475,88.69085774200288,11.309142257997129,89.18934409146793,47.934021244775394,3.70307262996365,2.8248447847130818,0.498486349465051,10.810655908532073,2.0543753371701574,151.16804644656312,13.921577046636548,1.1319401862845702,1.2781444647941096,123.03927249607709,49.97339303044074,22.307907655495974
1714.125,水层,10.492961688310325,55.48677046176276,34.02026784992691,86.55008025984795,13.449919740152062,87.05391063136724,48.83601464775451,3.772754809681543,2.8780010043267037,0.5038303715193144,12.946089368632752,2.17491170551124,156.5651547698402,13.851022671552059,1.151665095224398,1.3033715404359227,104.81272323426441,49.590321487592774,22.019800400208215
1714.25,水层,10.79307498653509,55.551895355629185,33.65502965783572,85.03672525037564,14.963274749624366,85.54808882804107,48.893333540966836,3.777182896854753,2.881378917807603,0.5113635776654466,14.451911171958919,2.261938565073682,156.44271122876236,13.653227154902066,1.1843144484631636,1.3439095715307994,98.47794199221542,50.12888373636904,22.204211390859157
1714.375,水层,10.866411557668576,56.28455916394034,32.849029278391086,85.41570161032728,14.584298389672723,85.91755276005,49.53817879284936,3.826999472656193,2.919380898434789,0.5018511497227218,14.082447239950003,2.090798009544231,152.99060636943807,13.559348078873821,1.2134685988308433,1.3763000202591489,112.14273034716399,50.03574125879021,22.149810751401375
1714.5,水层,10.552532744101418,56.26555012266002,33.181917133238564,84.69538540913373,15.304614590866262,85.198985328796,49.52144821345754,3.8257069762409035,2.9183949329615677,0.5035999196622609,14.801014671204005,1.9915913913538492,166.57418986248672,13.503574590562375,1.2254306554316647,1.390575491803936,105.3107124388658,49.569669152458154,22.13198125191657
1714.625,水层,10.610556280953547,56.30155303876769,33.08789068027876,85.11678748442478,14.883212515575217,85.60807209156486,49.553135747688934,3.8281549503035035,2.920262340775253,0.4912846071400708,14.391927908435143,1.9391276278128586,172.03670758746537,13.451314753041814,1.229299315010179,1.3957392624966212,107.0556185079358,50.24800672421598,22.06045667817691
1714.75,水层,10.83840373062636,56.07557995844381,33.086016310929836,85.11597849376544,14.884021506234557,85.60617540570742,49.354248254889185,3.8127901882430053,2.908541515311623,0.49019691194197235,14.393824594292582,2.033464071130391,171.58036570085895,13.476855273530719,1.2358266609627497,1.4021937331918097,104.07546829093111,49.20944193299651,22.22609860178963
1714.875,水层,10.808613223134667,56.34672786956637,32.844658907298964,83.97570332297157,16.02429667702844,84.45404824958231,49.592895832484544,3.8312265574407345,2.922605479641096,0.4783449266107557,15.545951750417686,2.2482908899615843,162.57561907041278,13.459791329800188,1.2405819044105186,1.4075911150660794,103.85449836155591,50.193906528573514,22.25024044313995
1715.0,水层,10.552028159977239,56.56299759786651,32.88497424215624,84.15293792674167,15.847062073258334,84.6346249165391,49.78324303653402,3.8459315519978636,2.9338230093346325,0.48168698979742863,15.365375083460908,1.9742908305319116,164.28655672492602,13.444488026490367,1.2359958681543761,1.401356264637914,112.43326008232637,50.69719437261768,21.942538133919445
1715.125,水层,10.382873739634789,56.3441687131254,33.27295754723982,86.49247872947295,13.507521270527045,86.9834033919592,49.59064342167748,3.8310525507416413,2.9224727407062794,0.49092466248624517,13.016596608040798,1.9786374038366328,159.91332658704587,13.464894151355763,1.2237410222882894,1.385223252561695,106.05792525305786,50.44897910956694,22.072701663002338
1715.25,水层,10.407436474560456,55.63863617525755,33.95392735018199,87.63580021594002,12.36419978405997,88.11329237287623,48.9696774316398,3.783080732351849,2.885878011265899,0.4774921569361946,11.886707627123771,1.9963416890256016,161.5441238567309,15.837211055698209,1.0992010381261903,1.2169457370128633,130.42633790790381,52.615115042415894,22.07573951487198
1715.375,非储层,3.020540410535799,35.47256832235336,61.506891267110845,89.80171128803218,10.198288711967818,91.0367094075333,30.57063116209724,3.628902263575228,1.273034896680892,1.2349981195011228,8.963290592466699,1.98624583229268,169.1919305720986,18.227734228639367,0.9690199560996345,1.044530711503275,136.7204519030902,54.675701416833036,21.97108936784556
1715.5,非储层,2.9774505963204874,35.31007080626733,61.71247859741218,91.56445732466871,8.435542675331288,92.83414072846548,30.43058909962576,3.612278499584101,1.2672032070574741,1.2696834037967695,7.165859271534513,1.9668478802257798,172.2312927032076,20.506099849271806,0.8527866565837031,0.8878041772649956,162.48988401577978,56.69237245672361,21.750243081257253
1715.625,非储层,2.9249518749556658,36.6763820744583,60.39866605058604,92.09422651028247,7.905773489717538,93.36470896948006,31.608090470626358,3.752054396520272,1.3162372073116706,1.2704824591975938,6.635291030519941,2.276875989625512,177.88820015869547,22.724832307211578,0.7497792761616723,0.7451603390044783,196.42732221810928,58.35528155175578,22.14839606366844
1715.75,非储层,2.8911041142220455,36.945601363092585,60.163294522685376,90.87000283936263,9.129997160637371,92.15828615263459,31.840106475212483,3.7795959739173455,1.3258989139627566,1.288283313271963,7.841713847365406,2.3052056458933983,180.7100879833645,22.602964839726503,0.7487620591684638,0.7441020895410156,201.34582803555242,58.776357921724646,22.0317749367574
1715.875,非储层,2.974611671941685,36.69900892000264,60.32637940805567,92.24367007580422,7.756329924195782,93.52573941460884,31.627590523264548,3.75436916015022,1.3170492365878723,1.2820693388046187,6.474260585391168,2.1074738662547388,188.85696317990875,22.53613070137402,0.748524041923856,0.7438687857432406,189.76281397718398,58.37307107415747,22.0480688868241
1716.0,非储层,3.0130174039387603,35.93981633931139,61.047166256749854,92.7317211879609,7.268278812039098,94.03643693446475,30.973310400257848,3.6767025065962993,1.2898034324572456,1.3047157465038384,5.96356306553526,2.092130531068583,188.82694023831849,22.567855222221375,0.7478981443425833,0.743264258059158,182.68925756197652,59.247000477940816,23.239143410450342
1716.125,非储层,2.9548097352339218,36.319439176857685,60.7257510879084,91.86903822066364,8.130961779336365,93.14107855138255,31.300473340416968,3.7155385491956863,1.3034272872450279,1.2720403307189194,6.8589214486174495,2.3486991639144845,173.00221464257805,22.532939249060266,0.7416666420860843,0.7373473528753476,189.82356469476065,58.332708830406744,23.054537775909285
1716.25,非储层,2.973986417077476,37.07269285839669,59.953320724525824,94.43007631811454,5.569923681885458,95.67838886540166,31.949635257889692,3.792597643568077,1.3304599569389257,1.2483125472871215,4.321611134598335,2.3373545989597773,173.488673994964,22.50056976462846,0.7387882457188146,0.7346479256543398,199.68266636303517,59.51378041609032,23.122698926616106
1716.375,非储层,3.003626763070691,36.925191545535405,60.0711816913939,94.17803514879037,5.821964851209627,95.42298271144047,31.822517080529916,3.777508015908234,1.3251664490972572,1.2449475626500996,4.577017288559526,2.104914972080864,182.6357973981954,22.550275750221225,0.7372515204782155,0.7331299667086186,197.79811070964425,58.183380536029404,23.174258994366276
1716.5,非储层,2.951942354537628,35.457115434648486,61.59094221081388,92.72524968517124,7.27475031482877,93.99902893366244,30.557313701514122,3.627321407668169,1.2724803254661992,1.27377924849121,6.0009710663375575,2.1378242233491136,173.38284077426462,22.500224451190064,0.7392048552292105,0.7350186044281636,171.62591665639417,58.50731075246054,21.91099193052787
1716.625,非储层,2.9899932892794454,36.83629904876322,60.17370766195733,91.72339838052427,8.27660161947572,93.03346216416539,31.745908595144666,3.768414166829701,1.3219762867888527,1.3100637836410993,6.966537835834618,2.0076213457108962,173.55290611298514,22.565167486995303,0.7464345216656472,0.7418796164724558,188.96470270776115,59.556477542854935,22.082747148853265
1716.75,非储层,2.9611523556360884,36.61094277767323,60.42790486669068,89.89521623283466,10.104783767165337,91.21975679854832,31.55169419879896,3.745359848494538,1.3138887303797322,1.3245405657136655,8.780243201451675,2.0814222875941506,174.66268470018116,22.521145493366475,0.7629618704660959,0.7578048265759616,191.0676724788356,59.25274886122568,22.029375699820015
1716.875,非储层,2.963734749151962,37.786696899566074,59.249568351281965,87.26445182131357,12.735548178686429,88.59715144718062,32.564971423923126,3.8656414349748767,1.3560840406680756,1.332699625867052,11.402848552819378,2.125209300859043,179.7723119233061,22.231425911379148,0.7798147545778777,0.7743358198763828,186.5958171059729,58.14681614577237,22.031886933126568
1717.0,非储层,2.9435728972921895,38.75847483526529,58.29795226744252,89.5217377662529,10.478262233747104,90.81895637949138,33.40245983394626,3.9650559210787506,1.3909590802402747,1.2972186132384902,9.18104362050861,1.996267988293308,178.8876204557627,22.23388303464127,0.789883661698754,0.7840675391629522,191.46540749148346,58.12370819865565,21.94228879367198
1717.125,非储层,2.874320126296367,37.13503438682743,59.990645486876204,87.15019875628623,12.849801243713777,88.4476842904777,32.00336184048214,3.7989752847803273,1.3326972615649566,1.2974855341914744,11.552315709522299,2.2425426871429788,172.86765432763715,22.139114483162786,0.8000771887624701,0.7939817106046504,179.98387697209108,57.79523071394711,22.19110802907071
1717.25,非储层,2.8600058372589,37.865584100722714,59.274410062018376,86.90636838534651,13.09363161465349,88.21938903767834,32.63295724068312,3.873711725804764,1.3589151342348325,1.3130206523318293,11.780610962321658,2.2285015069693555,159.55806075720548,22.310131849248414,0.8004731723471833,0.7942473701262955,185.65349169060946,57.818515385809135,22.025736317870425
1717.375,非储层,2.8337637913765734,36.17375805555739,60.99247815306603,84.5058128725871,15.494187127412895,85.79602379805947,31.17492382322158,3.7006351301355656,1.2981991022002481,1.290210925472356,14.203976201940538,2.1222459709579264,182.2526191451875,22.434023698698457,0.8117701289622461,0.8050510596754968,184.38531298218572,59.122483879396555,22.161021413629225
1717.5,非储层,2.7986575407544123,37.85379721526317,59.34754524398242,82.91421461440328,17.08578538559672,84.20636699847921,32.62279917925777,3.8725059079757327,1.3584921280296751,1.2921523840759328,15.79363300152079,2.0977988606537354,171.6186977369262,22.428900230457355,0.8245600417492802,0.8174603119531008,182.10336162792473,57.39475995849494,22.091592789037783
1717.625,非储层,2.8820116022804685,37.43846575560751,59.679522642112026,82.00326214193232,17.99673785806768,83.31603925460006,32.26486217430885,3.8300168144209055,1.3435867668777524,1.3127771126677388,16.68396074539994,2.330548129216824,164.02459038507578,22.501838233867574,0.8344697054400845,0.8271237866868058,188.24425794398314,57.65039297004761,22.167281345304243
1717.75,非储层,2.951131670483844,37.26778729146757,59.78108103804859,81.78165441274201,18.21834558725799,83.09387953815175,32.1177696850614,3.812556125946577,1.337461480459594,1.3122251254097357,16.90612046184825,2.226420827293545,173.16926653396118,22.527806171128155,0.8354175363510239,0.8281510337973677,186.14443890635155,57.08962468414939,22.165643831264887
1717.875,非储层,2.9997441374130465,35.81538346056693,61.18487240202002,83.70089347100354,16.299106528996454,84.99891842563866,30.866072841196253,3.663972817805922,1.2853378015647565,1.2980249546351283,15.00108157436133,2.3365489984850067,164.63804267823303,22.667131700644696,0.8246532581986854,0.817735233772648,186.99381049070058,57.770788423071494,21.91532385824805
1718.0,非储层,3.0040002372971215,36.08998796321741,60.90601179948547,85.15362669479211,14.846373305207894,86.46263429784514,31.102729879663038,3.692065311481614,1.295192772072755,1.3090076030530413,13.537365702154858,2.192180440572154,194.38344725716556,22.83731216201902,0.8132205508607783,0.8067406895419196,194.51239094318822,58.41916979011701,21.966958085250237
1718.125,非储层,3.0290154644651452,35.395946090021454,61.5750384455134,84.04772376152464,15.95227623847536,85.31775694973553,30.50459731920916,3.6210636827929563,1.270285088019342,1.2700331882108826,14.682243050264477,2.1551049983235187,152.50244504096892,22.849185722512836,0.8022869384335104,0.796302601690161,190.439794074942,58.302567388316746,22.115953012689737
1718.25,非储层,3.004128393177308,36.89014503768321,60.105726569139485,85.99629402231452,14.003705977685488,87.23852422875409,31.792313632746467,3.7739227003336895,1.323908704603053,1.2422302064395727,12.761475771245912,2.2533662791737146,186.79360020683265,22.8109441787293,0.7976696779999235,0.7920155655401657,184.65261309377385,58.14095394883684,21.96347630939229
1718.375,非储层,3.0454226409092104,36.06919944528774,60.885377913803055,86.20275123535065,13.79724876464935,87.43333038261835,31.084814117030362,3.6899386117996,1.2944467164577735,1.230579147267711,12.566669617381642,2.3326681221888306,176.36338217946036,22.96278560656463,0.7931913424947625,0.7877226077842879,188.53231468317085,58.53458463600952,22.106617286801065
1718.5,非储层,3.0015215816890644,34.471347988987475,62.52713042932346,84.81574451923305,15.18425548076695,86.05425940222624,29.70776898518426,3.526475771614695,1.2371032321885251,1.2385148829931893,13.94574059777376,2.1836315726968047,172.24781125654607,23.14426260034987,0.7813497638641101,0.7761852288999485,201.03262831308248,60.31496171932859,22.058268453169724
1718.625,非储层,2.9824196425216756,33.341725673274524,63.675854684203806,86.54768198051397,13.452318019486032,87.75783934452319,28.734248634125453,3.410913545016836,1.1965634941322356,1.2101573640092278,12.242160655476809,2.30523474075506,180.74516609221857,23.607806224267303,0.7621636828762856,0.7572700600175359,205.42498176852445,59.34729530835192,22.128907455036437
1718.75,非储层,2.9005433677614927,31.870682030834896,65.22877460140361,87.74411192098941,12.25588807901059,88.93935035202131,27.466487805315342,3.2604233534029645,1.143770872116589,1.1952384310318924,11.060649647978693,2.2348333208590687,182.8831522852291,24.107672416851123,0.7403436511205359,0.7358136604430213,184.09267268618552,58.32534592663474,22.023814624225665
1718.875,非储层,2.9381497115087414,30.60877146579092,66.45307882270033,88.96321039211176,11.036789607888231,90.12433681018798,26.37896005449265,3.1313278206435884,1.0984835906546795,1.161126418076221,9.875663189812013,2.2298404883395553,186.1078228587859,24.33745523966283,0.7264242990328944,0.7221854425820854,198.81762638873275,59.78937846879897,22.051462559069016
1719.0,非储层,2.9118025278309854,31.904606057827678,65.18359141434134,87.81093101752691,12.189068982473083,88.99159019632755,27.49572388732962,3.263893837333673,1.1449883331643846,1.1806591788006349,11.008409803672448,2.141187262886201,189.19543301039943,24.33242923415158,0.7245339702386228,0.7203353994960571,198.59516664741724,61.27600161860632,22.83129095351892
1719.125,非储层,2.9455917593419403,33.37578740192385,63.67862083873421,87.5022592372907,12.497740762709297,88.70167683370181,28.763603388870568,3.414398116054196,1.1977858969990873,1.1994175964111164,11.298323166298186,2.0889590631894475,183.88566913954216,24.132304383199546,0.730431589159246,0.7262558200968257,190.0382367681601,59.3157162516174,22.715406483878127
1719.25,非储层,2.996970262924102,33.952504635691284,63.050525101384615,87.8869814651638,12.113018534836195,89.08043062399729,29.260624345405567,3.4733972405619817,1.2184830497237342,1.1934491588334808,10.919569376002713,2.178707867179247,189.51348442980614,23.768225781084762,0.7467006031798833,0.7421810475403143,186.5960712327392,60.5827834554785,22.792775871268418
1719.375,非储层,2.9431375229264685,34.657136535256264,62.39972594181727,86.61861753694168,13.381382463058312,87.83195527739645,29.86788350157652,3.5454822464200806,1.2437707872596606,1.213337740454755,12.168044722603554,2.1530061911009013,199.8190868355294,23.475503265738233,0.7624442680884574,0.7575118720378112,199.378146225695,58.83281467617441,22.845947021595855
1719.5,非储层,2.865260871276054,35.24153393393367,61.893205194790276,84.98817692553709,15.011823074462905,86.22357220119405,30.37152330472542,3.60526706446923,1.2647435647390133,1.23539527565695,13.776427798805956,2.13934424353817,189.52137712120702,23.26687155640017,0.7786341329989187,0.7732807152438218,198.25332830641503,59.04807018388437,21.98910365980233
1719.625,非储层,2.830998569021899,35.9112761880118,61.2577252429663,83.54329906851092,16.456700931489078,84.75124698021273,30.94871419874344,3.673782802031558,1.288779187236802,1.2079479117017988,15.248753019787276,2.1509426077685907,166.93281216059788,23.139633480872426,0.7992059884104348,0.793143062946002,190.57423840450218,56.899436323564075,22.061933224327603
1719.75,非储层,2.7479213506656617,35.841367865908616,61.41071078342573,81.06233448014568,18.93766551985432,82.27453680413113,30.8884664740578,3.6666310653425875,1.2862703265082236,1.2122023239854576,17.725463195868862,2.1454395188421396,181.77787941814307,22.94979314569835,0.8156877779894083,0.8090448853257464,188.2865486130644,57.97038724610847,21.996254996349553
1719.875,非储层,2.7162994485847505,37.06737270378155,60.2163278476337,82.56366852483703,17.43633147516297,83.80766640302583,31.945050292882737,3.7920533829735237,1.3302690279252924,1.2439978781888088,16.192333596974162,2.3951953171041818,179.74429406183472,22.850155391518634,0.8303212670719042,0.8232529087718368,202.6249420845653,58.92836212963585,21.833672562974186
1720.0,非储层,2.7322326417104565,36.622320151469324,60.64544720682022,80.55923481463658,19.440765185363418,81.78599508772703,31.56149933878073,3.7465237726047684,1.3142970400838248,1.2267602730904383,18.214004912272973,2.041099280854595,168.02225119480795,22.87190145211698,0.8397334390679596,0.8322967784140111,192.08172761450905,58.585836636295234,22.00644646002728
1720.125,非储层,2.6789697983737892,35.96554658458192,61.35548361704429,79.5424694260528,20.457530573947192,80.74324841732111,30.99548499530627,3.6793347531383613,1.2907268361372868,1.2007789912683082,19.256751582678888,2.1167531177525314,170.4879262298637,22.837053842846412,0.8411451460083078,0.8335847694421864,195.36284638227028,57.39908484102824,21.842467872543228
1720.25,非储层,2.6515357637936656,36.28266185149063,61.06580238471571,81.01718633847437,18.982813661525633,82.24242287179482,31.26877825595881,3.711776168133793,1.3021074273980222,1.2252365333204456,17.75757712820518,2.0849361427065913,182.85073928862667,22.933014059253907,0.8371162318445189,0.8295268030668144,182.1666070056595,58.47295658230007,22.09394723507134
1720.375,非储层,2.626511638602729,36.081855696461126,61.291632664936145,82.76582842402522,17.234171575974777,84.01626535712506,31.095721406939585,3.6912333671754767,1.2949009223460664,1.25043693309984,15.983734642874936,2.1592399286502637,184.26384383202475,22.92214044666742,0.8290429898082381,0.8215585463681021,184.58884270290272,58.11667464610377,21.910760438669904
1720.5,非储层,2.6064907137455764,36.671232444411814,60.72227684184261,83.91986508257204,16.08013491742796,85.15732536346839,31.603652465479907,3.751527580870431,1.3160523980614762,1.2374602808963469,14.842674636531605,2.2409087152943785,174.1361903847112,22.79569493569271,0.8207591892982014,0.8134671693852693,185.52898171770977,57.86861655288541,21.994389357995015
1720.625,非储层,2.560796648351556,37.182323130841596,60.25688022080684,84.67933108940888,15.32066891059113,85.88510752078173,32.04411577569876,3.803813001312021,1.334394353830822,1.2057764313728614,14.114892479218266,2.1591624446750965,178.17245364905884,22.742305408925688,0.8164236137018901,0.8092019605890957,194.1651045652392,57.32249778847232,21.965194708108182
1720.75,非储层,2.5341261383093934,36.828287996627154,60.63758586506346,83.53299905775047,16.46700094224952,84.75390408646996,31.73900458645134,3.7675946229791957,1.321688787196614,1.2209050287194796,15.246095913530045,2.131869814072641,172.65484646172513,22.76642509240353,0.8100714010147386,0.8031189288195998,197.18368521293118,57.88187991731854,22.116375181809303
1720.875,非储层,2.6026667360595512,35.73791657701085,61.65941668692959,85.06410431213389,14.935895687866108,86.25444617750392,30.799311069030527,3.6560478278098745,1.2825576801704512,1.1903418653700257,13.745553822496081,2.273445737066067,190.30032069873155,22.906864555358506,0.7975078503538743,0.7909113695459227,197.87365089624197,59.980378767340014,22.252389596320054
1721.0,非储层,2.6583610066525076,34.966751867598376,62.37488712574911,87.23426796889213,12.765732031107868,88.44173702526574,30.134713240014054,3.577156405735629,1.254882221848694,1.2074690563735972,11.558262974734268,2.623767624987928,182.07141810388663,23.17651774298185,0.7866172513342963,0.7802177157814192,193.11809027003903,58.76256143009447,22.12949343279766
1721.125,非储层,2.6494409424889813,34.17474813672657,63.17581092078445,85.30477151462661,14.695228485373391,86.51636152908651,29.452156123893726,3.4961331173849644,1.226458895447885,1.2115900144599023,13.483638470913483,2.1512947669915543,167.70508517634136,23.386639747618492,0.7714980417829823,0.7654896050115507,190.0634818855259,60.04577700462066,21.884102813100867
1721.25,非储层,2.653846761741998,34.32030704694201,63.02584619131599,86.89984681859804,13.100153181401964,88.11282664210046,29.57760031829531,3.511024034049475,1.2316826945972255,1.2129798235024216,11.887173357899538,2.2289334358378325,179.76266189300856,23.620122061034753,0.7645296075026121,0.7585288220687485,198.65603664320807,59.251037678222986,22.117736132721102
1721.375,非储层,2.5751229288390824,33.249704873911845,64.17517219724907,84.68353790893396,15.316462091066041,85.89286045501778,28.654944144780508,3.401499665422085,1.1932610637092513,1.2093225460838277,14.107139544982218,2.244967621462007,179.19798787459342,23.64197285394603,0.7661852221319704,0.7600508478433234,199.5844783720388,57.14023014006276,22.13830885921974
1721.5,非储层,2.613982926040621,34.81121728220216,62.574799791757215,86.16714723556238,13.83285276443762,87.3981568946901,30.000671904188327,3.561244961041818,1.2493004169720128,1.2310096591277218,12.601843105309896,2.2831838807653733,178.6354233326791,23.72879477541765,0.7587779905777391,0.752741496812531,178.25123666007943,58.426726061748894,22.22931447655656
1721.625,非储层,2.5821818755287578,33.19148244163449,64.22633568283675,87.4238846966567,12.576115303343304,88.63710785106704,28.604767442424578,3.3955434145421894,1.1911715846677224,1.2132231544103482,11.362892148932957,2.3311787036014935,169.56955520145934,23.689128718014295,0.7627733655360805,0.7565718265520484,190.1278262796948,60.16857467198491,22.065897021731104
1721.75,非储层,2.623480326334696,34.824774494095266,62.55174517957004,85.70115615498104,14.298843845018972,86.94268444466965,30.012355651488615,3.5626318861857658,1.2497869564208868,1.2415282896886248,13.057315555330351,2.229043074642202,174.87838235952975,23.48603553298817,0.7685925384312055,0.762342299521142,190.98851763363567,59.50299577531274,22.32808755845306
1721.875,非储层,2.6748849203090512,35.35340326586568,61.97171181382527,85.09048130937596,14.909518690624035,86.33240885892108,30.467933467467677,3.616711481692804,1.2687583167051972,1.2419275495451167,13.667591141078915,2.085163634873915,180.95422973571056,23.333680810062383,0.7722526804167664,0.766026102730341,188.56181900037845,58.104369667297654,21.96934811822235
1722.0,非储层,2.6625803257083533,36.3911106707469,60.946309003544755,86.8469130319415,13.153086968058503,88.0755113999318,31.36224058502731,3.722870661267326,1.305999424452263,1.2285983679903028,11.924488600068194,2.300998058091444,194.2549036301238,23.038563003860673,0.7793207033422165,0.7731342698298086,187.8138910262284,58.09583433448174,22.146960614649164
1722.125,非储层,2.650134915364638,36.27616465728972,61.07370042734564,88.61678770556792,11.383212294432088,89.81436431353083,31.263178905900496,3.7111114944476844,1.3018742569415418,1.1975766079629282,10.185635686469164,2.2160300175526917,179.04280063811873,22.91071203643724,0.7789597265511576,0.7729940365318956,190.74466892393656,57.31355432630103,22.187426493195723
1722.25,非储层,2.7138180446971525,36.0450451005451,61.24113685475775,87.78492589589868,12.215074104101319,88.98748829293584,31.063997649573626,3.687467582481532,1.2935798684899442,1.2025623970371582,11.012511707064165,2.182337270692541,177.84782606789628,22.926008608355392,0.7742510365877554,0.7685205151520977,191.42768147686763,59.39383247659312,21.877037293831226
1722.375,非储层,2.6577960545652495,35.11897116209784,62.223232783336904,86.94467769262792,13.055322307372075,88.12126102619182,30.265897423397963,3.5927286907009908,1.2603450479988905,1.1765833335639018,11.87873897380818,2.107255066411846,167.72537057243784,22.941202995863463,0.7752263030272467,0.7694933260347635,196.79586465020608,58.51445919677388,21.861686885554935
1722.5,非储层,2.604430741709135,36.30138564492672,61.09418361336415,86.19998978939245,13.80001021060755,87.39310215617463,31.284914617382896,3.7136916430936404,1.3027793844501825,1.193112366782193,12.60689784382536,2.2749321225431767,178.4423545928761,23.102427377207455,0.7771684803282455,0.7712522884008393,192.13925902681208,58.707442137507975,21.86942983891114
1722.625,非储层,2.63375210209367,34.69525182468117,62.67099607322516,85.2940947100642,14.705905289935806,86.51272068926998,29.90073165748271,3.549381503412525,1.2451386637859378,1.218625979205794,13.487279310730017,2.222642708301498,162.86398508885114,23.184016997826127,0.7852408146119454,0.7788789381919115,193.90656051933675,59.37671552182083,21.871706085960287
1722.75,非储层,2.561950854299559,35.48447663484684,61.953572510853604,83.09512973826936,16.904870261730633,84.33527904529238,30.580893870613103,3.6301205035901676,1.2734622606435708,1.2401493070230065,15.664720954707622,2.147700574153419,180.91657448595166,23.009053678243955,0.8001524908871739,0.7932956383417495,197.9248727004363,59.707594178308604,21.98973168113048
1722.875,非储层,2.533738924199387,37.26270823806514,60.20355283773547,83.2436082165014,16.756391783498604,84.47178370047476,32.11339250360649,3.812036530403863,1.3372792040547796,1.228175483973364,15.528216299525244,2.2560554258862413,187.08394461434352,22.826000331954763,0.8100473847324938,0.8028789100663475,191.78547267864622,57.04590890197812,22.24528857469492
1723.0,非储层,2.516153949948176,38.40228580475888,59.08156024529294,84.85470209589072,15.145297904109277,86.09025345390164,33.095492394299825,3.9286171956016664,1.3781762148573935,1.2355513580109183,13.909746546098356,2.213747271811056,167.7789486516609,22.53123940847317,0.8245097478698062,0.8169793683388592,179.90212985780366,57.290623262305886,22.1461165752671
1723.125,非储层,2.489600551276499,38.05557083738679,59.454828611336715,83.67063569094863,16.329364309051375,84.9045660180563,32.79668980155856,3.8931476824139466,1.365733353414287,1.2339303271076785,15.095433981943696,2.242317323190741,174.97959070769238,22.252653599189976,0.8286232497512632,0.8211530105516714,196.94597837843028,56.4894063622083,22.139253043486246
1723.25,非储层,2.4698294897824913,38.45514837843263,59.07502213178487,85.62042623160131,14.379573768398679,86.82372623494001,33.14104991433541,3.934025124103483,1.380073339993739,1.2033000033386925,13.176273765059987,2.371162167381666,173.1219860606389,22.249558226040755,0.8232779763640127,0.8159220958172113,193.145086137882,57.273612262312305,22.062672157796204
1723.375,非储层,2.4508507914854363,37.259618485851064,60.2895307226635,85.5103049449779,14.4896950550221,86.72437453483381,32.11072972276525,3.811720443654755,1.3371683194310633,1.2140695898559155,13.275625465166186,2.0624756517923726,178.01009441693236,22.309738918302283,0.8242612912515452,0.8168451390349487,183.37505450320447,58.3550380121413,22.178416966389804
1723.5,非储层,2.516929501781513,37.80808257296881,59.67498792524968,83.52971902874565,16.470280971254347,84.76483866835758,32.58340182140117,3.8678292246469974,1.3568515269206425,1.2351196396119273,15.235161331642422,2.376450384642221,171.29970174379682,22.2324881589475,0.8216216691393877,0.8142977511498093,187.9227421503644,60.37289414381442,22.087261843586298
1723.625,非储层,2.5366034003390716,38.75787734054455,58.705519259116365,85.94653099686165,14.053469003138341,87.20678743069261,33.401944906733696,3.964994796383047,1.3909376374278088,1.2602564338309532,12.79321256930739,2.0540723226211908,154.68397755016915,22.14077668851757,0.8238846736731976,0.8165251577613357,181.06403044231607,59.94168753983507,22.13293972383221
1723.75,非储层,2.5453976371116833,39.367223251127506,58.08737911176082,86.12582190474012,13.874178095259882,87.36839264443383,33.92708559892386,4.0273318883612825,1.4128057638423592,1.2425707396937058,12.631607355566176,2.120369344846683,166.20833634766043,21.993215414717064,0.8242829304247137,0.817034712710291,174.2992554210264,59.14541322760785,22.041607680881476
1723.875,非储层,2.5116636171407443,38.71777463090442,58.77056175195483,87.65820428049878,12.341795719501224,88.8738651088342,33.36738397125622,3.9608922230236527,1.389498436624549,1.215660828335415,11.126134891165806,2.248330738297975,159.91793782135395,22.00213652727853,0.812233903912756,0.805377359525022,178.61515443800815,56.60796378673384,22.94611046018814
1724.0,非储层,2.494940413287849,37.516109466711555,59.988950120000595,88.52216991394657,11.47783008605343,89.70915007158995,32.331776338308714,3.8379598941668487,1.3463732342359918,1.1869801576433776,10.29084992841005,2.3056906156095494,177.48901001348125,22.181080445670702,0.7990220792436531,0.7924612017034702,185.07402730777108,59.05654169371065,22.96700404175305
1724.125,非储层,2.4972769308722285,36.72786918976526,60.77485387936251,88.90212217462724,11.097877825372759,90.12343342612415,31.6524626062255,3.757321613361874,1.3180849701778858,1.2213112514969187,9.876566573875845,2.1976899317788154,174.57045125835444,22.56483171548083,0.7740046035185202,0.7679831895236919,186.77102249531666,59.46546442011817,22.656665139036747
1724.25,非储层,2.5671696114107476,34.974352364917024,62.45847802367223,91.34747914682691,8.652520853173085,92.54232696271784,30.14126342826277,3.577933949150961,1.255154987503295,1.1948478158909213,7.457673037282165,2.2258179591372085,166.12933201195773,22.886739661997304,0.7594040474872779,0.7535794756969908,187.30766843244587,58.26482941860684,22.93848027147681
1724.375,非储层,2.5244229315364892,35.16174351424488,62.31383355421863,89.17756031937213,10.822439680627859,90.40051996819489,30.30275908476795,3.5971043728933347,1.2618800565835968,1.2229596488227363,9.599480031805118,2.424642532061232,178.68682769035865,23.21245897781333,0.7417993265525588,0.7362024754693979,177.3927277852572,59.933898632953344,22.17999086692148
1724.5,非储层,2.583153683207322,33.7772162361734,63.639630080619284,91.7952765977738,8.2047234022262,93.04423680112475,29.10955896553346,3.455464948092816,1.2121923225471252,1.2489602033509504,6.955763198875253,2.2534216372016336,187.15221583358544,23.632984830722386,0.7207959017970791,0.7155333968298782,195.17105725077636,59.01367232731938,22.195793300608386
1724.625,非储层,2.62463526792781,31.90491973558338,65.47044499648881,92.7312133945813,7.268786605418698,94.00684327372109,27.49599421810709,3.2639259270856007,1.1449995903906913,1.2756298791397804,5.993156726278914,2.217561847873121,182.1506802614346,24.083721988802857,0.706459848147582,0.7012821574426897,200.65435517480955,60.49473323115118,22.02526607930206
1724.75,非储层,2.6748005337061658,29.983970948794948,67.34122851749889,91.84122759318701,8.158772406812986,93.13519242012136,25.84050042051867,3.0674096969316134,1.0760608313446642,1.293964826934345,6.86480757987864,2.221979874220147,178.03816490000904,24.404543495555984,0.6884176447117689,0.6835745910110219,186.74822721407762,60.16986600672553,21.946028155223303
1724.875,非储层,2.639335537865608,31.40868135901611,65.95198310311828,93.38169476420235,6.61830523579765,94.64095950602177,27.068330784192256,3.2131599224469385,1.127190652376915,1.25926474181942,5.359040493978229,2.280155901010231,185.26015567850678,24.712665621685794,0.6729298373154914,0.6684139078065103,205.5486546471637,59.69892157768135,22.001687090823346
1725.0,非储层,2.6213609953140047,30.249649000286517,67.12899000439948,95.4446655017541,4.5553344982459,96.67184283401866,26.06946454982011,3.094588999926499,1.0855954505399077,1.2271773322645638,3.328157165981338,2.2024633181597912,185.76274628336148,24.90377226138372,0.6595870275433364,0.6554015275539056,208.32988172632756,60.87306354484687,22.06781571153131
1725.125,非储层,2.5463622738136378,29.701992062222583,67.75164566396377,97.46687986242691,2.533120137573097,98.66047274521219,25.597488060698346,3.0385627916141305,1.0659412099101035,1.1935928827852877,1.339527254787809,2.156607010597602,190.93755496602662,24.759646764385593,0.6573171554768965,0.6534115951673309,193.60982800753493,60.30647994030609,22.100796449842946
1725.25,非储层,2.6216296108352717,31.4350115719647,65.94335881720002,95.33668359806525,4.663316401934747,96.49842094458818,27.09102243767379,3.215853546672319,1.1281355876185908,1.1617373465229273,3.5015790554118187,2.2321845305635435,186.80445577094008,24.886323197159257,0.6497680281847562,0.6461315279011683,196.31989470248388,60.79858920492926,21.960728687905725
1725.375,非储层,2.5977676706076123,29.97398328348818,67.42824904590421,95.74810747052464,4.251892529475354,96.9062132754787,25.831892945878295,3.066387942292643,1.075702395317245,1.1581058049540554,3.093786724521297,2.383330760025757,199.81679225319778,24.911841822907363,0.6475643128158208,0.6440092121990665,192.22788974252083,60.421630722616065,22.11569812479017
1725.5,非储层,2.531242409162204,30.01689436080791,67.45186323002989,96.4056975393051,3.594302460694898,97.56665503528437,25.868874162056066,3.0707778162990285,1.0772423824528168,1.16095749597927,2.4333449647156336,2.223257116376053,190.69711978438278,24.77740392903991,0.6556965806096728,0.6520507156380435,192.12046463229194,59.2213031456334,22.13985828043505
1725.625,非储层,2.589219927940707,31.236944521575573,66.17383555048372,94.75195299441239,5.248047005587608,95.93086254758056,26.92032617774172,3.1955909606378072,1.1210273831960431,1.1789095531681681,4.069137452419436,2.1547521407636188,187.03571111513565,24.649777443323636,0.664238814512463,0.6603912988175134,204.36347080848736,59.70489936104573,21.804906917343345
1725.75,非储层,2.633850224223206,32.924703040087635,64.44144673568915,92.63998214357761,7.360017856422385,93.83715633823955,28.37485415810243,3.368251441619593,1.1815974403656095,1.197174194661939,6.1628436617604425,2.198470892614202,195.58959247520178,24.265898755906715,0.6856911584840794,0.681363997241881,190.64213184423232,59.254695574251215,21.92001514114026
1725.875,非储层,2.591262070468861,34.37645224295558,63.03228568657556,90.16739323830743,9.832606761692574,91.3894651504567,29.625986836667956,3.5167677802324695,1.2336976260551544,1.2220719121492756,8.610534849543294,2.293925457591113,181.12528133507777,23.966770735405774,0.702167550119303,0.6974863222072238,194.4260646502015,58.631112275121914,22.148682987274746
1726.0,非储层,2.6458566317474808,33.348040817423716,64.0061025508288,91.85586665828639,8.14413334171361,93.10884487857133,28.739691091541168,3.4115595946823007,1.1967901312002482,1.2529782202849413,6.891155121428671,1.9854345423629332,179.4546776524802,23.811482659060502,0.7075870456274832,0.7028072401747865,183.41666148038155,57.58318103774358,22.03401556660227
1726.125,非储层,2.6999250404398376,32.842734505770466,64.4573404537897,94.11891402947353,5.881085970526467,95.36279177132539,28.30421281612977,3.359865925323665,1.1786557643170306,1.2438777418518456,4.637208228674616,2.244010281757432,189.19173273345314,23.82153688824419,0.7000475453785151,0.6953441100157718,206.47334419311784,59.172475508587794,21.84799108360001
1726.25,非储层,2.6710402277655567,32.597754962563094,64.73120480967135,96.59524920610829,3.4047507938917088,97.86854845209525,28.093086878205163,3.3348041138755598,1.1698639704823723,1.2732992459869625,2.13145154790475,2.232375939226114,185.3544661581781,23.83495968476594,0.6848146982049043,0.6804330809575035,200.33875008525678,58.66296102774021,22.09858916795075
1726.375,非储层,2.6496351216160736,33.822117301643175,63.528247576740746,98.01567054604931,1.984329453950695,99.28573199790652,29.148255174355658,3.46005840117012,1.2138037261173948,1.2700614518572189,0.7142680020934766,2.2896649518690215,176.30488524559598,23.812961656262885,0.6793552430220813,0.6750811893302078,200.82307573336684,59.22037787752586,21.92441562953672
1726.5,非储层,2.6448050319845104,33.43750287974074,63.91769208827475,95.10380146451544,4.896198535484553,96.37695491510371,28.81679043448248,3.420711711255765,1.200000734002498,1.2731534505882651,3.6230450848962925,2.2532915960186095,184.65570349355616,23.91985165938689,0.6729653119718098,0.6687183476986939,210.3046795214523,59.23289692925514,23.067585418464258
1726.625,非储层,2.6481016415302374,31.644520954561095,65.70737740390867,96.02501298405244,3.974987015947562,97.29951180726992,27.2715798194272,3.237286702169695,1.1356544329642004,1.2744988232174892,2.7004881927300772,2.156557475389166,184.19760365340403,23.897457798835056,0.6717934795338926,0.667459165545844,197.6422171249442,59.13097178958443,23.255894062097767
1726.75,非储层,2.582039823482302,32.87247760715138,64.54548256936631,97.68782568012982,2.312174319870175,98.99877490650877,28.32984573263218,3.362908693666405,1.1797231808527986,1.3109492263789462,1.0012250934912315,2.2087482397908547,178.80558071424045,23.97318096894326,0.671171104756613,0.6667129135692524,197.8202744282686,58.49617650295272,23.056740492982613
1726.875,非储层,2.6266336497740674,33.06280741234533,64.3105589378806,97.13858528611408,2.8614147138859236,98.46780398340879,28.493873953562304,3.382379746752204,1.1865537120308218,1.3292186972947084,1.532196016591214,2.0130170746371525,184.9536154217334,24.00317646232819,0.6695411647609797,0.6649579841488631,209.64786721462463,59.92327077867014,22.995552357584085
1727.0,非储层,2.6120038746131757,33.11993519307678,64.26806093231005,95.5351497060655,4.4648502939344965,96.88732939620452,28.543107273743125,3.3882240129729486,1.1886039063607052,1.3521796901390248,3.1126706037954754,2.3048361348073616,177.37772312775394,23.782098844845727,0.6737666243382748,0.6690790815347561,208.71951573933993,58.65087279965016,21.86758561035767
1727.125,非储层,2.6717801494037596,33.9568329507472,63.37138689984905,97.16768241879966,2.8323175812003387,98.50549765487901,29.264354532685076,3.4738400343332456,1.2186383837288726,1.3378152360793445,1.494502345120996,2.028505045750976,178.14692236975566,23.591618423553072,0.6846788747446704,0.6798132269621988,197.1219060359168,58.92024333956844,22.1568108731851
1727.25,非储层,2.6640059645676644,34.99064434365833,62.34534969177401,94.68885131167019,5.311148688329803,96.02597192760217,30.155304026295454,3.5796006454554172,1.255739671907457,1.337120615931976,3.9740280723978283,2.192875226934876,177.67502772476965,23.340781127899376,0.6917140835633067,0.6868733283564215,189.41122460163263,59.19063488563424,22.05868173480389
1727.375,非储层,2.6903721106481853,35.70745470542239,61.60217318392942,97.3151713914748,2.6848286085251916,98.61500457395032,30.773058708829954,3.6529315280890438,1.2814644685033953,1.2998331824755072,1.3849954260496844,2.170743261687445,184.340499563463,23.232162133655677,0.69616795680574,0.6913826963994102,198.6890229584397,58.02575782064312,22.054943137674556
1727.5,非储层,2.7468581825133542,34.207229090050326,63.04591272743632,94.78066541785512,5.2193345821448744,96.11831197836341,29.480148549895425,3.499455972498485,1.2276245676564193,1.3376465605082817,3.881688021636598,2.1108551814163286,173.8592288884372,23.203741571995003,0.7067951528185458,0.7017446183570838,196.7987242439171,57.83326867122207,22.10860930793273
1727.625,非储层,2.678612368968658,34.49938992251316,62.82199770851818,91.94397474184267,8.05602525815734,93.28736952718401,29.731935817399375,3.5293445076791836,1.2381095974345995,1.3433947853413415,6.712630472815995,2.2957928695711525,186.60686659838063,23.298512697592763,0.7137759002215385,0.7085037199784143,198.5002412645142,58.77179515707694,22.033032216969264
1727.75,非储层,2.6205559073278364,34.23310005080255,63.14634404186962,89.66483858379854,10.335161416201455,90.98172668678282,29.50244441502078,3.5021026144664824,1.2285530213152838,1.3168881029842703,9.018273313217184,2.2814920095449978,174.75563443682626,23.58712960750549,0.7187695224311992,0.7131753678514541,193.27480938096707,59.27078709555524,22.12070164259427
1727.875,非储层,2.6889536759377055,32.923431362067255,64.38761496199503,90.07283519091726,9.927164809082745,91.41122549392928,28.37375821265623,3.3681213468600384,1.1815518025509884,1.3383903030120308,8.588774506070717,2.241107723390951,184.13231625786435,23.575760507978657,0.7305272465937573,0.7245724249853218,200.05876037598532,59.05916851864125,21.957871546187587
1728.0,非储层,2.687450657252636,34.648954234892436,62.66359510785493,89.0552571116651,10.944742888334902,90.39844137012089,29.860831909365693,3.5446451835933437,1.243477141933401,1.3431842584557843,9.601558629879115,2.20109278929851,199.3685397344441,23.544496713142415,0.7347322688668816,0.7286241180335168,197.92176307774727,59.24744506887622,21.996811799497543
1728.125,非储层,2.618143378809529,34.95943565691254,62.422420964277926,90.37269995870125,9.627300041298748,91.72195307278052,30.12840805296505,3.576407945311863,1.2546196586356277,1.3492531140792785,8.278046927219474,2.1212649450661574,186.86507344984432,23.471472553004887,0.7388670211135197,0.7326728240381744,187.70936800682298,58.54017224569507,22.11960837603726
1728.25,非储层,2.6209166678585807,35.06035958193346,62.31872375020795,88.81355368522692,11.186446314773079,90.13591225334869,30.2153853493144,3.58673262935022,1.2582416032688448,1.3223585681217782,9.864087746651307,2.120566703354168,167.44605133941235,23.398214114020362,0.7410789369587519,0.7347836380940383,200.50571642368635,58.03342048473047,21.952121079029517
1728.375,非储层,2.5831519401572476,33.79950884221853,63.61733921762423,90.12921450664106,9.870785493358936,91.46577309352104,29.128770967068125,3.457745518470551,1.212992356679854,1.3365585868799634,8.53422690647897,2.2328029211400446,183.29531861372942,23.420078033665064,0.7423663428741555,0.7359262815320036,192.9035318713493,59.2624152146884,22.045528592685887
1728.5,非储层,2.6419229749707624,34.48967911465368,62.86839791037555,88.12564334029915,11.874356659700858,89.50196085491189,29.72356694140877,3.528351076013843,1.2377610972310702,1.3763175146127489,10.49803914508811,2.251573485428375,183.29262068889537,23.633060248453003,0.7397384984954298,0.7332007127128513,205.27585332397868,60.25385669138238,22.10880144286075
1728.625,非储层,2.568327756430233,32.78362489886333,64.64804734470644,88.41263637075454,11.587363629245463,89.77986574257693,28.25327153737957,3.3538189150154443,1.1765344464683136,1.3672293718223916,10.220134257423075,2.174149554504373,188.49563085699336,23.70619530608935,0.7438484856322873,0.7370109242753233,198.14321491560247,59.152448496954825,21.837056118356504
1728.75,非储层,2.548564224594792,34.455236158809676,62.996199616595526,85.83532599768611,14.164674002313893,87.20524774517409,29.693883641071707,3.524827504805502,1.2365250129324692,1.3699217474879835,12.794752254825914,2.2018047721145133,185.50121147491333,23.68856883703508,0.7536209358763221,0.7463686818315982,197.3483400540347,58.74657570225254,22.06381476980225
1728.875,非储层,2.569852315834482,34.1890750663224,63.24107261784311,85.79133567137373,14.208664328626263,87.19821818179999,29.464503221977502,3.4975987859198145,1.2269730584250904,1.4068825104262581,12.80178181820001,2.3254251465416402,178.5427366879616,23.59033374859173,0.7581268707079893,0.7506748704017652,186.5717028851363,59.33395210099709,21.918444123222333
1729.0,非储层,2.579577535675812,35.6237696961738,61.79665276815038,87.56209021088571,12.437909789114288,88.97702981755859,30.700938090771313,3.644370413575716,1.2784611918267734,1.4149396066728752,11.022970182441416,2.1033803208114814,181.58923879142566,23.42237640634921,0.7698184105463872,0.7620002520437265,187.34208854596537,58.175064682696274,22.187275279031173
1729.125,非储层,2.570455395467402,34.72389777950467,62.70564682502794,85.49149332297155,14.508506677028453,86.91493390540984,29.925419041582924,3.5523120318523205,1.2461667060694201,1.423440582438296,13.08506609459016,2.083241243694503,184.27091680244772,23.457432223315497,0.7690572325204538,0.7610493769502632,193.30693008990684,59.06623955921154,21.881389503431453
1729.25,非储层,2.535659335872189,34.08973853587669,63.37460212825113,85.6550082976266,14.344991702373399,87.11553709528478,29.378893958910275,3.487436494965454,1.2234080820009625,1.4605287976581773,12.884462904715221,2.2643522512462213,180.7325794896845,23.46523021181182,0.7695423996848745,0.7614168320804025,192.1090022164009,59.161588579266834,22.098032304526956
1729.375,非储层,2.547262840536745,34.13418665288417,63.318550506579086,85.46105058495144,14.538949415048563,86.90845047918101,29.417199812000394,3.4919836106677717,1.2250032302160028,1.4473998942295767,13.09154952081899,1.9688705813014162,172.04053284503706,23.638329932971004,0.7706145915281059,0.7622398573357319,188.8198888259478,59.76110663167294,21.899738265202153
1729.5,非储层,2.5781003094997934,33.88629930310729,63.53560038739291,84.49724529549535,15.502754704504651,85.9703545018469,29.20356789589797,3.4666243258101788,1.216107081399144,1.4731092063515474,14.029645498153098,2.2501863396192587,182.0050808437565,23.749135613731195,0.7704746941006044,0.7620186002956106,194.81128907569666,59.58481563002222,21.890444029488656
1729.625,非储层,2.6518224501611543,33.53537933808419,63.812798211754654,83.92260069064021,16.077399309359784,85.38610460183347,28.90114139210921,3.4307246344251716,1.2035133115498122,1.4635039111932575,14.613895398166532,2.1975206854821847,169.2972811872126,23.838788402753508,0.7735612444907096,0.765078137649779,202.88691414150335,59.34219920693529,22.102495440857066
1729.75,非储层,2.621847353838038,33.17691819951869,64.20123444664327,82.99957948419228,17.00042051580771,84.43297009270849,28.592215825923862,3.3940534685450183,1.1906489050498106,1.4333906085162,15.567029907291507,2.178591271363038,174.57788619923997,23.81528552993276,0.7837894176369247,0.77507255092756,200.32050687416483,58.271733223165356,21.96531583355802
1729.875,非储层,2.5719654664508833,34.54718699561003,62.880847537939076,81.45382220167335,18.546177798326656,82.87555254281179,29.77312783594717,3.5342342271147005,1.2398249325481627,1.4217303411384519,17.124447457188207,2.357829872811674,180.63370445552235,23.840654423799972,0.78459824888798,0.7759266628159001,199.22757123005928,59.32765819987927,21.86426107156726
1730.0,非储层,2.5812362831867057,33.64310169579707,63.775662021016224,83.78140584798199,16.218594152018017,85.21508072530891,28.993977649005686,3.441744809344269,1.2073792374471175,1.433674877326934,14.784919274691088,2.2962415386492085,166.59913752765226,23.759903808433663,0.7887914058034715,0.7799421003344313,206.31637573798474,58.66022501290534,22.025085650426384
1730.125,非储层,2.5060824333234466,34.53861716208305,62.95530040459351,83.30602448392187,16.69397551607812,84.76267922078742,29.765742263594664,3.5333575190060036,1.2395173794823848,1.4566547368655325,15.237320779212581,2.104053177354846,178.86656586136695,23.644428480907735,0.7910565178309535,0.7820300222907414,188.5013991699629,58.17728555076415,21.835092375579706
1730.25,非储层,2.5349780486369764,34.45354826939192,63.01147368197111,83.68934713393199,16.31065286606801,85.17341208874993,29.692429000281003,3.524654830933312,1.2364644381776078,1.4840649548179363,14.826587911250078,2.0821448262135087,181.25683239479483,23.727297902366914,0.7837033742403701,0.7747423976144332,201.9072283386301,59.048942927766845,22.02679750294012
1730.375,非储层,2.5401708839639445,33.58873128761882,63.871097828417234,83.34283657183758,16.657163428162423,84.8093304769998,28.94712066139077,3.4361826268849502,1.205427999343104,1.4664939051622388,15.190669523000189,2.3096403774236105,168.89836970030325,23.774137192281966,0.7848422512884551,0.7756117178397481,196.2885036747443,59.259671436748334,22.041246129259637
1730.5,非储层,2.46396923418607,33.26545593913605,64.27057482667789,82.63595869931753,17.364041300682477,84.12798881954122,28.668518577874934,3.4031110253813184,1.1938263358797927,1.492030120223697,15.872011180458777,2.2002238145985524,177.99912478587262,23.786168043550024,0.785061425729082,0.7757998773982476,203.5111064646673,57.935967018787295,21.999270597752535
1730.625,非储层,2.468981198731939,34.44577660812573,63.085242193142335,83.04339624481212,16.95660375518788,84.49590275617747,29.685731301148355,3.5238597771637536,1.236185529813625,1.452506511365357,15.504097243822523,2.240612671870507,186.644757525892,23.79975833620576,0.7886375372862828,0.7793034206415679,203.99670745686484,59.3233250952013,21.97102132136733
1730.75,非储层,2.471964054975933,34.42416100912228,63.10387493590179,82.0018452716316,17.998154728368398,83.44235501310095,29.6671027513778,3.521648465723337,1.2354097920211415,1.4405097414693495,16.557644986899046,2.298525566737856,178.99431323783278,23.8389936110743,0.7935920289923286,0.7841483679607615,192.2420307001581,58.59432469344887,22.186298927543678
1730.875,非储层,2.5031521612930896,33.30405793583746,64.19278990286945,80.72568889786199,19.27431110213802,82.14734676273603,28.70178618321311,3.40706007333114,1.1952116792932141,1.4216578648740552,17.85265323726396,2.250311857022083,165.59727120682265,23.833707803097752,0.7964911894168573,0.7871662833511339,195.37998438562997,58.02696952607766,22.15012188561321
1731.0,非储层,2.5448508447956972,33.31960039833991,64.1355487568644,81.4904587045591,18.5095412954409,82.91224088092032,28.715180840295595,3.4086500928877763,1.1957694651565383,1.421782176361217,17.08775911907968,2.1407406197325036,175.52454393587038,24.092896369027887,0.7882441347637488,0.7792150823925943,189.27749982138684,59.47381345482986,22.169245213259646
1731.125,非储层,2.545707762306048,31.597440802722076,65.85685143497187,82.93844760713021,17.061552392869782,84.33288245117791,27.231005651133355,3.232470324961665,1.133964826627056,1.3944348440476932,15.667117548822084,2.440988475049113,169.69526327337186,24.295402871106216,0.7831250537194719,0.7743763599133048,181.109453668092,57.68725277258719,22.019731041095238
1731.25,非储层,2.604471809409988,32.179033880272335,65.21649431031767,81.30298812463842,18.69701187536158,82.68088069894446,27.732228660943274,3.2919682563328148,1.1548369629962438,1.3778925743060457,17.31911930105553,2.200952049329089,184.25093399518002,24.54044793460851,0.7780878616437792,0.7695825859693818,196.5596547017194,58.564219284398966,21.962243857917578
1731.375,非储层,2.6202439435897467,30.635853877682273,66.74390217872798,79.4957873729415,20.504212627058493,80.85895070518191,26.402299960906728,3.134098396061824,1.0994555207137213,1.3631633322404046,19.141049294818092,2.226937159071461,184.69815064088928,24.773500069046204,0.7730094049567473,0.7647462919845084,207.07278562999497,60.43139463954651,21.950406524907983
1731.5,非储层,2.644080176000202,30.784088439110235,66.57183138488956,80.43885911215403,19.561140887845962,81.79967716662453,26.530050059566314,3.1492630362597835,1.1047753432841394,1.36081805447049,18.20032283337547,2.3636463518554294,197.32376904243992,24.990285759176025,0.7758918063968394,0.7674971237440648,195.28404640034313,60.477687626462576,21.85113548237689
1731.625,非储层,2.576963665784653,29.413347575511807,68.00968875870355,78.83060812102251,21.169391878977496,80.20569718406493,25.34873121681774,3.0090339844052885,1.055582374288779,1.3750890630424217,19.794302815935072,2.341560311695095,180.18457372944343,25.097191120705304,0.7746274778515237,0.7662038932852794,204.4306490142355,59.28606199329433,22.090422775646676
1731.75,非储层,2.504761245123918,31.129100013194932,66.36613874168114,80.39889917448961,19.601100825510386,81.75049770985301,26.827384650119523,3.1845582895038693,1.1171570735715397,1.3515985353633913,18.249502290146992,2.4237468472673798,172.4838821485533,21.40472289185577,1.278272900460628,1.1224285267856924,177.93799968061106,56.655656226830295,21.9778417117615
1731.875,含油水层,5.8528533748616764,68.5634810685547,25.583665556583618,61.95266393654465,38.04733606345535,80.91304932368593,55.96202083710542,12.53289675038072,0.06856348106855925,18.960385387141276,19.086950676314075,2.098677713375972,164.88657867468112,17.71028979807255,1.799561108127567,1.4923211304608501,148.19206022493643,53.43688996094487,21.96902789129944
1732.0,含油水层,5.776664418203479,68.91943425489553,25.30390132690099,61.315604137921476,38.684395862078524,80.0946282601281,56.252552462988334,12.597962357652296,0.06891943425489655,18.779024122206618,19.905371739871903,2.2029395113182573,147.87088495863196,13.896512583164851,2.309788354906841,1.850762225673767,120.35133241994907,50.11148714872738,22.138653347249488
1732.125,含油水层,5.621608006152929,68.73903542233678,25.639356571510284,61.65898442229619,38.34101557770381,80.87443022141673,56.1053096003258,12.564986786588635,0.06873903542234105,19.215445799120552,19.125569778583262,2.1572564249239536,133.08835849399082,10.310845099547558,2.8224754219720842,2.2066456907851126,94.00196197490635,48.74347850448483,22.065721948985267
1732.25,含油水层,5.617635790247071,68.16550006692688,26.216864142826047,60.07988796843847,39.92011203156153,79.32329663127786,55.63718579724508,12.460148769614877,0.06816550006692873,19.243408662839382,20.676703368722148,1.9711559343533844,107.55238382738423,10.410261310995821,2.841097143192313,2.2078355236825837,110.81672374405974,47.67532943383432,22.07325839382658
1732.375,含油水层,5.728965624547278,67.82922687032644,26.441807505126274,58.674341855252045,41.325658144747955,78.27296502471603,55.362717124683115,12.398680518773006,0.06782922687032233,19.598623169463995,21.727034975283964,2.0661886468321553,128.1379465079335,10.523378866298238,2.8227650108104547,2.18126412981286,99.94873423231499,48.99650112997067,21.99234361410837
1732.5,含油水层,5.873156659176492,67.62279045931977,26.504052881503736,60.12165661322377,39.87834338677623,80.26283881948544,55.19422219773007,12.360945471130385,0.06762279045931519,20.14118220626166,19.737161180514562,2.222511822187858,121.53402359905613,10.614528537715849,2.8406292817926326,2.1856183700533123,103.98101204363022,47.25967827241779,21.925880869782443
1732.625,含油水层,5.958635496383199,67.82017196072577,26.221192542891025,58.64985560866592,41.35014439133408,78.32342450453997,55.35532644043176,12.397025348333282,0.06782017196072798,19.673568895874048,21.67657549546003,2.0482565813759623,130.07682827446308,10.709080272513766,2.8471214275162118,2.1813811998194264,95.93946026878537,50.37610845119379,22.00786648137956
1732.75,含油水层,5.899040530291338,67.15446995080745,26.946489518901224,57.809946829804495,42.190053170195505,77.67102137502503,54.81197553161336,12.275339949243275,0.06715446995080865,19.86107454522054,22.328978624974972,2.1350209833754987,124.26232257086377,10.797055084888413,2.8356427497970307,2.1654438566810623,99.36050572635186,48.79776100390731,22.020477383444568
1732.875,含油水层,5.821565457850981,66.85558801358896,27.322846528560063,57.7147735890409,42.2852264109591,77.99554688230846,54.5680258817738,12.220706543801567,0.06685558801358821,20.280773293267565,22.004453117691536,1.8593648008523354,123.96086629041339,10.842964153258698,2.8508954957501254,2.173254968762581,100.60279891368086,47.071154055422994,21.7942966279594
1733.0,含油水层,5.894695804150916,67.31764681260081,26.787657383248266,58.27866828320285,41.72133171679715,78.30124829798402,54.94516169423955,12.305167471548662,0.06731764681260216,20.022580014781173,21.698751702015983,2.1312493792744545,110.77216641321036,10.842583284433214,2.8563664973698604,2.171176930578527,90.20708005058195,49.01495504301957,21.980085994959396
1733.125,含油水层,5.982822679654895,67.7852468175286,26.231930502816503,58.18233698999693,41.81766301000307,78.56803566988717,55.326820279996525,12.39064129071455,0.06778524681752413,20.385698679890226,21.43196433011284,2.1423728043368704,117.6875967263583,10.773218878850724,2.8531501538459474,2.172535200679585,104.37141470627047,48.45516958490924,21.933348014411667
1733.25,含油水层,5.823508290125215,67.79524621204682,26.381245497827972,59.28977555793383,40.71022444206617,79.13379447079582,55.33498185982978,12.392469106004995,0.06779524621204763,19.844018912861998,20.866205529204173,2.1314389630893573,132.30368041424884,10.614197859096597,2.8665839835557776,2.1916636043082103,98.48142911722712,47.310449009947995,21.96801158812214
1733.375,含油水层,5.9834545589681625,68.2971936103412,25.719351830690645,59.835742538288585,40.164257461711415,79.79297568173388,55.74467504233307,12.484221374397778,0.06829719361034076,19.957233143445297,20.20702431826612,2.1779045499817764,132.69374316346526,10.51806485937706,2.8662513487219163,2.1933338575751247,107.12744738917841,47.147553473961764,21.955497382939203
1733.5,含油水层,6.090637087311549,68.00957879197311,25.899784120715335,59.99489068210998,40.00510931789002,80.53107157557476,55.50992169831191,12.43164751486923,0.06800957879196934,20.53618089346477,19.468928424425247,2.1554166667668,127.30624269517622,10.510583938545054,2.8551027229941797,2.184589286507122,106.22316414915258,48.76124849186745,22.11515084467193
1733.625,含油水层,6.129078555649912,67.65529159324261,26.21562985110748,58.96158586024419,41.03841413975581,79.7690763220585,55.22074986385017,12.366886437799186,0.06765529159324796,20.807490461814307,20.230923677941504,2.141955544801605,106.77134122203248,10.424736014390563,2.8569651403091534,2.185572585491959,102.04189787066524,47.3989292952124,21.974333292494606
1733.75,含油水层,6.084139214170061,68.3477000698122,25.56816071601773,60.656087230206126,39.343912769793874,81.25682721129468,55.78589878846258,12.493453581279818,0.06834770006980961,20.600739981088562,18.74317278870532,2.104772996034182,120.01533867547684,10.362390580246863,2.8541634567318215,2.1866962814731705,102.17633669398296,48.2033451673574,22.067212640642236
1733.875,含油水层,6.134980165787844,68.72097593125763,25.14404390295453,61.19069606425387,38.80930393574613,81.29248229377146,56.090569310009045,12.561685645317336,0.06872097593125515,20.101786229517593,18.707517706228536,1.7109380405087724,138.67252468269015,10.320791376300651,2.8267251612876985,2.171876174441603,96.45979232618285,48.03960160923214,21.966236166007025
1734.0,含油水层,6.031054942379319,68.20742453190476,25.76152052571592,62.66772815025692,37.33227184974308,83.21131366248527,55.671404855935094,12.467812251437763,0.06820742453190476,20.54358551222835,16.788686337514736,2.10051608848441,131.64287479112969,10.303385359632728,2.7832903826698123,2.150539080003756,91.4548958401154,47.51111915834846,21.952627647756124
1734.125,含油水层,5.87919478385594,67.7014196347194,26.419385581424653,62.39992070783198,37.60007929216802,82.51706714700586,55.25839991279852,12.375318302286171,0.06770141963471782,20.117146439173883,17.48293285299414,2.156612515307544,132.3195632356201,10.345712090858374,2.725802185423944,2.114177592853951,104.85127432622129,49.34651748249105,22.111393169415557
1734.25,含油水层,5.9874841382691155,67.61641672468907,26.3960991370418,63.93401406861109,36.06598593138891,84.37517660131147,55.18901990833848,12.359780399625908,0.06761641672469176,20.441162532700368,15.624823398688537,2.1634692827232747,129.1948410475105,10.479730950951657,2.643934727428459,2.0561357905885576,104.70032734894575,48.5167916944705,22.033158837984068
1734.375,含油水层,6.102166710273473,66.92270647029149,26.97512681943504,64.43303228360554,35.56696771639446,84.68893565606332,54.62280846302555,12.232975300795639,0.0669227064702918,20.25590337245778,15.311064343936675,1.886343795782309,126.13128291825558,10.625639812711537,2.572461386305048,2.0040831469998963,102.3799739291406,49.006513514386725,21.984638023712616
1734.5,含油水层,5.970243797834793,66.3678833385435,27.661872863621696,65.27274207254985,34.727257927450154,86.03697538674092,54.16995771542796,12.131557739777001,0.06636788333854449,20.76423331419107,13.963024613259078,2.0555307793138895,132.97884770233264,10.71502974328147,2.4934734377289542,1.9446147975301067,104.49851436100911,48.459816642327254,22.000389504276747
1734.625,含油水层,6.063187629175261,66.0246247613668,27.912187609457945,66.6590863660675,33.3409136339325,87.99942690374971,53.88978752352549,12.068812613079935,0.0660246247613655,21.340340537682216,12.000573096250289,2.164392454677569,123.01432738191077,10.81779056476855,2.446937053504303,1.9022884215938543,92.55523203899574,48.65609055252317,22.050147344256324
1734.75,含油水层,5.98105167126631,66.19479865628871,27.824149672444975,65.34859177500523,34.651408224994775,87.31697239404564,54.028684716391616,12.09991914124081,0.06619479865628414,21.9683806190404,12.683027605954367,2.004749549431588,130.18137169032408,10.817305872203475,2.4213155710073493,1.8771697061247044,103.36093734922858,49.02898650503687,22.23486367939154
1734.875,含油水层,6.014135648893531,66.63153129557998,27.354333055526492,66.25677307551635,33.74322692448365,87.98413236520562,54.38514912979887,12.17975063448553,0.06663153129558147,21.72735928968928,12.015867634794375,1.9086937075951065,130.63568164130652,10.808403823990954,2.3932160621323675,1.854233771857296,91.63083475487672,48.04395814949046,22.066083376950836
1735.0,含油水层,5.840286886512641,66.19659916571018,27.963113947777185,67.73355233004004,32.266447669959966,89.45351099803871,54.03015430551093,12.10024826103353,0.06619659916571458,21.719958667998668,10.546489001961291,2.300816640130237,123.79191908836252,10.876098135235914,2.377187960944438,1.83831008901736,100.40334287251,49.14279744190927,22.002061466697675
1735.125,含油水层,5.733977751604839,65.47108858059015,28.79493366780503,66.81752462774682,33.18247537225317,88.61554807154732,53.43798719483824,11.967630297171308,0.06547108858059175,21.798023443800503,11.384451928452677,2.226714157521437,130.92989773578176,10.991734695256245,2.3304821405319283,1.807686298227881,105.74917595630035,49.279345780699536,22.065218182292877
1735.25,含油水层,5.8133757216138955,64.89759759549936,29.289026682886742,67.43830917844775,32.56169082155225,88.92652623906612,52.969899607140455,11.862800390763399,0.06489759759549935,21.488217060618357,11.073473760933883,2.096963872158397,126.84400392954154,11.157606905230484,2.2636092926895874,1.758496331433668,104.24038687697232,50.726983656269596,21.953712479773753
1735.375,含油水层,5.982521295730428,64.5183054605353,29.499173243734283,69.08840252038975,30.911597479610254,91.16264948420638,52.66031855860843,11.79346859646633,0.06451830546053555,22.07424696381664,8.837350515793618,1.967891830441475,123.15329792680859,11.24975614831346,2.2431472006548048,1.7401315600099263,102.49654371083795,48.03120071521087,21.923564667013814
1735.5,含油水层,6.065744382562561,64.97947832179858,28.954777295638852,67.61545087490049,32.38454912509952,89.90138329926208,53.03673126212502,11.877767581351756,0.06497947832179579,22.285932424361594,10.098616700737928,1.8093206223620657,131.65072849611255,11.235392928510366,2.2151540774150713,1.7241229009444068,106.8005440070659,48.97015359261991,21.962463288672815
1735.625,含油水层,6.022999211436299,65.10653266218804,28.870468126375652,69.60028233419283,30.39971766580718,91.40945698848296,53.1404339553592,11.900992174166651,0.06510653266219163,21.80917465429013,8.590543011517049,1.9272695903268202,116.18009812925197,11.180448446580662,2.2010539025022586,1.7145219158896419,105.77867453701367,48.921197842840634,22.114836325863127
1735.75,含油水层,5.852598536875727,65.1608210714747,28.986580391649575,69.73614369799753,30.263856302002466,91.77921101572181,53.18474455692675,11.910915693476468,0.06516082107147214,22.04306731772428,8.220788984278183,2.156512286322783,138.56990892606757,11.17932725591626,2.1764062230744714,1.6976605825801436,113.86777425971945,49.711545184775844,21.879227247797694
1735.875,含油水层,5.787578142145119,64.38559003278448,29.8268318250704,71.72142422544431,28.27857577455569,94.0246740091253,52.55199524395977,11.769209198791925,0.06438559003278388,22.303249783681004,5.975325990874691,2.128325223955651,127.12161168170347,11.19037158829458,2.12027079342069,1.6590065579836333,107.28680566910434,48.2532911163093,21.902768768623783
1736.0,含油水层,5.672975667581318,64.52773432976106,29.799290002657624,73.24762447044596,26.75237552955404,96.09027005122681,52.66801447147428,11.795192123957024,0.064527734329764,22.842645580780847,3.9097299487731885,1.89197855199041,122.31830484927033,11.226716229440438,2.077083057670719,1.6271812343243015,100.59235947325028,48.04107543815611,22.13926104269173
1736.125,含油水层,5.653157303082883,64.54974775197695,29.797094944940177,73.5404534434189,26.459546556581103,95.90310024928773,52.68598198965658,11.799216014568389,0.06454974775197686,22.362646805868835,4.096899750712268,1.9824975129460969,132.46726828339638,11.169872585576627,2.044892605451117,1.60577053326447,105.17610498151446,49.799590112905946,21.887105683860412
1736.25,含油水层,5.780691675508903,65.30399406417062,28.91531426032048,74.16286736290235,25.83713263709765,96.81883155190427,53.30160341350303,11.937086656603425,0.06530399406416837,22.655964189001924,3.181168448095728,2.092912394337147,132.70449238261435,11.10166690534775,2.026983345224575,1.5934196065599664,101.75076536184795,48.81952913988741,21.86647354809476
1736.375,含油水层,5.812948372658507,64.68611507280599,29.50093655453549,74.91513162309363,25.08486837690638,97.93859081652158,52.79728600647138,11.824142951261809,0.06468611507280675,23.023459193427968,2.061409183478413,2.0932877038730613,119.36140682009636,11.057009274330923,2.023338038946804,1.5886543508019508,110.72679217195002,49.245544855060615,22.069411393377123
1736.5,含油水层,5.639342936342369,64.83139702528645,29.529260038371174,74.42517774828197,25.574822251718032,98.12432105495532,52.91586621163683,11.850699416624337,0.06483139702528479,23.69914330667336,1.8756789450446787,2.1129353671078572,139.4738100256543,10.98668276127788,2.009786456114465,1.576269248601534,113.81266662022296,50.401158441472745,21.84420847427584
1736.625,含油水层,5.699765973744556,64.84249561414212,29.457738412113326,76.23379803127742,23.76620196872259,99.99,52.92492496202586,11.852728156502115,0.06484249561414523,23.756201968722586,0.009999999999998899,2.0034325324014177,127.62168163715295,10.952996122945912,2.0125082995375436,1.5722147315353483,113.188522944022,48.91044790635752,21.87477693746637
1736.75,含油水层,5.74768708446507,65.52833573718044,28.72397717835448,74.28601417586219,25.713985824137808,98.4342155029649,53.48471274785922,11.97809465358404,0.06552833573718192,24.148201327102715,1.5657844970350943,2.2382226515262102,132.32072851808115,10.8147628487777,2.0351399010309574,1.5866001417563738,121.40471651724482,49.23799202829841,22.183649232487106
1736.875,含油水层,5.6182006594232705,66.24070852871662,28.14109081186012,75.26073246376478,24.73926753623522,99.11847064074342,54.0661566941471,12.108311126040807,0.06624070852871838,23.85773817697865,0.881529359256572,1.9557295455770987,140.65785305934446,10.692617021881144,2.0620118408716257,1.609009447926526,104.89075101522091,49.59701093477253,22.140826035821952
1737.0,含油水层,5.471588785646715,66.37632916872647,28.152082045626813,74.22839828949203,25.771601710507962,97.4465405813174,54.17685126454944,12.133101575008302,0.06637632916872277,23.21814229182535,2.553459418682613,2.1437652642370058,121.68300940986835,10.596946422004667,2.1022507963580974,1.6417953936024312,105.32850547559401,48.264335748535366,22.604474313252904
1737.125,含油水层,5.3851182298847045,66.49627865578832,28.11860311432698,74.20416129640685,25.795838703593144,96.79295287752319,54.274754923898996,12.155027453233538,0.06649627865578933,22.58879158111634,3.2070471224768027,2.1402185118050427,130.29806145344236,10.61543018702641,2.118281324258474,1.6604698380684217,109.7817514474073,49.07846351462755,22.508369663698534
1737.25,含油水层,5.492526151389915,65.93086029860193,28.57661355000817,72.78795616218828,27.212043837811716,94.80666536680579,53.813256274860024,12.051673163443297,0.06593086029860334,22.018709204617505,5.193334633194214,2.236857711507945,130.45935558403647,10.652161626185976,2.1576838409663246,1.6900313749458462,105.86710255603275,48.88921351485027,22.492175692833996
1737.375,含油水层,5.3983467553764815,66.62967598602418,27.971977258599335,70.82077536732471,29.179224632675282,93.23288179032296,54.38363481240421,12.179411497633952,0.06662967598601854,22.412106422998246,6.767118209677037,2.0748514906133666,125.84128387015659,10.702507228764613,2.1657710701344444,1.6945022933657727,112.74705915861254,47.965072513901156,22.45189287746297
1737.5,含油水层,5.239156314280591,66.24093028246722,28.51991340325219,72.5320416385667,27.467958361433308,95.39379774809404,54.066337691200026,12.10835166098473,0.06624093028246708,22.86175610952735,4.606202251905955,2.122700924671959,129.91242709356683,10.793054940756154,2.155785481481496,1.6834046482211082,111.76873165537377,48.16942654769389,21.989139063452537
1737.625,含油水层,5.12243358931775,65.79428127650064,29.083285134181597,73.50999913478964,26.490000865210362,96.38191765689898,53.70177946589957,12.026707529324579,0.06579428127649611,22.871918522109336,3.6180823431010256,1.9340704859906508,128.87439668656114,10.857254777205572,2.119950741826262,1.6515916793296244,118.30191534571094,48.45742043423784,21.973869924042575
1737.75,含油水层,5.200594269872928,65.10362884182344,29.695776888303634,75.41401396410389,24.585986035896113,98.92107279050315,53.13806383568006,11.900461377301555,0.06510362884181997,23.507058826399255,1.0789272094968605,2.0343875500013286,133.20720610977787,10.877780794791182,2.058698409831251,1.6094938887098418,99.19844408105722,48.15804841465935,22.034098239208777
1737.875,含油水层,5.334307036805928,65.80815818415422,28.857534779039856,76.95376014952085,23.046239850479154,99.99,53.7131059006599,12.029244125310173,0.06580815818414965,23.036239850479152,0.009999999999998899,1.8668243707855796,133.81362786458288,10.928008882450806,2.0177395398693285,1.5820424919419294,97.64766061525867,49.89356654476723,21.986172996933494
1738.0,含油水层,5.281415209095023,65.31821655527781,29.400368235627163,76.02577693612524,23.974223063874756,98.97020210340723,53.31321191603662,11.939686422685918,0.06531821655528236,22.94442516728199,1.0297978965927657,2.158717993137605,130.74508205323295,10.97545026332178,2.0044143715706104,1.572646496526891,110.04391072847146,48.494145240886795,22.089338455493863
1738.125,含油水层,5.374452416772622,65.01934758726273,29.606199995964648,73.83206834387343,26.167931656126576,96.74017326803671,53.069272851756885,11.88505538791858,0.06501934758726402,22.908104924163283,3.259826731963289,1.9896166053150157,135.95948723590493,11.07211146688024,2.007694168400609,1.5726888812050837,116.57376126223247,49.7833791029366,22.005217631884946
1738.25,含油水层,5.446406522302234,64.08576248655267,30.4678309911451,72.87768456916268,27.122315430837318,96.28753715912771,52.30727378104301,11.714402943023112,0.06408576248654735,23.409852589965027,3.712462840872288,2.0199089894597098,135.66718395995065,11.325463398817252,2.001723153911125,1.5630883163391065,105.06227768675888,48.56935786856651,22.025996791880324
1738.375,含油水层,5.4788855741000475,63.41355100814967,31.107563417750278,72.39025172413672,27.60974827586329,95.12771948822322,51.758609795856536,11.591527661284983,0.06341355100815127,22.737467764086503,4.872280511776783,1.9737498565323162,149.48040441021945,11.35106702221804,1.9644110768455152,1.6699722237149257,109.66634810090537,47.75410654938993,21.996554980452505
1738.5,水层,11.820700243043824,64.47212198336571,23.707177773590455,73.21483815636431,26.785161843635684,74.28130339569759,60.913998135320234,3.493651726062109,0.06447212198337146,1.0664652393332772,25.718696604302405,1.9416523587947363,151.35394421950954,11.35231797510341,1.8967583689907266,1.750198904594425,105.60196252099217,48.97941920324885,21.96780735849419
1738.625,水层,11.820794604037204,63.972136910109214,24.207068485853593,74.73286413833293,25.26713586166708,75.81841777877231,60.44160652041586,3.4665582527832464,0.0639721369101072,1.0855536404393957,24.181582221227682,1.9044378252980083,148.35873049166065,11.25498886978335,1.8518901508078591,1.8532759982030493,96.60917848972642,48.68911064991291,22.003064144542527
1738.75,水层,11.492757878471954,64.5043701557573,24.00287196577074,73.6189698846082,26.381030115391802,74.69603157200369,60.944466577377035,3.495399208224512,0.06450437015576224,1.0770616873954995,25.303968427996303,1.8500171089555706,153.9200110070884,11.130540409558884,1.825320068662164,1.9728436830518676,100.65571687483144,48.56690060473224,22.027041236382377
1738.875,水层,11.801315679064759,64.29509459160148,23.903589729333756,71.82330094684184,28.17669905315816,72.92865276190933,60.74674063114488,3.4840588658650002,0.0642950945916071,1.1053518150674901,27.07134723809067,2.02402278035052,156.24361442673256,11.212543913522559,1.8428475267029087,1.9908391515124069,98.32278931527917,47.46056501248685,21.926187267901692
1739.0,水层,12.014209158830788,64.14550725033162,23.840283590837586,70.29892242992769,29.70107757007231,71.38289776848207,60.60540880047347,3.4759529426078233,0.06414550725033011,1.0839753385543784,28.617102231517933,2.1004127770791827,139.17941723877658,11.340200225226772,1.8796101657770476,2.0255856751760035,100.41525938991684,47.21533263362013,22.15515343533524
1739.125,水层,11.70762193723956,63.805789550060496,24.486588512699935,69.27689250769993,30.723107492300073,70.37261962157189,60.28443963233923,3.4575441281712167,0.063805789550056,1.0957271138719555,29.627380378428114,1.909041075300744,145.93425563520702,11.473600038988545,1.9183781703473979,2.063277297838316,108.28067515366688,47.12324517218137,22.022562238101177
1739.25,水层,11.55002011418961,64.21586747265869,24.234112413151703,67.98035580824023,32.01964419175977,69.0813554082085,60.671885943148204,3.4797656620378197,0.06421586747265631,1.1009995999682645,30.918644591791498,1.9899899509863206,145.1855708186015,11.58813275995602,1.9644941260451882,2.1049053725036564,114.53892860418787,47.72071155185111,22.053434880647455
1739.375,水层,11.335824192922496,64.41385815463046,24.250317652447055,66.04124146742592,33.95875853257407,67.13103876697468,60.85894980364206,3.4904944928337622,0.06441385815463274,1.089797299548761,32.86896123302532,2.165984581205571,131.16912150801437,11.729080337990759,2.0054930400844864,2.136229784152055,100.84307983083458,47.20232719388478,22.198769748311495
1739.5,水层,10.999858153235396,64.11396732307063,24.886174523693974,64.48647516594134,35.51352483405865,65.5636796401077,60.575609516515364,3.4742438392322024,0.06411396732306784,1.0772044741663478,34.436320359892306,2.0518780996259056,133.3977595290693,11.790497201824527,2.0697724453773723,2.193285907429593,98.59961589447715,47.06294488414686,22.10757393830469
1739.625,水层,10.74746587092554,64.66863415733644,24.583899971738017,62.93080809363231,37.06919190636769,64.0146987302596,61.09966508454689,3.5043004386322045,0.06466863415733604,1.0838906366272911,35.9853012697404,2.0932708864368728,134.59150033068352,11.78644915098757,2.1327332996178425,2.2505111387074144,85.77019761948307,48.967116427607635,22.131184656363374
1739.75,水层,10.675595137513675,65.46834387950938,23.85606098297696,62.98682346700558,37.01317653299442,64.09101573956929,61.85523997531609,3.547635560313774,0.06546834387950798,1.1041922725637086,35.90898426043071,2.1059295406254,123.37011885000645,11.742143231832566,2.158246178457505,2.2704093860788217,97.70869072581132,47.713375426620644,22.045349729312203
1739.875,水层,10.441166397661808,65.41195155054153,24.14688205179666,64.55378961685217,35.44621038314782,65.63475054255093,61.801959858020126,3.5445797409708657,0.06541195155054247,1.080960925698761,34.36524945744907,2.3589827719388645,142.79798233041257,11.656630324611992,2.1889001612252015,2.2995752996806873,92.62054389624468,47.12705951019872,22.219167788114348
1740.0,水层,10.525704411337822,65.35392955890416,24.120366029758024,63.417982159184405,36.582017840815595,64.48332207954543,61.74714001679761,3.541435612547641,0.06535392955890687,1.0653399203610299,35.51667792045456,2.1454593559721262,146.37826797247334,11.501531815366473,2.195133551707001,2.3062721306724487,96.56039345931005,48.0281742270384,21.952595651066645
1740.125,水层,10.414104999362703,66.04607140531151,23.53982359532579,64.96198181957757,35.038018180422426,66.05530278098925,62.40108354842686,3.578941785479327,0.06604607140531377,1.093320961411676,33.94469721901074,1.9265098380487538,122.83420964117104,11.486264407236241,2.1807971881516734,2.2896040407519647,93.27555963760474,47.20625603873735,22.02410755850736
1740.25,水层,10.381393867413411,65.4788687102144,24.139737422372193,64.17694320721682,35.82305679278317,65.30026431006068,61.865183955725264,3.5482058857789203,0.06547886871021216,1.123321102843854,34.69973568993932,2.256859116806965,126.1747874722048,11.5086534799184,2.1793602499653955,2.289005165449674,99.49171047438725,46.51923168751472,22.11907457495213
1740.375,水层,10.619503547613334,65.16294764081661,24.217548811570065,64.34356967211767,35.656430327882326,65.4333651401996,61.566698116571864,3.531086576603929,0.06516294764081429,1.0897954680819233,34.5666348598004,2.2795904962217923,134.16438519176688,11.439342384829695,2.1939162917764743,2.303239633526676,95.39872125455067,47.92247733967946,22.220010773470253
1740.5,水层,10.32443703641601,66.13810894626873,23.53745401731527,63.45374087442186,36.54625912557814,64.54660029616826,62.48804166963923,3.58392916768323,0.06613810894626829,1.0928594217464058,35.453399703831735,2.206433837967574,131.00872772917978,11.482616766483455,2.2182572551585356,2.324456435892911,97.86241598734372,46.68532050476988,22.244619699466003
1740.625,水层,10.138955148212919,66.11195697212801,23.749087879659054,62.32814544710785,37.67185455289215,63.448590730978104,62.46333298540431,3.5825120297515793,0.06611195697212996,1.1204452838702483,36.551409269021896,2.095995493377709,137.59661467150826,11.502432525798815,2.2653065585023775,2.3707905135655807,109.05504253331712,48.208468188531754,22.083545397788694
1740.75,水层,10.31945164122961,65.94250111293753,23.738047245832856,60.47815394524727,39.52184605475273,61.610533845952396,62.303229151790596,3.573329460034006,0.06594250111293318,1.1323799007051272,38.389466154047604,2.1472432132452193,143.17908709145533,11.52179356435526,2.2875943627277784,2.3883580259721207,88.59526288350764,47.256511121556414,22.292115331526123
1740.875,水层,10.115459649640195,65.45569555652362,24.428844793836184,62.14079151226662,37.85920848773338,63.29791531242135,61.84328969511641,3.5469501658506855,0.06545569555652317,1.1571238001547364,36.70208468757865,2.029243456796921,137.1403838817987,11.659293925388049,2.2885380314126658,2.385664339204736,89.27091412161192,46.07098274370894,21.817382819848483
1741.0,水层,10.261099201063416,65.09233007794509,24.64657072099149,61.02508320467071,38.97491679532929,62.15956775146704,61.499977835607844,3.527259912259299,0.06509233007794962,1.1344845467963331,37.84043224853296,2.223531739543322,128.06422558462995,11.760387225966992,2.3053294047745627,2.4006801890542864,88.34126714277275,47.926827710883025,21.99979103444828
1741.125,水层,10.2045158834485,65.4989771075645,24.296507008987007,59.503059409611524,40.496940590388476,60.6498778242436,61.88418259949573,3.5492955309611993,0.06549897710756425,1.1468184146320803,39.3501221757564,2.0797585711634197,132.4997616224436,11.782370023064805,2.327229446967234,2.4198524330382836,100.77841020919391,49.304433430094264,22.0237487890024
1741.25,水层,10.064946659350232,66.08372727909988,23.851326061549894,58.53623885483936,41.46376114516064,59.687450259982754,62.43666124860433,3.580982303216452,0.06608372727909748,1.151211405143395,40.312549740017246,2.245954438694186,126.47629427249079,11.800414061428466,2.350007878843923,2.4401137282923058,97.72419270874468,47.11030498525504,22.10983316673591
1741.375,水层,9.824849270246327,65.67397950327819,24.501171226475478,60.076324222187964,39.923675777812036,61.231571412750796,62.049526864245244,3.558778659529667,0.06567397950328208,1.1552471905628414,38.768428587249204,2.2851666109614435,143.80711711244302,15.84308972822297,1.9258961622321837,1.9923860567612541,113.52899513271831,50.51407700333595,22.02219957872418
1741.5,非储层,0.35623450897433917,23.849022306310463,75.7947431847152,92.7955798095958,7.204420190404203,92.86602182158782,22.042084933892824,1.7830883501113288,0.02384902230630967,0.07044201199202309,7.133978178412182,2.543316682344841,166.31192945434344,19.98652652496435,1.4769820724775253,1.520184380499918,129.67761001611072,56.179602295530415,22.14438593673176
1741.625,非储层,0.3488144702306354,22.901875118840476,76.74931041092889,91.79910199147757,8.200898008522428,91.87003244718109,21.166698996349083,1.712274247372552,0.02290187511883937,0.07093045570350556,8.129967552818918,2.3551563616074773,187.85792022163716,24.128737454163783,1.0101541314891633,1.0305123441475106,158.74904857189327,59.156426920326176,22.22181376532754
1741.75,非储层,0.33912997057664734,23.333984424640384,76.32688560478297,89.08998289490154,10.910017105098468,89.16140931955567,21.566069247122293,1.7445811930934525,0.023333984424639756,0.07142642465414009,10.838590680444327,2.493718162785156,198.18721081229054,28.43507975080258,0.5682311883903541,0.5678714311962652,188.55491981626614,62.82558761579583,21.88020570471793
1741.875,非储层,0.33551138753920207,21.372934616676776,78.29155399578403,89.81264323284599,10.18735676715401,89.88431353863213,19.75359970973205,1.5979619723280487,0.021372934616676123,0.0716703057861461,10.115686461367869,2.6346322364061905,193.21292363426306,28.730647337738542,0.5702280379834701,0.5698588053375189,182.7407724922892,62.557790416992646,21.892476849214663
1742.0,非储层,0.34321168045905454,20.69410482840276,78.96268349113818,87.64689936913913,12.353100630860858,87.7183459899626,19.126201921402874,1.5472088021714818,0.020694104828403344,0.07144662082345181,12.281654010037402,2.3765861309383127,206.38433063736494,28.790489686864895,0.5744070922176987,0.5740306984459731,192.0702491181831,62.08587591734502,22.067148843347503
1742.125,非储层,0.33902795484211545,22.282775512953247,77.37819653220464,88.30299070610404,11.697009293895954,88.37328268491783,20.59450589257161,1.6659868448686794,0.022282775512953365,0.07029197881377895,11.62671731508218,2.381539998535245,189.99968198365016,28.893363341283532,0.5752825954257379,0.5749083486970333,184.5720589676863,62.65906221712094,23.206687469448855
1742.25,非储层,0.34210407517009106,22.230037956725234,77.42785796810468,87.2308096986524,12.7691903013476,87.2993784006205,20.54576403310863,1.6620438856598807,0.022230037956724735,0.06856870196809528,12.700621599379502,2.306870398823674,190.1241520656019,29.005775688606885,0.5754503350934687,0.5750821773854214,177.87672469510804,63.78215738515146,23.209819666573438
1742.375,非储层,0.3399515783074017,20.162705088447186,79.49734333324541,88.28924247074175,11.710757529258242,88.3562444096198,18.63506404365222,1.507478339706517,0.02016270508844696,0.06700193887803872,11.6437555903802,2.3568172174927695,197.65872801975996,29.084262986539184,0.5721080514131139,0.5717508172882015,188.66882587217026,63.45852876906592,23.261121563984194
1742.5,非储层,0.34220972643234426,19.839705334969437,79.81808493859822,88.8251673775264,11.174832622473607,88.89225377180017,18.336536585866284,1.4833290437681839,0.019839705334969912,0.06708639427377394,11.107746228199833,2.6003877437071474,189.33879270711398,29.306885471001603,0.5663870754846273,0.5660420111073242,190.10816903370622,64.50480128536958,23.391082325066325
1742.625,非储层,0.3445839659214702,19.866696489577162,79.78871954450136,89.18570161593216,10.814298384067833,89.25248983228448,18.361482737313754,1.485347055773831,0.019866696489578492,0.06678821635231387,10.747510167715523,2.4559123554834046,212.6794931351096,29.42760063510971,0.5579296903081377,0.5575987036681451,197.24742520959728,64.0682054631123,21.880611350052057
1742.75,非储层,0.33462919897900517,20.908929068579972,78.75644173244102,91.15852779504657,8.841472204953426,91.22470677916355,19.324749857122328,1.5632702823890652,0.020908929068580093,0.06617898411698671,8.775293220836444,2.4808126248367697,197.61609202710162,29.395380772618545,0.5532816048164302,0.5529573280721681,184.4023652863258,64.62827101070617,22.13199179362865
1742.875,非储层,0.3341185268187821,20.496093066343878,79.16978840683734,91.80642794504259,8.193572054957421,91.87326863344832,18.943192654978702,1.5324043182988334,0.020496093066343403,0.06684068840573822,8.126731366551688,2.5312255225714573,189.77690167545583,29.30834160250261,0.5537273098108979,0.5534040075824048,192.4372653118893,62.8431151274093,21.857897090029017
1743.0,非储层,0.33419698652487706,20.782570765816033,78.88323224765908,89.62240559615438,10.377594403845624,89.68842816625494,19.207965176985216,1.5538230180650008,0.020782570765815085,0.06602257010055486,10.31157183374507,2.4225392049383077,200.27672917622488,29.38802855055369,0.5552830707718956,0.5549554369372713,188.6852436075581,63.85350782040093,21.819240556531895
1743.125,非储层,0.33556386618387796,19.02343418803373,80.64100194578239,87.1966028344242,12.803397165575802,87.26360148107673,17.582110776759542,1.4222999770861522,0.019023434188034614,0.06699864665253914,12.736398518923265,2.357596495392454,194.60603429845676,29.364381042103943,0.562907251309986,0.5625642646300072,192.49749327706786,65.9772729427782,22.0178053380184
1743.25,非储层,0.33195526640118306,21.192216639794182,78.47582809380464,86.53340728306351,13.466592716936487,86.60218895323364,19.586573953104978,1.5844504700494093,0.021192216639795078,0.0687816701701222,13.39781104676636,2.4184377909160286,194.8787556147581,29.34213096058446,0.5692606044743492,0.5689045791383103,178.81054445082682,63.73861905276656,22.057101837035795
1743.375,非储层,0.33405039443744095,20.7584580266443,78.90749157891825,87.87254648128126,12.127453518718745,87.94194717351628,19.185679355873315,1.5520202127443392,0.020758458026643757,0.06940069223502321,12.058052826483722,2.4265908933097546,189.16607616171018,29.18258753206235,0.5747380373730413,0.574367731335569,190.03020214744745,64.25741157798406,21.864729003200537
1743.5,非储层,0.3268775639554027,22.521263373029,77.15185906301559,88.13410386289755,11.86589613710245,88.20476789330117,20.814924557956534,1.6838175516994385,0.022521263373028247,0.07066403040360585,11.795232106698839,2.493012755858405,194.10647181854958,28.91331052613287,0.5785446005388297,0.578165489101329,207.26243590378846,62.586568996238015,21.965422108378647
1743.625,非储层,0.33345349318035344,21.931083014126084,77.73546349269355,88.10858579726998,11.891414202730022,88.17922952928804,20.26945961477472,1.6396923163372383,0.021931083014125816,0.07064373201806336,11.820770470711961,2.440238754450433,204.1694637849322,28.809386172554696,0.5750770917195596,0.574705435158802,188.26721957507482,63.690987064641284,21.986977419657013
1743.75,非储层,0.34080309136187864,22.289287828434258,77.36990908020387,90.03974943175179,9.960250568248208,90.10850358920757,20.600524798047278,1.6664737425585427,0.022289287828435034,0.06875415745576946,9.891496410792433,2.4172079719554667,203.7678601857639,28.74661374022233,0.5689933886258328,0.5686313591760502,198.1856584064835,63.65648273278323,22.10245609104388
1743.875,非储层,0.3404785853115091,21.404697240735725,78.25482417395277,92.7301097190348,7.269890280965196,92.80011552855957,19.782955817007167,1.6003367264878239,0.0214046972407355,0.07000580952477672,7.199884471440421,2.388316119918972,213.01471337406775,29.04307549471224,0.5599366332949587,0.5595851994318799,194.0407696201596,63.99879445033696,22.131626058963594
1744.0,非储层,0.3431770678991885,19.29130228711996,80.36552064498085,90.29826655084699,9.701733449153005,90.37013810065115,17.82968366739233,1.4423273174405091,0.019291302287119047,0.0718715498041515,9.629861899348857,2.636380497437006,197.0209459181916,29.092633721183013,0.5548582628528602,0.55451210951055,186.88044853906703,64.07044963037343,21.997129134908576
1744.125,非储层,0.33676671988698287,21.377866704028204,78.28536657608481,90.77314231562453,9.226857684375478,90.8453478403222,19.758158114135604,1.5983307231885706,0.021377866704028192,0.07220552469767538,9.1546521596778,2.5756696838363458,198.68072422940304,29.03304640671723,0.5557886965392945,0.5554331611288753,189.73920516342105,64.49233722166956,22.192342265953517
1744.25,非储层,0.3266650366637001,22.943954798451415,76.72938016488489,90.2091011069324,9.790898893067613,90.28265841814593,21.205590480455328,1.715420363197637,0.022943954798451335,0.07355731121353035,9.717341581854077,2.677285704816631,197.197352821733,28.89162613047874,0.5625888555829,0.5622206390334366,188.848290043894,62.0750653897164,22.10275652808323
1744.375,非储层,0.3330017352887703,22.954912508283332,76.7120857564279,90.01589002244373,9.984109977556276,90.08809836927085,21.215717971959755,1.7162396238152942,0.022954912508282507,0.0722083468271334,9.911901630729147,2.2735641291510627,188.99077762158373,28.714840503928595,0.567558162490966,0.5671844115869924,184.70867233872013,62.91699109046778,21.938451615307155
1744.5,非储层,0.33573088479259955,21.214562704998997,78.4497064102084,89.21786836577759,10.782131634222413,89.2889874703523,19.607226953502924,1.5861211887910738,0.021214562704998524,0.07111910457471744,10.7110125296477,2.461474470764131,194.0508454657178,28.71930248571077,0.5690092771489575,0.5686372849739529,198.73233147303233,64.83714992187541,22.04310606934915
1744.625,非储层,0.3316540221115952,21.339452286594152,78.32889369129425,89.75205026263296,10.247949737367035,89.82121469015081,19.722654191128104,1.5954586431794526,0.021339452286593327,0.06916442751783929,10.178785309849193,2.55116399685431,197.4650910614996,28.69015889777721,0.5674151990260892,0.5670511918786958,191.58220029521976,64.03636689988552,21.884836611260255
1744.75,非储层,0.3244326181120841,23.253132841266588,76.42243454062132,91.64425364081808,8.355746359181925,91.71425656385657,21.491343438874235,1.7385362695510844,0.02325313284126801,0.07000292303849404,8.285743436143434,2.4319125517939977,204.51102668290645,28.68356622053446,0.5687610553144924,0.5683985216864567,175.2770850093489,63.1989970093312,22.05216815020206
1744.875,非储层,0.33210622434491843,23.031196172230096,76.63669760342499,89.23909335290739,10.760906647092616,89.30900094126642,21.28622195229853,1.721943023759337,0.023031196172229595,0.06990758835904043,10.690999058733574,2.379339210010622,195.79388911909723,28.34581537611392,0.5771148351306543,0.5767451958707153,181.57719692655198,63.025824414711536,22.08159950248784
1745.0,非储层,0.3386217732112036,24.868598281490762,74.79277994529804,88.33278014342002,11.667219856579969,88.403178328366,22.98441204285503,1.8593176403542393,0.024868598281490087,0.07039818494596194,11.596821671634006,2.4103643564944965,186.12628188341603,27.87141704238814,0.5866496976097721,0.5862672669146906,194.29253925327828,63.49981166859044,22.080407191238283
1745.125,非储层,0.3340276690756128,26.464996723918134,73.20097560700626,89.96205008594215,10.037949914057853,90.0343154101931,24.459858273076705,1.9786734541175115,0.026464996723917292,0.07226532425094877,9.9656845898069,2.2183337059626105,195.71697367430357,27.682908418607223,0.5924835490750888,0.5920903802093911,178.65382836990347,62.038551743921374,22.036596081865785
1745.25,非储层,0.324545398336209,25.297690722324816,74.37776387933897,90.391922704753,9.608077295246996,90.4648118954438,23.38099400348547,1.8913990281170239,0.0252976907223236,0.072889190690803,9.535188104556191,2.2667950169681252,189.08729190072992,27.354020322769053,0.6017032590669333,0.6012920014786897,181.60729771397098,62.449743197260986,22.12209076307877
1745.375,非储层,0.31858403537159574,26.60432212195709,73.07709384267132,87.94002587417272,12.059974125827278,88.01437139972215,24.588627587708547,1.9890902121265874,0.026604322121956403,0.07434552554942543,11.985628600277852,2.485079313598601,185.11653541078527,27.078633719855347,0.6123129007604662,0.6118841325341265,185.82467307058374,60.47434009129723,22.13355814996751
1745.5,非储层,0.32165802770726765,27.87226537134445,71.80607660094827,85.8363805262067,14.163619473793299,85.90887803792975,25.76050425566559,2.0838888503075195,0.027872265371342228,0.0724975117230568,14.091121962070241,2.1960017867816175,183.8682121525229,26.97549501878928,0.6189798689837936,0.6185436705310332,198.11247163708296,62.34987358670314,22.013108281681404
1745.625,非储层,0.33045349646150424,27.596916911073855,72.07262959246464,87.40206135891903,12.597938641080974,87.47330704180406,25.506017758493954,2.0633022356688273,0.02759691691107298,0.07124568288503538,12.52669295819594,2.372174983980223,192.56574616006392,26.777807874827324,0.6309184721006749,0.6304725396397262,186.74509154517312,61.426029920419765,22.19178766865233
1745.75,非储层,0.3250662436653106,27.458289410400983,72.21664434593372,85.96446134194518,14.035538658054813,86.03388896455238,25.37789346456027,2.0529376564303132,0.027458289410399808,0.06942762260718957,13.966111035447625,2.472183815902313,190.81132359506967,26.764954436779302,0.6362039043678576,0.6357611288039733,188.7190152824042,62.01149432850201,22.183241891643075
1745.875,非储层,0.3295347943913185,26.75032996286354,72.92013524274515,85.10343013369895,14.896569866301046,85.17176970766744,24.723573045385557,2.0000065875151214,0.026750329962862973,0.06833957396847908,14.828230292332567,2.40306824605164,185.06254539776205,26.92138141516441,0.6303081374825289,0.6298824647073865,192.1484081730493,62.135473113238845,22.012524477455703
1746.0,非储层,0.3331507740327998,26.165734567258102,73.5011146587091,87.10031960400386,12.89968039599615,87.16741567319038,24.183269916963887,1.956298915726959,0.026165734567257237,0.06709606918652296,12.832584326809627,2.0948976328217883,188.2296352859231,26.94979753831746,0.6303174902219665,0.6298949224275514,185.2433730308161,64.31585451681465,21.99799823467991
1746.125,非储层,0.32418274946940717,27.296609436393858,72.37920781413673,87.01298750756484,12.987012492435158,87.0818212051093,25.228463283590898,2.04084954336657,0.027296609436392935,0.0688336975444687,12.91817879489069,2.4094096021290494,187.82551126407034,26.81951964898953,0.6305718865162366,0.630155715913344,184.88920970355505,63.470889835494994,21.99888861784717
1746.25,非储层,0.32401229786591806,28.85880435077295,70.81718335136114,87.58326366712022,12.416736332879774,87.65010214559017,26.672297439296642,2.1576481071255325,0.028858804350772108,0.06683847846994172,12.34989785440983,2.5190199792540624,187.07868302699532,26.673490428719916,0.6330918690060618,0.632677739620051,177.82197774957552,61.516641423883726,22.064945640502078
1746.375,非储层,0.3237858146410728,28.330290630004217,71.3459235553547,85.64750195684528,14.352498043154727,85.71369779591433,26.183826919529064,2.1181334198451505,0.02833029063000446,0.06619583906904926,14.286302204085677,2.28063870450306,187.57063291940335,26.41034139889782,0.6415772245528215,0.6411562593030203,183.41152568649147,63.0997873230078,22.16086461004276
1746.5,非储层,0.3142546585715037,29.031440332197068,70.65430500923144,85.85152781963735,14.148472180362647,85.91685853865371,26.831853538340145,2.170555353524725,0.029031440332197636,0.06533071901636447,14.083141461346283,2.2585385331823415,194.35085878339575,26.10262218553664,0.6523962771745022,0.6519727706944213,184.537241447499,62.25096904555909,22.08536221151501
1746.625,非储层,0.3199226972816634,30.6357498960237,69.04432740669463,85.27793193028714,14.722068069712858,85.3420433113945,28.314611498475323,2.2905026476523562,0.030635749896021705,0.0641113811073677,14.65795668860549,2.3761166204587747,191.1341322255306,26.069374548764525,0.6616661901645953,0.6612369722592473,188.26638888527853,60.53248939711015,21.948252780233215
1746.75,非储层,0.3265432049848637,29.24074616813278,70.43271062688235,83.06660203867341,16.93339796132659,83.12952980806689,27.02530117546335,2.186204246501295,0.02924074616813474,0.06292776939348547,16.87047019193311,2.437429271611237,188.75346658761836,25.994139214075403,0.6688378476028792,0.66840695963428,186.82072089087774,60.779221401396846,21.874126272239845
1746.875,非储层,0.33282826061226073,29.1522743413295,70.51489739805824,82.88038652219775,17.119613477802243,82.9429490622067,26.943532476704636,2.1795895902835323,0.029152274341331247,0.0625625400089375,17.057050937793306,2.397837902857703,199.1616860706148,26.0697480043683,0.6705186320665106,0.6700932840873691,170.55937874502487,61.696227231621066,21.933984928893715
1747.0,非储层,0.33571131157140705,28.208789040728156,71.45549964770044,83.95281697562915,16.04718302437086,84.01416189036117,26.071530980683917,2.1090492710035087,0.028208789040730375,0.061344914732036064,15.985838109638827,2.367449265585755,192.6755911338481,26.242664267322155,0.6715199889442232,0.671095857928487,189.2740478615425,60.29185587123208,21.891128031285305
1747.125,非储层,0.3362467530903168,28.770202367792564,70.89355087911711,82.45893786684296,17.541062133157038,82.520745526824,26.590408445731978,2.1510237196927915,0.028770202367794234,0.06180765998103785,17.479254473176,2.485117642118418,188.11691768408988,26.21743203029723,0.6686066561109452,0.6681887634725332,180.88141125384786,61.79050820955223,21.78119954936232
1747.25,非储层,0.3289550852254384,29.50182025718845,70.16922465758611,84.90998585970954,15.090014140290464,84.97222619004478,27.26659480884979,2.2057236280814747,0.0295018202571877,0.06224033033523681,15.027773809955224,2.266422074847799,177.88250969893986,26.171288329775543,0.6658555558478512,0.6654440711889178,183.58454403501932,62.199281178114376,21.970198909470223
1747.375,非储层,0.3206047906496957,29.64877658508772,70.03061862426259,84.90999108382724,15.09000891617276,84.97115177927718,27.40241689075843,2.216710917744204,0.02964877658508773,0.061160695449931295,15.028848220722823,2.213459563988267,180.05451812740242,26.22352272646475,0.6600868360405429,0.6596798131613939,177.16616431557546,62.641809070932496,22.237346856156638
1747.5,非储层,0.3226504372526716,27.640305174219904,72.03704438852742,86.38759065631587,13.61240934368414,86.44985809371282,25.546118680415024,2.066546188630656,0.02764030517422196,0.06226743739695958,13.550141906287184,2.3728865566087585,174.8652437319833,26.132364479404572,0.6550215397436153,0.654618328820905,184.41564228697453,62.70450283768132,23.126953248787608
1747.625,非储层,0.32242670180551347,29.744491830004428,69.93308146819007,86.3198610875038,13.680138912496197,86.38375898069368,27.490880205137742,2.2238671330366806,0.029744491830005493,0.06389789318987378,13.616241019306319,2.5325158946175446,182.57123527623372,26.254173838953182,0.6491996572719652,0.6487977289093313,180.64395689005954,61.30105112890835,23.30514329385655
1747.75,非储层,0.32849181178696235,28.177058200451555,71.49444998776148,86.42143060703307,13.578569392966921,86.48640642473734,26.042204249071293,2.106676893179807,0.028177058200453894,0.0649758177042584,13.51359357526266,2.3023003684485173,195.4928451289531,26.53900502266795,0.6407729724714357,0.6403754212372212,178.06546529294613,61.47725414370141,23.264706474866344
1747.875,非储层,0.33021733931739566,26.558235225136283,73.11154743554631,85.70152845678857,14.298471543211432,85.76475197491573,24.546032495925896,1.9856444939852522,0.026558235225136034,0.06322351812715268,14.23524802508428,2.093234440417279,193.0433977678738,26.798213926444447,0.6364609555543783,0.6360679084383315,182.69464156056534,60.66533262210203,23.106715715308724
1748.0,非储层,0.33648236752666544,24.83296899216576,74.83054864030757,85.44540861674287,14.554591383257131,85.50710886846645,22.951482230833843,1.8566537923397508,0.024832968992164958,0.061700251723588895,14.492891131533547,2.412699077610354,183.6595429527204,27.313311724791212,0.6236139266118136,0.6232333864787892,190.36856452702554,61.36442895521447,21.99583707046118
1748.125,非储层,0.3272315454007136,24.169860799373964,75.50290765522531,86.76761068590719,13.232389314092819,86.83054548804367,22.33861488062765,1.8070760579469425,0.024169860799373374,0.0629348021364778,13.169454511956335,2.3347248391159243,203.57636758579554,27.839948471904705,0.6075567770227734,0.6071974051007529,181.21226732045102,62.281869530587336,22.007896323536798
1748.25,非储层,0.33078378168886224,22.467595828123933,77.2016203901872,89.04823995536738,10.95176004463262,89.109879401528,20.765323171040222,1.6798050612555855,0.02246759582812327,0.061639446160625985,10.890120598471997,2.4367463395582534,185.39073935912927,28.033065840612714,0.5934630946529452,0.5931223063431899,189.93929835760483,63.45350582028752,21.955557766485843
1748.375,非储层,0.32192301708571186,24.444731051605007,75.23334593130929,91.67446186766725,8.325538132332754,91.73615153863925,22.592659401516627,1.827626919036776,0.02444473105160383,0.06168967097201099,8.263848461360745,2.5569447442368167,201.91430911708875,28.08794486982926,0.5808614795859929,0.5805375320770658,180.73695895282503,63.09314353243046,22.05381989535707
1748.5,非储层,0.3182441399968761,24.215778131694766,75.46597772830836,92.51002006960105,7.489979930398949,92.57029582089739,22.3810532550798,1.8105090984832726,0.024215778131695537,0.0602757512963379,7.429704179102615,2.2797496145155947,190.68758518731312,28.076122706975532,0.5732564562271101,0.5729460587356758,193.56997555556325,63.84444813239358,22.024223961926577
1748.625,非储层,0.3209975408409763,24.276283672102718,75.40271878705632,91.67346879933858,8.326531200661424,91.7340933814733,22.436974552125598,1.8150328363050139,0.024276283672103327,0.060624582134725664,8.265906618526698,2.251109354097986,176.41475681029291,27.765840971834486,0.5773165670185344,0.5770076820676133,197.29742899757395,62.983917262638776,22.95208966065583
1748.75,非储层,0.3222328677902468,25.820554448825327,73.85721268338442,90.58744508828639,9.412554911713611,90.64649807817142,23.864242604637827,1.930491289738674,0.025820554448826097,0.05905298988503835,9.353501921828578,2.5499974245519716,200.82636599900593,27.654724132139606,0.582115714024376,0.5818033290787545,182.31885291529974,62.098734403151624,22.943174544284208
1748.875,非储层,0.3136855098053618,25.661039472673853,74.02527501752078,90.10496605089168,9.895033949108322,90.16524529079057,23.716813388991184,1.9185650442099955,0.02566103947267244,0.060279239898886644,9.834754709209436,2.3222133458176564,182.37849849471303,27.672687307208754,0.587643562610953,0.5873225121325515,181.97192106796473,61.39788750690853,22.914578265847975
1749.0,非储层,0.31928510839834623,24.040828698106676,75.63988619349497,88.7045979168105,11.295402083189499,88.7657217803449,22.21935898414674,1.7974288852618294,0.024040828698106836,0.06112386353440662,11.234278219655092,2.308448127836048,197.80004328861992,27.823949369833283,0.5855421506435077,0.585223726473131,191.57930318418897,62.743364853607,22.792004666501757
1749.125,非储层,0.3209338217228504,22.644434453836315,77.03463172444084,91.04223989223942,8.95776010776057,91.10183476847139,20.928763498173208,1.6930265212092719,0.02264443445383485,0.05959487623196396,8.89816523152861,2.4599115130485854,196.46455496541003,28.126780588980665,0.5764818045241906,0.5761685027753145,190.08658323877972,62.68758533116839,22.080395078343894
1749.25,非储层,0.3139264066286551,22.543798438998863,77.14227515437248,92.44868404151603,7.551315958483973,92.50928546399764,20.8357522393482,1.6855024012116644,0.0225437984390002,0.06060142248160861,7.490714536002363,2.3283163520480654,192.67477235470287,28.280512907227283,0.5658615204889975,0.5655600001377133,195.05885959462026,63.15319877998037,21.95131572431992
1749.375,非储层,0.3144911038101747,23.97256519362857,75.71294370256125,95.06428685094623,4.9357131490537665,95.12461531015289,22.156267510447485,1.7923251179874589,0.023972565193627893,0.06032845920665658,4.875384689847106,2.457213676438634,204.9303742701933,28.149575200903534,0.5611479452482581,0.5608545482887182,188.55212158198026,61.40082440833408,22.075141987548903
1749.5,非储层,0.3177821813091844,25.432158495840607,74.2500593228502,93.52666703807205,6.473332961927946,93.58744550686313,23.505273734815262,1.9014526025295049,0.025432158495841684,0.06077846879108069,6.412554493136868,2.5100574272169585,195.4415612182768,28.09410435775805,0.5582419768167837,0.5579500969610501,189.03517430624322,62.877994502918135,22.13121586036259
1749.625,非储层,0.31111427055739105,23.238169784943928,76.45071594449868,93.76512252272265,6.234877477277346,93.8259863896171,21.477514068676225,1.7374175464827626,0.023238169784943474,0.060863866894447054,6.1740136103829,2.396010378916381,194.19984145483176,28.073526969971454,0.5542901393549136,0.5540008980086794,181.31212672804045,63.50505616234304,22.02359036599762
1749.75,非储层,0.3117194888810993,22.752240329964437,76.93604018115447,95.52161728811305,4.478382711886953,95.5839414068681,21.028401388878688,1.7010867007557822,0.02275224032996584,0.06232411875506815,4.416058593131888,2.3863405429622615,199.2793543044655,28.329353724676256,0.5516171102034628,0.5513249632428865,187.50985983387585,62.280000089051136,22.80507276752951
1749.875,非储层,0.3046210802657723,21.223672155555317,78.4717067641789,93.47759641324092,6.522403586759085,93.54002312096414,19.615646220351042,1.5868022630487213,0.021223672155555595,0.062426707723218545,6.459976879035867,2.5465131866458233,189.360722795549,28.662520704957135,0.5465843884824436,0.5462926115685823,192.93326320739553,62.85354960869583,22.860635913539475
1750.0,非储层,0.3001697456727369,21.85110447219303,77.84872578213424,92.4206790886919,7.579320911308107,92.48211205308681,20.19554070138971,1.633712666331125,0.02185110447219217,0.061432964394910146,7.517887946913193,2.4761645050958245,196.8701355765036,28.615693570730045,0.5503860295752623,0.5500897774945128,202.33640465637933,62.59998186034355,22.72150693020975
1750.125,非储层,0.2958010094675969,23.767331975447124,75.93686701508527,91.80735323396682,8.192646766033175,91.86738599142213,21.96658392642842,1.776980717043259,0.023767331975445977,0.0600327574552972,8.132614008577876,2.4114158766752745,189.4599444226432,28.527857978171784,0.556096387685793,0.5557955077426102,190.1510792120573,63.54629470357651,22.843122143054256
1750.25,非储层,0.29184258861940204,23.733304881335048,75.97485253004554,92.70893688967523,7.291063110324769,92.76881173499163,21.935134918211695,1.7744366582420168,0.02373330488133589,0.059874845316398105,7.23118826500837,2.3498176614009325,185.09537968743894,28.309846142477156,0.5585526385337094,0.5582519076866495,191.2849127763609,63.717807268298706,22.060205602993275
1750.375,非储层,0.29261938855586095,23.585068784398334,76.1223118270458,94.69028061849167,5.309719381508327,94.7511345469988,21.798130029835903,1.7633536857780308,0.023585068784397548,0.06085392850711647,5.248865453001206,2.4635985068328776,185.66642527731304,28.2952895812802,0.5558149637852484,0.555515972138336,184.54854374343313,61.90526337256235,22.104198478250655
1750.5,非储层,0.286599446256289,22.00986551633296,77.70353503741076,94.54929024794795,5.450709752052052,94.61126613447239,20.34227310719571,1.6455825436209173,0.022009865516332827,0.06197588652443138,5.388733865527618,2.470091069927802,190.10729200982556,28.30262684136119,0.5541117395068742,0.5538137241621444,181.92623949769248,62.97022284672574,22.15211128939072
1750.625,非储层,0.2951481096556222,23.6834293679527,76.02142252239167,92.85516024590893,7.144839754091059,92.91591719244381,21.88903825697438,1.770707681610369,0.023683429367952688,0.060756946534871875,7.084082807556191,2.316444095588124,201.51093459268358,28.109226637697247,0.5585656168463747,0.5582654388960203,183.2568379204286,63.4358141543568,22.092685056774407
1750.75,非储层,0.30235875438316356,25.816692436981768,73.88094880863507,92.40203245157855,7.597967548421458,92.46166592961868,23.860673200744532,1.9302025438002535,0.02581669243698244,0.05963347804013857,7.538334070381325,2.3480486808285805,203.60135374449362,27.993023039222773,0.5610146143095867,0.5607165563297628,191.4155554128253,63.53126950110713,22.017227063556753
1750.875,非储层,0.29576105793700735,24.83902390700017,74.86521503506283,94.59455774895237,5.405442251047631,94.65283148478689,22.957078390933546,1.857106492159621,0.02483902390700045,0.058273735834511446,5.347168515213118,2.3288722314057657,194.1964158547468,27.574476582134672,0.5668604580536036,0.5665667754869732,181.3666334846592,63.90854438059445,22.113470011610108
1751.0,非储层,0.28870436865687515,26.52454830865365,73.18674732268947,96.28579875876069,3.714201241239312,96.34277436831329,24.514897891549488,1.9831258687955118,0.026524548308652293,0.056975609552599366,3.6572256316867113,2.4458010137429747,191.17541300393418,27.199818082546244,0.5676211757395291,0.5673367061659484,179.45411912791312,60.550484468013416,22.10303425623435
1751.125,非储层,0.2963024232340938,27.709019528198077,71.99467804856783,97.70230155941233,2.29769844058767,97.7589306534259,25.609626844695775,2.0716836639741,0.027709019528199264,0.056629094013588156,2.241069346574087,2.1489055559241677,181.52542487359628,26.9211629924785,0.5627106326095118,0.5624375992473691,188.01545914827145,62.388499533735065,21.947146748814873
1751.25,非储层,0.30320701138845096,28.79061741008524,70.90617557852632,99.93189397489137,0.0681060251086385,99.99,26.609276728480204,2.1525500641949504,0.02879061741008701,0.0581060251086371,0.009999999999998899,2.5515880084416023,194.84530185881655,26.67041359345113,0.5604347710565225,0.5601678638294273,182.09732141112227,61.06357291576536,22.07245148146746
1751.375,非储层,0.3039454154795334,27.515696377034594,72.18035820748587,99.93178545840662,0.06821454159338103,99.99,25.43095095337818,2.057229727279378,0.027515696377036422,0.0582145415933809,0.009999999999998899,2.271442832130845,181.76652274961677,26.504383144163924,0.5588617721683264,0.558596649772828,174.97280504634168,60.348787217913596,21.9662112293781
1751.5,非储层,0.2999258019288836,28.291099469053915,71.4089747290172,99.93098509015923,0.06901490984076997,99.99,26.147605103505356,2.115203266079504,0.028291099469055295,0.059014909840766905,0.009999999999998899,2.409386365185222,196.69470266934093,26.29351150371496,0.5603216840701193,0.5600554076177743,167.08477608280305,61.78769616427719,21.932754731666105
1751.625,非储层,0.30037883200870213,29.973785508087538,69.72583565990375,99.93171202119552,0.06828797880448212,99.99,27.70280129197304,2.241010430606409,0.029973785508087547,0.058287978804483935,0.009999999999998899,2.399175883025046,193.51574940461302,26.13339873122252,0.563835745987997,0.5635659970228906,192.27054430152282,60.740710155015066,22.038272706873364
1751.75,非储层,0.3042134231413534,30.52058725839757,69.17519931846108,99.93082344407297,0.06917655592703076,99.99,28.20817423630317,2.2818924348360046,0.03052058725839593,0.059176555927027655,0.009999999999998899,2.2833142728004,185.84970816057825,25.880447802281516,0.5692684619649945,0.5689930711699993,175.2571688469425,59.366486896907716,22.035506701441925
1751.875,非储层,0.31252183619334156,30.24195782005702,69.44552034374964,99.92953908520157,0.07046091479843142,99.99,27.950655346593372,2.2610605156435923,0.03024195782005447,0.060460914798427356,0.009999999999998899,2.350854614692917,176.65364492977676,25.681590971225443,0.5743613737856843,0.5740817337246286,176.063459919729,60.115753308398205,21.97604896672214
1752.0,非储层,0.3109436516560499,30.432996718396442,69.25605962994752,99.38464359509005,0.6153564049099502,99.44485373361695,28.127220053053502,2.2753436686245427,0.03043299671839743,0.060210138526907465,0.5551462663830442,2.2672276649900605,181.46107553699602,25.717696371099613,0.5735698483805354,0.5732875466991669,181.96341940304958,62.70357874683366,22.17254165172961
1752.125,非储层,0.3086343404462923,29.57542585183076,70.11593980772295,99.92892790186701,0.07107209813298487,99.99,27.334623625623806,2.211226800355124,0.029575425851832357,0.061072098132984684,0.009999999999998899,2.3622066013438245,191.5612357353231,25.67731103203371,0.5744833958704079,0.5742010273634812,175.96557842676714,61.32962819907797,21.944021180132875
1752.25,非储层,0.31671610931123895,30.945022829685563,68.73826106100319,99.93041182935198,0.06958817064801615,99.99,28.600452158271477,2.313625648584403,0.030945022829683907,0.05958817064801357,0.009999999999998899,2.4542984271185904,162.44809172970832,25.634335032246433,0.5754468763888176,0.5751658397765997,170.0897819460565,62.25565717214257,21.990240111317462
1752.375,非储层,0.3139992310452141,30.70512600452371,68.98087476443108,99.93082650318512,0.06917349681487828,99.99,28.378731278997122,2.295689599522064,0.030705126004523103,0.059173496814877435,0.009999999999998899,2.2087272006402507,173.0851340877658,25.6512249037633,0.5743012653987856,0.5740237636817532,181.9427105048592,61.38968273077687,22.240071733124726
1752.5,非储层,0.3225804858454428,30.236271228746215,69.44114828540833,99.93080755815782,0.06919244184218076,99.99,27.945399603735353,2.2606353537821158,0.030236271228743783,0.05919244184218408,0.009999999999998899,2.505956589469156,184.80101142793828,25.509503353784236,0.5774671922664372,0.5771933070070328,182.9365742099873,60.34510133528957,22.082270280885144
1752.625,非储层,0.3235140573160451,31.09307563826398,68.58341030441998,99.93199292112695,0.06800707887304469,99.99,28.737287645255915,2.324694917369798,0.03109307563826484,0.058007078873042586,0.009999999999998899,2.2613663222316083,163.50087979680197,25.445665095135656,0.5813992078749654,0.5811263517194074,186.80247843843011,60.89757755810926,21.944550680350662
1752.75,非储层,0.33060663263817375,31.631014433331416,68.0383789340304,98.22650273678241,1.7734972632175938,98.28363463174648,29.234469142166798,2.364914276731287,0.03163101443333302,0.05713189496407642,1.716365368253514,2.4102122117504927,174.27676638423293,25.34536235670723,0.5836967106395659,0.5834296323235862,173.8889694023668,60.72146256801389,22.084148786069772
1752.875,非储层,0.3369065916218652,31.76719551653485,67.89589789184328,99.9344481766981,0.06555182330190146,99.99,29.360332373112136,2.375095947906182,0.03176719551653412,0.055551823301907145,0.009999999999998899,2.306849286586344,175.64401593195282,25.22077922063916,0.5865238850068631,0.5862631476242491,185.7256254811547,59.56099113079849,22.08147837773928
1753.0,非储层,0.333432981651493,31.572558570554687,68.09400844779383,99.93581260569644,0.06418739430356091,99.99,29.18044222753442,2.36054378444971,0.031572558570557366,0.054187394303562876,0.009999999999998899,2.260029208728524,174.2102847562505,25.038942836297196,0.590800179783652,0.5905432916207942,175.2902704168794,61.0017119687551,22.18642710470189
1753.125,非储层,0.32755284513992855,33.05494543103428,66.6175017238258,99.93610560136992,0.06389439863008217,99.99,30.55051504074707,2.4713754448561773,0.03305494543103284,0.05389439863008638,0.009999999999998899,2.324586040950704,183.70083100350473,24.988422314461157,0.593178097914846,0.5929232081999832,176.05932985773583,59.44727463708397,22.182698291179143
1753.25,非储层,0.327278525387422,32.184606200324076,67.4881152742885,97.44088947805733,2.5591105219426757,97.49512780942948,29.74611765295406,2.406303941169689,0.032184606200326774,0.05423833137215262,2.5048721905705285,2.503247170530908,179.56128873038307,25.049526746052845,0.5941668789015193,0.5939102631286239,182.3305635223002,58.874149413896035,22.246314310243555
1753.375,非储层,0.3177536450687906,31.134063870773453,68.54818248415776,98.26162287315925,1.73837712684074,98.31591812472956,28.77517037649161,2.327759430411071,0.03113406387077293,0.05429525157029793,1.6840818752704378,2.29962741619303,167.0744015796536,25.261319066199846,0.5919389107498316,0.5916796566072111,178.27125220175083,60.976962363917394,21.90443921941583
1753.5,非储层,0.32676561137523696,29.299180881402275,70.37405350722248,98.13005453695834,1.8699454630416557,98.18561937630108,27.07930854299527,2.1905731575256,0.02929918088140325,0.05556483934273104,1.814380623698919,2.2293578340573705,184.5673898953925,25.6121558592788,0.5851121384244982,0.5848546097871263,176.90307721088445,60.86966752403767,21.884090194850856
1753.625,非储层,0.317330745086126,29.276695758054206,70.40597349685966,99.05513165694212,0.9448683430578808,99.10932039710552,27.058527020288743,2.1888920420074114,0.029276695758052168,0.054188740163405046,0.890679602894473,2.3518701073949257,184.0801989864582,25.927472094210152,0.5749403542379669,0.5746903930941207,186.19236914307277,60.667471772808376,21.9005437710673
1753.75,非储层,0.3105554171254549,28.78069736453496,70.90874721833958,99.51113471642694,0.4888652835730589,99.56403796491266,26.600108281918374,2.151808385252053,0.028780697364532218,0.052903248485714885,0.435962035087345,2.224583012592949,176.79125756083582,26.074341449791927,0.5710026229364157,0.5707537202169289,176.06968553320675,60.97503598456648,22.31103299558207
1753.875,非储层,0.30367658868454334,29.55746818862205,70.13885522269341,98.68236962103167,1.3176303789683264,98.7368495907644,27.31802653696429,2.209884183469139,0.029557468188619665,0.05447996973271647,1.2631504092356138,2.4300306056129997,171.32944002318402,25.929777832014327,0.5716881503036895,0.5714414072231107,187.55229511314425,59.820358515273846,22.021773606418915
1754.0,非储层,0.31021996096968496,30.86834355365532,68.821436485375,99.93631772982269,0.0636822701773121,99.99,28.52958253966741,2.3078926704342537,0.030868343553657612,0.05368227017731157,0.009999999999998899,2.324150888695747,173.30792661443823,25.713895782278374,0.5773066609019828,0.5770560980055826,184.71684073196053,59.522655195010316,21.981802063405322
1754.125,非储层,0.3022401111112782,31.627534643037713,68.070225245851,98.5529133006441,1.447086699355904,98.60647364987156,29.23125300054804,2.3646541078466328,0.03162753464303995,0.05356034922746264,1.3935263501284378,2.2421575956756006,179.51205028001235,25.63792298792699,0.5834896642678146,0.5832335378066791,181.09502550711701,60.32096084142668,22.716664900807537
1754.25,非储层,0.30600095720888326,29.62243965051946,70.07155939227165,96.35520603998302,3.6447939600169788,96.40776382919123,27.37807539192481,2.2147418189441295,0.029622439650520485,0.05255778920821295,3.5922361708087713,2.334478522479774,174.35232189832527,25.803281090311376,0.5793939282682656,0.5791455145667447,178.45973280272304,60.65675010842936,22.598410816299147
1754.375,非储层,0.3102766472253442,27.761578029094338,71.92814532368031,99.06510270954041,0.9348972904595909,99.11622531341628,25.65820321507583,2.075613235989412,0.02776157802909275,0.05112260387588024,0.8837746865837159,2.4201317705601144,190.60413243440465,26.14930623151939,0.5743618878515591,0.5741167693934609,182.96726026680523,61.70297738850925,22.47691455584003
1754.5,非储层,0.3064420344449687,27.140298864307887,72.55325910124715,98.14885697497292,1.85114302502708,98.20104620434715,25.083995688159415,2.029162877284163,0.0271402988643088,0.05218922937423446,1.7989537956528467,2.292202963740386,187.4155661508439,26.57678900803712,0.5630749109625699,0.562837446413669,188.7107469332685,62.01255535553528,22.446167221525435
1754.625,非储层,0.30198681500705826,26.999410599259445,72.6986025857335,99.93679478472318,0.06320521527682921,99.99,24.9537819181985,2.0186292704616813,0.026999410599259227,0.0532052152768295,0.009999999999998899,2.2379531612434738,194.4908558067245,26.665614595383758,0.5560347205382754,0.5558029703624582,182.5140637030005,62.619944631797544,22.103744336268694
1754.75,非储层,0.29396870034762684,28.655689513256068,71.0503417863963,99.9376593227408,0.06234067725919834,99.99,26.484571735392365,2.1424620883504453,0.028655689513256213,0.052340677259197825,0.009999999999998899,2.315506565797437,182.90425034073814,26.51700493011051,0.5605628754604625,0.5603238970827323,186.93661058077748,61.38062039132508,22.08299444185171
1754.875,非储层,0.30233745576748905,29.380521475697563,70.31714106853495,98.1162593559431,1.8837406440568971,98.16985143227119,27.154486311920234,2.196654642301631,0.029380521475697724,0.05359207632809436,1.8301485677288065,2.504461248552063,179.64954570589532,26.34903932146033,0.5676857210447636,0.5674375065042521,181.53266552881638,59.92515520747548,22.12554995206491
1755.0,非储层,0.2993484510370656,28.974928330448513,70.72572321851442,95.70961165688233,4.290388343117668,95.76378058826171,26.779623206784947,2.166330195333118,0.028974928330447597,0.05416893137938422,4.2362194117382845,2.2893520904326414,182.11010391514523,26.253258271072653,0.5751123071188806,0.5748542741768704,182.4699647237514,61.22546998962352,22.000139318466868
1755.125,非储层,0.3068717623138927,28.049889173679652,71.64323906400647,96.05170013577097,3.9482998642290212,96.10719971400778,25.9246702699813,2.097169014524674,0.028049889173682035,0.05549957823679459,3.892800285992226,2.3753338923719887,184.57933399213678,26.468419300896123,0.5745364733915768,0.5742728081290769,181.34564956460824,62.6173325216114,21.95327809647247
1755.25,非储层,0.2992362599830705,26.338640434106054,73.36212330591087,97.08467102454269,2.9153289754573097,97.14027585188117,24.343075453378788,1.9692263402931602,0.026338640434105456,0.055604827338490016,2.859724148118825,2.2729030978448708,189.2680573094158,26.546571573962414,0.5724424814843065,0.5721763574174171,183.90690766501723,61.44404586441633,21.99522006124353
1755.375,非储层,0.30770895827523104,28.529161442801087,71.16312959892367,98.3891417348662,1.6108582651337966,98.44581175812068,26.367630150128623,2.1330021312296603,0.028529161442803624,0.056670023254474136,1.5541882418793174,2.431748434767994,184.09904422089383,26.560224015724305,0.5665256509168791,0.5662635402340452,186.5834460260848,60.2307475935689,21.950983114780836
1755.5,非储层,0.30219975552833706,28.80504351891455,70.89275672555712,99.64276793362079,0.35723206637920946,99.69876339723766,26.62260983337638,2.153628642019257,0.028805043518913623,0.0559954636168626,0.30123660276234476,2.595000338512787,173.87903771977327,26.413264941463282,0.5652217200033446,0.5649621098109651,179.76490898733073,61.16838394879461,22.02911850476724
1755.625,非储层,0.3022930689033666,29.62690977400785,70.07079715708878,99.22035174300692,0.7796482569930818,99.27604327443171,27.382206833471155,2.2150760307626824,0.029626909774008864,0.05569153142479886,0.7239567255682866,2.3390663708241464,184.1276710460009,26.05583508332146,0.5703701920863424,0.5701105567930647,188.44884637619168,59.579777528835464,22.136322541834435
1755.75,非储层,0.3106349901679651,30.182908619694928,69.5064563901371,98.88873356593845,1.111266434061542,98.94380520812486,27.89608004900076,2.2566456620744724,0.030182908619693846,0.05507164218639436,1.0561947918751424,1.9804466841817199,172.70940223430628,25.75606098805691,0.5774595549407655,0.5771977659783262,176.29555883931673,60.51626147414392,21.858094279121325
1755.875,非储层,0.31708984415512625,31.762209312553136,67.92070084329174,98.17505445379481,1.8249455462051922,98.2308083394339,29.355723952261542,2.3747231509790425,0.03176220931255108,0.05575388563909734,1.769191660566094,2.2365359098305366,170.91900436962337,25.307430407794133,0.5883274625202841,0.5880617392083733,179.0702169188149,61.06368757531811,22.002548166664983
1756.0,非储层,0.31842300671584395,33.64129479599632,66.04028219728784,99.2849213764965,0.7150786235035067,99.3402088144018,31.09243924784581,2.515214253354518,0.03364129479599583,0.05528743790531179,0.6597911855981908,2.241237168899226,167.3520451106953,25.074252388108278,0.5948786799840392,0.594609117416523,193.23439252929924,61.757426807541385,21.963599879054122
1756.125,非储层,0.3183974220996296,32.136655424877326,67.54494715302305,98.39113712485323,1.608862875146766,98.44742183242619,29.701799900575445,2.4027188688770074,0.03213665542487476,0.05628470757295145,1.5525781675738148,2.2708062385559478,170.63956095786736,24.979278681435815,0.5971395671201859,0.5968685378686724,171.82913828023123,59.754829699149504,22.077844889952058
1756.25,非储层,0.3168270554141714,31.204069235199363,68.47910370938646,98.82482221281198,1.1751777871880198,98.88037137119441,28.83987173693672,2.3329934290274466,0.031204069235197043,0.05554915838244457,1.1196286288055801,2.1830592520516947,169.45035629023795,25.04701277989738,0.5983822705808035,0.5981079072413698,166.0796423799481,61.24962632079614,21.970085068300634
1756.375,非储层,0.32113802259518154,31.03627047899242,68.6425914984124,96.27029812192535,3.729701878074654,96.32698280866549,28.68478636745655,2.320447841056882,0.03103627047899085,0.056684686740152014,3.6730171913345044,2.35792809287697,168.15315083756735,25.18837871674389,0.6037329304681649,0.6034479607787635,171.55061377049722,60.14880338770004,22.022722869358187
1756.5,非储层,0.32908703830955577,32.133923804740185,67.53698915695026,93.5729866055172,6.427013394482806,93.63046143644779,29.699275243493204,2.4025146374422377,0.03213392380473912,0.057474830930588375,6.369538563552213,2.21843339658022,191.37154455083538,25.097228981670483,0.6096231739478131,0.6093303062842408,174.89331026597736,59.88245836504003,21.994237247460447
1756.625,非储层,0.32497383245366906,33.12872356178882,66.54630260575752,95.99724970379738,4.002750296202617,96.0555107117664,30.618703321317593,2.476891516909437,0.03312872356179067,0.05826100796902195,3.944489288233599,2.248477188501385,179.5362319871631,24.926135908637693,0.6211335646650247,0.6208262132473057,192.20059313837902,59.60328389136059,22.97339251346009
1756.75,非储层,0.3221541372208774,33.074111187763,66.60373467501613,94.05505496653724,5.944945033462757,94.11327770974717,30.568228690900558,2.472808385674678,0.03307411118776554,0.058222743209922594,5.886722290252832,2.2659089417465705,174.49768583248306,24.60016105190112,0.63451342515181,0.634192637276707,172.70385715568432,59.37478138260771,23.045122202529807
1756.875,非储层,0.328976162808861,34.57048020454631,65.10054363264484,93.09671716322438,6.903282836775615,93.15538723600076,31.9512242928484,2.58468543149336,0.03457048020454427,0.05867007277638066,6.844612763999236,2.218058561401792,171.80885276195883,24.25290759517627,0.6455062875926458,0.6451743155045038,172.1297732920667,60.68373663234462,22.868300626131862
1757.0,非储层,0.3355911475688873,35.88794692039616,63.77646193203495,92.56987095547711,7.430129044522893,92.62978638461351,33.168872248196884,2.68318672527888,0.035887946920398414,0.05991542913640661,7.37021361538649,2.3045625113356625,155.91928599135062,24.04834407120102,0.6529794781984692,0.6526405055486167,184.69460264767014,58.58561845004154,23.035118924181592
1757.125,非储层,0.33212817183912463,35.340831440165296,64.32704038799557,94.70711726033352,5.292882739666482,94.766599328462,32.66320934390645,2.64228126481868,0.035340831440167086,0.059482068128470705,5.233400671538013,2.2054667279724143,163.42268543823573,23.850181582461918,0.6615363321873157,0.6611874552230488,164.03279162886787,60.2399205292684,21.92334350335613
1757.25,非储层,0.34162670565040804,35.210156485039555,64.44821680931003,92.14952206019228,7.850477939807721,92.21034577425498,32.542435065505444,2.6325112630490737,0.03521015648503996,0.060823714062698465,7.789654225745024,2.2546464396390333,169.05090535847162,23.838885216118204,0.665455435843557,0.6651006252365133,175.7677306916535,59.77593933627627,21.895084488311536
1757.375,非储层,0.34003453243949294,34.69472937722053,64.96523609033997,91.0340453419921,8.965954658007902,91.09398723560025,32.06605964256949,2.5939750052738235,0.034694729377222205,0.05994189360815461,8.906012764399751,2.0535752285727327,164.64535600966747,24.11032618784636,0.6642119520670177,0.6638574043545953,186.00897132040828,57.75112513055423,21.92080783220592
1757.5,非储层,0.3495362716102671,32.96193989160917,66.68852383678056,89.06122096231792,10.938779037682078,89.11981750659696,30.46455612918245,2.464421822535113,0.03296193989160631,0.058596544279035295,10.880182493403046,2.3113731255025596,173.0104504715039,24.300838022592124,0.6645947136880571,0.664237662356344,169.92089145285001,60.65262598102363,22.152888896441997
1757.625,非储层,0.3512286067749232,33.28321377118989,66.36555762203518,91.46519548596739,8.534804514032611,91.52495553530431,30.761488475079318,2.4884420823393847,0.033283213771187134,0.05976004933691658,8.475044464695692,2.3641870735046395,169.66455113353774,24.40342246238865,0.6610628090167745,0.660714342512295,181.10385566852807,58.14677123197419,23.01937817756773
1757.75,非储层,0.36157745188797286,34.08185685772214,65.55656569038989,92.56246353710115,7.437536462898842,92.62091945119896,31.499621825751394,2.5481531751130198,0.03408185685772232,0.05845591409780066,7.379080548801042,2.3066039356491794,177.78283144439885,24.551249458330513,0.6567132370712825,0.6563721731154729,178.29100147700305,60.40521694668489,22.947632342724855
1757.875,非储层,0.35732289393690847,33.08123597577204,66.56144113029106,91.2235672321297,8.7764327678703,91.28186246016506,30.5748136645072,2.4733410752890683,0.03308123597577026,0.05829522803534957,8.718137539834947,2.352625674302027,174.60109516202326,24.47278393234496,0.6545881865435436,0.654253512545375,181.70671661881016,61.6237274329644,23.05897896979455
1758.0,非储层,0.3676092354663185,33.78138692230886,65.85100384222483,91.44450781123983,8.555492188760173,91.50277387009875,31.221917199062855,2.525688336323702,0.03378138692230852,0.05826605885892415,8.497226129901247,2.340607136090167,173.72668468668016,24.41534247511254,0.6589234460845994,0.6585898372146847,163.545583951069,60.28395802934205,23.04025882021878
1758.125,非储层,0.35756550973738227,33.9082376095578,65.73419688070481,89.89887262403573,10.10112737596427,89.95583827900883,31.339156957840046,2.535172414108197,0.03390823760955654,0.05696565497309833,10.044161720991173,2.1702914295851747,178.94804611447955,24.543154016156173,0.6625296991435587,0.6621932043408734,183.61826617730702,60.89644148438563,22.070834727601973
1758.25,非储层,0.35861934849479454,32.72629655463146,66.91508409687374,88.58405229538914,11.41594770461085,88.64021184758334,30.246766469671154,2.4468037884056746,0.03272629655463287,0.05615955219420367,11.35978815241665,2.210891894842268,173.87624564618196,24.484350345048163,0.6693491821813025,0.6690075891066183,170.5613995246979,61.52864642019038,22.10157718524041
1758.375,非储层,0.3568477142665632,33.73447605201642,65.90867623371702,88.32945062533318,11.670549374666816,88.38636195138818,31.17856056271825,2.522181013246147,0.03373447605201918,0.0569113260549957,11.613638048611818,2.0454800519793763,170.08410920952767,24.507187987096145,0.672741534474404,0.6723959139874367,172.8626641342131,59.77428719814377,21.938129221289287
1758.5,非储层,0.36101440115099453,33.55341448076082,66.08557111808818,89.20010077016079,10.799899229839216,89.25765073641976,31.011217244379207,2.5086438219008538,0.03355341448076227,0.05754996625897949,10.742349263580241,2.1636708049219022,176.7669240662061,24.545186462832476,0.6721287434657278,0.6717821217918483,182.92512940852689,60.12090213808878,21.913666509373392
1758.625,非储层,0.35406188240847497,33.501659225418955,66.14427889217257,89.6608706486238,10.339129351376197,89.71826126276878,30.963383261108586,2.5047743050849505,0.03350165922542114,0.057390614144971076,10.281738737231228,2.112247898691877,185.4450918593579,24.44261898784565,0.675472896563065,0.6751232218221994,176.40052224635915,60.90024891798242,21.96453476676593
1758.75,非储层,0.34985659221750076,33.84365193705674,65.80649147072576,88.29897805100791,11.701021948992096,88.35505526235319,31.279464662680244,2.530343622439438,0.03384365193705684,0.05607721134528367,11.644944737646812,2.3473391019244283,153.17704242075877,24.603058846367347,0.674494171395907,0.6741460316213467,182.66753744421302,60.45379349658234,21.95606338004076
1758.875,非储层,0.3402957078178058,32.02318023696219,67.63652405522001,86.50663466130717,13.493365338692831,86.56105423377815,29.596922237340873,2.3942348193843523,0.03202318023696506,0.05441957247098265,13.438945766221844,2.1152826960959317,178.3559560504614,24.762369290699038,0.6729154781179737,0.6725721797686796,184.5018110208722,59.48082787350167,21.96798142386472
1759.0,非储层,0.345507887042812,31.851981937785023,67.80251017517216,87.71336875527605,12.286631244723957,87.76704310324861,29.438694893572464,2.3814350622747744,0.03185198193778431,0.053674347972566545,12.23295689675139,2.4360288010934603,173.5999912803737,25.06576484945209,0.6716538503928045,0.6713101543891744,178.45537259839173,59.669076989473325,21.87644368706152
1759.125,非储层,0.34139131687059754,30.25277356619831,69.40583511693109,85.96669335003475,14.03330664996525,86.02175542125629,27.96065163038261,2.2618691622495035,0.030252773566196225,0.055062071221532755,13.978244578743714,2.488216817411697,173.85482344203422,25.569745718357456,0.6589504979597651,0.6586149800340484,177.26759322896692,58.98348414021975,23.30117846530382
1759.25,非储层,0.3410987411517849,28.40310927126194,71.25579198758628,88.10864200706334,11.891357992936669,88.16401860552234,26.25112840697615,2.123577755014531,0.028403109271259858,0.0553765984590097,11.835981394477656,2.4033023089962935,180.65572646077453,26.062878601875738,0.6451751291392577,0.6448486572886674,177.80352593136456,61.40799297952079,23.284468771633293
1759.375,非储层,0.3377879359625803,26.689332511714547,72.97287955232287,87.32103775851155,12.678962241488456,87.37568089188382,24.667197107550095,1.9954460716527382,0.02668933251171353,0.054643133372276644,12.624319108116177,2.334107290409602,190.52054777031987,26.712341002137705,0.6271938554951655,0.626875731367299,188.73496042689933,62.18035831672196,23.2110464073856
1759.5,非储层,0.3314481312912813,24.8336837367357,74.83486813197302,89.14863854051558,10.851361459484421,89.20425254618615,22.952142822296015,1.8567072307029506,0.024833683736735432,0.05561400567057937,10.795747453813842,2.1421032069642765,192.60936937281573,27.021494960631646,0.6102761601577382,0.6099724501901873,178.44040204286534,60.30531906787391,23.20498177739494
1759.625,非储层,0.32414145627673796,26.893591969367392,72.78226657435587,91.50370747700165,8.496292522998349,91.55898145997436,24.855980708668348,2.010717668729675,0.02689359196936837,0.055273982972709586,8.441018540025635,2.3084412145284334,180.803520718841,27.10968977629455,0.6051605368049342,0.6048613051810037,175.25809515722932,64.00401970329281,21.882080414361017
1759.75,非储层,0.32593249618770265,27.45168021047496,72.22238729333735,89.91138839130932,10.08861160869069,89.96626976900667,25.371785015155368,2.0524435151091183,0.027451680210473922,0.054881377697353725,10.033730230993331,2.561696945530779,206.4239848512795,27.135495789514113,0.599722664779438,0.5994287926216446,182.55323127950976,62.64383568368751,22.149469598994457
1759.875,非储层,0.3219914816406795,26.40687682389913,73.2711316944602,90.22964148793191,9.77035851206809,90.28392564608136,24.40614186675554,1.9743280803196892,0.026406876823898556,0.054284158149441375,9.716074353918646,2.35304702005704,196.29239805541457,27.023934325092963,0.6024770403146666,0.6021821373417886,189.33676017268567,62.662174467214186,22.000796904737744
1760.0,非储层,0.32755483221738946,26.04391082609704,73.62853434168557,88.95232384615194,11.047676153848062,89.00708213957384,24.0706762342901,1.9471906809808412,0.026043910826097083,0.05475829342189316,10.992917860426166,2.6087269845429146,183.61331624682003,27.2971728456822,0.6023529373503302,0.6020563800512052,190.96221430120644,62.06555189051838,22.051266387114772
1760.125,非储层,0.3209833154423907,23.961458695259786,75.71755798929783,87.90082654548478,12.099173454515222,87.95511958578224,22.146002503470736,1.7914947330937907,0.023961458695259327,0.05429304029747282,12.04488041421775,2.5098946016096457,181.36795704178758,27.515848424513784,0.6032639335967944,0.6029611448320051,186.41939815840027,61.77345851312374,22.110836583120662
1760.25,非储层,0.314573549642939,25.11485807042847,74.57056837992859,86.43976789374287,13.56023210625713,86.49547200828741,23.21201379163327,1.8777294207247712,0.025114858070427598,0.05570411454454586,13.504527991712589,2.4891096250838367,197.7241002962306,27.803535742252848,0.6045650084358063,0.6042553349527764,194.51963527732715,63.54259913017224,22.285089716212266
1760.375,非储层,0.3202747278006529,23.322294975042134,76.35743029715721,85.67527377453672,14.32472622546328,85.73067763138218,21.5552654566119,1.7437072234551945,0.023322294975040847,0.05540385684546095,14.269322368617821,2.297951415842411,191.8892530225466,28.26186797353556,0.5977230786069796,0.5974132447215179,184.3163982959943,62.24190955556348,22.984964843194145
1760.5,非储层,0.31686945053486865,21.106393265695665,78.57673728376946,87.23847545436558,12.761524545634417,87.29492505369684,19.50725304523312,1.5780338271968501,0.021106393265696993,0.056449599331266566,12.705074946303153,2.2308577401654195,205.10905768626506,28.394136731412082,0.5976224071213766,0.5973054781820588,177.97756510360736,63.85929706320363,22.89677054453198
1760.625,非储层,0.32294583744369265,22.5386561143589,77.13839804819742,86.28118915931113,13.718810840688878,86.33911445054281,20.830999526427064,1.6851179318174796,0.02253865611435875,0.057925291231689297,13.660885549457191,2.458574139276359,186.33062973013165,28.756261367043628,0.5889602331275172,0.5886472712388274,193.6944608185461,64.23686646945822,23.048745982394465
1760.75,非储层,0.31813874886704663,21.194057365849783,78.48780388528317,87.05888962610385,12.941110373896148,87.11666056740167,19.588275215300825,1.5845880931831098,0.021194057365849645,0.057770941297818554,12.883339432598328,2.431946315931807,202.66371621977933,28.81117816122621,0.5815524769639763,0.5812473291785069,202.87861635350328,63.82655258552762,22.858978388550057
1760.875,非储层,0.3269308040176735,22.702908273430022,76.9701609225523,89.5142458670501,10.485754132949909,89.57056583864839,20.982807009112125,1.6973983560444657,0.022702908273431258,0.056319971598300544,10.429434161351613,2.3286072786646006,200.95823507994777,28.525606735732907,0.5830590956617888,0.5827573773368038,184.3398541220259,63.47596462693238,22.012823657929715
1761.0,非储层,0.32064626492877885,24.17636187941695,75.50299185565427,89.95323504656514,10.046764953434861,90.00835689281348,22.344623401925883,1.8075621156116513,0.024176361879417116,0.05512184624834047,9.99164310718652,2.196817702579939,211.56432359785512,28.287530043856947,0.5841186699272197,0.5838229321202157,192.05480155349952,62.59786100172547,21.8890610735195
1761.125,非储层,0.31558141454204175,25.105314167286462,74.5791044181715,88.70098123734307,11.299018762656932,88.75566733540703,23.203192988794687,1.8770158643244907,0.025105314167287243,0.054686098063963406,11.24433266459297,2.4270696149398088,180.72842869239787,27.78232903814869,0.5951486122333256,0.5948506521087727,196.3810419931532,62.86914972230489,21.991822474213006
1761.25,非储层,0.31037689991353745,26.662184118517118,73.02743898156935,86.94439617521749,13.055603824782501,86.99821689397868,24.64210563080146,1.9934163035971408,0.026662184118516133,0.05382071876117216,13.001783106021325,2.349067941485123,174.2007093577277,27.419742745458628,0.6104072109482229,0.6100967525038211,199.7537637223122,63.541198377985076,22.085851201035627
1761.375,非储层,0.3048316249467089,26.66253548690082,73.03263288815248,85.13593995743152,14.864060042568482,85.18979901966915,24.64243037752093,1.9934425738929846,0.026662535486900868,0.05385906223763305,14.810200980330846,2.387093134532269,194.62339032255355,27.048868837390064,0.6257457699764759,0.6254226684297193,183.81268141099662,64.02635825425605,21.958664754746085
1761.5,非储层,0.2993504011694191,28.223408098724157,71.47724150010643,85.83513175289434,14.164868247105655,85.88838583552997,26.085042415822123,2.110142274803307,0.028223408098725436,0.053254082635618386,14.111614164470032,2.292908394518645,183.14822181569326,26.743867563374703,0.640949912851037,0.6406146200894975,175.0015602389722,61.34475730461,22.01724755377618
1761.625,非储层,0.2926735908609206,28.442894111054386,71.26443229808469,84.1070429331118,15.892957066888203,84.1593388626672,26.287898921361315,2.1265522955820146,0.028442894111056077,0.05229592955540614,15.840661137332802,2.1836197901393937,187.2191396462614,26.69486897642012,0.6481050970996929,0.6477617645895611,191.05545949774165,62.13785640041945,22.163617875757716
1761.75,非储层,0.2854451820055953,27.226423566753976,72.48813125124043,83.629836236572,16.370163763428003,83.68249354039841,25.163595094031944,2.0356020491552793,0.027226423566754226,0.05265730382641585,16.31750645960158,2.275321402768843,185.13076345774874,26.506255959830554,0.660466932096515,0.6601092509906386,183.86021012202863,61.55221852480214,22.03568492507753
1761.875,非储层,0.29207615490688893,28.73016807544495,70.97775576964817,81.14142387628287,18.85857612371713,81.19549932177847,26.553407378733908,2.1480305286356014,0.028730168075442875,0.054075445495597646,18.804500678221537,2.4171258235377646,186.128677736124,26.584349386911118,0.6697795907342885,0.6694057499957345,183.7308104523159,61.96298648755335,22.173072395574682
1762.0,非储层,0.2967021353403956,27.40962440039486,72.29367346426474,80.02689567401828,19.973104325981716,80.08164494285964,25.33291559208875,2.049299183905718,0.02740962440039227,0.054749268841356336,19.918355057140356,2.336854138930657,175.28004877538052,26.824835094943534,0.6747818263157117,0.6743942644603765,186.2681868346338,60.644358306794985,22.25721830422187
1762.125,非储层,0.2960742142185757,25.867644351276976,73.83628143450444,78.59260797832327,21.40739202167673,78.64689316373256,23.907764708648493,1.9340119982772033,0.02586764435127814,0.054285185409287715,21.353106836267443,2.393974648036051,185.4196121872121,27.003688501378424,0.6832275397752254,0.6828214086964364,197.26675086926815,61.2416639194268,22.06743396984116
1762.25,非储层,0.2915003470635437,25.319361926937123,74.38913772599933,77.2543952847295,22.745604715270506,77.30966835860494,23.401023274562036,1.8930192904481489,0.025319361926938455,0.05527307387544032,22.69033164139507,2.359940873760326,185.8328852850649,27.253577807304875,0.6863075939595963,0.6858897132377016,178.23555446116896,60.91034227581514,22.083881632321084
1762.375,非储层,0.2848927342172841,26.054577424054635,73.66052984172808,76.6468335026177,23.353166497382304,76.70223299344173,24.08053467020908,1.9479881764215026,0.026054577424053718,0.055399490824024046,23.297767006558278,2.393893434521216,200.76533959544741,27.387598842400447,0.6943676934957357,0.6939303653069785,182.29675392228694,62.57554405454064,22.039747413270355
1762.5,非储层,0.2870877277014215,25.99195925035923,73.72095302193935,74.75015767559664,25.24984232440336,74.80717933639981,24.02266080497167,1.9433064861372018,0.025991959250358174,0.05702166080316513,25.19282066360019,2.590535189686016,181.76706201296156,27.519718224444617,0.6946357115595663,0.6941887802092328,190.78955310196298,62.176437783811984,22.122900194164398
1762.625,非储层,0.28535445631088097,24.45381012356156,75.26083542012756,76.92383995554158,23.076160044458415,76.98108676290285,22.60105059142022,1.8283057220177799,0.02445381012356057,0.05724680736127164,23.01891323709715,2.356826262684312,179.85246405673652,27.73775806496638,0.6869079512235764,0.6864627974632652,186.9869683626672,62.21059929903797,22.154495538370348
1762.75,非储层,0.27910846919633026,22.964028175527286,76.75686335527638,78.44942023784877,21.550579762151234,78.50700844829898,21.224142984483944,1.7169211628678147,0.022964028175526813,0.057588210450204874,21.492991551701024,2.4059758523564727,205.59041094186134,27.990772012289803,0.6768506012737667,0.6764074048925726,194.04568093596438,63.44725224141158,22.645148658200288
1762.875,非储层,0.27918195372899157,23.31415650523351,76.40666154103751,78.47952344560474,21.520476554395263,78.5387264082121,21.54774360349567,1.7430987452326026,0.02331415650523236,0.05920296260736751,21.4612735917879,2.327616226973678,193.19413981645687,28.34462005691146,0.660880518487086,0.6604515899618073,187.81502692618787,63.14749737736576,22.485889260627815
1763.0,非储层,0.2782392081911426,22.155839397432263,77.56592139437659,78.14806157199547,21.851938428004523,78.20636901780385,20.477187178053427,1.6564963799814056,0.022155839397431515,0.05830744580836719,21.793630982196156,2.451854158255704,211.19690035128679,28.739323726654103,0.6504287606991258,0.6500065252633442,185.40738407868974,63.98534900126125,22.078719777515015
